Data;Ora UTC;ID_Transetto;Operazioni;Commento;Litter;NOTE
30/10/2025;13:46:32;008_T05;Off Deck;;;registrazione interrotta e ripresa subito dopo
30/10/2025;16:32:53;008_T05;Commento;;;raggiunto fondo fango con cime
30/10/2025;16:32:53;008_T05;Inizio transetto;;;Orario da controllare 
30/10/2025;16:32:53;008_T05;Commento;Anfora;J219 oggetto ceramica non identificabile;anfora
30/10/2025;16:32:53;008_T05;Commento;numerose spugne bianche e gille su roccia;;
30/10/2025;16:32:53;008_T05;Commento;pillow lava;;
30/10/2025;16:32:53;008_T05;Commento;Anfora;J219 oggetto ceramica non identificabile;anfora
30/10/2025;16:32:53;008_T05;Commento;roccia lavica con scheletri coralli epibiontati e spugne;;
30/10/2025;16:32:53;008_T05;Commento;matte batterica? ;;
30/10/2025;16:32:53;008_T05;Commento;coral rubble sotto roccia;;
30/10/2025;16:32:53;008_T05;Commento;scheletro corallo morto;;
30/10/2025;16:32:53;008_T05;Commento;coral rubble;;
30/10/2025;16:32:53;008_T05;Commento;coral rubble (lophelia?);;
30/10/2025;16:32:53;008_T05;Commento;;;
30/10/2025;16:32:53;008_T05;Fine transetto;corallo morto epibiontato;;Orario da controllare 
30/10/2025;16:32:53;008_T14;Inizio transetto;;;Orario da controllare 
30/10/2025;16:32:53;008_T14;Commento;gambero;;
30/10/2025;16:32:53;008_T14;Commento;coral rubble;;
30/10/2025;16:32:53;008_T14;Commento;spugne gialle e bianche su roccia;;
30/10/2025;16:32:53;008_T14;Commento;gambero;;
30/10/2025;16:32:53;008_T14;Commento;b. viridis;;
30/10/2025;16:32:53;008_T14;Commento;coral rubble ;;
30/10/2025;16:32:53;008_T14;Commento;piccoli zoantidei bianchi su roccia ;;
30/10/2025;16:32:53;008_T14;Commento;numerose spugne incrostanti gialle;;
30/10/2025;16:32:53;008_T14;Commento;Lenza;;
30/10/2025;16:32:53;008_T14;Commento;Munida sp.;;
30/10/2025;16:32:53;008_T14;Commento;Madrepora prevalentemente morta;;
30/10/2025;16:32:53;008_T14;Commento;Pesce (Phycis phycis);;
30/10/2025;16:32:53;008_T14;Commento;P. regalis;;
30/10/2025;16:32:53;008_T14;Commento;Pesce;;
30/10/2025;16:32:53;008_T14;Commento;Gamberetto;;
30/10/2025;16:32:53;008_T14;Commento;Pentaster placenta;;
30/10/2025;16:32:53;008_T14;Commento;Pachylasma giganteum;;
30/10/2025;16:32:53;008_T14;Commento;Pezzo di rete;;
30/10/2025;16:32:53;008_T14;Commento;Pentaster placenta;;
30/10/2025;16:32:53;008_T14;Commento;Polyprion americanus;;
30/10/2025;16:32:53;008_T14;Commento;Gracilechinus sp.;;
30/10/2025;16:32:53;008_T14;Commento;Benthocometes robustus;;
30/10/2025;16:32:53;008_T14;Commento;Sphaerechinus granularis;;
30/10/2025;16:32:53;008_T14;Commento;Pentaster placenta;;
30/10/2025;16:32:53;008_T14;Commento;Porifero bianco;;
30/10/2025;16:32:53;008_T14;Commento;Gorgonia gialla;;
30/10/2025;16:32:53;008_T14;Commento;Ceramester;;
30/10/2025;16:32:53;008_T14;Commento;Pentaster placenta;;
30/10/2025;16:32:53;008_T14;Commento;Lophius?;;
30/10/2025;16:32:53;008_T14;Commento;Pentaster placenta;;
30/10/2025;20:20:51;008_T14;Fine transetto;;;
30/10/2025;22:25:37;008_T04;Off Deck;;;ora reale 21:59
30/10/2025;22:43:34;008_T04;;;;Siamo fermi a circa 20 m dal fondo da circa 60 min
30/10/2025;23:19:16;008_T04;;;;ROV sul fondo
30/10/2025;23:32:14;008_T04;Inizio transetto;;;
30/10/2025;23:35:19;008_T04;Commento;Gadiculs cfr;;
30/10/2025;23:35:58;008_T04;Commento;L. caudatus;;
30/10/2025;23:40:36;008_T04;Commento;Gorgonia gialla;;
30/10/2025;23:45:52;008_T04;Commento;Coral rubble;;
30/10/2025;23:52:13;008_T04;Commento;P. placenta;;
30/10/2025;23:52:58;008_T04;Commento;Pagello;;
30/10/2025;23:57:13;008_T04;Commento;Alcune Isidelle sul transetto;;
31/10/2025;00:05:49;008_T04;Commento;Coral rubble;;
31/10/2025;00:06:31;008_T04;Commento;Spugna bianca;;
31/10/2025;00:09:01;008_T04;Commento;Coral rubble;;
31/10/2025;00:11:09;008_T04;Commento;Spugna bianca;;
31/10/2025;00:12:46;008_T04;Commento;Spugna bianca;;
31/10/2025;00:23:14;008_T04;Commento;P. regalis;;
31/10/2025;00:27:02;008_T04;Commento;Gracilechinus ;;
31/10/2025;00:27:33;008_T04;Commento;P. placenta;;
31/10/2025;00:28:30;008_T04;Commento;Gracilechinus ;;
31/10/2025;00:30:16;008_T04;Commento;Munida;;
31/10/2025;00:37:49;008_T04;Commento;;;torniamo sul transetto
31/10/2025;00:47:22;008_T04;Fine transetto;;;
31/10/2025;01:38:01;008_T15;Inizio transetto;;;
31/10/2025;01:40:52;008_T15;Commento;Coral rubble;;
31/10/2025;01:42:36;008_T15;Commento;Arctozenus rissoa;;
31/10/2025;01:45:13;008_T15;Commento;Scleractinie coloniali ;;
31/10/2025;01:47:40;008_T15;Commento;Spugne bianche ;;
31/10/2025;01:49:04;008_T15;Commento;Crostaceo ;;
31/10/2025;01:51:05;008_T15;Commento;Coral rubble;;
31/10/2025;01:51:21;008_T15;Commento;P. placenta ;;
31/10/2025;01:52:12;008_T15;Commento;Cima ;;
31/10/2025;01:56:10;008_T15;Commento;P. placenta ;;
31/10/2025;01:56:43;008_T15;Commento;B. viridis;;
31/10/2025;01:57:17;008_T15;Commento;Coral rubble;;
31/10/2025;01:57:58;008_T15;Commento;Scleractinie singole;;
31/10/2025;01:58:22;008_T15;Commento;Coral rubble;;
31/10/2025;02:02:11;008_T15;Commento;Spugna bianca ;;
31/10/2025;02:02:11;008_T15;Commento;Aulopus filmentosus ;;
31/10/2025;02:09:14;008_T15;Commento;P. placenta ;;
31/10/2025;02:11:03;008_T15;Commento;Coral rubble;;
31/10/2025;02:14:14;008_T15;Commento;Scleractinie singole;;
31/10/2025;02:16:17;008_T15;Commento;Scleractinie singole;;
31/10/2025;02:17:35;008_T15;Commento;P. placenta ;;
31/10/2025;02:18:44;008_T15;Commento;Anamathia rissoana O macropodia;;
31/10/2025;02:26:16;008_T15;Commento;Coral rubble;;
31/10/2025;02:27:21;008_T15;Commento;Munida;;
31/10/2025;02:28:45;008_T15;Commento;Coral rubble;;
31/10/2025;02:30:09;008_T15;Commento;B. viridis;;
31/10/2025;02:30:41;008_T15;Commento;B. viridis;;
31/10/2025;02:32:40;008_T15;Commento;Coral rubble;;
31/10/2025;02:40:47;008_T15;Commento;Spinolambrus macrochelos ;;
31/10/2025;02:43:20;008_T15;Commento;Spinolambrus macrochelos ;;
31/10/2025;02:43:37;008_T15;Commento;P. placenta ;;
31/10/2025;02:44:34;008_T15;Commento;Coral rubble;;
31/10/2025;03:38:42;008_T15;Commento;Forskalia edwarsi ;;
31/10/2025;03:38:42;008_T15;Commento;P. placenta ;;
31/10/2025;03:38:42;008_T15;Commento;Forskalia edwarsi ;;
31/10/2025;03:38:42;008_T15;Commento;Idrozoi su Leiopathes;;
31/10/2025;03:30:39;008_T15;Fine transetto;;;
05/11/2025;01:10:56;008_T13;Off Deck;;;
05/11/2025;01:58:48;008_T13;Inizio transetto;;;
05/11/2025;02:21:01;008_T13;Commento;Calappa granulata;;
05/11/2025;02:21:53;008_T13;Commento;Aristeus antennatus;;
05/11/2025;02:45:32;008_T13;Commento;Pesce non identificato;;
05/11/2025;02:46:30;008_T13;Commento;Pesce sciabola;;
05/11/2025;02:47:37;008_T13;Commento;Aristeus antennatus;;
05/11/2025;02:53:26;008_T13;Fine transetto;;;
05/11/2025;04:37:53;008_T06;Inizio transetto;Substrato fangoso;;
05/11/2025;04:39:22;008_T06;Commento;Aristeus antennatus;;
05/11/2025;04:47:47;008_T06;Commento;Coral rubble ;;
05/11/2025;04:48:05;008_T06;Commento;molte sugne bianche ;;
05/11/2025;04:55:58;008_T06;Commento;Farrea bowerbanki;;
05/11/2025;05:01:30;008_T06;Commento;Pietra rettangolare ;;
05/11/2025;05:06:28;008_T06;Commento;Isidella rotta;;
05/11/2025;06:01:33;008_T06;Fine transetto;;;
05/11/2025;06:56:50;008_T01;Inizio transetto;;;
05/11/2025;07:05:46;008_T01;Commento;;;Alzato fango da ROV 
05/11/2025;07:08:46;008_T01;Commento;Numerose spugne incorstanti bianche e gialle;;
05/11/2025;07:12:04;008_T01;Commento;Calamaro;;
05/11/2025;07:15:41;008_T01;Commento;Isidelle morte, scheletri epibiontati;;
05/11/2025;07:18:49;008_T01;Commento;Isidella morta;;
05/11/2025;07:22:28;008_T01;Commento;Munida sp.;;
05/11/2025;07:24:01;008_T01;Commento;Nezumia;;
05/11/2025;07:28:13;008_T01;Commento;Coral rubble;;
05/11/2025;07:29:42;008_T01;Commento;Loligo sp.;;
05/11/2025;07:33:52;008_T01;Commento;Munida sp.;;
05/11/2025;07:35:24;008_T01;Commento;No madrepora, Lophelia;;
05/11/2025;07:37:06;008_T01;Commento;Spugne incrostanti gialle;;
05/11/2025;07:38:22;008_T01;Commento;Coral rubble;;
05/11/2025;07:41:40;008_T01;Commento;Loligo sp.;;
05/11/2025;07:42:22;008_T01;Commento;Spugna bianca massiva;;
05/11/2025;07:42:47;008_T01;Commento;Munida sp. ;;
05/11/2025;07:43:15;008_T01;Commento;B. viridis;;
05/11/2025;07:46:07;008_T01;Commento;Isidella elongata;;
05/11/2025;07:48:58;008_T01;Commento;Polyprion americanus;;
05/11/2025;07:52:43;008_T01;Commento;;J200 bottiglia vetro/ceramica;Bottiglia vetro
05/11/2025;07:54:47;008_T01;Commento;Funicolina dietro isidella;;
05/11/2025;07:59:18;008_T01;Commento;Notacanthus bonaparte;;
05/11/2025;08:05:16;008_T01;Commento;Loligo sp.;;
05/11/2025;08:05:51;008_T01;Biologico ;Camionamento isidella;;Primo box grigio inzio cassetto 
05/11/2025;08:20:31;008_T01;Commento;;J234* cime, corde o reti aggrovigliate;cima
05/11/2025;08:22:38;008_T01;Commento;medusa con ombrela scura (Cubomedusa);;
05/11/2025;08:29:52;008_T01;Fine transetto;;;
05/11/2025;10:10:57;008_T07;Inizio transetto;;;
05/11/2025;10:13:04;008_T07;Commento;;T370 sacchetto spazzatura;da rivedere, oggetto di plastica
05/11/2025;10:16:38;008_T07;Commento;Aristeus antennatus;;
05/11/2025;10:18:14;008_T07;Commento;Hymenocephalus;;
05/11/2025;10:18:33;008_T07;Commento;Hymenocephalus;;
05/11/2025;10:18:45;008_T07;Commento;Hymenocephalus;;
05/11/2025;10:20:00;008_T07;Commento;Lophelia no madrepora;;
05/11/2025;10:22:12;008_T07;Commento;Spugne bianche globulari e gialli incrostanti;;
05/11/2025;10:24:41;008_T07;Commento;no capros da cancellare, perso camera e registrazione, ripresa poco dopo;;
05/11/2025;10:25:32;008_T07;Commento;Zibrowius su callogorgia;;
05/11/2025;10:27:35;008_T07;Commento;medusa con ombrela scura (Cubomedusa);;
05/11/2025;10:28:38;008_T07;Commento;Hymenocephalus;;
05/11/2025;10:29:00;008_T07;Commento;Pillow lava;;
05/11/2025;10:31:15;008_T07;Commento;Zibrowius su callogorgia;;
05/11/2025;10:31:28;008_T07;Commento;Nettstoma/Faciollella;;
05/11/2025;10:38:45;008_T07;Commento;Spugne bianche e giale incrostanti;;
05/11/2025;10:57:12;008_T07;Commento;rov fermo sul punto;;
05/11/2025;10:59:01;008_T07;Commento;ripreso transetto;;
05/11/2025;11:06:43;008_T07;Commento;Peltaster placenta;;
05/11/2025;11:08:23;008_T07;Commento;Coral rubble;;
05/11/2025;11:13:17;008_T07;Commento;Spugne bianche globose;;
05/11/2025;11:16:21;008_T07;Commento;Peltster placenta;;
05/11/2025;11:34:45;008_T07;Commento;ROV fermo per problemi;;
05/11/2025;11:53:07;008_T07;Commento;Ripreso il transetto;;molta corrente
05/11/2025;12:16:41;008_T07;Commento;Spugne bianche globose;;
05/11/2025;12:20:03;008_T07;Commento;Spugne incortanti gialle e bianche globose;;
05/11/2025;12:21:55;008_T07;Commento;Pillow lava;;
05/11/2025;12:24:00;008_T07;Commento;Spugna globosa;;
05/11/2025;12:26:12;008_T07;Commento;Peltaster placenta;;
05/11/2025;12:29:48;008_T07;Commento;Peltaster;;
05/11/2025;12:56:55;008_T07;Fine transetto;;;
05/11/2025;14:31:46;008_T03;Inizio transetto;;;
05/11/2025;14:44:31;008_T03;Commento;Spugne gialle e bianche incrostanti;;
05/11/2025;14:46:24;008_T03;Commento;Scheletro di Callogorgia epifitata;;
05/11/2025;14:55:12;008_T03;Commento;Numerose callogorgie morte;;
05/11/2025;15:00:34;008_T03;Commento;Spugna gialla;;
05/11/2025;15:01:11;008_T03;Commento;Coral rubble;;
05/11/2025;15:02:09;008_T03;Commento;Numerose spugne globose bianche e incorsranti gialle;;
05/11/2025;15:02:41;008_T03;Commento;P. monillifera;;
05/11/2025;15:04:12;008_T03;Commento;Coral rubble;;
05/11/2025;15:06:52;008_T03;Commento;Lophelia morta;;
05/11/2025;15:11:18;008_T03;Commento;Scheletri callogorgia a terra;;
05/11/2025;15:12:12;008_T03;Commento;Coral rubble;;
05/11/2025;15:14:07;008_T03;Commento;Spugne bianche e gialli incrostanti;;
05/11/2025;15:18:10;008_T03;Commento;Zibrowius su callogorgia;;
05/11/2025;15:24:28;008_T03;Commento;Zibrowius su callogorgia;;
05/11/2025;15:31:11;008_T03;Commento;Zibrowius su callogorgia;;
05/11/2025;15:31:37;008_T03;Commento;Zibrowius su callogorgia;;
05/11/2025;15:36:38;008_T03;Commento;Zibrowius su callogorgia;;
05/11/2025;15:45:40;008_T03;Commento;Facciolella;;
05/11/2025;15:50:49;008_T03;Commento;Coral rubble;;
05/11/2025;15:51:24;008_T03;Commento;;J234* cime, corde o reti aggrovigliate;cima
05/11/2025;15:52:51;008_T03;Commento;Coral rubble;;
05/11/2025;15:56:13;008_T03;Commento;Coral rubble;;
05/11/2025;15:59:04;008_T03;Fine transetto;;;
05/11/2025;16:47:47;008_T02;Inizio transetto;;;
05/11/2025;16:48:51;008_T02;Commento;Spugne bianche e gialle incrostanti;;
05/11/2025;16:56:22;008_T02;Commento;Coral rubble;;
05/11/2025;16:57:18;008_T02;Commento;Peltaster;;
05/11/2025;16:57:56;008_T02;Commento;Zibrowius su callogorgia;;
05/11/2025;16:59:52;008_T02;Commento;Corallo morto;;
05/11/2025;17:01:07;008_T02;Commento;no helicolenus ma spugna bianca;;
05/11/2025;17:01:29;008_T02;Commento;Muida sp.;;
05/11/2025;17:02:15;008_T02;Commento;Coral rubble;;
05/11/2025;17:10:54;008_T02;Biologico ;Gorgonia su fango (Bebryce?);;Box blu
05/11/2025;17:16:46;008_T02;Commento;Campionameno gongonia segna come Cnidari 600-1000;;
05/11/2025;17:20:43;008_T02;Commento;Nezumia;;
05/11/2025;17:26:02;008_T02;Commento;Facciollella/nettastoma;;
05/11/2025;17:26:33;008_T02;Commento;Coral rubble;;
05/11/2025;17:31:20;008_T02;Commento;B. maravigna;;
05/11/2025;17:33:47;008_T02;Commento;Coral Rubble;;
05/11/2025;17:36:57;008_T02;Commento;Munida sp.;;
05/11/2025;17:43:07;008_T02;Commento;Coral Rubble;;
05/11/2025;17:45:28;008_T02;Commento;Coral Rubble;;
05/11/2025;17:47:02;008_T02;Commento;;J234* cime, corde o reti aggrovigliate;cima
05/11/2025;17:57:41;008_T02;Commento;Stella sul fondo;;
05/11/2025;18:01:09;008_T02;Commento;Coral Rubble;;
05/11/2025;18:04:18;008_T02;Fine transetto;;;
05/11/2025;20:33:18;008_T12;Inizio transetto;;;
05/11/2025;20:36:07;008_T12;Niskin;;;
05/11/2025;20:36:07;008_T12;Commento;Attesa sul fando settaggi tecnici;;
05/11/2025;20:36:07;008_T12;Commento;Rirpendiamo il transetto;;
05/11/2025;20:36:07;008_T12;Commento;Nezumia aequalis;;
05/11/2025;20:36:07;008_T12;Commento;H. italicus;;
05/11/2025;20:36:07;008_T12;Commento;medusa con ombrela scura (Cubomedusa);;
05/11/2025;20:36:07;008_T12;Commento;medusa con ombrela scura (Cubomedusa);;
05/11/2025;20:36:07;008_T12;Commento;medusa con ombrela scura (Cubomedusa);;
05/11/2025;20:36:07;008_T12;Commento;Galeus melastomus;;
05/11/2025;20:36:07;008_T12;Commento;medusa con ombrela scura (Cubomedusa);;
05/11/2025;20:36:07;008_T12;Commento;medusa con ombrela scura (Cubomedusa);;
05/11/2025;21:51:46;008_T12;Fine transetto;;;
06/11/2025;17:13:05;008_T10;Off Deck;;;
06/11/2025;03:46:00;008_T10;Inizio transetto;;;
06/11/2025;17:13:05;008_T10;Commento;Segni di attrezzi da pesca sul fondo;;
06/11/2025;17:13:05;008_T10;Commento;A. rissoana;;
06/11/2025;17:13:05;008_T10;Commento;medusa con ombrela scura (Cubomedusa);;
06/11/2025;17:13:05;008_T10;Commento;Sostituire L. caudatus con Celorinchus;;
06/11/2025;17:13:05;008_T10;Commento;Stella bianca;;
06/11/2025;17:13:05;008_T10;Push-corer;Una carota a 1019;;
06/11/2025;17:13:05;008_T10;Commento;Hymenodiscus? su fango;;
06/11/2025;17:13:05;008_T10;Fine transetto;;;
06/11/2025;17:13:05;08_T08;Inizio transetto;;;
06/11/2025;17:13:05;08_T08;Commento;medusa con ombrela scura (Cubomedusa);;
06/11/2025;17:13:05;08_T08;Commento;Numerosi Foraminiferi su fango;;
06/11/2025;17:13:05;08_T08;Commento;Loligo sp.;;
06/11/2025;17:13:05;08_T08;Commento;Zoom su foraminiferi;;
06/11/2025;17:13:05;08_T08;Commento;Hymenocephalus;;
06/11/2025;17:13:05;08_T08;Commento;Hymenocephalus;;
06/11/2025;17:13:05;08_T08;Commento;Gasteropode Charonia?;;
06/11/2025;17:13:05;08_T08;Commento;gamberetto;;
06/11/2025;17:13:05;08_T08;Commento;2 seppie strisciano;;
06/11/2025;17:13:05;08_T08;Commento;Hymenocephalus qulache secondo prima;;
06/11/2025;17:13:05;08_T08;Commento;Hymenocephalus ;;
06/11/2025;17:13:05;08_T08;Commento;Paguro;;
06/11/2025;17:13:05;08_T08;Commento;Hymonocephalus;;
06/11/2025;17:13:05;08_T08;Commento;Aristeus antennatus;;
06/11/2025;17:13:05;08_T08;Commento;Anemone su fango;;
06/11/2025;09:58:55;08_T08;Fine transetto;;;
06/11/2025;12:08:39;08_T14;Commento;"Arrivo sul fondo; stand by";;
06/11/2025;17:13:05;08_T14;Laser scan;Inizio LS;;
06/11/2025;17:13:05;08_T14;Laser scan;Fine LS;;
06/11/2025;17:13:05;08_T14;Commento;Inizio transetto multibeam+test LS con luci;;
06/11/2025;17:13:05;08_T14;Commento;Fine transetto;;
06/11/2025;17:13:05;08_T14;Commento;Spostamento verso punto a medrepora;;
06/11/2025;17:13:05;08_T14;Laser scan;Inizio LS su coral reef;;
06/11/2025;17:13:05;08_T14;Laser scan;Fine LS;;
06/11/2025;17:13:05;08_T14;Laser scan;Inizio nuovo transetto;;
06/11/2025;17:13:05;08_T14;Laser scan;Fine transetto LS;;
06/11/2025;17:13:05;08_T14;Laser scan;Nuovo transetto LS;;
06/11/2025;17:13:05;08_T14;Commento;Verificare orario fine transetto;;
06/11/2025;17:13:05;08_T14;Laser scan;nuovo transetto LS;;
06/11/2025;17:13:05;08_T14;Laser scan;fine transetto LS;;
06/11/2025;17:13:05;08_T14;Commento;stanby da survey;;
06/11/2025;17:13:05;08_T14;Commento;Inzio risalita;;
06/11/2025;17:13:05;08_T14;On Deck;;;
06/11/2025;17:30:55;54_T13;Off Deck;;;
06/11/2025;17:53:42;54_T13;Inizio transetto;;;
06/11/2025;18:00:54;54_T13;Commento;Spugna sul fondo?;;
06/11/2025;18:01:50;54_T13;Commento;Ceriantide;;
06/11/2025;18:02:44;54_T13;Commento;Coral rubble;;
06/11/2025;18:02:51;54_T13;Commento;Spugne bianca;;
06/11/2025;18:06:07;54_T13;Commento;Diverse piccole S. pallida ;;
06/11/2025;18:06:55;54_T13;Commento;Spugna bianca;;
06/11/2025;18:07:33;54_T13;Commento;Acantogordiae numerose ;;
06/11/2025;18:09:37;54_T13;Commento;Probabili S. pallida ;;
06/11/2025;18:17:11;54_T13;Commento;I. coidetti;;
06/11/2025;18:20:00;54_T13;Commento;Numerose s. pallida;;
06/11/2025;18:20:37;54_T13;Commento;Pesce incastrato;;
06/11/2025;18:22:19;54_T13;Commento;Ancantogorgidea dense su roccia ;;
06/11/2025;18:25:23;54_T13;Commento;Munida sp;;
06/11/2025;18:31:26;54_T13;Commento;S.pallida;;
06/11/2025;18:32:16;54_T13;Commento;S.pallida;;
06/11/2025;18:45:00;54_T13;Biologico ;Campionamento acantogorgide e substrato spugnoso ;;
06/11/2025;18:46:28;54_T13;Commento;Spugna Lietistidae ricoperta di ossidi;;
06/11/2025;19:00:26;54_T13;Commento;Spugna per lavare I piatti ;;
06/11/2025;19:09:03;54_T13;Commento;I. coidetti;;
06/11/2025;19:15:42;54_T13;Commento;Madrepora o lophelia su lenza;;
06/11/2025;19:17:31;54_T13;Commento;M. scolopax;;
06/11/2025;19:20:30;54_T13;Commento;Munida sp.;;
06/11/2025;19:31:49;54_T13;Commento;A. filamentosus;;
06/11/2025;19:39:23;54_T13;Commento;Pesce nascosto ;;
06/11/2025;19:40:02;54_T13;Commento;Crostaceo;;
06/11/2025;19:43:07;54_T13;Commento;H.mediterraneus;;
06/11/2025;19:49:52;54_T13;Commento;Lenza lunghissima epifitata con idroidi;;
06/11/2025;20:02:00;54_T13;Fine transetto;;;
06/11/2025;21:28:31;54_T09;Inizio transetto;;;
06/11/2025;21:28:55;54_T09;Commento;P. placenta;;
06/11/2025;21:29:59;54_T09;Commento;H. attenuata;;
06/11/2025;21:32:38;54_T09;Commento;P. placenta;;
06/11/2025;21:37:05;54_T09;Commento;Facciolella;;
06/11/2025;21:37:37;54_T09;Commento;H. attenuata;;
06/11/2025;21:38:07;54_T09;Commento;Sabellidae;;
06/11/2025;21:38:20;54_T09;Commento;Facciolella;;
06/11/2025;21:38:26;54_T09;Commento;Sabllidae;;
06/11/2025;21:38:50;54_T09;Commento;H. attenuata;;
06/11/2025;21:39:08;54_T09;Commento;H. attenuata;;
06/11/2025;21:39:17;54_T09;Commento;H. attenuata;;
06/11/2025;21:40:05;54_T09;Commento;Cime;;
06/11/2025;21:40:37;54_T09;Commento;Serranidae;;
06/11/2025;21:40:52;54_T09;Commento;Plesionika;;
06/11/2025;21:41:05;54_T09;Commento;stella marina;;
06/11/2025;21:41:35;54_T09;Commento;Idrozoi;;
06/11/2025;21:42:05;54_T09;Commento;Sponge ground;;
06/11/2025;21:42:22;54_T09;Commento;Stella marina;;
06/11/2025;21:42:53;54_T09;Commento;Idrozoi;;
06/11/2025;21:43:03;54_T09;Commento;H. papillosa;;
06/11/2025;21:44:38;54_T09;Commento;Piccola gorgonia bianca;;
06/11/2025;21:45:37;54_T09;Commento;H. attenuata;;
06/11/2025;21:45:52;54_T09;Commento;Echinaster;;
06/11/2025;21:50:17;54_T09;Commento;Spugna su detritico;;
06/11/2025;21:51:37;54_T09;Commento;Spirografo;;
06/11/2025;21:51:50;54_T09;Commento;Uova di L. vulgaris;;
06/11/2025;21:52:05;54_T09;Commento;Serrnidae;;
06/11/2025;21:53:18;54_T09;Commento;H. attenuata;;
06/11/2025;21:54:58;54_T09;Commento;Pagrus pagrus;;
06/11/2025;21:58:28;54_T09;Commento;Astrospartus;;
06/11/2025;21:58:57;54_T09;Commento;H. attenuata;;
06/11/2025;21:59:06;54_T09;Commento;Litocarpia;;
06/11/2025;22:00:05;54_T09;Commento;Sponge ground con Axinellae;;
06/11/2025;22:01:11;54_T09;Commento;Plesionika;;
06/11/2025;22:02:10;54_T09;Commento;H. attenuata;;
06/11/2025;22:05:10;54_T09;Commento;Pagrus pagrus;;
06/11/2025;22:06:46;54_T09;Commento;Astrospartus;;
06/11/2025;22:06:46;54_T09;Commento;Corvina;;
06/11/2025;22:06:48;54_T09;Commento;Spugna nera;;
06/11/2025;22:07:15;54_T09;Commento;Muraena helena;;
06/11/2025;22:07:31;54_T09;Commento;Dentex dentex;;
06/11/2025;22:07:32;54_T09;Commento;Pagrus pagrus;;
06/11/2025;22:08:46;54_T09;Commento;Spugna nera;;
06/11/2025;22:08:58;54_T09;Commento;Togliere blenoide e mettere Phycis phycis;;
06/11/2025;22:10:02;54_T09;Commento;Parete a idroidi;;
06/11/2025;22:11:12;54_T09;Commento;Phycis phycis;;
06/11/2025;22:11:59;54_T09;Commento;Plesionika;;
06/11/2025;22:12:20;54_T09;Commento;Litocarpia;;
06/11/2025;22:12:24;54_T09;Commento;Artificiale per pescare;;
06/11/2025;22:13:09;54_T09;Commento;Holothuria sp.;;
06/11/2025;22:13:57;54_T09;Commento;Spugna nera;;
06/11/2025;22:14:11;54_T09;Commento;Holothuria sp.;;
06/11/2025;22:16:03;54_T09;Commento;Diplodus vulgaris;;
06/11/2025;22:19:38;54_T09;Commento;Diplodus vulgaris;;
06/11/2025;22:22:07;54_T09;Commento;Pausa per allineamento con TMS;;
06/11/2025;22:29:59;54_T09;Commento;Transetto ripreso;;
06/11/2025;22:30:17;54_T09;Commento;P. regalis;;
06/11/2025;22:31:46;54_T09;Commento;E. sepositus;;
06/11/2025;22:34:04;54_T09;Commento;H. attenuata;;
06/11/2025;22:35:40;54_T09;Commento;Sugna su detrito;;
06/11/2025;22:35:54;54_T09;Commento;H. attenuata;;
06/11/2025;22:36:59;54_T09;Commento;Sponge ground;;
06/11/2025;22:39:39;54_T09;Commento;Mattone;;
06/11/2025;22:40:20;54_T09;Commento;H. attenuata;;
06/11/2025;22:44:24;54_T09;Commento;Spugne bianche su detritico;;
06/11/2025;22:45:57;54_T09;Commento;Pagrus pagrus;;
06/11/2025;22:47:58;54_T09;Commento;Stella arancione;;
06/11/2025;22:50:15;54_T09;Commento;Presenza di alghe brune;;
06/11/2025;22:51:57;54_T09;Commento;Aplysina cavernicola;;
06/11/2025;22:52:28;54_T09;Commento;H. attenuata;;
06/11/2025;22:55:35;54_T09;Commento;Fine Transetto;;
07/11/2025;00:06:58;54_T08;Off Deck;;;
07/11/2025;00:29:57;54_T08;Inizio transetto;;;
07/11/2025;00:38:52;54_T08;Commento;cfr V. mirabilis;;
07/11/2025;00:39:21;54_T08;Commento;P.placenta;;
07/11/2025;00:40:11;54_T08;Commento;P. eritrinus;;
07/11/2025;00:41:05;54_T08;Commento;P.placenta;;
07/11/2025;00:44:48;54_T08;Commento;Scorpaena elongata;;
07/11/2025;00:46:55;54_T08;Commento;Cime;;
07/11/2025;01:04:34;54_T08;Commento;Spatangus;;
07/11/2025;01:04:52;54_T08;Commento;M. scolopax;;
07/11/2025;01:06:04;54_T08;Commento;Flares;;
07/11/2025;01:16:17;54_T08;Commento;Numoerosi rifiuti concentrati;;
07/11/2025;01:18:04;54_T08;Commento;P. placenta;;
07/11/2025;01:22:25;54_T08;Commento;M. scolopax;;
07/11/2025;01:22:54;54_T08;Commento;Spatangus;;
07/11/2025;01:23:01;54_T08;Commento;M. scolopax;;
07/11/2025;01:23:04;54_T08;Commento;M. scolopax;;
07/11/2025;01:23:08;54_T08;Commento;Spatangus;;
07/11/2025;01:25:00;54_T08;Commento;Spatangus;;
07/11/2025;01:25:06;54_T08;Commento;P. placenta;;
07/11/2025;01:25:19;54_T08;Commento;Facciolella;;
07/11/2025;01:27:23;54_T08;Commento;B. mollis;;
07/11/2025;01:35:47;54_T08;Commento;numerose uova di elasmobranchi;;
07/11/2025;01:39:48;54_T08;Commento;Numoerosi rifiuti concentrati;;
07/11/2025;01:41:50;54_T08;Commento;Pesce piatto;;
07/11/2025;01:48:52;54_T08;Commento;numerose uova di elasmobranchi;;
07/11/2025;01:49:55;54_T08;Commento;capsula di elasmobranco;;
07/11/2025;01:51:27;54_T08;Commento;M. scolopax;;
07/11/2025;01:59:35;54_T08;Commento;P. placenta;;
07/11/2025;02:07:31;54_T08;Commento;Lepidorhombus whiffiagonis;;
07/11/2025;02:12:14;54_T08;Commento;Facciolella/Nettastoma;;
07/11/2025;02:20:00;54_T08;Fine transetto;;;
07/11/2025;03:56:53;54_T04;Off Deck;;;
07/11/2025;04:08:30;54_T04;Inizio transetto;;;
07/11/2025;04:10:59;54_T04;Commento;H. attenuata;;
07/11/2025;04:13:10;54_T04;Commento;H. attenuata;;
07/11/2025;04:14:57;54_T04;Commento;Blocchi di cemento ;;
07/11/2025;04:17:28;54_T04;Commento;H. attenuata;;
07/11/2025;04:21:12;54_T04;Commento;Astrospartus;;
07/11/2025;04:24:31;54_T04;Commento;cfr Dendropbrachia bonsai;;
07/11/2025;04:25:30;54_T04;Commento;M. helena ;;
07/11/2025;04:26:48;54_T04;Commento;H. attenuata;;
07/11/2025;04:27:48;54_T04;Commento;H. attenuata;;
07/11/2025;04:27:48;54_T04;Commento;H. attenuata;;
07/11/2025;04:29:48;54_T04;Commento;Serranide;;
07/11/2025;04:35:18;54_T04;Commento;filograna ;;
07/11/2025;04:36:48;54_T04;Commento;Blocco di cemento ;;
07/11/2025;04:38:31;54_T04;Commento;Zeus faber;;
07/11/2025;04:42:46;54_T04;Commento;Mollusco gigante ;;
07/11/2025;04:44:17;54_T04;Commento;Blocco di cemento ;;
07/11/2025;04:45:27;54_T04;Commento;H. attenuata;;
07/11/2025;04:48:46;54_T04;Commento;Pesce;;
07/11/2025;04:49:18;54_T04;Commento;Serrano;;
07/11/2025;04:50:59;54_T04;Commento;Pagello bagaravero da cancellare;;
07/11/2025;04:54:39;54_T04;Commento;Astrospartus;;
07/11/2025;04:56:20;54_T04;Commento;Astrospartus;;
07/11/2025;05:02:04;54_T04;Commento;Pagrus pagrus;;
07/11/2025;05:03:20;54_T04;Commento;E. melo;;
07/11/2025;05:06:50;54_T04;Commento;H. attenuata;;
07/11/2025;05:07:05;54_T04;Commento;Pleisionika;;
07/11/2025;05:11:52;54_T04;Commento;E. melo;;
07/11/2025;05:16:39;54_T04;Commento;pagrus pagrus;;
07/11/2025;05:19:52;54_T04;Commento;Astrospartus;;
07/11/2025;05:21:34;54_T04;Commento;pagrus pagrus;;
07/11/2025;05:24:45;54_T04;Commento;Astrospartus;;
07/11/2025;05:30:02;54_T04;Commento;Zeus faber;;
07/11/2025;05:32:21;54_T04;Commento;Astrospartus;;
07/11/2025;05:32:39;54_T04;Commento;Zeus faber molti;;
07/11/2025;05:33:24;54_T04;Commento;P. elephas;;
07/11/2025;05:33:57;54_T04;Commento;Uova loligo;;
07/11/2025;05:33:57;54_T04;Commento;M. helena;;
07/11/2025;05:34:39;54_T04;Commento;B. viridis;;
07/11/2025;10:08:52;54_T05;Off Deck;;;
07/11/2025;10:38:21;54_T05;Commento;Arachnantus oligopodus;;
07/11/2025;10:47:08;54_T05;Inizio transetto;;;
07/11/2025;10:47:50;54_T05;Commento;Arachnantus oligopodus;;
07/11/2025;10:48:41;54_T05;Commento;;J200 bottiglia vetro/ceramica;Bottiglia di vetro
07/11/2025;10:49:45;54_T05;Commento;Arachnantus oligopodus;;
07/11/2025;10:50:02;54_T05;Commento;Arachnantus oligopodus;;
07/11/2025;10:52:22;54_T05;Commento;Arachnantus oligopodus;;
07/11/2025;10:53:59;54_T05;Commento;Arachnantus oligopodus;;
07/11/2025;10:58:10;54_T05;Commento;numerosi Arachnantus oligopodus;;
07/11/2025;10:59:47;54_T05;Commento;Spinolambrus macrochelus;;
07/11/2025;11:01:27;54_T05;Commento;Hymenodiscus coronata;;
07/11/2025;11:06:14;54_T05;Commento;Lepidorhombus sp.;;
07/11/2025;11:07:11;54_T05;Commento;Gasteropode;;
07/11/2025;11:11:20;54_T05;Commento;Hyalinoecia tubicola;;
07/11/2025;11:11:54;54_T05;Commento;Lepidorhombus sp.;;
07/11/2025;11:14:22;54_T05;Commento;Arachnantus oligopodus;;
07/11/2025;11:15:41;54_T05;Commento;Crostaceo;;
07/11/2025;11:18:24;54_T05;Commento;Arachnantus oligopodus sparsi;;
07/11/2025;11:19:48;54_T05;Commento;Spinolambrus macrochelus;;
07/11/2025;11:25:54;54_T05;Commento;Peltaster placenta;;
07/11/2025;11:27:22;54_T05;Commento;Lepidorhombus sp.;;
07/11/2025;11:33:35;54_T05;Commento;B. mollis sparse anche prima della prima segnalazione;;
07/11/2025;11:37:31;54_T05;Commento;Pesce infossato cfr Ophisurus serpens;;
07/11/2025;11:39:24;54_T05;Commento;Astrospartus mediterraneus;;
07/11/2025;11:39:52;54_T05;Commento;Aggregazione densa e diversificata gorgonie;;
07/11/2025;11:44:06;54_T05;Commento;Scorpaena elongata;;
07/11/2025;11:44:14;54_T05;Commento;Astrospartus mediterraneus;;
07/11/2025;11:45:13;54_T05;Commento;Astrospartus mediterraneus;;
07/11/2025;11:46:11;54_T05;Commento;Peltaster placenta;;
07/11/2025;11:48:38;54_T05;Commento;Villogorgia, non eunicella;;
07/11/2025;11:49:39;54_T05;Commento;Octopus vulgaris;;
07/11/2025;11:52:43;54_T05;Commento;Peltaster placenta;;
07/11/2025;11:59:47;54_T05;Commento;Peltaster placenta;;
07/11/2025;12:00:27;54_T05;Commento;Astrospartus mediterraneus;;
07/11/2025;12:02:42;54_T05;Commento;B. viridis;;
07/11/2025;12:03:12;54_T05;Commento;Peltaster placenta;;
07/11/2025;12:03:56;54_T05;Commento;Astrospartus mediterraneus;;
07/11/2025;12:05:09;54_T05;Commento;Scorpaena elongata;;
07/11/2025;12:05:54;54_T05;Commento;Astrospartus mediterraneus;;
07/11/2025;12:07:50;54_T05;Commento;Ophidiaster ophidianus;;
07/11/2025;12:08:12;54_T05;Commento;Anthias anthias;;
07/11/2025;12:09:04;54_T05;Commento;Serranus cabrilla;;
07/11/2025;12:09:56;54_T05;Commento;Numerose Chirnonephthya;;
07/11/2025;12:11:45;54_T05;Commento;Numerose spugne gialle incrostanti cfr Aplysina aerophoba;;
07/11/2025;12:13:37;54_T05;Commento;cfr Pachastrella monilifera;;
07/11/2025;12:14:00;54_T05;Commento;;J175 lattina;
07/11/2025;12:14:16;54_T05;Commento;Banco di Anthias anthias;;
07/11/2025;12:14:34;54_T05;Commento;Astrospartus mediterraneus;;
07/11/2025;12:17:00;54_T05;Commento;segnato per sbaglio Kophoblemnon al posto di Chironephthya;;
07/11/2025;12:20:25;54_T05;Commento;Scorpaena elongata;;
07/11/2025;12:23:50;54_T05;Commento;Ophidiaster ophidianus;;
07/11/2025;12:24:16;54_T05;Commento;Muraena helena;;
07/11/2025;12:28:52;54_T05;Biologico ;Eunicella/Muriceides;Lasciato su box grigio;
07/11/2025;12:37:51;54_T05;Commento;Secondo campione E. verrucosa;Box blu;
07/11/2025;12:41:40;54_T05;Commento;Foresta viminella;;
07/11/2025;12:45:30;54_T05;Commento;Epinephelus caninus/marginata;;
07/11/2025;12:48:38;54_T05;Commento;Scorpaena elongata;;
07/11/2025;12:50:14;54_T05;Commento;Muraena helena;;
07/11/2025;12:50:51;54_T05;Commento;Serramus cabrilla;;
07/11/2025;12:51:09;54_T05;Commento;Phycis phycis;;
07/11/2025;12:52:24;54_T05;Commento;Astrospartus mediterraneus;;
07/11/2025;12:52:27;54_T05;Commento;Ophidiaster ophidianus;;
07/11/2025;12:54:43;54_T05;Commento;Astrospartus mediterraneus;;
07/11/2025;12:55:22;54_T05;Commento;Astrospartus mediterraneus;;
07/11/2025;12:55:41;54_T05;Commento;Anthias anthias;;
07/11/2025;12:57:36;54_T05;Fine transetto;;;
07/11/2025;13:24:40;54_T05;Off Deck;;;
07/11/2025;14:26:07;54_T06;Inizio transetto;;;
07/11/2025;14:28:56;54_T06;Commento;;J234* cime, corde o reti aggrovigliate;
07/11/2025;14:33:22;54_T06;Commento;;Video interrotto e poi ripreso;
07/11/2025;14:35:28;54_T06;Commento;Tappo di plastica;J241 oggetto plastica rigida;
07/11/2025;14:35:32;54_T06;Commento;Pachylasma giganteum;;
07/11/2025;14:36:58;54_T06;Commento;Anseropoda placenta;;
07/11/2025;14:41:02;54_T06;Commento;;J234* cime, corde o reti aggrovigliate;
07/11/2025;14:43:30;54_T06;Commento;bottiglia vetro;J200 bottiglia vetro/ceramica;
07/11/2025;14:59:23;54_T06;Commento;Anseropoda placenta;;
07/11/2025;15:02:12;54_T06;Commento;Pteroctopus tetracirrhus;;
07/11/2025;15:09:21;54_T06;Commento;Munida sp.;;
07/11/2025;15:09:38;54_T06;Commento;Spinolambrus macrochelus;;
07/11/2025;15:09:55;54_T06;Commento;Peltaster/Ceramaster;;
07/11/2025;15:10:02;54_T06;Commento;Bonellia viridis;;
07/11/2025;15:11:01;54_T06;Commento;Granchio nascosto;;
07/11/2025;15:13:11;54_T06;Commento;;;Sempre stessa cima
07/11/2025;15:15:34;54_T06;Commento;Spinolambrus macrocephalus;;
07/11/2025;15:15:50;54_T06;Commento;Bonellia viridis;;
07/11/2025;15:17:13;54_T06;Commento;Mattone;J204 tegola/mattone/piastrella;
07/11/2025;15:19:11;54_T06;Commento;Aulopus filamentosus;;
07/11/2025;15:19:36;54_T06;Commento;Leiopathes glaberrima;;
07/11/2025;15:19:52;54_T06;Commento;Anamathia rrissoana;;
07/11/2025;15:20:22;54_T06;Commento;Callianthias ruber;;
07/11/2025;15:21:43;54_T06;Commento;Leiodermatium spp.;;
07/11/2025;15:22:41;54_T06;Commento;Anthias anthias;;
07/11/2025;15:25:52;54_T06;Commento;Macroramphosus scolopax;;
07/11/2025;15:30:20;54_T06;Commento;Spugna con idroidi;;
07/11/2025;15:34:49;54_T06;Commento;Non polyprion ma Epinephelus caninus;;
07/11/2025;15:38:02;54_T06;Commento;Scorpaena elongata;;
07/11/2025;15:39:26;54_T06;Commento;Anamathia rissoana;;
07/11/2025;15:41:16;54_T06;Commento;Scorpaena elongata;;Cliccato per sbaglio cnidari invece di pesci
07/11/2025;15:46:15;54_T06;Biologico ;Leiopathes glaberrima;Box grigio;
07/11/2025;15:50:06;54_T06;Commento;Macroramphosus scolopax;;
07/11/2025;16:02:13;54_T06;Commento;Pesce;;
07/11/2025;16:04:49;54_T06;Commento;Munida sp.;;
07/11/2025;16:06:15;54_T06;Commento;Macroramphosus scolopax;;
07/11/2025;16:08:47;54_T06;Commento;Macroramphosus scolopax;;
07/11/2025;16:12:45;54_T06;Commento;Aulopus filamentosus;;
07/11/2025;16:13:01;54_T06;Commento;Aulopus filamentosus;;
07/11/2025;16:13:15;54_T06;Commento;Macroramphosus scolopax;;
07/11/2025;16:19:09;54_T06;Commento;Callianthias ruber;;
07/11/2025;16:22:03;54_T06;Fine transetto;;;
07/11/2025;18:02:41;54_T02;Inizio transetto;;;
07/11/2025;18:43:33;54_T02;Commento;stella;;
07/11/2025;19:00:17;54_T02;Commento;Gracilechinus sp.;;
07/11/2025;19:11:45;54_T02;Commento;E. caninus;;
07/11/2025;19:33:45;54_T02;Laser scan;Inizio;;
07/11/2025;21:24:25;54_T02;Laser scan;Fine;;
07/11/2025;21:32:25;54_T02;Riprendiamo il transetto;;;
07/11/2025;21:55:14;54_T02;Commento;Cefalopode;;
07/11/2025;22:09:45;54_T02;Commento;medusa con ombrela scura (Cubomedusa);;
07/11/2025;22:10:04;54_T02;Commento;Gracilechinus sp.;;
07/11/2025;22:13:46;54_T02;Commento;Scorpanea elongata;;
07/11/2025;22:16:20;54_T02;Commento;Zoantideo;;
07/11/2025;22:17:10;54_T02;Commento;Gracilechinus sp.;;
07/11/2025;22:17:41;54_T02;Commento;B. robustus;;
07/11/2025;22:18:44;54_T02;Commento;Cariophyllia;;
07/11/2025;22:21:48;54_T02;Commento;;Motore di imbarcazione;
07/11/2025;22:22:12;54_T02;Commento;B. robustus;;
07/11/2025;22:22:43;54_T02;Commento;medusa con ombrela scura (Cubomedusa);;
07/11/2025;22:24:19;54_T02;Commento;A. placenta;;
07/11/2025;22:24:42;54_T02;Commento;Scorpanea elongata;;
07/11/2025;22:32:10;54_T02;Fine transetto;;;
07/11/2025;22:34:38;54_T02;Commento;Inizio problema con lenza;;
07/11/2025;23:06:33;54_T02;Commento;Fine problema con lenza;;
07/11/2025;23:40:44;54_T02;On Deck;;;
08/11/2025;00:32:39;54_T01;Off Deck;;;
08/11/2025;01:05:34;54_T01;Inizio transetto;;;
08/11/2025;01:06:08;54_T01;Commento;Trachurus ;;
08/11/2025;01:11:19;54_T01;Commento;Echinocardium;;
08/11/2025;01:12:06;54_T01;Commento;Facciolella;;
08/11/2025;01:12:30;54_T01;Commento;Echinocardium;;
08/11/2025;01:12:39;54_T01;Commento;M. scolopax;;
08/11/2025;01:13:47;54_T01;Commento;P. placenta;;
08/11/2025;01:17:00;54_T01;Commento;cfr A. rissoana;;
08/11/2025;01:26:11;54_T01;Commento;Ecinocardium;;
08/11/2025;01:28:37;54_T01;Commento;M. scolopax;;
08/11/2025;01:33:36;54_T01;Commento;Conger conger;;
08/11/2025;01:42:31;54_T01;Commento;Echinocardium;;
08/11/2025;01:48:38;54_T01;Commento;S. canicula;;
08/11/2025;01:54:12;54_T01;Commento;S. canicula;;
08/11/2025;01:56:46;54_T01;Commento; Spinolambrus macrochelos;;
08/11/2025;02:02:26;54_T01;Commento;S. canicula;;
08/11/2025;02:04:59;54_T01;Fine transetto;;;
08/11/2025;02:05:14;54_T01;Commento;Torniamo indietro sull'anomali per campionare con Niskin;;
08/11/2025;02:26:14;54_T01;Niskin;;;
08/11/2025;04:03:38;54_T14;Inizio transetto;;;
08/11/2025;04:17:23;54_T14;Commento;A. placenta;;
08/11/2025;04:18:04;54_T14;Commento;A. placenta;;
08/11/2025;04:19:34;54_T14;Commento;Crostaceo;;
08/11/2025;04:34:30;54_T14;Commento;A. placenta;;
08/11/2025;05:04:46;54_T14;Biologico ;L. glaberrima;;
08/11/2025;05:07:31;54_T14;Commento;Possibile matte batterica;;
08/11/2025;05:11:19;54_T14;Commento;Coral rubble;;
08/11/2025;05:17:32;54_T14;Commento;Possibile matte batterica;;
08/11/2025;05:26:23;54_T14;Commento;A. placenta;;
08/11/2025;05:29:06;54_T14;Commento;A. placenta;;
08/11/2025;05:29:13;54_T14;Biologico ;P. larix;;
08/11/2025;05:37:44;54_T14;Fine transetto;;;
08/11/2025;06:10:38;54_T14;On Deck;;;
08/11/2025;07:40:21;54_T11;Off Deck;;;
08/11/2025;08:10:22;54_T11;Inizio transetto;;;
08/11/2025;08:11:38;54_T11;Commento;premuto per sbaglio Inizio transetto invece di cidaride;;
08/11/2025;08:20:51;54_T11;Commento;Nastro;J145 altro tessile nd;
08/11/2025;08:24:43;54_T11;Commento;Lepidorhombus sp.;;
08/11/2025;08:25:42;54_T11;Commento;Cavo, non lenza;;
08/11/2025;08:36:38;54_T11;Commento; Numerosi epigonidi;;
08/11/2025;08:44:08;54_T11;Commento;;Fotogrammetria;
08/11/2025;08:58:26;54_T11;Commento;Scorpaena elongata;;
08/11/2025;09:09:40;54_T11;Commento;Spinolambrus macrochelus;;
08/11/2025;09:14:31;54_T11;Commento;Lepidorhombus whiffiagonis da verificare;;
08/11/2025;09:26:28;54_T11;Commento;Vetro;J200 bottiglia vetro/ceramica;
08/11/2025;09:26:57;54_T11;Commento;medusa con ombrela scura (Cubomedusa);;
08/11/2025;09:29:15;54_T11;Commento;Pesce da rivedere;;
08/11/2025;09:29:43;54_T11;Commento;Pesce da rivedere;;
08/11/2025;09:30:31;54_T11;Commento;Oggetto in plastica come busta o pezzo di telo;J13 bottiglia o contenitore plastica;
08/11/2025;09:30:52;54_T11;Commento;Bonellia viridis;;
08/11/2025;09:34:13;54_T11;Commento;Piccola aggregazione di gorgonie;;
08/11/2025;09:35:47;54_T11;Commento;Idrozoi;;
08/11/2025;09:37:25;54_T11;Commento;Oggetto in plastica come busta o pezzo di telo;J13 bottiglia o contenitore plastica;
08/11/2025;09:39:13;54_T11;Commento;Pezzo di corda o cavo;;
08/11/2025;09:47:50;54_T11;Commento;Più di un segno di stella infossata, forse Anseropoda placenta;;
08/11/2025;09:51:47;54_T11;Commento;Nezumia sp.;;
08/11/2025;09:53:11;54_T11;Commento;Munida sp.;;
08/11/2025;09:54:13;54_T11;Commento;Tessuto;J145 altro tessile nd;
08/11/2025;09:54:57;54_T11;Commento;Bottiglia di vetro;J200 bottiglia vetro/ceramica;
08/11/2025;09:56:41;54_T11;Commento;Cima con rete;J234* cime, corde o reti aggrovigliate;
08/11/2025;09:57:51;54_T11;Fine transetto;;;
08/11/2025;10:16:28;54_T11;On Deck;;;
08/11/2025;10:56:23;54_T12;Off Deck;;;
08/11/2025;11:17:12;54_T12;Inizio transetto;;;
08/11/2025;11:19:29;54_T12;Commento;Numerose stelle infossate, forse Anseropoda placenta;;
08/11/2025;11:19:55;54_T12;Commento;Anseropoda placenta;;
08/11/2025;11:25:05;54_T12;Commento;Anseropoda placenta;;
08/11/2025;11:28:30;54_T12;Commento;Alcune Acanthogorgiidae;;
08/11/2025;11:38:52;54_T12;Commento;Anseropoda placenta;;
08/11/2025;11:52:45;54_T12;Commento;Munida sp. ;;
08/11/2025;11:59:01;54_T12;Commento;Piccolo cefalopode;;
08/11/2025;11:59:25;54_T12;Commento;Numerosi Chlorophtalmus;;
08/11/2025;12:03:27;54_T12;Commento;medusa con ombrela scura (Cubomedusa);;
08/11/2025;12:07:26;54_T12;Commento;Segni di stelle infossate;;
08/11/2025;12:09:29;54_T12;Commento;Busta plastica;G67 imballaggio/telo industriale;
08/11/2025;12:10:46;54_T12;Commento;Callistoctopus macropus;;
08/11/2025;12:13:40;54_T12;Commento;Lattina;J175 lattina;
08/11/2025;12:15:16;54_T12;Commento;Anseropoda placenta;;
08/11/2025;12:16:16;54_T12;Commento;Anseropoda placenta;;
08/11/2025;12:17:40;54_T12;Commento;;Pezzo di busta di plastica;
08/11/2025;12:22:01;54_T12;Fine transetto;;;
08/11/2025;12:36:12;54_T12;On Deck;;;
08/11/2025;13:12:55;54_T10;Off Deck;;;
08/11/2025;13:31:44;54_T10;Inizio transetto;;;
08/11/2025;13:32:20;54_T10;Commento;numerosi Chlorophtalmus;;
08/11/2025;13:38:31;54_T10;Commento;Scorpaena elongata;;
08/11/2025;13:38:43;54_T10;Commento;Cernia;;
08/11/2025;13:38:55;54_T10;Commento;Peltaster placenta;;
08/11/2025;13:39:25;54_T10;Commento;Peltaster placenta;numerose Peltaster placenta;
08/11/2025;13:41:59;54_T10;Commento;Anthias anthias;;
08/11/2025;13:48:03;54_T10;Commento;Peltaster placenta;;
08/11/2025;13:52:57;54_T10;Commento;Scorpaena scrofa/elongata;;
08/11/2025;13:57:53;54_T10;Commento;Peltaster placenta;;
08/11/2025;13:57:59;54_T10;Commento;Scorpaena elongata;;
08/11/2025;14:00:24;54_T10;Commento;Aulopus filamentosus;;
08/11/2025;14:01:10;54_T10;Commento;Scorpaena elongata;;
08/11/2025;14:04:04;54_T10;Commento;Callogorgia epibiontata strana;;
08/11/2025;14:04:31;54_T10;Commento;Aggregazione mista coralli neri e gorgonie;;
08/11/2025;14:07:44;54_T10;Commento;Anthias antthias;;
08/11/2025;14:08:06;54_T10;Commento;Peltaster placenta;;
08/11/2025;14:12:16;54_T10;Commento;Zeus faber;;
08/11/2025;14:13:27;54_T10;Commento;Numerosi Anthias anthias;;
08/11/2025;14:13:31;54_T10;Commento;Scorpaena scrofa/elongata;;
08/11/2025;14:14:27;54_T10;Commento;Scorpaena scrofa;;
08/11/2025;14:19:22;54_T10;Commento;Cernia;;
08/11/2025;14:21:16;54_T10;Commento;Aulopus filamentosus;;
08/11/2025;14:24:14;54_T10;Commento;Aulopus filamentosus;;
08/11/2025;14:24:34;54_T10;Commento;Scorpaena elongata;;
08/11/2025;14:28:03;54_T10;Commento;Macroramphosus scolopax;;
08/11/2025;14:28:21;54_T10;Commento;Mullus surmuletus;;
08/11/2025;14:30:00;54_T10;Commento;tessuto;J145 altro tessile nd;
08/11/2025;14:32:55;54_T10;Fine transetto;;;
08/11/2025;14:45:05;54_T10;On Deck;;;
08/11/2025;15:22:35;54_T08;Off Deck;;;Dive per campionamento Niskin
09/11/2025;00:17:54;39_T04;Off Deck;;;
09/11/2025;01:04:02;39_T04;Inizio transetto;;;
09/11/2025;01:06:24;39_T04;Commento;S. caulodius;;
09/11/2025;01:31:04;39_T04;Push-corer;Eseguito su fango a 635 m;;
09/11/2025;01:43:36;39_T04;Commento;Segni di strascico;;
09/11/2025;01:49:19;39_T04;Commento;Segni di strascico;;
09/11/2025;01:53:43;39_T04;Commento;Segni di strascico;;
09/11/2025;01:58:14;39_T04;Commento;Segni di strascico;;
09/11/2025;02:02:33;39_T04;Commento;Segni di strascico;;
09/11/2025;02:17:24;39_T04;Commento;Segni di strascico;;
09/11/2025;02:20:03;39_T04;Commento;Segni di strascico;;
09/11/2025;02:35:19;39_T04;Commento;Segni di strascico;;
09/11/2025;02:37:43;39_T04;Fine transetto;;;
09/11/2025;03:57:20;39_T04;;;;
09/11/2025;03:57:27;39_T05;Inizio transetto;;;
09/11/2025;04:03:31;39_T05;Commento;A. antennatus ;;
09/11/2025;04:06:01;39_T05;Commento;Segno di strascico;;
09/11/2025;04:09:00;39_T05;Commento;Segno di strascico;;
09/11/2025;04:09:44;39_T05;Commento;Segno di strascico;;
09/11/2025;04:10:46;39_T05;Commento;Segno di strascico;;
09/11/2025;04:11:37;39_T05;Commento;Segno di strascico;;
09/11/2025;04:14:09;39_T05;Commento;Ceriantide;;
09/11/2025;04:15:27;39_T05;Commento;Segno di strascico;;
09/11/2025;04:16:19;39_T05;Commento;Ceramaster;;
09/11/2025;04:17:12;39_T05;Commento;Segno di strascico;;
09/11/2025;04:17:23;39_T05;Commento;Ceriantide;;
09/11/2025;04:18:06;39_T05;Commento;Segno di strascico;;
09/11/2025;04:20:13;39_T05;Commento;Ceriantide;;
09/11/2025;04:20:39;39_T05;Commento;Segno di strascico;;
09/11/2025;04:21:12;39_T05;Commento;Segno di strascico;;
09/11/2025;04:33:59;39_T05;Commento;Ceriantide;;
09/11/2025;04:49:00;39_T05;Commento;A. antennatus ;;
09/11/2025;04:55:05;39_T05;Commento;Ceriantide;;
09/11/2025;04:57:32;39_T05;Biologico ;Isidella o funiculina o boh;;Campione effettivo alle ore 05:04:00
09/11/2025;05:06:39;39_T05;Fine transetto;;;
09/11/2025;06:56:42;39_T02;Off Deck;Rov in acqua;;
09/11/2025;07:31:04;39_T02;Commento;;;Problema con fishing line impigliate TMS
09/11/2025;07:56:27;39_T02;On Deck;;;ROV on deck per problema con fishing lines
09/11/2025;08:36:11;39_T02;Off Deck;;;
09/11/2025;09:26:25;39_T02;Inizio transetto;;;
09/11/2025;09:23:46;39_T02;Commento;pesce tipo stomias;;
09/11/2025;09:27:42;39_T02;Commento;da rivedere;;
09/11/2025;09:27:51;39_T02;Commento;medusa con ombrela scura (Cubomedusa);;
09/11/2025;09:28:26;39_T02;Commento;medusa con ombrela scura (Cubomedusa);;
09/11/2025;09:30:49;39_T02;Commento;Nezumia cf.equalis;;da ricontrollare
09/11/2025;09:39:33;39_T02;Commento; Hymenocephalus italicus ;;
09/11/2025;09:47:29;39_T02;Commento;Radichetta di isidella;;
09/11/2025;09:48:41;39_T02;Commento;Protoptilum carpenterii;;
09/11/2025;10:06:01;39_T02;Commento;medusa con ombrela scura (Cubomedusa);;
09/11/2025;10:06:17;39_T02;Commento;medusa con ombrela scura (Cubomedusa);;
09/11/2025;10:06:46;39_T02;Commento; Cerianthidae ;;
09/11/2025;10:07:57;39_T02;Commento; Hymenocephalus italicus ;;
09/11/2025;10:08:17;39_T02;Commento;Holoturia;;
09/11/2025;10:08:47;39_T02;Commento;medusa con ombrela scura (Cubomedusa);;
09/11/2025;10:09:11;39_T02;Commento;medusa con ombrela scura (Cubomedusa);;
09/11/2025;10:11:13;39_T02;Fine transetto;;;
09/11/2025;10:11:13;39_T03;Inizio transetto;;;
09/11/2025;10:12:55;39_T03;Commento;medusa con ombrela scura (Cubomedusa);;
09/11/2025;10:19:18;39_T03;Commento;Facciolella da verificare;;da ricontrollare
09/11/2025;10:21:21;39_T03;Commento;medusa con ombrela scura (Cubomedusa);;
09/11/2025;10:21:50;39_T03;Commento;medusa con ombrela scura (Cubomedusa);;
09/11/2025;10:22:02;39_T03;Commento;medusa con ombrela scura (Cubomedusa);;
09/11/2025;10:22:18;39_T03;Commento;medusa con ombrela scura (Cubomedusa);;
09/11/2025;10:45:44;39_T03;Commento;medusa con ombrela scura (Cubomedusa);;
09/11/2025;10:52:13;39_T03;Commento; Hymenocephalus italicus ;;
09/11/2025;10:58:12;39_T03;Commento;Campionamento abortito;;
09/11/2025;11:04:46;39_T03;Push-corer;Campionamento substrato con push-corer;;Campionamento di substrato effettuato con braccio manipolatore e NON con push-corer
09/11/2025;11:09:09;39_T03;Commento;Sclerattinie solitarie;;
09/11/2025;11:09:26;39_T03;Commento;Idroidi;;
09/11/2025;11:09:47;39_T03;Commento;Pachycerianthus sp. ;;
09/11/2025;11:11:21;39_T03;Commento;Spugna globosa bianca;;
09/11/2025;11:15:28;39_T03;Commento;Idroidi;;
09/11/2025;11:24:30;39_T03;Commento;Nezumia;;
09/11/2025;11:26:08;39_T03;Commento;medusa con ombrela scura (Cubomedusa);;Ben visibile da video
09/11/2025;11:27:06;39_T03;Commento;Segni di strascico;;
09/11/2025;11:31:04;39_T03;Commento;Segni di strascico fino alla fine del transetto;;
09/11/2025;11:35:35;39_T03;Fine transetto;;;
09/11/2025;12:04:25;39_T03;On Deck;;;Segnato forse qualche minuto in ritardo. Inizio traferimento in LARS verso T_06
09/11/2025;12:35:02;39_T06;Commento;ROV in acqua;;
09/11/2025;13:12:31;39_T06;Commento;ROV sul fondo;;
09/11/2025;13:22:47;39_T06;Inizio transetto;;;
09/11/2025;13:26:27;39_T06;Commento;cfr Stomias;;
09/11/2025;13:45:29;39_T06;Commento;Pachastrella monilifera;;
09/11/2025;13:46:41;39_T06;Commento;medusa con ombrela scura (Cubomedusa);;
09/11/2025;13:47:03;39_T06;Commento;Coral rubble;;
09/11/2025;13:52:56;39_T06;Commento;medusa con ombrela scura (Cubomedusa);;
09/11/2025;13:58:38;39_T06;Commento;medusa con ombrela scura (Cubomedusa);;
09/11/2025;14:06:22;39_T06;Commento;Nezumia;;
09/11/2025;14:20:28;39_T06;Commento;medusa con ombrela scura (Cubomedusa);;
09/11/2025;14:27:32;39_T06;Commento;medusa con ombrela scura (Cubomedusa);;
09/11/2025;14:30:03;39_T06;Push-corer;;;
09/11/2025;14:30:49;39_T06;Commento;medusa con ombrela scura (Cubomedusa);;Segnato pesce anziché cnidario
09/11/2025;14:41:44;39_T06;Biologico ;Isidella elongata;;
09/11/2025;14:47:31;39_T06;Fine transetto;;;
09/11/2025;16:10:00;39_T01;Off Deck;;;
09/11/2025;16:45:58;39_T01;Commento;;;ROV sul fondo
09/11/2025;16:47:33;39_T01;Commento;Nezumia cf. aequalis;;
09/11/2025;16:51:00;39_T01;Inizio transetto;;;
09/11/2025;16:52:12;39_T01;Commento;;;
09/11/2025;16:57:42;39_T01;Biologico ;Protoptilum carpenteri;;
09/11/2025;17:05:49;39_T01;Commento;Aristaeus antennatus;;
09/11/2025;17:10:14;39_T01;Commento;Bottiglia di plastica;J13 bottiglia o contenitore plastica;
09/11/2025;17:14:33;39_T01;Commento;;;
09/11/2025;17:14:48;39_T01;Commento;Busta spazzatura nera;T370 sacchetto spazzatura;
09/11/2025;17:15:54;39_T01;Commento;Porifero bianco massivo;;
09/11/2025;17:16:05;39_T01;Commento;Crostaceo;;
09/11/2025;17:16:54;39_T01;Commento;MDAC - Methane-Derived Authigenic Carbonates;;
09/11/2025;17:29:24;39_T01;Commento;Munida sp.;;
09/11/2025;17:30:47;39_T01;Commento;Teglia in alluminio;;
09/11/2025;17:41:06;39_T01;Commento;MDAC - Methane-Derived Authigenic Carbonates;;
09/11/2025;17:42:03;39_T01;Commento;Lattina;J175 lattina;
09/11/2025;17:42:12;39_T01;Commento;Paromola cuvieri;;
09/11/2025;17:43:16;39_T01;Commento;;;Segnato per sbaglio Dendrobrachia invece di Bebryce
09/11/2025;17:51:26;39_T01;Commento;base di Isidella elongata;;
09/11/2025;17:59:12;39_T01;Commento;Briozoi;;
09/11/2025;18:02:52;39_T01;Commento;Spunga bianca;;
09/11/2025;18:03:16;39_T01;Commento;MDAC - Methane-Derived Authigenic Carbonates;;
09/11/2025;18:11:32;39_T01;Commento;Ceramaster;;
09/11/2025;18:14:29;39_T01;Commento;Ceramaster;;
09/11/2025;18:14:32;39_T01;Commento;Ceramaster;;
09/11/2025;18:14:35;39_T01;Commento;Ceramaster;;
09/11/2025;18:23:09;39_T01;Commento;Coral rubble;;
09/11/2025;18:24:22;39_T01;Commento;B. robustus;;
09/11/2025;18:31:07;39_T01;Commento;Coral rubble;;
09/11/2025;18:38:38;39_T01;Commento;Coral rubble;;
09/11/2025;18:39:42;39_T01;Commento;P. cuvieri;;
09/11/2025;18:41:33;39_T01;Commento;P. cuvieri;;
09/11/2025;18:42:12;39_T01;Commento;Nezumia;;
09/11/2025;18:45:18;39_T01;Commento;cfr Pachastrella monilifera;;
09/11/2025;18:51:33;39_T01;Commento;B. maravigna;;
09/11/2025;19:01:28;39_T01;Biologico ;C. rubrum;;
09/11/2025;19:02:56;39_T01;Commento;Coral rubble;;
09/11/2025;19:03:37;39_T01;Commento;Idrozoi;;
09/11/2025;19:09:31;39_T01;Commento;MDAC - Methane-Derived Authigenic Carbonates;;
09/11/2025;19:10:46;39_T01;Commento;MDAC - Methane-Derived Authigenic Carbonates;;
09/11/2025;19:11:13;39_T01;Commento;diverse formazioni MDAC - Methane-Derived Authigenic Carbonates;;
09/11/2025;19:14:36;39_T01;Commento;Phycis;;
09/11/2025;19:24:46;39_T01;Commento;Nezumia;;
09/11/2025;19:27:45;39_T01;Commento;Ripercorriamo le stesse rocce per esplorare l'altro lato del gruppo roccioso;;
09/11/2025;19:31:58;39_T01;Commento;Tornati al punto precedente, procediamo ad esplorare l'altro lato;;
09/11/2025;19:35:50;39_T01;Commento;B. robustus;;
09/11/2025;19:36:25;39_T01;Commento;Zoantidei;;
09/11/2025;19:38:33;39_T01;Commento;cfr Pachastrella monilifera;;
09/11/2025;19:40:21;39_T01;Commento;;Corpo morto di cemento;
09/11/2025;19:50:00;39_T01;Commento;cfr Pachastrella monilifera;;
09/11/2025;19:55:05;39_T01;Commento;P. cuvieri;;
09/11/2025;19:55:19;39_T01;Commento;P. cuvieri;;
09/11/2025;20:23:24;39_T01;Commento;Mooring;;
09/11/2025;20:29:21;39_T01;Fine transetto;;;
09/11/2025;23:48:00;40_T01;Off Deck;;;
10/11/2025;00:30:35;40_T01;Inizio transetto;;;
10/11/2025;00:40:16;40_T01;Commento;H. mediterraneous;;
10/11/2025;00:42:42;40_T01;Commento;Coral rubble;;
10/11/2025;00:52:29;40_T01;Commento;Muriceides lepida;;
10/11/2025;00:53:06;40_T01;Commento;Munida sp.;;
10/11/2025;00:54:48;40_T01;Commento;Phycis;;
10/11/2025;00:55:47;40_T01;Commento;B. robustus;;
10/11/2025;00:57:11;40_T01;Commento;B. robustus;;
10/11/2025;01:00:33;40_T01;Commento;D. bonsai;;
10/11/2025;01:06:41;40_T01;Commento;Anamathia rissoana;;
10/11/2025;01:11:51;40_T01;Commento;D. bonsai;;
10/11/2025;01:20:02;40_T01;Commento;F. edwarsi;;
10/11/2025;01:20:19;40_T01;Commento;A. antennatus;;
10/11/2025;01:22:46;40_T01;Commento;A. antennatus;;
10/11/2025;01:34:00;40_T01;Commento;Coral rubble;;
10/11/2025;01:37:03;40_T01;Commento;Facciolella;;
10/11/2025;01:47:59;40_T01;Commento;Zibrowius primnoidus;;
10/11/2025;02:06:28;40_T01;Fine transetto;;;
10/11/2025;03:53:00;40_T02;Inizio transetto;;;
10/11/2025;03:58:34;40_T02;Commento;C. agasizzi;;
10/11/2025;03:59:35;40_T02;Commento;C. agasizzi;;
10/11/2025;04:01:23;40_T02;Commento;C. agasizzi;;
10/11/2025;04:02:18;40_T02;Commento;C. agasizzi;;
10/11/2025;04:02:57;40_T02;Commento;C. agasizzi;;
10/11/2025;04:03:51;40_T02;Commento;C. agasizzi;;
10/11/2025;04:05:26;40_T02;Commento;C. agasizzi;;
10/11/2025;04:07:01;40_T02;Commento;C. agasizzi;;
10/11/2025;04:07:08;40_T02;Commento;C. agasizzi;;
10/11/2025;04:14:38;40_T02;Commento;A. antennatus;;
10/11/2025;04:16:29;40_T02;Commento;pesce accetta;;
10/11/2025;04:16:30;40_T02;Commento;pesce accetta;;
10/11/2025;04:18:15;40_T02;Commento;Coral rubble;;
10/11/2025;04:25:04;40_T02;Commento;Cubomedusa;;
10/11/2025;04:32:21;40_T02;Commento;C. agasizzi;;
10/11/2025;04:32:47;40_T02;Commento;A. antennatus;;
10/11/2025;04:33:06;40_T02;Commento;C. agasizzi;;
10/11/2025;04:34:38;40_T02;Commento;C. agasizzi;;
10/11/2025;04:36:59;40_T02;Commento;G. melastomus;;giovanile
10/11/2025;04:37:00;40_T02;Commento;A. antennatus;;
10/11/2025;04:37:57;40_T02;Commento;gambero;;
10/11/2025;04:38:28;40_T02;Commento;G. melastomus;;giovanile
10/11/2025;04:39:06;40_T02;Commento;C. agasizzi;;
10/11/2025;04:43:44;40_T02;Commento;P. longirostris;;
10/11/2025;04:43:45;40_T02;Commento;C. agasizzi;;
10/11/2025;04:46:13;40_T02;Commento;H. italicus;;
10/11/2025;04:53:21;40_T02;Commento;cancellare I. elongata;;
10/11/2025;04:56:13;40_T02;Commento;Callogorgia con Zibrowius primnoidus;;
10/11/2025;05:10:18;40_T02;Commento;esemplari di Callogorgia visibimente impattati;;
10/11/2025;05:10:51;40_T02;Commento;M. scolopax;;
10/11/2025;05:22:47;40_T02;Commento;Zibrowius primnoidus;;
10/11/2025;05:45:59;40_T02;Fine transetto;;;
10/11/2025;07:13:15;40_T03;Inizio transetto;;;
10/11/2025;07:21:46;40_T03;Commento;Chlorophthalmus agassizi;;
10/11/2025;07:24:06;40_T03;Commento;Munida;;
10/11/2025;07:24:25;40_T03;Commento;Spugne gialle incrostanti e bianche globose;;
10/11/2025;07:32:46;40_T03;Commento;Piccola Leiopathes;;
10/11/2025;07:44:45;40_T03;Commento;Base di Isidella;;
10/11/2025;07:52:18;40_T03;Biologico ;Retinata fango con tubicini;;Prelievo di sedimento con scoopnet 
10/11/2025;08:00:44;40_T03;Commento;Epigonidi;;
10/11/2025;08:03:27;40_T03;Commento;Swiftia pallida;;
10/11/2025;08:18:56;40_T03;Commento;Epigonidi;;
10/11/2025;08:30:55;40_T03;Commento;Idroidi;;
10/11/2025;08:45:49;40_T03;Commento;Spugne bianche e gialle incrosanti;;
10/11/2025;08:46:22;40_T03;Commento;Munida sp.;;
10/11/2025;08:48:52;40_T03;Commento;Peltaster placenta;;
10/11/2025;08:56:47;40_T03;Biologico ;cfr Paramuricea macrospina;;Previevo con braccio manipolatore di P. macrospina
10/11/2025;09:03:35;40_T03;Commento;Anamathia rissoana;;
10/11/2025;09:11:07;40_T03;Commento;Munida sp.;;
10/11/2025;09:17:47;40_T03;Commento;Epizoanthus sp.;;
10/11/2025;09:20:59;40_T03;Biologico ;Epizoanthus sp.;;Prelevato con braccio manipolatore ramo necrotico di L. glaberrima epibiontato da Epizoanthus sp.
10/11/2025;09:30:44;40_T03;Commento;Munida sp.;;
10/11/2025;09:32:18;40_T03;Commento;L. glaberrima epibiontata;;Cliccato E. verrucosa al posto di cnidari
10/11/2025;09:55:01;40_T03;Commento;Zibrowius primnoidus;;Presente anche su altre C. verticillata in questo transetto
10/11/2025;10:05:47;40_T03;Commento;;;Colonia di C. verticillata o L. glaberrima impigliata in lenze, necrotica ed epibiontata 
10/11/2025;10:10:39;40_T03;Commento;Spinolambrus macrochelus;;
10/11/2025;10:11:47;40_T03;Commento;Anamathia rissoana ;;
10/11/2025;10:13:59;40_T03;Commento;;;Fotogrammetria su L. glaberrima
10/11/2025;10:45:51;40_T03;Commento;piccole sogliole;;
10/11/2025;10:54:28;40_T03;Fine transetto;;;
10/11/2025;12:31:28;40_T04;Commento;Inizio rec prima del transetto;;Altezza maggiore dal fondo
10/11/2025;12:39:10;40_T04;Commento;Segni di strascico;;
10/11/2025;13:16:40;40_T04;Commento;Bicchiere di plastica;J13 bottiglia o contenitore plastica;
10/11/2025;13:19:30;40_T04;Commento;Frammenti di plastica;Frammenti di plastica;
10/11/2025;13:23:45;40_T04;Inizio transetto;;;
10/11/2025;13:27:00;40_T04;Commento;Frammenti di plastica sparsi;;
10/11/2025;13:29:42;40_T04;Commento;Anfora;;
10/11/2025;13:46:35;40_T04;Commento;Munida sp.;;
10/11/2025;13:47:50;40_T04;Commento;Rubble con spazzatura;;
10/11/2025;13:49:29;40_T04;Commento;Spugne bianche e gialle incrostanti;;
10/11/2025;13:50:10;40_T04;Commento;Epizoanthus sp. su Madrepora;;
10/11/2025;14:01:50;40_T04;Commento;Paromola cuvieri;;
10/11/2025;14:04:34;40_T04;Commento;Epizoanthus sp.;;
10/11/2025;14:05:12;40_T04;Commento;Paromola cuvieri;;
10/11/2025;14:05:48;40_T04;Commento;Numerose colonie di C. rubrum;;
10/11/2025;14:06:02;40_T04;Commento;Munida sp.;;
10/11/2025;14:12:47;40_T04;Commento;Numerose spugne bianche nd;;
10/11/2025;14:20:18;40_T04;Commento;Cima;;
10/11/2025;14:41:25;40_T04;Commento;Munida sp.;;
10/11/2025;15:10:26;40_T04;Commento;Spugne infangate;;
10/11/2025;15:11:00;40_T04;Commento;epigonide;;
10/11/2025;15:16:06;40_T04;Commento;Coral rubble;;
10/11/2025;15:20:46;40_T04;Commento;Coral rubble;;
10/11/2025;15:43:20;40_T04;Fine transetto;;;
10/11/2025;17:48:38;40_T05;Inizio transetto;;;
10/11/2025;17:48:55;40_T05;Commento;Aristaeus antennatus;;
10/11/2025;17:49:17;40_T05;Commento;cfr Aristaeus antennatus;;
10/11/2025;17:50:00;40_T05;Commento;Aristaeus antennatus;;
10/11/2025;17:50:22;40_T05;Commento;Crostaceo;;
10/11/2025;17:50:36;40_T05;Commento;Epigonide;;
10/11/2025;17:50:57;40_T05;Commento;Hymenocephalus;;
10/11/2025;17:51:35;40_T05;Commento;Crostaceo;;
10/11/2025;17:53:10;40_T05;Commento;Facciolella;;
10/11/2025;17:54:45;40_T05;Commento;Numerosi crostacei;;
10/11/2025;18:03:25;40_T05;Commento;Possibile matte batterica;;
10/11/2025;18:03:44;40_T05;Commento;Munida;;
10/11/2025;18:05:47;40_T05;Commento;Munida;;
10/11/2025;18:05:50;40_T05;Commento;Munida;;
10/11/2025;18:11:48;40_T05;Commento;Spugne lollipop;;
10/11/2025;18:18:10;40_T05;Commento;Spugne lollipop;;
10/11/2025;18:24:09;40_T05;Commento;A. antennatus ;;
10/11/2025;18:25:56;40_T05;Commento;Pezzo di vaso in argilla ;;
10/11/2025;18:26:13;40_T05;Commento;Facciolella;;
10/11/2025;18:26:40;40_T05;Commento;Idroidi su scheletro di Callogorgia;;
10/11/2025;18:29:32;40_T05;Commento;coral rubble;;
10/11/2025;18:31:01;40_T05;Commento;S. elomngata;;
10/11/2025;18:49:23;40_T05;Commento;P. bogaraveo;;
10/11/2025;18:49:23;40_T05;Commento;P. bogaraveo;;
10/11/2025;18:49:23;40_T05;Commento;P. bogaraveo;;
10/11/2025;19:00:27;40_T05;Commento;Callogorgia rovinate;;
10/11/2025;19:13:36;40_T05;Commento;Plastica;T370 sacchetto spazzatura;
10/11/2025;19:17:58;40_T05;Fine transetto;;;
10/11/2025;20:59:38;40_T15;Inizio transetto;;;
10/11/2025;21:03:27;40_T15;Commento;Chlorophthalmus agassizi;;
10/11/2025;21:03:56;40_T15;Commento;Chlorophthalmus agassizi;;
10/11/2025;21:04:26;40_T15;Commento; cfr Pesce accetta;;
10/11/2025;21:05:00;40_T15;Commento;Chlorophthalmus agassizi;;
10/11/2025;21:06:04;40_T15;Commento;Chlorophthalmus agassizi;;
10/11/2025;21:06:15;40_T15;Commento;A. antennatus;;
10/11/2025;21:09:17;40_T15;Commento;Chlorophthalmus agassizi;;
10/11/2025;21:09:19;40_T15;Commento;Gambero;;
10/11/2025;21:09:57;40_T15;Commento;Possibili segni di strascico;;
10/11/2025;21:15:23;40_T15;Commento;A. foliacea;;
10/11/2025;21:18:12;40_T15;Commento;Chlorophthalmus agassizi;;
10/11/2025;21:19:36;40_T15;Commento;cfr A. foliacea;;
10/11/2025;21:27:09;40_T15;Commento;H. italicus;;
10/11/2025;21:29:04;40_T15;Commento;A. antennatus;;
10/11/2025;21:36:35;40_T15;Commento;A. antennatus;;
10/11/2025;21:36:40;40_T15;Commento;Chlorophthalmus agassizi;;
10/11/2025;21:38:49;40_T15;Commento;Pesce accetta;;
10/11/2025;21:40:28;40_T15;Commento;MDAC;;
10/11/2025;21:41:30;40_T15;Commento;Plesonika;;
10/11/2025;21:41:33;40_T15;Commento;Munida sp.;;
10/11/2025;21:45:57;40_T15;Commento;Munida sp.;;
10/11/2025;21:54:34;40_T15;Commento;MDAC;;
10/11/2025;21:59:31;40_T15;Commento;Plastica;T370 sacchetto spazzatura;
10/11/2025;22:12:02;40_T15;Commento;Coral rubble;;
10/11/2025;22:21:48;40_T15;Commento;Crostaceo;;
10/11/2025;22:26:15;40_T15;Commento;Corpo morto (blocco di cemento);J204 tegola/mattone/piastrella;
10/11/2025;22:28:40;40_T15;Commento;Struttura rocciosa esposta cilindrica con piccole callogorgia, D. bonsai e P. giganteum;;
10/11/2025;22:43:53;40_T15;Fine transetto;;;
11/11/2025;01:00:17;40_T07;Commento;Arrivo sul punto del T07;;
11/11/2025;01:08:29;40_T07;Inizio transetto;;;
11/11/2025;01:15:35;40_T07;Commento;Lepidorhombus whiffiagonis;;
11/11/2025;01:20:54;40_T07;Commento;D. bonsaii;;
11/11/2025;01:21:00;40_T07;Commento;Crostaceo;;
11/11/2025;01:23:13;40_T07;Commento;Lenza;J59* lenza nylon;
11/11/2025;01:29:33;40_T07;Commento;Munida;;
11/11/2025;01:35:31;40_T07;Commento;Chlorophthalmus agassizi;;
11/11/2025;01:43:46;40_T07;Commento;Chlorophthalmus agassizi;;
11/11/2025;01:45:15;40_T07;Commento;A. antennatus;;
11/11/2025;01:50:44;40_T07;Commento;A. antennatus;;
11/11/2025;01:51:48;40_T07;Commento;Chlorophthalmus agassizi;;
11/11/2025;01:53:16;40_T07;Commento;Cima;J234* cime, corde o reti aggrovigliate;
11/11/2025;01:55:53;40_T07;Commento;A. antennatus;;
11/11/2025;02:01:11;40_T07;Commento;C. granulata;;
11/11/2025;02:01:44;40_T07;Commento;A. antennatus;;
11/11/2025;02:01:46;40_T07;Commento;A. antennatus;;
11/11/2025;02:03:10;40_T07;Commento;A. antennatus;;
11/11/2025;02:05:29;40_T07;Commento;Faccionella;;
11/11/2025;02:09:25;40_T07;Commento;coral rubble;;
11/11/2025;02:11:13;40_T07;Commento;C. granulata;;
11/11/2025;02:12:55;40_T07;Commento;coral rubble;;
11/11/2025;02:28:14;40_T07;Commento;Lenza;J59* lenza nylon;
11/11/2025;02:29:00;40_T07;Commento;Lollipop spugna ;;
11/11/2025;02:40:01;40_T07;Commento;Facciolella;;
11/11/2025;02:45:12;40_T07;Commento;coral rubble;;
11/11/2025;02:46:11;40_T07;Fine transetto;;;
11/11/2025;04:25:52;40_T06;;Arrivati quasi sul punto del T06, ma si è rotto il cesto del push-corer, risalgono sul deck per aggiustarlo;;
11/11/2025;05:30:36;40_T06;Off Deck;;;
11/11/2025;05:58:03;40_T06;Inizio transetto;;;
11/11/2025;06:04:09;40_T06;Commento;Munida sp.;;
11/11/2025;06:05:36;40_T06;Commento;L. vulgaris;;
11/11/2025;06:06:47;40_T06;Commento;Peltaster placenta;;
11/11/2025;06:08:51;40_T06;Commento;Swiftia pallida;;
11/11/2025;06:17:01;40_T06;Commento;Paromola cuvieri;;
11/11/2025;06:23:09;40_T06;Commento;cfr Plesionika sp. numerosi ;;
11/11/2025;06:29:47;40_T06;Commento;Numerose D. bonsai;;
11/11/2025;06:40:31;40_T06;Commento;Numerosi Plesionika narval;;
11/11/2025;06:48:00;40_T06;Commento;Problema con lenze. Risaliti al TMS;;
11/11/2025;07:15:48;40_T06;Commento;Risaliti a al TMS e spostati 100 m più avanti;;
11/11/2025;07:27:47;40_T06;Commento;Ripresa transetto;;
11/11/2025;07:30:34;40_T06;Commento;Idrozoi;;
11/11/2025;07:30:57;40_T06;Commento;Numerose S. pallida;;
11/11/2025;07:32:46;40_T06;Commento;C. verticillata danneggiata;;
11/11/2025;07:36:36;40_T06;Commento;Pezzo di plastica;;
11/11/2025;07:38:59;40_T06;Commento;Alcune C. verticillata piccole;;
11/11/2025;07:41:40;40_T06;Commento;Numerose C. verticillata danneggiate;;
11/11/2025;07:46:45;40_T06;Commento;Paromola cuvieri;;
11/11/2025;07:52:28;40_T06;Commento;Macroramphosus scolopax;;
11/11/2025;08:02:43;40_T06;Commento;Pezzo di plastica con sopra B. mollis e C. verticillata, segnato come substrato artificiale ;;
11/11/2025;08:26:27;40_T06;Fine transetto;;;
11/11/2025;08:26:32;40_T06;Commento;Segnata C. verticillata invece di Isidella elongata;;
11/11/2025;10:52:56;40_T16;Off Deck;;;
11/11/2025;11:16:27;40_T16;Inizio transetto;;;
11/11/2025;11:26:01;40_T16;Commento;Calistoctopus macropttopus;;
11/11/2025;11:31:52;40_T16;Commento;paguro;;
11/11/2025;11:34:44;40_T16;Commento;Coral rubble;;
11/11/2025;11:36:07;40_T16;Commento;Epigonidi;;
11/11/2025;11:46:07;40_T16;Commento;Coral rubble;;
11/11/2025;11:48:26;40_T16;Commento;Benthocometes;;
11/11/2025;11:51:11;40_T16;Commento;Numerose C. verticillata spezzate;;
11/11/2025;11:52:08;40_T16;Commento;Epigonidi;;
11/11/2025;11:55:02;40_T16;Commento;Numerose Munida sp. ;;
11/11/2025;12:01:11;40_T16;Commento;Munida sp. ;;
11/11/2025;12:02:53;40_T16;Commento;Continuano numerose C. verticillata spezzate ed epibiontate;;
11/11/2025;12:04:54;40_T16;Commento;Coral rubble;;
11/11/2025;12:14:48;40_T16;Commento;Numerose C. verticillata di grandi dimensioni;;
11/11/2025;12:23:06;40_T16;Commento;Coral rubble;;
11/11/2025;12:46:45;40_T16;Commento;Segno strascico;;
11/11/2025;12:52:16;40_T16;Fine transetto;;;
11/11/2025;14:40:02;40_T13;Commento;ROV sul fondo;;
11/11/2025;14:44:08;40_T13;Inizio transetto;;;
11/11/2025;14:54:34;40_T13;Commento;Uova di gattuccio;;
11/11/2025;15:09:11;40_T13;Commento;Spugna con briozoi;;
11/11/2025;15:26:54;40_T13;Biologico ;I. elongata;;I. elongata su roccia
11/11/2025;15:31:19;40_T13;Commento;Coral rubble;;
11/11/2025;15:31:26;40_T13;Commento;Epigonidi;;
11/11/2025;15:35:29;40_T13;Commento;C. verticillata morta;;
11/11/2025;15:40:50;40_T13;Commento;Benthocometes;;
11/11/2025;15:45:24;40_T13;Commento;Anamthia rissoana;;
11/11/2025;15:57:40;40_T13;Commento;Lepidorhombus;;
11/11/2025;16:17:43;40_T13;Fine transetto;;;
11/11/2025;17:48:02;40_T08;Off Deck;;;
11/11/2025;18:27:17;40_T08;Inizio transetto;;;prova scrittura contemporanea riuscita
11/11/2025;18:30:24;40_T08;Commento;segni evidenti di strascico;;
11/11/2025;18:37:00;40_T08;Commento;cerianto;;
11/11/2025;18:41:29;40_T08;Commento;Plastica;J13 bottiglia o contenitore plastica;
11/11/2025;18:42:42;40_T08;Commento;segni evidenti di strascico;;
11/11/2025;18:45:01;40_T08;Commento;ALDFG;J54* rete/pezzo rete >50cm;
11/11/2025;18:52:24;40_T08;Commento;segni evidenti di strascico;;
11/11/2025;18:57:15;40_T08;Commento;ALDFG (blocco di cemento);J204 tegola/mattone/piastrella;
11/11/2025;19:03:28;40_T08;Commento;groviglio di lenze;J59* lenza nylon;
11/11/2025;19:10:00;40_T08;Commento;crostaceo;;
11/11/2025;19:12:00;40_T08;Commento;facciolella;;
11/11/2025;19:14:00;40_T08;Commento;facciolella;;
11/11/2025;19:15:00;40_T08;Commento;segni evidenti di strascico;;
11/11/2025;19:16:00;40_T08;Commento;busta di plastica;T370 sacchetto spazzatura;
11/11/2025;19:21:00;40_T08;Commento;segni evidenti di strascico;;
11/11/2025;19:26:10;40_T08;Commento;Isidella;;
11/11/2025;19:26:13;40_T08;Commento;segni evidenti di strascico;;
11/11/2025;19:27:31;40_T08;Commento;Isidella;;
11/11/2025;19:30:45;40_T08;Commento;segni evidenti di strascico;;
11/11/2025;19:32:07;40_T08;Commento;segni evidenti di strascico;;
11/11/2025;19:38:01;40_T08;Commento;segni evidenti di strascico;;
11/11/2025;19:40:38;40_T08;Commento;Cerianto;;
11/11/2025;19:42:02;40_T08;Fine transetto;;;
11/11/2025;22:36:20;40_T12;Off Deck;;;
11/11/2025;23:17:12;40_T12;Inizio transetto;;;
11/11/2025;23:26:54;40_T12;Commento;A. antennatus;;
11/11/2025;23:29:48;40_T12;Commento;Polpo da cercare;;
11/11/2025;23:44:28;40_T12;Commento;A. antennatus;;
11/11/2025;23:48:57;40_T12;Commento;lollipop Spugna ;;
11/11/2025;23:55:01;40_T12;Commento;Lenza sul rov;J59* lenza nylon;
12/11/2025;00:02:16;40_T12;Commento;Ripresa transetto;;
12/11/2025;00:04:47;40_T12;Commento;cubomedusa;;
12/11/2025;00:06:59;40_T12;Commento;cubomedusa;;
12/11/2025;00:15:25;40_T12;Commento;A.rissoana;;
12/11/2025;00:18:04;40_T12;Commento;cubomedusa;;
12/11/2025;00:19:06;40_T12;Commento;cubomedusa;;
12/11/2025;00:23:47;40_T12;Fine transetto;;;
12/11/2025;01:38:15;40_T18;Inizio transetto;;;
12/11/2025;01:44:34;40_T18;Commento;Cima;J234* cime, corde o reti aggrovigliate;
12/11/2025;01:47:45;40_T18;Commento;Lenza;J59* lenza nylon;
12/11/2025;01:50:47;40_T18;Commento;C. sloani;;
12/11/2025;01:52:08;40_T18;Commento;Lenza;J59* lenza nylon;
12/11/2025;02:01:19;40_T18;Commento;Cubomedusa;;
12/11/2025;02:01:39;40_T18;Commento;Cubomedusa;;
12/11/2025;02:09:27;40_T18;Commento;Cubomedusa;;
12/11/2025;02:13:52;40_T18;Commento;Cubomedusa;;
12/11/2025;02:16:40;40_T18;Commento;Cubomedusa;;
12/11/2025;02:17:04;40_T18;Commento;Cubomedusa;;
12/11/2025;02:18:28;40_T18;Commento;Cubomedusa;;
12/11/2025;02:23:10;40_T18;Commento;Cubomedusa;;
12/11/2025;02:51:02;40_T18;Commento;Cubomedusa;;
12/11/2025;02:52:56;40_T18;Commento;A. rissoana;;
12/11/2025;03:19:25;40_T18;Fine transetto;;;
12/11/2025;06:28:50;40_T19;Off Deck;;;
12/11/2025;06:32:43;40_T19;Commento;ROV in acqua;;
12/11/2025;07:11:55;40_T19;Inizio transetto;;;
12/11/2025;07:14:55;40_T19;Commento;Chauliodus sloani;;
12/11/2025;07:15:02;40_T19;Commento;Lollipop sponges;;
12/11/2025;07:17:31;40_T19;Commento;Lollipop sponges;;
12/11/2025;07:20:08;40_T19;Commento;Lollipop sponges;;
12/11/2025;07:20:56;40_T19;Commento;Facciolella oxyrhyncha;;
12/11/2025;07:23:35;40_T19;Commento;Grossa cima;J234* cime, corde o reti aggrovigliate;
12/11/2025;07:29:34;40_T19;Commento;cfr video;;
12/11/2025;07:32:31;40_T19;Commento;;Bicchiere di plastica e cimetta;
12/11/2025;07:39:25;40_T19;Commento;Lollipop sponge;;Zoom su lollipop sponge
12/11/2025;07:48:30;40_T19;Biologico ;Lollipop sponge;;Campionata la lollipop sponge zoomata alle h 07:39:25
12/11/2025;07:51:59;40_T19;Commento;Numerose piccole cime;;
12/11/2025;07:52:36;40_T19;Commento;Lollipop sponge;;
12/11/2025;07:56:57;40_T19;Commento;Numerose lollipop sponge sparse;;
12/11/2025;07:58:16;40_T19;Commento;Segnare come Isidella, non come Funiculina;;
12/11/2025;08:11:31;40_T19;Commento;Impatto simil scatola di metallo/plastica;J199 altro oggetto di metallo > 50 cm;
12/11/2025;08:19:25;40_T19;Commento;Lollipop sponges;;
12/11/2025;08:24:51;40_T19;Fine transetto;;;
12/11/2025;10:45:58;40_MBES_scout_01;Off Deck;;;
12/11/2025;11:29:41;40_MBES_scout_01;Laser scan;;;scouting MBES + LASER SCAN
12/11/2025;14:07:01;40_MBES_scout_01;On Deck;;;
13/11/2025;23:07:42;22_T05;Off Deck;;;
14/11/2025;00:02:39;22_T05;Niskin;prova;;
14/11/2025;00:02:41;22_T05;Inizio transetto;;;
14/11/2025;00:05:13;22_T05;Commento;I. elongata;;colonie grandi
14/11/2025;00:15:12;22_T05;Commento;Nezumia aequalis;;
14/11/2025;00:19:49;22_T05;Commento;Cerianthus sp.;;
14/11/2025;00:22:00;22_T05;Commento;Nezumia aequalis;;
14/11/2025;00:23:13;22_T05;Commento;Nettastoma melanurum;;
14/11/2025;00:24:26;22_T05;Commento;Cerianthus sp.;;
14/11/2025;00:24:49;22_T05;Commento;Cerianthus sp.;;
14/11/2025;00:25:31;22_T05;Commento;Cerianthus sp.;;
14/11/2025;00:30:54;22_T05;Commento;Nezumia aequalis;;
14/11/2025;00:31:15;22_T05;Commento;Nettastoma melanurum;;
14/11/2025;00:38:01;22_T05;Commento;Nettastoma melanurum;;
14/11/2025;00:41:21;22_T05;Commento;Nezumia aequalis;;
14/11/2025;00:41:41;22_T05;Commento;Hymenodiscus coronata;;
14/11/2025;00:49:00;22_T05;Commento;;;campionamento
14/11/2025;01:01:21;22_T05;Biologico ;Parantipathes sp.;;
14/11/2025;01:13:29;22_T05;Biologico ;Porifera nd;;
14/11/2025;01:18:11;22_T05;Commento;H. italicus;;
14/11/2025;01:18:34;22_T05;Commento;H. italicus;;
14/11/2025;01:22:44;22_T05;Commento;Nezumia aequalis;;
14/11/2025;01:28:56;22_T05;Commento;substrato;;roccia isolata 
14/11/2025;01:47:45;22_T05;Commento;Porifera nd;;spugne bianche a pallina
14/11/2025;01:50:48;22_T05;Commento;Nezumia aequalis;;
14/11/2025;01:51:04;22_T05;Commento;Nezumia aequalis;;
14/11/2025;02:04:11;22_T05;Commento;Nezumia aequalis;;
14/11/2025;02:04:26;22_T05;Commento;Cerianthus sp.;;
14/11/2025;02:11:16;22_T05;Commento;Myctophidae nd.;;
14/11/2025;02:14:36;22_T05;Commento;Phycis blennoides;;ricontrollare specie 
14/11/2025;02:20:15;22_T05;Commento;;;fine bamboo corals su fango
14/11/2025;02:21:34;22_T05;Commento;Nezumia aequalis;;
14/11/2025;02:32:38;22_T05;Commento;;;roccia infangata con biocostruzione
14/11/2025;02:33:15;22_T05;Commento;Muriceides sp.;;zoaintedeo parassita
14/11/2025;02:39:47;22_T05;Commento;;;forte pendenza
14/11/2025;02:41:03;22_T05;Commento;Nettastoma melanurum;;
14/11/2025;02:49:16;22_T05;Fine transetto;;;interrotto prima del termine della linea per monotonia del fondale
14/11/2025;03:38:17;22_T05;On Deck;;;
14/11/2025;04:48:47;22_T06;Off Deck;;;
14/11/2025;05:52:35;22_T06;Inizio transetto;;;
14/11/2025;05:46:02;22_T06;Commento;Stomias boa;;
14/11/2025;05:47:41;22_T06;Commento;Nezumia aequalis;;
14/11/2025;05:48:49;22_T06;Commento;Aristeus antennatus ;;
14/11/2025;05:49:22;22_T06;Commento;Stomias boa;;
14/11/2025;05:50:03;22_T06;Commento;controllare scylliorinus ;;
14/11/2025;05:50:58;22_T06;Commento;Nezumia aequalis;;
14/11/2025;05:53:16;22_T06;Commento;;;
14/11/2025;05:56:27;22_T06;Commento;Hymaenocephalus italicus;;
14/11/2025;05:57:18;22_T06;Commento;Nezumia aequalis;;
14/11/2025;06:02:00;22_T06;Commento;;J13 bottiglia o contenitore plastica;bicchiere plastica
14/11/2025;06:04:35;22_T06;Commento;Stomias boa e Nettastoma melanurus x 3 esemplari;;
14/11/2025;06:06:40;22_T06;Commento;Nettastoma melanurum;;
14/11/2025;06:10:33;22_T06;Commento;Nettastoma melanurum;;
14/11/2025;06:12:41;22_T06;Commento;Nettastoma melanurum;;
14/11/2025;06:13:31;22_T06;Commento;Nezumia aequalis;;
14/11/2025;06:21:09;22_T06;Commento;;Rifiuti vari, lenza metallo plastica;
14/11/2025;06:25:18;22_T06;Commento;Lenza;;
14/11/2025;06:39:27;22_T06;Commento;Nezumia aequalis 2 esemplari;;
14/11/2025;06:41:26;22_T06;Commento;Cerianthus sp.;;
14/11/2025;06:42:24;22_T06;Commento;Hymaenocephalus italicus;;
14/11/2025;06:55:21;22_T06;Commento;Nezumia aequalis;;
14/11/2025;06:57:13;22_T06;Commento;Hymaenocephalus italicus;;
14/11/2025;07:00:44;22_T06;Commento;Hymaenocephalus italicus;;
14/11/2025;07:11:20;22_T06;Commento;Nezumia aequalis;;
14/11/2025;07:27:49;22_T06;Commento;Cerianthus sp.;;
14/11/2025;07:48:01;22_T06;Commento;Nezumia aequalis;;
14/11/2025;07:48:17;22_T06;Commento;Cerianthus sp.;;
14/11/2025;07:52:05;22_T06;Commento;Nezumia aequalis;;
14/11/2025;07:52:42;22_T06;Commento;Nezumia aequalis;;
14/11/2025;08:00:13;22_T06;Commento;Hymaenocephalus italicus;;
14/11/2025;08:07:37;22_T06;Commento;Paromola cuvieri;Lenza;Verie, su lenza epizoantata
14/11/2025;08:10:29;22_T06;Commento;Ci fermiamo per lenza e risaliamo;;
14/11/2025;08:38:08;22_T06;Fine transetto;Fine transetto;;Decidiamo di interrompere il transetto
14/11/2025;08:40:56;22_T06;On Deck;spostamento da transetto 06 a transetto 20 sul TMS;;
14/11/2025;09:05:44;22_T06;On Deck;Risaliti in superficie per incoccio con lenza;;Rov nel deck alle 9:15 UTC
14/11/2025;10:40:32;22_T20;Off Deck;;;
14/11/2025;11:37:51;22_T20;Inizio transetto;;;
14/11/2025;11:38:46;22_T20;Commento;segni di strascico;;
14/11/2025;11:43:39;22_T20;Commento;segni di strascico;;
14/11/2025;11:49:04;22_T20;Commento;Nezumia aequalis;;
14/11/2025;12:11:23;22_T20;Commento;Cerianthus sp.;;
14/11/2025;12:15:00;22_T20;Commento;Cerianthus sp.;;
14/11/2025;12:20:49;22_T20;Commento;segni di strascico;;
14/11/2025;12:24:12;22_T20;Commento;Cerianthus sp.;;
14/11/2025;12:26:50;22_T20;Commento;Cerianthus sp.;;
14/11/2025;12:27:32;22_T06;Commento;Hymaenocephalus italicus;;
14/11/2025;12:28:24;22_T20;Commento;Cerianthus sp.;;
14/11/2025;12:35:37;22_T20;Commento;segni di strascico;;
14/11/2025;12:36:33;22_T20;Commento;segni di strascico;;
14/11/2025;12:37:33;22_T20;Commento;Cerianthus sp.;;
14/11/2025;12:38:23;22_T20;Commento;Hymaenocephalus italicus;;
14/11/2025;12:41:10;22_T20;Commento;segni di strascico;;
14/11/2025;12:52:39;22_T20;Commento;Nezumia aequalis;;
14/11/2025;12:53:06;22_T20;Commento;Hymaenocephalus italicus;;
14/11/2025;12:54:43;22_T20;Commento;segni di strascico;;
14/11/2025;13:18:36;22_T20;Fine transetto;;;allungato il transetto di 200 m per incrociare zona ad alto backscatter, esito negativo.
14/11/2025;14:25:08;22_T17;Off Deck;;;
14/11/2025;15:00:34;22_T17;Inizio transetto;;;fondo fangoso e segni strascico
14/11/2025;15:05:52;22_T17;Commento;Lepidorhombus sp;;
14/11/2025;15:08:07;22_T17;Commento;Nezumia aequalis;;
14/11/2025;15:08:25;22_T17;Commento;segni di strascico con agglomerati fangosi, sferici, tipo rodoliti;;
14/11/2025;15:16:48;22_T17;Commento;Cerianthus sp.;;
14/11/2025;15:19:44;22_T17;Commento;tentativo di campionamento di alcionaceo nd;;
14/11/2025;15:30:28;22_T17;Biologico ;Roccia con alcionaceo;;
14/11/2025;15:35:46;22_T17;Commento;Nezumia aequalis;;
14/11/2025;15:48:53;22_T17;Commento;Paramola cuvieri con plastica;;
14/11/2025;15:50:21;22_T17;Commento;Tanatocenosi a corallo non abbondante;;
14/11/2025;15:52:40;22_T17;Commento;D. dianthus su scheletro di Viminella e zoantari epibionti;;
14/11/2025;15:54:42;22_T17;Commento;Amphiantus dohrni;;
14/11/2025;16:08:14;22_T17;Commento;Munida sp.;;
14/11/2025;16:46:58;22_T17;Commento;Eximodea atlantica a profondit' anomala;;
14/11/2025;17:00:16;22_T17;Commento;Nezumia aequalis;;
14/11/2025;17:45:37;22_T17;Commento;Aulopus filamenosus;;
14/11/2025;17:46:12;22_T17;Fine transetto;;;
14/11/2025;18:06:55;22_T17;On Deck;;;
14/11/2025;19:08:48;22_T15;Off Deck;;;
14/11/2025;19:44:26;22_T15;Inizio transetto;;;
14/11/2025;19:47:38;22_T15;Commento;Epizoanthus su Viminella;;
14/11/2025;19:52:57;22_T15;Commento;Poriferi bianchi a pallina;;
14/11/2025;19:58:09;22_T15;Commento;Nezumia aequalis;;
14/11/2025;20:03:04;22_T15;Commento;Sertularella sp.;;
14/11/2025;20:04:55;22_T15;Commento;Spugna bianca a pallina;;
14/11/2025;20:11:06;22_T15;Commento;Inizio parete;;
14/11/2025;20:24:30;22_T15;Biologico ;Campionamento A. dichotoma;;
14/11/2025;20:32:44;22_T15;Commento;Epizoanthus su Lophelia;;
14/11/2025;20:41:51;22_T15;Commento;;;inizio campionamento
14/11/2025;20:50:01;22_T15;Biologico ;Parantipathes sp.;;
14/11/2025;21:11:43;22_T15;Commento;Parete vericale;;
14/11/2025;21:14:37;22_T15;Commento;P. cuvieri;;
14/11/2025;21:15:55;22_T15;Commento;Bactinectes maravigna;;
14/11/2025;21:21:22;22_T15;Commento;Anamanthia rissoana su Leiopathes;;
14/11/2025;21:21:22;22_T15;Commento;Isidella su tanatocenosi;;
14/11/2025;21:30:19;22_T15;Commento;Anamanthia rissoana ;;
14/11/2025;21:31:21;22_T15;Commento;Bactinectes maravigna;;
14/11/2025;21:47:45;22_T15;Commento;Nezumia aequalis;;
14/11/2025;21:49:13;22_T15;Fine transetto;;;
14/11/2025;22:31:32;22_T15;On Deck;;;
14/11/2025;23:09:52;22_T03;Off Deck;;;
14/11/2025;23:53:32;22_T03;Inizio transetto;;;
15/11/2025;00:04:37;22_T03;Commento;Nettastoma melanorum;;
15/11/2025;00:04:38;22_T03;Commento;Chaliodus sloani;;
15/11/2025;00:05:38;22_T03;Commento;Chaliodus sloani;;
15/11/2025;00:10:07;22_T03;Commento;;;CANCELLARE UNA CALLOGORGIA
15/11/2025;00:10:44;22_T03;Commento;Nezumia aequalis;;
15/11/2025;00:16:50;22_T03;Commento;Myctophidae nd;;
15/11/2025;00:26:58;22_T03;Commento;Nezumia aequalis;;
15/11/2025;00:27:15;22_T03;Commento;;;fine bamboo corals su fango
15/11/2025;00:31:41;22_T03;Commento;Nezumia aequalis;;
15/11/2025;00:33:52;22_T03;Fine transetto;;;transetto interrotto a 550 mp
15/11/2025;01:09:51;22_T03;On Deck;;;
15/11/2025;02:17:35;22_T02;Off Deck;;;
15/11/2025;03:14:03;22_T02;Inizio transetto;inizio transetto;;
15/11/2025;03:16:07;22_T02;Commento;Nezumia aequalis;;
15/11/2025;03:21:16;22_T02;Commento;Nezumia aequalis;;
15/11/2025;03:27:32;22_T02;Commento;Nettastoma melanurum;;
15/11/2025;03:30:48;22_T02;Commento;Nettastoma melanurum;;
15/11/2025;03:30:50;22_T02;Commento;Nettastoma melanurum;;
15/11/2025;03:44:11;22_T02;Commento;segni di strascico;;
15/11/2025;03:45:08;22_T02;Commento;segni di strascico;;
15/11/2025;03:45:16;22_T02;Commento;Nezumia aequalis;;
15/11/2025;03:47:50;22_T02;Commento;Cerianthus sp. ;;
15/11/2025;03:49:52;22_T02;Commento;imponentiu segni di strascico;;
15/11/2025;03:52:21;22_T02;Commento;Nettastoma melanurum;;
15/11/2025;04:20:25;22_T02;Commento;Nezumia aequalis;;
15/11/2025;04:26:48;22_T02;Fine transetto;fine transetto;;transetto interrotto  a 1100 mp
15/11/2025;04:34:43;22_T02;On Deck;;;
15/11/2025;05:40:12;22_T13;Off Deck;;;transito da T02 a T13 in acqua sul TMS
15/11/2025;05:40:20;22_T13;Inizio transetto;;;
15/11/2025;05:41:38;22_T13;Commento;;;inizio segni di strascico
15/11/2025;05:44:11;22_T13;Commento;;;segni di strascico
15/11/2025;05:47:39;22_T13;Commento;Nezumia aequalis;;
15/11/2025;06:23:56;22_T13;Commento;Cerianthus sp;;
15/11/2025;06:27:02;22_T13;Commento;Nezumia aequalis;;
15/11/2025;06:49:19;22_T13;Niskin;non evidente segno di flare ma campionata comunque acqua con 1 sola niskin quella senza adesivo SBE;;niskin quella senza adesivo SBE
15/11/2025;07:09:16;22_T13;Commento;fondale fangoso con segni di strascico, a maggiore pendenza;;
15/11/2025;07:11:05;22_T13;Commento;Nezumia aequalis;;
15/11/2025;07:14:26;22_T13;Fine transetto;;;interrotto transetto a 850 m
15/11/2025;07:39:40;22_T13;On Deck;;;
15/11/2025;08:50:42;22_T14;Off Deck;;;inizio registrazione con rov in acqua
15/11/2025;09:26:34;22_T14;Inizio transetto;;;
15/11/2025;09:26:47;22_T14;Commento;Nezumia aequalis;;
15/11/2025;09:33:43;22_T14;Fine transetto;;;interrotto transetto per necessità logistiche (trasbordo operatori video a trapani)
15/11/2025;10:01:30;22_T14;On Deck;;;
15/11/2025;23:47:27;29_T03;Off Deck;;;
16/11/2025;00:21:59;29_T03;29_T03;;;
16/11/2025;00:38:09;29_T03;29_T03;;;Interrotta discesa a 170 m 
16/11/2025;01:56:09;29_T03;Off Deck;;;
16/11/2025;02:24:13;29_T03;Inizio transetto;;;
16/11/2025;02:33:29;29_T03;Commento;Spugne bianche a pallina;;
16/11/2025;02:38:11;29_T03;Commento;P. placenta;;
16/11/2025;02:41:31;29_T03;Commento;Spugne bianche a pallina;;
16/11/2025;02:41:33;29_T03;Commento;Sclerattinie su roccia;;
16/11/2025;02:52:51;29_T03;Commento;Munida sp.;;
16/11/2025;02:54:07;29_T03;Commento;Munida sp.;;
16/11/2025;03:03:02;29_T03;Commento;;;Inizio campionamento
16/11/2025;03:03:30;29_T03;Biologico ;Acanthogorgiidae;;Campionamento di Acanthogorgia
16/11/2025;03:03:36;29_T03;Commento;Gasteropode ND;;
16/11/2025;03:07:25;29_T03;Commento;Foresta di C. verticillata;;
16/11/2025;03:16:34;29_T03;Commento;Spugne gialle incrostanti;;
16/11/2025;03:16:41;29_T03;Commento;P. placenta;;
16/11/2025;03:17:34;29_T03;Commento;Tanatocenosi a Madrepora misto Dentrophylla;;
16/11/2025;03:26:48;29_T03;Commento;;;Elevata pendenza
16/11/2025;03:26:50;29_T03;Commento;Foresta di C. verticillata su tanatocenosi di Madrepora e Dentrophylla;;
16/11/2025;03:38:03;29_T03;Commento;Nezumia;;
16/11/2025;03:38:06;29_T03;Commento;P. placenta;;
16/11/2025;03:38:07;29_T03;Commento;Fine foresta ;;
16/11/2025;03:44:39;29_T03;Commento;Aggregazione di Pagellus bogaraveo;;
16/11/2025;03:47:58;29_T03;Commento;Cerianthus sp. (altro);;
16/11/2025;03:53:27;29_T03;Commento;Spugne bianche a pallina;;
16/11/2025;03:56:19;29_T03;Commento; P. placenta;;
16/11/2025;03:56:35;29_T03;Commento; P. placenta;;
16/11/2025;03:56:36;29_T03;Commento; P. placenta;;
16/11/2025;03:56:37;29_T03;Commento; P. placenta;;
16/11/2025;03:59:32;29_T03;Commento;;;Pendenza
16/11/2025;04:10:00;29_T03;Fine transetto;;;
16/11/2025;04:28:11;29_T03;On Deck;;;
16/11/2025;05:21:08;29_T10;Off Deck;;;
16/11/2025;06:04:53;29_T10;Inizio transetto;;;
16/11/2025;06:06:08;29_T10;Commento;Munida sp;;
16/11/2025;06:10:13;29_T10;Commento;Stella da indentificare;;
16/11/2025;06:16:00;29_T10;Commento;Munida sp.;;
16/11/2025;06:16:01;29_T10;Commento;P. placenta;;
16/11/2025;06:19:51;29_T10;Commento;Sponge ground a litistidi fossili (Stony sponge ground);;
16/11/2025;06:21:16;29_T10;Commento;P. placenta;;
16/11/2025;06:26:21;29_T10;Commento;spugne bianche a pallina di vario tipo;;
16/11/2025;06:29:29;29_T10;Commento;Aulopus filamentosus;;
16/11/2025;06:30:13;29_T10;Commento;P. placenta;;
16/11/2025;06:38:54;29_T10;Commento;Spugne bianche a pallina;;
16/11/2025;06:42:49;29_T10;Commento;litistidi grandi;;
16/11/2025;06:43:24;29_T10;Commento;Parastichopus;;
16/11/2025;06:45:07;29_T10;Commento;Holoturia poli;;
16/11/2025;06:45:58;29_T10;Commento;Parastichopus;;
16/11/2025;06:49:46;29_T10;Commento;P. placenta;;
16/11/2025;06:52:07;29_T10;Commento;Parastichopus x 2;;
16/11/2025;06:52:40;29_T10;Commento;Acantholabrus;;
16/11/2025;06:53:49;29_T10;Commento;Holoturia poli;;
16/11/2025;06:54:59;29_T10;Commento;Aulopus filamentosus;;
16/11/2025;06:55:22;29_T10;Commento;Parastichopus;;
16/11/2025;07:00:04;29_T10;Commento;Spugne bianche a pallina;;
16/11/2025;07:02:46;29_T10;Commento;Parastichopus;;
16/11/2025;07:07:36;29_T10;Commento;Parastichopus;;
16/11/2025;07:26:40;29_T10;Biologico ;Spugna nd e balani giganti;;
16/11/2025;07:33:56;29_T10;Commento;Spugne con grande osculo;;
16/11/2025;07:36:44;29_T10;Commento;Spugne bianche a pallina;;
16/11/2025;07:41:20;29_T10;Commento;P. placenta;;
16/11/2025;07:45:06;29_T10;Commento;Aulopus filamentosus;;
16/11/2025;07:45:24;29_T10;Fine transetto;;;
16/11/2025;08:54:52;29_T10;On Deck;;;
16/11/2025;09:01:48;29_T09;Off Deck;;;
16/11/2025;09:25:23;29_T09;Inizio transetto;fondo fangoso con detrito organogeno;;
16/11/2025;09:27:59;29_T09;Commento;macroramposus scolopax;;
16/11/2025;09:28:23;29_T09;Commento;tanti C.agassizi;;
16/11/2025;09:34:57;29_T09;Commento;Munida sp;;
16/11/2025;09:47:15;29_T09;Commento;Pesce serpentiforme;;
16/11/2025;09:47:58;29_T09;Commento;Spugne bianche a pallina;;
16/11/2025;09:52:44;29_T09;Commento;Stella nd (Luidia sp.);;
16/11/2025;09:54:51;29_T09;Commento;tante spugne bianche a pallina;;
16/11/2025;10:01:00;29_T09;Commento;;;tentativo campionamento esito negativo
16/11/2025;10:09:24;29_T09;Commento;;;altro tentativo su spugna a pallina su roccia
16/11/2025;10:16:29;29_T09;Commento;H. poli;;
16/11/2025;10:25:34;29_T09;Commento;P.regalis;;
16/11/2025;10:30:43;29_T09;Commento;Luidia sp.;;
16/11/2025;10:34:46;29_T09;Commento;Peltaster placenta;;
16/11/2025;10:35:30;29_T09;Commento;Ceramaster glacialis  CF;;
16/11/2025;10:52:39;29_T09;Commento;Peltarster placenta;;
16/11/2025;10:53:09;29_T09;Commento;Aulopus filamentosus;;
16/11/2025;10:54:58;29_T09;Commento;Peltaster placenta;;
16/11/2025;10:55:54;29_T09;Commento;Aulopus filamentosus;;
16/11/2025;11:10:37;29_T09;Commento;Aulopus filamentosus;;
16/11/2025;11:11:56;29_T09;Commento;H. poli;;
16/11/2025;11:17:34;29_T09;Commento;P.phycis;;
16/11/2025;11:21:44;29_T09;Commento;Pletaster placenta;;
16/11/2025;11:23:16;29_T09;Commento;Aulopus x 2;;
16/11/2025;11:27:55;29_T09;Commento;Bathynectes sp.;;
16/11/2025;11:32:30;29_T09;Commento;Peltaster placenta;;
16/11/2025;11:36:06;29_T09;Fine transetto;;;Transito sott'acqua sul TMS
16/11/2025;12:37:06;29_T11;Off Deck;;;ROV scende sul fondo
16/11/2025;12:49:26;29_T11;Inizio transetto;;;
16/11/2025;12:58:39;29_T11;Commento;Reteporella ;;
16/11/2025;13:09:04;29_T11;Commento;Peltaster placenta;;
16/11/2025;13:09:51;29_T11;Commento;Acantolabrus pailloni;;
16/11/2025;13:11:56;29_T11;Commento;Merluccius cf.;;
16/11/2025;13:17:21;29_T11;Commento;Macroramposus scolopax x 2;;
16/11/2025;13:30:49;29_T11;Commento;Phycis phycis;;
16/11/2025;13:31:18;29_T11;Commento;Aulopus filamentosus;;
16/11/2025;13:34:06;29_T11;Commento;Aulopus filamentosus;;
16/11/2025;13:43:44;29_T11;Commento;;;
16/11/2025;13:48:56;29_T11;Commento;Macroramposus scolopax;;
16/11/2025;13:59:06;29_T11;Commento;Reteporella;;
16/11/2025;13:59:51;29_T11;Commento;Reteporella;;
16/11/2025;14:09:03;29_T11;Biologico ;B. mollis;;Campionata B. mollis
16/11/2025;14:14:33;29_T11;Commento;Peltaster placenta;;
16/11/2025;14:15:17;29_T11;Commento;Reteporella;;
16/11/2025;14:23:23;29_T11;Commento;Aulopus filamentosus;;
16/11/2025;14:24:36;29_T11;Commento;Peltaster placenta;;
16/11/2025;14:28:46;29_T11;Commento;Serranus cabrilla;;
16/11/2025;14:32:54;29_T11;Commento;Phycis phycis;;
16/11/2025;14:46:04;29_T11;Commento;Antipathella con uova di gattuccio;;
16/11/2025;14:55:50;29_T11;Commento;;;in attesa di fare esplorazione della foresta e fotogrammetria
16/11/2025;15:07:58;29_T11;Commento;Filograna/ salmacina complex su Antipathella;;
16/11/2025;15:08:32;29_T11;Commento;Hacelia attenuata;;
16/11/2025;15:28:54;29_T11;Commento;Bonellia viridis;;
16/11/2025;15:29:46;29_T11;Commento;;;procedure di avvio fotogrammetria< in precedenza navigazione intorno all area per stimare l-area coperta dalla foresta di Leiopathes , con scarsi risultati>
16/11/2025;15:39:48;29_T11;Commento;;;Avvio fotogrammetria
16/11/2025;16:12:29;29_T11;Commento;;;Fine fotogrammetria
16/11/2025;16:17:59;29_T11;Commento;Aulopus filamentosus;;
16/11/2025;16:20:44;29_T11;Commento;Parastichopus regalis;;
16/11/2025;16:24:57;29_T11;Fine transetto;;;Interrotto a 480  per lenza a mezz-acqua su pinnacolo 
16/11/2025;16:34:10;29_T11;On Deck;;;Transito sul fondo al transetto T12
16/11/2025;17:12:14;29_T12;Off Deck;;;
16/11/2025;17:21:01;29_T12;Inizio transetto;;;
16/11/2025;17:23:34;29_T12;Commento;peltaster placenta;;
16/11/2025;17:25:27;29_T12;Commento;Parastichopus regalis;;
16/11/2025;17:26:38;29_T12;Commento;Munida;;
16/11/2025;17:28:00;29_T12;Commento;plesionika;;
16/11/2025;17:28:24;29_T12;Commento;aulopus;;
16/11/2025;17:33:22;29_T12;Commento;phycis phycis;;
16/11/2025;17:33:35;29_T12;Commento;A. adspersa;;Litter hotspot
16/11/2025;17:34:47;29_T12;Commento;plesionika;;
16/11/2025;17:48:18;29_T12;Commento;peltaster;;
16/11/2025;17:49:48;29_T12;Commento;aulopus;;
16/11/2025;17:51:30;29_T12;Commento;reteporella;;
16/11/2025;17:53:21;29_T12;Commento;phycis phycis;;
16/11/2025;17:59:45;29_T12;Commento;Anfora;;Anfora
16/11/2025;18:05:20;29_T12;Commento;Peltaster;;
16/11/2025;18:05:40;29_T12;Commento;Parasticopus;;
16/11/2025;18:15:54;29_T12;Commento;;;Togliere Pacastrella e mettere Chondrosia
16/11/2025;18:17:58;29_T12;Commento;Porifera nd.;;
16/11/2025;18:19:43;29_T12;Commento;Porifera nd.;;
16/11/2025;18:27:36;29_T12;Commento;;;Presenza di CCA  e alghe brune
16/11/2025;18:29:31;29_T12;Commento;C. granulata;;
16/11/2025;18:30:55;29_T12;Commento;;;Presenza di CCA  e alghe brune
16/11/2025;18:31:08;29_T12;Commento;Porifera nd;;confronta con Chondrosia
16/11/2025;18:36:31;29_T12;Commento;Reteporella sp.;;
16/11/2025;18:39:56;29_T12;Commento;Peltaster placenta;;
16/11/2025;18:41:24;29_T12;Commento;H. atenuata;;
16/11/2025;18:42:42;29_T12;Commento;;;Pallone
16/11/2025;18:43:06;29_T12;Commento;Phycis phycis;;
16/11/2025;18:45:48;29_T12;Commento;Porifera nd;;confronta con spugna campionata
16/11/2025;18:46:35;29_T12;Commento;H. attenuata;;
16/11/2025;18:47:59;29_T12;Commento;;;Laminariales sparse
16/11/2025;18:49:28;29_T12;Commento;H. attenuata;;
16/11/2025;18:50:48;29_T12;Commento;P. erythrinus;;
16/11/2025;18:52:31;29_T12;Commento;S. cabrilla;;
16/11/2025;18:57:18;29_T12;Commento;P. placenta;;
16/11/2025;18:58:11;29_T12;Commento;P. placenta;;
16/11/2025;18:59:00;29_T12;Commento;H. attenuata;;
16/11/2025;18:59:10;29_T12;Commento;Porifera nd.;;
16/11/2025;19:00:53;29_T12;Commento;M. haelena;;
16/11/2025;19:04:36;29_T12;Commento;M. truncata;;
16/11/2025;19:04:56;29_T12;Commento;Porifera nd.;;spugne gialle a pallina, spugne tubulari e spugne a guanto
16/11/2025;19:06:06;29_T12;Commento;A. filamentosus;;
16/11/2025;19:07:43;29_T12;Fine transetto;;;
16/11/2025;19:23:51;29_T08;On Deck;;;
16/11/2025;20:23:49;29_T08;Off Deck;;;
16/11/2025;20:45:30;29_T08;Inizio transetto;;;
16/11/2025;20:47:11;29_T08;Commento;Sertularella sp.;;
16/11/2025;20:50:05;29_T08;Commento;Spinolambros macrochelus;;
16/11/2025;20:52:32;29_T08;Commento;Litistidi;;
16/11/2025;20:53:14;29_T08;Commento;Porifera nd;;spugne bianche a pallina
16/11/2025;20:55:49;29_T08;Commento;tubo;;
16/11/2025;20:58:15;29_T08;Commento;;;Ripples sul fondo
16/11/2025;20:59:44;29_T08;Commento;Tracurus sp.;;
16/11/2025;21:00:36;29_T08;Commento;Argentina sp;;Controllare
16/11/2025;21:02:06;29_T08;Commento;Tracurus sp.;;
16/11/2025;21:03:06;29_T08;Commento;Spinolambros macrochelus;;
16/11/2025;21:07:44;29_T08;Commento;Pesce piatto;;
16/11/2025;21:08:02;29_T08;Commento;;;aumento granulometria del detrito
16/11/2025;21:10:09;29_T08;Commento;Maja sp.;;
16/11/2025;21:11:07;29_T08;Commento;;;Ripples sul fondo
16/11/2025;21:16:40;29_T08;Commento;Muriceides lepida;;controllare
16/11/2025;21:17:10;29_T08;Commento;P. giganteum;;Balani
16/11/2025;21:27:21;29_T08;Commento;;;inizio campionamento
16/11/2025;21:48:37;29_T08;Biologico ;P. giganteum;;P. giganteum
16/11/2025;21:41:41;29_T08;Commento;sclerattinia;;
16/11/2025;21:48:37;29_T08;Biologico ;P. giganteum;;P. giganteum
16/11/2025;21:56:44;29_T08;Commento;L. whiffiagonis;;
16/11/2025;22:00:13;29_T08;Commento;;;P. giganteum
16/11/2025;22:03:11;29_T08;Commento;;;Ripples (sabbia nera)
16/11/2025;22:03:38;29_T08;Commento;;;P. giganteum
16/11/2025;22:04:28;29_T08;Commento;;;Roccia esposta
16/11/2025;22:06:10;29_T08;Commento;Phycis phycis;;
16/11/2025;22:06:10;29_T08;Commento;P. giganteum;;
16/11/2025;22:06:10;29_T08;Commento;Tracurus sp.;;aggregazione
16/11/2025;22:27:37;29_T08;Commento;;;roccia vulcanica esposta a patch
16/11/2025;22:35:24;29_T08;Commento;P. giganteum;;
16/11/2025;22:39:44;29_T08;Commento;P. giganteum;;
16/11/2025;22:43:38;29_T08;Commento;Aulopus filamentosus;;
16/11/2025;23:22:50;29_T08;Commento;Spugna gialla incrostante e altro;;
16/11/2025;23:28:28;29_T08;Commento;Tracurus sp.;;aggregazione
16/11/2025;23:33:50;29_T08;Commento;P. giganteum;;
16/11/2025;23:36:21;29_T08;Commento;Bonellia sp.;;
16/11/2025;23:41:12;29_T08;Fine transetto;;;
17/11/2025;00:12:00;29_T08;On Deck;attaccato a TMS per transfer ;;
17/11/2025;00:50:49;29_T04;Off Deck;;;
17/11/2025;00:52:45;29_T04;Inizio transetto;;;
17/11/2025;00:56:43;29_T04;Commento;Spugne bianche a pallina;;
17/11/2025;00:58:51;29_T04;Commento;Peltaster placenta;;
17/11/2025;01:00:40;29_T04;Commento;Pendenza;;
17/11/2025;01:04:37;29_T04;Commento;Muriceides o Placogorgia;;
17/11/2025;01:08:42;29_T04;Commento;Spugne bianche a pallina;;
17/11/2025;01:11:23;29_T04;Commento;Stony sponge ground con tanat a Dendrophylla;;
17/11/2025;01:12:19;29_T04;Commento;Holoturia poli;;
17/11/2025;01:13:25;29_T04;Commento;Parete verticale;;
17/11/2025;01:13:57;29_T04;Commento;Pagellus erythrinus;;
17/11/2025;01:21:15;29_T04;Commento;Serturarella sp.;;
17/11/2025;01:27:07;29_T04;Commento;Spinolambros macrochelus;;
17/11/2025;01:50:32;29_T04;Commento;Holoturia poli;;
17/11/2025;01:54:53;29_T04;Commento;Spinolambros macrochelus;;
17/11/2025;01:59:03;29_T04;Commento;Ceramaster ;;
17/11/2025;02:05:04;29_T04;Commento;Lepidorhombus wiffhiagonis;;
17/11/2025;02:09:35;29_T04;Commento;Megerria mediterranea?;;
17/11/2025;02:10:00;29_T04;Commento;Reteporella sp.;;
17/11/2025;02:10:28;29_T04;Commento;Triglidae;;
17/11/2025;02:10:55;29_T04;Commento;Spugne bianche a pallina;;
17/11/2025;02:14:33;29_T04;Commento;Reteporella sp.;;
17/11/2025;02:16:24;29_T04;Commento;Ophiacantha setosa;;
17/11/2025;02:19:20;29_T04;Commento;Facciolella oxyrhincha;;
17/11/2025;02:23:20;29_T04;Commento;C. mediterranea;;
17/11/2025;02:28:59;29_T04;Commento;Callistoctopus macropus;;
17/11/2025;02:30:11;29_T04;Commento;Triglidae;;
17/11/2025;02:37:17;29_T04;Commento;Holoturia poli;;
17/11/2025;02:42:01;29_T04;Commento;Holoturia poli;;
17/11/2025;02:42:47;29_T04;Commento;;;inizio campionamento
17/11/2025;02:54:22;29_T04;Commento;Campionamento abortito;;
17/11/2025;03:07:09;29_T04;Commento;Cidaridi in abbondanza;;
17/11/2025;03:10:29;29_T04;Commento;P. giganteum;;
17/11/2025;03:10:39;29_T04;Commento;;;inizio campionamento
17/11/2025;03:26:24;29_T04;Biologico ;Acanthogorgidae (P. macrospina ?);;212 m
17/11/2025;03:39:15;29_T04;Fine transetto;;;
17/11/2025;03:29:12;29_T05;Commento;Phycis phycis;;
17/11/2025;04:30:40;29_T05;Off Deck;;;
17/11/2025;04:55:17;29_T05;Inizio transetto;;;
17/11/2025;05:00:38;29_T05;Commento;Aulopus filamentosus;;
17/11/2025;05:05:28;29_T05;Commento;fine foresta coralli neri;;
17/11/2025;05:06:43;29_T05;Commento;Phycis phycis;;
17/11/2025;05:11:14;29_T05;Commento;Trachurus sp.;;
17/11/2025;05:13:11;29_T05;Commento;stony sponge ground;;
17/11/2025;05:17:05;29_T05;Commento;M. oculata cresce su scheletro corallo nero;;
17/11/2025;05:18:23;29_T05;Commento;Savaglia savalia su scheletro corallo nero ;;
17/11/2025;05:22:11;29_T05;Commento;Bathynectes maravigna ;;
17/11/2025;05:22:44;29_T05;Commento;colonia leiopathes gialla;;
17/11/2025;05:24:34;29_T05;Commento;Anamanthia rissoana su L. glaberrima;;
17/11/2025;05:29:19;29_T05;Commento;S. savalia ;;
17/11/2025;05:37:35;29_T05;Commento;A. filamentosus;;
17/11/2025;06:01:53;29_T05;Commento;spugna bianca massiva ;;
17/11/2025;06:06:01;29_T05;Commento;spugna incrostante bianca su L. glaberrima;;
17/11/2025;06:06:50;29_T05;Commento;A. filamentosus;;
17/11/2025;06:10:21;29_T05;Commento;Anamanthia;;
17/11/2025;06:14:00;29_T05;Commento;;fotografato idrozoo su scheletro di L.glaberrima;
17/11/2025;06:15:17;29_T05;Commento;A.filamentosus;;
17/11/2025;06:26:04;29_T05;Commento;Palinurus;;
17/11/2025;06:29:11;29_T05;Commento;Spugna bianca con idrozoi su scheletro di L.glab;;
17/11/2025;06:35:48;29_T05;Commento;Aulopus filamentosus;;
17/11/2025;06:36:44;29_T05;Commento;Holoturia poli;;
17/11/2025;06:50:52;29_T05;Commento;;struttura in terracotta circolare;
17/11/2025;06:54:46;29_T05;Commento;Macroramphosus scolopax;;
17/11/2025;07:03:20;29_T05;Commento;;inizio fotogrammetria;
17/11/2025;07:17:08;29_T05;Commento;;fine fotogrammetria;
17/11/2025;07:24:59;29_T05;Commento;A.filamentosus;;
17/11/2025;07:35:44;29_T05;Fine transetto;;;
17/11/2025;08:36:56;29_T06;Off Deck;;;
17/11/2025;09:17:17;29_T06;Inizio transetto;;;
17/11/2025;09:30:34;29_T06;Push-corer;;;fatto alle 9:20 il primo e alle 9:26 il secondo
17/11/2025;09:31:19;29_T06;Commento;Oloturie;;
17/11/2025;09:36:42;29_T06;Commento;;;sfera metallica e altro rifiuto
17/11/2025;09:37:01;29_T06;Commento;H. italicus;;
17/11/2025;09:38:35;29_T06;Commento;Oloturie;;
17/11/2025;09:42:35;29_T06;Commento;Batinectes maravigna;;
17/11/2025;09:45:28;29_T06;Commento;Nezumia;;
17/11/2025;10:09:19;29_T06;Commento;Nephrops norvegicus;;
17/11/2025;10:13:54;29_T06;Commento;;;attesa per campionamento Virgularia
17/11/2025;10:25:41;29_T06;Commento;Raja sp.;;
17/11/2025;10:27:50;29_T06;Biologico ;Funiculina quadrangularis;;
17/11/2025;10:37:55;29_T06;Commento;Bonellia viridis;;
17/11/2025;10:38:51;29_T06;Commento;Munida;;
17/11/2025;10:39:22;29_T06;Commento;Peltaster;;
17/11/2025;10:41:42;29_T06;Commento;Bonellia viridis;;
17/11/2025;10:51:08;29_T06;Commento;Munida sp.;;
17/11/2025;10:52:27;29_T06;Fine transetto;;;
17/11/2025;12:06:02;29_T07;Off Deck;;;
17/11/2025;12:54:17;29_T07;Inizio transetto;;;
17/11/2025;13:17:44;29_T07;Commento;Acantholabrus palloni;;
17/11/2025;13:19:10;29_T07;Commento;Munida sp.;;
17/11/2025;13:22:57;29_T07;Commento;Echinus melo da verificare;;
17/11/2025;13:33:37;29_T07;Commento;Reteporella;;
17/11/2025;13:58:20;29_T07;Commento;Reteporella;;
17/11/2025;13:59:01;29_T07;Commento;Mullus surmuletus;;
17/11/2025;14:05:13;29_T07;Commento;Aulopus filamentosus;;
17/11/2025;14:06:00;29_T07;Commento;Reteporella;;
17/11/2025;14:06:31;29_T07;Commento;Mullus surmuletus;;
17/11/2025;14:10:06;29_T07;Commento;Anthias anthias;;
17/11/2025;14:10:29;29_T07;Commento;Reteporella;;
17/11/2025;14:11:12;29_T07;Commento;Reteporella;;
17/11/2025;14:12:07;29_T07;Commento;Anthias anthias;;
17/11/2025;14:15:29;29_T07;Commento;Phycis phycis;;
17/11/2025;14:20:22;29_T07;Commento;Aulopus filamentosus;;
17/11/2025;14:20:47;29_T07;Commento;Anthias anthias;;
17/11/2025;14:21:14;29_T07;Commento;Reteporella;;
17/11/2025;14:21:40;29_T07;Commento;Peltaster placenta;;
17/11/2025;14:26:19;29_T07;Commento;Macroramposus scolopax;;
17/11/2025;14:28:36;29_T07;Commento;Mullus surmuletus;;
17/11/2025;14:29:09;29_T07;Fine transetto;;;Interrompiamo a 496 m per preseza di lenze e cime sul fondale
17/11/2025;15:30:00;29_T13;Off Deck;;;
17/11/2025;15:53:45;29_T13;Inizio transetto;;;Roccia infangata
17/11/2025;15:58:24;29_T13;Commento;Bathinectes maravigna;;
17/11/2025;16:13:08;29_T13;Commento;Epigonus sp.;;
17/11/2025;16:16:03;29_T13;Commento;Epigonus sp.;;
17/11/2025;16:17:31;29_T13;Commento;Reteporella;;
17/11/2025;16:19:08;29_T13;Commento;Epigonus sp.;;
17/11/2025;16:19:08;29_T13;Commento;Reteporella;;
17/11/2025;16:20:43;29_T13;Commento;Epigonus sp.;;
17/11/2025;16:20:43;29_T13;Commento;Reteporella;;
17/11/2025;16:22:29;29_T13;Commento;Epigonus sp.;;
17/11/2025;16:22:29;29_T13;Commento;Reteporella;;
17/11/2025;16:22:50;29_T13;Commento;Scorpaena elongata;;
17/11/2025;16:24:31;29_T13;Commento;Epigonus sp.;;
17/11/2025;16:24:31;29_T13;Commento;Reteporella;;
17/11/2025;16:39:49;29_T13;Commento;Peltaster placenta;;
17/11/2025;16:41:06;29_T13;Commento;Peltaster placenta;;
17/11/2025;16:41:24;29_T13;Commento;Reteporella;;
17/11/2025;16:43:32;29_T13;Commento;Peltaster placenta;;
17/11/2025;16:43:38;29_T13;Commento;Epigonus sp.;;
17/11/2025;16:47:17;29_T13;Commento;Peltaster placenta;;
17/11/2025;16:51:26;29_T13;Commento;Reteporella;;
17/11/2025;16:53:05;29_T13;Commento;Peltaster placenta;;
17/11/2025;16:57:16;29_T13;Commento;Peltaster placenta;;
17/11/2025;16:58:36;29_T13;Commento;Aulopus filamentosus;;
17/11/2025;16:58:38;29_T13;Commento;Reteporella;;
17/11/2025;17:00:50;29_T13;Commento;Reteporella;;
17/11/2025;17:04:21;29_T13;Commento;Peltaster placenta;;
17/11/2025;17:09:03;29_T13;Commento;Peltaster placenta;;
17/11/2025;17:15:40;29_T13;Commento;Reteporella;;
17/11/2025;17:18:10;29_T13;Commento;Sponge ground Spugne bianche;;
17/11/2025;17:24:31;29_T13;Commento;Aulopus filamentosus x2;;
17/11/2025;17:29:52;29_T13;Commento;Aulopus filamentosus;;
17/11/2025;17:34:09;29_T13;Fine transetto;;;
17/11/2025;17:43:59;29_T13;On Deck;;;
17/11/2025;18:10:00;-;Commento;;;INTERRUZIONE TECNICA X SISTEMAZIONE GEMINI
17/11/2025;19:33:10;29_T13;Off Deck;;;
17/11/2025;19:33:10;29_T14;Inizio transetto;;;
17/11/2025;20:16:19;29_T14;Commento;Parasticopus regalis;;
17/11/2025;20:19:05;29_T14;Commento;Sertularella sp.;;
17/11/2025;20:20:24;29_T14;Commento;Peltaster sparse;;
17/11/2025;20:24:33;29_T14;Commento;cf. Galeodea echinophora;;
17/11/2025;20:27:09;29_T14;Commento;Renella ;;
17/11/2025;20:27:42;29_T14;Commento;Parasticopus regalis;;
17/11/2025;20:32:13;29_T14;Commento;Sertularella sp.;;
#RIF!;#RIF!;29_T14;Commento;Renella;;
17/11/2025;20:36:37;29_T14;Commento;Sertularella sp.;;
17/11/2025;20:39:21;29_T14;Commento;Parasticopus regalis;;
17/11/2025;20:42:48;29_T14;Commento;Densa copertura a idroidi;;
17/11/2025;20:52:01;29_T14;Commento;Reteporella sp.;;
17/11/2025;20:52:09;29_T14;Commento;Peltaster placenta;;
17/11/2025;21:07:57;29_T14;Commento;Parasticopus regalis;;
17/11/2025;21:14:06;29_T14;Commento;Parasticopus regalis;;
17/11/2025;21:14:35;29_T14;Commento;cf. Galeodea echinophora;;
17/11/2025;21:18:06;29_T14;Commento;Holoturia poli;;
17/11/2025;21:19:38;29_T14;Commento;Tana di polpo;;
17/11/2025;21:21:05;29_T14;Commento;Spugna incrostante bianca;;
17/11/2025;21:25:10;29_T14;Commento;Bactynectes maravigna;;
17/11/2025;21:25:30;29_T14;Commento;Spugna incrostante bianca;;
17/11/2025;21:30:05;29_T14;Commento;Reteporella sp.;;
17/11/2025;21:32:10;29_T14;Commento;Reef con poche colonie vive;;
17/11/2025;21:39:30;29_T14;Commento;Pacastrella monilifera sparsa;;
17/11/2025;21:41:34;29_T14;Commento;Nezumia aequalis;;
17/11/2025;21:42:16;29_T14;Commento; Fine reef madrepore;;
17/11/2025;22:02:31;29_T14;Commento;2 Aulopus filamentosus;;
17/11/2025;22:23:40;29_T14;Fine transetto;;;
17/11/2025;22:47:32;29_T14;On Deck;;;
17/11/2025;23:33:41;29_T01;Off Deck;;;
18/11/2025;00:22:18;29_T01;Inizio transetto;;;
18/11/2025;00:23:35;29_T01;Commento;N. aequalis;;
18/11/2025;00:28:28;29_T01;Commento;Notodendrodes sp.;;
18/11/2025;00:29:24;29_T01;Commento;Anamanthia rissoana su Leiopathes;;
18/11/2025;00:32:05;29_T01;Commento;spugne bianche a pallina;;
18/11/2025;00:32:52;29_T01;Commento;parete verticale ;;
18/11/2025;00:40:50;29_T01;Commento;Munida sp.;;
18/11/2025;00:42:43;29_T01;Commento;Z. primnoidus su cally;;
18/11/2025;00:51:24;29_T01;Commento;D. bonsai;;prato a D. bonsai
18/11/2025;00:51:24;29_T01;Commento;;;inizio campionamento
18/11/2025;00:55:33;29_T01;Biologico ;Spugne nd;;spugna bianca e roccia
18/11/2025;01:03:56;29_T01;Commento;Notodendrodes sp.;;
18/11/2025;01:04:14;29_T01;Commento;N. aequalis;;
18/11/2025;01:19:08;29_T01;Commento;grande densità B. mollis;;
18/11/2025;01:20:10;29_T01;Commento;B. viridis;;
18/11/2025;01:23:21;29_T01;Commento;7 colonie concentrate;;
18/11/2025;01:28:23;29_T01;Commento;epizoanthus sp. su ramo morto;;
18/11/2025;01:51:08;29_T01;Commento;N. aequalis;;
18/11/2025;01:55:51;29_T01;Commento;Notodendrodes sp.;;
18/11/2025;02:03:17;29_T01;Fine transetto;;;
18/11/2025;02:09:09;29_T01;On Deck;;;
18/11/2025;03:11:58;29_T02;Off Deck;;;
18/11/2025;03:17:59;29_T02;Inizio transetto;;;
18/11/2025;03:18:07;29_T02;Commento;Cancellare roccia esposta;;
18/11/2025;03:21:34;29_T02;Commento;spugne bianche a pallina;;
18/11/2025;03:21:35;29_T02;Commento;Nezumia aequalis;;
18/11/2025;03:26:34;29_T02;Commento;Notodendrodes sp.;;
18/11/2025;03:38:08;29_T02;Commento;Cancellare Callogorgia 100 500;;
18/11/2025;03:40:28;29_T02;Commento;Callogorgia su anfora;;
18/11/2025;03:47:23;29_T02;Commento;Hymenocephalus italicus;;
18/11/2025;03:56:25;29_T02;Commento;Isididi su roccia;;
18/11/2025;04:19:40;29_T02;Commento;Parete verticale di 10 m;;
18/11/2025;04:30:17;29_T02;Fine transetto;;;
28/12/2025;05:15:00;29_T02;Commento;Caretta caretta ;;
18/11/2025;05:21:22;29_T02;On Deck;;;
18/11/2025;09:03:13;53_T01;Off Deck;;;
18/11/2025;09:11:05;53_T01;On Deck;;;RISALITO X problemi al Gemini
18/11/2025;09:55:10;53_T01;Off Deck;;;
18/11/2025;10:54:43;53_T01;Commento;;;fuori dal TMS
18/11/2025;11:05:39;53_T01;Inizio transetto;;;fondo fangoso 1010
18/11/2025;11:20:58;53_T01;Commento;H. coronata;;
18/11/2025;11:28:50;53_T01;Commento;Pesce vipera controllare B&W camera;;
18/11/2025;11:41:39;53_T01;Commento;Pesce serpentiforme;;
18/11/2025;11:42:55;53_T01;Commento;Facciolella e pesce nd (caudale superiore allungata);;
18/11/2025;11:44:26;53_T01;Commento;Pesci nd;;
18/11/2025;11:58:40;53_T01;Commento;H.coronata;;
18/11/2025;12:03:10;53_T01;Commento;Cerianthus;;
18/11/2025;12:06:52;53_T01;Commento;Parasticopus;;
18/11/2025;12:09:02;53_T01;Commento;Cerianthus;;
18/11/2025;12:10:16;53_T01;Fine transetto;;;
18/11/2025;12:39:20;53_T01;On Deck;;;PROBLEMA TECNICO TRA LE 15 E LE 16
18/11/2025;15:38:35;53_T05;Off Deck;;;off deck reale alle 16:07
18/11/2025;15:51:13;53_T05;Inizio transetto;;;
18/11/2025;16:03:08;53_T05;Commento;Parastichopus x 2;;
18/11/2025;16:07:36;53_T05;Commento;Parastichopus;;
18/11/2025;16:15:16;53_T05;Commento;Pesce da identificare;;
18/11/2025;16:18:05;53_T05;Commento;H. italicus;;
18/11/2025;16:25:38;53_T05;Commento;H. coronata;;
18/11/2025;16:31:39;53_T05;Fine transetto;;;interrotto transetto a 350 m. fondale fangoso senza elementi di interesse
18/11/2025;17:01:00;53_T05;On Deck;;;
18/11/2025;19:21:54;53_T03;Off Deck;;;
18/11/2025;20:17:21;53_T03;Push-corer;;;
18/11/2025;20:28:53;53_T03;Inizio transetto;;;
18/11/2025;20:33:48;53_T03;Commento;Cancella plastica;;
18/11/2025;20:36:23;53_T03;Commento;Ceramaster;;
18/11/2025;20:39:40;53_T03;Commento;Parastichopus regalis;;
18/11/2025;20:43:28;53_T03;Commento;Parastichopus regalis;;
18/11/2025;21:27:51;53_T03;Commento;Cerianthus sp.;;20:44
18/11/2025;20:45:14;53_T03;Commento;Hymenodiscus coronata;;
18/11/2025;20:49:32;53_T03;Commento;Cerianthus sp.;;
18/11/2025;20:50:44;53_T03;Commento;Isidella divelta;;
18/11/2025;20:52:37;53_T03;Commento;Cerianthus sp.;;
18/11/2025;20:57:34;53_T03;Commento;Mesoturia intestinalis;;
18/11/2025;20:59:10;53_T03;Commento;Hymenocephalus italicus;;
18/11/2025;21:00:04;53_T03;Commento;Parastichopus regalis;;
18/11/2025;21:00:56;53_T03;Commento;Cerianthus sp.;;
18/11/2025;21:03:40;53_T03;Commento;Galeus melastomus;;
18/11/2025;21:08:05;53_T03;Fine transetto;interrotto a 440 mp;;
18/11/2025;21:51:15;53_T03;On Deck;;;
18/11/2025;23:19:02;53_T02;Off Deck;;;
19/11/2025;00:28:34;53_T02;Inizio transetto;;;
19/11/2025;00:33:53;53_T02;Commento;M. intestinalis;;
19/11/2025;00:34:54;53_T02;Commento;N. melanurum;;
19/11/2025;00:37:19;53_T02;Commento;oltrepassiamo una fish line ;fish line ;
19/11/2025;00:43:35;53_T02;Commento;strascico;;
19/11/2025;00:46:44;53_T02;Commento;Ceramaster;;
19/11/2025;00:47:18;53_T02;Commento;spugne bianche a pallina ;;
19/11/2025;00:49:47;53_T02;Commento;spugna trasparente ;;
19/11/2025;00:54:42;53_T02;Commento;B. maravigna ;;
19/11/2025;00:57:14;53_T02;Commento;N. melanurum;;
19/11/2025;01:05:39;53_T02;Commento;spugne bianche a pallina ;;
19/11/2025;01:17:08;53_T02;Commento;Ceramaster;;
19/11/2025;01:24:15;53_T02;Commento;strascico togli lenza;;
19/11/2025;01:30:49;53_T02;Commento;Pagurus;;
19/11/2025;01:55:39;53_T02;Commento;H. coronata ;;
19/11/2025;02:03:13;53_T02;Commento;;;inizio campionamento isidide
19/11/2025;02:09:49;53_T02;Biologico ;Isidide;;campionamento a 1070 m
19/11/2025;02:15:53;53_T02;Commento;;;oltrepassiamo una fish line 
19/11/2025;02:22:01;53_T02;Commento;;;fango con aumento considerevole della pendenza
19/11/2025;02:23:10;53_T02;Commento;Ceramaster;;
19/11/2025;02:30:36;53_T02;Commento;Mesoturia intestinalis;;
19/11/2025;02:30:47;53_T02;Commento;Ceramaster x2;;
19/11/2025;02:31:05;53_T02;Commento;H. coronata;;
19/11/2025;02:59:44;53_T02;Commento;segni di strascico;;
19/11/2025;03:04:19;53_T02;Commento;cf Chauliodus sp.;;
19/11/2025;03:14:34;53_T02;Commento;Parastichopus regalis;;
19/11/2025;03:20:29;53_T02;Commento;Vari Parasticopus;;
19/11/2025;03:26:26;53_T02;Commento;H. coronata;;
19/11/2025;03:28:48;53_T02;Commento;Pagurus;;
19/11/2025;03:30:17;53_T02;Commento;H. coronata;;
19/11/2025;03:31:17;53_T02;Commento;Sclerastherias sp.;;
19/11/2025;03:35:04;53_T02;Commento;N. aequalis;;
19/11/2025;03:35:21;53_T02;Commento;Pagurus;;
19/11/2025;03:38:35;53_T02;Commento;H. italicus;;
19/11/2025;03:38:38;53_T02;Commento;Ceramaster;;
19/11/2025;03:39:23;53_T02;Commento;N. aequalis;;
19/11/2025;03:43:54;53_T02;Commento;H. italicus;;
19/11/2025;03:50:19;53_T02;Fine transetto;fine transetto;;
19/11/2025;04:30:56;53_T02;On Deck;;;INIZIO TRANSITO SU SKERKI
19/11/2025;17:01:57;68_T01;Off Deck;;;
19/11/2025;17:18:31;68_T01;On Deck;;;
19/11/2025;17:18:33;68_T01;Off Deck;;;"Nuovo tentativo; out TMS alle 17:28"
19/11/2025;17:39:01;68_T01;Inizio transetto;;;
19/11/2025;17:40:08;68_T01;Commento;Lepidorombus sp.;;
19/11/2025;17:41:25;68_T01;Commento;Lepidorombus sp.;;
19/11/2025;17:45:00;68_T01;Commento;Spugna incrostante bianca;;
19/11/2025;17:45:14;68_T01;Commento;Reteporella sp.;;
19/11/2025;17:45:46;68_T01;Commento;M. scolopax;;
19/11/2025;17:48:31;68_T01;Commento;Phycis phycis;;
19/11/2025;17:49:36;68_T01;Commento;Reteporella sp.;;
19/11/2025;17:51:29;68_T01;Commento;Munida;;
19/11/2025;17:52:06;68_T01;Commento;Epigonus;;
19/11/2025;18:02:07;68_T01;Commento;M. scolopax;;
19/11/2025;18:09:43;68_T01;Commento;Spinolambrus;;
19/11/2025;18:11:39;68_T01;Commento;Scyllarides latus;;
19/11/2025;18:21:47;68_T01;Commento;Phycis phycis;;
19/11/2025;18:29:30;68_T01;Commento;Epigonus sp.;;
19/11/2025;18:32:21;68_T01;Commento;Reteporella sp. ;;
19/11/2025;18:38:54;68_T01;Commento;Spinolasmbrus macrochelos;;
19/11/2025;18:39:10;68_T01;Commento;spugne bianche a pallina ;;
19/11/2025;18:40:06;68_T01;Commento;Coelorinchus sp. ;;
19/11/2025;18:41:13;68_T01;Commento;Holoturia poli ;;
19/11/2025;18:46:17;68_T01;Commento;spugne incrostanti gialle ;;
19/11/2025;18:51:58;68_T01;Commento;Peltaster placenta ;;
19/11/2025;18:58:13;68_T01;Commento;Aulopus filamentosus ;;
19/11/2025;19:04:00;68_T01;Commento;fine sponge ground;;
19/11/2025;19:09:43;68_T01;Commento;Macroramphosus scolopax;;
19/11/2025;19:10:17;68_T01;Commento;Spinolasmbrus macrochelos;;
19/11/2025;19:13:00;68_T01;Commento;Spinolasmbrus macrochelos;;
19/11/2025;19:19:30;68_T01;Commento;Aulopus filamentosus ;;
19/11/2025;19:23:33;68_T01;Commento;Palinurus elephas ;;
19/11/2025;19:27:00;68_T01;Fine transetto;;;
19/11/2025;19:57:50;68_T01;On Deck;;;
19/11/2025;21:19:10;68_T02;Off Deck;;;
19/11/2025;21:54:40;68_T02;Inizio transetto;;;
19/11/2025;21:55:24;68_T02;Commento;H. coronata;;
19/11/2025;21:56:53;68_T02;Commento;H. coronata;;
19/11/2025;22:00:43;68_T02;Commento;inizio campionamento;;
19/11/2025;22:20:11;68_T02;Commento;Protoptilum carpenteri ?;;primo tentativo con T4 poi con retino
19/11/2025;22:28:57;68_T02;Commento;inizio campionamento;;
19/11/2025;22:37:56;68_T02;Biologico ;F.quadrangularis;;Funiculina quadrangularis
19/11/2025;22:47:59;68_T02;Commento;H. coronata;;
19/11/2025;22:51:33;68_T02;Commento;H. coronata;;
19/11/2025;22:53:33;68_T02;Commento;H. coronata;;
19/11/2025;22:54:45;68_T02;Commento;Coelorinchus sp. ;;
19/11/2025;22:55:00;68_T02;Commento;H. coronata;;
19/11/2025;22:59:18;68_T02;Commento;H. coronata;;
19/11/2025;22:59:27;68_T02;Commento;H. coronata;;
19/11/2025;23:00:01;68_T02;Commento;H. coronata;;
19/11/2025;23:01:06;68_T02;Commento;Nephrops neorvegicus;;
19/11/2025;23:01:20;68_T02;Commento;H. coronata;;
19/11/2025;23:01:36;68_T02;Commento;H. coronata;;
19/11/2025;23:04:32;68_T02;Commento;H. coronata;;
19/11/2025;23:05:02;68_T02;Commento;Coelorinchus sp. ;;
19/11/2025;23:05:21;68_T02;Commento;Triglidae nd.;;
19/11/2025;23:06:09;68_T02;Commento;H. coronata;;
19/11/2025;23:06:24;68_T02;Commento;H. coronata;;
19/11/2025;23:08:59;68_T02;Commento;H. coronata;;
19/11/2025;23:09:02;68_T02;Commento;H. coronata;;
19/11/2025;23:09:29;68_T02;Commento;H. coronata;;
19/11/2025;23:10:04;68_T02;Commento;H. coronata;;
19/11/2025;23:10:44;68_T02;Commento;H. coronata;;
19/11/2025;23:11:06;68_T02;Commento;H. coronata;;
19/11/2025;23:13:58;68_T02;Commento;H. coronata;;
19/11/2025;23:14:24;68_T02;Commento;Lepidorombus sp.;;
19/11/2025;23:15:25;68_T02;Commento;H. italicus;;
19/11/2025;23:15:45;68_T02;Commento;H. coronata;;
19/11/2025;23:15:53;68_T02;Commento;H. coronata;;
19/11/2025;23:16:19;68_T02;Commento;H. coronata;;
19/11/2025;23:16:34;68_T02;Commento;H. coronata;;
19/11/2025;23:16:43;68_T02;Commento;H. coronata;;
19/11/2025;23:17:13;68_T02;Commento;H. coronata;;
19/11/2025;23:17:17;68_T02;Commento;H. coronata;;
19/11/2025;23:17:20;68_T02;Commento;H. coronata;;
19/11/2025;23:17:57;68_T02;Commento;H. coronata;;
19/11/2025;23:18:11;68_T02;Commento;H. coronata;;
19/11/2025;23:18:28;68_T02;Commento;H. coronata;;
19/11/2025;23:18:33;68_T02;Commento;H. coronata;;
19/11/2025;23:18:40;68_T02;Fine transetto;;;
19/11/2025;23:50:34;68_T02;On Deck;;;
20/11/2025;00:42:05;68_T03;Off Deck;;;
20/11/2025;01:05:03;68_T03;Inizio transetto;;;
20/11/2025;01:05:09;68_T03;Commento;Calappa granulata ;;
20/11/2025;01:11:24;68_T03;Commento; cancellare Coelorinchus sp. ;;
20/11/2025;01:12:05;68_T03;Commento;Coelorinchus sp. ;;
20/11/2025;01:12:46;68_T03;Commento;Hyalinoecia tubicola;;
20/11/2025;01:15:13;68_T03;Commento;M. scolopax;;
20/11/2025;01:17:47;68_T03;Commento;Epigonus sp. ;;
20/11/2025;01:18:30;68_T03;Commento;P. placenta ;;
20/11/2025;01:18:52;68_T03;Commento;Chlopsis bicolor;;
20/11/2025;01:19:43;68_T03;Commento;togliere una funiculina ;;
20/11/2025;01:19:52;68_T03;Commento;Triglidae nd. ;;
20/11/2025;01:21:38;68_T03;Commento;Epigonus sp. ;;
20/11/2025;01:27:01;68_T03;Commento;M. scolopax;;
20/11/2025;01:27:40;68_T03;Commento;P. placenta ;;
20/11/2025;01:28:38;68_T03;Commento;Reteporella sp. ;;
20/11/2025;01:35:58;68_T03;Commento;inizio campionamento ;;
20/11/2025;01:40:37;68_T03;Biologico ; Acanthogorgiidae;;
20/11/2025;01:45:09;68_T03;Commento;Zeus faber;;
20/11/2025;01:46:07;68_T03;Commento;P. placenta ;;
20/11/2025;01:47:11;68_T03;Commento;P. elephas ;;
20/11/2025;01:49:46;68_T03;Commento;H. tubicola;;
20/11/2025;01:53:31;68_T03;Commento;chlopsis bicolor;;
20/11/2025;01:54:45;68_T03;Commento;Lepidorombus boscii;;
20/11/2025;01:55:05;68_T03;Commento;chlopsis bicolor;;
20/11/2025;01:57:23;68_T03;Commento;spugne gialle incrostanti;;
20/11/2025;01:59:47;68_T03;Commento;A. filamentosus;;
20/11/2025;02:00:57;68_T03;Commento;P. placenta ;;
20/11/2025;02:05:15;68_T03;Commento;Zeus faber;;
20/11/2025;02:14:38;68_T03;Commento;chlopsis bicolor;;
20/11/2025;02:16:29;68_T03;Commento;fine transetto ;;
20/11/2025;02:34:00;68_T03;On Deck;;;
20/11/2025;03:25:14;68_T04;Off Deck;;;
20/11/2025;03:53:20;68_T04;Inizio transetto;;;
20/11/2025;03:59:22;68_T04;Commento;Peristerion cataphractum;;
20/11/2025;04:02:26;68_T04;Commento;Spinolambrus macrochelos;;
20/11/2025;04:05:02;68_T04;Commento;H. coronata;;
20/11/2025;04:08:10;68_T04;Commento;H. italicus;;
20/11/2025;04:10:34;68_T04;Commento;H. coronata;;
20/11/2025;04:11:58;68_T04;Commento;H. italicus;;
20/11/2025;04:12:36;68_T04;Commento;Peristerion cataphractum;;
20/11/2025;04:16:08;68_T04;Commento;Peristerion cataphractum;;
20/11/2025;04:16:42;68_T04;Commento;H. coronata;;
20/11/2025;04:20:40;68_T04;Commento;H. coronata;;
20/11/2025;04:20:52;68_T04;Commento;Peristerion cataphractum;;
20/11/2025;04:39:53;68_T04;Commento;Pagurus;;
20/11/2025;04:40:03;68_T04;Commento;Lepidorombus boscii;;
20/11/2025;04:47:49;68_T04;Fine transetto;;;
20/11/2025;05:17:46;68_T04;On Deck;;;
20/11/2025;06:08:08;68_T05;Off Deck;;;
20/11/2025;06:40:43;68_T05;Inizio transetto;;;Prova campionamento push-corer fallito
20/11/2025;06:46:11;68_T05;Commento;H.tubicola;;
20/11/2025;06:49:09;68_T05;Commento;Parastichopus;;
20/11/2025;06:56:46;68_T05;Commento;Scyliorhinus da verificare;;
20/11/2025;06:57:53;68_T05;Commento;H. italicus;;
20/11/2025;07:04:27;68_T05;Commento;Phycis phycis;;
20/11/2025;07:05:15;68_T05;Commento;Spugne bianche a palline;;
20/11/2025;07:06:00;68_T05;Commento;Peltaster placenta;;
20/11/2025;07:08:31;68_T05;Commento;Peltaster placenta;;
20/11/2025;07:12:28;68_T05;Commento;Munida sp.;;
20/11/2025;07:12:53;68_T05;Commento;Epigonus;;
20/11/2025;07:15:45;68_T05;Commento;Spinolambrus macrochelos;;
20/11/2025;07:20:49;68_T05;Commento;Ceramaster;;
20/11/2025;07:22:26;68_T05;Commento;Peltaster placenta;;
20/11/2025;07:29:58;68_T05;Commento;Lepidorhombus sp.;;
20/11/2025;07:36:13;68_T05;Fine transetto;;;
20/11/2025;07:38:32;68_T05;On Deck;;;on deck alle 8:02 reale
20/11/2025;09:15:20;68_T06;Inizio transetto;;;off deck 8:40
20/11/2025;09:15:28;68_T06;Commento;;;Segni di strascico
20/11/2025;09:25:05;68_T06;Commento;Lepidorombus;;
20/11/2025;09:32:35;68_T06;Commento;Lepidorombus;;
20/11/2025;09:37:39;68_T06;Commento;Dipturus oxyrinchus;;
20/11/2025;09:47:24;68_T06;Commento;Lepidorombus;;
20/11/2025;09:51:00;68_T06;Fine transetto;;;si prosegue in immersione per altri 500-600m per verificare presenza di fondo roccioso
20/11/2025;10:10:27;68_T07;Inizio transetto;;;"deciso di prolungare di altri 500 m per verificare eventuale presenza di fondo roccioso; registrato video, ctd e adcp"
20/11/2025;10:13:55;68_T07;Commento;Triglidae;;
20/11/2025;10:27:57;68_T07;Fine transetto;;;si decide di spostare il transetto ancora oltre, portando il ROV sul deck
20/11/2025;11:24:20;68_T07_New;Inizio transetto;;;
20/11/2025;11:29:37;68_T07_New;Commento;;;segni di strascico
20/11/2025;11:32:03;68_T07_New;Commento;Spugna nd?;;
20/11/2025;11:36:12;68_T07_New;Commento;Peltaster placenta;;
20/11/2025;11:49:20;68_T07_New;Commento;Peltaster placenta;;
20/11/2025;12:07:19;68_T07_New;Commento;;;iniziato campionamento
20/11/2025;12:18:18;68_T07_New;Biologico ;Acanthogorgiidae;;fine campionamento Acanthogorgiidae
20/11/2025;12:29:18;68_T07_New;Commento;Aulopus filamentosus;;
20/11/2025;12:30:02;68_T07_New;Commento;Reteporella;;
20/11/2025;12:40:51;68_T07_New;Commento;;;iniziato campionamento
20/11/2025;12:50:14;68_T07_New;Biologico ;Spugna nd;;campionata spugna nd
20/11/2025;13:10:13;68_T07_New;Biologico ;Spugna nd e C. verticillata;;campionata spugna nd con callogorgia
20/11/2025;13:14:30;68_T07_New;Commento;Scorpaena scrofa;;
20/11/2025;13:15:15;68_T07_New;Commento;Bonellia viridis;;
20/11/2025;13:26:35;68_T07_New;Commento;Bonellia viridis;;
20/11/2025;13:26:52;68_T07_New;Commento;Phycis phycis;;
20/11/2025;13:32:56;68_T07_New;Commento;;;Inizio campionamento
20/11/2025;13:36:28;68_T07_New;Biologico ;Acanthogorgiidae;;capmpionata Acanthogorgiidae
20/11/2025;13:49:09;68_T07_New;Commento;Lepidorhombus sp.;;
20/11/2025;13:51:26;68_T07_New;Commento;Aulopus filamentosus;;
20/11/2025;13:57:07;68_T07_New;Commento;Bonellia viridis;;
20/11/2025;13:57:48;68_T07_New;Commento;Aulopus filamentosus;;
20/11/2025;13:58:04;68_T07_New;Commento;Zeus faber;;
20/11/2025;14:02:00;68_T07_New;Fine transetto;;;on deck alle 14:16
20/11/2025;23:08:51;22_T14;Off Deck;;;
20/11/2025;23:58:49;22_T14;Commento;Problemi con altimetro e profondimetro durante discesa e sul fondo;;
21/11/2025;00:01:29;22_T14;Inizio transetto;;;
21/11/2025;00:08:34;22_T14;Commento;T. galea;;
21/11/2025;00:21:16;22_T14;Commento;depressione con anfora dentro;;
21/11/2025;00:23:40;22_T14;Commento;H. italicus;;
21/11/2025;00:27:08;22_T14;Commento;N. aequalis;;
21/11/2025;00:44:20;22_T14;Commento;Inizio campionamento;;
21/11/2025;00:45:18;22_T14;Biologico ;P. carpenteri;;767 m
21/11/2025;01:14:23;22_T14;Commento;N. aequalis;;
21/11/2025;01:30:05;22_T14;Commento;fine bamboo corals su fango;;
21/11/2025;01:39:32;22_T14;Commento;segni strascico;;
21/11/2025;01:54:12;22_T14;Commento;Serturalella sp.;;
21/11/2025;02:03:05;22_T14;Fine transetto;a 904 mp, metri percorsi effettivi 982 m;;deviazione port side dal tracciato originale del transetto
21/11/2025;02:49:14;22_T14;On Deck;;;
21/11/2025;03:39:24;22_T16;Off Deck;;;
21/11/2025;04:22:34;22_T16;Inizio transetto;;;
21/11/2025;04:28:41;22_T16;Commento;H. italicus;;
21/11/2025;04:30:58;22_T16;Commento;H. italicus;;
21/11/2025;04:33:34;22_T16;Commento;pesce nd;;
21/11/2025;04:34:56;22_T16;Commento;Cerianthus sp.;;
21/11/2025;04:43:44;22_T16;Commento;Leptometra su isidide;;cf Artometra
21/11/2025;04:45:19;22_T16;Commento;Leptometra su isidide;;cf Artometra
21/11/2025;04:52:58;22_T16;Commento;Nettastoma melanurum;;
21/11/2025;04:55:09;22_T16;Commento;Leptometra su isidide;;
21/11/2025;05:06:01;22_T16;Commento;N. aequalis;;
21/11/2025;05:09:06;22_T16;Commento;polverone alzato da altro e aumento pendenza;;
21/11/2025;05:35:56;22_T16;commento;inizio campionamento;;
21/11/2025;05:40:01;22_T16;Biologico ;Antipathes ;;
21/11/2025;05:40:02;22_T16;commento;Stolonifero nd.;;cf Sarcodictyon catenatum
21/11/2025;05:50:40;22_T16;commento;cf Stichopathes ;;
21/11/2025;05:54:26;22_T16;commento;cf Sarcodictyon catenatum;;
21/11/2025;06:00:59;22_T16;commento;P. cuvieri;;
21/11/2025;06:05:02;22_T16;commento;Stolonifero nd.;;cf Sarcodictyon catenatum
21/11/2025;06:05:02;22_T16;commento;tentativo campionamento sostanza mucillaginosa arancione;;
21/11/2025;06:30:58;22_T16;Commento;tentativo campionamento sostanza mucillaginosa arancione;;FALLITO
21/11/2025;06:33:59;22_T16;Commento;Daniela;;
21/11/2025;06:37:44;22_T16;Commento;;;inizio tentativo di campionamento stolonifero
21/11/2025;06:47:25;22_T16;Commento;;;non campionato
21/11/2025;06:56:05;22_T16;Biologico ;Stolonifero su isidella (ipotesi);;solo Isidella
21/11/2025;07:06:51;22_T16;Commento;Daniela;;
21/11/2025;07:10:33;22_T16;Commento;cf Stichopathes ;;
21/11/2025;07:12:46;22_T16;Commento;scheletro di dendrophyllia con zoantari;;
21/11/2025;07:32:44;22_T16;Commento;Tentativo camionamento Dendrophyllia e stoloniferi;;
21/11/2025;07:35:49;22_T16;Biologico ;D. cornigera E STOLONIFERI;;
21/11/2025;07:47:54;22_T16;Fine transetto;;;on deck circa alle 9:20
21/11/2025;09:32:45;22_T11;Off Deck;;;circa alle 9:07
21/11/2025;10:04:06;22_T11;Inizio transetto;;;
21/11/2025;10:11:50;22_T11;Commento;;;vulcanetti di fango
21/11/2025;10:19:11;22_T11;Commento;H.italicus;;
21/11/2025;10:22:16;22_T11;Commento;Nezumia;;
21/11/2025;10:34:18;22_T11;Commento;H.italicus;;
21/11/2025;10:37:05;22_T11;Commento;H.italicus;;
21/11/2025;10:42:01;22_T11;Commento;Nezumia;;
21/11/2025;10:49:53;22_T11;Biologico ;Zoantidei nd;;
21/11/2025;11:14:05;22_T11;Commento;H. italicus;;
21/11/2025;11:17:34;22_T11;Commento;Nezumia;;
21/11/2025;11:20:52;22_T11;Commento;Cerianthus sp.;;
21/11/2025;11:23:52;22_T11;Commento;H. italicus;;
21/11/2025;11:34:45;22_T11;Commento;H. italicus;;
21/11/2025;11:51:51;22_T11;Commento;Cerianthus sp.;;
21/11/2025;11:58:37;22_T11;Commento;H. italicus;;
21/11/2025;12:08:08;22_T11;Commento;H. italicus;;
21/11/2025;12:15:44;22_T11;Commento;Nezumia;;
21/11/2025;12:18:04;22_T11;Commento;H. italicus;;
21/11/2025;12:25:38;22_T11;Commento;Cerianthus sp.;;
21/11/2025;12:27:22;22_T11;Push-corer;;;
21/11/2025;12:31:58;22_T11;Fine transetto;;;
21/11/2025;13:22:59;22_T11;On Deck;;;
21/11/2025;15:28:00;22_T01;;;;transito da Tr 11 a Tr 01 ma arrivati sul punto si rinuncia per arrivo cattivo tempo
23/11/2025;23:07:53;28_T05;Off Deck;;;
24/11/2025;00:06:01;28_T05;Commento;evitiamo una fishline prima di raggiungere il fondo;;risaliamo a 20 m sopra il fondale e riscendiamo
24/11/2025;00:21:22;28_T05;Inizio transetto;;;
24/11/2025;00:23:57;28_T05;Commento;fango molto irregolare con tumuli;;
24/11/2025;00:31:29;28_T05;Commento;isididi crescono sulle cime dei tumuli ;;
24/11/2025;00:57:32;28_T05;Commento;Mesoturia intestinalis;;
24/11/2025;00:59:33;28_T05;Commento;Nettastoma melanurum;;
24/11/2025;01:10:07;28_T05;Commento;rivedere video (stecco bianco);;
24/11/2025;01:17:24;28_T05;Commento;rocce affioranti di colore bianco ;;
24/11/2025;01:43:11;28_T05;Commento;dalle h 01:32 il ROV non avanza;;
24/11/2025;01:44:55;28_T05;Commento;ROV risale sul TMS;;temporanea interruzione del transetto
24/11/2025;02:00:17;28_T05;Commento;ROV e TMS risalgono fino a 1082 m;;cavo TMS incastrato in una fishline/cima
24/11/2025;02:38:33;28_T05;Commento;ROV ritorna sul fondo;;
24/11/2025;02:38:49;28_T05;Commento;riprendiamo il transetto;;
24/11/2025;02:40:12;28_T05;Commento;Mesoturia intestinalis;;
24/11/2025;03:29:39;28_T05;Commento;N. aequalis;;
24/11/2025;03:29:47;28_T05;Commento;Mesoturia intestinalis;;
24/11/2025;03:42:59;28_T05;Fine transetto;;;interrotto a 1010 mp
24/11/2025;04:37:56;28_T05;On Deck;;;
24/11/2025;06:06:01;28_T06;Off Deck;;;off deck effetivo ore 05:55
24/11/2025;06:57:39;28_T06;Inizio transetto;;;
24/11/2025;07:33:44;28_T06;Commento;;;lenza sul percorso rov sale per riscendere dopo 30 m
24/11/2025;07:37:52;28_T06;Commento;;;Riscendiamo sul fondo
24/11/2025;07:41:36;28_T06;Commento;Nettastoma melanurum;;
24/11/2025;07:44:58;28_T06;Commento;H. italicus;;
24/11/2025;07:46:10;28_T06;Commento;;;lenza sul percorso rov sale per riscendere dopo 30 m
24/11/2025;07:51:05;28_T06;Commento;;;Riscendiamo sul fondo
24/11/2025;07:54:22;28_T06;Commento;Nezumia;;
24/11/2025;08:02:37;28_T06;Commento;Nezumia;;
24/11/2025;08:03:15;28_T06;Fine transetto;;;interrotto transetto a 700 m
24/11/2025;08:56:12;28_T06;On Deck;;;
24/11/2025;09:58:12;28_T04;Off Deck;;;off deck reale 9:55
24/11/2025;10:56:18;28_T04;Inizio transetto;;;
24/11/2025;11:02:52;28_T04;Commento;;;isidiidae morta a 1355 m
24/11/2025;11:28:14;28_T04;Commento;;;
24/11/2025;11:30:19;28_T04;Commento;;;Risaliamo per lenza
24/11/2025;11:46:01;28_T04;Commento;;;Ritorniamo sul fondo
24/11/2025;11:50:18;28_T04;Commento;;;Risaliti di 20 m x tornare sulla linea
24/11/2025;11:53:42;28_T04;Commento;;;Ritorniamo sul fondo
24/11/2025;12:00:11;28_T04;Commento;Nettastoma melanurum;;
24/11/2025;12:15:31;28_T04;Commento;;;annotate ossa sul fondale
24/11/2025;12:22:54;28_T04;Commento;;;inizio campionamento
24/11/2025;12:33:12;28_T04;Biologico ;Spugna nd;;Fine campionamento
24/11/2025;12:39:47;28_T04;Commento;Sponge ground;;
24/11/2025;12:41:47;28_T04;Commento;Scaeurgus unicirrhus;;
24/11/2025;13:06:47;28_T04;Commento;Ceramaster;;
24/11/2025;13:10:02;28_T04;Commento;Ceramaster;;
24/11/2025;13:11:35;28_T04;Commento;Nezumia;;
24/11/2025;13:20:20;28_T04;Commento;;;Risaliti per presenza di attrezzo da pesca
24/11/2025;13:44:26;28_T04;Commento;;;Riprendiamo il transetto
24/11/2025;13:48:44;28_T04;Commento;Geryon longipes;;
24/11/2025;14:07:56;28_T04;Commento;Ceramaster;;
24/11/2025;14:27:25;28_T04;Commento;;;Risaliti per presenza di attrezzo da pesca
24/11/2025;14:39:10;28_T04;Commento;;;Ritornati sul transetto e sul fondale
24/11/2025;15:02:10;28_T04;Commento;;;Risaliamo per lenza nel TMS, tagliata nella dive
24/11/2025;15:23:00;28_T04;Commento;;;Tornati sul fondo per riprendere la linea
24/11/2025;15:36:02;28_T04;Commento;;;incrociato un cestus veneris, verificare range batimetrico
24/11/2025;15:51:49;28_T04;Fine transetto;;;
24/11/2025;16:25:00;28_T04;On Deck;;;
24/11/2025;17:48:44;28_T03;Off Deck;;;
24/11/2025;19:18:18;28_T03;Inizio transetto;;;
24/11/2025;19:26:12;28_T03;Commento;Chauliodus sloani ;;
24/11/2025;19:31:17;28_T03;Commento;cf. Ceramaster ;;
24/11/2025;19:35:14;28_T03;Commento;Geryon longipes;;
24/11/2025;19:45:15;28_T03;Commento;;;ancora di cannizzo illegale 
24/11/2025;20:01:26;28_T03;Commento;Macrouridae nd. ;;
24/11/2025;20:19:14;28_T03;Commento;;;check al TMS
24/11/2025;20:23:03;28_T03;Commento;;;TMS  e ombelicale incastrati in due fishlnes
24/11/2025;21:08:39;28_T03;Commento;;;riprendiamo il transetto
24/11/2025;21:17:10;28_T03;Commento;Facciolella oxyrincha;;
24/11/2025;21:20:15;28_T03;Commento;check al TMS;;TMS  incastrato in due fishlines
24/11/2025;21:53:16;28_T03;Commento;;;riprendiamo il transetto
24/11/2025;22:01:59;28_T03;Commento;Facciolella oxyrincha;;
24/11/2025;22:29:13;28_T03;Commento;Facciolella oxyrincha;;
24/11/2025;22:39:55;28_T03;Commento;;;interruzione transetto per ombelicale impigliato in lenza 
24/11/2025;22:47:19;28_T03;Fine transetto;;;interrotto a 800 mp per terzo entanglememnt in lenze - impossibile procedere oltre 
24/11/2025;23:45:54;28_T03;On Deck;;;
25/11/2025;00:53:02;28_T03;Commento;;;impossibile procedere con il T12 per peggioramento condizioni meteo
25/11/2025;06:26:08;28_T12;Off Deck;;;Off deck reale probabilmente ore 6:15/6:20
25/11/2025;07:44:37;28_T12;Inizio transetto;;;
25/11/2025;07:52:05;28_T12;Commento;Nezumia sp;;
25/11/2025;08:29:37;28_T12;Commento;;;Risaliamo per lenza sul percorso
25/11/2025;08:49:25;28_T12;Commento;;;Ritorniamo sul fondale
25/11/2025;08:56:34;28_T12;Commento;scheletro di Isidiidae;;
25/11/2025;08:57:21;28_T12;Commento;H. Italicus;;
25/11/2025;09:04:40;28_T12;Commento;H. Italicus x 2;;
25/11/2025;09:05:31;28_T12;Fine transetto;;;
25/11/2025;09:47:21;28_T12;On Deck;;;
26/11/2025;17:15:00;28_T10;Off Deck;;;controllare da Next effettivo off deck
26/11/2025;18:36:11;28_T10;Commento;iniziamo il transetto 200 m piu avanti rispetto al punto di inizio previsto;;impossibilità di scendere sul fondo a causa delle fishlines (dopo la 3 incontrata)
26/11/2025;19:20:13;28_T10;Commento;raggiunto il punto - out of tms ;;
26/11/2025;19:27:37;28_T10;Inizio transetto;;;
26/11/2025;19:55:18;28_T10;Commento;segni di strascico - basi di isididi divelti ;;
26/11/2025;20:26:25;28_T10;Fine transetto;;;
26/11/2025;21:30:09;28_T10;On Deck;;;
27/11/2025;00:14:03;69_T06;Off Deck;;;
27/11/2025;01:24:34;69_T06;Push-corer;;;
27/11/2025;01:31:22;69_T06;Inizio transetto;;;
27/11/2025;01:44:29;69_T06;Commento;Galeus melastomus ;;
27/11/2025;01:51:27;69_T06;Commento;inizio campionamento;;
27/11/2025;02:01:41;69_T06;Commento;campionamento P: carpenteri con T4 fallito;;1306 m
27/11/2025;02:04:08;69_T06;Commento;secondo tentativo campionamento P: carpenteri con push corer;;
27/11/2025;02:11:27;69_T06;Commento;riprende transetto ;;
27/11/2025;02:16:49;69_T06;Commento;Macrouridae nd. ;;
27/11/2025;02:24:32;69_T06;Commento;cancellare secondo k stelliferum ;;
27/11/2025;02:31:47;69_T06;Commento;cancellare isidella ;;
27/11/2025;02:58:15;69_T06;Commento;Cerianthus sp. ;;
27/11/2025;03:20:16;69_T06;Commento;Macrouridae nd. ;;
27/11/2025;03:20:42;69_T06;Commento;aumento tumultuosità fondale ;;
27/11/2025;03:22:20;69_T06;Commento;Macrouridae nd. ;;
27/11/2025;03:22:54;69_T06;Commento;Facciolella oxyrincha;;
27/11/2025;03:26:29;69_T06;Commento;Macrouridae nd. ;;
27/11/2025;03:29:19;69_T06;Fine transetto;;;termine transetto anticipato a 860 mp 
27/11/2025;04:34:00;69_T06;On Deck;;;
27/11/2025;05:43:47;69_T03;Off Deck;;;ora esatta 05:41:00
27/11/2025;06:41:03;69_T03;Inizio transetto;;;
27/11/2025;06:51:29;69_T03;Commento;Ceramaster;;
27/11/2025;06:51:31;69_T03;Commento;Nettastoma;;
27/11/2025;07:06:30;69_T03;Commento;;;Alle 6:58 ROV verifica eventuale presenza di lenza
27/11/2025;07:07:42;69_T03;Commento;;;riprendiamo la linea
27/11/2025;07:25:51;69_T03;Commento;A. dohrni;;
27/11/2025;07:26:56;69_T03;Commento;Scheletro di isidiidae;;
27/11/2025;07:37:18;69_T03;Commento;;;Risaliamo per una lenza al TMS x fare 50 metri sulla linea del transetto
27/11/2025;07:46:58;69_T03;Commento;;;ritornialmo sul fondo
27/11/2025;07:50:14;69_T03;Commento;H.italicus;;
27/11/2025;07:55:15;69_T03;Commento;Facciolella;;
27/11/2025;07:55:27;69_T03;Commento;;;tantativo di campionamento stichopathes
27/11/2025;08:09:59;69_T03;Biologico ;cf. Stichopathes;;x2
27/11/2025;08:16:46;69_T03;Commento;Spugne bianche a ventaglio;;Tentativo campionamento con scoop net
27/11/2025;08:21:41;69_T03;Biologico ;spugna bianca intera;;
27/11/2025;08:45:03;69_T03;Commento;Facciolella;;
27/11/2025;09:10:39;69_T03;Commento;Facciolella;;
27/11/2025;09:20:04;69_T03;Commento;Mesoturia (tante);;
27/11/2025;09:27:55;69_T03;Commento;Cerianthus;;
27/11/2025;09:40:10;69_T03;Commento;Nezumia;;
27/11/2025;09:56:39;69_T03;Commento;facciolella;;
27/11/2025;09:58:19;69_T03;Commento;Paramola cuvieri;;
27/11/2025;10:09:38;69_T03;Commento;Spugna bianca a ventaglio;;
27/11/2025;10:19:05;69_T03;Commento;;;risalito al TMS a 10:12
27/11/2025;10:19:36;69_T03;Commento;;;ritorniamo sul fondale
27/11/2025;10:48:47;69_T03;Commento;;;rov risale al tms per check, successivamente navighiamo sul tms fino a fare gli ultimi 200 metri di transetto + interessanti come BKS
27/11/2025;12:08:20;69_T03;Commento;;;ritorniamo sul fondale per fare gli ultimi 200 m di transetto
27/11/2025;12:10:38;69_T03;Commento;Nezumia;;
27/11/2025;12:33:43;69_T03;Commento;Tentativo di campionamento Gorgonia bianca (Swiftia);;
27/11/2025;12:40:25;69_T03;Biologico ;cf. Swiftia;;
27/11/2025;12:56:57;69_T03;Fine transetto;;;
27/11/2025;13:39:58;69_T03;On Deck;;;
27/11/2025;14:50:42;69_T04;Off Deck;;;
27/11/2025;15:42:34;69_T04;Inizio transetto;;;
27/11/2025;15:46:46;69_T04;Commento;Spugna bianca / oggetto nd;;
27/11/2025;15:53:25;69_T04;Commento;;;ci solleviamo per lenza
27/11/2025;15:54:35;69_T04;Commento;;;ritorniamo sul transetto
27/11/2025;15:58:39;69_T04;Commento;Cerianto;;
27/11/2025;16:00:58;69_T04;Commento;Hoplostetus;;
27/11/2025;16:02:40;69_T04;Commento;;;Segni di strascico
27/11/2025;16:25:58;69_T04;Commento;;;ROV si allontana dalla parete per lenza
27/11/2025;16:38:42;69_T04;Commento;;;ROV ritorna sul transetto
27/11/2025;16:57:57;69_T04;Commento;Spugne gialle incrostanti;;
27/11/2025;17:14:29;69_T04;Commento;;;"proviamo a campionare degli zoantari nd ma senza successo; fatte foto con dvr"
27/11/2025;17:36:03;69_T04;Commento;;;"proviamo a campionare degli zoantari nd ma senza successo; fatte foto con dvr"
27/11/2025;17:51:27;69_T04;Commento;Spugne bianche a palline;;
27/11/2025;18:09:03;69_T04;Commento;Serturarella sp.;;
27/11/2025;18:22:18;69_T04;Commento;inizio campionamento;;fallito primo tentativo
27/11/2025;18:45:30;69_T04;Biologico ;cf Antipathes sp.;;secondo tentativo con una colonia diversa
27/11/2025;19:06:15;69_T04;Biologico ;Cerianthus sp.;;
27/11/2025;19:07:10;69_T04;Fine transetto;chiuso a 500 mp;;
27/11/2025;20:24:44;69_T04;On Deck;;;
27/11/2025;21:49:37;69_T05;Off Deck;;;
27/11/2025;22:43:05;69_T05;Inizio transetto;;;
27/11/2025;22:43:28;69_T05;Commento;Macrouridae nd. ;;
27/11/2025;22:44:48;69_T05;Commento;sgeni di strascico ;;
27/11/2025;22:46:32;69_T05;Commento;cancellare isidella ;;
27/11/2025;22:47:26;69_T05;Commento;Chauliodus sloani ;;
27/11/2025;22:48:23;69_T05;Commento;cancellare isidella ;;
27/11/2025;22:50:30;69_T05;Commento;Macrouridae nd. ;;
27/11/2025;22:50:33;69_T05;Commento;Chauliodus sloani ;;
27/11/2025;22:52:09;69_T05;Commento;Macrouridae nd. ;;
27/11/2025;22:55:57;69_T05;Commento;Paromola cuvieri ;;
27/11/2025;22:59:52;69_T05;Commento;Macrouridae nd. ;;
27/11/2025;23:19:52;69_T05;Commento;inizio campionamento;;D. koreni monopodiale su roccia con conchiglie
27/11/2025;23:34:33;69_T05;Biologico ;D. koreni  su roccia con conchiglie;;
27/11/2025;23:34:33;69_T05;Biologico ;Inizio campionamento Stolonifero;;fallito
28/11/2025;00:09:11;69_T05;Commento;;;check al tms
28/11/2025;00:12:35;69_T05;Commento;inizio campionamento C. rubrum;;fallito
28/11/2025;00:44:47;69_T05;Commento;;;facciamo 60 m di transetto senza poterci fermare perchè la nave deve evitare una rete da posta in traiettoria 
28/11/2025;00:55:18;69_T05;Commento;Macrouridae;;
28/11/2025;00:55:59;69_T05;Commento;spugna bianca a pallina ;;
28/11/2025;00:59:04;69_T05;Commento;Muriceides sp. su cima ;;
28/11/2025;01:09:33;69_T05;Fine transetto;;;
28/11/2025;01:46:01;69_T05;On Deck;;;
28/11/2025;03:02:56;69_T14;Off Deck;;;
28/11/2025;04:25:22;69_T14;Inizio transetto;;;
28/11/2025;04:28:09;69_T14;Commento;Chaliodus sloani;;
28/11/2025;04:30:40;69_T14;Commento;Spugna bianca a pallina;;
28/11/2025;04:31:39;69_T14;Commento;Chaliodus sloani;;
28/11/2025;04:33:38;69_T14;Commento;Inizio campionamento P. carpenteri;;
28/11/2025;04:37:46;69_T14;Commento;Campionamento fallito;;
28/11/2025;04:42:29;69_T14;Commento;Macruridae;;
28/11/2025;05:10:43;69_T14;Commento;Macruridae;;
28/11/2025;05:15:27;69_T14;Commento;Mattone;;
28/11/2025;05:16:02;69_T14;Commento;Macruridae;;
28/11/2025;05:17:38;69_T14;Commento;cf Facciolella oxyrhinca;;
28/11/2025;05:24:37;69_T14;Commento;Geryon longipes;;
28/11/2025;05:38:46;69_T14;Commento;Cerianthus sp.;;
28/11/2025;05:50:10;69_T14;Commento;Macruridae;;
28/11/2025;05:50:29;69_T14;Fine transetto;;;
28/11/2025;06:38:12;69_T14;On Deck;;;
28/11/2025;08:13:20;69_T11;Off Deck;;;
28/11/2025;09:00:02;69_T11;Inizio transetto;;;
28/11/2025;09:10:58;69_T11;Commento;Nezumia;;
28/11/2025;09:22:30;69_T11;Commento;;;proviamo a campionare ceriantario
28/11/2025;09:28:55;69_T11;Commento;Cerianto particolare;;non trovato nel cestello del ROV
28/11/2025;09:32:55;69_T11;Commento;Nezumia;;
28/11/2025;09:39:23;69_T11;Commento;Evil nezumia;;
28/11/2025;09:46:58;69_T11;Commento;Cf. facciolella;;
28/11/2025;09:49:12;69_T11;Commento;H. italicus;;
28/11/2025;10:06:17;69_T11;Commento;Facciolella;;
28/11/2025;10:10:10;69_T11;Commento;Ceramaster;;
28/11/2025;10:44:13;69_T11;Commento;Evil nezumia;;
28/11/2025;10:45:27;69_T11;Commento;;;rov si alza al tms per lenza
28/11/2025;11:00:49;69_T11;Commento;;;Rov sul TMS, si decide di recuperare on deck
28/11/2025;11:01:21;69_T11;Fine transetto;;;transetto interrotto a 705 m profondità 1117
28/11/2025;11:45:00;69_T11;On Deck;;;
28/11/2025;13:43:23;69_T02;Off Deck;;;
28/11/2025;14:53:18;69_T02;Inizio transetto;;;
28/11/2025;15:04:01;69_T02;Commento;;;avvio prova di campionamento
28/11/2025;15:06:22;69_T02;Commento;C. aurantiaca;;
28/11/2025;15:06:42;69_T02;Commento;Porifera nd bianco;;
28/11/2025;15:25:42;69_T02;Biologico ;cf. C. aurantiaca;;
28/11/2025;15:36:44;69_T02;Commento;Zibrowius;;
28/11/2025;15:44:28;69_T02;Commento;Gracilechinus;;
28/11/2025;15:55:50;69_T02;Commento;;;Tentativo di campionamento del riccio
28/11/2025;16:04:02;69_T02;Biologico ;Gracilechinus;;parziale
28/11/2025;16:10:10;69_T02;Commento;;;Tentativo campionamento
28/11/2025;16:20:24;69_T02;Biologico ;Cf. Acanthogorgiidae;;
28/11/2025;16:22:35;69_T02;;Gracilechinus;;
28/11/2025;16:23:51;69_T02;Commento;Bathynectes maravigna;;
28/11/2025;16:30:36;69_T02;Commento;Bathynectes maravigna;;MOLTE SPUGNE BIANCHE E GORGONIE GIALLE
28/11/2025;16:57:47;69_T02;Commento;Facciolella;;
28/11/2025;17:06:18;69_T02;Commento;Facciolella;;
28/11/2025;17:24:25;69_T02;Commento;Pachycerianthus sp.;;
28/11/2025;17:41:24;69_T02;Commento;Evil Nezumia;;
28/11/2025;17:43:06;69_T02;Commento;Evil Nezumia;;
28/11/2025;17:43:20;69_T02;Commento;Pachicerianthus (evil);;
28/11/2025;18:01:33;69_T02;Commento;Ceramaster sp.;;
28/11/2025;18:02:38;69_T02;Commento;Ceramaster sp.;;
28/11/2025;18:15:54;69_T02;Commento;Bathynectes maravigna;;
28/11/2025;18:17:28;69_T02;Commento;Ceramaster;;
28/11/2025;18:18:08;69_T02;Commento;Nezumia;;
28/11/2025;18:47:22;69_T02;Biologico ;cf Placogorgia coronata;;
28/11/2025;18:56:19;69_T02;Biologico ;Porifera nd.;;
28/11/2025;19:29:00;69_T02;Commento;Fango molto bioturbato;;
28/11/2025;19:33:34;69_T02;Commento;Ceramaster sp.;;
28/11/2025;19:37:57;69_T02;Commento;Fine habitat profondo con gorgonie, coralli neri e spugne su roccia;;
28/11/2025;20:29:26;69_T02;Fine transetto;;;Trasferimento al prossimo transetto in acqua
28/11/2025;20:40:35;69_T02;On Deck;;;
28/11/2025;22:08:42;69_T15;Off Deck;;;
28/11/2025;22:29:44;69_T15;Inizio transetto;;;
28/11/2025;22:36:21;69_T15;Commento;Cerianthus sp.;;
28/11/2025;22:38:24;69_T15;Commento;Aristeus sp.;;
28/11/2025;22:47:16;69_T15;Commento;Macrouridae;;
28/11/2025;22:49:43;69_T15;Commento;P. cuvieri;;
28/11/2025;22:50:07;69_T15;Commento;Porifera nd;;bianca incrostante
28/11/2025;22:54:26;69_T15;Commento;B. maravigna;;
28/11/2025;23:01:04;69_T15;Commento;B. maravigna;;
28/11/2025;23:02:22;69_T15;Commento;cf Caryophyllia inornata;;
28/11/2025;23:06:06;69_T15;Commento;Porifera nd;;spugne massive con digitazioni
28/11/2025;23:06:23;69_T15;Commento;molte gorgonie necrotiche del tutto o in parte;;
28/11/2025;23:10:53;69_T15;Commento;inizio campionamento;;Antipathes sp.
28/11/2025;23:14:16;69_T15;Commento;parantipathes sp. con tre punte;;
28/11/2025;23:29:02;69_T15;Biologico ;Antipathes sp.;;
28/11/2025;23:30:27;69_T15;Commento;cf Bythitidae;;
28/11/2025;23:31:54;69_T15;Commento;P. cuvieri;;
28/11/2025;23:36:28;69_T15;Commento;Porifera nd;;bianca incrostante
28/11/2025;23:42:33;69_T15;Commento;Macrouridae;;
28/11/2025;23:43:35;69_T15;Commento;Fine habitat;;
28/11/2025;23:47:43;69_T15;Commento;B. maravigna;;
28/11/2025;23:55:27;69_T15;Commento;solfobatteri ;;
29/11/2025;00:14:06;69_T15;Commento;Macrouridae;;
29/11/2025;00:32:24;69_T15;Commento;Macrouridae;;
29/11/2025;00:32:28;69_T15;Commento;Ceramaster;;
29/11/2025;00:35:09;69_T15;Commento;Macrouridae;;
29/11/2025;00:37:30;69_T15;Commento;Macrouridae;;
29/11/2025;00:38:20;69_T15;Commento;Ceramaster;;
29/11/2025;00:45:20;69_T15;Commento;fine habitat;;
29/11/2025;01:01:15;69_T15;Commento;pendenza elevata;;
29/11/2025;01:05:18;69_T15;Commento;cf Facciolella oxyrincha;;
29/11/2025;01:15:34;69_T15;Commento;tubo di materiale non definito;;con sopra M. lepida e cf  P. coronata
29/11/2025;01:29:10;69_T15;Commento;cf Facciolella oxyrincha;;
29/11/2025;01:29:41;69_T15;Commento;Macrouridae;;
29/11/2025;01:56:20;69_T15;Fine transetto;chiuso a 800 mp;;
29/11/2025;02:48:13;69_T15;On Deck;;;
29/11/2025;04:43:00;58_T01;Off Deck;;;
29/11/2025;06:50:11;58_T01;Inizio transetto;;;Fango batiale con bottiglia
29/11/2025;06:52:00;58_T01;Commento;Hymenodiscus;;
29/11/2025;06:52:13;58_T01;Commento;Holoturia nd;;
29/11/2025;06:58:30;58_T01;Commento;Hymenodiscus;;
29/11/2025;07:10:41;58_T01;Commento;Hymenodiscus;;
29/11/2025;07:14:13;58_T01;Commento;Penilpidia ludwigii;;
29/11/2025;07:23:44;58_T01;Commento;Hymenodiscus;;
29/11/2025;07:27:20;58_T01;Commento;gambero;;
29/11/2025;07:45:42;58_T01;Commento;Hymenodiscus;;
29/11/2025;07:54:08;58_T01;Commento;gambero;;
29/11/2025;08:30:30;58_T01;Commento;gambero;;su spazzatura
29/11/2025;09:05:15;58_T01;Commento;Nezumia;;
29/11/2025;09:14:01;58_T01;Commento;;;ROV fa check sul cavo
29/11/2025;09:19:32;58_T01;Commento;;;riprendiamo la linea
29/11/2025;10:51:17;58_T01;Commento;gambero;;
29/11/2025;11:00:23;58_T01;Commento;Notacanthus bonaparte;;
29/11/2025;11:12:30;58_T01;Commento;;;cambio di pendenza e roccia infangata
29/11/2025;11:22:00;58_T01;Commento;gambero;;
29/11/2025;12:05:36;58_T01;Commento;granchio nd;;
29/11/2025;12:12:10;58_T01;Commento;spugna nd;;
29/11/2025;12:22:10;58_T01;Commento;;;iniziamo campionamento con spugna nd bianca, fallito
29/11/2025;12:32:26;58_T01;Fine transetto;;;
29/11/2025;12:40:00;58_T01;On Deck;;;spostamento in acqua sul TMS, orario da verificare
29/11/2025;15:50:32;58_T02;Off Deck;;;Arrivati sul punto TMS scende alla quota. Out of TMS alle 16:13
29/11/2025;16:19:51;58_T02;Inizio transetto;;;
29/11/2025;16:24:37;58_T02;Commento;;;ROV risale per verificare il cavo
29/11/2025;16:35:11;58_T02;Commento;;;Ritorniamo sul fondo
29/11/2025;17:15:08;58_T02;Commento;;;proviamo a campionare con scoopnet
29/11/2025;17:23:57;58_T02;Biologico ;;;Campionati (forse) con scoopnet filamenti sotto roccia lavica
29/11/2025;17:28:34;58_T02;Commento;ancora ramificazioni nd senza polipi;;
29/11/2025;17:43:04;58_T02;Commento;gambero;;
29/11/2025;18:08:49;58_T02;Commento;Cataetyx laticeps;;
29/11/2025;18:28:53;58_T02;Commento;gamberetto;;
29/11/2025;18:43:00;58_T02;Commento;Pendenza;;
29/11/2025;20:45:05;58_T02;Commento;Ripples;;
29/11/2025;21:01:53;58_T02;Commento;Penilpidia ludwidi;;In atto natatorio
29/11/2025;21:12:49;58_T02;Commento;Notacanthus bonaparte ;;
29/11/2025;21:19:42;58_T02;Commento;Notacanthus bonaparte ;;
29/11/2025;21:41:17;58_T02;Commento;Penilpidia ludwigi;;
29/11/2025;21:41:18;58_T02;Commento;Penilpidia ludwigi;;
29/11/2025;21:48:35;58_T02;Commento;Ateroideo ND;;
29/11/2025;22:08:12;58_T02;Commento;Sterminare Bathypterois;;
29/11/2025;22:12:27;58_T02;Commento;Penilpidia ludwidi;;In atto natatorio
29/11/2025;22:47:56;58_T02;Fine transetto;;;allungato fino a 1800 mp per esplorare il top del seamount
30/11/2025;00:18:57;58_T02;on deck;;;
30/11/2025;02:03:28;58_T04;Off Deck;;;
30/11/2025;03:37:33;58_T04;Push-corer;;;
30/11/2025;03:42:11;58_T04;Inizio transetto;;;
30/11/2025;03:46:32;58_T04;Commento;rivedere pesce ;;
30/11/2025;03:57:44;58_T04;Commento;gasteropode bianco con scia ;;
30/11/2025;04:01:07;58_T04;Commento;H. coronata ;;
30/11/2025;04:01:26;58_T04;Commento;gasteropode con scia ;;
30/11/2025;04:01:28;58_T04;Commento;P. ludwigii;;
30/11/2025;04:05:28;58_T04;Commento;P. ludwigii;;
30/11/2025;04:05:34;58_T04;Commento;P. ludwigii;;
30/11/2025;04:06:18;58_T04;Commento;P. ludwigii;;
30/11/2025;04:14:42;58_T04;Commento;P. ludwigii;;
30/11/2025;04:15:36;58_T04;Commento;H. coronata ;;
30/11/2025;04:16:28;58_T04;Commento;P. ludwigii;;
30/11/2025;04:18:51;58_T04;Commento;P. ludwigii;;
30/11/2025;04:23:40;58_T04;Commento;P. ludwigii;;
30/11/2025;04:23:52;58_T04;Commento;P. ludwigii;;
30/11/2025;04:27:13;58_T04;Commento;P. ludwigii;;
30/11/2025;04:34:53;58_T04;Commento;video a scatti ;;
30/11/2025;04:43:30;58_T04;Commento;nicchio di Argonauta argo;;
30/11/2025;04:52:55;58_T04;Commento;P. ludwigii;;
30/11/2025;05:03:46;58_T04;Commento;H. coronata ;;
30/11/2025;05:05:57;58_T04;Commento;H. coronata ;;
30/11/2025;06:05:27;58_T04;Commento;H. coronata ;;
30/11/2025;06:49:29;58_T04;Commento;H. coronata ;;
30/11/2025;07:13:38;58_T04;Commento;P. ludwigii;;
30/11/2025;07:25:28;58_T04;Commento;Nezumia;;
30/11/2025;07:34:17;58_T04;Commento;Notacanthus bonaparte ;;
30/11/2025;07:46:16;58_T04;Fine transetto;;;Linea allungata e conclusa a 1562 m. Poi virato verso N per procedere ancora di 50 m. Termine transetto su bottiglia con vicino un pesce tripode
30/11/2025;09:26:01;58_T04;On Deck;;;
30/11/2025;11:34:36;69_T01;Off Deck;;;
30/11/2025;12:35:07;69_T01;Inizio transetto;;;
30/11/2025;12:39:13;69_T01;Commento;B. maravigna;;
30/11/2025;12:43:02;69_T01;Commento;spugna bianca nd;;
30/11/2025;12:43:30;69_T01;Commento;Ceramaster;;
30/11/2025;12:53:49;69_T01;Commento;;;tentativo di campionamento T4 su Leiopathes particolare
30/11/2025;12:59:41;69_T01;Biologico ;Leiopathes sp.;;
30/11/2025;13:06:00;69_T01;Commento;Spugna a calice bianca in parete;;
30/11/2025;13:23:32;69_T01;Commento;B. maravigna;;
30/11/2025;13:23:57;69_T01;Commento;spugna bianca nd;;
30/11/2025;13:50:45;69_T01;Commento;;;tentativo di campionamento fallito
30/11/2025;13:50:52;69_T01;Commento;Galathea nd;;
30/11/2025;13:55:38;69_T01;Commento;;;In attesa logistica per laser scan
30/11/2025;14:27:53;69_T01;Laser scan;;;Inizio laser scan
30/11/2025;14:53:57;69_T01;Commento;;;Fine laser scan
30/11/2025;14:59:33;69_T01;Commento;;;Riprendiamo il transetto
30/11/2025;15:02:45;69_T01;Commento;Ceramaster;;
30/11/2025;15:03:04;69_T01;Commento;B.maravigna;;
30/11/2025;15:23:00;69_T01;Commento;Ceramaster;;
30/11/2025;15:44:21;69_T01;Commento;Nezumia;;
30/11/2025;15:47:54;69_T01;Commento;Ceramaster;;
30/11/2025;16:13:04;69_T01;Commento;Facciolella;;
30/11/2025;16:18:31;69_T01;Fine transetto;;;
30/11/2025;16:39:12;69_T01;On Deck;;;navigazione sul fondale per raggiungere altro punto di prospezione T08 nel TMS a circa 200 dal fondo.
30/11/2025;17:26:02;69_T08;Off Deck;;;
30/11/2025;17:54:02;69_T08;Inizio transetto;;;
30/11/2025;17:54:31;69_T08;Commento;Chelidonisis;;
30/11/2025;17:58:18;69_T08;Commento;Stomias boa;;
30/11/2025;18:00:47;69_T08;Commento;B. maravigna;;
30/11/2025;18:30:12;69_T08;Commento;Facciolella;;
30/11/2025;18:30:53;69_T08;Commento;Facciolella;;
30/11/2025;18:36:54;69_T08;Commento;Nezumia;;
30/11/2025;18:41:00;69_T08;fine transetto;;;chiuso a 141 mp
30/11/2025;18:50:20;69_T08;On Deck;;;
30/11/2025;19:24:10;69_T09;Off Deck;;;
30/11/2025;19:26:17;69_T09;Inizio transetto;;;
30/11/2025;19:36:53;69_T09;Commento;Scaergus unicirruhs;;
30/11/2025;19:45:26;69_T09;Commento;inizio campionamento;;
30/11/2025;20:00:01;69_T09;Biologico ;stoloniferi nd;;
30/11/2025;20:11:20;69_T09;Commento;roccia franabile;;
30/11/2025;20:11:21;69_T09;Commento;stoloniferi nd su roccia;;
30/11/2025;20:12:00;69_T09;Commento;Gracilechunus;;
30/11/2025;20:28:23;69_T09;Commento;inizio campionamento;;gorgonia gialla nd
30/11/2025;20:28:45;69_T09;Commento;Galeus melastomus;;
30/11/2025;20:36:05;69_T09;Biologico ;gorgonia gialla nd;;
30/11/2025;20:39:10;69_T09;Commento;inizio campionamento;;
30/11/2025;20:41:02;69_T09;Biologico ;stoloniferi nd su roccia;;
30/11/2025;20:51:29;69_T09;Commento;P. cuvieri;;
30/11/2025;21:06:30;69_T09;Commento;Scaergus unicirruhs;;
30/11/2025;21:17:35;69_T09;Commento;inizio campionamento;;
30/11/2025;21:23:51;69_T09;Biologico ;Parantipathes nsp.;;
30/11/2025;22:01:53;69_T09;Commento;Scaergus unicirruhs;;
30/11/2025;22:32:45;69_T09;Commento;inizio campionamento;;
30/11/2025;22:32:54;69_T09;Biologico ;Antipathes sp.;;
30/11/2025;22:38:01;69_T09;Commento;B. maravigna;;
30/11/2025;22:38:48;69_T09;Commento;P. cuvieri;;
30/11/2025;22:40:16;69_T09;Commento;Scaeurgus unicirrhus;;
30/11/2025;22:55:17;69_T09;Fine transetto;;;chiuso a 300 mp
30/11/2025;23:50:43;69_T09;On Deck;;;
02/12/2025;01.59.50;07_T12;Off Deck;;;
02/12/2025;02:29:36;07_T12;Off Deck;PROVA;;PRIMO COMMENTO DI PROVA
02/12/2025;03:58:27;07_T12;Inizio transetto;;;"PRENDERE IN CONSIDERAZIONE ULTIMO ""INIZIO TRANSETTO"""
02/12/2025;04:03:34;07_T12;Push-corer;;;CAMPIONE SEDIMENTO PUSH CORER 1
02/12/2025;04:27:17;07_T12;Commento;;;STOP PER PROBLEMI tecnici ROV
02/12/2025;04:55:03;07_T12;Commento;Hymenodiscus coronata;;
02/12/2025;05:12:42;07_T12;Commento;Hymenodiscus coronata;;
02/12/2025;06:52:40;07_T12;Biologico ;inizio campionamento;;spugna a coppetta peduncolata
02/12/2025;06:58:13;07_T12;Commento;fermi per fishing line in tms;;
02/12/2025;07:34:30;07_T12;Commento;ci muoviamo lungo transetto FINO A 830 mp per evitare fishing lines;;
02/12/2025;08:26:35;07_T12;Fine transetto;;;interrotto per troppe lenze sul transetto a circa 800mp
02/12/2025;09:33:23;07_T12;On Deck;;;
02/12/2025;11:15:59;07_T14;Off Deck;;;
02/12/2025;12:12:34;07_T14;Inizio transetto;;;
02/12/2025;12:44:59;07_T14;Commento;facciamo circa 800 m sul tms per raggiungere zona a backscatter più alto;;
02/12/2025;13:55:18;07_T14;Commento;ripreso transetto;;
02/12/2025;14:30:10;07_T14;Commento;Scaeurgus unicirrhus;;
02/12/2025;14:43:31;07_T14;Biologico ;Antipathes sp.;;
02/12/2025;15:14:14;07_T14;Commento;Antipathes sp. sparsi su roccia;;
02/12/2025;15:26:44;07_T14;Commento;Scaeurgus unicirrhus;;
02/01/1900;15:26:47;07_T14;Commento;Paromola cuvieri;;
02/12/2025;15:26:49;07_T14;Commento;Paromola cuvieri;;
02/12/2025;15:29:26;07_T14;Commento;Scaeurgus unicirrhus;;
02/12/2025;15:34:39;07_T14;Commento;Galeus melastomus;;
02/12/2025;15:56:30;07_T14;Commento;Pachycerianthus sp.;;
02/12/2025;16:40:11;07_T14;Commento;Riprendiamo transetto dopo 25 minuti per fishing line;;
02/12/2025;16:46:49;07_T14;Commento;Nezumia sp.;;
02/12/2025;17:05:24;07_T14;Commento;Inizio campionamento;;
02/12/2025;17:08:18;07_T14;Biologico ;Gorgonia gialla;;
02/12/2025;17:25:13;07_T14;Fine transetto;;;
02/12/2025;18:11:09;07_T14;On Deck;;;
02/12/2025;19:37:05;07_T15;Off Deck;;;
02/12/2025;20:43:04;07_T15;Inizio transetto;;;
02/12/2025;21:36:17;07_T15;Commento;Facciolella oxyricha;;
02/12/2025;21:55:30;07_T15;Commento;Nezumia sp. cf. aequalis;;
02/12/2025;22:05:59;07_T15;Commento;Facciolella oxyricha;;
02/12/2025;22:30:12;07_T15;Commento;Cerianthus sp.;;
02/12/2025;22:39:25;07_T15;Commento;Facciolella oxyricha;;
02/12/2025;22:54:49;07_T15;Commento;Facciolella oxyricha;;
02/12/2025;23:07:54;07_T15;Commento;Facciolella oxyricha;;
02/12/2025;23:10:41;07_T15;Commento;Anfora;;
02/12/2025;23.16.50;07_T15;Commento;Nezumia sp.;;
02/12/2025;23:24:30;07_T15;Commento;Hymenochephalus sp.;;
02/12/2025;23:25:36;07_T15;Commento;Hymenochephalus sp.;;
02/12/2025;23:33:59;07_T15;Commento;Facciolella oxyricha;;
02/12/2025;23:35:24;07_T15;Commento;Nezumia sp.;;
03/12/2025;00:23:14;07_T15;Fine transetto;;;
03/12/2025;02:43:29;07_T09;Inizio transetto;;;
03/12/2025;02:44:33;07_T09;Commento;Calamaro;;
03/12/2025;02:48:35;07_T09;Commento;Lepidopus;;
03/12/2025;02:48:50;07_T09;Commento;Nezumia sp.;;
03/12/2025;02:49:54;07_T09;Commento;Nezumia sp.;;
03/12/2025;02:52:29;07_T09;Commento;Nezumia sp.;;
03/12/2025;03:23:27;07_T09;Commento;Come back to flares area;;
03/12/2025;03:39:40;07_T09;Commento;Arrivate al punto flares segnalato non sono presenti variazioni di pH e CO2. Completiamo il transetto.;;
03/12/2025;03:43:26;07_T09;Commento;Anamathia rissoana;;
03/12/2025;03:49:04;07_T09;Commento;Nezumia sp.;;
03/12/2025;04:08:52;07_T09;Commento;Nezumia sp.;;
03/12/2025;04:12:23;07_T09;Commento;Porifera nd;;
03/12/2025;05:06:54;07_T09;Biologico ;;;spugna bianca
03/12/2025;05:18:42;07_T09;Fine transetto;;;
03/12/2025;05:51:20;07_T09;On Deck;;;
03/12/2025;07:22:58;07_T10;Off Deck;;;
03/12/2025;08:11:24;07_T10;Inizio transetto;;;
03/12/2025;08:26:11;07_T10;Commento;Keratoisididi sparsi su fango;;
03/12/2025;08:41:41;07_T10;Commento;inizio campionamento;;
03/12/2025;08:50:15;07_T10;Biologico ;lenza con zoantidei;;
03/12/2025;08:54:10;07_T10;Commento;prova campionamento Protoptilum, fallito;;
03/12/2025;09:25:56;07_T10;Commento;Chironephthya;;
03/12/2025;09:29:58;07_T10;Commento;Nezumia sp.;;
03/12/2025;09:40:13;07_T10;Commento;inizio campionamento, fallito;;
03/12/2025;09:46:29;07_T10;Commento;inizio campionamento;;
03/12/2025;09:48:49;07_T10;Biologico ;Parantipathes sp.;;
03/12/2025;10:21:52;07_T10;Commento;standby fishing line;;
03/12/2025;10:24:52;07_T10;Commento;resume the transect;;
03/12/2025;10:45:24;07_T10;Commento;Bathynectes maravigna;;
03/12/2025;10:47:02;07_T10;Commento;Lollipop sponge;;
03/12/2025;10:49:45;07_T10;Commento;Munida sp.;;
03/12/2025;10:56:53;07_T10;Commento;Anamanthia rissoana;;
03/12/2025;10:59:11;07_T10;Commento;inizio campionamento, fallito;;
03/12/2025;11:10:54;07_T10;Commento;Munida sp.;;
03/12/2025;11:20:10;07_T10;Commento;C. mediterranea;;
03/12/2025;11:23:30;07_T10;Commento;Guardare briozoo in basso a dx quando c'è zoom su Keratoisidide su roccia;;
03/12/2025;11:33:12;07_T10;Commento;tanti Keratoisididi su roccia;;
03/12/2025;11:52:56;07_T10;Commento;Macrouridae;;
03/12/2025;12:01:52;07_T10;Commento;inizio campionamento, fallito;;spugna bianca a pallina, fallito
03/12/2025;12:24:01;07_T10;Commento;Chironephthya;;
03/12/2025;12:28:14;07_T10;Commento;inizio campionamento;;
03/12/2025;12:56:25;07_T10;Biologico ;campione spugna bianca sacchetto osculo grande;;Porifera nd
03/12/2025;12:57:03;07_T10;Fine transetto;;;
03/12/2025;13:18:21;07_T10;On Deck;;;
03/12/2025;14:16:07;07_03;Off Deck;;;
03/12/2025;15:31:36;07_03;Inizio transetto;;;
03/12/2025;16:34:33;07_03;Commento;Penilpidia ludwigi;;in acqua che nuota
03/12/2025;17:19:01;07_03;Commento;Facciolella oxyrhynchus;;
03/12/2025;17:38:02;07_03;Commento;Pachycerianthus sp.;;
03/12/2025;18:10:58;07_03;Commento;Facciolella oxyrhynchus;;
03/12/2025;18:32:12;07_03;Commento;Scaeurgus unicirrhus;;
03/12/2025;18:40:53;07_03;Commento;Faciollella oxyrhynchus;;ora esatta 18:23
03/12/2025;18:42:12;07_03;Commento;;;ora 18:25 eliminare commento per Leppidion lepidion
03/12/2025;18:56:56;07_03;Biologico ;Anthipathes sp.;;
03/12/2025;19:04:12;07_03;Commento;Ceramaster cf. grenadensis;;
03/12/2025;20:09:00;07_03;Biologico ;Isidella su roccia;;
03/12/2025;20:16:09;07_03;Commento;;;ritorno su TMS per evitare lenze
03/12/2025;20:19:12;07_03;Commento;;;riprendiamo il transetto
03/12/2025;20:30:49;07_03;Biologico ;Anthipathes;;in Table risulta 20.43 il campionamento
03/12/2025;20:50:23;07_03;Commento;Nezumia sp.;;n.2 Nezumia
03/12/2025;21:07:45;07_03;Fine transetto;;;interruzione transetto a mp1293
03/12/2025;21:49:30;07_03;On Deck;;;
03/12/2025;22:58:14;07_03;Off Deck;;;
04/12/2025;00:34:15;07_T04;Inizio transetto;;;
04/12/2025;02:12:07;07_T04;Commento;Isidella;;
04/12/2025;02:30:39;07_T04;Commento;Parantipathes sp.;;
04/12/2025;02:34:45;07_T04;Commento;;;cancella commento precedente
04/12/2025;02:46:15;07_T04;Biologico ;Parantipathes sp.;;
04/12/2025;03:03:47;07_T04;Commento;Facciolella oxyrhynchus;;
04/12/2025;03:07:40;07_T04;Commento;Ceramaster cf. grenadensis;;
04/12/2025;03:39:17;07_T04;Biologico ;Acanthogorgiidae;;
04/12/2025;04:27:25;07_T04;Commento;Pachycerianthus sp.;;
04/12/2025;04:37:26;07_T04;Fine transetto;;;transetto interrotto a 610 mp
04/12/2025;05:21:42;07_T04;On Deck;;;
04/12/2025;06:03:45;07_07;Off Deck;;;
04/12/2025;07:12:34;07_07;Inizio transetto;;;
04/12/2025;07:17:00;07_07;Commento;Facciolella;;
04/12/2025;07:17:50;07_07;Commento;Ciglio fanfoso super ripido, sembra una frana;;
04/12/2025;07:21:47;07_07;Commento;Hymenocephalus italicus;;
04/12/2025;08:54:17;07_07;Commento;Inizio campionamento;;
04/12/2025;09:05:51;07_07;Biologico ;spugna bianca palletta;;
04/12/2025;09:11:55;07_07;Commento;Munida sp.;;
04/12/2025;09:18:39;07_07;Commento;Facciolella;;
04/12/2025;09:34:04;07_07;Commento;Nezumia;;
04/12/2025;09:34:57;07_07;Commento;Facciolella;;
04/12/2025;09:41:56;07_07;Commento;Nezumia sp.;;
04/12/2025;09:46:06;07_07;Commento;roccia verticale con incrostazione di sclerattinie morte;;
04/12/2025;10:39:49;07_07;Commento;Munida sp.;;
04/12/2025;10:41:16;07_07;Commento;Nezumia sp.;;
04/12/2025;10:53:21;07_07;Commento;Molti keratoisididi abbattuti;;
04/12/2025;11:37:27;07_07;Commento;Pachycerianthus ;;
04/12/2025;12:07:50;07_07;Commento;Nezumia sp.;;
04/12/2025;12:59:12;07_07;Commento;Hydrozoa nd;;
04/12/2025;13:10:50;07_07;Fine transetto;;;
04/12/2025;13:41:05;07_07;On Deck;;;spostamento su Strombolino I per maltempo nell'area L
05/12/2025;10:42:00;70_T01;Off Deck;;;
05/12/2025;12:38:57;70_T01;Inizio transetto;;;
05/12/2025;12:48:59;70_T01;Commento;Penilpidia;;
05/12/2025;12:58:12;70_T01;Commento;squalo Zigrino Dalatias licha;;
05/12/2025;14:41:54;70_T01;Commento;Bonellia viridis;;
05/12/2025;16:15:30;70_T01;Commento;Hymenodiscus coronata;;
05/12/2025;16:28:11;70_T01;Fine transetto;;;
05/12/2025;19:47:29;70_T02;Inizio transetto; ; ; 
05/12/2025;19:48:32;70_T02;Commento;calamaro\pesce; ; 
05/12/2025;20:03:49;70_T02;Commento;plastica; ; 
05/12/2025;20:52:21;70_T02;Commento;pezzo Poseidonia; ; 
05/12/2025;20:58:46;70_T02;Commento;20.58 metallo; ; 
05/12/2025;21:53:07;70_T02;Push-corer;n.4; ; 
05/12/2025;22:47:42;70_T02;Commento;Cataetyx laticeps; ; 
05/12/2025;22:56:29;70_T02;Commento;Cataetyx laticeps; ; 
05/12/2025;23:32:01;70_T02;Fine transetto; ; ; 
06/12/2025;02:40:27;70_T03;Inizio transetto; ; ; 
06/12/2025;05:28:22;70_T03;Commento;cancella commento; ; 
06/12/2025;06:15:38;70_T03;Fine transetto;interrotto per maltempo; ; 
06/12/2025;07:27:39;70_T03;On Deck; ; ; 
07/12/2025;07:42:42;70_T03;Off Deck;;;ripreso t03 dopo 24 ore di stop per maltempo, circa 100m più avanti a ridosso delle rocce
07/12/2025;09:27:28;70_T03;Inizio transetto;;;
07/12/2025;09:30:41;70_T03;Commento;serpulidi e sclerattinie su roccia, tutti neri;;
07/12/2025;09:48:15;70_T03;Commento;inizio campionamento;;
07/12/2025;09:55:44;70_T03;Biologico ;campione spugna coppetta peduncolata;;
07/12/2025;10:57:36;70_T03;Commento;inizio campionamento;;
07/12/2025;11:05:54;70_T03;Biologico ;sclerattinie morte su roccia;;
07/12/2025;11:16:31;70_T03;Commento;dall 11:13 standby fishline;;
07/12/2025;11:36:08;70_T03;Commento;ripreso transetto;;
07/12/2025;11:42:02;70_T03;Commento;fishing line;;20 m avanti per evitare la lenza
07/12/2025;12:19:33;70_T03;Commento;ROV sbatte contro la roccia;;
07/12/2025;12:45:40;70_T03;Fine transetto;;;interrotto per problemi tecnici, poi lenza e scarso interesse biologico
07/12/2025;13:49:59;70_T03;On Deck;;;
08/12/2025;03:32:27;07_T13;Off Deck;;;
08/12/2025;03:57:59;07_T13;Commento;;;
08/12/2025;06:23:23;07_T13;Inizio transetto;;;
08/12/2025;06:54:01;07_T13;Commento;P. ludwigi;;
08/12/2025;06:54:07;07_T13;Commento;P. ludwigi;;
08/12/2025;06:55:50;07_T13;Commento;P. ludwigi;;
08/12/2025;06:56:49;07_T13;Commento;P. ludwigi;;
08/12/2025;07:28:53;07_T13;Commento;P. ludwigi;;
08/12/2025;07:47:00;07_T13;Commento;N. bonaparte;;
08/12/2025;07:49:14;07_T13;Commento;N. bonaparte;;
08/12/2025;08:26:12;07_T13;Fine transetto;;;
08/12/2025;09:28:49;07_T13;On Deck;;;
08/12/2025;10:48:42;07_T11;Off Deck;;;
08/12/2025;11:26:38;07_T11;Inizio transetto;;;
08/12/2025;11:36:06;07_T11;Commento;Stomias boa;;
08/12/2025;11:40:31;07_T11;Commento;H. italicus;;
08/12/2025;11:42:33;07_T11;Commento;H. italicus;;
08/12/2025;11:45:02;07_T11;Commento;ofiura su keratoisidide;;
08/12/2025;12:11:32;07_T11;Commento;H. italicus;;
08/12/2025;12:15:22;07_T11;Commento;H. italicus;;
08/12/2025;12:36:37;07_T11;Commento;A. dohrni;;
08/12/2025;12:46:25;07_T11;Commento;segno divergente strascico;;
08/12/2025;12:50:22;07_T11;Commento;segno divergente strascico;;
08/12/2025;12:52:58;07_T11;Commento;segno divergente strascico;;
08/12/2025;13:07:57;07_T11;Commento;Facciolella;;
08/12/2025;13:13:14;07_T11;Commento;solchi strascico visibili su sonar;;
08/12/2025;13:36:06;07_T11;Commento;inizio campionamento, non eseguito per Protoptilum scomparso;;
08/12/2025;14:02:55;07_T11;Commento;H. italicus;;
08/12/2025;14:04:40;07_T11;Commento;H. italicus;;
08/12/2025;14:05:34;07_T11;Fine transetto;;;
08/12/2025;14:36:19;07_T11;On Deck;;;
08/12/2025;16:12:58;07_T02;Off Deck;;;
08/12/2025;17:20:20;07_T02;Inizio transetto;;;
08/12/2025;17:46:12;07_T02;Commento;video riavviato;;
08/12/2025;19:04:48;07_T02;On Deck;ROV on deck per problemi alla videocamera;;
08/12/2025;20:35:11;07_T02;Off Deck;;;
08/12/2025;21:51:08;07_T02;Inizio transetto;riprendiamo transetto da dove è stato interrotto ;;
08/12/2025;22:28:21;07_T02;Commento;possibile anemone (?);;
08/12/2025;23:29:52;07_T02;Commento;Gracilechinus sp.;;
09/12/2025;00:06:40;07_T02;Biologico ;Antipathes monopodiale su roccia;;
09/12/2025;00:37:57;07_T02;Biologico ;Anemone (?) su roccia;;
09/12/2025;00:50:52;07_T02;Commento;Antipathes dicotoma;;
09/12/2025;00:52:40;07_T02;Commento;;;
09/12/2025;01:03:42;07_T02;Commento;anellide fossorio;;
09/12/2025;01:14:41;07_T02;Commento;Facciolella oxyrhynchus;;
09/12/2025;01:17:38;07_T02;Commento;Pezzetto Poseidonia;;
09/12/2025;01:24:58;07_T02;Commento;Facciolella oxyrhynchus;;
09/12/2025;01:27:24;07_T02;Commento;;;Togliere commento fango 01.27
09/12/2025;01:30:58;07_T02;Commento;Facciolella oxyrhynchus;;
09/12/2025;01:43:49;07_T02;Commento;Ceramaster ?;;
09/12/2025;02:02:50;07_T02;Commento;Ceramaster;;
09/12/2025;02:03:57;07_T02;Commento;Facciolella oxyrhynchus;;
09/12/2025;02:16:16;07_T02;Commento;Leiopathes glaberrima;;
09/12/2025;02:23:56;07_T02;Commento;NO LENZA;;
09/12/2025;02:28:16;07_T02;Commento;Gadella maraldi (?);;
09/12/2025;02:41:45;07_T02;Biologico ;Placogorgia sp.;;
09/12/2025;02:57:35;07_T02;Commento;Antipathes dicotoma;;
09/12/2025;03:12:03;07_T02;Commento;Facciolella oxyrhyncus;;ora esatta 03.06
09/12/2025;03:12:14;07_T02;Commento;Cidaris cidaris;;
09/12/2025;03:56:10;07_T02;Commento;;;cancella altro 1000-2000 3.56
09/12/2025;03:56:41;07_T02;Commento;Facciolella oxyrhyncus;;
09/12/2025;04:10:58;07_T02;Fine transetto;;;poco dopo aver terminato il transetto visto Dipturus oxyrinchus
09/12/2025;04:59:52;07_T02;On Deck;;;
09/12/2025;07:05:21;07_T06;Off Deck;;;
09/12/2025;08:31:55;07_T06;Inizio transetto;;;
09/12/2025;08:57:12;07_T06;Commento;P. ludwigi;;
09/12/2025;09:41:13;07_T06;Commento;G. melastomus;;
09/12/2025;09:48:10;07_T06;Commento;H. italicus;;
09/12/2025;10:11:29;07_T06;Fine transetto;;;
09/12/2025;11:06:01;07_T06;On Deck;;;
09/12/2025;12:45:14;07_T02;Off Deck;;;
09/12/2025;19:20:19;07_T02;On Deck;;;
09/12/2025;20:02:46;19_T06;Off Deck;;;
09/12/2025;22:01:57;19_T06;Inizio transetto; pausa veloce (8min) per controllo al TMS;;
09/12/2025;22:11:45;19_T06;Commento;Penilpidia ludwigi;;
09/12/2025;22:16:37;19_T06;Commento;pezzetto Posidonia morta;;
09/12/2025;22:22:47;19_T06;Commento;pezzetto Posidonia morta;;
09/12/2025;22:28:02;19_T06;Push-corer;Primo push corer fallito;;
09/12/2025;22:39:07;19_T06;Push-corer;Push corer n.2;;
09/12/2025;23:35:49;19_T06;Commento;;;Scarpata fangosa: forme di vita assenti. Ci stacchiamo dal fondo a 450mp per aumentare velocità e avanzare di 500m
10/12/2025;00:45:40;19_T06;Fine transetto;;;Transetto interrotto a 1197mp. Tutto fango.
10/12/2025;01:48:35;19_T06;On Deck;;;
10/12/2025;02:40:13;19_T02;Off Deck;;;
10/12/2025;04:09:25;19_T02;Inizio transetto;;;
10/12/2025;04:19:17;19_T02;Commento;Hymenodiscus;;
10/12/2025;04:35:50;19_T02;Commento;pesce non determinato;;determinato: tripode
10/12/2025;06:17:24;19_T02;Fine transetto;;;
10/12/2025;07:12:50;19_T02;On Deck;;;
10/12/2025;08:25:50;19_T03;Off Deck;;;
10/12/2025;09:40:32;19_T03;Inizio transetto;;;
10/12/2025;11:13:59;19_T03;Commento;saliamo vicini al TMS per andare più veloci per circa 700 m e poi tornare su seabed;;
10/12/2025;13:04:37;19_T03;Fine transetto;;;
10/12/2025;14:10:13;19_T03;On Deck;;;
10/12/2025;14:32:16;19_T04;Off Deck;;;
10/12/2025;16:11:04;19_T04;Inizio transetto;;;Non seguiamo il transetto delineato
10/12/2025;16:52:01;19_T04;Commento;inizio campionamento;;
10/12/2025;17:02:20;19_T04;Biologico ;Desmophyllum con idroidi;;
10/12/2025;19:05:56;19_T04;Commento;Hymenodiscus;;
10/12/2025;19:26:43;19_T04;Commento;Bonellia viridis;;
10/12/2025;19:51:28;19_T04;Commento;inizio campionamento;;
10/12/2025;20:04:51;19_T04;Biologico ;Porifera bianco ND semi incrostante;;
10/12/2025;20:32:43;19_T04;Commento;Tentato campionamento a stella bianca simile a Ceramaster. ;;
10/12/2025;21:08:24;19_T04;Commento;Stella bianca simile a Ceramaster;;
11/12/2025;00:49:12;19_T04;Commento;togliere K. stelliferum;;
11/12/2025;00:58:40;19_T04;Commento;no spugna ma conchiglia Nautilus;;
11/12/2025;01:44:16;19_T04;Commento;Porifera bianco ND semi incrostante;;
11/12/2025;02:31:35;19_T04;Commento;Stella bianca simile a Ceramaster;;
11/12/2025;02:46:40;19_T04;Biologico ;Stella bianca simile a Ceramaster;;
11/12/2025;02:47:26;19_T04;Commento;Stella bianca simile a Ceramaster;;
11/12/2025;03:48:05;19_T04;Fine transetto;;;
11/12/2025;04:52:10;19_T04;On Deck;;;
11/12/2025;05:59:00;19_T05;Off Deck;;;
11/12/2025;07:32:18;19_T05;Inizio transetto;;;
11/12/2025;08:34:04;19_T05;Fine transetto;;;
11/12/2025;09:39:08;19_T05;On Deck;;;
11/12/2025;11:04:08;79_T05;Off Deck;;;
11/12/2025;12:51:53;79_T05;Inizio transetto;;;
11/12/2025;13:24:48;79_T05;Commento;stella bianca su fango;;
11/12/2025;13:42:21;79_T05;Commento;Hymenodiscus;;
11/12/2025;13:44:04;79_T05;Commento;Macrouridae;;
11/12/2025;14:00:58;79_T05;Commento;P. ludwigi;;
11/12/2025;14:16:37;79_T05;Commento;Tubo sospeso a mezz'acqua;;
11/12/2025;14:18:35;79_T05;Fine transetto;;;
11/12/2025;15:32:08;79_T05;On Deck;transetto sospeso per recupero pH e CTD da barca vicina;;
11/12/2025;16:19:04;79_T05;Off Deck;;;
11/12/2025;17:55:44;79_T05;Inizio transetto;;;
11/12/2025;18:25:23;79_T05;Commento;Hymenodiscus;;
11/12/2025;19:13:48;79_T05;Commento;Argonauta argo shell;;
11/12/2025;19:20:48;79_T05;Commento;P.ludwigi;;
11/12/2025;19:25:12;79_T05;Commento;P.ludwigi;;
11/12/2025;19:31:01;79_T05;Fine transetto;;;Transetto interrotto a 1536 mp, solo fango e rare piccole rocce sparse
11/12/2025;21:00:46;79_T05;On Deck;;;
11/12/2025;23:04:16;79_T04;Off Deck;;;
12/12/2025;00:37:57;79_T04;Inizio transetto;;;
12/12/2025;00:47:08;79_T04;Push-corer;;;N.2
12/12/2025;00:57:54;79_T04;Commento;Gambero;;
12/12/2025;01:05:03;79_T04;Commento;Macrouridae;;
12/12/2025;01:09:00;79_T04;Commento;P.ludwigi;;
12/12/2025;01:18:42;79_T04;Commento;Hymenodiscus;;
12/12/2025;01:27:31;79_T04;Commento;Asteroideo simile Ceramaster;;
12/12/2025;01:30:28;79_T04;Commento;Probabile macrouridae;;
12/12/2025;01:33:04;79_T04;Commento;Asteroideo simile Ceramaster;;
12/12/2025;01:33:50;79_T04;Commento;ND;;
12/12/2025;01:34:09;79_T04;Commento;ND;;
12/12/2025;02:03:02;79_T04;Commento;;;Ci alziamo dal fondo a 682 mp ore 02:00 (UTC) per preseguire spedite per 900m circa  lungo il transetto
12/12/2025;02:06:13;79_T04;Commento;Hymenodiscus;;
12/12/2025;02:08:14;79_T04;Commento;Hymenodiscus;;
12/12/2025;02:15:54;79_T04;Commento;Togli lenza. Inserisci Bonellia;;
12/12/2025;02:58:37;79_T04;Commento;Hymenodiscus;;
12/12/2025;03:08:01;79_T04;Commento;Hymenodiscus;;
12/12/2025;03:14:24;79_T04;Commento;Hymenodiscus;;
12/12/2025;03:14:57;79_T04;Commento;Hymenodiscus;;
12/12/2025;03:17:51;79_T04;Fine transetto;;;Transetto interrotto a 1657mp, solo fango e scarso interesse biologico
12/12/2025;04:38:42;79_T04;On Deck;;;
12/12/2025;06:06:27;79_T01;Off Deck;;;
12/12/2025;07:34:41;79_T01;Inizio transetto;;;
12/12/2025;08:40:04;79_T01;Commento;Hymenodiscus;;
12/12/2025;08:47:56;79_T01;Commento;simil Ceramaster ;;
12/12/2025;09:26:20;79_T01;Biologico ;matte batterica gialla;;
12/12/2025;09:32:37;79_T01;Commento;simil Ceramaster ;;
12/12/2025;09:34:42;79_T01;Commento;Lepidion;;
12/12/2025;09:42:16;79_T01;Commento;inizio campionamento;;
12/12/2025;09:50:21;79_T01;Commento;idrozoi + zoantidei su roccia nera e gialla;;
12/12/2025;10:42:27;79_T01;Commento;Bonellia;;
12/12/2025;11:09:08;79_T01;Commento;600 m close to TMS to speed up on mud;;
12/12/2025;11:42:41;79_T01;Commento;back on the seabed;;
12/12/2025;12:28:24;79_T01;Commento;Bonellia;;
12/12/2025;12:32:30;79_T01;Fine transetto;;;
12/12/2025;13:31:11;79_T01;On Deck;;;
12/12/2025;14:41:25;79_T02;Off Deck;prove con pH e CTD;;
12/12/2025;14:49:42;79_T02;On Deck;;;
12/12/2025;15:31:30;79_T02;Off Deck;prove con pH e CTD;;
12/12/2025;15:54:53;79_T02;On Deck;;;
12/12/2025;18:07:10;79_T02;Off Deck;;;
12/12/2025;19:48:34;79_T02;Inizio transetto;;;
12/12/2025;20:20:11;79_T02;Commento;Gambero;;
12/12/2025;20:31:27;79_T02;Commento;Bonellia viridis;;
12/12/2025;20:36:25;79_T02;Commento;niente Bonellia, è una lenza;;
12/12/2025;20:55:04;79_T02;Commento;;;ci alziamo dal fondo a 424mp ore 20:53 (UTC) per proseguire spedite per circa 900m
12/12/2025;21:05:07;79_T02;Commento;Dipturus oxyrhinchus;;
12/12/2025;21:10:28;79_T02;Commento;Bonellia viridis;;
12/12/2025;21:57:46;79_T02;Commento;Posidonia;;
12/12/2025;22:07:51;79_T02;Commento;;;
12/12/2025;22:25:30;79_T02;Commento;Cavo sospeso a mezz'acqua;;
12/12/2025;22:27:46;79_T02;Fine transetto;;;transetto interrotto a 1527mp, scarso interesse biologico.
13/12/2025;00:01:22;79_T02;On Deck;;;
13/12/2025;04:00:34;79_T06;Off Deck;;;stand by per calibrazione pH
13/12/2025;05:22:49;79_T06;Inizio transetto;;;
13/12/2025;05:25:19;79_T06;Commento;conchiglia Argonauta;;
13/12/2025;06:59:15;79_T06;Commento;Aristeus antennatus;;
13/12/2025;07:06:35;79_T06;Commento;800 m close to TMS to speed up on mud;;
13/12/2025;08:00:35;79_T06;Commento;back to seabed;;
13/12/2025;08:05:26;79_T06;Commento;Macrouridae;;
13/12/2025;08:26:08;79_T06;Fine transetto;;;
13/12/2025;09:25:48;79_T06;On Deck;;;
13/12/2025;10:32:38;79_T03;Off Deck;;;
13/12/2025;10:49:58;79_T03;On Deck;;;problemi con CTD
13/12/2025;12:16:09;79_T03;Off Deck;;;
13/12/2025;12:34:29;79_T03;On Deck;;;problemi con CTD
13/12/2025;14:08:06;79_T03;Off Deck;;;
13/12/2025;15:45:16;79_T03;Inizio transetto;;;
13/12/2025;16:02:27;79_T03;Commento;inizio campionamento;;
13/12/2025;16:08:32;79_T03;Biologico ;sclerattinie morte;;
13/12/2025;17:20:18;79_T03;Commento;Bonellia;;
13/12/2025;17:21:59;79_T03;Commento;inizio campionamento;;
13/12/2025;17:30:43;79_T03;Biologico ;Bonellia viridis;;
13/12/2025;18:58:53;79_T03;Commento;Stella bianca su tubo;;
13/12/2025;19:24:00;79_T03;Commento;cambio orario spugna;;
13/12/2025;19:36:04;79_T03;Fine transetto;;;transetto interrotto a 1350mp, tutto fango e scarso interesse biologico.
13/12/2025;20:42:59;79_T03;On Deck;;;
13/12/2025;23:06:06;79_T01;Off Deck;;;Risaliamo 23:27
13/12/2025;23:43:12;79_T01;On Deck;;;orario corretto 23:33. Stand by per allarme ROV collegato alla CTD
14/12/2025;00:12:26;79_T01;Off Deck;;;
14/12/2025;00:21:42;79_T01;On Deck;;;
14/12/2025;00:35:56;79_T01;Off Deck;;;
14/12/2025;00:43:18;79_T01;On Deck;;;
14/12/2025;00:49:37;79_T01;Off Deck;;;stand by per CTD
14/12/2025;01:11:40;79_T01;On Deck;;;
14/12/2025;02:01:44;79_T01;Off Deck;;;
14/12/2025;03:29:42;79_T01;Niskin;;;"1° campionamento con Niskin ""adesivi blu"""
14/12/2025;04:00:41;79_T01;Niskin;;;2° campionamento con Niskin senza adesivi
14/12/2025;04:28:18;79_T01;Commento;;;Fotogrammetria: acquisizione interrotta per torbidità. Secondo tentativo (?)
14/12/2025;06:52:57;79_T01;On Deck;;;
14/12/2025;09:04:11;76_T04;Off Deck;;;
14/12/2025;10:14:54;76_T04;Inizio transetto;;;
14/12/2025;10:26:44;76_T04;Commento;Munida sp.;;
14/12/2025;12:29:15;76_T04;Commento;Penilpidia;;
14/12/2025;12:45:13;76_T04;Fine transetto;;;
14/12/2025;13:41:51;76_T04;On Deck;;;
14/12/2025;17:19:44;76_T05;Off Deck;;;
14/12/2025;18:57:39;76_T05;Inizio transetto;;;
14/12/2025;19:00:23;76_T05;Push-corer;;;N.6
14/12/2025;19:15:48;76_T05;Commento;Bonellia;;
14/12/2025;19:26:32;76_T05;Commento;Hymenodiscus;;
14/12/2025;20:14:55;76_T05;Commento;elementi filiformi allungati;;usciamo dal transetto, seguiamo le rocce
14/12/2025;20:56:21;76_T05;Biologico ;Antipathes cf. dichotoma;;
14/12/2025;21:08:48;76_T05;Commento;Sclerattinia;;
14/12/2025;22:00:01;76_T05;Fine transetto;;;
14/12/2025;22:52:12;76_T05;On Deck;;;
16/12/2025;01:03:08;76_T06;Off Deck;;;
16/12/2025;01:28:33;76_T06;On Deck;;;ritorno on deck perchè richiamati dal Survey per problema sonda
16/12/2025;02:47:44;76_T06;Off Deck;;;
16/12/2025;02:55:53;76_T06;Commento;;;ROV fermo a 8 m di profondità per richiesta Survey
16/12/2025;03:02:14;76_T06;Commento;;;inizio discesa
16/12/2025;04:19:44;76_T06;Commento;problema tecnico ;;fermi dalle 3.57 attaccati al TMS
16/12/2025;04:23:01;76_T06;Commento;out of TMS;;
16/12/2025;04:34:58;76_T06;Inizio transetto;;;
16/12/2025;05:05:30;76_T06;Commento;pesce nd cfr Notacanthus ;;
16/12/2025;05:13:18;76_T06;Commento;control stop - perso segnale video ;;registrazione interrotta - creato di nuovo progetto 
16/12/2025;05:17:10;76_T06;Commento;ripreso transetto ;;riprende registrazione 
16/12/2025;05:27:57;76_T06;Commento;Macrouridae nd. ;;
16/12/2025;05:46:28;76_T06;Commento;Macrouridae nd. ;;
16/12/2025;05:46:47;76_T06;Commento;cancellare Bathypterois;;
16/12/2025;05:55:33;76_T06;Commento;pesce nd. ;;
16/12/2025;06:03:26;76_T06;Commento;Hyalonema sp. ;;
16/12/2025;06:22:40;76_T06;Commento;medusa ;;
16/12/2025;06:28:12;76_T06;Commento;Nettastoma melanurum ;;
16/12/2025;06:52:16;76_T06;Fine transetto;;;
16/12/2025;09:28:27;76_T03;Off Deck;;;Sgancio da TMS
16/12/2025;09:31:44;76_T03;Inizio transetto;;;
16/12/2025;09:58:49;76_T03;Commento;Nezumia aequalis;;
16/12/2025;10:13:14;76_T03;Commento;Hyalonema sp.;;
16/12/2025;10:14:24;76_T03;Commento;Penilpidia ludwigi;;
16/12/2025;10:42:04;76_T03;Commento;Inizio campionamento;;
16/12/2025;10:47:13;76_T03;Biologico ;;;
16/12/2025;11:03:26;76_T03;Commento;Hyalonema sp.;;
16/12/2025;11:14:40;76_T03;Commento;Bottiglia vetro;;
16/12/2025;11:22:10;76_T03;Commento;Nezumia aequalis;;
16/12/2025;11:43:55;76_T03;commento;Hymenodiscus coronata;;
16/12/2025;11:57:42;76_T03;commento;zoom su xxx;;
16/12/2025;11:59:59;76_T03;commento;busta di plastica - tana di un granchio;;
16/12/2025;12:09:41;76_T03;commento;Hyalonema sp.;;
16/12/2025;12:13:22;76_T03;Fine transetto;;;
16/12/2025;12:20:06;76_T03;On Deck;;;On TMS
16/12/2025;15:40:33;76_T02;Off Deck;;;Sgancio da TMS
16/12/2025;15:44:11;76_T02;Inizio transetto;;;
16/12/2025;15:49:25;76_T02;Commento;Gambero;;
16/12/2025;15:52:28;76_T02;Commento;Gambero;;
16/12/2025;16:04:12;76_T02;Commento;Gambero;;
16/12/2025;16:06:55;76_T02;Commento;Gambero;;
16/12/2025;16:33:56;76_T02;Commento;Lollipop sponge;;
16/12/2025;17:42:40;76_T02;Commento;Nezumia aequalis (Cancellare bathypterois);;
16/12/2025;18:02:56;76_T02;Commento;Macrouridae ;;
16/12/2025;18:23:12;76_T02;Commento;;;
16/12/2025;19:21:51;76_T02;Fine transetto;;;transetto 
16/12/2025;19:27:00;76_T02;On Deck;;;
16/12/2025;21:30:24;76_T01;Off Deck;;;out of TMS
16/12/2025;21:35:25;76_T01;Push-corer;;;
16/12/2025;21:53:31;76_T01;Inizio transetto;;;
16/12/2025;22:10:12;76_T01;Commento;possibili emissioni geotermali ;;
16/12/2025;22:17:02;76_T01;Commento;forte pendenza ;;
16/12/2025;22:22:25;76_T01;Commento;Aristeus sp. ;;
16/12/2025;22:28:00;76_T01;Commento;pillow lava ;;
16/12/2025;22:28:08;76_T01;Commento;tanatocenosi ricoperta da lava ;;
16/12/2025;22:58:31;76_T01;Commento;tentativo campionamento Cerianthus sp. e matte batterica;;fallito 
16/12/2025;23:33:04;76_T01;Fine transetto;;;
17/12/2025;00:47:51;76_T01;On Deck;;;
17/12/2025;05:18:00;09_T01;Off Deck;;;
17/12/2025;06:57:27;09_T01;Inizio transetto;;;
17/12/2025;07:16:12;09_T01;Commento;Spugna giallastra Nd;;
17/12/2025;07:48:53;09_T01;Commento;Scheletro argonauta;;
17/12/2025;08:18:03;09_T01;Commento;Macrouridae;;
17/12/2025;08:30:37;09_T01;Commento;Inizio campionamento;;
17/12/2025;08:46:46;09_T01;Biologico ;Roccia + filamenti su fango;;
17/12/2025;09:30:06;09_T01;Commento;Penilpidia ludwigi;;
17/12/2025;09:32:30;09_T01;Commento;Inizio test fotogrametria;;
17/12/2025;10:20:03;09_T01;Commento;Riprendiamo transetto;;
17/12/2025;10:31:26;09_T01;Commento;macrouridae;;
17/12/2025;10:36:44;09_T01;Commento;Inizio secondo test di fotogrammetria;;
17/12/2025;11:10:02;09_T01;Push-corer;;;
17/12/2025;11:20:39;09_T01;Commento;Fine test continuazione del transetto;;
17/12/2025;11:28:39;09_T01;Commento;Ci avviciniamo al tms per aumentare velocità su tratto piatto;;
17/12/2025;12:05:35;09_T01;Commento;Riprendiamo il transetto sul fondo;;
17/12/2025;12:35:25;09_T01;Commento;Gambero;;
17/12/2025;12:38:00;09_T01;Commento;Chiazze bianche multiple;;
17/12/2025;13:15:53;09_T01;Commento;Hymenocephalus;;
#RIF!;#RIF!;09_T01;;;;
17/12/2025;13:18:21;09_T01;Commento;cf. melanostigma atlanticum;;
17/12/2025;13:23:50;09_T01;Commento;pesce nd;;
17/12/2025;13:33:46;09_T01;Commento;Macrouridae;;
17/12/2025;13:35:11;09_T01;Commento;Recover to deck;;
17/12/2025;13:39:41;09_T01;Fine transetto;;;
17/12/2025;14:52:12;09_T01;On Deck;;;
17/12/2025;15:41:38;09_T01;Off Deck;;;
17/12/2025;17:12:11;09_T01;Inizio transetto;;;
17/12/2025;17:41:47;09_T01;Commento;cf. Notacanthus bonaparte;;
17/12/2025;17:51:14;09_T01;Commento;cf. Notacanthus bonaparte;;
17/12/2025;18:05:17;09_T01;Commento;serpulidi ricoperti di lava ;;
17/12/2025;18:18:31;09_T01;Commento;Inizio campionamento;;
17/12/2025;18:52:29;09_T01;Biologico ;cf. Swiftia su tanatocenosi ricoperta da Fe-Mn;;scoop net liscio 
17/12/2025;19:33:59;09_T01;Commento;detrito biogenico - gusci pteropodi ;;
17/12/2025;20:12:12;09_T01;Commento;inizio campionamento;;
17/12/2025;20:24:31;09_T01;Biologico ;polichete che fa ciambella su fango ;;scoop net dentellato 
17/12/2025;20:28:29;09_T01;Commento;Cataetyx laticeps ;;
17/12/2025;20:39:34;09_T01;Commento;cf. Notacanthus bonaparte;;
17/12/2025;20:45:00;09_T01;Commento;transito a 5 m dal fondo a velocità 0.5 kn - transetto interrotto ;;
17/12/2025;21:36:44;09_T01;Commento;fine transito - ripreso transetto ;;
17/12/2025;21:47:24;09_T01;Commento;detrito biogenico - gusci pteropodi ;;
17/12/2025;21:50:35;09_T01;Commento;spugna gialla a pallina ;;
17/12/2025;22:38:49;09_T01;Commento;Macrouridae ;;
17/12/2025;22:39:53;09_T01;Commento;concrezioni solforose a base delle rocce ;;
17/12/2025;22:46:15;09_T01;Commento;Cataetyx laticeps ;;
17/12/2025;23:04:02;09_T01;Commento;fango più compatto tumultuoso;;
17/12/2025;23:13:22;09_T01;Fine transetto;;;interrotto a 4100 mp 
17/12/2025;23:20:01;09_T01;On Deck;;;
18/12/2025;00:56:25;09_T02;Off Deck;;;
18/12/2025;01:00:28;09_T02;Inizio transetto;;;
18/12/2025;01:03:10;09_T02;Commento;detrito biogenico - gusci di pteropodi ;;
18/12/2025;01:13:04;09_T02;Commento;Tentativo di campionamento;;
18/12/2025;01:21:24;09_T02;Commento;organismo setoloso;;
18/12/2025;02:02:36;09_T02;Commento;siluro tipo torpedo inesploso ;;
18/12/2025;02:14:58;09_T02;Commento;munizione di cannone ;;
18/12/2025;02:39:41;09_T02;Commento;Macrouridae;;
18/12/2025;02:57:16;09_T02;Biologico ;oggetto scuro nd. ;;
18/12/2025;03:42:02;09_T02;Fine transetto;;;interrotto a 750 mp 
18/12/2025;05:02:47;09_T02;On Deck;;;
18/12/2025;07:47:23;74_T02;Off Deck;;;
18/12/2025;09:27:03;74_T02;Inizio transetto;;;
18/12/2025;09:26:53;74_T02;Commento;Fermi sul fondale;;
18/12/2025;09:33:32;74_T02;Commento;Riprendiamo transetto;;
18/12/2025;09:35:02;74_T02;Commento;Notachanthus Bonaparte;;
18/12/2025;09:40:58;74_T02;Commento;Polichete fossorio;;In grandi quantità, formano traccia circolare sul fango
18/12/2025;09:46:32;74_T02;Commento;Grandi quantità di policheti che formano traccia circolare su fango; ;
18/12/2025;10:00:31;74_T02;Commento;Polichete fossorio;;
18/12/2025;10:03:42;74_T02;Commento;Gambero;;
18/12/2025;10:15:28;74_T02;Commento;Spugna sferica nd;;
18/12/2025;10:15:48;74_T02;Commento;Inizio campionamento;;
18/12/2025;10:20:19;74_T02;Biologico ;Spugna sferica giallastra nd;;
18/12/2025;11:11:01;74_T02;Commento;accumuli di gussci di pteropodi e probablle spugna gialla, simile a quella precedentemente campionata;;
18/12/2025;11:12:13;74_T02;Commento;detrito biogenico - gusci pteropodi;;
18/12/2025;11:18:44;74_T02;Commento;Tanti Sipuncula (policheti con la ciambella) luungo tutto il transetto;;
18/12/2025;11:22:50;74_T02;Commento;detrito biogenico - gusci pteropodi;;
18/12/2025;11:43:56;74_T02;Commento;Macrouridae;;
18/12/2025;11:56:42;74_T02;Commento;Tanti Sipuncula (policheti con la ciambella) luungo tutto il transetto;;
18/12/2025;12:06:09;74_T02;Commento;Cataetyx laticeps ;;
18/12/2025;12:29:51;74_T02;Commento;Tanti Sipuncula (policheti con la ciambella) luungo tutto il transetto;;
18/12/2025;12:40:36;74_T02;Commento;Accumulo di detrito biogenico;;
18/12/2025;12:50:27;74_T02;Commento;Cataetyx laticeps ;;
18/12/2025;13:06:43;74_T02;Commento;Fondo fangoso con numerose cunutte irregolari e accumuli di detrito biogenico;;
18/12/2025;13:09:57;74_T02;Commento;Penilpidia ludwigi;;
18/12/2025;13:25:12;74_T02;Commento;Penilpidia ludwigi;;
18/12/2025;13:30:24;74_T02;Commento;Anfora;;Fotogrammetria
18/12/2025;14:15:28;74_T02;Commento;Macrouridae con probabile parassita;;
18/12/2025;14:29:13;74_T02;Commento;Penilpidia ludwigi;;
18/12/2025;14:39:08;74_T02;Commento;Spugna (?) giallastra sferica;;
18/12/2025;14:46:08;74_T02;Commento;Risaliamo verso il tms per velocizzare prossimo segmento del transetto;;
18/12/2025;15:32:21;74_T02;Commento;Torniamo sul fondo;;
18/12/2025;15:43:30;74_T02;Commento;Penilpidia ludwigi;;
18/12/2025;15:53:18;74_T02;Commento;Hymenodiscus coronata;;
18/12/2025;16:07:52;74_T02;Commento;Spugna sferica nd;;
18/12/2025;16:09:04;74_T02;Commento;Hymenodiscus coronata;;
18/12/2025;16:12:39;74_T02;Commento;Hymenodiscus coronata;;
18/12/2025;16:32:31;74_T02;Commento;Anfora;;Fotogrammetria
18/12/2025;16:55:46;74_T02;Commento;H. coronata;;
18/12/2025;17:00:46;74_T02;Commento;Riprendiamo il transetto;;
18/12/2025;17:13:35;74_T02;Commento;P. ludwigi;;
18/12/2025;17:22:59;74_T02;Commento;Pesce nd;;
18/12/2025;17:23:43;74_T02;Commento;Pesce nd;;
18/12/2025;17:49:05;74_T02;Fine transetto;;;
18/12/2025;17:58:24;74_T02;On Deck;;;
18/12/2025;20:02:22;74_T01;Off Deck;;;
18/12/2025;20:13:52;74_T01;Push-corer;;;
18/12/2025;20:19:47;74_T01;Inizio transetto;;;
18/12/2025;20:27:15;74_T01;Commento; Sipuncula (policheti con la ciambella) ;;
18/12/2025;20:39:00;74_T01;Commento;valigia;;
18/12/2025;20:52:26;74_T01;Biologico ;tentativo di campionare valigia con possibli ascidie;;
18/12/2025;21:24:20;74_T01;Commento;altre due valigie;;
18/12/2025;21:36:23;74_T01;Commento;Penilpidia ludwigi;;
18/12/2025;21:37:14;74_T01;Commento;Macruridae;;
18/12/2025;21:49:00;74_T01;Fine transetto;standby tecnico ;;necessario risalire on deck per sostituzione batteria sonda 
18/12/2025;23:00:25;74_T01;On Deck;;;
19/12/2025;00:29:00;74_T01;Off Deck; ;;
19/12/2025;01:57:06;74_T01;Inizio transetto;fine standby tecnico - ripreso transetto dopo cambio batteria ctd ;;
19/12/2025;01:59:52;74_T01;Commento;Penilpidia ludwigi ;;
19/12/2025;02:01:22;74_T01;Commento;Macrouridae;;
19/12/2025;02:13:54;74_T01;Commento;Grandi quantità di policheti che formano traccia circolare su fango;;
19/12/2025;02:25:39;74_T01;Commento;Hymenodiscus coronata;;
19/12/2025;02:28:00;74_T01;Commento;Anfora;;fotogrammetria 
19/12/2025;02:46:07;74_T01;Commento;Anfora;;fotogrammetria 
19/12/2025;02:54:14;74_T01;Commento;cf. Dicopia antirrhinum ;;
19/12/2025;03:15:25;74_T01;Commento;ROV si alza 5 m da fondo e procede a velocità 0.5 kn;;
19/12/2025;03:47:49;74_T01;Commento;ROV ritorna sul fondo e riprende il transetto ;;
19/12/2025;04:00:41;74_T01;Commento;Macrouridae;;
19/12/2025;04:02:18;74_T01;Commento;Penilpidia ludwigi ;;
19/12/2025;04:11:01;74_T01;Commento;Hyalonema sp.;;
19/12/2025;04:45:20;74_T01;Commento;tentativo di campionamento gorgopnia su sclerattinia roicoperta da Fe-Mn ;;fallito
19/12/2025;04:53:27;74_T01;Commento;parete di roccia ;;
19/12/2025;04:56:12;74_T01;Commento;tanatocenosi litistidi ;;
19/12/2025;05:01:26;74_T01;Commento;camini di roccia - possibili emissioni ;;
19/12/2025;06:08:35;74_T01;Commento;Anfora;;
19/12/2025;06:21:56;74_T01;Commento;Penilpidia ludwigi ;;
19/12/2025;06:52:59;74_T01;Biologico ;campione di Sipuncula (polichete);;presi due esemplari
19/12/2025;07:27:03;74_T01;Commento;Penilpidia ludwigi ;;
19/12/2025;07:35:38;74_T01;Fine transetto;;;
19/12/2025;08:44:43;74_T01;On Deck;;;
19/12/2025;10:05:52;41_T01;Off Deck;;;
19/12/2025;11:41:34;41_T01;Inizio transetto;;;
19/12/2025;11:56:41;41_T01;Commento;Bottiglia infossata;;
19/12/2025;12:05:30;41_T01;Commento;Macrouridae;;
19/12/2025;12:17:02;41_T01;Commento;Macrouridae;;
19/12/2025;12:37:25;41_T01;Commento;Gamberetti;;
19/12/2025;12:44:47;41_T01;Commento;H. coronata;;
19/12/2025;12:50:00;41_T01;Commento;D. licha;;
19/12/2025;12:54:25;41_T01;Commento;Anfora;;
19/12/2025;13:09:09;41_T01;Commento;Macrouridae;;
19/12/2025;13:17:35;41_T01;Commento;Cataetyx laticeps;;
19/12/2025;13:24:05;41_T01;Commento;Penilpidia ludwigi ;;
19/12/2025;13:30:08;41_T01;Commento;macrouridae con parassita;;
19/12/2025;13:41:41;41_T01;Biologico ;Inizio campionamento ;;Campionato framework di anellidi
19/12/2025;13:46:16;41_T01;Commento;Campionamento riuscito;;
19/12/2025;13:49:23;41_T01;Commento;H.coronata;;
19/12/2025;14:08:30;41_T01;Commento;H.coronata;;
19/12/2025;14:14:31;41_T01;Commento;Anfora;;
19/12/2025;14:26:18;41_T01;Commento;Anfora;;
19/12/2025;14:28:42;41_T01;Commento;Foraminiferi su anfora;;
19/12/2025;14:29:27;41_T01;Commento;Saliamo verso tms per speed up 400 metri;;
19/12/2025;14:57:39;41_T01;Commento;Riprendiamo il transetto;;
19/12/2025;15:10:36;41_T01;Commento;Macrouridae;;
19/12/2025;15:20:22;41_T01;Commento;Pesce nd;;
19/12/2025;15:38:22;41_T01;Commento;Organismo nd che rientra velocemente in buco nel fango;;
19/12/2025;15:41:02;41_T01;Commento;p. ludwigi;;
19/12/2025;15:43:57;41_T01;Commento;Macrouridae;;
19/12/2025;15:59:26;41_T01;Commento;P. ludwigi;;
19/12/2025;16:14:45;41_T01;Commento;Gran numero di  Sipuncula (policheti con la ciambella) lungo tutto il transetto;;
19/12/2025;16:23:31;41_T01;Commento;Macrouridae;;
19/12/2025;16:29:27;41_T01;Commento;p.ludwigi;;
19/12/2025;16:36:12;41_T01;Commento;Dipturus sp;;
19/12/2025;16:53:35;41_T01;Commento;C. laticeps;;
19/12/2025;16:58:05;41_T01;Fine transetto;;;
19/12/2025;17:08:05;41_T01;On Deck;;;
19/12/2025;18:29:39;41_T02;Off Deck;;;
19/12/2025;18:33:46;41_T02;Push-corer;;;
19/12/2025;18:38:46;41_T02;Inizio transetto;;;
19/12/2025;18:50:19;41_T02;Commento;Macrouridae;;
19/12/2025;19:21:53;41_T02;Commento;inizio campionamento;;
19/12/2025;19:42:56;41_T02;Biologico ;campionamento donut worm ;;3 individui
19/12/2025;19:59:17;41_T02;Commento;Bathypetorides sp. - giovanile?;;
19/12/2025;20:20:51;41_T02;Commento;Penilpidia ludwigi ;;
19/12/2025;20:21:33;41_T02;Commento;Bathypetorides sp. - giovanile?;;
19/12/2025;20:26:13;41_T02;Commento;trasferimento a 5 m dal fondo;;
19/12/2025;21:05:39;41_T02;Commento;ripreso il transetto;;
19/12/2025;21:21:20;41_T02;Commento;Aristeus sp.;;
19/12/2025;21:25:34;41_T02;Commento;rifiuti vari;;
19/12/2025;21:26:43;41_T02;Commento;Macrouridae;;
19/12/2025;21:58:12;41_T02;Commento;lattina;;
19/12/2025;22:02:08;41_T02;Commento;Bathypetorides sp. - giovanile?;;
19/12/2025;22:16:55;41_T02;Commento;Macrouridae;;
19/12/2025;22:42:46;41_T02;Commento;Dipturus cf. batis ;;
19/12/2025;22:56:09;41_T02;Commento;Hymenodiscus coronata;;
19/12/2025;23:00:44;41_T02;Commento;Penilpidia ludwigi ;;
19/12/2025;23:07:32;41_T02;Fine transetto;;;
20/12/2025;00:31:00;41_T02;On Deck;;;
20/12/2025;03:38:57;22_T08;Off Deck;;;
20/12/2025;04:12:20;22_T08;Commento;interrotta registrazione per problema tecnico rov ;;torna a 20 m per riavvio 
20/12/2025;04:36:23;22_T08;Commento;riprende registrazione;;
20/12/2025;04:53:54;22_T08;Push-corer;;;
20/12/2025;04:55:18;22_T08;Inizio transetto;;;
20/12/2025;05:01:51;22_T08;Commento;Chaliodus sloani ;;
20/12/2025;05:04:20;22_T08;Commento;Nettastoma melanurum ;;
20/12/2025;05:09:06;22_T08;Commento;Nettastoma melanurum ;;
20/12/2025;05:10:58;22_T08;Commento;Macrouridae;;
20/12/2025;05:11:55;22_T08;Commento;Macrouridae;;
20/12/2025;05:33:16;22_T08;Commento;tentativo campionamento cnidario nd su fango ;;
20/12/2025;05:56:00;22_T08;Biologico ;Cnidario nd;;
20/12/2025;05:57:57;22_T08;Commento;Chaliodus sloani ;;
20/12/2025;06:20:47;22_T08;Commento;isidiidae spezzato;;
20/12/2025;06:29:51;22_T08;Commento;Isidella epibiontata con zoantideo, A. dohrni, piccoli gamberi, 3 granchi;;
20/12/2025;06:53:52;22_T08;Commento;Residuo di isidella epibiontata con spugna biancastra e granchio;;
20/12/2025;07:00:54;22_T08;Commento;P. periphylla;;
20/12/2025;07:02:30;22_T08;Commento;Pesce striato;;
20/12/2025;07:09:07;22_T08;Commento;Piccolo pesce nd;;
20/12/2025;07:15:01;22_T08;Commento;P. periphylla;;
20/12/2025;07:30:56;22_T08;Commento;H. italicus;;
20/12/2025;07:35:53;22_T08;Commento;Macrouridae;;
20/12/2025;07:40:30;22_T08;Commento;H. italicus;;
20/12/2025;07:48:25;22_T08;Commento;Cerianthus sp.;;
20/12/2025;07:49:05;22_T08;Commento;H.italicus;;
20/12/2025;07:55:03;22_T08;Fine transetto;;;
20/12/2025;10:51:24;22_T10;Off Deck;;;
20/12/2025;11:40:50;22_T10;Inizio transetto;;;
20/12/2025;11:46:44;22_T10;Commento;H. italicus;;
20/12/2025;11:51:59;22_T10;Commento;Macrouridae;;
20/12/2025;11:55:07;22_T10;Commento;H. italicus;;
20/12/2025;11:55:58;22_T10;Commento;H. italicus;;
20/12/2025;11:57:52;22_T10;Commento;Macrouridae;;
20/12/2025;12:02:21;22_T10;Commento;Roccia con zoantidei, stoloniferi?, spugne incrostanti, brachiopodi;;
20/12/2025;12:08:23;22_T10;Commento;N. melanurum;;
20/12/2025;12:15:28;22_T10;Commento;H. italicus;;
20/12/2025;12:15:54;22_T10;Commento;P. ludwigi;;
20/12/2025;12:16:07;22_T10;Commento;H. italicus;;
20/12/2025;12:17:50;22_T10;Commento;H. italicus;;
20/12/2025;12:19:04;22_T10;Commento;H. italicus;;
20/12/2025;12:19:21;22_T10;Commento;Macrouridae;;
20/12/2025;12:26:31;22_T10;Commento;N. bonaparte;;
20/12/2025;12:31:50;22_T10;Commento;H. italicus;;
20/12/2025;12:32:29;22_T10;Commento;H. italicus;;
20/12/2025;12:36:07;22_T10;Commento;P. carpenteri;;
20/12/2025;12:51:34;22_T10;Commento;Medusa nera;;
20/12/2025;12:55:00;22_T10;Commento;H. italicus;;
20/12/2025;13:03:26;22_T10;Commento;Inizio campionamento;;
20/12/2025;13:21:36;22_T10;Biologico ;Resti di isidella + Ascidie;;
20/12/2025;13:35:05;22_T10;Commento;P. cuvieri;;
20/12/2025;13:42:45;22_T10;Commento;p. ludwigi;;
20/12/2025;13:44:32;22_T10;Fine transetto;;;
20/12/2025;16:15:23;22_T18;Inizio transetto;;;
20/12/2025;16:16:45;22_T18;Commento;Pesce ;;
20/12/2025;16:19:36;22_T18;Commento;Cerianthus sp;;
20/12/2025;16:22:59;22_T18;Commento;Roccia con spugne, mollecorallium e altre specie miste;;
20/12/2025;16:28:53;22_T18;Commento;tentativo di campionamento roccia con mollecorallium e altre specie;;Fallito
20/12/2025;16:35:06;22_T18;Commento;Spugna bianca cf. P. monilifera con epibionti;;
20/12/2025;16:37:42;22_T18;Commento;inizio campionamento;;
20/12/2025;16:38:26;22_T18;Commento;Stomias boa;;
20/12/2025;16:46:28;22_T18;Biologico ;Viminella flagellum;;
20/12/2025;16:52:58;22_T18;Commento;Stomias boa;;
20/12/2025;16:54:16;22_T18;Commento;H. italicus;;
20/12/2025;17:05:07;22_T18;Commento;Spugne bianche Gepodia sp. su tanatocenosi;;
20/12/2025;17:09:12;22_T18;Commento;Mollecorallium;;
20/12/2025;17:23:17;22_T18;Commento;Bathyinectes;;
20/12/2025;17:28:06;22_T18;Commento;Gracilechinus;;
20/12/2025;17:45:30;22_T18;Commento;Munida;;
20/12/2025;17:50:14;22_T18;Commento;Cerianthus sp.;C;
20/12/2025;17:51:30;22_T18;Commento;Standby per handover;;
20/12/2025;17:57:11;22_T18;Commento;Riprendiamo il transetto;;
20/12/2025;18:01:41;22_T18;Commento;Cerianthus sp.;;
20/12/2025;18:09:17;22_T18;Commento;A. rissoana su V flagellum ;;
20/12/2025;18:14:09;22_T18;Commento;tentativo campionamento Parantipathes n sp;;fallito 
20/12/2025;18:29:44;22_T18;Commento;Macrouridae;;
20/12/2025;18:39:54;22_T18;Commento;Polymastia;;
20/12/2025;18:45:13;22_T18;Commento;cf. Exidmonea atlantica ;;
20/12/2025;18:47:18;22_T18;Commento;Macrouridae;;
20/12/2025;18:51:22;22_T18;Commento;Mollecorallium;;
20/12/2025;19:01:14;22_T18;Commento;Tentativo di campionamento;;fallito 
20/12/2025;19:14:09;22_T18;Commento;A. rissoana ;;
20/12/2025;19:16:32;22_T18;Commento;Munida sp ;;
20/12/2025;19:24:10;22_T18;Commento;Macrouridae;;
20/12/2025;19:37:00;22_T18;Commento;A. rissoana;;
20/12/2025;19:43:00;22_T18;Commento;spugna bianca incrostante;;
20/12/2025;19:44:40;22_T18;Commento;Cerianthus sp.;;
20/12/2025;19:49:56;22_T18;Commento;C. abissicola;;
20/12/2025;20:06:56;22_T18;Biologico ;ramo epibiontato - zoantidei, scleractinie, idroidi;;
20/12/2025;20:16:44;22_T18;Commento;Chauliodus solani;;
20/12/2025;20:21:22;22_T18;Commento;Chauliodus solani;;
20/12/2025;20:24:10;22_T18;Commento;Peltaster placenta;;
20/12/2025;20:25:50;22_T18;Commento;mollecorallium;;
20/12/2025;20:35:32;22_T18;Commento;A. rissoana su viminella tutta epibionata;;
20/12/2025;20:52:30;22_T18;Commento;Munida;;
20/12/2025;20:54:56;22_T18;Commento;Sterasclerias neglecta;;
20/12/2025;21:15:42;22_T18;Commento;picnogonide;;
20/12/2025;21:25:01;22_T18;Commento;inizio campionamento A. dichotoma ;;
20/12/2025;21:39:16;22_T18;Biologico ;campione A. dichotoma ;;
20/12/2025;22:11:21;22_T18;Fine transetto;;;
20/12/2025;22:36:26;22_T18;On Deck;;;
21/12/2025;00:32:07;22_T04;Off Deck;;;
21/12/2025;01:27:43;22_T04;Inizio transetto;;;
21/12/2025;01:41:51;22_T04;Commento;Macrouridae;;
21/12/2025;01:42:29;22_T04;Commento;Macrouridae;;
21/12/2025;01:46:13;22_T04;Commento;Cerianthus sp. ;;
21/12/2025;01:56:32;22_T04;Commento;Cerianthus sp. ;;
21/12/2025;01:58:27;22_T04;Commento;Cerianthus sp. ;;
21/12/2025;02:08:13;22_T04;Commento;Macrouridae;;
21/12/2025;02:08:46;22_T04;Commento;Penilpidia ludwigi ;;
21/12/2025;02:22:13;22_T04;Commento;tentativo campionamento P. carpenteri - fallito ;;
21/12/2025;02:33:08;22_T04;Commento;Cerianthus sp. ;;
21/12/2025;02:34:51;22_T04;Commento;Cerianthus sp. ;;
21/12/2025;02:43:17;22_T04;Commento;Cerianthus sp. ;;
21/12/2025;02:45:34;22_T04;Commento;Macrouridae;;
21/12/2025;02:55:41;22_T04;Commento;Macrouridae;;
21/12/2025;02:58:59;22_T04;Commento;Cerianthus sp. ;;
21/12/2025;02:59:11;22_T04;Commento;Loligo sp. ;;
21/12/2025;03:01:17;22_T04;Commento;segni strascico ;;
21/12/2025;03:04:14;22_T04;Fine transetto;terminato a 730 mp ;;
21/12/2025;03:36:57;22_T04;On Deck;;;
21/12/2025;05:35:33;22_T01;Off Deck;;;
21/12/2025;06:27:14;22_T01;Inizio transetto;;;
21/12/2025;06:29:07;22_T01;Commento;Chauliodus sloani;;
21/12/2025;06:37:17;22_T01;Commento;Chauliodus sloani;;
21/12/2025;06:40:25;22_T01;Commento;Segni di strascico;;
21/12/2025;06:42:24;22_T01;Commento;Segni di strascico;;
21/12/2025;06:45:24;22_T01;Commento;Chauliodus sloani;;
21/12/2025;06:45:29;22_T01;Commento;Segni di strascico;;
21/12/2025;06:55:31;22_T01;Commento;Segni di strascico;;
21/12/2025;06:55:48;22_T01;Commento;Facciolella;;
21/12/2025;06:59:32;22_T01;Commento;Segni di strascico;;
21/12/2025;07:00:22;22_T01;Commento;H. italicus;;
21/12/2025;07:04:05;22_T01;Niskin;campionamento di acqua;;
21/12/2025;07:21:41;22_T01;Commento;ripreso il transetto;;
21/12/2025;07:25:43;22_T01;Commento;A. rissoana su isidella;;
21/12/2025;07:28:20;22_T01;Commento;segni di strascico;;
21/12/2025;07:28:48;22_T01;Commento;segni di strascico;;
21/12/2025;07:29:46;22_T01;Commento;segni di strascico;;
21/12/2025;07:30:48;22_T01;Commento;tantissime isidelle;;
21/12/2025;07:32:40;22_T01;Commento;segni di strascico;;
21/12/2025;07:36:55;22_T01;Commento;4 H. italicus;;
21/12/2025;07:40:55;22_T01;Commento;H. italicus;;
21/12/2025;07:41:35;22_T01;Commento;segni di strascico;;
21/12/2025;07:42:42;22_T01;Commento;H. italicus;;
21/12/2025;07:43:58;22_T01;Commento;Macrouridae;;
21/12/2025;07:45:39;22_T01;Commento;segni di strascico;;
21/12/2025;07:45:44;22_T01;Commento;H. italicus;;
21/12/2025;07:46:37;22_T01;Commento;Macrouridae;;
21/12/2025;07:49:46;22_T01;Commento;segni di strascico;;
21/12/2025;07:50:22;22_T01;Commento;H. italicus;;
21/12/2025;07:52:16;22_T01;Commento;segni di strascico;;
21/12/2025;07:53:57;22_T01;Commento;segni di strascico;;
21/12/2025;07:55:09;22_T01;Commento;molti segni di strascico;;
21/12/2025;08:01:13;22_T01;Commento;Cerianthus;;
21/12/2025;08:08:55;22_T01;Commento;H. italicus;;
21/12/2025;08:09:32;22_T01;Commento;H. italicus;;
21/12/2025;08:18:47;22_T01;Commento;tunicato;;
21/12/2025;08:21:22;22_T01;Fine transetto;;;
21/12/2025;09:03:09;22_T01;On Deck;;;
21/12/2025;11:27:49;56_T06;Off Deck;;;
21/12/2025;12:47:59;56_T06;Inizio transetto;;;
21/12/2025;12:55:47;56_T06;Commento;Hyalonema sp.;;
21/12/2025;13:22:00;56_T06;Commento;Inizio campionamento;;
21/12/2025;13:43:19;56_T06;Biologico ;Donut worm + Detrito nd;;con scoopnet
21/12/2025;13:51:28;56_T06;Commento;Mucillaggine verdastra nd;;
21/12/2025;13:54:39;56_T06;Commento;Roccia con vermetidi fossili;;
21/12/2025;14:06:01;56_T06;Commento;Ascidia?;;
21/12/2025;14:06:34;56_T06;Commento;Idroide;;
21/12/2025;14:12:22;56_T06;Commento;"Grande presenza di ""donut worms""";;
21/12/2025;14:20:25;56_T06;Commento;Spugna biancastra;;
21/12/2025;14:27:39;56_T06;Commento;Inizio campionamento;;
21/12/2025;14:29:15;56_T06;Biologico ;cf. muriceides lepida;;
21/12/2025;14:29:56;56_T06;Commento;MDAC;;
21/12/2025;14:32:51;56_T06;Commento;Inizio campionamento;;
21/12/2025;14:38:17;56_T06;Commento;Picnogonide;;
21/12/2025;14:45:32;56_T06;Biologico ;gorgonia giallastra nd;;
21/12/2025;14:50:19;56_T06;Commento;Inizio campionamento;;
21/12/2025;14:59:00;56_T06;Biologico ;Antiphates + spugna biancastra nd;;
21/12/2025;15:06:00;56_T06;Commento;Cf muriceides lepida;;
21/12/2025;15:10:52;56_T06;Commento;Cf muriceides lepida;;
21/12/2025;15:12:17;56_T06;Commento;idrozoi;;
21/12/2025;15:26:50;56_T06;Commento;Cerianthus sp.;;
21/12/2025;15:29:23;56_T06;Commento;Cerianthus sp.;;
21/12/2025;15:45:41;56_T06;Commento;Hyalonema sp.;;
21/12/2025;15:49:38;56_T06;Commento;matte batterica?;;
21/12/2025;15:53:56;56_T06;Commento;H. italicus?;;
21/12/2025;16:20:17;56_T06;Commento;cf. Lepidion;;
21/12/2025;16:21:48;56_T06;Commento;coryphaenoides mediterraneus;;
21/12/2025;16:29:53;56_T06;Commento;N. malanurum;;
21/12/2025;16:37:16;56_T06;Commento;N. malanurum;;
21/12/2025;16:42:53;56_T06;Commento;Antiphates morta;;
21/12/2025;16:57:24;56_T06;Commento;Macrouridae;;
21/12/2025;17:03:32;56_T06;Commento;Munida sp.;;
21/12/2025;17:08:17;56_T06;Commento;cf. bathynectes maravigna;;
21/12/2025;17:12:36;56_T06;Commento;Spugna biancastra;;
21/12/2025;17:15:27;56_T06;Commento;Munida sp.;;
21/12/2025;17:23:58;56_T06;Commento;Lepidion sp.;;
21/12/2025;17:42:09;56_T06;Fine transetto;;;
21/12/2025;17:45:49;56_T06;On Deck;on TMS - transito in acqua ;;
21/12/2025;18:54:34;56_T07;Off Deck;;;
21/12/2025;19:12:34;56_T07;Inizio transetto;;;
21/12/2025;19:29:11;56_T07;Commento;Munida sp. ;;
21/12/2025;19:56:05;56_T07;Commento;grande densità Antipathes sp. ;;
21/12/2025;19:56:12;56_T07;Commento;inizio campionamento ;;
21/12/2025;19:58:56;56_T07;Biologico ;Acanthogorgia sp. ;;
21/12/2025;20:01:19;56_T07;Biologico ;Placogorgia sp. ;;
21/12/2025;20:13:31;56_T07;Commento;pillow lava ;;
21/12/2025;20:37:28;56_T07;Commento;inizio campionamento ;;
21/12/2025;20:39:28;56_T07;Biologico ;L. glaberrima ;;
21/12/2025;21:13:13;56_T07;Commento;Munida sp. ;;
21/12/2025;21:15:23;56_T07;Commento;Notacanthus bonaparte ;;
21/12/2025;21:34:57;56_T07;Commento;MDAC;;
21/12/2025;21:52:00;56_T07;Commento;Munida sp. ;;
21/12/2025;22:30:46;56_T07;Commento;MDAC;;
21/12/2025;22:35:34;56_T07;Commento;tanatocenosi serpulidi e sclerattinie su roccia ;;
21/12/2025;22:46:00;56_T07;Commento;Nettastoma melanurum;;
21/12/2025;22:54:37;56_T07;Commento;spugna bianca a pallina ;;
21/12/2025;23:22:11;56_T07;Commento;foraminiferi/vermi che formano tracce circolarii su fango ;;
21/12/2025;23:27:35;56_T07;Commento;Munida sp. ;;
21/12/2025;23:27:37;56_T07;Commento;Munida sp. ;;
21/12/2025;23:49:47;56_T07;Commento;Macrouridae;;
21/12/2025;23:51:11;56_T07;Fine transetto;;;
21/12/2025;23:54:45;56_T07;On Deck;on TMS - transito in acqua ;;
22/12/2025;01:31:56;56_T12;Off Deck;;;
22/12/2025;01:36:08;56_T12;Inizio transetto;;;
22/12/2025;01:42:37;56_T12;Commento;segni di strascico;;
22/12/2025;01:55:39;56_T12;Commento;Nettastoma melanurum;;
22/12/2025;02:11:40;56_T12;Commento;Penilpidia ludwigi;;
22/12/2025;02:26:22;56_T12;Commento;Dicopia anthirrinum ;;
22/12/2025;02:32:00;56_T12;Commento;balani;;
22/12/2025;02:32:02;56_T12;Commento;spugna bianca incrostante ;;
22/12/2025;02:32:32;56_T12;Commento;donut worms ;;
22/12/2025;02:34:28;56_T12;Commento;Ceramaster sp. ;;
22/12/2025;02:36:59;56_T12;Commento;ROV si alza per scavallare pendenza e ripercorrela a ritroso da batimetrica maggiore - transetto interrotto;;
22/12/2025;03:10:50;56_T12;Commento;ROV di nuvo sul fondo - riprende transetto ;;
22/12/2025;03:23:37;56_T12;Commento;donut worms ;;
22/12/2025;03:29:10;56_T12;Commento;slope di fango ;;
22/12/2025;03:30:34;56_T12;Commento;parete verticale con tanatocenosi serpulidii e sclerattinie ricoperti da Fe-Mn;;
22/12/2025;03:43:11;56_T12;Commento;Macrouridae;;
22/12/2025;03:45:56;56_T12;Commento;Dicopia antirrhinum;;
22/12/2025;03:48:42;56_T12;Commento;Ligur ensiferus ;;
22/12/2025;03:55:44;56_T12;Commento;Nettastoma melanurum ;;
22/12/2025;03:56:17;56_T12;Commento;Munida sp.;;
22/12/2025;04:21:18;56_T12;Commento;canyon profondo sulla cima del monte - non riportato dalle batimetriche ;;proviamo ad esplorarlo scendendo 
22/12/2025;04:33:34;56_T12;Commento;Nettastoma melanurum ;;
22/12/2025;04:35:10;56_T12;Commento;Ceramaster sp. ;;
22/12/2025;04:39:28;56_T12;Fine transetto;;;
22/12/2025;04:45:31;56_T12;On Deck;;;Out of TMS
22/12/2025;09:37:08;56_T05;Off Deck;;;
22/12/2025;09:46:00;56_T05;Fine transetto;;;
22/12/2025;09:51:29;56_T05;Commento;Coryphenoides sp.;;
22/12/2025;09:56:59;56_T05;Commento;Egagropila;;
22/12/2025;10:02:10;56_T05;Commento;Svariati donut worms;;
22/12/2025;10:02:30;56_T05;Commento;H. italicus;;
22/12/2025;10:17:30;56_T05;Commento;H. italicus;;
22/12/2025;10:19:24;56_T05;Commento;Spugna nd;;
22/12/2025;10:25:38;56_T05;Commento;egagropila;;
22/12/2025;10:38:35;56_T05;Commento;N. melanurun;;
22/12/2025;10:51:19;56_T05;Commento;Polichete nd;;
22/12/2025;10:53:05;56_T05;Commento;matrice batterica;;
22/12/2025;10:57:59;56_T05;Commento;munida sp;;
22/12/2025;11:02:54;56_T05;Commento;gorgonia bianca nd;;
22/12/2025;11:05:19;56_T05;Commento;Spugna nd;;
22/12/2025;11:11:04;56_T05;Commento;Elevato numero di antiphates sp.;;
22/12/2025;11:15:48;56_T05;Commento;Spugna bianca nd;;
22/12/2025;11:16:48;56_T05;Commento;inizio campionamento;;
22/12/2025;11:23:33;56_T05;Biologico ;Spugna bianca nd;;
22/12/2025;11:26:16;56_T05;Commento;Parete lavica con gran numero di antiphates sp.;;
22/12/2025;11:27:56;56_T05;Commento;Spugna bianca nd;;
22/12/2025;11:30:05;56_T05;Commento;Spugna bianca nd;;
22/12/2025;11:32:12;56_T05;Commento;Gambero;;
22/12/2025;12:06:33;56_T05;Commento;Dypturus sp.;;
22/12/2025;12:28:25;56_T05;Commento;Fondale fangoso con concavità irregolari;;
22/12/2025;12:31:21;56_T05;Fine transetto;;;1026mp
22/12/2025;12:38:12;56_T05;On Deck;;;On TMS
25/12/2025;04:38:57;56_T04;Off Deck;;;
25/12/2025;06:07:28;56_T04;Commento;standby per spinning out prolungato (50 minunti - dalle 5:25) ;;
25/12/2025;06:22:37;56_T04;Inizio transetto;;;
25/12/2025;06:27:36;56_T04;Commento;serpulidi e Desmophyllum ricoperti da Fe-Mn ;;
25/12/2025;06:45:20;56_T04;Commento;tubi di sedimento agglutinato ;;
25/12/2025;07:02:36;56_T04;Commento;Munida sp. ;;
25/12/2025;07:03:49;56_T04;Commento;Gracilechinus sp. ;;
25/12/2025;07:22:01;56_T04;Commento;Metaverruca imbricata ;;
25/12/2025;07:28:00;56_T04;Commento;Gracilechinus sp. ;;
25/12/2025;07:31:41;56_T04;Commento;Serpulida;;
25/12/2025;07:35:12;56_T04;Commento;vermi che lasciano traccia circolare (donut worm);;
25/12/2025;08:06:40;56_T04;Commento;Munida sp. ;;
25/12/2025;08:08:15;56_T04;Commento;Cataetyx laticeps ;;
25/12/2025;08:10:03;56_T04;Commento;Lepidion lepidion;;
25/12/2025;08:24:32;56_T04;Commento;Metaverruca imbricata ;;
25/12/2025;08:57:57;56_T04;Commento;Nettastoma melanurum;;
25/12/2025;09:01:35;56_T04;Commento;Nettastoma melanurum;;
25/12/2025;09:12:41;56_T04;Commento;Gracilechinus sp. ;;
25/12/2025;09:23:37;56_T04;Commento;Macrouridae;;
25/12/2025;09:25:23;56_T04;Commento;Macrouridae;;
25/12/2025;09:29:34;56_T04;Commento;Nettastoma melanurum;;
25/12/2025;09:30:30;56_T04;Commento;Macrouridae;;2 indivdui
25/12/2025;09:37:35;56_T04;Commento;Macrouridae;;
25/12/2025;09:38:38;56_T04;Fine transetto;;;
25/12/2025;09:50:26;56_T04;On Deck;;;
25/12/2025;11:17:21;56_T03;Off Deck;;;Out of TMS
25/12/2025;11:20:18;56_T03;Inizio transetto;;;
25/12/2025;11:26:40;56_T03;Commento;Macrouridae;;
25/12/2025;11:28:34;56_T03;Commento;N. melanurum;;
25/12/2025;11:30:11;56_T03;Commento;N. melanurum;;
25/12/2025;11:44:32;56_T03;Commento;Gambero;;
25/12/2025;11:55:53;56_T03;Commento;Macrouridae;;
25/12/2025;12:03:53;56_T03;Commento;cf. Dicopia sp.;;
25/12/2025;12:08:44;56_T03;Commento;Macrouridae;;
25/12/2025;12:14:56;56_T03;Commento;cf. Dicopia sp.;;
25/12/2025;12:16:51;56_T03;Commento;Asteroideo;;
25/12/2025;12:20:52;56_T03;Commento;Munida sp.;;
25/12/2025;12:31:15;56_T03;Commento;N. melanurum;;
25/12/2025;12:32:46;56_T03;Commento;Munida sp.;;
25/12/2025;12:42:28;56_T03;Commento;gorgonia? nd;;
25/12/2025;12:45:12;56_T03;Commento;mucillagine batterica ;;
25/12/2025;12:54:28;56_T03;Commento;Munida sp.;;
25/12/2025;12:55:42;56_T03;Commento;MDAC;;
25/12/2025;13:01:49;56_T03;Commento;cf. Dicopia sp.;;
25/12/2025;13:03:40;56_T03;Commento;Recover on deck per batterie sonda scariche;;
25/12/2025;14:02:00;56_T03;On Deck;;;
25/12/2025;14:42:00;56_T03;Off Deck;;;
25/12/2025;15:43:58;56_T03;Inizio transetto;;;
25/12/2025;16:10:31;56_T03;Commento;Gracilechinus sp.;;
25/12/2025;16:14:09;56_T03;Commento;Nettastoma melanurum;;
25/12/2025;16:15:45;56_T03;Commento;Pesce nd;;
25/12/2025;17:40:28;56_T03;Commento;Inizio campionamento;;
25/12/2025;17:46:41;56_T03;Biologico ;Donut worm;;
25/12/2025;17:50:00;56_T03;Push-corer;;;
25/12/2025;17:51:13;56_T03;Fine transetto;;;
25/12/2025;17:58:42;56_T03;On Deck;on tms;;
25/12/2025;18:55:21;56_T02;Off Deck;out of tms ;;
25/12/2025;19:06:08;56_T02;Inizio transetto;;;
25/12/2025;19:11:01;56_T02;Commento;Notacanthus bonaparte ;;
25/12/2025;19:15:09;56_T02;Commento;vermi che lasciano traccia circolare (donut worm);;
25/12/2025;19:17:39;56_T02;Commento;anfora;;
25/12/2025;19:20:13;56_T02;Commento;Penilpidia ludwigi ;;
25/12/2025;19:22:01;56_T02;Commento;Nettastoma melanurum ;;
25/12/2025;19:23:46;56_T02;Commento;Macrouridae;;
25/12/2025;19:26:50;56_T02;Commento;Geryon longipes ;;
25/12/2025;19:32:16;56_T02;Commento;agglomerati di sedimento ;;
25/12/2025;19:35:26;56_T02;Commento;Macrouridae;;con isopode parassita 
25/12/2025;19:36:10;56_T02;Commento;Macrouridae;;
25/12/2025;19:41:03;56_T02;Commento;Macrouridae;;
25/12/2025;19:45:40;56_T02;Commento;Trachyrinchus sp.;;
25/12/2025;19:48:56;56_T02;Commento;Nettastoma melanurum ;;
25/12/2025;19:53:03;56_T02;Commento;tanatocenosi serpulidi e desmophyllum ricoperti di Fe-Mn ;;
25/12/2025;20:18:29;56_T02;Commento;Galeus melastomus ;;
25/12/2025;20:21:56;56_T02;Commento;ci alziamo 5 m da fondo per procedere a velocità 0.5 kn per 800 m ;;
25/12/2025;21:22:56;56_T02;Commento;riprendiamo transetto sul fondo ;;
25/12/2025;21:26:21;56_T02;Commento;Galeus melastomus ;;
25/12/2025;21:31:11;56_T02;Commento;Penilpidia ludwigi ;;
25/12/2025;21:39:15;56_T02;Commento;slope con detrito ;;
25/12/2025;21:40:22;56_T02;Commento;Nettastoma melanurum ;;
25/12/2025;21:45:34;56_T02;Commento;tanatocenosi serpulidi e desmophyllum ricoperti di Fe-Mn su parete verticale ;;
25/12/2025;22:20:52;56_T02;Biologico ;spugna bianca massiva con tanatocenosi ;;
25/12/2025;22:23:45;56_T02;Commento;spugna bianca massiva ;;
25/12/2025;22:32:56;56_T02;Commento;Dicopia antirrhinum ;;
25/12/2025;22:38:00;56_T02;Commento;Ceramaster cf. grenadensis ;;
25/12/2025;22:49:29;56_T02;Commento;inizio campionamento - T4;;
25/12/2025;22:50:40;56_T02;Commento;fallito ;;
25/12/2025;22:52:27;56_T02;Commento;cf. muriceides;;
25/12/2025;22:53:08;56_T02;Commento;Ceramaster cf. grenadensis ;;
25/12/2025;22:56:46;56_T02;Commento;Ceramaster cf. grenadensis ;;
25/12/2025;23:04:20;56_T02;Commento;riposizionamento tms - fermi ;;
25/12/2025;23:10:29;56_T02;Commento;ripreso il transetto;;
25/12/2025;23:43:04;56_T02;Commento;tagliamo curva del transetto;;
26/12/2025;00:03:47;56_T02;Commento;Nettastoma melanurum ;;
26/12/2025;00:10:54;56_T02;Commento;spugne bianche a pallina ;;
26/12/2025;00:13:48;56_T02;Commento;Paromola cuvieri ;;
26/12/2025;00:14:14;56_T02;Commento;Munida sp. ;;
26/12/2025;00:33:29;56_T02;Commento;Munida sp. ;;
26/12/2025;00:46:49;56_T02;Biologico ;roccia con lollipop sponges;;
26/12/2025;00:56:00;56_T02;Commento;Telestula sp. ;;
26/12/2025;00:57:08;56_T02;Commento;Nettastoma melanurum ;;
26/12/2025;01:00:57;56_T02;Commento;Munida sp. ;;
26/12/2025;01:06:41;56_T02;Commento;Dicopia antirrhinum ;;
26/12/2025;01:08:34;56_T02;Biologico ;pezzo di roccia con stoloniferi e ottocorallo nd. ;;
26/12/2025;01:19:20;56_T02;Fine transetto;;;
26/12/2025;01:22:51;56_T02;On Deck;on tms;;
26/12/2025;02:52:05;56_T09;Off Deck;out of tms ;;
26/12/2025;03:07:14;56_T09;Inizio transetto;;;
26/12/2025;03:07:31;56_T09;Commento;vermi che lasciano traccia circolare (donut worm);;
26/12/2025;03:17:54;56_T09;Commento;Nettastoma melanurum ;;
26/12/2025;03:26:01;56_T09;Commento;tanatocenosi serpulidi e desmophyllum ricoperti di Fe-Mn ;;
26/12/2025;03:43:41;56_T09;Commento;Notacanthus bonaparte ;;
26/12/2025;04:04:19;56_T09;Commento;Nettastoma melanurum ;;
26/12/2025;04:14:57;56_T09;Fine transetto;transetto terminato a 420 mp ;;
26/12/2025;04:57:56;56_T09;On Deck;;;
26/12/2025;06:13:00;56_T01;Off Deck;;;
26/12/2025;07:30:36;56_T01;Inizio transetto;;;
26/12/2025;07:37:26;56_T01;Commento;Macrouridae;;
26/12/2025;07:38:14;56_T01;Commento;Gambero;;
26/12/2025;07:39:10;56_T01;Commento;Gambero ;;
26/12/2025;07:40:08;56_T01;Commento;Polistirolo;;
26/12/2025;07:41:29;56_T01;Commento;Macrouridae;;
26/12/2025;07:45:46;56_T01;Commento;Periphylla periphylla;;
26/12/2025;07:47:20;56_T01;Commento;Donut worms presenti;;
26/12/2025;08:02:16;56_T01;Commento;Notacanthus;;
26/12/2025;08:05:11;56_T01;Commento;Macrouridae;;
26/12/2025;08:12:39;56_T01;Commento;Cataetyx laticeps;;
26/12/2025;08:13:18;56_T01;Commento;Granchio;;
26/12/2025;08:15:53;56_T01;Commento;Inizio campionamento;;
26/12/2025;08:17:18;56_T01;Commento;Granchio;;
26/12/2025;08:26:21;56_T01;Biologico ;Granchio su materiale nd;;
26/12/2025;08:29:14;56_T01;Commento;Pesce nd (caudale nera cf N. melanurum);;
26/12/2025;08:37:27;56_T01;Commento;Dicopia sp. ;;
26/12/2025;08:52:33;56_T01;Commento;Spugna bianca nd;;
26/12/2025;08:53:18;56_T01;Commento;Inizio campionamento;;
26/12/2025;08:56:48;56_T01;Biologico ;Spugna bianca nd;;
26/12/2025;08:59:09;56_T01;Commento;Macrouridae;;
26/12/2025;09:14:48;56_T01;Commento;Donut worm;;
26/12/2025;09:15:36;56_T01;Commento;Macrouridae;;
26/12/2025;09:18:13;56_T01;Commento;Anemone nd;;
26/12/2025;09:24:40;56_T01;Commento;Possibile anfora con coralliti sopra;;
26/12/2025;09:26:35;56_T01;Commento;Anfora con granchio;;
26/12/2025;09:37:35;56_T01;Commento;Anfora;;
26/12/2025;09:44:25;56_T01;Commento;Anfora con granchio (P. cuvieri;;
26/12/2025;09:46:27;56_T01;Commento;Anfora;;
26/12/2025;09:47:22;56_T01;Commento;Anfora;;
26/12/2025;09:47:24;56_T01;Commento;Anfora con cf Nettastoma, granchio bianco e foraminiferi;;
26/12/2025;09:55:43;56_T01;Commento;Anfora con granchio bianco che mangia foraminiferi;;
26/12/2025;10:00:30;56_T01;Commento;Frammento di anfora;;
26/12/2025;10:02:19;56_T01;Commento;Nettastoma melanurum;;
26/12/2025;10:02:49;56_T01;Commento;Rifiuto nd;;
26/12/2025;10:07:20;56_T01;Fine transetto;;;
26/12/2025;12:13:15;01_T12;Off Deck;;;
26/12/2025;13:24:54;01_T12;Commento;Gambero;;
26/12/2025;13:26:24;01_T12;Commento;Donut worm;;
26/12/2025;13:34:26;01_T12;Commento;Bathynectes maravigna;;
26/12/2025;13:45:09;01_T12;Commento;Cerianthus;;
26/12/2025;13:48:21;01_T12;Commento;Ceramaster;;
26/12/2025;13:58:35;01_T12;Commento;Spugna bianca nd;;
26/12/2025;13:59:18;01_T12;Commento;Ascidia nd;;
26/12/2025;14:00:33;01_T12;Commento;Paromola cuvieri;;
26/12/2025;14:23:00;01_T12;Commento;Penilpidia;;
26/12/2025;14:26:17;01_T12;Commento;Galeus melastomus;;
26/12/2025;14:31:03;01_T12;Commento;cf Mora moro;;
26/12/2025;14:43:56;01_T12;Commento;Cubomedusa;;
26/12/2025;14:46:43;01_T12;Commento;Nettastoma melanurum;;
26/12/2025;14:55:04;01_T12;Commento;Pesce nd cf Notacanthus;;
26/12/2025;15:11:46;01_T12;Commento;Macrouridae;;
26/12/2025;15:16:24;01_T12;Commento;Cubomedusa;;
26/12/2025;15:16:24;01_T12;Commento;200 m a 10 m dal fondo;;
26/12/2025;15:34:04;01_T12;Commento;ripreso il transetto;;
26/12/2025;15:38:15;01_T12;Commento;Trachyscorpia echinata;;
26/12/2025;15:40:15;01_T12;Commento;Dipturus sp.;;
26/12/2025;15:42:09;01_T12;Commento;Nettastoma melanurum;;
26/12/2025;15:49:25;01_T12;Commento;Donut worms presenti;;
26/12/2025;15:53:37;01_T12;Commento;Nettastoma melanurum;;
26/12/2025;16:00:56;01_T12;Commento;Cerianthus ;;
26/12/2025;16:01:56;01_T12;Commento;Donut worm;;
26/12/2025;16:03:38;01_T12;Commento;Isididae;;
26/12/2025;16:06:05;01_T12;Commento;Inizio campionamento;;
26/12/2025;16:09:21;01_T12;Biologico ;isididae;;
26/12/2025;16:28:03;01_T12;Commento;Macrouridae;;
26/12/2025;16:31:16;01_T12;Commento;Gambero;;
26/12/2025;16:33:35;01_T12;Commento;Munida sp;;
26/12/2025;16:35:50;01_T12;Commento;Munida sp;;
26/12/2025;16:36:26;01_T12;Commento;Nettastoma melanurum;;
26/12/2025;16:49:21;01_T12;Commento;Cubomedusa;;(dalla b&w)
26/12/2025;16:50:21;01_T12;Commento;inizio campionamento;;
26/12/2025;16:52:47;01_T12;Commento;campionamento fallito Parantipathes;;
26/12/2025;16:54:13;01_T12;Commento;Ceramaster;;
26/12/2025;17:04:10;01_T12;Commento;Munida sp.;;
26/12/2025;17:10:01;01_T12;Commento;Macrouridae;;
26/12/2025;17:14:48;01_T12;Commento;Ceramaster;;
26/12/2025;17:16:51;01_T12;Commento;Munida sp.;;
26/12/2025;17:17:04;01_T12;Commento;Nettastoma melanurum;;
26/12/2025;17:20:48;01_T12;Commento;Macrouridae;;
26/12/2025;17:24:50;01_T12;Commento;Ceramaster;;
26/12/2025;17:27:32;01_T12;Commento;Munida sp.;;
26/12/2025;17:33:10;01_T12;Commento;Anfora e frammenti con foraminiferi e cnidari;;
26/12/2025;17:51:37;01_T12;Commento;Bathynectes maravigna;;
26/12/2025;17:55:25;01_T12;Fine transetto;;;
26/12/2025;18:07:33;01_T12;On Deck;on tms ;;
26/12/2025;19:59:40;01_T15;Off Deck;out of tms;;
26/12/2025;20:04:52;01_T15;Inizio transetto;;;
26/12/2025;20:07:10;01_T15;Commento;Munida sp. ;;
26/12/2025;20:26:33;01_T15;Commento;Epizoanthus sp. su M. oculata ;;
26/12/2025;20:30:32;01_T15;Commento;Ceramaster cf. grenadensis ;;
26/12/2025;20:34:17;01_T15;Commento;Epizoanthus sp. su roccia ;;
26/12/2025;20:38:44;01_T15;Commento;Paromola cuvieri ;;
26/12/2025;20:40:20;01_T15;Commento;stella piccola bianca nd.;;
26/12/2025;20:50:40;01_T15;Biologico ;Placogorgia sp. su blocco di roccia ;;
26/12/2025;21:02:30;01_T15;Commento;Epizoanthus sp. su roccia ;;
26/12/2025;21:07:24;01_T15;Commento;Trachyscorpia echinata ;;
26/12/2025;21:21:50;01_T15;Biologico ;Parantipathes larix;;
26/12/2025;21:24:06;01_T15;Commento;Munida sp. ;;
26/12/2025;21:34:02;01_T15;Commento;Fotogrammetria blocco di coralli in cima al monte;;
26/12/2025;22:14:09;01_T15;Commento;fine acquisizione ;;
26/12/2025;22:20:47;01_T15;Commento;Macrouridae;;
26/12/2025;22:33:31;01_T15;Commento;procediamo a 5 m dal fondo a velocità 0.5 kn - sorvoliamo isididi su fango per 600 m ;;
26/12/2025;23:04:28;01_T15;Commento;Macrouridae ;;
26/12/2025;23:13:10;01_T15;Commento;Ceramaster cf. grenadensis ;;
26/12/2025;23:13:40;01_T15;Commento;Nettastoma melanurum ;;
26/12/2025;23:23:04;01_T15;Commento;torniamo vicini al fondale a velocità ridotta ;;
26/12/2025;23:28:32;01_T15;Commento;grande quantità di detrito sparso su sedimento ;;
26/12/2025;23:29:45;01_T15;Commento;Munida sp.;;
26/12/2025;23:34:42;01_T15;Commento;Epizoanthus sp. su D. dianthus ;;
26/12/2025;23:42:25;01_T15;Commento;coral rubble di M. oculata e D. pertusum;;
26/12/2025;23:51:31;01_T15;Commento;Anamanthia rissoana su L. glaberrima ;;
27/12/2025;00:24:42;01_T15;Commento;Dicopia antirrhinum ;;
27/12/2025;00:35:40;01_T15;Commento;fine habitat ;;
27/12/2025;00:52:35;01_T15;Biologico ;asse placogorgia con idroidi ;;
27/12/2025;01:23:32;01_T15;Commento;Epizoanthus sp. su scheletro corallo nero ;;
27/12/2025;01:23:54;01_T15;Commento;Anamanthia rissoana su L. glaberrima ;;
27/12/2025;01:29:54;01_T15;Commento;Chaliodus sloani ;;
27/12/2025;01:31:07;01_T15;Commento;tanatocenosi di Dendrophyllia e coralli bianchi ;;
27/12/2025;01:43:43;01_T15;Biologico ;Placogorgia più densa ;;
27/12/2025;02:03:45;01_T15;Commento;Batinectes maravigna ;;
27/12/2025;02:12:47;01_T15;Commento;Macrouridae;;
27/12/2025;02:26:12;01_T15;Biologico ;Coral rubble con Placogorgia;;
27/12/2025;02:36:19;01_T15;Commento;stella bianca ;;
27/12/2025;02:37:00;01_T15;Commento;colonie leiopthes arancioni e rossicce;;
27/12/2025;02:46:23;01_T15;Commento;procediamo a 4 m dal fondo a velocità 0.4 kn - sorvoliamo foresta di Placogorgia su tanatocenosi e l. glaberrima;;
27/12/2025;02:50:51;01_T15;Commento;fine habitat - continua fango con colonie sparse di Placogorgia sp. su coral rubble;;
27/12/2025;02:58:02;01_T15;Commento;Macrouridae;;
27/12/2025;03:02:27;01_T15;Commento;isididi su roccia ;;
27/12/2025;03:07:02;01_T15;Commento;Bonellia viridis;;
27/12/2025;03:14:18;01_T15;Commento;spugne grige massive ;;
27/12/2025;03:26:17;01_T15;Biologico ;Neopicnodonte zibrowii;;
27/12/2025;03:34:08;01_T15;Commento;P. larix rossa;;
27/12/2025;03:38:55;01_T15;Commento;A. rissoana su L. glaberrima  ;;
27/12/2025;03:45:44;01_T15;Fine transetto;;;
27/12/2025;05:00:00;01_T15;On Deck;;;
27/12/2025;05:50:00;01_T13;Off Deck;;;
27/12/2025;06:34:10;01_T13;Commento;Out of tms;;
27/12/2025;06:37:19;01_T13;Commento;Fondo;;
27/12/2025;06:40:30;01_T13;Commento;tanti Loligo sp. ;;
27/12/2025;06:40:50;01_T13;Commento;C. sloani;;
27/12/2025;06:43:25;01_T13;Inizio transetto;;;
27/12/2025;06:44:09;01_T13;Commento;C. sloani;;
27/12/2025;06:44:19;01_T13;Commento;C. sloani;;
27/12/2025;06:44:24;01_T13;Commento;Gambero;;
27/12/2025;06:44:35;01_T13;Commento;C. sloani;;
27/12/2025;06:44:44;01_T13;Commento;C. sloani;;
27/12/2025;06:45:02;01_T13;Commento;Gambero;;
27/12/2025;06:45:15;01_T13;Commento;C. sloani;;
27/12/2025;06:45:24;01_T13;Commento;C. sloani;;
27/12/2025;06:45:42;01_T13;Commento;Macrouridae;;
27/12/2025;06:46:08;01_T13;Commento;C. sloani presenti in grande numero;;
27/12/2025;06:48:40;01_T13;Commento;Solmissus sp;;
27/12/2025;06:52:52;01_T13;Commento;Macrouridae;;
27/12/2025;06:54:16;01_T13;Commento;Macrouridae;;
27/12/2025;07:03:18;01_T13;Commento;Paromola cuvieri;;
27/12/2025;07:03:36;01_T13;Commento;Aggregazione di sedimento;;
27/12/2025;07:05:10;01_T13;Commento;Mesoturia intestinalis;;
27/12/2025;07:05:27;01_T13;Commento;Mesoturia intestinalis;;
27/12/2025;07:05:58;01_T13;Commento;Anfora con H. dactylopterus;;
27/12/2025;07:06:38;01_T13;Commento;Dicopia sp.;;
27/12/2025;07:07:38;01_T13;Commento;Solmissus sp. ;;
27/12/2025;07:08:48;01_T13;Commento;C. sloani;;
27/12/2025;07:10:11;01_T13;Commento;cf. Galeorhinus galeus (Triakidae);;
27/12/2025;07:12:06;01_T13;Commento;Mesoturia intestinalis;;
27/12/2025;07:19:17;01_T13;Commento;Mesoturia intestinalis;;
27/12/2025;07:19:26;01_T13;Commento;Macrouridae;;
27/12/2025;07:20:42;01_T13;Commento;Macrouridae;;
27/12/2025;07:22:01;01_T13;Commento;Loligo sp.;;
27/12/2025;07:24:46;01_T13;Commento;Macrouridae;;
27/12/2025;07:28:22;01_T13;Commento;Macrouridae;;
27/12/2025;07:30:43;01_T13;Commento;Loligo sp.;;
27/12/2025;07:30:59;01_T13;Commento;Mesoturia intestinalis;;
27/12/2025;07:32:04;01_T13;Commento;H. italicus;;
27/12/2025;07:33:59;01_T13;Commento;Mesoturia intestinalis;;
27/12/2025;07:36:18;01_T13;Commento;Piccole spugne bianche;;
27/12/2025;07:38:33;01_T13;Commento;Munida sp.;;
27/12/2025;07:39:43;01_T13;Commento;Macrouridae;;
27/12/2025;07:42:37;01_T13;Commento;Munida sp;;
27/12/2025;07:45:34;01_T13;Commento;Solmissus sp;;
27/12/2025;07:49:49;01_T13;Commento;Piccole spugne bianche;;
27/12/2025;07:53:55;01_T13;Commento;Pesce nd;;
27/12/2025;07:57:36;01_T13;Commento;Asteroidea;;
27/12/2025;08:04:02;01_T13;Commento;Macrouridae;;
27/12/2025;08:15:54;01_T13;Commento;Loligo sp;;
27/12/2025;08:43:57;01_T13;Commento;Speed un di 10 metri dal fondale per 300 metri;;
27/12/2025;09:06:50;01_T13;Commento;ripreso il transetto in prossimità del fondo;;
27/12/2025;09:25:52;01_T13;Commento;B. viridis;;
27/12/2025;09:34:04;01_T13;Commento;A. rissoana sopra antipathes;;
27/12/2025;09:39:31;01_T13;Commento;Munida sp;;
27/12/2025;09:39:49;01_T13;Commento;Munida sp.;;
27/12/2025;09:41:04;01_T13;Commento;B. viridis;;
27/12/2025;09:45:45;01_T13;Commento;Munida sp.;;
27/12/2025;09:49:53;01_T13;Commento;Piccole spugne gialle incrostanti distribuite sulle rocce;;
27/12/2025;09:51:23;01_T13;Commento;Presenza di varie solmissus sp.;;
27/12/2025;09:53:12;01_T13;Commento;Octopus sp.;;
27/12/2025;10:01:56;01_T13;Commento;Da cercare ();;
27/12/2025;10:02:33;01_T13;Commento;Spugna viola;;
27/12/2025;10:08:27;01_T13;Commento;B. viridis;;
27/12/2025;10:08:36;01_T13;Commento;B. viridis;;
27/12/2025;10:21:35;01_T13;Commento;Gracilechinus sp;;
27/12/2025;10:24:10;01_T13;Commento;Fine transetto;;
27/12/2025;11:03:00;01_T13;On Deck;;;
27/12/2025;12:36:06;01_T17;Off Deck;;;
27/12/2025;14:02:02;01_T17;Commento;Arrivati al fondo e fatto lo spinning;;
27/12/2025;14:05:09;01_T17;Inizio transetto;;;
27/12/2025;14:08:44;01_T17;Commento;Donut worm;;
27/12/2025;14:59:24;01_T17;Commento;Tazza di ceramica;;
27/12/2025;15:03:54;01_T17;Commento;Zooantari su scheletro di cnidario nd;;
27/12/2025;15:16:58;01_T17;Commento;cf polichete;;
27/12/2025;15:37:21;01_T17;Commento;Munida sp.;;
27/12/2025;15:44:20;01_T17;Commento;Stand by (non funziona la camera del manipolatore);;
27/12/2025;15:50:12;01_T17;Commento;Riprendendo il transetto;;
27/12/2025;16:13:08;01_T17;Commento;Recover ;;
27/12/2025;16:32:19;01_T17;Commento;Ripresa transetto;;
27/12/2025;16:38:59;01_T17;Commento;Macrouridae;;
27/12/2025;17:12:34;01_T17;On Deck;risalita temporanea -  per riscendere e riprendere parte finale del transetto ;;
27/12/2025;19:17:00;01_T17;Off Deck;;;
27/12/2025;20:22:45;01_T17;Inizio transetto;riprende a ridosso dell'ultima parete ;;
27/12/2025;20:22:48;01_T17;Push-corer;carota n° 8 ;;
27/12/2025;20:31:41;01_T17;Commento;Macrouridae;;
27/12/2025;20:32:05;01_T17;Commento;Cerianthus sp. ;;
27/12/2025;20:40:06;01_T17;Commento;Munida sp. ;;
27/12/2025;20:42:15;01_T17;Commento;Macrouridae;;
27/12/2025;20:44:21;01_T17;Commento;Macrouridae;;
27/12/2025;20:53:46;01_T17;Commento;Macrouridae;;
27/12/2025;21:06:24;01_T17;Commento;Gracilechinus sp. ;;
27/12/2025;21:23:03;01_T17;Commento;Dicopia antirrhinum ;;
27/12/2025;21:27:17;01_T17;Fine transetto;;;
27/12/2025;22:10:20;01_T17;On Deck;;;
27/12/2025;23:43:04;01_T19;Off Deck;;;
28/12/2025;00:26:46;01_T19;Inizio transetto;;;
28/12/2025;00:26:49;01_T19;Commento;fondale strascicato ;;
28/12/2025;00:27:39;01_T19;Commento;Mesothuria intestinalis;;
28/12/2025;00:32:36;01_T19;Commento;zoantidei su asse isidide ;;
28/12/2025;00:34:24;01_T19;Commento;Chaliodus sloani ;;
28/12/2025;00:44:28;01_T19;Biologico ;zoantidei su ramo isidide ?;;
28/12/2025;00:48:40;01_T19;Commento;Chaliodus sloani ;;
28/12/2025;01:05:10;01_T19;Commento;ci alziamo di 4 m dal fondale per procedere a 0.5 kn ;;
28/12/2025;01:05:53;01_T19;Commento;Chaliodus sloani ;;
28/12/2025;01:17:13;01_T19;Commento;segni di strascico meno recenti;;
28/12/2025;01:20:22;01_T19;Commento;fine fondo strascicato;;
28/12/2025;01:21:44;01_T19;Commento;stylocidaris affinis;;
28/12/2025;01:33:59;01_T19;Commento;Batynectes maravigna ;;
28/12/2025;01:45:49;01_T19;Commento;Sclerasterias neglecta ;;
28/12/2025;01:47:46;01_T19;Commento;anfora;;
28/12/2025;01:49:28;01_T19;Commento;stylocidaris affinis;;
28/12/2025;01:52:29;01_T19;Commento;stylocidaris affinis;;
28/12/2025;01:52:58;01_T19;Commento;stylocidaris affinis;;
28/12/2025;01:58:06;01_T19;Commento;Mesothuria intestinalis;;
28/12/2025;02:11:08;01_T19;Commento;Mesothuria intestinalis;;
28/12/2025;02:13:13;01_T19;Commento;Mesothuria intestinalis;;
28/12/2025;02:15:47;01_T19;Commento;Mesothuria intestinalis;;
28/12/2025;02:31:05;01_T19;Commento;Mesothuria intestinalis;;
28/12/2025;02:32:12;01_T19;Commento;Mesothuria intestinalis;;
28/12/2025;02:35:03;01_T19;Commento;Munida sp. ;;
28/12/2025;02:47:40;01_T19;Commento;Mesothuria intestinalis;;
28/12/2025;02:53:54;01_T19;Biologico ;Parantipathes n. sp. ;;gia staccata per terra 
28/12/2025;03:00:45;01_T19;Commento;Batynectes maravigna ;;
28/12/2025;03:07:46;01_T19;Commento;Mesothuria intestinalis;;
28/12/2025;03:10:51;01_T19;Commento;spugne bianche a pallina;;
28/12/2025;03:11:57;01_T19;Commento;Macrouridae;;
28/12/2025;03:23:58;01_T19;Biologico ;Parantipathes ;;una sola fila di pinnule 
28/12/2025;03:32:40;01_T19;Commento;pezzo di anfora;;
28/12/2025;03:33:57;01_T19;Commento;Munida sp. ;;
28/12/2025;03:41:40;01_T19;Commento;Mesothuria intestinalis;;
28/12/2025;03:43:33;01_T19;Commento;ci alziamo di 4 m per procedere a velocità 0.5 kn ;;
28/12/2025;03:58:00;01_T19;Fine transetto;;;
28/12/2025;04:25:45;01_T19;On Deck;;;
28/12/2025;05:39:24;01_T14;Off Deck;;;
28/12/2025;06:22:08;01_T14;Commento;Sul fondo;;
28/12/2025;06:29:09;01_T14;Inizio transetto;;;
28/12/2025;06:30:38;01_T14;Commento;Mesoturia intestinalis;;
28/12/2025;06:33:06;01_T14;Commento;Mesoturia intestinalis;;
28/12/2025;06:35:56;01_T14;Commento;Presenza di varie solmissus sp;;
28/12/2025;06:40:09;01_T14;Commento;Macrouridae;;
28/12/2025;06:42:13;01_T14;Commento;B. viridis;;
28/12/2025;06:43:05;01_T14;Commento;B. viridis;;
28/12/2025;06:45:27;01_T14;Commento;Spugna bianca;;
28/12/2025;06:51:42;01_T14;Commento;Munida sp;;
28/12/2025;06:52:19;01_T14;Commento;Benthocometes robustus;;
28/12/2025;06:59:18;01_T14;Commento;Macrouridae;;
28/12/2025;07:09:27;01_T14;Commento;Salpa;;
28/12/2025;07:28:46;01_T14;Commento;Macrouridae;;
28/12/2025;07:29:44;01_T14;Commento;B. viridis;;
28/12/2025;07:31:50;01_T14;Commento;Macrouridae;;
28/12/2025;07:37:06;01_T14;Commento;Benthocometes robustus;;
28/12/2025;07:40:47;01_T14;Commento;Macrouridae;;
28/12/2025;07:44:44;01_T14;Commento;B. viridis;;
28/12/2025;07:44:54;01_T14;Commento;Ancora presenza di varie solmissus sp.;;
28/12/2025;07:45:51;01_T14;Commento;B. viridis;;
28/12/2025;07:49:24;01_T14;Commento;Macrouridae;;
28/12/2025;07:56:38;01_T14;Commento;Balanidi;;
28/12/2025;07:58:52;01_T14;Commento;B. viridis;;
28/12/2025;08:00:05;01_T14;Commento;Balanidi;;
28/12/2025;08:01:25;01_T14;Commento;B. viridis;;
28/12/2025;08:02:58;01_T14;Commento;cf. Hexancus griseus;;
28/12/2025;08:05:06;01_T14;Commento;Salpa;;
28/12/2025;08:10:10;01_T14;Commento;Macrouridae;;
28/12/2025;08:10:28;01_T14;Commento;Macrouridae;;
28/12/2025;08:11:13;01_T14;Commento;Munida sp;;
28/12/2025;08:31:17;01_T14;Commento;Macrouridae;;
28/12/2025;08:33:47;01_T14;Commento;Balanidi;;
28/12/2025;08:40:09;01_T14;Commento;Lepidorhombus sp;;
28/12/2025;08:42:38;01_T14;Commento;Pesce nd;;
28/12/2025;08:44:40;01_T14;Commento;Munida sp;;
28/12/2025;08:55:31;01_T14;Commento;Grande presenza di balanidi;;
28/12/2025;09:03:25;01_T14;Commento;Ancora presenza di varie solmissus sp.;;
28/12/2025;09:14:04;01_T14;Commento;Interrotto a 1171 mp;;
28/12/2025;09:14:29;01_T14;Fine transetto;;;
28/12/2025;09:38:58;01_T14;On Deck;;;
28/12/2025;10:52:59;01_T11;Off Deck;;;
28/12/2025;12:02:32;01_T11;Inizio transetto;;;
28/12/2025;12:05:40;01_T11;Commento;Pesce nd;;
28/12/2025;12:06:56;01_T11;Commento;Macrouridae;;
28/12/2025;12:07:25;01_T11;Commento;Chaliodus sloani;;
28/12/2025;12:17:15;01_T11;Commento;Ceramaster ;;
28/12/2025;12:23:50;01_T11;Commento;Dipturus sp;;
28/12/2025;12:30:59;01_T11;Commento;Macrouridae;;
28/12/2025;12:34:48;01_T11;Commento;Bidone con serpulide, sclerattinie e balanidi;bidone;
28/12/2025;12:38:09;01_T11;Commento;H. italicus;;
28/12/2025;12:40:03;01_T11;Commento;Galeus melastomus;;
28/12/2025;12:46:36;01_T11;Commento;H. italicus;;
28/12/2025;12:52:38;01_T11;Commento;rifiuto;bicchiere plastica;
28/12/2025;12:56:02;01_T11;Commento;ramo di corallo nero ricoperto di zooantari su fango  e gamberetto;;
28/12/2025;12:58:20;01_T11;Commento;Rifiuti vari con sopra Munida sp.;J13 bottiglia o contenitore plastica, contenitori, buste;
28/12/2025;12:59:33;01_T11;Commento;Munida sp;;
28/12/2025;13:05:01;01_T11;Commento;Rifiuti con ramo di corallo nero;;
28/12/2025;13:09:21;01_T11;Commento;H. italicus;;
28/12/2025;13:14:45;01_T11;Commento;H. italicus;;
28/12/2025;13:17:29;01_T11;Commento;H. italicus;;
28/12/2025;13:19:09;01_T11;Commento;H. italicus;;
28/12/2025;13:22:25;01_T11;Commento;Pesce nd;;
28/12/2025;13:26:48;01_T11;Commento;H. italicus;;
28/12/2025;13:27:39;01_T11;Commento;H. italicus;;
28/12/2025;13:28:32;01_T11;Commento;H. italicus;;
28/12/2025;13:29:58;01_T11;Commento;Nettastoma melanurum;;
28/12/2025;13:35:15;01_T11;Commento;Ostriche morte su roccia, coperte da sedimento;;
28/12/2025;13:41:49;01_T11;Commento;Munida sp;;
28/12/2025;13:45:09;01_T11;Commento;Munida sp;;
28/12/2025;13:46:01;01_T11;Commento;Spugna circolare, bianca, con osculo grande ;;
28/12/2025;13:47:40;01_T11;Commento;Macrouridae;;
28/12/2025;13:50:08;01_T11;Commento;Ostriche morte su roccia, coperte da sedimento;;
28/12/2025;14:12:13;01_T11;Commento;Munida sp;;
28/12/2025;14:26:48;01_T11;Commento;Spugna circolare, bianca, con osculo grande ;;
28/12/2025;14:29:17;01_T11;Commento;Munida sp;;
28/12/2025;14:35:20;01_T11;Commento;Macrouridae;;
28/12/2025;14:41:42;01_T11;Commento;Inizio campionamento;;
28/12/2025;14:51:28;01_T11;Biologico ;Valva di ostrica;;
28/12/2025;14:52:49;01_T11;Commento;Munida sp;;
28/12/2025;14:58:51;01_T11;Commento;Bonellia viridis;;
28/12/2025;14:59:32;01_T11;Commento;Batynectes maravigna ;;
28/12/2025;15:02:07;01_T11;Commento;Munida sp.;;
28/12/2025;15:02:20;01_T11;Commento;Mucillagine batterica;;
28/12/2025;15:03:17;01_T11;Commento;Munida sp.;;
28/12/2025;15:14:06;01_T11;Commento;H. italicus;;
28/12/2025;15:24:09;01_T11;Commento;Cerianthus;;
28/12/2025;15:24:26;01_T11;Commento;H. italicus;;
28/12/2025;15:25:10;01_T11;Commento;Cerianthus;;
28/12/2025;15:25:31;01_T11;Commento;Cerianthus;;
28/12/2025;15:30:20;01_T11;Commento;Cerianthus;;
28/12/2025;15:30:38;01_T11;Commento;H. italicus;;
28/12/2025;15:31:06;01_T11;Commento;H. italicus;;
28/12/2025;15:33:52;01_T11;Commento;H. italicus;;
28/12/2025;15:33:55;01_T11;Commento;H. italicus;;
28/12/2025;15:33:57;01_T11;Commento;H. italicus;;
28/12/2025;15:34:10;01_T11;Commento;H. italicus;;
28/12/2025;15:34:11;01_T11;Commento;Cerianthus;;
28/12/2025;15:34:14;01_T11;Commento;H. italicus;;
28/12/2025;15:34:16;01_T11;Commento;Mesoturia intestinalis;;
28/12/2025;15:35:01;01_T11;Commento;Grande presenza di H. italicus;;
28/12/2025;15:40:56;01_T11;Commento;Nettastoma melanurum;;
28/12/2025;15:44:45;01_T11;Commento;Nettastoma melanurum;;
28/12/2025;15:48:25;01_T11;Commento;Cerianthus;;
28/12/2025;15:52:42;01_T11;Commento;Inizio campionamento;;
28/12/2025;15:56:16;01_T11;Biologico ;K. stelliferum;;
28/12/2025;15:58:28;01_T11;Commento;Galeus melastomus;;
28/12/2025;16:05:38;01_T11;Commento;Cerianthus;;
28/12/2025;16:06:22;01_T11;Commento;Cerianthus;;
28/12/2025;16:07:09;01_T11;Commento;Cerianthus;;
28/12/2025;16:07:15;01_T11;Commento;Cerianthus;;
28/12/2025;16:08:47;01_T11;Commento;Cerianthus;;
28/12/2025;16:10:11;01_T11;Fine transetto;1257 mp;;
28/12/2025;16:39:55;01_T11;On Deck;;;
28/12/2025;18:05:19;01_T02;Off Deck;;;
28/12/2025;18:43:25;01_T02;Inizio transetto;;;
28/12/2025;18:53:27;01_T02;Commento;Lepidorhombus wiffhiagonis ;;
28/12/2025;18:54:50;01_T02;Commento;Macroramphosus scolopax;;
28/12/2025;18:55:12;01_T02;Commento;Macroramphosus scolopax;;
28/12/2025;18:55:18;01_T02;Commento;cidaridi sparsi;;
28/12/2025;18:57:23;01_T02;Commento;Plesionika sp.;;
28/12/2025;19:24:57;01_T02;Commento;Aulopus filamentosus;;
28/12/2025;19:28:38;01_T02;Commento;Aulopus filamentosus;;
28/12/2025;19:34:43;01_T02;Commento;Aulopus filamentosus;;
28/12/2025;19:34:45;01_T02;Commento;Aulopus filamentosus;;
28/12/2025;19:34:47;01_T02;Commento;Palinurus elephas ;;
28/12/2025;19:40:01;01_T02;Commento;Sabella spallanzani ;;
28/12/2025;19:40:55;01_T02;Commento;Parastichopus regalis;;
28/12/2025;19:45:38;01_T02;Commento;fotogrammetria blocco ;;
28/12/2025;20:13:29;01_T02;Commento;fine acquisizione;;
28/12/2025;20:20:19;01_T02;Commento;Aulopus filamentosus;;
28/12/2025;20:21:13;01_T02;Commento;Aulopus filamentosus;;
28/12/2025;20:25:55;01_T02;Commento;Aulopus filamentosus;;
28/12/2025;20:28:43;01_T02;Commento;Aulopus filamentosus;;
28/12/2025;20:33:27;01_T02;Commento;Aulopus filamentosus;;
28/12/2025;20:34:08;01_T02;Commento;Palinurus elephas ;;
28/12/2025;20:39:22;01_T02;Commento;Cerianthus sp. ;;
28/12/2025;20:39:24;01_T02;Commento;Lepidorhombus wiffhiagonis ;;
28/12/2025;20:51:52;01_T02;Biologico ;Acanthogorgia hirsuta ;;
28/12/2025;20:51:55;01_T02;Biologico ;Acanthogorgia hirsuta;;
28/12/2025;20:57:37;01_T02;Commento;Aulopus filamentosus;;
28/12/2025;21:00:08;01_T02;Commento;Aulopus filamentosus;;
28/12/2025;21:05:58;01_T02;Commento;Aulopus filamentosus;;
28/12/2025;21:10:21;01_T02;Commento;Palinurus elephas ;;
28/12/2025;21:13:49;01_T02;Commento;Aulopus filamentosus;;
28/12/2025;21:15:48;01_T02;Commento;Parastichopus regalis;;
28/12/2025;21:18:59;01_T02;Commento;Aulopus filamentosus;;
28/12/2025;21:22:08;01_T02;Commento;Aulopus filamentosus;;
28/12/2025;21:27:55;01_T02;Commento;Raja sp. ;;
28/12/2025;21:29:32;01_T02;Commento;Anthias anthias;;
28/12/2025;21:29:34;01_T02;Commento;Aulopus filamentosus;;
28/12/2025;21:37:04;01_T02;Commento;ci alziamo di 4 m per procedere a velocità 0.5 kn ;;
28/12/2025;22:27:13;01_T02;Commento;ritornati sul fondo ;;
28/12/2025;22:27:32;01_T02;Commento;campionamento acqua con niskin ;;
28/12/2025;22:34:23;01_T02;Fine transetto;;;
28/12/2025;22:45:49;01_T02;On Deck;;;
30/12/2025;23:39:57;01_T07;Off Deck;;;
31/12/2025;01:07:16;01_T07;Inizio transetto;abortito;;
31/12/2025;01:15:17;01_T07;Commento;Standby tecnico per problemi con heading, transetto non ancora iniziato ;;
31/12/2025;01:28:00;01_T07;Inizio transetto;inizio transetto;;
31/12/2025;01:28:14;01_T07;Commento;Chauliodus sloani;;
31/12/2025;01:37:51;01_T07;Commento;Isidella impigliata in tessuto ;;
31/12/2025;01:40:06;01_T07;Inizio transetto;Inizio effettivo transetto;;
31/12/2025;01:50:36;01_T07;Commento;Ceramaster cf. grenadensis;;
31/12/2025;01:51:16;01_T07;Commento;Trachyrinchus sp./Coelorinchus labiatus;;
31/12/2025;02:01:13;01_T07;Commento;Trachyrinchus sp./Coelorinchus labiatus;;
31/12/2025;02:14:17;01_T07;Commento;Cfr Scaeurgus unicirrhus;;
31/12/2025;02:43:37;01_T07;Commento;Pachycerianthus sp.;;
31/12/2025;02:47:33;01_T07;Commento;Cfr Scaeurgus unicirrhus;;
31/12/2025;02:49:17;01_T07;Commento;Pachycerianthus sp.;;
31/12/2025;03:22:00;01_T07;Commento;Bonellia viridis;;
31/12/2025;03:44:43;01_T07;Commento;Transetto interrotto;;
31/12/2025;03:45:02;01_T07;Fine transetto;;;
31/12/2025;04:37:52;01_T07;On Deck;;;Trasferimento on deck verso il 01_T06
31/12/2025;05:50:00;01_T06;Off Deck;;;
31/12/2025;06:42:57;01_T06;Inizio transetto;;;
31/12/2025;06:45:09;01_T06;Commento;Teleosteo anguilliforme ND;;
31/12/2025;06:50:26;01_T06;Commento;Segni di strascico;;
31/12/2025;06:52:42;01_T06;Commento;Mesoturia intestinalis;;
31/12/2025;06:56:26;01_T06;Commento;Mesoturia intestinalis;;
31/12/2025;06:56:27;01_T06;Commento;Mesoturia intestinalis;;
31/12/2025;06:56:40;01_T06;Commento;Mesoturia intestinalis;;
31/12/2025;06:58:35;01_T06;Commento;Notacanthus bonapartei;;
31/12/2025;06:59:28;01_T06;Commento;Protoptilum carpenteri;;
31/12/2025;07:07:12;01_T06;Commento;Nezumia cf. aequalis;;
31/12/2025;07:12:41;01_T06;Commento;Mesoturia intestinalis;;
31/12/2025;07:15:01;01_T06;Commento;Hymenochepalus italicus;;
31/12/2025;07:18:44;01_T06;Commento;Nezumia cf. aequalis;;
31/12/2025;07:28:52;01_T06;Commento;Mesoturia intestinalis;;
31/12/2025;07:34:02;01_T06;Commento;Hymenochepalus italicus;;
31/12/2025;07:42:46;01_T06;Commento;Cerianthus sp.;;
31/12/2025;07:45:15;01_T06;Commento;Cerianthus sp.;;
31/12/2025;07:46:38;01_T06;Commento;Nezumia cf. aequalis;;
31/12/2025;07:56:44;01_T06;Commento;Facciolella oxyrhyncha;;
31/12/2025;08:04:11;01_T06;Commento;Hymenochepalus italicus;;
31/12/2025;08:12:44;01_T06;Commento;Hymenochepalus italicus;;
31/12/2025;08:18:48;01_T06;Commento;Facciolella oxyrhyrinca;;
31/12/2025;08:30:55;01_T06;Commento;Segni di strascico;;
31/12/2025;08:34:47;01_T06;Commento;Myctophidae;;
31/12/2025;08:35:47;01_T06;Commento;Segni di strascico;;
31/12/2025;08:37:27;01_T06;Commento;Segni di strascico;;
31/12/2025;08:43:56;01_T06;Commento;Bathynectes maravigna;;
31/12/2025;08:46:22;01_T06;Commento;Phycis blennoides;;
31/12/2025;08:48:06;01_T06;Commento;Segni di strascico;;
31/12/2025;08:56:41;01_T06;Commento;Segni di strascico;;
31/12/2025;08:59:07;01_T06;Commento;Prova campionamento;;
31/12/2025;09:02:28;01_T06;Biologico ;Isidella elongata;;
31/12/2025;09:03:10;01_T06;Commento;Togliere carpenteri;;
31/12/2025;09:06:32;01_T06;Commento;Isididae divelto;;
31/12/2025;09:07:39;01_T06;Commento;Hymenochepalus italicus;;
31/12/2025;09:07:59;01_T06;Commento;Segni di strascico;;
31/12/2025;09:13:04;01_T06;Commento;Nezumia cf. aequalis;;
31/12/2025;09:13:15;01_T06;Commento;Cerianthus sp.;;
31/12/2025;09:16:16;01_T06;Commento;Prova campionamento Protoptilum bianco;;
31/12/2025;09:19:03;01_T06;Commento;Campionamento fallito;;
31/12/2025;09:21:47;01_T06;Commento;Hymenochepalus italicus;;
31/12/2025;09:25:20;01_T06;Commento;Segni di strascico;;
31/12/2025;09:29:12;01_T06;Commento;Myctophide;;
31/12/2025;09:34:55;01_T06;Commento;Myctophide;;
31/12/2025;09:38:42;01_T06;Fine transetto;;;
31/12/2025;10:14:47;01_T06;On Deck;;;Trasferimento on deck verso il 01_T05
31/12/2025;11:27:15;01_T05;Off Deck;;;
31/12/2025;12:35:10;01_T05;Inizio transetto;;;
31/12/2025;12:41:20;01_T05;Commento;Cerianthus sp.;;
31/12/2025;12:44:24;01_T05;Commento;Cerianthus sp.;;
31/12/2025;12:45:07;01_T05;Commento;Nezumia cf. aequalis;;
31/12/2025;12:46:32;01_T05;Commento;Stop tecnico survey;;
31/12/2025;12:57:35;01_T05;Commento;Ripresa transetto;;
31/12/2025;13:05:21;01_T05;Commento;Dipturus cf. nidarosiensis;;
31/12/2025;13:15:00;01_T05;Commento;Chimaera monstrosa;;
31/12/2025;13:25:52;01_T05;Commento;Stella bianca ND;;
31/12/2025;13:42:54;01_T05;Commento;Pachycerianthus sp.;;
31/12/2025;13:43:54;01_T05;Commento;Cerianthus sp.;;
31/12/2025;13:44:09;01_T05;Commento;Cerianthus sp.;;
31/12/2025;13:49:21;01_T05;Commento;Cerianthus sp.;;
31/12/2025;13:52:17;01_T05;Commento;Cerianthus sp.;;
31/12/2025;14:45:48;01_T05;Commento;Cerianthus sp.;;
31/12/2025;14:49:46;01_T05;Commento;Cerianthus sp.;;
31/12/2025;14:55:56;01_T05;Fine transetto;;;
31/12/2025;15:52:00;01_T05;On Deck;;;Orario indicativo. Trasferimento on deck verso il 01_T18
31/12/2025;18:32:35;01_T18;Off Deck;;;
31/12/2025;19:33:12;01_T18;Inizio transetto;;;
31/12/2025;19:33:53;01_T18;Commento;Javania cailleti;;
31/12/2025;19:34:17;01_T18;Commento;cf Cidaris cidaris;;
31/12/2025;19:35:06;01_T18;Commento;Tanatocenosi coralli bianchi;;
31/12/2025;19:35:22;01_T18;Commento;Munida sp.;;
31/12/2025;19:36:32;01_T18;Commento;Javania cailleti;;
31/12/2025;19:39:46;01_T18;Commento;Spugne bianche piccole globose;;
31/12/2025;19:41:58;01_T18;Commento;Facciolella oxyrhyncha;;
31/12/2025;19:43:15;01_T18;Commento;Facciolella oxyrhyncha;;
31/12/2025;19:43:26;01_T18;Commento;Spugna bianca piccola globosa;;
31/12/2025;19:46:47;01_T18;Commento;Javania cailleti;;
31/12/2025;19:48:44;01_T18;Commento;Spugna bianca piccola globosa;;
31/12/2025;19:49:01;01_T18;Commento;Javania cailleti;;
31/12/2025;19:50:32;01_T18;Commento;Nezumia aequalis;;
31/12/2025;20:02:20;01_T18;Commento;Spugne bianche piccole globose;;
31/12/2025;20:06:22;01_T18;Commento;Nezumia aequalis;;
31/12/2025;20:09:39;01_T18;Commento;Spugne bianche piccole globose;;
31/12/2025;20:13:27;01_T18;Commento;Coral rubble;;
31/12/2025;20:15:48;01_T18;Commento;Spugne bianche piccole globose;;
31/12/2025;20:18:02;01_T18;Commento;Hymenocephalus italicus;;
31/12/2025;20:25:11;01_T18;Commento;Spugne gialle incrostanti;;
31/12/2025;20:26:08;01_T18;Commento;Munida sp.;;
31/12/2025;20:26:18;01_T18;Commento;Spugne bianche piccole globose;;
31/12/2025;20:33:02;01_T18;Commento;Facciolella oxyrhyncha;;
31/12/2025;20:41:20;01_T18;Commento;Neopicnodonte zibrowii;;
31/12/2025;20:43:11;01_T18;Commento;Loligo sp.;;
31/12/2025;20:46:37;01_T18;Commento;Neopicnodonte zibrowii;;
31/12/2025;20:49:58;01_T18;Commento;Munida sp.;;
31/12/2025;20:50:32;01_T18;Commento;Bathynectes maravigna;;
31/12/2025;20:51:44;01_T18;Commento;Spugna bianca piccola globosa a forma di ampolla;;
31/12/2025;20:59:53;01_T18;Biologico ;Gorgonia (Placogorgia coronata);;
31/12/2025;21:15:53;01_T18;Commento;Facciolella oxyrincha;;
31/12/2025;21:17:07;01_T18;Commento;Medusa con ombrello nero (cfr Peryphylla);;
31/12/2025;21:23:37;01_T18;Commento;Gracilechinus sp.;;
31/12/2025;21:26:57;01_T18;Commento;Facciolella oxyrincha;;
31/12/2025;21:33:31;01_T18;Commento;Facciolella oxyrincha;;
31/12/2025;21:48:19;01_T18;Commento;Nezumia aequalis;;
31/12/2025;21:54:37;01_T18;Commento;Bathynectes maravigna;;
31/12/2025;22:13:33;01_T18;Commento;Nezumia aequalis;;
31/12/2025;22:16:32;01_T18;Commento;Ceramaster sp.;;
31/12/2025;22:34:02;01_T18;Fine transetto;;;
31/12/2025;23:05:49;01_T18;On Deck;;;Trasferimento on deck verso il 01_T01
01/01/2026;01:06:41;01_T01;Off Deck;;;
01/01/2026;01:51:46;01_T01;Inizio transetto;;;
01/01/2026;01:58:49;01_T01;Commento;Coral rubble;;
01/01/2026;01:59:52;01_T01;Commento;Ceramaster sp.;;
01/01/2026;02:03:25;01_T01;Commento;Epigonus sp.;;
01/01/2026;02:17:09;01_T01;Commento;Coral rubble madrepora;;
01/01/2026;02:35:33;01_T01;Commento;Ligur ensiferus;;
01/01/2026;02:35:40;01_T01;Commento;Stella arancione;;
01/01/2026;02:36:04;01_T01;Commento;Spugna incrostante bianca;;
01/01/2026;02:40:38;01_T01;Commento;Coral rubble Desmophyllum pertusum;;
01/01/2026;02:43:24;01_T01;Commento;Callianthias ruber;;
01/01/2026;02:47:17;01_T01;Commento;Coral rubble Dendrophyllia sp. morta;;
01/01/2026;03:00:32;01_T01;Commento;Coral rubble Dendrophyllia sp. morta;;
01/01/2026;03:02:44;01_T01;Commento;Coral rubble;;
01/01/2026;03:06:04;01_T01;Commento;Spinolambrus macrochelos;;
01/01/2026;03:12:24;01_T01;Commento;Oloturide cfr Parastichopus regalis;;
01/01/2026;03:16:57;01_T01;Commento;Coral rubble;;
01/01/2026;03:19:46;01_T01;Commento;Leiopathes e non Antipathella;;
01/01/2026;03:30:24;01_T01;Commento;Cambiare H. falcula con il corrispondente 100-500 m;;
01/01/2026;03:31:52;01_T01;Commento;Filograna/Salmacina complex su Leiopathes morta epibiontata;;
01/01/2026;03:43:25;01_T01;Commento;Cancellare spugna 100-500;;
01/01/2026;03:43:15;01_T01;Commento;Lepidorombus;;
01/01/2026;03:43:29;01_T01;Commento;Oloturide cfr Parastichopus regalis;;
01/01/2026;03:44:40;01_T01;Commento;Madrepora morta;;
01/01/2026;03:45:43;01_T01;Commento;Aulopus filamentosus;;
01/01/2026;03:45:54;01_T01;Commento;Anamathia rissoana su L. glaberrima morta epibiontata;;
01/01/2026;03:47:53;01_T01;Commento;Oloturide cfr Parastichopus regalis;;
01/01/2026;03:48:40;01_T01;Commento;Oloturide cfr Parastichopus regalis;;
01/01/2026;03:49:24;01_T01;Commento;Phycis blennoides;;
01/01/2026;03:52:57;01_T01;Commento;Oloturide cfr Parastichopus regalis;;
01/01/2026;03:53:39;01_T01;Commento;Spinolambrus macrochelos;;
01/01/2026;03:56:43;01_T01;Commento;Octopus salutii;;
01/01/2026;04:08:07;01_T01;Commento;Coral rubble;;
01/01/2026;04:08:49;01_T01;Commento;Cancella Hoplostetus;;
01/01/2026;04:11:41;01_T01;Commento;Lophelia morta;;
01/01/2026;04:20:16;01_T01;Commento;Coral rubble;;
01/01/2026;04:25:04;01_T01;Commento;Lepidorhombus whiffiagonis;;
01/01/2026;04:25:30;01_T01;Commento;Lepidorhombus whiffiagonis;;
01/01/2026;04:29:53;01_T01;Commento;Cancella Hoplostetus;;
01/01/2026;04:54:23;01_T01;Commento;ON TMS;;Trasferimento con TMS per campionamento acqua al flare
01/01/2026;07:16:08;01_T01;Commento;OFF TMS;;
01/01/2026;07:17:56;01_T01;Inizio transetto;;;
01/01/2026;07:27:02;01_T01;Commento;Squalus blainville;;
01/01/2026;07:27:03;01_T01;Commento;Lepidorhombus sp.;;
01/01/2026;07:27:04;01_T01;Commento;Lepidorhombus sp.;;
01/01/2026;07:27:35;01_T01;Commento;Lepidorhombus sp.;;
01/01/2026;07:28:12;01_T01;Commento;Lepidorhombus sp.;;
01/01/2026;07:28:18;01_T01;Commento;Ripples;;
01/01/2026;07:29:35;01_T01;Commento;Lepidorhombus sp.;;
01/01/2026;07:32:54;01_T01;Commento;Lepidorhombus boscii;;
01/01/2026;07:32:56;01_T01;Commento;Lepidorhombus boscii;;
01/01/2026;07:35:02;01_T01;Commento;Lepidorhombus boscii;;
01/01/2026;07:36:54;01_T01;Commento;Pachycerianthus sp.;;
01/01/2026;07:37:49;01_T01;Commento;Cancellare Hoplostetus;;
01/01/2026;07:38:50;01_T01;Commento;Lepidorhombus boscii;;
01/01/2026;07:38:57;01_T01;Commento;Togliere bebryce;;
01/01/2026;07:39:46;01_T01;Commento;Lepidorhombus boscii;;
01/01/2026;07:41:20;01_T01;Commento;Lepidorhombus boscii;;
01/01/2026;07:44:10;01_T01;Commento;Lepidorhombus boscii;;
01/01/2026;07:44:33;01_T01;Commento;Lepidorhombus boscii;;
01/01/2026;07:45:41;01_T01;Commento;Coral rubble;;
01/01/2026;07:48:09;01_T01;Commento;Triglidae;;
01/01/2026;07:48:58;01_T01;Commento;Coral rubble;;
01/01/2026;07:50:43;01_T01;Commento;Lepidorhombus boscii;;
01/01/2026;07:52:27;01_T01;Commento;Macroraphosus scolopax;;
01/01/2026;08:05:27;01_T01;Commento;Inizio campionamento niskin;;
01/01/2026;08:10:08;01_T01;Niskin;;;
01/01/2026;08:18:07;01_T01;Fine transetto;;;
01/01/2026;08:37:14;01_T01;On Deck;;;Trasferimento on deck verso il 01_T10
01/01/2026;09:51:44;01_T10;Off Deck;;;
01/01/2026;10:28:18;01_T10;Inizio transetto;;;
01/01/2026;10:30:28;01_T10;Commento;Prova campionamento Antipathes ;;
01/01/2026;10:36:51;01_T10;Biologico ;Riuscito;;
01/01/2026;10:53:23;01_T10;Commento;Fondale mobile bioperturbato con numerosissime tane di (presunti) crostacei;;
01/01/2026;11:08:32;01_T10;Commento;Hymenochephalus italicus;;
01/01/2026;11:09:42;01_T10;Commento;Isidella divelta;;
01/01/2026;11:10:40;01_T10;Commento;Phycis blennoides;;
01/01/2026;11:10:55;01_T10;Commento;Cima;;
01/01/2026;11:11:45;01_T10;Commento;Spugne bianche puntiformi;;
01/01/2026;11:21:03;01_T10;Commento;strascico;;
01/01/2026;11:26:17;01_T10;Commento;Munida sp.;;
01/01/2026;11:34:58;01_T10;Commento;Bonellia viridis;;
01/01/2026;11:35:18;01_T10;Commento;Paromola cuvieri ;;
01/01/2026;11:38:52;01_T10;Commento;Spugne bianche globose e circolari;;
01/01/2026;11:46:47;01_T10;Commento;Spugne bianche su roccia;;
01/01/2026;11:48:58;01_T10;Commento;Bonellia viridis;;
01/01/2026;11:53:43;01_T10;Commento;Bonellia viridis;;
01/01/2026;11:58:46;01_T10;Commento;Bonellia viridis;;
01/01/2026;12:03:30;01_T10;Commento;Bonellia viridis;;
01/01/2026;12:03:39;01_T10;Commento;Bonellia viridis;;
01/01/2026;12:04:07;01_T10;Commento;Munida sp.;;
01/01/2026;12:04:30;01_T10;Commento;Bonellia viridis;;
01/01/2026;12:04:55;01_T10;Commento;Bonellia viridis;;
01/01/2026;12:14:07;01_T10;Commento;Bonellia viridis;;
01/01/2026;12:15:42;01_T10;Commento;Cnidario da identificare;;
01/01/2026;12:17:33;01_T10;Commento;Bonellia viridis;;
01/01/2026;12:18:06;01_T10;Commento;Blocco di madrepora oculata morta;;
01/01/2026;12:26:05;01_T10;Commento;Bonellia viridis;;
01/01/2026;12:27:06;01_T10;Commento;Bonellia viridis;;
01/01/2026;12:27:30;01_T10;Commento;Bonellia viridis;;
01/01/2026;12:28:28;01_T10;Commento;Paromola cuvieri ;;
01/01/2026;12:30:02;01_T10;Commento;Madrepora oculata morta;;
01/01/2026;12:46:29;01_T10;Commento;Epigonus sp.;;
01/01/2026;12:46:54;01_T10;Commento;Bonellia viridis;;
01/01/2026;12:51:29;01_T10;Commento;Stella simil Ceramaster appuntita;;
01/01/2026;12:56:26;01_T10;Commento;Isidella divelta;;
01/01/2026;12:57:52;01_T10;Commento;Paguro;;
01/01/2026;13:03:13;01_T10;Commento;Bonellia viridis;;
01/01/2026;13:06:43;01_T10;Commento;Bonellia viridis;;
01/01/2026;13:19:17;01_T10;Commento;Munida sp.;;
01/01/2026;13:21:56;01_T10;Commento;Munida sp.;;
01/01/2026;13:29:10;01_T10;Commento;Epigonus sp.;;
01/01/2026;13:34:11;01_T10;Commento;Bonellia viridis;;
01/01/2026;13:36:08;01_T10;Commento;Bonellia viridis;;
01/01/2026;13:42:06;01_T10;Commento;Munizioni;;
01/01/2026;14:05:58;01_T10;Commento;H. italicus;;
01/01/2026;14:06:11;01_T10;Commento;H. italicus;;
01/01/2026;14:14:51;01_T10;Commento;Isidella abbattuta;;
01/01/2026;14:18:20;01_T10;Commento;Hymenocephalus italicus;;
01/01/2026;14:21:17;01_T10;Commento;Epigonus sp.;;
01/01/2026;14:21:32;01_T10;Commento;Munida sp.;;
01/01/2026;14:26:17;01_T10;Commento;Epigonus sp.;;
01/01/2026;14:26:39;01_T10;Commento;Tanat a Dendrophylla;;
01/01/2026;14:30:22;01_T10;Commento;Bonellia viridis;;
01/01/2026;14:32:35;01_T10;Commento;Cefalopode;;
01/01/2026;14:41:34;01_T10;Commento;Plessionika sp.;;
01/01/2026;14:43:51;01_T10;Commento;Munida sp.;;
01/01/2026;14:53:47;01_T10;Commento;Epigonus sp.;;
01/01/2026;14:58:23;01_T10;Fine transetto;;;
01/01/2026;15:23:00;01_T10;On Deck;;;Trasferimento on deck verso il 01_T03
01/01/2026;16:28:05;01_T03;Off Deck;;;
01/01/2026;17:15:46;01_T03;Inizio transetto;;;
01/01/2026;17:16:07;01_T03;Commento;N. aequalis;;
01/01/2026;17:18:26;01_T03;Commento;Epigonus;;
01/01/2026;17:21:57;01_T03;Commento;Epigonus;;
01/01/2026;17:22:14;01_T03;Commento;A.antennatus;;
01/01/2026;17:22:28;01_T03;Commento;coral rubble;;
01/01/2026;17:28:53;01_T03;Commento;A. antennatus;;
01/01/2026;17:31:28;01_T03;Commento;A. antennatus;;
01/01/2026;17:47:40;01_T03;Commento;coral rubble;;
01/01/2026;17:49:17;01_T03;Commento;coral rubble D. cornigera;;
01/01/2026;17:52:03;01_T03;Commento;coral rubble D. cornigera;;
01/01/2026;17:54:26;01_T03;Commento;togliere funiculina;;
01/01/2026;17:56:29;01_T03;Commento;coral rubble D. cornigera;;
01/01/2026;17:59:13;01_T03;Commento;coral rubble D. cornigera;;
01/01/2026;18:04:29;01_T03;Commento;coral rubble D. cornigera;;
01/01/2026;18:08:47;01_T03;Commento;Solenogaster su Acanthogorgia;;
01/01/2026;18:13:27;01_T03;Commento;Coral rubble;;
01/01/2026;18:15:17;01_T03;Commento;Cancellare Chlorophthalmus;;
01/01/2026;18:15:45;01_T03;Commento; numerose Mesothuria intestinalis;;
01/01/2026;18:16:16;01_T03;Commento;Coral rubble;;
01/01/2026;18:18:59;01_T03;Commento;Spugne globose piccole bianche;;
01/01/2026;18:19:46;01_T03;Commento;Spugna bianca incrostante su Madrepora morta;;
01/01/2026;18:24:29;01_T03;Commento;Spugne gaille e bianche su tanatocenosi;;
01/01/2026;18:27:22;01_T03;Commento;Nezumia aequalis;;
01/01/2026;18:31:16;01_T03;Commento;Nezumia aequalis;;
01/01/2026;18:32:09;01_T03;Commento;Ceramaster sp.;;
01/01/2026;18:32:17;01_T03;Commento;Munida sp.;;
01/01/2026;18:32:34;01_T03;Commento;Spugne incrostanti bianche su tanatocenosi;;
01/01/2026;18:32:59;01_T03;Commento;Spugne globosebianche su tanatocenosi;;
01/01/2026;18:41:37;01_T03;Commento;Bonellia viridis;;
01/01/2026;19:01:36;01_T03;Commento;Epigonus sp.;;
01/01/2026;19:16:35;01_T03;Commento;Hymenocephalus itralicus;;
01/01/2026;19:49:43;01_T03;Commento;Epigonus sp.;;
01/01/2026;19:53:47;01_T03;Commento;Hymenocephalus italicus;;
01/01/2026;19:55:23;01_T03;Commento;M. oculata morta;;
01/01/2026;19:56:43;01_T03;Commento;Munida sp.;;
01/01/2026;19:59:13;01_T03;Commento;Spugne un paio di minuti prima, cfr Pachastrella monilifera;;
01/01/2026;20:06:37;01_T03;Fine transetto;;;Transetto interrotto
01/01/2026;20:31:06;01_T03;On Deck;;;Trasferimento on deck verso il 01_T20
01/01/2026;22:16:29;01_T20;Off Deck;;;
01/01/2026;23:00:36;01_T20;Commento;Facciolella oxyrhincha;;
01/01/2026;23:06:40;01_T20;Inizio transetto;;;
01/01/2026;23:07:06;01_T20;Commento;Chauliodus sloani;;
01/01/2026;23:10:24;01_T20;Commento;Chauliodus sloani;;
01/01/2026;23:10:34;01_T20;Commento;Hymenocephalus italicus;;
01/01/2026;23:11:59;01_T20;Commento;Segni di strascico;;
01/01/2026;23:13:19;01_T20;Commento;Chauliodus sloani;;
01/01/2026;23:13:35;01_T20;Commento;Segni di strascico;;
01/01/2026;23:16:33;01_T20;Commento;Chauliodus sloani;;
01/01/2026;23:16:47;01_T20;Commento;Segni di strascico;;
01/01/2026;23:17:11;01_T20;Commento;Chauliodus sloani;;
01/01/2026;23:17:40;01_T20;Commento;Chauliodus sloani;;
01/01/2026;23:17:45;01_T20;Commento;Chauliodus sloani;;
01/01/2026;23:17:58;01_T20;Commento;Chauliodus sloani;;
01/01/2026;23:19:05;01_T20;Commento;Segni di strascico;;
01/01/2026;23:21:11;01_T20;Commento;Loligo sp.;;
02/01/2026;00:01:36;01_T20;Commento;Segni di strascico;;
02/01/2026;00:07:13;01_T20;Commento;Hymenocephalus italicus;;
02/01/2026;00:08:53;01_T20;Commento;Vari segni di strascico;;
02/01/2026;00:26:33;01_T20;Commento;Facciolella oxyrhincha;;
02/01/2026;00:36:53;01_T20;Push-corer;Campionamento sedimento in pockmark  con push corer n. 5;;Non andato a buon fine e ripetuto
02/01/2026;00:44:01;01_T20;Push-corer;Campionamento sedimento in pockmark  con push corer n. 4;;
02/01/2026;00:50:41;01_T20;Commento;Hymenocephalus italicus;;
02/01/2026;00:59:18;01_T20;Commento;Chauliodus sloani;;
02/01/2026;01:01:45;01_T20;Commento;Vari segni di strascico;;
02/01/2026;01:15:38;01_T20;Fine transetto;;;Transetto interrotto
02/01/2026;01:58:47;01_T20;On Deck;;;Trasferimento on deck verso il 01_T16
02/01/2026;03:37:11;01_T16;Off Deck;;;
02/01/2026;04:42:51;01_T16;Commento;Penilpidia ludwigi;;
02/01/2026;04:43:30;01_T16;Inizio transetto;;;
02/01/2026;04:43:38;01_T16;Commento;Loligo sp.;;
02/01/2026;04:43:52;01_T16;Commento;Loligo sp.;;
02/01/2026;04:44:35;01_T16;Commento;Loligo sp.;;
02/01/2026;04:44:49;01_T16;Commento;Chauliodus sloani;;
02/01/2026;04:48:30;01_T16;Commento;Cerianthus sp.;;
02/01/2026;04:48:39;01_T16;Commento;Cancellare habitat;;
02/01/2026;04:49:37;01_T16;Commento;Chauliodus sloani;;
02/01/2026;04:59:12;01_T16;Commento;Anfora;;
02/01/2026;04:59:52;01_T16;Commento;Medusa con ombrello nero;;
02/01/2026;05:07:44;01_T16;Biologico ;Antipathes dichotoma;;
02/01/2026;05:15:12;01_T16;Commento;Facciolella oxyrhincha;;
02/01/2026;05:17:35;01_T16;Commento;S. pallida rossa alcuni minuti prima (h 05:14:31);;
02/01/2026;05:19:57;01_T16;Commento;Munida sp.;;
02/01/2026;05:20:48;01_T16;Commento;Spugne globose bianche;;
02/01/2026;05:22:27;01_T16;Commento;Spugna globosa bianca;;
02/01/2026;05:22:48;01_T16;Commento;Piiù spugne globose bianche;;
02/01/2026;05:25:08;01_T16;Commento;Medusa con ombrello nero;;
02/01/2026;05:26:51;01_T16;Commento;Chauliodus sloani;;
02/01/2026;05:38:30;01_T16;Commento;Chauliodus sloani;;
02/01/2026;05:38:55;01_T16;Biologico ;Spugna globosa bianca con scoopnet;;
02/01/2026;05:40:43;01_T16;Commento;Medusa con ombrello nero;;
02/01/2026;05:42:20;01_T16;Commento;Medusa con ombrello nero;;
02/01/2026;05:43:22;01_T16;Commento;Medusa con ombrello nero;;
02/01/2026;05:43:27;01_T16;Commento;Coral rubble;;
02/01/2026;05:43:58;01_T16;Commento;Chauliodus sloani;;
02/01/2026;05:44:48;01_T16;Commento;Medusa con ombrello nero;;
02/01/2026;05:45:50;01_T16;Commento;Medusa con ombrello nero;;
02/01/2026;05:47:56;01_T16;Commento;Munida sp.;;
02/01/2026;05:48:52;01_T16;Commento;Coral rubbles;;
02/01/2026;05:52:44;01_T16;Commento;Gracilechinus sp.;;
02/01/2026;06:06:36;01_T16;Commento;Spugne bianche circolari con osculo centrale;;
02/01/2026;06:08:49;01_T16;Commento;Coral rubble a Madrepora e Lophelia;;
02/01/2026;06:26:12;01_T16;Commento;Coral rubble ;;
02/01/2026;06:28:49;01_T16;Commento;Inizio campionamento presunto Parantipathes n. sp.;;
02/01/2026;06:48:36;01_T16;Biologico ;Parantipathes n. sp.;;
02/01/2026;07:00:11;01_T16;Commento;Coral rubble;;
02/01/2026;07:07:21;01_T16;Commento;Coral rubble a Dendrophyllia e Madrepora;;
02/01/2026;07:17:29;01_T16;Commento;Cerianthus sp.;;
02/01/2026;07:27:12;01_T16;Commento;Hymenocephalus italicus;;
02/01/2026;07:50:50;01_T16;Commento;Parantipathes n. sp.;;
02/01/2026;07:54:01;01_T16;Commento;Nezumia cf. aequalis;;
02/01/2026;07:59:32;01_T16;Commento;Phycis phycis;;
02/01/2026;08:08:51;01_T16;Commento;Spugne bianche puntiformi;;
02/01/2026;08:10:31;01_T16;Commento;Dendrophyllia morta;;
02/01/2026;08:11:47;01_T16;Commento;Parantipathes n. sp.;;
02/01/2026;08:13:01;01_T16;Commento;Parantipathes n. sp.;;
02/01/2026;08:18:37;01_T16;Commento;Parantipathes n. sp.;;
02/01/2026;08:21:11;01_T16;Commento;Desmophyllum morto;;
02/01/2026;08:23:06;01_T16;Commento;Parantipathes nd.;;
02/01/2026;08:29:15;01_T16;Commento;Desmophyllum morto;;
02/01/2026;08:31:02;01_T16;Commento;Placogorgia cf. massiliensis;;
02/01/2026;08:33:28;01_T16;Commento;Inizio campionamento P. massiliensis;;
02/01/2026;08:47:40;01_T16;Commento;Fallito;;
02/01/2026;08:48:40;01_T16;Commento;Desmophyllum morto;;
02/01/2026;08:52:14;01_T16;Commento;Spugna bianca irregolare;;
02/01/2026;09:00:58;01_T16;Commento;Parantipathes n. sp.;;
02/01/2026;09:03:39;01_T16;Commento;Anfora;;
02/01/2026;09:14:23;01_T16;Fine transetto;;;
02/01/2026;09:51:14;01_T16;On Deck;;;Calibrazione laser 36 cm. Trasferimento on deck al 01_T04
02/01/2026;11:31:37;01_T04;Off Deck;;;
02/01/2026;13:04:53;01_T04;Inizio transetto;;;
02/01/2026;13:13:30;01_T04;Commento;C. sloani;;
02/01/2026;13:22:22;01_T04;Commento;Nettastoma melanurum;;
02/01/2026;13:24:14;01_T04;Commento;K. stelliferrum;;
02/01/2026;13:25:00;01_T04;Commento;Mesothuria intestinalis e fecal pellets;;
02/01/2026;13:33:10;01_T04;Commento;Nettastoma melanurum;;
02/01/2026;13:34:03;01_T04;Commento;Nettastoma melanurum;;
02/01/2026;13:40:37;01_T04;Commento;Nettastoma melanurum;;
02/01/2026;13:47:54;01_T04;Commento;Inizio campionamento;;
02/01/2026;13:49:35;01_T04;Commento;Fallito;;
02/01/2026;13:49:48;01_T04;Commento;Pennilpidia ludwigi;;
02/01/2026;13:50:00;01_T04;Commento;Serpulidi su secchio di metallo;;
02/01/2026;13:54:52;01_T04;Commento;Commento;;
02/01/2026;14:11:08;01_T04;Commento;rov fermo e riavvio DVR per motivi tecnici;;
02/01/2026;14:28:17;01_T04;Commento;Riprendiamo;;
02/01/2026;14:35:37;01_T04;Commento;Notacanthus bonapartei;;
02/01/2026;14:45:33;01_T04;Commento;Invertebrato serpentiforme bianco (simil Pennilpidia ma più lungo);;
02/01/2026;14:51:41;01_T04;Commento;Pennilpidia ludwigi;;
02/01/2026;14:55:54;01_T04;Commento;Geryon longipes;;
02/01/2026;15:01:45;01_T04;Commento;Spugna irregolare bianca;;
02/01/2026;15:08:51;01_T04;Commento;Facciolella oxyrhyncha;;
02/01/2026;15:16:46;01_T04;Fine transetto;;;
02/01/2026;15:18:48;01_T04;Commento;970 m in risalita cefalopode;;
02/01/2026;16:05:03;01_T04;On Deck;;;Trasferimento on deck al 01_T09
02/01/2026;17:13:08;01_T09;Off Deck;;;
02/01/2026;17:20:40;01_T09;Commento;rov ritorna a bordo per problemi tecnici;;
02/01/2026;17:24:34;01_T09;On Deck;;;
02/01/2026;17:28:42;01_T09;Off Deck;;;
02/01/2026;19:07:36;01_T09;Inizio transetto;;;
02/01/2026;19:23:02;01_T09;Commento;Facciolella oxyrhyncha;;
02/01/2026;19:25:01;01_T09;Commento;Spugna bianca globosa;;
02/01/2026;19:35:59;01_T09;Push-corer;Prelevato sedimento (fango) con push corer n. 5;;
02/01/2026;19:51:51;01_T09;Commento;Trachyrincus sp.;;
02/01/2026;20:18:25;01_T09;Biologico ;Campionata lollipop sponge Rhizaxinella sp.;;
02/01/2026;21:04:58;01_T09;Commento;Trachyrincus sp.;;
02/01/2026;21:06:30;01_T09;Commento;Transetto tagliato, trasferimento più alto dal fondo per velocizzare;;
02/01/2026;21:14:03;01_T09;Commento;Facciolella oxyrhyncha;;
02/01/2026;21:22:11;01_T09;Commento;Trachyrincus sp.;;
02/01/2026;21:22:45;01_T09;Commento;Facciolella oxyrhyncha;;
02/01/2026;21:27:50;01_T09;Commento;Galeus melastomus;;
02/01/2026;21:27:56;01_T09;Commento;tracce fecali di Mesothuria intestinalis;;
02/01/2026;21:31:22;01_T09;Commento;tracce fecali di Mesothuria intestinalis;;
02/01/2026;21:35:25;01_T09;Commento;Ritornati sulla traccia del transetto circa 7 minuti prima;;
02/01/2026;21:36:06;01_T09;Commento;Facciolella oxyrhyncha;;
02/01/2026;22:00:22;01_T09;Commento;Standby da survey per batterie scariche della CTD;;
02/01/2026;22:10:31;01_T09;Fine transetto;Interrotto transetto 160 m prima della fine teorica;;
02/01/2026;22:13:37;01_T09;Commento;Risalita del ROV per cambio batterie;;
03/01/2026;23:14:56;01_T09;On Deck;Cambio batterie CTD;;
03/01/2026;00:03:17;01_T09;Off Deck;Ridiscesa e piccola tratta percorsa per registrazione parametri CTD;;
03/01/2026;01:30:59;01_T09;Commento;Inizio percorso per registrazione parametri CTD;;
03/01/2026;01:58:57;01_T09;Commento;Fine del tratto ripercorso per rilevamento dati CTD;;
03/01/2026;02:59:50;01_T09;On Deck;;;Trasferimento on deck al 30_T06
03/01/2026;04:30:55;30_T06;Off Deck;;;
03/01/2026;06:25:27;30_T06;Inizio transetto;;;
03/01/2026;06:43:38;30_T06;Commento;Bonellia viridis;;
03/01/2026;08:07:15;30_T06;Commento;Inizio campionamento Push corer;;
03/01/2026;08:31:48;30_T06;Commento;Trachyrincus sp.;;
03/01/2026;08:32:45;30_T06;Push-corer;5 minuti prima;;
03/01/2026;09:20:08;30_T06;Fine transetto;;;
03/01/2026;09:32:04;30_T06;On Deck;Trasferimento on TMS al 30_T05;;Raggiungiamo il nuovo transetto 30_T05 con il ROV in acqua attaccati al TMS. Alle ore 11>17 la nave [ in posizione, ma sul punto di fine transetto e continua il trasferimento sul punto di inizio transetto corretto. alle 12> 44 la nave [ di nuovo in posizione e il rov si stacca dal TMS .
03/01/2026;13:12:30;30_T05;Off Deck;;;
03/01/2026;13:12:56;30_T05;Inizio transetto;;;
03/01/2026;13:50:38;30_T05;Commento;cfr N. aequalis;;
03/01/2026;14:07:35;30_T05;Commento;Facciolella o Nettastoma;;
03/01/2026;14:08:52;30_T05;Commento;cfr Etmopterus spinax;;
03/01/2026;14:21:15;30_T05;Commento;cfr Ceramaster;;
03/01/2026;15:01:51;30_T05;Commento;Hymenodiscus coronata;;
03/01/2026;15:15:12;30_T05;Commento;Geryon longipes ;;
03/01/2026;15:24:18;30_T05;Fine transetto;;;
03/01/2026;16:40:04;30_T05;On Deck;;;Trasferimento on deck al 30_T04
03/01/2026;17:33:39;30_T04;Off Deck;;;
03/01/2026;19:05:03;30_T04;Inizio transetto;;;
03/01/2026;19:07:14;30_T04;Commento;F. oxhyrinchus;;
03/01/2026;19:14:45;30_T04;Commento;C. sloani;;
03/01/2026;19:23:39;30_T04;Commento;Nicchi argonauta;;
03/01/2026;19:32:17;30_T04;Commento;H. italicus;;
03/01/2026;19:50:38;30_T04;Commento;Scaergus unicirrhus;;
03/01/2026;19:53:16;30_T04;Commento;Nezumia aequalis;;
03/01/2026;19:56:30;30_T04;Commento;Nicchio argonauta;;
03/01/2026;20:18:09;30_T04;Commento;Spugna bianca globosa su roccia;;
03/01/2026;20:18:31;30_T04;Commento;Spugna bianca globosa su roccia;;
03/01/2026;20:20:03;30_T04;Commento;Spugna bianca grande;;
03/01/2026;20:20:45;30_T04;Commento;Spugna bianca grande;;
03/01/2026;20:21:24;30_T04;Commento;Munida sp.;;
03/01/2026;20:21:49;30_T04;Commento;Geodia sp.;;
03/01/2026;20:24:22;30_T04;Commento;Bonellia viridis;;
03/01/2026;20:28:15;30_T04;Commento;Spugne globose bianche su roccia;;
03/01/2026;20:28:57;30_T04;Commento;Munida sp.;;
03/01/2026;20:34:02;30_T04;Commento;Spugna cfr Pachastrella ;;
03/01/2026;20:34:03;30_T04;Commento;Munida sp.;;
03/01/2026;20:34:06;30_T04;Commento;Munida sp.;;
03/01/2026;20:34:31;30_T04;Commento;Munida sp.;;
03/01/2026;20:40:27;30_T04;Commento;Serpulidi;;
03/01/2026;20:42:24;30_T04;Commento;Spugna bianca grande su roccia;;
03/01/2026;20:42:29;30_T04;Commento;Munida sp.;;
03/01/2026;20:42:59;30_T04;Commento;Munida sp.;;
03/01/2026;20:43:21;30_T04;Commento;Munida sp.;;
03/01/2026;20:43:26;30_T04;Commento;Spugna bianca grande su roccia cf Geodia;;
03/01/2026;21:18:49;30_T04;Commento;Opisthoteuthis calypso;;
03/01/2026;21:34:41;30_T04;Commento;Opisthoteuthis calypso;;
03/01/2026;21:40:50;30_T04;Commento;Notacanthus bonaparte;;
03/01/2026;21:43:42;30_T04;Commento;Notacanthus bonaparte;;
03/01/2026;21:44:05;30_T04;Commento;Facciolella oxyrhyncha;;
03/01/2026;21:44:53;30_T04;Commento;Numerose Mesothuria intestinalis;;
03/01/2026;22:11:12;30_T04;Commento;Facciolella oxyrhyncha;;
03/01/2026;22:16:41;30_T04;Commento;Lepidorhombus sp.;;
03/01/2026;22:20:00;30_T04;Commento;"Qualche minuto prima anfora (vedi ""materiale"")";;
03/01/2026;22:25:34;30_T04;Commento;Facciolella oxyrhyncha;;
03/01/2026;22:37:02;30_T04;Fine transetto;;;
03/01/2026;23:30:58;30_T04;On Deck;;;Trasferimento on deck verso T11
04/01/2026;00:41:52;30_T11;Off Deck;;;
04/01/2026;02:05:44;30_T11;Inizio transetto;;;
04/01/2026;02:53:50;30_T11;Commento;Cfr Aristaeus;;
04/01/2026;03:13:09;30_T11;Commento;Aristaeus antennatus;;
04/01/2026;03:27:40;30_T11;Commento;Nicchio argonauta;;
04/01/2026;03:31:04;30_T11;Commento;cfr. Coelorinchus alle 03:28:28;;
04/01/2026;03:49:04;30_T11;Commento;Hymenocephalus italicus;;
04/01/2026;03:55:04;30_T11;Commento;Pesce nd cf,;;
04/01/2026;04:09:30;30_T11;Commento;Pesce nd;;
04/01/2026;04:21:12;30_T11;Commento;A. antennatus;;
04/01/2026;04:24:21;30_T11;Commento;cfr rifiuto da riguardare;;
04/01/2026;04:32:09;30_T11;Commento;Posidonia;;
04/01/2026;04:55:15;30_T11;Commento;cfr Penilpidia;;
04/01/2026;05:52:18;30_T11;Commento;Nezumia aequalis;;
04/01/2026;06:04:30;30_T11;Biologico ;Campionate con scoopnet due spugne piccole bianche globose su substrato indefinito;;
04/01/2026;06:32:30;30_T11;Fine transetto;;;
04/01/2026;07:27:42;30_T11;On Deck;;;Trasferimento on deck al 30_T02
04/01/2026;08:53:08;30_T02;Off Deck;;;
04/01/2026;10:35:25;30_T02;Inizio transetto;;;
04/01/2026;10:45:22;30_T02;Commento;Aristomorpha foliacea;;
04/01/2026;10:45:26;30_T02;Commento;Aristaeus antennatus;;
04/01/2026;10:48:58;30_T02;Commento;Aristomorpha foliacea;;
04/01/2026;11:12:51;30_T02;Commento;Pesce nd;;
04/01/2026;11:15:16;30_T02;Commento;Pesce nd;;
04/01/2026;11:26:25;30_T02;Commento;Facciolella oxyrhyncha;;
04/01/2026;11:29:51;30_T02;Commento;Fondo leggermente bioperturbato;;
04/01/2026;11:32:09;30_T02;Commento;Opisthotetis/Grimpoteuthis;;
04/01/2026;11:33:28;30_T02;Commento;Aristaeus antennatus;;
04/01/2026;11:33:54;30_T02;Commento;Roccia con matte batterica e due filetti bianchi;;
04/01/2026;11:36:54;30_T02;Commento;Aristaeus antennatus;;
04/01/2026;11:50:47;30_T02;Commento;A. foliacea;;
04/01/2026;12:03:08;30_T02;Commento;ripple marks;;
04/01/2026;12:05:43;30_T02;Commento;gryphus vitreus;;
04/01/2026;12:07:52;30_T02;Commento;inizio campionamento;;
04/01/2026;12:14:49;30_T02;Biologico ;Antipathes sp.;;
04/01/2026;12:15:16;30_T02;Commento;inizio campionamento;;
04/01/2026;12:24:02;30_T02;Biologico ;Parantipathes n. sp.;;
04/01/2026;12:26:44;30_T02;Commento;Nettastoma melanurum;;
04/01/2026;12:27:14;30_T02;Commento;Ripples;;
04/01/2026;12:31:34;30_T02;Commento;cfr. Geodia sp.;;
04/01/2026;12:35:39;30_T02;Commento;zona ad elevata densità di corallo nero di piccole dimensioni;;
04/01/2026;12:39:05;30_T02;Commento;A. foliacea;;
04/01/2026;12:48:22;30_T02;Commento;Gracilechinus sp.;;
04/01/2026;12:49:23;30_T02;Commento;Munida sp.;;
04/01/2026;12:51:20;30_T02;Commento;Geodia sp.;;
04/01/2026;12:54:52;30_T02;Commento;inizio campionamento;;
04/01/2026;12:59:20;30_T02;Biologico ;Geodia sp.;;
04/01/2026;13:07:04;30_T02;Commento;Serpulidi su roccia;;
04/01/2026;13:21:16;30_T02;Commento;Munida sp.;;
04/01/2026;13:21:58;30_T02;Commento;P. cuvieri;;
04/01/2026;13:24:54;30_T02;Commento;cfr. Geodia;;
04/01/2026;13:26:39;30_T02;Commento;A. foliacea;;
04/01/2026;13:36:05;30_T02;Commento;Facciolella oxyrhynchus;;
04/01/2026;13:40:47;30_T02;Commento;A. foliacea;;
04/01/2026;13:46:41;30_T02;Commento;cancella pachastrella e metti cfr geodia;;
04/01/2026;14:01:50;30_T02;Commento;cfr. Geodia;;
04/01/2026;14:14:23;30_T02;Commento;cfr. Geodia;;
04/01/2026;14:25:03;30_T02;Commento;Munida sp.;;
04/01/2026;14:29:16;30_T02;Commento;cfr Geodia;;
04/01/2026;14:30:17;30_T02;Fine transetto;;;
04/01/2026;15:34:05;30_T02;On Deck;;;Trasferimento on deck al 30_08
04/01/2026;16:24:27;30_T08;Off Deck;;;
04/01/2026;18:26:34;30_T08;Inizio transetto;;;
04/01/2026;18:37:08;30_T08;Commento;Corallo nd 5 minuti prima;;
04/01/2026;18:44:30;30_T08;Commento;Nicchio Argonauta;;
04/01/2026;18:58:55;30_T08;Commento;Lampada led;;
04/01/2026;19:31:44;30_T08;Commento;Tentativo fotogrammetria su insieme di tane in fango;;
04/01/2026;20:14:29;30_T08;Commento;Hymenocephalus;;
04/01/2026;21:26:13;30_T08;Commento;Fotogrammetria su insieme di tane in fango dalle h 21:20 alle 21:32;;
04/01/2026;21:42:13;30_T08;Commento;Nettastoma melanurum;;
04/01/2026;21:58:39;30_T08;Fine transetto;;;
04/01/2026;22:55:23;30_T08;On Deck;;;Trasferimento on deck al 30_T01
05/01/2026;00:04:50;30_T01;Off Deck;;;
05/01/2026;02:01:03;30_T01;Inizio transetto;;;
05/01/2026;02:04:50;30_T01;Commento;Nicchio Argonauta ;;
05/01/2026;02:06:06;30_T01;Commento;Nicchio Argonauta ;;
05/01/2026;02:20:43;30_T01;Commento;Nicchio Argonauta ;;
05/01/2026;02:22:22;30_T01;Commento;Aristeus antennatus;;
05/01/2026;02:33:23;30_T01;Commento;Rametto 10 sec prima;;
05/01/2026;02:37:33;30_T01;Commento;Nichhio Argonauta;;
05/01/2026;02:47:34;30_T01;Commento;  Pesce nd chiaro due minuti prima vicino al litter hotspot;;
05/01/2026;02:49:32;30_T01;Commento;Nicchio Argonauta ;;
05/01/2026;02:53:52;30_T01;Commento;Nicchio Argonauta ;;
05/01/2026;03:22:30;30_T01;Commento;Rivedere crostaceo?;;
05/01/2026;03:25:23;30_T01;Commento;Egagropila;;
05/01/2026;03:26:19;30_T01;Commento;Pesce nd chiaro;;
05/01/2026;03:26:50;30_T01;Commento;Pesce nd chiaro;;
05/01/2026;03:53:51;30_T01;Commento;Aristeus antennatus;;
05/01/2026;03:56:42;30_T01;Commento;Anemone rosa;;
05/01/2026;04:06:26;30_T01;Commento;Tentativo di campionamento anemone su roccia abortito;;
05/01/2026;04:08:25;30_T01;Commento;Spugne gialle incrostanti;;
05/01/2026;04:09:20;30_T01;Commento;Anemone rosa;;
05/01/2026;04:09:21;30_T01;Commento;Anemone rosa;;
05/01/2026;04:09:22;30_T01;Commento;Anemone rosa;;
05/01/2026;04:16:12;30_T01;Biologico ;Muriceides lepida;;
05/01/2026;04:22:36;30_T01;Commento;Anemone rosa;;
05/01/2026;04:22:38;30_T01;Commento;Spugne incrostanti gialle e a palline bianche;;
05/01/2026;04:25:28;30_T01;Commento;Munida sp.;;
05/01/2026;04:26:37;30_T01;Commento;Spugna bianca incrostante;;
05/01/2026;04:28:24;30_T01;Commento;Munida sp.;;
05/01/2026;04:50:31;30_T01;Fine transetto;;;
05/01/2026;04:59:44;30_T01;On Deck;ROV on TMS trasferimento non registrato, manca il video del traferimento TMS);;Trasferimento on TMS al 30_T13
05/01/2026;06:55:14;30_T13;Inizio transetto;;;
05/01/2026;06:57:33;30_T13;Commento;Trachyrrinchus;;
05/01/2026;00:00:00;30_T13;Commento;inizio campionamento pezzetto di roccia;;
05/01/2026;07:02:09;30_T13;Commento;campionamento completato;;
05/01/2026;07:26:11;30_T13;Commento;Cerianthus sp.;;
05/01/2026;07:30:04;30_T13;Commento;Hymenocephalus italicus;;
05/01/2026;07:58:41;30_T13;Commento;A. antennatus;;
05/01/2026;08:02:48;30_T13;Commento;pesce nd;;
05/01/2026;08:50:50;30_T13;Commento;cfr. Etmopterus sp.;;
05/01/2026;09:00:55;30_T13;Commento;A. foliacea;;
05/01/2026;09:10:41;30_T13;Commento;inizio campionamento;;
05/01/2026;09:18:11;30_T13;Biologico ;Campionato blocco di roccia con pallini bianchi ;;
05/01/2026;10:33:19;30_T13;Commento;Facciolella oxyrhynchus;;
05/01/2026;10:43:06;30_T13;Commento;Geryon longipes;;
05/01/2026;10:45:12;30_T13;Commento;S. unicirrhus;;
05/01/2026;10:53:45;30_T13;Commento;Faciolella oxyrhynchus;;
05/01/2026;10:54:36;30_T13;Commento;H. italicus;;
05/01/2026;10:55:25;30_T13;Commento;A. foliacea;;
05/01/2026;11:07:42;30_T13;Commento;porifero forse;;
05/01/2026;11:40:58;30_T13;Fine transetto;;;
05/01/2026;12:46:08;30_T13;On Deck;;;Trasferimento on deck al 59_T06
05/01/2026;22:10:00;59_T06;Off Deck;registrazione avviata alle 22:40;;
05/01/2026;23:58:54;59_T06;Inizio transetto;;;
06/01/2026;00:02:38;59_T06;Commento;Nicchio argonauta;;
06/01/2026;00:05:04;59_T06;Commento;Forse rizoma di Posidonia;;
06/01/2026;00:14:46;59_T06;Commento;Oloturia vedi;;
06/01/2026;00:15:27;59_T06;Commento;Nicchio argonauta;;
06/01/2026;00:21:03;59_T06;Commento;Bonellia viridis;;
06/01/2026;00:24:17;59_T06;Commento;Nicchio argonauta;;
06/01/2026;00:50:02;59_T06;Commento;Egagropila;;
06/01/2026;00:57:18;59_T06;Commento;Foglia Posidonia;;
06/01/2026;00:59:06;59_T06;Commento;Foglia Posidonia;;
06/01/2026;01:02:06;59_T06;Commento;Egagropila;;
06/01/2026;01:09:10;59_T06;Commento;Egagropila;;
06/01/2026;01:12:40;59_T06;Commento;Nicchio argonauta;;
06/01/2026;01:15:00;59_T06;Commento;Avannotto Bathypterois;;
06/01/2026;01:18:26;59_T06;Commento;Lollipop sponge;;
06/01/2026;01:20:48;59_T06;Commento;Aristaeus antennatus;;
06/01/2026;01:23:45;59_T06;Commento;Aristaeus antennatus;;
06/01/2026;01:29:20;59_T06;Commento;Hymenodiscus coronata;;
06/01/2026;01:46:33;59_T06;Commento;Geodia sp.;;
06/01/2026;01:49:51;59_T06;Commento;Probabili resti vegetali (ramo);;
06/01/2026;01:51:43;59_T06;Commento;Foglia Posidonia;;
06/01/2026;01:58:18;59_T06;Commento;Egagropila;;
06/01/2026;02:01:07;59_T06;Commento;al posto di altro mettere Spugna nd;;
06/01/2026;02:08:47;59_T06;Commento;Hymenodiscus coronata;;
06/01/2026;02:10:17;59_T06;Biologico ;Roccia con ascidia qualche minuto prima (h 02:03);;
06/01/2026;02:30:31;59_T06;Commento;Togliere Isidella elongata;;
06/01/2026;02:34:41;59_T06;Commento;Egagropila;;
06/01/2026;02:40:08;59_T06;Commento;"Egagropila. Sostituisci commento con ""altro""";;
06/01/2026;02:41:01;59_T06;Commento;Salpe/Sifonofori;;
06/01/2026;02:45:16;59_T06;Commento;Nicchio argonauta;;
06/01/2026;02:48:55;59_T06;Commento;Egagropila;;
06/01/2026;02:53:40;59_T06;Commento;Nicchio argonauta;;
06/01/2026;03:01:48;59_T06;Commento;Aristaeus antennatus;;
06/01/2026;03:03:52;59_T06;Commento;Egagropila;;
06/01/2026;03:07:54;59_T06;Commento;Nicchio argonauta;;
06/01/2026;03:15:07;59_T06;Commento;Egagropila;;
06/01/2026;03:25:23;59_T06;Commento;Anfora;;
06/01/2026;03:38:13;59_T06;Commento;Egagropila;;
06/01/2026;03:51:51;59_T06;Commento;Cfr animale tana;;
06/01/2026;03:54:15;59_T06;Commento;Rhizaxinella sp.;;
06/01/2026;03:58:45;59_T06;Commento;Nicchio argonauta;;
06/01/2026;04:01:22;59_T06;Commento;Vedi stella;;
06/01/2026;04:01:46;59_T06;Commento;Geodia sp.;;
06/01/2026;04:03:22;59_T06;Commento;Geodia sp.;;
06/01/2026;04:03:22;59_T06;Commento;Cambiare D. pertusum in D. dianthus;;
06/01/2026;04:10:03;59_T06;Commento;Due A. rissoana epibionti su Parantipathes;;
06/01/2026;04:13:24;59_T06;Biologico ;Parantipathes n. sp. ;;
06/01/2026;04:30:07;59_T06;Commento;Hymenodiscus coronata;;
06/01/2026;04:43:13;59_T06;Commento;Zoanthidei;;
06/01/2026;04:49:01;59_T06;Biologico ;Zoanthidei;;
06/01/2026;05:02:59;59_T06;Commento;Penilpidia;;
06/01/2026;05:03:43;59_T06;Fine transetto;;;
06/01/2026;06:13:27;59_T06;On Deck;;;Trasferimento on deck al 59_T05
06/01/2026;07:00:21;59_T05;Off Deck;;;
06/01/2026;08:56:28;59_T05;Inizio transetto;;;
06/01/2026;09:11:28;59_T05;Commento;Trachyrinchus sp.;;
06/01/2026;09:13:40;59_T05;Commento;piede di isidella divelta;;
06/01/2026;09:19:03;59_T05;Commento;oloturia;;
06/01/2026;09:36:09;59_T05;Commento;segni di strascico;;
06/01/2026;09:40:27;59_T05;Commento;M. intestinalis fecal pellets;;
06/01/2026;09:41:44;59_T05;Commento;A. foliacea;;
06/01/2026;10:05:33;59_T05;Commento;A. foliacea;;
06/01/2026;10:08:41;59_T05;Commento;anfora;;
06/01/2026;10:14:33;59_T05;Commento;A. foliacea;;
06/01/2026;10:16:35;59_T05;Commento;piede isidella;;
06/01/2026;10:21:01;59_T05;Commento;Possibile reperto archeologico;;
06/01/2026;10:21:23;59_T05;Commento;A. foliacea;;
06/01/2026;10:29:42;59_T05;Commento;N bonapartei;;
06/01/2026;10:33:49;59_T05;Commento;A. foliacea;;
06/01/2026;11:13:23;59_T05;Commento;Geodia sp.;;
06/01/2026;11:19:16;59_T05;Commento;A. foliacea;;
06/01/2026;11:52:23;59_T05;Commento;Geodia sp.;;
06/01/2026;12:12:37;59_T05;Commento;Munida sp.;;
06/01/2026;12:23:08;59_T05;Commento;Penilpidia;;
06/01/2026;12:29:08;59_T05;Commento;Munida sp.;;
06/01/2026;12:39:09;59_T05;Commento;porifero palletta bianca campionato ieri;;
06/01/2026;12:39:09;59_T05;Commento;inizio campionamento;;
06/01/2026;12:48:48;59_T05;Biologico ;Antipathes dichotoma monopodiale;;
06/01/2026;13:11:33;59_T05;Commento;Notacanthus bonapartei;;
06/01/2026;13:38:33;59_T05;Commento;inizio campionamento;;
06/01/2026;13:46:01;59_T05;Biologico ;roccia infangata;;
06/01/2026;13:53:58;59_T05;Commento;Geryon longipes ;;
06/01/2026;13:55:07;59_T05;Commento;Faciolella oxyrincha;;
06/01/2026;13:56:55;59_T05;Fine transetto;;;
06/01/2026;14:05:02;59_T05;On Deck;Trasferimento nel TMS;;Ci spostiamo verso il transetto 59_T04 attaccati al TMS. Trasferimento on TMS al 59_T04
06/01/2026;18:48:14;59_T04;Off Deck;Out of TMS;;
06/01/2026;18:57:34;59_T04;Inizio transetto;;;
06/01/2026;19:14:28;59_T04;Commento;Aristaeus antennatus;;
06/01/2026;19:16:54;59_T04;Commento;Polyacanthonotus rissoanus;;
06/01/2026;19:18:50;59_T04;Commento;Balani ;;
06/01/2026;19:19:09;59_T04;Commento;Idrozoi;;
06/01/2026;19:25:33;59_T04;Commento;Nicchio Argonauta;;
06/01/2026;19:47:14;59_T04;Biologico ;Parantipathes n. sp.;;
06/01/2026;19:47:19;59_T04;Biologico ;Parantipathes n. sp.;;
06/01/2026;20:06:32;59_T04;Commento;Balani ;;
06/01/2026;20:08:08;59_T04;Commento;Balani ;;
06/01/2026;20:12:51;59_T04;Commento;Placogorgia morta? ;;
06/01/2026;20:18:19;59_T04;Commento;Balani;;
06/01/2026;20:23:48;59_T04;Biologico ;Placolorgia morta?;;
06/01/2026;20:23:48;59_T04;Commento;Haliclona bioxeata;;
06/01/2026;20:29:16;59_T04;Commento;Antipathes dichotoma;;
06/01/2026;20:43:50;59_T04;Commento;Antipathes monopodiale;;
06/01/2026;20:52:02;59_T04;Commento;Nicchio Argonauta;;
06/01/2026;20:52:55;59_T04;Commento;Anemone/Munida sp.;;
06/01/2026;20:56:58;59_T04;Commento;Balani;;
06/01/2026;20:58:26;59_T04;Commento;Hymenodiscus coronata;;
06/01/2026;21:01:31;59_T04;Commento;Balani;;
06/01/2026;21:09:20;59_T04;Commento;Geodia sp.;;
06/01/2026;21:09:20;59_T04;Commento;Hymenodiscus coronata;;
06/01/2026;21:25:34;59_T04;Biologico ;Roccia con Antipathes dichotoma;;
06/01/2026;21:39:15;59_T04;Commento;Bonellia viridis;;
06/01/2026;21:40:46;59_T04;Commento;Bonellia viridis;;
06/01/2026;21:44:53;59_T04;Commento;Bonellia viridis;;
06/01/2026;21:45:26;59_T04;Commento;Hymenodiscus coronata;;
06/01/2026;21:49:45;59_T04;Commento;Hymenodiscus coronata;;
06/01/2026;21:55:11;59_T04;Commento;Geodia sp. ;;
06/01/2026;22:10:31;59_T04;Biologico ;Cfr Muriceides lepida;;
06/01/2026;22:11:07;59_T04;Biologico ;D. dianthus;;
06/01/2026;22:18:27;59_T04;Commento;Gracilechinus sp.;;
06/01/2026;22:19:20;59_T04;Commento;Egagropila;;
06/01/2026;22:22:24;59_T04;Commento;Ramo nero vedi;;
06/01/2026;22:23:37;59_T04;Commento;Nicchio Argonauta;;
06/01/2026;22:46:18;59_T04;Commento;Nicchio Argonauta;;
06/01/2026;23:01:08;59_T04;Commento;foglia Posidonia;;
06/01/2026;23:09:48;59_T04;Commento;Togliere Poliprion . Vedi Antipathes;;
06/01/2026;23:14:39;59_T04;Commento;Nicchio Argonauta;;
06/01/2026;23:22:56;59_T04;Commento;Bonellia viridis;;
06/01/2026;23:40:15;59_T04;Commento;Lollipop sponge;;
06/01/2026;23:45:19;59_T04;Commento;Togli cnidari 1000 2000;;
07/01/2026;00:09:11;59_T04;Commento;Geodia sp.;;
07/01/2026;00:10:30;59_T04;Commento;Geodia sp.;;
07/01/2026;00:23:25;59_T04;Commento;Egagropila;;
07/01/2026;00:35:49;59_T04;Commento;Nicchio Argonauta;;
07/01/2026;00:41:34;59_T04;Commento;Bonellia viridis;;
07/01/2026;00:50:18;59_T04;Commento;Penilpidia ludwigi;;
07/01/2026;00:51:37;59_T04;Commento;Penilpidia ludwigi;;
07/01/2026;01:16:37;59_T04;Commento;Egagropila;;
07/01/2026;01:36:51;59_T04;Commento;Facciolella oxyrhinchus;;
07/01/2026;01:49:56;59_T04;Fine transetto;;;
07/01/2026;02:52:02;59_T04;On Deck;CTD scaricata a 261 m, necessario ulteriore immersione per riprendere i dati;;Breakdown dalle 02:49 alle 03:40
07/01/2026;03:24:00;59_T04;Off Deck;Off deck per riscesa per registrazione dati CTD da 271m alla superficie causa esaurimento batterie (registrazione video nella cartella 59_T04_1);;
07/01/2026;03:54:30;59_T04;On Deck;;;Trasferimento on deck al 59_T03
07/01/2026;05:01:46;59_T03;Off Deck;;;
07/01/2026;06:41:58;59_T03;Inizio transetto;;;
07/01/2026;06:43:14;59_T03;Commento;C. sloani;;
07/01/2026;06:45:48;59_T03;Commento;A. foliacea;;
07/01/2026;06:48:20;59_T03;Commento;A. foliacea;;
07/01/2026;08:55:33;59_T03;Commento;Polyacanthonotus rissoanus;;
07/01/2026;09:11:30;59_T03;Commento;porifero bianco forse Polymastia;;
07/01/2026;09:16:29;59_T03;Commento;porifero bianco forse Polymastia;;
07/01/2026;09:24:38;59_T03;Commento;inizio campionamento plasticone;;
07/01/2026;09:28:23;59_T03;Biologico ;Echinoideo ND su marine litter;;
07/01/2026;09:59:16;59_T03;Commento;Ceramaster sp.;;
07/01/2026;10:02:49;59_T03;Commento;Periphylla dp.;;
07/01/2026;10:53:05;59_T03;Fine transetto;;;
07/01/2026;12:05:01;59_T03;On Deck;;;Trasferimento on deck al 62_T08
07/01/2026;15:14:40;62_T08;Off Deck;;;
07/01/2026;16:54:41;62_T08;Inizio transetto;;;
07/01/2026;16:56:48;62_T08;Commento;Mesothuria instestinalis;;
07/01/2026;16:58:40;62_T08;Commento;Prova campionamento Isidella elongata;;
07/01/2026;17:04:55;62_T08;Commento;Prova campionamento fallita;;
07/01/2026;17:07:31;62_T08;Commento;Lollipop sponge cfr. Sympagella delauzei;;
07/01/2026;17:08:41;62_T08;Commento;A. antennatus;;
07/01/2026;17:12:09;62_T08;Commento;A. foliacea;;
07/01/2026;17:12:44;62_T08;Commento;A. foliacea;;
07/01/2026;17:14:21;62_T08;Commento;Zoantidei su sheletro;;
07/01/2026;17:15:50;62_T08;Commento;Lollipop sponge cfr. Sympagella delauzei/Rhizaxinella;;
07/01/2026;17:23:33;62_T08;Commento;Possibile I. elongata morta;;
07/01/2026;17:25:14;62_T08;Commento;Numerose colonie molto sottili simili a Isidella non identificata che verranno segnalati come Cnidari 600 1000;;
07/01/2026;17:28:49;62_T08;Commento;A. foliacea;;
07/01/2026;17:30:24;62_T08;Commento;Mesothuria instestinalis;;
07/01/2026;17:31:05;62_T08;Commento;Mesothuria instestinalis;;
07/01/2026;17:31:30;62_T08;Commento;Mesothuria instestinalis/ Fecal pellet;;
07/01/2026;17:32:51;62_T08;Commento;Mesothuria instestinalis/ Fecal pellet;;
07/01/2026;17:37:44;62_T08;Commento;Trachiryncus sp.;;
07/01/2026;17:38:41;62_T08;Commento;Munida sp.;;
07/01/2026;17:40:51;62_T08;Commento;cfr. Nezumia aequalis;;
07/01/2026;17:43:09;62_T08;Commento;Lollipop sponge cfr. Sympagella delauzei/Rhizaxinella;;
07/01/2026;17:44:51;62_T08;Commento;Lollipop sponge cfr. Sympagella delauzei/Rhizaxinella;;
07/01/2026;17:47:02;62_T08;Commento;Cancellare dal file tutte le annotazioni dei Cnidari 600 1000 e 100 2000;;
07/01/2026;17:49:35;62_T08;Commento;A. foliacea;;
07/01/2026;17:52:14;62_T08;Commento;cfr. H. italicus;;
07/01/2026;17:53:46;62_T08;Commento;A. foliacea;;
07/01/2026;17:53:52;62_T08;Commento;A. foliacea;;
07/01/2026;17:56:54;62_T08;Commento;A. foliacea;;
07/01/2026;17:58:04;62_T08;Commento;Lollipop sponge cfr. Sympagella delauzei/Rhizaxinella;;
07/01/2026;18:06:58;62_T08;Commento;P. rissoanus;;
07/01/2026;18:09:11;62_T08;Commento;A. foliacea;;
07/01/2026;18:12:46;62_T08;Commento;Egagropilo;;
07/01/2026;18:15:26;62_T08;Commento;Lollipop sponge cfr. Sympagella delauzei/Rhizaxinella;;
07/01/2026;18:17:01;62_T08;Commento;Rivedere;;
07/01/2026;18:18:46;62_T08;Commento;Aristaeomoprha foliacea;;
07/01/2026;18:19:25;62_T08;Commento;Egagropila;;
07/01/2026;18:29:29;62_T08;Commento;Zoom qualche minuto prima su spicole di Lollipop sponge;;
07/01/2026;18:31:28;62_T08;Commento;Lollipop sponge cfr. Sympagella delauzei/Rhizaxinella;;
07/01/2026;18:42:12;62_T08;Biologico ;Lollipop sponge in fango con scoopnet;;
07/01/2026;18:47:18;62_T08;Commento;Aristaeomorpha foliacea;;
07/01/2026;18:49:04;62_T08;Commento;Spicole di Lollipop sponge;;
07/01/2026;18:51:56;62_T08;Commento;Hymenodiscus coronata;;
07/01/2026;18:55:20;62_T08;Commento;Spicole di Lollipop sponge;;
07/01/2026;19:00:24;62_T08;Commento;Spicole di Lollipop sponge;;
07/01/2026;19:00:48;62_T08;Commento;Spicole di Lollipop sponge;;
07/01/2026;19:03:53;62_T08;Commento;Lollipop sponge cfr. Sympagella delauzei/Rhizaxinella;;
07/01/2026;19:09:13;62_T08;Biologico ;Lollipop sponge in fango con scoopnet;;
07/01/2026;19:17:28;62_T08;Push-corer;Sedimento fango;;
07/01/2026;19:21:03;62_T08;Commento;Rizoma Posidonia;;
07/01/2026;19:25:11;62_T08;Commento;Egagropilo;;
07/01/2026;19:26:26;62_T08;Commento;Nicchio di argonauta;;
07/01/2026;19:32:02;62_T08;Commento;Lollipop sponge cfr. Sympagella delauzei/Rhizaxinella;;
07/01/2026;19:33:17;62_T08;Commento;Nicchio di argonauta;;
07/01/2026;19:36:42;62_T08;Fine transetto;;;
07/01/2026;19:43:47;62_T08;On Deck;ROV on TMS ;;Trasferimento on TMS al 62_T06
07/01/2026;22:05:28;62_T06;Off Deck;ROV off TMS;;
07/01/2026;22:09:48;62_T06;Inizio transetto;;;
07/01/2026;22:11:20;62_T06;Commento;Rhizaxinella sp.;;
07/01/2026;22:13:47;62_T06;Commento;Rhizaxinella sp.;;
07/01/2026;22:19:31;62_T06;Commento;Polyacanthonotus rissoanus;;
07/01/2026;22:20:02;62_T06;Commento;Rhizaxinella sp.;;
07/01/2026;22:21:09;62_T06;Commento;Rhizaxinella sp.;;
07/01/2026;22:27:12;62_T06;Commento;Facciolella oxyrhinchus;;
07/01/2026;22:32:31;62_T06;Commento;Egagropila;;
07/01/2026;22:33:03;62_T06;Commento;Rhizaxinella sp.;;
07/01/2026;22:33:07;62_T06;Commento;Periphylla periphylla;;
07/01/2026;22:38:29;62_T06;Commento;Numerose spicole di lollipop sponge;;
07/01/2026;22:46:58;62_T06;Commento;Rhizaxinella sp. ;;
07/01/2026;22:49:44;62_T06;Commento;Rhizaxinella sp. ;;
07/01/2026;22:54:28;62_T06;Commento;Numerose spicole di lollipop sponge;;
07/01/2026;22:58:00;62_T06;Commento;Rhizaxinella sp. ;;
07/01/2026;22:59:08;62_T06;Commento;Rhizaxinella sp. ;;
07/01/2026;23:04:04;62_T06;Commento;Rhizaxinella sp. ;;
07/01/2026;23:05:06;62_T06;Commento;Litter hotspot vetro;;
07/01/2026;23:05:50;62_T06;Commento;Egagropila;;
07/01/2026;23:09:11;62_T06;Commento;Rhizaxinella sp. ;;
07/01/2026;23:13:56;62_T06;Commento;Rivedere tana animale in movimento;;
07/01/2026;23:15:31;62_T06;Commento;Egagropila;;
07/01/2026;23:16:39;62_T06;Commento;Rhizaxinella sp. ;;
07/01/2026;23:18:08;62_T06;Commento;Rhizaxinella sp. rosa;;
07/01/2026;23:18:43;62_T06;Commento;Aristaeomorpha foliacea;;
07/01/2026;23:19:22;62_T06;Commento;Rhizaxinella sp. ;;
07/01/2026;23:23:52;62_T06;Commento;Egagropila;;
07/01/2026;23:24:44;62_T06;Commento;Rhizaxinella sp. ;;
07/01/2026;23:25:55;62_T06;Commento;Rhizaxinella sp. ;;
07/01/2026;23:27:16;62_T06;Commento;Lollipop sponge;;
07/01/2026;23:29:42;62_T06;Commento;Lollipop sponge molto allungata;;
07/01/2026;23:34:30;62_T06;Biologico ;Lollipop sponge molto lunga;;
07/01/2026;23:45:30;62_T06;Commento;"Togliere due ""altro"" e mettere nicchio Argonauta";;
07/01/2026;23:45:32;62_T06;Commento;Egagropila;;
07/01/2026;23:45:57;62_T06;Commento;Rhizaxinella sp. ;;
07/01/2026;23:48:44;62_T06;Commento;Penilpidia ludwigi;;
07/01/2026;23:49:58;62_T06;Commento;Rhizaxinella sp. ;;
07/01/2026;23:50:01;62_T06;Commento;Rhizaxinella sp. ;;
07/01/2026;23:51:53;62_T06;Commento;Numerose spicole di lollipop sponge;;
07/01/2026;23:53:56;62_T06;Commento;Aristaeomorpha foliacea;;
07/01/2026;23:57:08;62_T06;Commento;Rhizaxinella sp. ;;
07/01/2026;23:57:30;62_T06;Commento;Numerose spicole di lollipop sponge;;
08/01/2026;00:00:28;62_T06;Commento;Egagropila;;
08/01/2026;00:00:56;62_T06;Commento;Egagropila;;
08/01/2026;00:15:36;62_T06;Biologico ;Epibionti (spugne? Brachiopodi?) su spicole di Rhizaxinella sp. ;;Fallito: persi in superficie
08/01/2026;00:23:46;62_T06;Commento;Rhizaxinella sp. ;;
08/01/2026;00:25:08;62_T06;Commento;Anfora;Anfora;
08/01/2026;00:29:16;62_T06;Commento;Rhizaxinella sp. ;;
08/01/2026;00:33:35;62_T06;Commento;Rhizaxinella sp. ;;
08/01/2026;00:33:52;62_T06;Commento;Rhizaxinella sp. ;;
08/01/2026;00:35:05;62_T06;Commento;Numerose spicole di lollipop sponge;;
08/01/2026;00:46:48;62_T06;Commento;Rhizaxinella sp. ;;
08/01/2026;00:47:42;62_T06;Commento;Rhizaxinella sp. ;;
08/01/2026;00:58:08;62_T06;Commento;Numerose spicole di lollipop sponge;;
08/01/2026;01:01:54;62_T06;Commento;Rhizaxinella sp.  corta tonda;;
08/01/2026;01:19:59;62_T06;Commento;Rhizaxinella sp.  ;;
08/01/2026;01:25:16;62_T06;Fine transetto;Copia impatto e metti fine transetto;;
08/01/2026;01:31:20;62_T06;On Deck;ROV on TMS;;Trasferimento on TMS al 62_T04
08/01/2026;01:37:08;62_T04;Commento;Periphylla periphylla durante trasferimento on TMS;;
08/01/2026;03:20:24;62_T04;Off Deck;ROV out of TMS;;
08/01/2026;03:26:46;62_T04;Inizio transetto;;;
08/01/2026;03:28:44;62_T04;Commento;Numerose spicole di lollipop sponge;;
08/01/2026;03:33:33;62_T04;Commento;Egagropilo;;
08/01/2026;03:36:05;62_T04;Commento;Egagropilo;;
08/01/2026;04:04:48;62_T04;Commento;Rhizaxinella spp.;;
08/01/2026;04:09:56;62_T04;Commento;Cerianthus sp.;;
08/01/2026;04:32:11;62_T04;Commento;Vedi se pennatulaceo;;
08/01/2026;04:39:46;62_T04;Commento;Egagropilo;;
08/01/2026;04:42:20;62_T04;Commento;Egagropilo;;
08/01/2026;04:44:47;62_T04;Commento;Polyacanthonotus rissoanus;;
08/01/2026;04:48:21;62_T04;Commento;Rhizaxinella spp. molto corta e tonda;;
08/01/2026;04:59:29;62_T04;Commento;Egagropilo;;
08/01/2026;05:07:22;62_T04;Commento;Rhizaxinella spp. molto corta e tonda;;
08/01/2026;05:10:31;62_T04;Commento;Rhizaxinella spp. molto corta e tonda;;
08/01/2026;05:17:01;62_T04;Commento;Cerianthus sp.;;
08/01/2026;05:28:13;62_T04;Commento;A. antennatus;;
08/01/2026;05:38:19;62_T04;Commento;togliere spugne;;
08/01/2026;05:44:36;62_T04;Commento;Rhizaxinella spp. molto corta e tonda;;
08/01/2026;05:46:36;62_T04;Commento;A. antennatus;;
08/01/2026;05:54:21;62_T04;Commento;A. antennatus;;
08/01/2026;06:00:49;62_T04;Commento;Nicchio argonauta;;
08/01/2026;06:03:07;62_T04;Commento;Egagropilo;;
08/01/2026;06:10:22;62_T04;Fine transetto;;;
08/01/2026;07:10:32;62_T04;On Deck;;;Trasferimento on deck al 62_T09
08/01/2026;10:54:03;62_T09;Off Deck;;;
08/01/2026;12:29:08;62_T09;Inizio transetto;;;
08/01/2026;12:31:05;62_T09;Commento;lollipop sponge;;
08/01/2026;12:35:20;62_T09;Commento;lollipop sponge;;
08/01/2026;12:53:21;62_T09;Commento;inizio campionamento A. dichotoma;;
08/01/2026;13:07:38;62_T09;Biologico ;A. dichotoma;;il campione di dichotoma è in filameto singolo ma era accanto ad una colonia abbastanza grande e ramificata
08/01/2026;13:20:03;62_T09;Commento;lollipop sponge;;
08/01/2026;13:21:40;62_T09;Commento;A. foliacea;;
08/01/2026;13:22:50;62_T09;Commento;lollipop sponge;;
08/01/2026;13:23:19;62_T09;Commento;lollipop sponge;;
08/01/2026;13:24:56;62_T09;Commento;lollipop sponge;;
08/01/2026;13:24:56;62_T09;Commento;lollipop sponge;;
08/01/2026;13:29:03;62_T09;Commento;lollipop sponge;;
08/01/2026;13:38:24;62_T09;Commento;Polyacanthonotus rissoanus;;
08/01/2026;13:45:25;62_T09;Commento;dall'inizio del transetto sono stati osservati numerosi steli di lollipop senza pop;;
08/01/2026;13:49:18;62_T09;Commento;lollipop sponge;;
08/01/2026;13:56:24;62_T09;Commento;lollipop sponge;;
08/01/2026;14:01:20;62_T09;Commento;M. intestinalis;;
08/01/2026;14:10:42;62_T09;Commento;M. intestinalis;;
08/01/2026;15:07:37;62_T09;Commento;lollipop sponge;;
08/01/2026;15:27:43;62_T09;Commento;lollipop sponge;;
08/01/2026;15:29:15;62_T09;Commento;Faciolella oxyrincha;;
08/01/2026;15:53:56;62_T09;Commento;isidella divelte;;
08/01/2026;16:13:27;62_T09;Commento;egagropila;;
08/01/2026;16:14:32;62_T09;Commento;lollipop sponge;;
08/01/2026;16:19:52;62_T09;Fine transetto;;;
08/01/2026;17:21:52;62_T09;On Deck;;;Trasferimento on deck al 62_T07
08/01/2026;18:48:38;62_T07;Off Deck;;;
08/01/2026;19:57:59;62_T07;Inizio transetto;;;
08/01/2026;20:08:04;62_T07;Commento;Aristaeus antennatus;;
08/01/2026;20:31:36;62_T07;Commento;Egagropila;;
08/01/2026;20:37:54;62_T07;Commento;Spicole di lollipop sponge;;
08/01/2026;20:45:18;62_T07;Commento;Rizoma;;
08/01/2026;20:58:22;62_T07;Commento;Pachycerianthus sp.;;
08/01/2026;21:09:44;62_T07;Commento;Tentativo di campionamento ceriantide fallito;;
08/01/2026;21:15:40;62_T07;Commento;Egagropila;;
08/01/2026;21:22:08;62_T07;Commento;Cancella metallo;;
08/01/2026;21:23:10;62_T07;Commento;Pezzo di anfora;;
08/01/2026;21:24:21;62_T07;Commento;Uova nd su pezzo di anfora;;
08/01/2026;21:24:27;62_T07;Commento;Spugna bianca su pezzo di anfora;;
08/01/2026;21:28:19;62_T07;Commento;Egagropila;;
08/01/2026;21:42:56;62_T07;Commento;Rizoma;;
08/01/2026;21:53:09;62_T07;Commento;Foglia di Posidonia;;
08/01/2026;21:58:13;62_T07;Commento;Ceriantario;;
08/01/2026;22:03:20;62_T07;Fine transetto;;;
08/01/2026;22:56:50;62_T07;On Deck;;;Trasferimento on deck
08/01/2026;23:59:26;62_T03;Off Deck;;;
09/01/2026;01:40:41;62_T03;Inizio transetto;;;
09/01/2026;01:42:49;62_T03;Commento;Aristeus antennatus;;
09/01/2026;01:49:20;62_T03;Commento;Egagropila;;
09/01/2026;01:50:58;62_T03;Commento;Foglia posidonia;;
09/01/2026;02:01:29;62_T03;Commento;Lollipop sponge;;
09/01/2026;02:07:52;62_T03;Commento;Rami legno;;
09/01/2026;02:11:18;62_T03;Commento;Foglia posidonia;;
09/01/2026;02:15:43;62_T03;Commento;Nocantidae;;
09/01/2026;02:17:27;62_T03;Commento;Lollipop  sponge corta;;
09/01/2026;02:32:14;62_T03;Commento;P. rissoanus;;
09/01/2026;02:40:34;62_T03;Commento;Lollipop sponge;;
09/01/2026;02:43:43;62_T03;Commento;F. oxyrhynchus;;
09/01/2026;02:43:46;62_T03;Commento;Egagropila;;
09/01/2026;02:47:45;62_T03;Commento;Numerose spicole lollipop senza spugna;;
09/01/2026;02:55:31;62_T03;Commento;Anfora;Anfora;
09/01/2026;02:57:48;62_T03;Commento;Penilpidia;;
09/01/2026;02:59:39;62_T03;Commento;Penilpidia;;
09/01/2026;03:00:06;62_T03;Commento;A. antennatus;;
09/01/2026;03:05:35;62_T03;Commento;Anfora;Anfora;
09/01/2026;03:07:48;62_T03;Commento;Egagropilo;;
09/01/2026;03:16:22;62_T03;Commento;Lollipop sponge;;
09/01/2026;03:19:21;62_T03;Commento;Egagropilo;;
09/01/2026;03:24:30;62_T03;Commento;F. oxyrhynchus;;
09/01/2026;03:25:55;62_T03;Commento;Nicchio argonauta;;
09/01/2026;03:49:08;62_T03;Commento;Egagropilo;;
09/01/2026;04:00:09;62_T03;Commento;Gomma;Copertone auto;
09/01/2026;04:02:38;62_T03;Fine transetto;;;
09/01/2026;04:55:46;62_T03;On Deck;Trasferimento On deck verso 62_T05;;
09/01/2026;06:04:35;62_T05;Off Deck;;;
09/01/2026;07:44:23;62_T05;Inizio transetto;;;
09/01/2026;07:50:00;62_T05;Commento;lollipop sponge;;
09/01/2026;07:56:14;62_T05;Commento;lollipop sponge;;
09/01/2026;08:01:44;62_T05;Commento;cefalopode sul fondo;;
09/01/2026;08:13:10;62_T05;Commento;lollipop sponge;;
09/01/2026;08:42:11;62_T05;Commento;Munida sp.;;
09/01/2026;08:45:53;62_T05;Commento;Munida sp.;;
09/01/2026;08:47:16;62_T05;Commento;Spugna bianca ND;;
09/01/2026;08:52:04;62_T05;Commento;Munida sp.;;
09/01/2026;08:52:47;62_T05;Commento;inizio campionamento;;
09/01/2026;09:01:57;62_T05;Biologico ;A. dichotoma;;
09/01/2026;09:02:32;62_T05;Commento;A. foliacea;;
09/01/2026;09:20:32;62_T05;Commento;stoloniferi;;
09/01/2026;09:23:19;62_T05;Commento;inizio campionamento;;
09/01/2026;09:30:20;62_T05;Biologico ;Sclerattinie solitarie;;
09/01/2026;09:45:12;62_T05;Commento;stoloniferi;;
09/01/2026;09:48:07;62_T05;Commento;munida sp;;
09/01/2026;10:00:25;62_T05;Commento;numerose lollipop senza pop;;
09/01/2026;10:14:52;62_T05;Commento;inizio campionamento;;
09/01/2026;10:34:08;62_T05;Biologico ;cfr. Nicella granifera ;;
09/01/2026;10:43:38;62_T05;Commento;stoloniferi;;
09/01/2026;10:44:10;62_T05;Commento;periphilla;;
09/01/2026;10:45:10;62_T05;Commento;cfr. Nicella granifera ;;
09/01/2026;10:46:29;62_T05;Commento;cfr. Nicella granifera ;;
09/01/2026;10:47:08;62_T05;Commento;periphilla;;
09/01/2026;10:48:04;62_T05;Commento;spugna bianca su roccia;;
09/01/2026;10:56:06;62_T05;Commento;stoloniferi;;
09/01/2026;10:58:04;62_T05;Commento;bonellia viridis;;
09/01/2026;10:59:00;62_T05;Commento;polyacanthonotus/notacanthus;;
09/01/2026;11:14:17;62_T05;Commento;a. foliacea;;
09/01/2026;11:15:15;62_T05;Commento;a. foliacea;;
09/01/2026;11:19:42;62_T05;Commento;base di isidella divelta;;
09/01/2026;11:41:00;62_T05;Fine transetto;;;
09/01/2026;12:37:58;62_T05;On Deck;;;
09/01/2026;13:29:01;62_T02;Off Deck;;;
09/01/2026;15:02:52;62_T02;Commento;Faciolella oxyrincha vista poco prima inizio transetto;;
09/01/2026;15:06:42;62_T02;inizio transetto;;;
09/01/2026;15:26:10;62_T02;Commento;lollipop;;
09/01/2026;15:38:19;62_T02;Commento;inizio campionamento lollipop senza pop;;
09/01/2026;15:51:39;62_T02;Biologico ;stelo lollipop;;
09/01/2026;16:02:44;62_T02;Commento;egagropila;;
09/01/2026;16:23:50;62_T02;Commento;A  foliacea;;
09/01/2026;16:42:29;62_T02;Commento;Galeus melasthomus;;
09/01/2026;16:46:59;62_T02;Commento;Lollipop sponge;;
09/01/2026;17:02:14;62_T02;Commento;H. italicus;;
09/01/2026;17:04:40;62_T02;Fine transetto;;;
09/01/2026;18:10:08;62_T02;On Deck;;;
09/01/2026;19:04:08;62_T01;Off Deck;;;
09/01/2026;20:55:40;62_T01;Inizio transetto;Falso allarme;;
09/01/2026;21:02:05;62_T01;Inizio transetto;;;
09/01/2026;21:02:17;62_T01;Commento;Rhizaxinella sp.;;
09/01/2026;21:08:35;62_T01;Commento;Egagropila;;
09/01/2026;21:12:16;62_T01;Commento;Egagropila;;
09/01/2026;21:14:42;62_T01;Commento;Rhizaxinella sp.;;
09/01/2026;21:27:14;62_T01;Biologico ;Rhizaxinella sp.;;
09/01/2026;21:33:34;62_T01;Commento;Rhizaxinella sp.;;
09/01/2026;21:34:57;62_T01;Fine transetto;Transetto abortito per condizioni meteo avverse;;
09/01/2026;22:36:51;62_T01;On Deck;;;
11/01/2026;00:00:00;62_T01_new;Off Deck;;;
11/01/2026;08:52:10;62_T01_new;Inizio transetto;;;
11/01/2026;09:06:12;62_T01_new;Commento;M. intestinalis;;
11/01/2026;09:06:57;62_T01_new;Commento;lollipop sponge;;
11/01/2026;09:07:26;62_T01_new;Commento;lollipop rettangolare (gia campionata);;
11/01/2026;09:08:07;62_T01_new;Commento;lollipop sponge;;
11/01/2026;09:11:46;62_T01_new;Commento;ceramaster;;
11/01/2026;09:25:03;62_T01_new;Commento;lollipop sponge;;
11/01/2026;09:33:24;62_T01_new;Commento;lollipop sponge;;
11/01/2026;09:35:08;62_T01_new;Commento;lollipop sponge;;
11/01/2026;09:37:31;62_T01_new;Commento;munida;;
11/01/2026;09:41:43;62_T01_new;Commento;anfora;;
11/01/2026;09:42:02;62_T01_new;Commento;cerianthus sp. ;;
11/01/2026;09:43:12;62_T01_new;Commento;pachycerianthus;;
11/01/2026;09:43:54;62_T01_new;Commento;la registrazione è stata interrotta e ripresa perche il dvr si è bloccato;;
11/01/2026;09:53:39;62_T01_new;Commento;lollipop sponge;;
11/01/2026;09:59:51;62_T01_new;Commento;lollipop sponge;;
11/01/2026;10:07:47;62_T01_new;Commento;lollipop sponge;;
11/01/2026;10:09:58;62_T01_new;Commento;Spugna bianca ND;;
11/01/2026;10:11:28;62_T01_new;Commento;inizio campionamento;;
11/01/2026;10:22:38;62_T01_new;Biologico ;porifero bianco;;
11/01/2026;10:25:52;62_T01_new;Commento;lollipop sponge;;
11/01/2026;10:32:53;62_T01_new;Commento;cerianthus sp.;;
11/01/2026;10:33:49;62_T01_new;Commento;egagropila;;
11/01/2026;10:36:25;62_T01_new;Commento;Faciolella oxyrincha;;
11/01/2026;10:40:21;62_T01_new;Commento;lollipop sponge;;
11/01/2026;10:41:53;62_T01_new;Commento;lollipop sponge;;
11/01/2026;10:47:10;62_T01_new;Commento;lollipop sponge;;
11/01/2026;10:50:01;62_T01_new;Commento;lollipop sponge;;
11/01/2026;10:50:21;62_T01_new;Commento;lollipop sponge;;
11/01/2026;10:55:12;62_T01_new;Commento;lollipop sponge;;
11/01/2026;10:55:15;62_T01_new;Commento;lollipop sponge;;
11/01/2026;11:11:04;62_T01_new;Fine transetto;;;
11/01/2026;12:22:30;62_T01_new;On Deck;;;
11/01/2026;21:43:30;35_T08;Off Deck;;;
11/01/2026;22:47:39;35_T08;Inizio transetto;;;
11/01/2026;22:48:01;35_T08;Commento;Segni strascico;;
11/01/2026;22:48:49;35_T08;Commento;Egagropila;;
11/01/2026;22:49:18;35_T08;Commento;Egagropila;;
11/01/2026;22:51:40;35_T08;Commento;Aristaeomorpha foliacea;;
11/01/2026;22:53:16;35_T08;Commento;Cfr Chauliodus sloani;;
11/01/2026;22:53:17;35_T08;Commento;Hymenocephalus italicus;;
11/01/2026;22:53:55;35_T08;Commento;Egagropila;;
11/01/2026;22:54:07;35_T08;Commento;Nezumia aequalis;;
11/01/2026;22:54:41;35_T08;Commento;Egagropila;;
11/01/2026;22:59:18;35_T08;Biologico ;Isidella elongata;;
11/01/2026;23:03:10;35_T08;Commento;Egagropila;;
11/01/2026;23:04:19;35_T08;Commento;Segni di strascico;;
11/01/2026;23:06:08;35_T08;Commento;Segni di strascico;;
11/01/2026;23:10:17;35_T08;Commento;Segni di strascico;;
11/01/2026;23:10:48;35_T08;Commento;Rizoma Posidonia;;
11/01/2026;23:12:47;35_T08;Commento;Segni di strascico;;
11/01/2026;23:15:30;35_T08;Commento;Egagropila;;
11/01/2026;23:16:00;35_T08;Commento;Segni di strascico;;
11/01/2026;23:16:12;35_T08;Commento;Egagropila;;
11/01/2026;23:16:13;35_T08;Commento;Egagropila;;
11/01/2026;23:17:36;35_T08;Commento;Segni di strascico;;
11/01/2026;23:19:35;35_T08;Commento;Segni di strascico;;
11/01/2026;23:22:56;35_T08;Commento;Pesce nd;;
11/01/2026;23:23:31;35_T08;Commento;Aristaeus antennatus;;
11/01/2026;23:25:18;35_T08;Commento;Segni di strascico;;
11/01/2026;23:28:49;35_T08;Commento;Nezumia aequalis;;
11/01/2026;23:29:35;35_T08;Commento;Hymenocephalus italicus;;
11/01/2026;23:30:00;35_T08;Commento;Egagropila;;
11/01/2026;23:30:39;35_T08;Commento;Segni di strascico;;
11/01/2026;23:34:50;35_T08;Commento;Chauliodus sloani;;
11/01/2026;23:35:04;35_T08;Commento;Segni di strascico;;
11/01/2026;23:38:59;35_T08;Commento;Segni di strascico;;
11/01/2026;23:42:21;35_T08;Commento;cfr Aristaeus antennatus;;
11/01/2026;23:43:52;35_T08;Commento;Segni di strascico;;
11/01/2026;23:47:09;35_T08;Commento;Nezumia aequalis;;
11/01/2026;23:48:51;35_T08;Commento;Segni di strascico;;
11/01/2026;23:50:02;35_T08;Commento;Rizoma Posidonia;;
11/01/2026;23:52:53;35_T08;Commento;cfr Aristaeus antennatus;;
11/01/2026;23:54:02;35_T08;Commento;Nezumia aequalis;;
11/01/2026;23:55:45;35_T08;Commento;Segni di strascico;;
11/01/2026;23:57:44;35_T08;Commento;Rizoma Posidonia;;
11/01/2026;23:59:01;35_T08;Commento;Segni di strascico;;
12/01/2026;00:00:26;35_T08;Commento;Nezumia aequalis;;
12/01/2026;00:02:24;35_T08;Commento;Egagropila;;
12/01/2026;00:02:49;35_T08;Commento;Rizoma Posidonia;;
12/01/2026;00:03:59;35_T08;Commento;Nezumia aequalis (Togli altro 600-1000);;
12/01/2026;00:06:40;35_T08;Commento;Due egagropile;;
12/01/2026;00:08:00;35_T08;Commento;Nezumia aequalis;;
12/01/2026;00:08:52;35_T08;Commento;Alcune isidelle morte;;
12/01/2026;00:12:59;35_T08;Commento;Togliere P. verrucosa;;
12/01/2026;00:13:08;35_T08;Commento;Egagropila;;
12/01/2026;00:13:30;35_T08;Commento;Facciolella/Nettastoma;;
12/01/2026;00:13:44;35_T08;Commento;Aristaeus antennatus;;
12/01/2026;00:14:21;35_T08;Commento;Egagropila;;
12/01/2026;00:14:32;35_T08;Commento;Numerose egagropile;;
12/01/2026;00:16:45;35_T08;Commento;Egagropila;;
12/01/2026;00:19:15;35_T08;Commento;Egagropila;;
12/01/2026;00:21:16;35_T08;Commento;Egagropila;;
12/01/2026;00:22:14;35_T08;Commento;Egagropila;;
12/01/2026;00:24:41;35_T08;Commento;Egagropila;;
12/01/2026;00:26:53;35_T08;Commento;Rizomi ed egagropile e Fusinus rostratus;;
12/01/2026;00:31:35;35_T08;Commento;Cnidari nd;;
12/01/2026;00:31:38;35_T08;Commento;Ramo nd morto;;
12/01/2026;00:38:23;35_T08;Commento;Aristaeus antennatus;;
12/01/2026;00:43:22;35_T08;Commento;Segni di strascico ;;
12/01/2026;00:51:26;35_T08;Commento;Coral rubble;;
12/01/2026;00:52:14;35_T08;Commento;Coral rubble;;
12/01/2026;00:55:09;35_T08;Commento;Spugna bianca incrostante;;
12/01/2026;00:55:17;35_T08;Commento;Munida sp.;;
12/01/2026;00:55:27;35_T08;Commento;Coral rubble;;
12/01/2026;00:55:46;35_T08;Commento;Facciolella oxyrhinchus;;
12/01/2026;00:56:02;35_T08;Commento;Coral ruble;;
12/01/2026;01:07:03;35_T08;Commento;Geodia sp.;;
12/01/2026;01:09:29;35_T08;Commento;Munida sp.;;
12/01/2026;01:09:47;35_T08;Commento;Munida sp.;;
12/01/2026;01:10:47;35_T08;Commento;Nezumia aequalis;;
12/01/2026;01:12:24;35_T08;Commento;Coral rubble;;
12/01/2026;01:15:35;35_T08;Commento;Anfora rotta;Anfora rotta;
12/01/2026;01:21:00;35_T08;Commento;Segni di strascico ;;
12/01/2026;01:26:35;35_T08;Commento;Myctophidae;;
12/01/2026;01:35:44;35_T08;Commento;Pesce nd;;
12/01/2026;01:43:21;35_T08;Commento;cfr Aristaeomorpha foliacea;;
12/01/2026;01:46:05;35_T08;Commento;cfr Aristaeomorpha foliacea;;
12/01/2026;01:53:45;35_T08;Commento;Munida sp.;;
12/01/2026;01:55:15;35_T08;Commento;Zona già percorsa in precedenza, ritorno al transetto dopo breve deviazione;;
12/01/2026;02:12:04;35_T08;Commento;Togliere plastica;;
12/01/2026;02:13:40;35_T08;Commento;Munida sp.;;
12/01/2026;02:16:32;35_T08;Commento;Aristaeus antennatus;;
12/01/2026;02:19:36;35_T08;Commento;Nezumia aequalis;;
12/01/2026;02:22:55;35_T08;Commento;Coral rubble;;
12/01/2026;02:28:18;35_T08;Commento;Spugna bianca incrostante;;
12/01/2026;02:29:25;35_T08;Commento;Munida sp.;;
12/01/2026;02:29:39;35_T08;Commento;Munida sp.;;
12/01/2026;02:31:12;35_T08;Commento;Munida sp.;;
12/01/2026;02:31:15;35_T08;Commento;Egagropila;;
12/01/2026;02:36:51;35_T08;Commento;cfr Facciolella oxyrincha;;
12/01/2026;02:38:44;35_T08;Commento;Anseropoda placenta;;
12/01/2026;02:39:30;35_T08;Commento;Coral rubble;;
12/01/2026;02:39:52;35_T08;Commento;Munida sp.;;
12/01/2026;02:40:06;35_T08;Commento;Viminella abbattuta;;
12/01/2026;02:40:20;35_T08;Commento;Munida tenuimana;;
12/01/2026;02:41:35;35_T08;Commento;Egagropila;;
12/01/2026;02:43:54;35_T08;Commento;Egagropila;;
12/01/2026;02:44:51;35_T08;Commento;Munida sp.;;
12/01/2026;02:45:03;35_T08;Commento;Munida sp.;;
12/01/2026;02:45:57;35_T08;Commento;Munida sp.;;
12/01/2026;02:52:06;35_T08;Commento;Gryphus vitreus;;
12/01/2026;02:52:50;35_T08;Commento;Aristaeus antennatus;;
12/01/2026;02:55:19;35_T08;Commento;Gryphus vitreus;;
12/01/2026;03:00:01;35_T08;Commento;Chauliodus sloani;;
12/01/2026;03:00:02;35_T08;Commento;Anseropoda placenta;;
12/01/2026;03:00:28;35_T08;Commento;Inserisci ad uno dei due pesci Chlorophtalmus e all'altro Chauliodus;;
12/01/2026;03:02:43;35_T08;Commento;Egagropilo;;
12/01/2026;03:05:15;35_T08;Commento;Anseropoda placenta;;
12/01/2026;03:09:10;35_T08;Commento;Anseropoda placenta;;
12/01/2026;03:11:29;35_T08;Commento;Gasteropode cfr Galeodea echinophora;;
12/01/2026;03:12:01;35_T08;Commento;Anseropoda placenta;;
12/01/2026;03:24:24;35_T08;Commento;Anseropoda placenta;;
12/01/2026;03:30:08;35_T08;Commento;Coral rubble;;
12/01/2026;03:33:14;35_T08;Commento;Pesce nd;;
12/01/2026;03:36:54;35_T08;Commento;Anseropoda placenta;;
12/01/2026;03:39:40;35_T08;Commento;Coral rubble;;
12/01/2026;03:42:10;35_T08;Commento;Ripple su fango;;
12/01/2026;03:44:36;35_T08;Commento;Munida sp.;;
12/01/2026;03:47:26;35_T08;Commento;Rombo/Solea;;
12/01/2026;03:49:56;35_T08;Commento;Numerosissimi cidaridi;;
12/01/2026;03:51:31;35_T08;Commento;Numerosi cidaridi;;
12/01/2026;03:54:30;35_T08;Commento;Polpo nd;;
12/01/2026;03:59:18;35_T08;Commento;Gasteropode cfr Galeodea echinophora;;
12/01/2026;04:00:45;35_T08;Commento;Epigonus sp.;;
12/01/2026;04:01:35;35_T08;Commento;Coral rubble;;
12/01/2026;04:10:01;35_T08;Commento;Plesionika narval ;;
12/01/2026;04:10:09;35_T08;Commento;Paromola cuvieri ;;
12/01/2026;04:14:00;35_T08;Commento;Numerosi cidaridi;;
12/01/2026;04:18:00;35_T08;Commento;Facciolella oxyrhincha;;
12/01/2026;04:20:46;35_T08;Commento;Plesionika narval ;;
12/01/2026;04:26:09;35_T08;Commento;Lepidorhombus whiffiagonis;;
12/01/2026;04:31:14;35_T08;Commento;Lepidorhombus whiffiagonis;;
12/01/2026;04:33:21;35_T08;Commento;Lepidorhombus whiffiagonis;;
12/01/2026;04:34:59;35_T08;Commento;Spinolambrus macrochelos;;
12/01/2026;04:40:43;35_T08;Commento;Numerosi cidaridi anche in cluster;;
12/01/2026;04:44:18;35_T08;Commento;Numerosi cidaridi anche in cluster;;
12/01/2026;04:47:10;35_T08;Commento;Lepidorhombus whiffiagonis;;
12/01/2026;04:55:25;35_T08;Commento;Lepidorhombus whiffiagonis;;
12/01/2026;04:56:55;35_T08;Commento;Spinolambrus macrochelos;;
12/01/2026;05:03:14;35_T08;Commento;Elimina fango;;
12/01/2026;05:06:44;35_T08;Commento;Facciolella oxyrincha;;
12/01/2026;05:10:44;35_T08;Commento;Spinolambrus macrochelos;;
12/01/2026;05:14:10;35_T08;Fine transetto;Canella il fine transetto di 20 secondi prima;;
12/01/2026;05:38:31;35_T08;On Deck;;;
12/01/2026;07:25:45;35_T05;Off Deck;;;
12/01/2026;08:19:44;35_T05;Inizio transetto;Hyalinoecia tubicola;;
12/01/2026;08:21:42;35_T05;Commento;egagropila;;
12/01/2026;08:23:49;35_T05;Commento;egagropila;;
12/01/2026;08:24:08;35_T05;Commento;renella;;
12/01/2026;08:24:33;35_T05;Commento;hylinoecia tubicola;;
12/01/2026;08:27:18;35_T05;Commento;tante hylinoecia tubicola;;
12/01/2026;08:28:51;35_T05;Commento;egagropila;;
12/01/2026;08:33:39;35_T05;Commento;anfora;;
12/01/2026;08:39:08;35_T05;Commento;bonellia;;
12/01/2026;08:42:02;35_T05;Commento;munida sp;;
12/01/2026;08:43:55;35_T05;Commento;neopycnodonthe sp;;
12/01/2026;08:45:13;35_T05;Commento;munida sp;;
12/01/2026;08:45:28;35_T05;Commento;neopycnodonthe sp;;
12/01/2026;08:46:04;35_T05;Commento;munida sp;;
12/01/2026;08:48:44;35_T05;Commento;munida sp;;
12/01/2026;08:50:31;35_T05;Commento;bonellia;;
12/01/2026;08:50:32;35_T05;Commento;bonellia;;
12/01/2026;08:58:23;35_T05;Commento;coral rubble a Debdrophyllia;;
12/01/2026;08:59:22;35_T05;Commento;munida sp;;
12/01/2026;08:59:48;35_T05;Commento;neopycnodonthe sp;;
12/01/2026;09:01:27;35_T05;Commento;Epigonus sp.;;
12/01/2026;09:03:14;35_T05;Commento;munida sp;;
12/01/2026;09:03:16;35_T05;Commento;munida sp;;
12/01/2026;09:03:17;35_T05;Commento;munida sp;;
12/01/2026;09:03:18;35_T05;Commento;munida sp;;
12/01/2026;09:03:30;35_T05;Commento;Epigonus sp.;;
12/01/2026;09:03:53;35_T05;Commento;neopycnodonthe sp;;
12/01/2026;09:04:17;35_T05;Commento;parete interamente biogenica;;
12/01/2026;09:17:20;35_T05;Commento;stella tipo hacelia pero bianca;;
12/01/2026;09:27:35;35_T05;Commento;neopycnodonthe sp;;
12/01/2026;09:28:20;35_T05;Commento;Epigonus sp.;;
12/01/2026;09:28:23;35_T05;Commento;Epigonus sp.;;
12/01/2026;09:28:25;35_T05;Commento;Epigonus sp.;;
12/01/2026;09:36:22;35_T05;Commento;coral rubble piccoli mucchietti sparsi;;
12/01/2026;09:39:07;35_T05;Commento;coral rubble piccoli mucchietti sparsi;;
12/01/2026;09:49:56;35_T05;Commento;inizio campionamento;;
12/01/2026;09:55:43;35_T05;Biologico ;ramo corallo morto;;
12/01/2026;10:01:34;35_T05;Commento;munida sp;;
12/01/2026;10:03:20;35_T05;Commento;P. bogaraveo;;
12/01/2026;10:09:10;35_T05;Commento;munida sp;;
12/01/2026;10:11:47;35_T05;Commento;inizio campiopnamento;;
12/01/2026;10:13:10;35_T05;Commento;2 gamberi diversi;;
12/01/2026;10:15:23;35_T05;Commento;campionamento fallito;;
12/01/2026;10:16:59;35_T05;Commento;munida sp;;
12/01/2026;10:16:59;35_T05;Commento;munida sp;;
12/01/2026;10:17:21;35_T05;Commento;munida sp;;
12/01/2026;10:20:53;35_T05;Commento;munida sp;;
12/01/2026;10:24:32;35_T05;Commento;blocco coperto di spugne bianche;;
12/01/2026;10:27:06;35_T05;Commento;spugne piccole sferiche gialle;;
12/01/2026;10:41:55;35_T05;Commento;uovo di razza;;
12/01/2026;10:45:55;35_T05;Commento; esoscheletro di spatangus?;;
12/01/2026;10:54:29;35_T05;Commento;D. cornigera morta;;
12/01/2026;10:59:55;35_T05;Commento;D. cornigera morta;;
12/01/2026;11:04:23;35_T05;Commento;D. cornigera morta;;
12/01/2026;11:05:07;35_T05;Commento;D. cornigera morta;;
12/01/2026;11:06:46;35_T05;Commento;D. cornigera morta;;
12/01/2026;11:19:36;35_T05;Commento;Vari Callanthias ;;
12/01/2026;11:26:30;35_T05;Commento;P. bogaraveo;;
12/01/2026;11:38:41;35_T05;Commento;Fermi per problemi tecnici;;
12/01/2026;11:43:59;35_T05;Commento;Fine problemi tecnici;;
12/01/2026;12:01:36;35_T05;Commento;Holoyhuria poli;;
12/01/2026;12:02:42;35_T05;Commento;2 seppie;;
12/01/2026;12:03:49;35_T05;Commento;tanatocenosi a cornigera;;
12/01/2026;12:29:31;35_T05;Commento;Spinolambrus macrochelos;;
12/01/2026;12:41:13;35_T05;Commento;spatangus ?;;
12/01/2026;12:49:50;35_T05;Commento;inizio campionamento a 262 m;;
12/01/2026;12:53:59;35_T05;Commento;ramo dendro morta e un corallitre piccolo vivo (forse);;
12/01/2026;12:59:50;35_T05;Commento;inizio campionamento;;
12/01/2026;13:11:08;35_T05;Biologico ;Leiopathes glaberrima;;
12/01/2026;13:12:28;35_T05;Commento;Inizio campionamento acqua;;
12/01/2026;13:12:56;35_T05;Commento;Benthocometes robustus;;
12/01/2026;13:16:01;35_T05;Niskin;;;
12/01/2026;13:21:19;35_T05;Commento;M. scolopax;;
12/01/2026;13:22:22;35_T05;Commento;A. anthias ;;
12/01/2026;13:22:42;35_T05;Commento;M. scolopax;;
12/01/2026;13:22:47;35_T05;Commento;C. ruber;;
12/01/2026;13:24:57;35_T05;Commento;facies a l. glaberrima;;
12/01/2026;13:27:01;35_T05;Commento;Holothuria poli;;
12/01/2026;13:28:24;35_T05;Commento;Benthocometes robustus;;
12/01/2026;13:32:16;35_T05;Commento;C. ruber;;
12/01/2026;13:35:55;35_T05;Commento;Holothuria poli;;
12/01/2026;13:37:42;35_T05;Commento;epizoanthus su leiopathes morta;;
12/01/2026;13:50:37;35_T05;Fine transetto;;;nel video alla fine del T_05 è stata inserito nella stringa il numero del tr_12 ma è lo 05
12/01/2026;14:13:01;35_T05;On Deck;;;
12/01/2026;15:10:40;35_T12;Off Deck;;;
12/01/2026;15:57:44;35_T12;Inizio transetto;;;
12/01/2026;15:58:11;35_T12;Commento;inizio campionamento;;
12/01/2026;16:05:28;35_T12;Biologico ;Isidella elongata;;
12/01/2026;16:06:28;35_T12;Commento;gryphus vitreus;;
12/01/2026;16:06:48;35_T12;Commento;H. italicus;;
12/01/2026;16:10:06;35_T12;Commento;cerianthus sp.;;
12/01/2026;16:12:19;35_T12;Commento;myctophidae;;
12/01/2026;16:14:19;35_T12;Commento;coral rubble ;;
12/01/2026;16:16:45;35_T12;Commento;isidella abbattuta;;
12/01/2026;16:16:56;35_T12;Commento;h. italicus;;
12/01/2026;16:21:38;35_T12;Commento;egagropila;;
12/01/2026;16:23:40;35_T12;Commento;inizio campionamento;;
12/01/2026;16:31:05;35_T12;Push-corer;;;
12/01/2026;16:35:50;35_T12;Commento;egagropila;;
12/01/2026;16:40:02;35_T12;Commento;cerianthus sp.;;
12/01/2026;16:46:15;35_T12;Commento;egagropila;;
12/01/2026;16:50:53;35_T12;Commento;myctophidae;;
12/01/2026;16:55:45;35_T12;Commento;egagropila;;
12/01/2026;16:56:56;35_T12;Commento;egagropila;;
12/01/2026;16:57:40;35_T12;Commento;egagropila;;
12/01/2026;16:58:03;35_T12;Commento;egagropila;;
12/01/2026;16:59:08;35_T12;Commento;myctophidae;;
12/01/2026;16:59:41;35_T12;Commento;egagropila;;
12/01/2026;17:01:52;35_T12;Commento;egagropila;;
12/01/2026;17:03:02;35_T12;Commento;segno di strascico;;
12/01/2026;17:03:18;35_T12;Commento;egagropila;;
12/01/2026;17:03:18;35_T12;Commento;egagropila;;
12/01/2026;17:03:48;35_T12;Commento;segno di strascico;;
12/01/2026;17:04:06;35_T12;Commento;segno di strascico;;
12/01/2026;17:04:40;35_T12;Commento;egagropila;;
12/01/2026;17:04:55;35_T12;Commento;segno di strascico;;
12/01/2026;17:04:59;35_T12;Commento;Nezumia aequalis;;
12/01/2026;17:05:19;35_T12;Commento;cerianthus;;
12/01/2026;17:05:40;35_T12;Commento;segno di strascico;;
12/01/2026;17:06:07;35_T12;Commento;segno di strascico;;
12/01/2026;17:06:36;35_T12;Commento;egagropila;;
12/01/2026;17:07:33;35_T12;Commento;segno di strascico;;
12/01/2026;17:08:28;35_T12;Commento;Hymenocephalus italicus;;
12/01/2026;17:08:48;35_T12;Commento;egagropila;;
12/01/2026;17:09:12;35_T12;Commento;egagropila;;
12/01/2026;17:09:17;35_T12;Commento;cfr. Nezumia;;
12/01/2026;17:10:56;35_T12;Commento;myctophidae;;
12/01/2026;17:11:15;35_T12;Commento;A. antennatus;;
12/01/2026;17:12:54;35_T12;Commento;A. antennatus;;
12/01/2026;17:15:13;35_T12;Commento;segno di strascico;;
12/01/2026;17:16:57;35_T12;Commento;segno di strascico;;
12/01/2026;17:18:12;35_T12;Commento;segno di strascico;;
12/01/2026;17:19:03;35_T12;Commento;crostaceo;;
12/01/2026;17:19:17;35_T12;Commento;myctophidae;;
12/01/2026;17:21:02;35_T12;Commento;segno di strascico;;
12/01/2026;17:21:45;35_T12;Commento;segno di strascico;;
12/01/2026;17:22:26;35_T12;Commento;segno di strascico;;
12/01/2026;17:23:28;35_T12;Commento;segno di strascico;;
12/01/2026;17:25:04;35_T12;Commento;M. poutassou;;
12/01/2026;17:27:06;35_T12;Commento;segno di strascico;;
12/01/2026;17:27:38;35_T12;Commento;segno di strascico;;
12/01/2026;17:29:43;35_T12;Commento;segno di strascico;;
12/01/2026;17:30:07;35_T12;Commento;myctophidae;;
12/01/2026;17:30:21;35_T12;Commento;segno di strascico;;
12/01/2026;17:30:45;35_T12;Commento;myctophidae;;
12/01/2026;17:30:45;35_T12;Commento;myctophidae;;
12/01/2026;17:30:45;35_T12;Commento;myctophidae;;
12/01/2026;17:31:10;35_T12;Commento;myctophidae;;
12/01/2026;17:31:18;35_T12;Commento;segno di strascico;;
12/01/2026;17:31:57;35_T12;Commento;H. italicus;;
12/01/2026;17:32:38;35_T12;Commento;segno di strascico;;
12/01/2026;17:33:43;35_T12;Commento;segno di strascico;;
12/01/2026;17:34:49;35_T12;Commento;ripple;;
12/01/2026;17:35:45;35_T12;Commento;segno di strascico;;
12/01/2026;17:36:04;35_T12;Commento;segno di strascico;;
12/01/2026;17:36:21;35_T12;Commento;myctophidae;;
12/01/2026;17:37:46;35_T12;Commento;myctophidae;;
12/01/2026;17:38:21;35_T12;Commento;segno di strascico;;
12/01/2026;17:39:41;35_T12;Commento;ripple;;
12/01/2026;17:40:03;35_T12;Commento;segno di strascico;;
12/01/2026;17:41:47;35_T12;Commento;segno di strascico;;
12/01/2026;17:42:05;35_T12;Commento;H. italicus;;
12/01/2026;17:43:05;35_T12;Commento;segno di strascico;;
12/01/2026;17:44:58;35_T12;Commento;segno di strascico;;
12/01/2026;17:45:56;35_T12;Commento;segno di strascico;;
12/01/2026;17:46:42;35_T12;Commento;segno di strascico;;
12/01/2026;17:48:28;35_T12;Commento;segno di strascico;;
12/01/2026;17:48:51;35_T12;Commento;cerianthus sp.;;
12/01/2026;17:49:18;35_T12;Commento;segno di strascico ;;
12/01/2026;17:52:34;35_T12;Commento;segno di strascico;;
12/01/2026;17:52:59;35_T12;Commento;myctophidae;;
12/01/2026;17:53:09;35_T12;Commento;segno di strascico;;
12/01/2026;17:54:13;35_T12;Commento;segno di strascico;;
12/01/2026;18:01:02;35_T12;Commento;segno di strascico;;
12/01/2026;18:07:31;35_T12;Commento;segno di strascico;;
12/01/2026;18:07:42;35_T12;Commento;Hymenocephalus italicus;;
12/01/2026;18:11:44;35_T12;Commento;Numerosi segni di strascico;;
12/01/2026;18:20:45;35_T12;Commento;Numerosi segni di strascico;;
12/01/2026;18:21:21;35_T12;Commento;Aristaeus antennatus;;
12/01/2026;18:33:29;35_T12;Commento;Cerianthus sp.;;
12/01/2026;18:33:44;35_T12;Commento;Cerianthus sp.;;
12/01/2026;18:33:48;35_T12;Commento;Cerianthus sp.;;
12/01/2026;18:35:39;35_T12;Commento;Cerianthus sp.;;
12/01/2026;18:39:34;35_T12;Commento;Cerianthus sp.;;
12/01/2026;18:39:42;35_T12;Commento;Cerianthus sp.;;
12/01/2026;18:40:06;35_T12;Commento;Cerianthus sp.;;
12/01/2026;18:40:42;35_T12;Commento;Cerianthus sp.;;
12/01/2026;18:41:04;35_T12;Commento;Cerianthus sp.;;
12/01/2026;18:41:19;35_T12;Commento;Cerianthus sp.;;
12/01/2026;18:41:45;35_T12;Commento;Cerianthus sp.;;
12/01/2026;18:44:11;35_T12;Commento;Cerianthus sp.;;
12/01/2026;18:44:24;35_T12;Commento;Numerosi segni di strascico;;
12/01/2026;18:45:03;35_T12;Commento;egagropila;;
12/01/2026;18:55:29;35_T12;Commento;Tentativo di campionamento di ceriantario fallito;;
12/01/2026;19:02:48;35_T12;Commento;Cerianthus sp.;;
12/01/2026;19:03:09;35_T12;Commento;Cerianthus sp.;;
12/01/2026;19:03:28;35_T12;Commento;Cerianthus sp.;;
12/01/2026;19:04:20;35_T12;Commento;Cerianthus sp.;;
12/01/2026;19:04:24;35_T12;Commento;Cerianthus sp.;;
12/01/2026;19:05:05;35_T12;Commento;Cerianthus sp.;;
12/01/2026;19:06:19;35_T12;Commento;Cerianthus sp.;;
12/01/2026;19:09:03;35_T12;Fine transetto;;;
12/01/2026;19:35:25;35_T12;On Deck;;;
12/01/2026;20:46:26;35_T04;Off Deck;;;
12/01/2026;21:38:33;35_T04;Inizio transetto;;;
12/01/2026;21:43:02;35_T04;Commento;Cidaride su plastica;;
12/01/2026;21:43:55;35_T04;Commento;Hymenocephalus italicus;;
12/01/2026;21:45:42;35_T04;Commento;Nicchio Argonauta;;
12/01/2026;21:48:02;35_T04;Commento;Aristaeomorpha;;
12/01/2026;21:48:18;35_T04;Commento;Anseropoda placenta;;
12/01/2026;21:51:23;35_T04;Commento;Munida sp.;;
12/01/2026;21:55:53;35_T04;Commento;Spugna bianca cfr Haliclona sp. ;;
12/01/2026;21:56:20;35_T04;Commento;Spugna bianca cfr Haliclona sp. ;;
12/01/2026;21:57:02;35_T04;Commento;Munida sp.;;
12/01/2026;21:57:13;35_T04;Commento;Due egagropili;;
12/01/2026;21:57:31;35_T04;Commento;Spinolambrus macrochelus;;
12/01/2026;22:00:54;35_T04;Commento;Mesothuria intestinalis;;
12/01/2026;22:02:29;35_T04;Commento;Cfr Lepidorhombus;;
12/01/2026;22:08:24;35_T04;Commento;Epigonus sp.;;
12/01/2026;22:09:00;35_T04;Commento;Spinolambrus macrochelus;;
12/01/2026;22:10:57;35_T04;Commento;Coral rubble;;
12/01/2026;22:12:44;35_T04;Commento;Spune piccole globose bianche;;
12/01/2026;22:12:56;35_T04;Commento;Coral rubble;;
12/01/2026;22:15:11;35_T04;Commento;Spinolambrus macrochelus;;
12/01/2026;22:15:33;35_T04;Commento;Gasteropode nd;;
12/01/2026;22:15:38;35_T04;Commento;Spugna bianca cfr Haliclona sp. ;;
12/01/2026;22:16:18;35_T04;Commento;Spugne traslucide incrostanti;;
12/01/2026;22:16:54;35_T04;Commento;Coral rubble;;
12/01/2026;22:21:58;35_T04;Commento;Anseropoda placenta;;
12/01/2026;22:25:29;35_T04;Commento;Spinolambrus macrochelus;;
12/01/2026;22:26:28;35_T04;Commento;Pezzo di terracotta;Pezzo di terracotta;
12/01/2026;22:27:10;35_T04;Commento;Pezzo di terracotta;Pezzo di terracotta;
12/01/2026;22:28:06;35_T04;Commento;Pesce nd;;
12/01/2026;22:28:59;35_T04;Commento;Pezzo di terracotta;Pezzo di terracotta;
12/01/2026;22:29:57;35_T04;Commento;Hymenocephalus italicus;;
12/01/2026;22:31:54;35_T04;Commento;Plesionika gigliolii;;
12/01/2026;22:34:23;35_T04;Commento;Anamathia rissoana;;
12/01/2026;22:34:40;35_T04;Commento;Al posto di Viminella lenza;;
12/01/2026;22:38:03;35_T04;Commento;Coral rubble;;
12/01/2026;22:38:43;35_T04;Commento;Benthocometes robustus;;
12/01/2026;22:42:56;35_T04;Commento;Coral rubble;;
12/01/2026;23:03:10;35_T04;Commento;Chlopsis bicolor;;
12/01/2026;23:04:10;35_T04;Commento;Aristaeomorpha;;
12/01/2026;23:05:26;35_T04;Commento;Epigonus sp.;;
12/01/2026;23:10:06;35_T04;Commento;Spinolambrus macrochelus;;
12/01/2026;23:11:43;35_T04;Commento;Epigonus sp.;;
12/01/2026;23:12:00;35_T04;Commento;Epigonus sp.;;
12/01/2026;23:12:01;35_T04;Commento;Epigonus sp.;;
12/01/2026;23:12:41;35_T04;Commento;Facciolella oxyrhincha;;
12/01/2026;23:15:35;35_T04;Commento;Gambero nd;;
12/01/2026;23:16:27;35_T04;Commento;Anseropoda placenta;;
12/01/2026;23:20:19;35_T04;Commento;Epigonus sp.;;
12/01/2026;23:24:38;35_T04;Commento;Pachastrella monilifera;;
12/01/2026;23:27:59;35_T04;Commento;Viminella morta epibiontata?;;
12/01/2026;23:30:35;35_T04;Commento;Plesionika sp.;;
12/01/2026;23:34:31;35_T04;Commento;Masso con lenza ;;
12/01/2026;23:42:15;35_T04;Commento;Eliminare ;;
12/01/2026;23:51:03;35_T04;Commento;Epigonus sp.;;
12/01/2026;23:51:28;35_T04;Commento;Epigonus sp.;;
12/01/2026;23:55:17;35_T04;Commento;Facciolella oxyrhinchus;;
13/01/2026;00:02:22;35_T04;Commento;Facciolella oxyrhinchus;;
13/01/2026;00:03:03;35_T04;Commento;Phycis phycis;;
13/01/2026;00:06:20;35_T04;Commento;Chlopsis bicolor;;
13/01/2026;00:08:16;35_T04;Commento;Segni di pesca sul fondo;;
13/01/2026;00:10:01;35_T04;Commento;Eliminare;;
13/01/2026;00:11:21;35_T04;Commento;Epigonus sp.;;
13/01/2026;00:12:12;35_T04;Commento;Aristaeomorpha foliacea;;
13/01/2026;00:14:13;35_T04;Commento;Cfr Gadella maraldi;;
13/01/2026;00:17:39;35_T04;Commento;Aristaeomorpha foliacea;;
13/01/2026;00:17:48;35_T04;Commento;Coral rubble;;
13/01/2026;00:20:38;35_T04;Commento;Munida tenuimana;;
13/01/2026;00:20:53;35_T04;Commento;Munida tenuimana;;
13/01/2026;00:21:07;35_T04;Commento;Munida tenuimana;;
13/01/2026;00:26:52;35_T04;Commento;Epigonus sp.;;
13/01/2026;00:28:40;35_T04;Commento;Egagropila;;
13/01/2026;00:32:08;35_T04;Commento;Epigonus sp.;;
13/01/2026;00:39:18;35_T04;Fine transetto;;;
13/01/2026;01:02:10;35_T04;On Deck;Trasferimento on deck al 35_T03;;
13/01/2026;02:07:48;35_T03;Off Deck;;;
13/01/2026;02:23:04;35_T03;Commento;Vedi pteropode durante la discesa del ROV;;
13/01/2026;03:04:49;35_T03;Commento;P. americanus;;
13/01/2026;03:08:39;35_T03;Inizio transetto;;;
13/01/2026;03:10:52;35_T03;Commento;Facciolella oxyrhinchus;;
13/01/2026;03:18:17;35_T03;Commento;Munida sp.;;
13/01/2026;03:20:16;35_T03;Commento;Numerose spugne bianche globose piccole, togliere 4 G. vitreus;;
13/01/2026;03:27:16;35_T03;Commento;Munida sp.;;
13/01/2026;03:27:24;35_T03;Commento;Munida sp.;;
13/01/2026;03:27:24;35_T03;Commento;Stella nd;;
13/01/2026;03:27:48;35_T03;Commento;Biocostruzione reef ad ostriche;;
13/01/2026;03:48:20;35_T03;Commento;Decapode nd;;
13/01/2026;03:50:37;35_T03;Commento;Anseropoda placenta;;
13/01/2026;03:52:52;35_T03;Commento;Coral rubble;;
13/01/2026;04:00:01;35_T03;Commento;Coral rubble;;
13/01/2026;04:04:06;35_T03;Commento;Plesionika gigliolii;;
13/01/2026;04:05:35;35_T03;Commento;Hexanchus griseus;;
13/01/2026;04:12:44;35_T03;Commento;Coral rubble;;
13/01/2026;04:21:31;35_T03;Commento;Coral rubble;;
13/01/2026;04:30:12;35_T03;Commento;Coral rubble;;
13/01/2026;04:34:10;35_T03;Commento;Cancella hoplostetus;;
13/01/2026;04:35:57;35_T03;Commento;Munida sp.;;
13/01/2026;04:38:48;35_T03;Commento;Coral rubble continuo per numerosi metri;;
13/01/2026;04:45:35;35_T03;Commento;Benthocometes robustus;;
13/01/2026;04:46:01;35_T03;Commento;Plesionika narval ;;
13/01/2026;04:48:43;35_T03;Commento;Coral rubble;;
13/01/2026;04:52:05;35_T03;Commento;Scorpaena elongata;;
13/01/2026;04:58:37;35_T03;Commento;Coral rubble diffusi;;
13/01/2026;05:06:30;35_T03;Commento;Oloturia vedi;;
13/01/2026;05:08:58;35_T03;Commento;Hexanchus griseus;;
13/01/2026;05:09:43;35_T03;Commento;Banco di Pagellus bogaraveo;;
13/01/2026;05:10:01;35_T03;Commento;Trachurus sp.;;
13/01/2026;05:13:27;35_T03;Commento;Calamaro da rivedere;;
13/01/2026;05:13:51;35_T03;Commento;elimina fango;;
13/01/2026;05:14:00;35_T03;Commento;Sifonofori;;
13/01/2026;05:18:00;35_T03;Commento;Macroramphosus scolopax;;
13/01/2026;05:21:37;35_T03;Commento;Cancella merluccius;;
13/01/2026;05:29:23;35_T03;Commento;Macroramphosus scolopax;;
13/01/2026;05:30:23;35_T03;Commento;Pesce da rivedere;;
13/01/2026;05:30:56;35_T03;Commento;Trachurus sp.;;
13/01/2026;05:40:00;35_T03;Commento;Trachurus sp.;;
13/01/2026;05:40:06;35_T03;Commento;Spugna gialla incrostante;;
13/01/2026;05:48:22;35_T03;Commento;Lepidorhombus wiffiagonis;;
13/01/2026;05:49:01;35_T03;Commento;Numerose Plesionika;;
13/01/2026;05:57:01;35_T03;Commento;Deviazione per andare sul punto dei flares;;
13/01/2026;06:14:14;35_T03;Commento;Ci dirigiamo in diagonale rispetto alla linea del transetto per raggiungere il secondo Flare;;
13/01/2026;06:20:42;35_T03;Commento;Penilpidia;;
13/01/2026;06:25:51;35_T03;Commento;Trachurus sp.;;
13/01/2026;06:26:51;35_T03;Commento;Egagropila;;
13/01/2026;06:29:10;35_T03;Commento;Trachurus sp.;;
13/01/2026;06:45:38;35_T03;Fine transetto;;;
13/01/2026;07:08:29;35_T03;On Deck;;;
13/01/2026;08:15:15;35_T20;Off Deck;;;
13/01/2026;09:03:40;35_T20;Inizio transetto;;;
13/01/2026;09:05:02;35_T20;Commento;c. sloani;;
13/01/2026;09:05:42;35_T20;Commento;c. coelorhinchus;;
13/01/2026;09:06:07;35_T20;Commento;H. tubicola;;
13/01/2026;09:06:35;35_T20;Commento;numerose agagropile sparse;;
13/01/2026;09:07:17;35_T20;Commento;segno strascico vecchio;;
13/01/2026;09:08:45;35_T20;Commento;inizio campionamento del fondo;;
13/01/2026;09:16:54;35_T20;Biologico ;sedimento bioclastico ;;
13/01/2026;09:23:03;35_T20;Commento;egagropila;;
13/01/2026;09:23:03;35_T20;Commento;H. tubicola;;
13/01/2026;09:23:03;35_T20;Commento;egagropila;;
13/01/2026;09:27:32;35_T20;Commento;inizio campionamento;;
13/01/2026;09:29:54;35_T20;Biologico ;pezzo di roccia con dicothoma;;
13/01/2026;09:37:59;35_T20;Commento;clorophtalmus gia inserito sulla maschera;;
13/01/2026;09:38:20;35_T20;Commento;c. coelorhinchus;;
13/01/2026;09:39:58;35_T20;Commento;lollopop sponge;;
13/01/2026;09:40:33;35_T20;Commento;neopichnodonte ;;
13/01/2026;09:41:29;35_T20;Commento;neopichnodonte ;;
13/01/2026;09:49:08;35_T20;Commento;lollopop sponge;;
13/01/2026;09:50:59;35_T20;Commento;spugna bianca globosa;;
13/01/2026;09:51:53;35_T20;Commento;lollopop sponge;;
13/01/2026;09:52:03;35_T20;Commento;lollopop sponge;;
13/01/2026;09:53:26;35_T20;Commento;munida;;
13/01/2026;09:56:28;35_T20;Commento;munida;;
13/01/2026;09:58:31;35_T20;Commento;inizio campionamento;;
13/01/2025;10:04:00;35_T20;Biologico ;Dendrophyllia cornigera morta;;
13/01/2026;10:03:41;35_T20;Commento;B. maravigna;;
13/01/2026;10:04:05;35_T20;Commento;munida;;
13/01/2026;10:05:37;35_T20;Commento;munida;;
13/01/2026;10:09:30;35_T20;Commento; cfr Galiodea echinophora;;
13/01/2026;10:13:55;35_T20;Commento;gasteropode gigante;;
13/01/2026;10:16:23;35_T20;Commento;c. bicolor;;
13/01/2026;10:22:48;35_T20;Commento;Epigonus sp.;;
13/01/2026;10:24:56;35_T20;Commento;H. tubicola;;
13/01/2026;10:34:00;35_T20;Commento;Lepidorombus sp.;;
13/01/2026;10:38:55;35_T20;Commento;Epigonus sp.;;
13/01/2026;10:39:37;35_T20;Commento;munida;;
13/01/2026;10:44:59;35_T20;Commento;togliere altro;;
13/01/2026;10:58:28;35_T20;Commento;munida;;
13/01/2026;11:05:08;35_T20;Commento;sclerastherias sp.;;
13/01/2026;11:06:53;35_T20;Commento;Bonellia viridis;;
13/01/2026;11:07:48;35_T20;Commento;Ramo di dendrophylla morta;;
13/01/2026;11:14:37;35_T20;Commento;Inizio campionamento;;
13/01/2026;11:19:44;35_T20;Biologico ;L. glaberrima;;
13/01/2026;11:33:05;35_T20;Commento;Fotogrammetria;;
13/01/2026;11:36:14;35_T20;Commento;A. rissoana su Leiopathes;;
13/01/2026;11:55:06;35_T20;Commento;Benthocometes robustus su Leiopathes;;
13/01/2026;12:17:05;35_T20;Biologico ;L. glaberrima;;
13/01/2026;12:26:21;35_T20;Commento;H. griseus;;
13/01/2026;12:39:31;35_T20;Commento;Gracilechinus sp.;;
13/01/2026;12:40:41;35_T20;Commento;Gracilechinus sp.;;
13/01/2026;12:42:30;35_T20;Commento;H. tubicola;;
13/01/2026;12:44:19;35_T20;Commento;Peltaster placenta;;
13/01/2026;13:01:12;35_T20;Commento;Epigonus sp.;;
13/01/2026;13:02:16;35_T20;Commento;inserito prima commento spugna per quella roba gialla strana;;
13/01/2026;13:03:43;35_T20;Commento;Epigonus sp.;;
13/01/2026;13:03:58;35_T20;Commento;segni strascico;;
13/01/2026;13:09:06;35_T20;Fine transetto;;;
13/01/2025;13:32:44;35_T20;On Deck;;;
13/01/2026;14:52:09;35_T18;Off Deck;;;
13/01/2026;15:30:16;35_T18;Inizio transetto;;;
13/01/2026;15:38:03;35_T18;Commento;coral rubble;;
13/01/2026;15:58:20;35_T18;Commento;sclerattinie solitarie bianche piccole , molto;;
13/01/2026;16:30:56;35_T18;Commento;munida;;
13/01/2026;16:47:15;35_T18;Commento;H. tubicola;;
13/01/2026;17:07:48;35_T18;Commento;G. melastomus;;
13/01/2026;17:08:41;35_T18;Commento;togli 2 hoplostethus;;
13/01/2026;17:09:21;35_T18;Commento;Epigonus sp.;;
13/01/2026;17:12:30;35_T18;Commento;sclerattinie bianche singole;;
13/01/2026;17:18:01;35_T18;Commento;coral rubble;;
13/01/2026;17:18:15;35_T18;Commento;porifero bianco su d. cornigera morta;;
13/01/2026;17:22:54;35_T18;Commento;inizio campionamento cfr. Cariophyllia sp.;;
13/01/2026;17:31:28;35_T18;Biologico ;Sclerattinia viva solitaria con scoop-net;;
13/01/2026;17:36:39;35_T18;Commento;Coral rubble;;
13/01/2026;17:36:51;35_T18;Commento;Epigonus sp.;;
13/01/2026;18:05:44;35_T18;Commento;Epigonus sp.;;
13/01/2026;18:10:22;35_T18;Commento;Pagurus sp.;;
13/01/2026;18:12:46;35_T18;Commento;Coral rubble;;
13/01/2026;18:13:43;35_T18;Commento;Tornichetto nave;;
13/01/2026;18:30:09;35_T18;Commento;Coral rubble;;
13/01/2026;18:30:09;35_T18;Commento;Lepidorombus;;
13/01/2026;18:34:10;35_T18;Commento;Facciolella oxyrhynchus;;
13/01/2026;18:36:10;35_T18;Commento;Epigonus sp.;;
13/01/2026;18:42:11;35_T18;Commento;Cerianthus sp.;;
13/01/2026;18:56:13;35_T18;Commento;Sclerattinie solitarie su roccia;;
13/01/2026;18:56:13;35_T18;Commento;Coral rubble;;
13/01/2026;18:56:13;35_T18;Commento;Munida sp.;;
13/01/2026;18:58:13;35_T18;Commento;Polyprion americanus;;
13/01/2026;19:02:13;35_T18;Commento;Coral rubble;;
13/01/2026;19:02:13;35_T18;Commento;Peltaster placenta;;
13/01/2026;19:04:13;35_T18;Commento;Coral rubble;;
13/01/2026;19:04:13;35_T18;Commento;Spinolambrus macrochelos;;
13/01/2026;19:04:13;35_T18;Commento;Epigonus sp.;;
13/01/2026;19:04:13;35_T18;Commento;Munida sp.;;
13/01/2026;19:04:13;35_T18;Commento;Molti Epigonus sp.;;
13/01/2026;19:06:14;35_T18;Commento;Munida sp.;;
13/01/2026;19:06:14;35_T18;Commento;Munida sp.;;
13/01/2026;19:06:14;35_T18;Commento;Munida sp.;;
13/01/2026;19:06:14;35_T18;Commento;Coral rubble;;
13/01/2026;19:08:14;35_T18;Commento;Coral rubble;;
13/01/2026;19:08:14;35_T18;Commento;Munida sp.;;
13/01/2026;19:10:14;35_T18;Fine transetto;;;
13/01/2026;19:30:49;35_T18;On Deck;;;
13/01/2026;20:56:06;35_T19;Off Deck;;;
13/01/2026;21:53:09;35_T19;Inizio transetto;;;
13/01/2026;21:59:53;35_T19;Commento;Aristeus antennatus ;;
13/01/2026;22:01:38;35_T19;Commento;Cerianthus sp.;;
13/01/2026;22:02:36;35_T19;Commento;Egagropila;;
13/01/2026;22:02:37;35_T19;Commento;Egagropila;;
13/01/2026;22:04:29;35_T19;Commento;Egagropila 3;;
13/01/2026;22:06:57;35_T19;Commento;Egagropila;;
13/01/2026;22:07:27;35_T19;Commento;Egagropila 3;;
13/01/2026;22:14:55;35_T19;Commento;inizio campionamento;;
13/01/2026;22:15:06;35_T19;Commento;corallo morto con balani epibionti; ;
13/01/2026;22:15:07;35_T19;Commento;Stoloniferi su filamento vicino corallo morto;;
13/01/2026;22:19:38;35_T19;Biologico ;campione corallo morto con balani epibionti;;
13/01/2026;22:21:56;35_T19;Biologico ;campione stoloniferi su filamento vicino corallo morto;;
13/01/2026;22:28:57;35_T19;Commento;Stoloniferi;;
13/01/2026;22:29:21;35_T19;Commento;Coralli a frusta morti;;
13/01/2026;22:31:53;35_T19;Commento;Tubicini gialli nd;;
13/01/2026;22:35:28;35_T19;Commento;Corallo a frusta morto con stoloniferi;;
13/01/2026;22:35:39;35_T19;Commento;Myctophidae;;
13/01/2026;22:36:36;35_T19;Commento;Inizio campionamento tubicini gialli nd;;
13/01/2026;22:49:33;35_T19;Commento;Fine tentativo di campionamento tubicini gialli nd - eliminare questo commento;;
13/01/2026;22:54:40;35_T19;Commento;Chauliodus sloani;;
13/01/2026;22:54:56;35_T19;Commento;Myctophidae;;
13/01/2026;22:56:15;35_T19;Commento;Chauliodus sloani;;
13/01/2026;22:59:23;35_T19;Biologico ;Tubicini gialli nd;;
13/01/2026;23:03:54;35_T19;Commento;Inizio campionamento Viminella flagellum;;
13/01/2026;23:07:02;35_T19;Biologico ;Viminella flagellum;;
13/01/2026;23:10:57;35_T19;Commento;Chauliodus sloani;;
13/01/2026;23:13:35;35_T19;Commento;Coral rubble;;
13/01/2026;23:21:14;35_T19;Commento;Epizoanthus sp. su scheletro viminella;;
13/01/2026;23:23:52;35_T19;Commento;Diversi scheletri di viminella epibiontati da Epizoanthus sp.;;
13/01/2026;23:26:10;35_T19;Commento;Diversi scheletri di viminella epibiontati da Epizoanthus sp.;;
13/01/2026;23:26:38;35_T19;Commento;Sympagella delauzei;;
13/01/2026;23:27:04;35_T19;Commento;Coral rubble;;
13/01/2026;23:29:42;35_T19;Commento;Diversi scheletri di viminella epibiontati da Epizoanthus sp.;;
13/01/2026;23:34:22;35_T19;Commento;Diversi scheletri di viminella epibiontati da Epizoanthus sp.;;
13/01/2026;23:41:29;35_T19;Commento;Munida sp.;;
13/01/2026;23:44:54;35_T19;Commento;Munida sp.;;
13/01/2026;23:45:37;35_T19;Commento;Nezumia aequalis;;
13/01/2026;23:46:15;35_T19;Commento;Diversi scheletri di viminella epibiontati da Epizoanthus sp.;;
13/01/2026;23:51:11;35_T19;Commento;Diversi scheletri di viminella epibiontati da Epizoanthus sp.;;
14/01/2026;00:01:18;35_T19;Biologico ;V. flagellum;;
14/01/2026;00:04:12;35_T19;Commento;Togli pesci 100-500 e metti Ricciola cfr Centrolophus niger;;
14/01/2026;00:06:43;35_T19;Commento;Ricciola di prima ;;
14/01/2026;00:12:24;35_T19;Commento;Coral rubble;;
14/01/2026;00:13:21;35_T19;Commento;Diversi scheletri di viminella epibiontati da Epizoanthus sp.;;
14/01/2026;00:19:27;35_T19;Commento;Egagropilo;;
14/01/2026;00:20:55;35_T19;Commento;Egagropilo;;
14/01/2026;00:23:45;35_T19;Commento;Numerosi scheletri V. flagellum epibiontati da epizoanthus sp.;;
14/01/2026;00:25:34;35_T19;Commento;Stella bianca su fango;;
14/01/2026;00:27:40;35_T19;Commento;Munida sp.;;
14/01/2026;00:28:04;35_T19;Commento;Facciolella oxyrhincha;;
14/01/2026;00:32:25;35_T19;Commento;Due Viminella che si uniscono ;;
14/01/2026;00:38:27;35_T19;Commento;Egagropilo;;
14/01/2026;00:39:07;35_T19;Commento;Foresta di Viminella con tutte le colonie epibiontate da Epizoanthus sp.;;
14/01/2026;00:43:05;35_T19;Commento;Egagropilo;;
14/01/2026;00:51:19;35_T19;Biologico ;Zoanthidei su V. flagellum morta;;
14/01/2026;01:01:04;35_T19;Commento;Egagropilo;;
14/01/2026;01:05:35;35_T19;Commento;V. flagellum con necrosi;;
14/01/2026;01:06:41;35_T19;Commento;Stella nd;;
14/01/2026;01:08:32;35_T19;Fine transetto;;;
14/01/2026;01:45:35;35_T19;On Deck;;;
14/01/2026;02:47:42;35_T01;Off Deck;;;
14/01/2026;03:42:11;35_T01;Inizio transetto;;;
14/01/2026;03:45:04;35_T01;Commento;C. sloani;;
14/01/2026;03:49:14;35_T01;Commento;Ceramaster placenta;;
14/01/2026;03:53:49;35_T01;Commento;Nezumia aequalis;;
14/01/2026;03:59:41;35_T01;Commento;C. sloani;;
14/01/2026;04:08:02;35_T01;Commento;Coral rubble;;
14/01/2026;04:11:10;35_T01;Commento;cf. mollecorallium? Segnare campione;;
14/01/2026;04:22:44;35_T01;Commento;C. sloani;;
14/01/2026;04:30:40;35_T01;Commento;Nezumia aequalis;;
14/01/2026;04:31:03;35_T01;Commento;Coral rubble;;
14/01/2026;04:33:56;35_T01;Commento;Daniela nd;;
14/01/2026;04:53:04;35_T01;Biologico ;Daniela nd;;
14/01/2026;04:58:49;35_T01;Commento;Sympagella delauzei;;
14/01/2026;04:58:51;35_T01;Commento;Egagropila;;
14/01/2026;04:59:57;35_T01;Commento;Coral rubble;;
14/01/2026;05:01:05;35_T01;Commento;Coral rubble;;
14/01/2026;05:03:51;35_T01;Commento;Facciolella oxyrhinchus;;
14/01/2026;05:07:20;35_T01;Commento;Egagropila;;
14/01/2026;05:10:42;35_T01;Commento;Rivedi cnidario;;
14/01/2026;05:11:35;35_T01;Commento;Coral rubble;;
14/01/2026;05:12:11;35_T01;Commento;Spugna massiva;;
14/01/2026;05:12:17;35_T01;Commento;Gracilechinus sp.;;
14/01/2026;05:17:35;35_T01;Commento;Coral rubble epibiontato;;
14/01/2026;05:17:57;35_T01;Commento;Balani nd;;
14/01/2026;05:22:36;35_T01;Commento;Benthocometes robustus;;
14/01/2026;05:24:34;35_T01;Commento;Coral rubble;;
14/01/2026;05:27:09;35_T01;Commento;Coral rubble;;
14/01/2026;05:31:05;35_T01;Commento;Coral rubble;;
14/01/2026;05:45:40;35_T01;Commento;Tentativo di campionamento di Protoptilum carpenteri;;
14/01/2026;05:49:11;35_T01;Commento;Egagropila;;
14/01/2026;05:49:43;35_T01;Commento;Lepidorhombus whiffiagonis;;
14/01/2026;05:52:37;35_T01;Commento;Nezumia aequalis;;
14/01/2026;05:53:54;35_T01;Commento;Lepidorhombus whiffiagonis;;
14/01/2026;05:56:06;35_T01;Commento;Coral rubble;;
14/01/2026;06:05:11;35_T01;Commento;Nezumia aequalis;;
14/01/2026;06:07:17;35_T01;Commento;Coral rubble;;
14/01/2026;06:13:27;35_T01;Commento;lollipop sponge;;
14/01/2026;06:14:40;35_T01;Commento;lollipop sponge;;
14/01/2026;06:14:40;35_T01;Commento;lollipop sponge;;
14/01/2026;06:14:40;35_T01;Commento;lollipop sponge;;
14/01/2026;06:14:40;35_T01;Commento;lollipop sponge;;
14/01/2026;06:15:49;35_T01;Commento;lollipop sponge;;
14/01/2026;06:19:32;35_T01;Commento;lollipop sponge;;
14/01/2026;06:19:32;35_T01;Commento;lollipop sponge;;
14/01/2026;06:19:32;35_T01;Commento;lollipop sponge;;
14/01/2026;06:26:07;35_T01;Commento;D. pertusum morto;;
14/01/2026;06:26:53;35_T01;Commento;lollipop sponge;;
14/01/2026;06:26:53;35_T01;Commento;lollipop sponge;;
14/01/2026;06:26:53;35_T01;Commento;lollipop sponge;;
14/01/2026;06:26:53;35_T01;Commento;lollipop sponge;;
14/01/2026;06:26:53;35_T01;Commento;lollipop sponge;;
14/01/2026;06:28:01;35_T01;Commento;lollipop sponge;;
14/01/2026;06:28:01;35_T01;Commento;lollipop sponge;;
14/01/2026;06:28:01;35_T01;Commento;lollipop sponge;;
14/01/2026;06:28:01;35_T01;Commento;lollipop sponge;;
14/01/2026;06:28:01;35_T01;Commento;lollipop sponge;;
14/01/2026;06:28:20;35_T01;Commento;D. pertusum morto;;
14/01/2026;06:33:42;35_T01;Commento;lollipop sponge;;
14/01/2026;06:33:42;35_T01;Commento;lollipop sponge;;
14/01/2026;06:33:42;35_T01;Commento;lollipop sponge;;
14/01/2026;06:34:45;35_T01;Commento;lollipop sponge;;
14/01/2026;06:34:45;35_T01;Commento;lollipop sponge;;
14/01/2026;06:34:45;35_T01;Commento;lollipop sponge;;
14/01/2026;06:35:23;35_T01;Commento;sclerattinie singole gialline;;
14/01/2026;06:36:50;35_T01;Commento;lollipop sponge;;
14/01/2026;06:36:50;35_T01;Commento;lollipop sponge;;
14/01/2026;06:38:30;35_T01;Commento;lollipop sponge;;
14/01/2026;06:38:30;35_T01;Commento;lollipop sponge;;
14/01/2026;06:38:30;35_T01;Commento;lollipop sponge;;
14/01/2026;06:39:17;35_T01;Commento;lollipop sponge;;
14/01/2026;06:42:56;35_T01;Commento;lollipop sponge;;
14/01/2026;06:42:56;35_T01;Commento;lollipop sponge;;
14/01/2026;06:42:56;35_T01;Commento;lollipop sponge;;
14/01/2026;06:42:56;35_T01;Commento;lollipop sponge;;
14/01/2026;06:47:53;35_T01;Commento;coral rubble;;
14/01/2026;06:54:56;35_T01;Commento;Nezumia aequalis;;
14/01/2026;06:56:15;35_T01;Commento;Stomias boa/ C. sloani;;
14/01/2026;06:56:51;35_T01;Commento;A. rissoani su Viminella flagellum;;
14/01/2026;06:58:05;35_T01;Commento;lollipop sponge;;
14/01/2026;07:00:16;35_T01;Commento;A. rissoani su Viminella flagellum;;
14/01/2026;07:01:41;35_T01;Commento;lollipop sponge;;
14/01/2026;07:02:59;35_T01;Commento;coral rubble;;
14/01/2026;07:13:19;35_T01;Commento;stiamo riprendendo il transetto passando su un tratto gia descritto;;
14/01/2026;07:15:50;35_T01;Commento;si riprende transetto parte nuova;;
14/01/2026;07:24:24;35_T01;Commento;inizio campionamento;;
14/01/2026;07:31:10;35_T01;Biologico ;Antipathes forse ;;
14/01/2026;07:47:56;35_T01;Commento;rivedi Ombra filiforme;;
14/01/2026;07:53:58;35_T01;Commento;egagropila;;
14/01/2026;07:55:59;35_T01;Commento;coral rubble m. oculata;;
14/01/2026;08:14:05;35_T01;Commento;coral rubble d. pertusum;;
14/01/2026;08:25:34;35_T01;Commento;Spostamento su punto più profondo del transetto sul TMS;;
14/01/2026;09:26:01;35_T01;Commento;Ripresa transetto dal punto più profondo;;
14/01/2026;09:28:08;35_T01;Commento;Nezumia aequalis;;
14/01/2026;09:28:41;35_T01;Commento;Segni di strascico;;
14/01/2026;09:36:18;35_T01;Commento;zoantidei;;
14/01/2026;09:47:15;35_T01;Commento;spugna bianca globosa;;
14/01/2026;09:50:39;35_T01;Commento;zoantidei;;
14/01/2026;09:50:48;35_T01;Commento;zoantidei;;
14/01/2026;09:58:14;35_T01;Commento;H. tubicola;;
14/01/2026;10:07:53;35_T01;Commento;zoantideo;;
14/01/2026;10:24:30;35_T01;Commento;zoantideo;;
14/01/2026;10:26:57;35_T01;Commento;cerianthus sp.;;
14/01/2026;10:30:22;35_T01;Commento;d. pertusum;;
14/01/2026;10:30:50;35_T01;Commento;b. maravigna;;
14/01/2026;10:34:08;35_T01;Commento;Nezumia aequalis;;
14/01/2026;10:34:25;35_T01;Commento;zoantidei;;
14/01/2026;10:36:45;35_T01;Commento;d. pertusum e M. oculata morti;;
14/01/2026;10:40:43;35_T01;Commento;coral rubble;;
14/01/2026;10:45:17;35_T01;Commento;coral rubble;;
14/01/2026;10:54:04;35_T01;Commento;zoantidei;;
14/01/2026;10:54:10;35_T01;Commento;coral rubble;;
14/01/2026;11:08:33;35_T01;Commento;cerianthus sp.;;
14/01/2026;11:08:28;35_T01;Commento;coral rubble;;
14/01/2026;11:13:39;35_T01;Commento;coral rubble;;
14/01/2026;11:17:07;35_T01;Commento;coral rubble;;
14/01/2026;11:17:24;35_T01;Commento;sclerattinie gialle singole;;
14/01/2026;11:21:26;35_T01;Commento;coral rubble;;
14/01/2026;11:22:42;35_T01;Commento;coral rubble;;
14/01/2026;11:24:32;35_T01;Commento;Bonellia viridis;;
14/01/2026;11:27:48;35_T01;Commento;Epigonus sp.;;
14/01/2026;11:36:53;35_T01;Fine transetto;;;
14/01/2026;12:10:25;35_T01;On Deck;;;
14/01/2026;13:20:14;35_T01;Commento;LASER DISTANCE 36;;
14/01/2026;12:55:34;35_T02;Off Deck;;;
14/01/2026;13:45:40;35_T02;Inizio transetto;;;
14/01/2026;13:49:38;35_T02;Commento;INIZIO CAMPIONAMENTO ROCCIA;;
14/01/2026;13:52:23;35_T02;Commento;CAMPIONAMENTO FALLITO, la roccia era il semount;;
14/01/2026;13:53:55;35_T02;Commento;egagropila;;
14/01/2026;14:01:32;35_T02;Commento;Mollecorallium sp.;;
14/01/2026;14:02:58;35_T02;Commento;gaseropode gigante;;
14/01/2026;14:03:15;35_T02;Commento;Mollecorallium sp.;;
14/01/2026;14:05:00;35_T02;Commento;egagropila;;
14/01/2026;14:05:12;35_T02;Commento;N aequalis;;
14/01/2026;14:06:14;35_T02;Commento;cerianthus sp.;;
14/01/2026;14:09:24;35_T02;Commento;mesothuria;;
14/01/2026;14:09:52;35_T02;Commento;cerianthus sp.;;
14/01/2026;14:10:46;35_T02;Commento;N aequalis;;
14/01/2026;14:14:26;35_T02;Commento;egagropila;;
14/01/2026;14:14:58;35_T02;Commento;mosouthuria intestinalis;;
14/01/2026;14:17:43;35_T02;Commento;H. italicus;;
14/01/2026;14:27:42;35_T02;Commento;mosouthuria intestinalis;;
14/01/2026;14:35:58;35_T02;Commento;egagropila;;
14/01/2026;14:37:05;35_T02;Commento;H. italicus;;
14/01/2026;14:39:44;35_T02;Commento;egagropila;;
14/01/2026;14:40:10;35_T02;Commento;Faciolella oxyrincha;;
14/01/2026;14:48:14;35_T02;Commento;imenocephalus;;
14/01/2026;14:48:43;35_T02;Commento;mollecorallium tanto;;
14/01/2026;14:57:09;35_T02;Commento;coral rubble in parete ;;
14/01/2026;14:58:22;35_T02;Commento;coral rubble in parete ;;
14/01/2026;14:59:20;35_T02;Commento;Nezumia;;
14/01/2026;14:59:36;35_T02;Commento;mellecoralliun sp.;;
14/01/2026;15:01:07;35_T02;Commento;coralliti in recruitment D.cornigera;;
14/01/2026;15:04:10;35_T02;Commento;Faciolella oxyrincha taglia piccola;;
14/01/2026;15:04:33;35_T02;Commento;nezumia;;
14/01/2026;15:08:19;35_T02;Commento;mellecoralliun sp.;;
14/01/2026;15:09:14;35_T02;Commento;coral rubble in parete ;;
14/01/2026;15:11:33;35_T02;Commento;inizio campionamento spugna;;
14/01/2026;15:18:33;35_T02;Biologico ;egagropila;;
14/01/2026;15:28:38;35_T02;Commento;Nezumia;;
14/01/2026;15:33:01;35_T02;Commento;mesoturia intestinalis;;
14/01/2026;15:36:52;35_T02;Commento;mollecorallium;;
14/01/2026;15:40:12;35_T02;Commento;nezumia;;
14/01/2026;15:49:59;35_T02;Commento;inizio campionamento;;
14/01/2026;15:57:02;35_T02;Commento;munida;;
14/01/2026;16:01:27;35_T02;Biologico ;3 pezzi di corallo *2 madrepora e 1 Dendrophyllia;;
14/01/2026;16:23:13;35_T02;Commento;inizio fotogrammetria;;
14/01/2026;16:52:19;35_T02;Commento;Fotogrammetria terminata;;
14/01/2026;16:54:20;35_T02;Commento;cerianthus sp.;;
14/01/2026;17:10:01;35_T02;Commento;mesothuria;;
14/01/2026;17:15:03;35_T02;Commento;gracilechinus;;
14/01/2026;17:25:09;35_T02;Commento;nezumia;;
14/01/2026;17:27:45;35_T02;Fine transetto;;;
14/01/2026;18:05:42;35_T02;On Deck;;;
14/01/2026;19:25:11;35_T14;Off Deck;;;
14/01/2026;20:25:57;35_T14;Inizio transetto;;;
14/01/2026;20:27:17;35_T14;Commento;Egagropila;;
14/01/2026;20:29:36;35_T14;Commento;Foglia di Posidonia;;
14/01/2026;20:36:33;35_T14;Commento;Egagropila;;
14/01/2026;20:38:17;35_T14;Commento;Chauliodus/Stomias;;
14/01/2026;20:42:15;35_T14;Commento;Egagropila;;
14/01/2026;20:46:12;35_T14;Commento;Egagropila;;
14/01/2026;20:52:39;35_T14;Commento;Cavo di acciaio;;
14/01/2026;20:57:44;35_T14;Commento;Medusa con obrello nero;;
14/01/2026;20:58:53;35_T14;Commento;Cerianthus sp.;;
14/01/2026;21:04:33;35_T14;Commento;Cerianthus sp.;;
14/01/2026;21:05:25;35_T14;Commento;Egagropila;;
14/01/2026;21:10:52;35_T14;Commento;Cerianthus sp.;;
14/01/2026;21:11:52;35_T14;Commento;Egagropila;;
14/01/2026;21:14:25;35_T14;Commento;Egagropila;;
14/01/2026;21:14:31;35_T14;Commento;Egagropila;;
14/01/2026;21:14:35;35_T14;Commento;Hymenocephalus italicus;;
14/01/2026;21:14:55;35_T14;Commento;Egagropila;;
14/01/2026;21:14:56;35_T14;Commento;Egagropila;;
14/01/2026;21:15:05;35_T14;Commento;Egagropila;;
14/01/2026;21:15:57;35_T14;Commento;Hymenocephalus italicus;;
14/01/2026;21:16:05;35_T14;Commento;Egagropila;;
14/01/2026;21:16:27;35_T14;Commento;Egagropila;;
14/01/2026;21:16:36;35_T14;Commento;Egagropila;;
14/01/2026;21:16:39;35_T14;Commento;Egagropila;;
14/01/2026;21:17:36;35_T14;Commento;Egagropila;;
14/01/2026;21:17:38;35_T14;Commento;Egagropila;;
14/01/2026;21:17:50;35_T14;Commento;Egagropila;;
14/01/2026;21:17:51;35_T14;Commento;Egagropila;;
14/01/2026;21:17:52;35_T14;Commento;Egagropila;;
14/01/2026;21:18:07;35_T14;Commento;Lepidorhombus whiffiagonis;;
14/01/2026;21:18:22;35_T14;Commento;Egagropila;;
14/01/2026;21:18:29;35_T14;Commento;Hymenocephalus italicus;;
14/01/2026;21:18:30;35_T14;Commento;Hymenocephalus italicus;;
14/01/2026;21:18:31;35_T14;Commento;Egagropila;;
14/01/2026;21:18:39;35_T14;Commento;Egagropila;;
14/01/2026;21:20:02;35_T14;Commento;Segni di strascico;;
14/01/2026;21:20:15;35_T14;Commento;Togli un hoplostetus;;
14/01/2026;21:20:26;35_T14;Commento;Egagropila;;
14/01/2026;21:20:27;35_T14;Commento;Egagropila;;
14/01/2026;21:20:36;35_T14;Commento;Egagropila;;
14/01/2026;21:20:37;35_T14;Commento;Egagropila;;
14/01/2026;21:21:06;35_T14;Commento;Hotspot di egagropile ;;
14/01/2026;21:21:22;35_T14;Commento;Hymenocephalus italicus;;
14/01/2026;21:21:31;35_T14;Commento;Hymenocephalus italicus;;
14/01/2026;21:21:44;35_T14;Commento;Hymenocephalus italicus;;
14/01/2026;21:22:14;35_T14;Commento;Egagropila;;
14/01/2026;21:22:26;35_T14;Commento;Segni di strascico;;
14/01/2026;21:23:13;35_T14;Commento;Segni di strascico;;
14/01/2026;21:26:04;35_T14;Commento;Segni di strascico;;
14/01/2026;21:29:28;35_T14;Commento;Segni di strascico;;
14/01/2026;21:29:46;35_T14;Commento;Penilpidi ludwigi;;
14/01/2026;21:30:52;35_T14;Commento;Penilpidi ludwigi;;
14/01/2026;21:32:30;35_T14;Commento;Hymenocephalus italicus;;
14/01/2026;21:32:32;35_T14;Commento;Egagropila;;
14/01/2026;21:32:44;35_T14;Commento;Ripples;;
14/01/2026;21:33:11;35_T14;Commento;Hymenocephalus italicus;;
14/01/2026;21:33:22;35_T14;Commento;Hymenocephalus italicus;;
14/01/2026;21:33:35;35_T14;Commento;Segni di strascico;;
14/01/2026;21:38:31;35_T14;Commento;Nezumia aequalis;;
14/01/2026;21:38:43;35_T14;Commento;Nezumia aequalis;;
14/01/2026;21:39:51;35_T14;Commento;Segni di strascico;;
14/01/2026;21:40:23;35_T14;Commento;Hymenocephalus italicus;;
14/01/2026;21:41:56;35_T14;Commento;Hymenocephalus italicus;;
14/01/2026;21:41:57;35_T14;Commento;Hymenocephalus italicus;;
14/01/2026;21:41:59;35_T14;Commento;Myctophidae;;
14/01/2026;21:44:21;35_T14;Commento;Nezumia aequalis;;
14/01/2026;21:50:16;35_T14;Commento;Facciolella oxyrhincha;;
14/01/2026;21:50:43;35_T14;Commento;Segni di strascico;;
14/01/2026;21:52:29;35_T14;Fine transetto;;;
14/01/2026;22:25:52;35_T14;On Deck;;;
14/01/2026;23:44:22;35_T15;Off Deck;;;
15/01/2026;00:49:55;35_T15;Inizio transetto;;;
15/01/2026;00:51:22;35_T15;Commento;Egagropila;;
15/01/2026;01:11:33;35_T15;Commento;Egagropila;;
15/01/2026;01:14:13;35_T15;Commento;Egagropila;;
15/01/2026;01:20:00;35_T15;Commento;Facciolella oxyrhincha;;
15/01/2026;01:25:22;35_T15;Commento;Munida sp.;;
15/01/2026;01:26:36;35_T15;Commento;Gracilechinus sp.;;
15/01/2026;01:32:41;35_T15;Commento;Munida sp.;;
15/01/2026;01:39:46;35_T15;Commento;Facciolella oxyrhincha;;
15/01/2026;01:39:48;35_T15;Commento;Stella nd;;
15/01/2026;01:45:34;35_T15;Commento;Sclerattinie solitarie bianche;;
15/01/2026;01:58:34;35_T15;Commento;Nezumia aequalis;;
15/01/2026;02:06:48;35_T15;Commento;Nezumia aequalis;;
15/01/2026;02:07:29;35_T15;Commento;Facciolella oxyrhinchus;;
15/01/2026;02:07:49;35_T15;Commento;Egagropila;;
15/01/2026;02:08:11;35_T15;Commento;Nezumia aequalis;;
15/01/2026;02:08:26;35_T15;Commento;Egagropila;;
15/01/2026;02:10:29;35_T15;Commento;Polpo rivedere;;
15/01/2026;02:12:14;35_T15;Commento;cfr Pachycerianthus;;
15/01/2026;02:14:10;35_T15;Commento;Rivedi animale infossato;;
15/01/2026;02:18:32;35_T15;Commento;Cerianthus sp.;;
15/01/2026;02:19:07;35_T15;Commento;H. italicus;;
15/01/2026;02:19:41;35_T15;Commento;Stella da rivedere;;
15/01/2026;02:22:47;35_T15;Commento;Cavo continuo Gianna Wind 3 Sardegna-Sicilia;;
15/01/2026;02:23:38;35_T15;Commento;Cerianthus sp.;;
15/01/2026;02:23:41;35_T15;Commento;Cerianthus sp.;;
15/01/2026;02:24:06;35_T15;Commento;Egagropila;;
15/01/2026;02:24:15;35_T15;Commento;Egagropila;;
15/01/2026;02:25:05;35_T15;Commento;Cavo continuo;;
15/01/2026;02:26:27;35_T15;Commento;;J80 pezzo plastica >50cm;
15/01/2026;02:29:22;35_T15;Commento;Galeus melastomus;;
15/01/2026;02:30:23;35_T15;Commento;Pesce rivedere poco prima;;
15/01/2026;02:30:45;35_T15;Commento;Cancella plastica. Qui vicino Lepidorhombus whiffiagonis;J145 altro tessile nd;
15/01/2026;02:31:12;35_T15;Commento;Cerianthus sp.;;
15/01/2026;02:31:26;35_T15;Commento;Lattina;J175 lattina;
15/01/2026;02:31:33;35_T15;Commento;Penilpidia ludwigi;;
15/01/2026;02:32:14;35_T15;Commento;Numerosi Cerianthus sp.;;
15/01/2026;02:33:06;35_T15;Commento;Tessuto;J145 altro tessile nd;
15/01/2026;02:33:11;35_T15;Commento;Rete;J234* cime, corde o reti aggrovigliate;
15/01/2026;02:33:31;35_T15;Commento;Cerianthus sp. ;;
15/01/2026;02:36:20;35_T15;Commento;Nezumia aequalis;;
15/01/2026;02:37:26;35_T15;Commento;Vasetto yogurt;J13 bottiglia o contenitore plastica;
15/01/2026;02:38:25;35_T15;Commento;Facciolella oxyrhinchus;;
15/01/2026;02:39:13;35_T15;Commento;Cima sfilacciata;;
15/01/2026;02:39:25;35_T15;Commento;Bicchiere;J13 bottiglia o contenitore plastica;
15/01/2026;02:40:13;35_T15;Commento;Egagropilo con spignette sopra ;;
15/01/2026;02:41:59;35_T15;Commento;Bicchiere;;
15/01/2026;02:42:25;35_T15;Commento;Lattina cocacola;J175 lattina;
15/01/2026;02:44:21;35_T15;Commento;Bottiglia vetro;J13 bottiglia o contenitore plastica;
15/01/2026;02:45:09;35_T15;Commento;Lepidorhombus whiffiagonis;;
15/01/2026;02:48:55;35_T15;Commento;Segni di strascico;;
15/01/2026;02:50:13;35_T15;Commento;H. italicus;;
15/01/2026;02:51:29;35_T15;Commento;H. italicus;;
15/01/2026;02:51:43;35_T15;Commento;Sacchetto plastica;T370 sacchetto spazzatura;
15/01/2026;02:52:39;35_T15;Commento;Numerose Mesothuria intestinalis;;
15/01/2026;02:53:56;35_T15;Commento;Myctophidae;;
15/01/2026;03:01:14;35_T15;Commento;Hyalinoecia tubicola;;
15/01/2026;03:01:41;35_T15;Commento;Sclerattinia solitaria;;
15/01/2026;03:15:45;35_T15;Biologico ;Antipathes dichotoma - campionamento fallito: campione perso durante risalita del ROV;;
15/01/2026;03:16:50;35_T15;Commento;Possibile piccolo MDAC;;
15/01/2026;03:18:54;35_T15;Commento;Plastica;J241 oggetto plastica rigida;
15/01/2026;03:23:28;35_T15;Commento;Cfr Aristaeus antennatus;;
15/01/2026;03:25:57;35_T15;Commento;Coral rubble;;
15/01/2026;03:32:41;35_T15;Commento;Mollecorallium;;
15/01/2026;03:37:23;35_T15;Commento;Coral rubble;;
15/01/2026;03:37:53;35_T15;Commento;Tessuto;J145 altro tessile nd;
15/01/2026;03:38:15;35_T15;Commento;Bottiglia plastica;J13 bottiglia o contenitore plastica;
15/01/2026;03:39:43;35_T15;Commento;Viminella su coral rubble;;
15/01/2026;03:40:19;35_T15;Commento;Plastica;J241 oggetto plastica rigida;
15/01/2026;03:41:14;35_T15;Commento;Cavo continuo Gianna Wind 3 Sardegna-Sicilia;;
15/01/2026;03:42:28;35_T15;Commento;Plastica ;J13 bottiglia o contenitore plastica;
15/01/2026;03:42:35;35_T15;Commento;Plastica ;J241 oggetto plastica rigida;
15/01/2026;03:43:25;35_T15;Commento;Plastica ;J13 bottiglia o contenitore plastica;
15/01/2026;03:44:51;35_T15;Commento;diversi bicchieri di plastica ;J62* galleggiante per rete pesca;
15/01/2026;03:44:55;35_T15;Commento;Bidone con rete intorno;;
15/01/2026;03:45:26;35_T15;Commento;Rete plastica sacco patate;;
15/01/2026;03:48:41;35_T15;Biologico ;Coral rubble Madrepora;;
15/01/2026;03:48:57;35_T15;Commento;Facciolella oxyrhinchus;;
15/01/2026;03:53:35;35_T15;Commento;Plastica;J241 oggetto plastica rigida;
15/01/2026;03:58:36;35_T15;Commento;Lenza;J59* lenza nylon;
15/01/2026;03:58:40;35_T15;Commento;Egagropila;;
15/01/2026;04:00:09;35_T15;Commento;Lenza;J59* lenza nylon;
15/01/2026;04:12:44;35_T15;Commento;Lenza;J59* lenza nylon;
15/01/2026;04:15:49;35_T15;Commento;Coral rubble;;
15/01/2026;04:16:17;35_T15;Commento;Nezumia aequalis;;
15/01/2026;04:18:06;35_T15;Biologico ;I. elongata;;
15/01/2026;04:28:50;35_T15;Fine transetto;;;
15/01/2026;05:00:34;35_T15;On Deck;;;
15/01/2026;06:05:54;35_T13;Off Deck;;;
15/01/2026;07:05:04;35_T13;Inizio transetto;;;
15/01/2026;07:16:19;35_T13;Commento;egagropila;;
15/01/2026;07:23:05;35_T13;Commento;cassetta di metallo;;
15/01/2026;07:27:42;35_T13;Commento;nezumia aequalis;;
15/01/2026;07:33:13;35_T13;Commento;egagropila;;
15/01/2026;07:40:49;35_T13;Commento;H. italicus;;
15/01/2026;07:44:00;35_T13;Commento;egagropila;;
15/01/2026;07:49:07;35_T13;Commento;Faciolella oxyrincha;;
15/01/2026;07:50:01;35_T13;Commento;mesothuria ;;
15/01/2026;07:50:24;35_T13;Commento;scerattinia;;
15/01/2026;07:51:13;35_T13;Commento;cerianthus;;
15/01/2026;07:57:47;35_T13;Commento;H. italicus;;
15/01/2026;08:05:06;35_T13;Commento;egagropila;;
15/01/2026;08:10:18;35_T13;Commento;egagropila;;
15/01/2026;08:10:24;35_T13;Commento;nezumia aequalis;;
15/01/2026;08:12:10;35_T13;Commento;Faciolella oxyrincha;;
15/01/2026;08:12:14;35_T13;Commento;egagropila;;
15/01/2026;08:13:39;35_T13;Commento;H. italicus;;
15/01/2026;08:16:00;35_T13;Commento;nezumia/Coelorinchus;;
15/01/2026;08:18:24;35_T13;Commento;egagropila;;
15/01/2026;08:20:47;35_T13;Commento;nezumia/Coelorinchus;;
15/01/2026;08:24:23;35_T13;Commento;coral rubble infangato;;
15/01/2026;08:29:23;35_T13;Commento;H. italicus;;
15/01/2026;08:38:51;35_T13;Commento;Notacanthus bonapartei/Polyacanthonotus;;
15/01/2026;08:38:51;35_T13;Commento;H. italicus;;
15/01/2026;08:41:41;35_T13;Commento;H. italicus;;
15/01/2026;08:46:18;35_T13;Commento;H. italicus;;
15/01/2026;08:46:29;35_T13;Commento;segni di strascico;;
15/01/2026;08:47:41;35_T13;Commento;H. italicus;;
15/01/2026;08:47:43;35_T13;Commento;H. italicus;;
15/01/2026;08:47:52;35_T13;Commento;segni di strascico;;
15/01/2026;08:51:31;35_T13;Commento;segni di strascico;;
15/01/2026;09:01:06;35_T13;Commento;segni di strascico;;
15/01/2026;09:11:28;35_T13;Commento;H. italicus;;
15/01/2026;09:20:39;35_T13;Commento;cfr. Geryon longipes;;
15/01/2026;09:20:54;35_T13;Commento;Segni di strascico;;
15/01/2026;09:32:53;35_T13;Commento;H. italicus;;
15/01/2026;09:32:59;35_T13;Commento;Segni di strascico;;
15/01/2026;09:36:10;35_T13;Commento;Cerianthus sp.;;
15/01/2026;09:37:30;35_T13;Fine transetto;;;
15/01/2026;10:13:15;35_T13;On Deck;;;
15/01/2026;11:16:53;35_T06;Off Deck;;;
15/01/2026;11:57:50;35_T06;Commento;il rov risale per problemi tecnici ma scende senza salire on deck;;
15/01/2026;11:58:21;35_T06;Off Deck;;;
15/01/2026;12:21:28;35_T06;Inizio transetto;;;
15/01/2026;12:23:53;35_T06;Commento;egagropila;;
15/01/2026;12:25:42;35_T06;Commento;cefalopode (cfr Sepia orbignyana);;
15/01/2026;12:39:55;35_T06;Commento;Coral rubble;;
15/01/2026;12:43:55;35_T06;Commento;Solea solea;;
15/01/2026;12:49:14;35_T06;Commento;H. tubicola;;
15/01/2026;12:51:47;35_T06;Commento;porifero bianco;;
15/01/2026;12:57:40;35_T06;Commento;coral rubble;;
15/01/2026;12:58:33;35_T06;Commento;H. tubicola;;
15/01/2026;13:00:24;35_T06;Commento;egagropila;;
15/01/2026;13:00:34;35_T06;Commento;cefalopodi;;
15/01/2026;13:02:25;35_T06;Commento;2 cefalopodi (cfr Sepia orbignyana);;
15/01/2026;13:08:01;35_T06;Commento;Coral rubble;;
15/01/2026;13:08:56;35_T06;Commento;1 cefalopodi (cfr Sepia orbignyana);;
15/01/2026;13:12:03;35_T06;Commento;Cefalopode (cfr Sepia orbignyana);;
15/01/2026;13:13:18;35_T06;Commento;egagropila;;
15/01/2026;13:22:51;35_T06;Commento;S. bleinville;;
15/01/2026;13:31:24;35_T06;Commento;S. bleinville;;
15/01/2026;13:33:03;35_T06;Commento;Peltaster placenta;;
15/01/2026;13:51:55;35_T06;Commento;Cefalopode nd;;
15/01/2026;13:53:50;35_T06;Commento;Cefalopode nd;;
15/01/2026;13:56:17;35_T06;Commento;Spinolambrus macrochelos;;
15/01/2026;14:00:27;35_T06;Commento;Triglidae;;
15/01/2026;14:02:36;35_T06;Commento;Coral rubble;;
15/01/2026;14:11:45;35_T06;Commento;Paromola cuvieri ;;
15/01/2026;14:16:57;35_T06;Commento;vetro;J200 bottiglia vetro/ceramica;
15/01/2026;14:19:34;35_T06;Commento;Cefalopode nd;;
15/01/2026;14:21:31;35_T06;Commento;Lepidorhombus sp.;;
15/01/2026;14:25:27;35_T06;Commento;Lepidorhombus sp.;;
15/01/2026;14:25:27;35_T06;Commento;Lepidorhombus sp.;;
15/01/2026;14:25:32;35_T06;Commento;Lepidorhombus sp.;;
15/01/2026;14:25:43;35_T06;Commento;Lepidorhombus sp.;;
15/01/2026;14:26:08;35_T06;Commento;Cefalopode nd;;
15/01/2026;14:26:57;35_T06;Commento;Lepidorhombus sp.;;
15/01/2026;14:29:07;35_T06;Commento;Lepidorhombus sp.;;
15/01/2026;14:29:59;35_T06;Commento;Cefalopode nd;;
15/01/2026;14:30:55;35_T06;Commento;Cefalopode nd;;
15/01/2026;14:32:18;35_T06;Commento;nuvola di capros aper;;
15/01/2026;14:35:37;35_T06;Commento;inizio campionamento roccia;;
15/01/2026;14:38:42;35_T06;Biologico ;pezzo di roccia;;
15/01/2026;14:40:12;35_T06;Commento;Cefalopode nd;;
15/01/2026;14:41:32;35_T06;Commento;Cefalopode nd;;
15/01/2026;14:42:10;35_T06;Commento;Peltaster placenta;;
15/01/2026;14:42:41;35_T06;Commento;Coral rubble;;
15/01/2026;14:44:55;35_T06;Commento;Serturalella sp.;;
15/01/2026;14:50:49;35_T06;Commento;Cefalopode nd;                                                                                                                                                                                                                                                                                                                                                                                                                                                                                                                                                                                                                                                                                                                          ;
15/01/2026;14:54:18;35_T06;Commento;epigonus;;
15/01/2026;14:55:55;35_T06;Commento;Cefalopode nd;;
15/01/2026;14:56:39;35_T06;Commento;2 capsule di razza;;
15/01/2026;14:57:04;35_T06;Commento;tante plesionika;;
15/01/2026;14:58:19;35_T06;Commento;Lepidorhombus sp.;;
15/01/2026;15:03:14;35_T06;Commento;Cefalopode nd;;
15/01/2026;15:06:13;35_T06;Commento;Cefalopode nd;;
15/01/2026;15:06:37;35_T06;Commento;M scolopax;;
15/01/2026;15:08:01;35_T06;Commento;Lepidorombus sp;;
15/01/2026;15:17:01;35_T06;Commento;elasmobranco;;
15/01/2026;15:20:23;35_T06;Commento;Lepidorhombus sp.;;
15/01/2026;15:24:12;35_T06;Commento;Cefalopode nd;;
15/01/2026;15:25:22;35_T06;Commento;Gasteropode;;
15/01/2026;15:29:24;35_T06;Commento;Lepidorhombus sp.;;
15/01/2026;15:43:47;35_T06;Commento;Ci acccingiamo con difficoltà a raggiungere il punto del Flares ;;
15/01/2026;16:19:19;35_T06;Niskin;campione prelevato bottiglia blu;;Laccetto blu
15/01/2026;16:51:50;35_T06;Commento;plesionika sp;;
15/01/2026;17:31:42;35_T06;Commento;Nettastoma melanurum;;
15/01/2026;17:33:00;35_T06;Commento;S. bleinville;;
15/01/2026;17:37:45;35_T06;Commento;Nettastoma melanurum;;
15/01/2026;17:49:09;35_T06;Commento;Lepidorombus sp;;
15/01/2026;17:50:06;35_T06;Commento;M scolopax;;
15/01/2026;17:52:27;35_T06;Commento;M scolopax;;
15/01/2026;17:54:55;35_T06;Commento;M scolopax;;
15/01/2026;18:39:05;35_T06;Commento;M. scolopax;;
15/01/2026;18:39:23;35_T06;Commento;Videocassetta plastica;;
15/01/2026;18:41:58;35_T06;Commento;M. scolopax;;
15/01/2026;18:43:57;35_T06;Commento;M. scolopax;;
15/01/2026;18:46:20;35_T06;Commento;Nettastomidae;;
15/01/2026;18:47:09;35_T06;Commento;M. scolopax;;
15/01/2026;18:48:27;35_T06;Commento;M. scolopax;;
15/01/2026;18:51:04;35_T06;Commento;coral rubble;;
15/01/2026;19:07:40;35_T06;Biologico ;Pezzo di Leiopathes;;
15/01/2026;19:16:54;35_T06;Commento;Oloturia;;
15/01/2026;19:18:13;35_T06;Commento;Munida sp.;;
15/01/2026;19:20:35;35_T06;Commento;Standby per problemi tecnici alla HD camera;;
15/01/2026;19:22:47;35_T06;Commento;Fine standby;;
15/01/2026;19:23:26;35_T06;Commento;Holothuria ;;
15/01/2026;19:26:50;35_T06;Commento;Standby per problemi tecnici alla HD camera;;
15/01/2026;19:29:56;35_T06;Commento;Holothuria poli;;
15/01/2026;19:30:37;35_T06;Commento;diverse colonie di L. glaberrima morte epibionrate;;
15/01/2026;19:31:34;35_T06;Commento;Holothuria poli;;
15/01/2026;19:37:51;35_T06;Commento;Chlopsis bicolor;;
15/01/2026;19:39:25;35_T06;Commento;Macroramphosus scolopax;;
15/01/2026;19:40:55;35_T06;Commento;Macroramphosus scolopax;;
15/01/2026;19:41:04;35_T06;Commento;Chlopsis bicolor;;
15/01/2026;19:46:42;35_T06;Commento;Macroramphosus scolopax;;
15/01/2026;19:53:34;35_T06;Commento;Ricerca del flare per campionamento di acqua;;
15/01/2026;20:04:40;35_T06;Niskin;Campionata acqua di mare con Niskin;;Tappo rosso
15/01/2026;20:06:38;35_T06;Commento;Macroramphosus scolopax;;
15/01/2026;20:08:48;35_T06;Commento; Raja clavata;;
15/01/2026;20:12:58;35_T06;Commento;Leiopathes morta ;;
15/01/2026;20:13:08;35_T06;Commento;A. rissoana;;
15/01/2026;20:13:11;35_T06;Commento;Holothuria poli;;
15/01/2026;20:14:12;35_T06;Commento;Coral rubble;;
15/01/2026;20:14:37;35_T06;Commento;Numerose L. glaberrima morte;;
15/01/2026;20:15:26;35_T06;Commento;Holothuria poli;;
15/01/2026;20:16:02;35_T06;Commento;Holothuria poli;;
15/01/2026;20:18:17;35_T06;Commento;Cancellare L. glaberrima;;
15/01/2026;20:18:57;35_T06;Commento;Banco di B. bogaraveo;;
15/01/2026;20:22:28;35_T06;Commento;Trachurus sp.;;
15/01/2026;20:23:04;35_T06;Fine transetto;;;
15/01/2026;20:42:25;35_T06;On Deck;;;
15/01/2026;22:31:42;35_T17;Off Deck;;;
15/01/2026;23:34:24;35_T17;Inizio transetto;;;
15/01/2026;23:35:48;35_T17;Commento;Segni di strascico;;
15/01/2026;23:41:23;35_T17;Commento;H. italicus;;
15/01/2026;23:43:59;35_T17;Commento;Possibile MDAC;;
15/01/2026;23:48:41;35_T17;Commento;Segni di strascico;;
15/01/2026;23:57:59;35_T17;Commento;Segni di strascico;;
16/01/2026;00:02:05;35_T17;Commento;A. antennatus;;
16/01/2026;00:06:31;35_T17;Commento;Egagropilo;;
16/01/2026;00:07:32;35_T17;Commento;Segni di strascico;;
16/01/2026;00:09:07;35_T17;Commento;Vetro;J200 bottiglia vetro/ceramica;
16/01/2026;00:14:03;35_T17;Commento;vetro;J200 bottiglia vetro/ceramica;
16/01/2026;00:20:53;35_T17;Commento;Epigonus;;
16/01/2026;00:21:09;35_T17;Commento;Himenocephalus italicus;;
16/01/2026;00:22:31;35_T17;Commento;Vetro;J200 bottiglia vetro/ceramica;
16/01/2026;00:22:34;35_T17;Commento;Aristeus antennatus;;
16/01/2026;00:22:53;35_T17;Commento;vetro;J200 bottiglia vetro/ceramica;
16/01/2026;00:23:48;35_T17;Commento;Cerianthus sp.;;
16/01/2026;00:26:51;35_T17;Commento;Seppia;;
16/01/2026;00:27:01;35_T17;Commento;Cerianthus sp.;;
16/01/2026;00:29:06;35_T17;Commento;plastica;J13 bottiglia o contenitore plastica;
16/01/2026;00:36:38;35_T17;Commento;Plesionika  assembramento;;
16/01/2026;00:46:58;35_T17;Commento;Epigonus sp.;;
16/01/2026;00:52:52;35_T17;Commento;Epigonus sp. invece di Chlorophtalmus;;
16/01/2026;01:13:43;35_T17;Commento;Pesci invece che commento: Epigonus sp.;;
16/01/2026;01:26:47;35_T17;Commento;H. italicus ed Epigonus;;
16/01/2026;01:27:41;35_T17;Commento;Egagropilo;;
16/01/2026;01:28:01;35_T17;Commento;Epigonus sp.;;
16/01/2026;01:28:49;35_T17;Commento;Epigonus sp. ;;
16/01/2026;01:29:30;35_T17;Fine transetto;;;
16/01/2026;01:50:16;35_T17;On Deck;FINE VIII LEG;;
17/01/2026;05:27:21;35_T11;Off Deck;;;
17/01/2026;06:09:07;35_T11;Inizio transetto;;;
17/01/2026;06:12:49;35_T11;Commento;segni strascico;;
17/01/2026;06:22:52;35_T11;Commento;Nezumia sp.;;
17/01/2026;06:28:49;35_T11;Commento;Hymenocephalus;;
17/01/2026;06:30:11;35_T11;Commento;Nezumia sp.;;
17/01/2026;06:31:06;35_T11;Commento;segni strascico;;
17/01/2026;06:37:30;35_T11;Commento;segni strascico;;
17/01/2026;06:38:54;35_T11;Commento;togliere Isidella;;
17/01/2026;06:39:07;35_T11;Commento;Protoptilum sp. ;;
17/01/2026;06:45:35;35_T11;Commento;Galeus melastomus;;
17/01/2026;06:47:52;35_T11;Commento;Facciolella;;
17/01/2026;06:53:38;35_T11;Commento;Nezumia sp.;;
17/01/2026;06:58:00;35_T11;Commento;Neopycnodonte zibrowii;;morte
17/01/2026;07:00:26;35_T11;Commento;Bonellia;;
17/01/2026;07:02:32;35_T11;Commento;Facciolella;;
17/01/2026;07:06:46;35_T11;Commento;Stomias boa;;
17/01/2026;07:09:55;35_T11;Commento;3 spugne pallina bianca nd;;
17/01/2026;07:14:24;35_T11;Commento;Antipathes sp. su lamiera ferro;;
17/01/2026;07:17:51;35_T11;Commento;spugne pallina nd;;
17/01/2026;07:21:46;35_T11;Commento;Viminella flagellum;;
17/01/2026;07:25:37;35_T11;Commento;Anamathia rissoana;;
17/01/2026;07:29:59;35_T11;Commento;Isidella abbattuta;;
17/01/2026;07:37:08;35_T11;Commento;Nezumia sp.;;
17/01/2026;07:43:44;35_T11;Commento;Isidella abbattuta;;
17/01/2026;07:46:43;35_T11;Commento;Isidella abbattuta;;
17/01/2026;07:46:53;35_T11;Commento;Nezumia sp.;;
17/01/2026;07:48:10;35_T11;Commento;Protoptilum carpenteri;;
17/01/2026;07:49:50;35_T11;Commento;Nezumia sp.;;
17/01/2026;07:50:45;35_T11;Commento;Mesothuria;;
17/01/2026;07:51:16;35_T11;Commento;Cerianthus sp.;;
17/01/2026;07:52:32;35_T11;Commento;Nezumia sp.;;
17/01/2026;08:12:04;35_T11;Commento;Cerianthus sp.;;
17/01/2026;08:16:18;35_T11;Commento;Cerianthus sp.;;
17/01/2026;08:21:32;35_T11;Commento;Chlorophthalmus;;
17/01/2026;08:22:40;35_T11;Commento;cancellare commento;;
17/01/2026;08:25:33;35_T11;Commento;Parantipathes sp. x5;;
17/01/2026;08:28:33;35_T11;Commento;Hymenocephalus;;
17/01/2026;08:30:15;35_T11;Commento;Bonellia;;
17/01/2026;08:30:54;35_T11;Commento;spugne pallina bainca x2;;
17/01/2026;08:31:39;35_T11;Commento;spugna pallina bianca;;
17/01/2026;08:32:45;35_T11;Commento;spugna pallina bianca;;
17/01/2026;08:37:52;35_T11;Commento;Nezumia sp.;;
17/01/2026;08:42:06;35_T11;Commento;Cerianthus sp.;;
17/01/2026;08:44:11;35_T11;Commento;Nezumia sp.;;
17/01/2026;08:47:53;35_T11;Fine transetto;Stop video e tutto sistema;;
17/01/2026;09:15:01;35_T11;On Deck;;;
17/01/2026;16:23:18;35_T10;Off Deck;;;
17/01/2026;17:03:00;35_T10;Inizio transetto;;;
17/01/2026;17:24:39;35_T10;Commento;Aristeomorpha foliacea;;
17/01/2026;17:31:51;35_T10;Commento;spugna pallina bianca;;
17/01/2026;17:32:00;35_T10;Commento;spugna pallina bianca;;
17/01/2026;17:35:46;35_T10;Commento;Munida sp.;;
17/01/2026;17:38:22;35_T10;Commento;Chlorophthalmus agasizzi ;;
17/01/2026;17:45:15;35_T10;Commento;Antipathes sp.;;
17/01/2026;17:45:32;35_T10;Commento;Antipathes sp.;;
17/01/2026;17:57:36;35_T10;Commento;Antipathes sp.;;
17/01/2026;18:01:48;35_T10;Commento;Nezumia;;
17/01/2026;18:02:37;35_T10;Commento;Busta plastica;;
17/01/2026;18:02:35;35_T10;Commento;Antipathes sp.;;
17/01/2026;18:03:07;35_T10;Commento;A.folliacea;;
17/01/2026;18:05:15;35_T10;Commento;Isidella elongata;;
17/01/2026;18:06:35;35_T10;Commento;Isidella elongata;;
17/01/2026;18:08:00;35_T10;Commento;Isidella elongata;;
17/01/2026;18:11:14;35_T10;Commento;Isidella elongata;;
17/01/2026;18:11:35;35_T10;Commento;Isidella elongata;;
17/01/2026;18:11:36;35_T10;Commento;Isidella elongata;;
17/01/2026;18:12:44;35_T10;Commento;Isidella elongata;;
17/01/2026;18:14:30;35_T10;Commento;Isidella elongata;;
17/01/2026;18:15:33;35_T10;Commento;Isidella elongata;;
17/01/2026;18:17:43;35_T10;Commento;Isidella elongata;;
17/01/2026;18:19:12;35_T10;Commento;Antipathes sp.;;
17/01/2026;18:20:42;35_T10;Commento;Antipathes sp.;;
17/01/2026;18:21:07;35_T10;Commento;Antipathes sp.;;
17/01/2026;18:28:54;35_T10;Commento;Antipathes sp.;;
17/01/2026;18:34:45;35_T10;Commento;Antipathes sp.;;
17/01/2026;18:34:47;35_T10;Commento;H. italicus;;
17/01/2026;18:47:21;35_T10;Biologico ;Viminella flagellum;;
17/01/2026;18:59:05;35_T10;Commento;Parantipathes sp.;;
17/01/2026;19:02:56;35_T10;Commento;Antipathes sp.;;
17/01/2026;19:07:53;35_T10;Commento;Narcomedusa ;;
17/01/2026;19:09:02;35_T10;Commento;Antipathes sp.;;
17/01/2026;19:09:03;35_T10;Commento;Antipathes sp.;;
17/01/2026;19:23:32;35_T10;Fine transetto;;;
17/01/2026;19:50:28;35_T10;On Deck;;;
18/01/2026;23:27:20;17_T03;Off Deck;;;
18/01/2026;01:30:24;17_T03;Inizio transetto;;;
18/01/2026;01:38:44;17_T03;Commento;A. foliacea;;
18/01/2026;01:46:30;17_T03;Commento;A. foliacea;;
18/01/2026;01:50:16;17_T03;Commento;Piccola roccia colonizzata da organismi non identificati ;;
18/01/2026;01:54:33;17_T03;Commento;Pezzi di un oggetto non identificato  ;;
18/01/2026;01:58:33;17_T03;Commento;Lepidion lepidion;;
18/01/2026;02:05:19;17_T03;Commento;Lattina ;;
18/01/2026;02:05:26;17_T03;Commento;A. foliacea;;
18/01/2026;02:07:45;17_T03;Commento;A. foliacea;;
18/01/2026;02:13:40;17_T03;Commento;Hymenodiscus coronata;;
18/01/2026;02:39:58;17_T03;Biologico ;egagropilo;;
18/01/2026;02:43:22;17_T03;Commento;A. foliacea;;
18/01/2026;03:07:35;17_T03;Commento;egagropilo;;
18/01/2026;03:27:52;17_T03;Commento;Tappeto ;;
18/01/2026;03:29:16;17_T03;Biologico ;egagropilo;;
18/01/2026;03:55:23;17_T03;Commento;spazzatura plastica;;
18/01/2026;04:00:00;17_T03;Commento;Anfora;;
18/01/2026;04:01:42;17_T03;Fine transetto;;;
18/01/2026;05:23:23;17_T03;On Deck;;;
18/01/2026;06:30:39;17_T02;Off Deck;;;
18/01/2026;08:08:06;17_T02;Inizio transetto;                                               ;;
18/01/2026;08:13:24;17_T02;Commento;A. foliacea;;
18/01/2026;08:18:09;17_T02;Commento;pezzo cima;J234* cime, corde o reti aggrovigliate;
18/01/2026;08:25:00;17_T02;Commento;A. foliacea;;
18/01/2026;08:27:37;17_T02;Commento;pezzi di metallo?;;
18/01/2026;08:50:26;17_T02;Commento;A. foliacea;;
18/01/2026;08:54:11;17_T02;Commento;rocce con policheti morti;;
18/01/2026;08:57:14;17_T02;Commento;stella bianca;;
18/01/2026;09:37:22;17_T02;Commento;pezzo di cima;J234* cime, corde o reti aggrovigliate;
18/01/2026;10:08:48;17_T02;Commento;;J175 lattina;
18/01/2026;10:18:12;17_T02;Commento;spugna incrostante bianca;;
18/01/2026;10:24:01;17_T02;Commento;cubetto ceramica;J219 oggetto ceramica non identificabile;
18/01/2026;10:25:13;17_T02;Commento;spugna incrostante bianca;;
18/01/2026;10:48:52;17_T02;Push-corer;n. 5;;
18/01/2026;10:51:21;17_T02;Fine transetto;;;
18/01/2026;12:00:57;17_T02;On Deck;;;
00/01/1900;00:00:00;;;;;
00/01/1900;00:00:00;;;;;
00/01/1900;00:00:00;;;;;
00/01/1900;00:00:00;;;;;
00/01/1900;00:00:00;;;;;
00/01/1900;00:00:00;;;;;
00/01/1900;00:00:00;;;;;
00/01/1900;00:00:00;;;;;
00/01/1900;00:00:00;;;;;
00/01/1900;00:00:00;;;;;
00/01/1900;00:00:00;;;;;
00/01/1900;00:00:00;;;;;
00/01/1900;00:00:00;;;;;
00/01/1900;00:00:00;;;;;
00/01/1900;00:00:00;;;;;
00/01/1900;00:00:00;;;;;
00/01/1900;00:00:00;;;;;
00/01/1900;00:00:00;;;;;
00/01/1900;00:00:00;;;;;
00/01/1900;00:00:00;;;;;
00/01/1900;00:00:00;;;;;
00/01/1900;00:00:00;;;;;
00/01/1900;00:00:00;;;;;
00/01/1900;00:00:00;;;;;
00/01/1900;00:00:00;;;;;
00/01/1900;00:00:00;;;;;
00/01/1900;00:00:00;;;;;
00/01/1900;00:00:00;;;;;
00/01/1900;00:00:00;;;;;
00/01/1900;00:00:00;;;;;
00/01/1900;00:00:00;;;;;
00/01/1900;00:00:00;;;;;
00/01/1900;00:00:00;;;;;
00/01/1900;00:00:00;;;;;
00/01/1900;00:00:00;;;;;
00/01/1900;00:00:00;;;;;
00/01/1900;00:00:00;;;;;
00/01/1900;00:00:00;;;;;
00/01/1900;00:00:00;;;;;
00/01/1900;00:00:00;;;;;
00/01/1900;00:00:00;;;;;
00/01/1900;00:00:00;;;;;
00/01/1900;00:00:00;;;;;
00/01/1900;00:00:00;;;;;
00/01/1900;00:00:00;;;;;
00/01/1900;00:00:00;;;;;
00/01/1900;00:00:00;;;;;
00/01/1900;00:00:00;;;;;
00/01/1900;00:00:00;;;;;
00/01/1900;00:00:00;;;;;
00/01/1900;00:00:00;;;;;
00/01/1900;00:00:00;;;;;
00/01/1900;00:00:00;;;;;
00/01/1900;00:00:00;;;;;
00/01/1900;00:00:00;;;;;
00/01/1900;00:00:00;;;;;
00/01/1900;00:00:00;;;;;
00/01/1900;00:00:00;;;;;
00/01/1900;00:00:00;;;;;
00/01/1900;00:00:00;;;;;
00/01/1900;00:00:00;;;;;
00/01/1900;00:00:00;;;;;
00/01/1900;00:00:00;;;;;
00/01/1900;00:00:00;;;;;
00/01/1900;00:00:00;;;;;
00/01/1900;00:00:00;;;;;
00/01/1900;00:00:00;;;;;
00/01/1900;00:00:00;;;;;
00/01/1900;00:00:00;;;;;
00/01/1900;00:00:00;;;;;
00/01/1900;00:00:00;;;;;
00/01/1900;00:00:00;;;;;
00/01/1900;00:00:00;;;;;
00/01/1900;00:00:00;;;;;
00/01/1900;00:00:00;;;;;
00/01/1900;00:00:00;;;;;
00/01/1900;00:00:00;;;;;
00/01/1900;00:00:00;;;;;
00/01/1900;00:00:00;;;;;
00/01/1900;00:00:00;;;;;
00/01/1900;00:00:00;;;;;
00/01/1900;00:00:00;;;;;
00/01/1900;00:00:00;;;;;
00/01/1900;00:00:00;;;;;
00/01/1900;00:00:00;;;;;
00/01/1900;00:00:00;;;;;
00/01/1900;00:00:00;;;;;
00/01/1900;00:00:00;;;;;
00/01/1900;00:00:00;;;;;
00/01/1900;00:00:00;;;;;
00/01/1900;00:00:00;;;;;
00/01/1900;00:00:00;;;;;
00/01/1900;00:00:00;;;;;
00/01/1900;00:00:00;;;;;
00/01/1900;00:00:00;;;;;
00/01/1900;00:00:00;;;;;
00/01/1900;00:00:00;;;;;
00/01/1900;00:00:00;;;;;
00/01/1900;00:00:00;;;;;
00/01/1900;00:00:00;;;;;
00/01/1900;00:00:00;;;;;
00/01/1900;00:00:00;;;;;
00/01/1900;00:00:00;;;;;
00/01/1900;00:00:00;;;;;
00/01/1900;00:00:00;;;;;
00/01/1900;00:00:00;;;;;
00/01/1900;00:00:00;;;;;
00/01/1900;00:00:00;;;;;
00/01/1900;00:00:00;;;;;
00/01/1900;00:00:00;;;;;
00/01/1900;00:00:00;;;;;
00/01/1900;00:00:00;;;;;
00/01/1900;00:00:00;;;;;
00/01/1900;00:00:00;;;;;
00/01/1900;00:00:00;;;;;
00/01/1900;00:00:00;;;;;
00/01/1900;00:00:00;;;;;
00/01/1900;00:00:00;;;;;
00/01/1900;00:00:00;;;;;
00/01/1900;00:00:00;;;;;
00/01/1900;00:00:00;;;;;
00/01/1900;00:00:00;;;;;
00/01/1900;00:00:00;;;;;
00/01/1900;00:00:00;;;;;
00/01/1900;00:00:00;;;;;
00/01/1900;00:00:00;;;;;
00/01/1900;00:00:00;;;;;
00/01/1900;00:00:00;;;;;
00/01/1900;00:00:00;;;;;
00/01/1900;00:00:00;;;;;
00/01/1900;00:00:00;;;;;
00/01/1900;00:00:00;;;;;
00/01/1900;00:00:00;;;;;
00/01/1900;00:00:00;;;;;
00/01/1900;00:00:00;;;;;
00/01/1900;00:00:00;;;;;
00/01/1900;00:00:00;;;;;
00/01/1900;00:00:00;;;;;
00/01/1900;00:00:00;;;;;
00/01/1900;00:00:00;;;;;
00/01/1900;00:00:00;;;;;
00/01/1900;00:00:00;;;;;
00/01/1900;00:00:00;;;;;
00/01/1900;00:00:00;;;;;
00/01/1900;00:00:00;;;;;
00/01/1900;00:00:00;;;;;
00/01/1900;00:00:00;;;;;
00/01/1900;00:00:00;;;;;
00/01/1900;00:00:00;;;;;
00/01/1900;00:00:00;;;;;
00/01/1900;00:00:00;;;;;
00/01/1900;00:00:00;;;;;
00/01/1900;00:00:00;;;;;
00/01/1900;00:00:00;;;;;
00/01/1900;00:00:00;;;;;
00/01/1900;00:00:00;;;;;
00/01/1900;00:00:00;;;;;
00/01/1900;00:00:00;;;;;
00/01/1900;00:00:00;;;;;
00/01/1900;00:00:00;;;;;
00/01/1900;00:00:00;;;;;
00/01/1900;00:00:00;;;;;
00/01/1900;00:00:00;;;;;
00/01/1900;00:00:00;;;;;
00/01/1900;00:00:00;;;;;
00/01/1900;00:00:00;;;;;
00/01/1900;00:00:00;;;;;
00/01/1900;00:00:00;;;;;
00/01/1900;00:00:00;;;;;
