ASFIndex,Date,Time,Area,Lat,Long,Speed,P,Heading,mp,Altitude,Sal,T,Depth,E,N
00:00:00.222,18/01/2026,08:30:53,17_T02,39.122202534,10.181991008,0.2,1825.23,66.47,159.499,1.2,38.52,13.42,1824.23,4336834.03,1781579.31
00:00:01.235,18/01/2026,08:30:54,17_T02,39.122203063,10.181993317,0.2,1825.23,66.45,159.706,1.1,38.52,13.42,1824.23,4336834.23,1781579.37
00:00:02.231,18/01/2026,08:30:55,17_T02,39.122203470,10.181995196,0.2,1825.19,66.44,159.873,1.1,38.52,13.42,1824.21,4336834.39,1781579.42
00:00:03.226,18/01/2026,08:30:56,17_T02,39.122203686,10.181996090,0.2,1825.13,66.47,159.954,1.2,38.52,13.42,1824.21,4336834.47,1781579.44
00:00:04.223,18/01/2026,08:30:57,17_T02,39.122203868,10.181997029,0.2,1825.07,66.55,160.037,1.2,38.52,13.43,1824.12,4336834.55,1781579.46
00:00:05.233,18/01/2026,08:30:58,17_T02,39.122204164,10.181998122,0.2,1825.03,66.60,160.137,1.3,38.52,13.43,1824.12,4336834.65,1781579.49
00:00:06.224,18/01/2026,08:30:59,17_T02,39.122205017,10.182000074,0.2,1825.02,66.57,160.330,1.2,38.52,13.43,1824.00,4336834.82,1781579.59
00:00:07.223,18/01/2026,08:31:00,17_T02,39.122205878,10.182002000,0.2,1825.02,66.45,160.522,1.2,38.52,13.43,1824.00,4336834.99,1781579.68
00:00:08.235,18/01/2026,08:31:01,17_T02,39.122206347,10.182003250,0.2,1825.01,66.31,160.643,1.1,38.52,13.43,1824.00,4336835.09,1781579.74
00:00:09.230,18/01/2026,08:31:02,17_T02,39.122206666,10.182004269,0.2,1824.97,66.27,160.738,1.1,38.52,13.43,1824.00,4336835.18,1781579.77
00:00:10.226,18/01/2026,08:31:03,17_T02,39.122206868,10.182005140,0.2,1824.90,66.33,160.816,1.2,38.52,13.43,1823.95,4336835.26,1781579.79
00:00:11.234,18/01/2026,08:31:04,17_T02,39.122207097,10.182006134,0.2,1824.84,66.43,160.906,1.2,38.52,13.43,1823.95,4336835.34,1781579.82
00:00:12.229,18/01/2026,08:31:05,17_T02,39.122207441,10.182007248,0.2,1824.80,66.48,161.010,1.3,38.52,13.43,1823.81,4336835.44,1781579.86
00:00:13.226,18/01/2026,08:31:06,17_T02,39.122207885,10.182008608,0.2,1824.80,66.47,161.138,1.2,38.52,13.43,1823.81,4336835.56,1781579.91
00:00:14.221,18/01/2026,08:31:07,17_T02,39.122208349,10.182009910,0.2,1824.81,66.40,161.262,1.2,38.52,13.43,1823.79,4336835.67,1781579.96
00:00:15.229,18/01/2026,08:31:08,17_T02,39.122208762,10.182011096,0.2,1824.79,66.35,161.375,1.1,38.52,13.43,1823.79,4336835.78,1781580.00
00:00:16.222,18/01/2026,08:31:09,17_T02,39.122209063,10.182012108,0.2,1824.74,66.35,161.469,1.1,38.52,13.43,1823.77,4336835.86,1781580.04
00:00:17.231,18/01/2026,08:31:10,17_T02,39.122209393,10.182012971,0.2,1824.68,66.41,161.552,1.2,38.52,13.43,1823.77,4336835.94,1781580.07
00:00:18.224,18/01/2026,08:31:11,17_T02,39.122209724,10.182013872,0.2,1824.63,66.49,161.639,1.2,38.52,13.43,1823.65,4336836.02,1781580.11
00:00:19.220,18/01/2026,08:31:12,17_T02,39.122210112,10.182015106,0.2,1824.61,66.53,161.754,1.3,38.52,13.43,1823.65,4336836.12,1781580.15
00:00:20.219,18/01/2026,08:31:13,17_T02,39.122210582,10.182016469,0.2,1824.61,66.50,161.883,1.2,38.52,13.43,1823.60,4336836.24,1781580.21
00:00:21.224,18/01/2026,08:31:14,17_T02,39.122211041,10.182017750,0.2,1824.60,66.43,162.006,1.1,38.52,13.43,1823.60,4336836.35,1781580.26
00:00:22.222,18/01/2026,08:31:15,17_T02,39.122211418,10.182018897,0.2,1824.57,66.39,162.114,1.1,38.52,13.43,1823.58,4336836.45,1781580.30
00:00:23.234,18/01/2026,08:31:16,17_T02,39.122211777,10.182021251,0.2,1824.52,66.41,162.317,1.1,38.52,13.43,1823.58,4336836.66,1781580.34
00:00:24.226,18/01/2026,08:31:17,17_T02,39.122212134,10.182023416,0.2,1824.45,66.50,162.505,1.2,38.52,13.43,1823.47,4336836.85,1781580.38
00:00:25.223,18/01/2026,08:31:18,17_T02,39.122212484,10.182024585,0.2,1824.40,66.57,162.614,1.2,38.52,13.43,1823.47,4336836.95,1781580.42
00:00:26.235,18/01/2026,08:31:19,17_T02,39.122212951,10.182025917,0.2,1824.38,66.60,162.741,1.2,38.52,13.43,1823.38,4336837.06,1781580.47
00:00:27.231,18/01/2026,08:31:20,17_T02,39.122213434,10.182027299,0.2,1824.38,66.60,162.872,1.2,38.52,13.43,1823.38,4336837.18,1781580.52
00:00:28.230,18/01/2026,08:31:21,17_T02,39.122213872,10.182028613,0.2,1824.36,66.58,162.996,1.1,38.52,13.43,1823.36,4336837.30,1781580.57
00:00:29.226,18/01/2026,08:31:22,17_T02,39.122215215,10.182030408,0.2,1824.31,66.60,163.199,1.1,38.52,13.43,1823.36,4336837.45,1781580.72
00:00:30.225,18/01/2026,08:31:23,17_T02,39.122216400,10.182031995,0.2,1824.24,66.63,163.379,1.2,38.52,13.42,1823.26,4336837.59,1781580.85
00:00:31.223,18/01/2026,08:31:24,17_T02,39.122216773,10.182033017,0.2,1824.18,66.61,163.477,1.2,38.52,13.42,1823.26,4336837.68,1781580.89
00:00:32.221,18/01/2026,08:31:25,17_T02,39.122217250,10.182034260,0.2,1824.15,66.55,163.597,1.3,38.52,13.42,1823.14,4336837.79,1781580.95
00:00:33.234,18/01/2026,08:31:26,17_T02,39.122217789,10.182035598,0.2,1824.14,66.43,163.728,1.2,38.52,13.42,1823.14,4336837.91,1781581.01
00:00:34.219,18/01/2026,08:31:27,17_T02,39.122217364,10.182035962,0.2,1824.13,66.32,163.737,1.2,38.52,13.43,1823.13,4336837.94,1781580.96
00:00:35.231,18/01/2026,08:31:28,17_T02,39.122216907,10.182036283,0.2,1824.10,66.25,163.742,1.1,38.52,13.43,1823.13,4336837.97,1781580.91
00:00:36.229,18/01/2026,08:31:29,17_T02,39.122217230,10.182037330,0.2,1824.04,66.31,163.840,1.2,38.52,13.43,1823.13,4336838.06,1781580.94
00:00:37.228,18/01/2026,08:31:30,17_T02,39.122217539,10.182038361,0.2,1823.98,66.40,163.936,1.2,38.52,13.43,1823.06,4336838.15,1781580.98
00:00:38.223,18/01/2026,08:31:31,17_T02,39.122217944,10.182039550,0.2,1823.93,66.48,164.048,1.3,38.52,13.43,1823.06,4336838.25,1781581.02
00:00:39.220,18/01/2026,08:31:32,17_T02,39.122218423,10.182040904,0.2,1823.91,66.51,164.178,1.2,38.52,13.43,1822.93,4336838.37,1781581.08
00:00:40.234,18/01/2026,08:31:33,17_T02,39.122217532,10.182040771,0.2,1823.92,66.47,164.127,1.2,38.52,13.43,1822.93,4336838.36,1781580.98
00:00:41.232,18/01/2026,08:31:34,17_T02,39.122216638,10.182040605,0.2,1823.90,66.43,164.073,1.1,38.52,13.43,1822.90,4336838.34,1781580.88
00:00:42.230,18/01/2026,08:31:35,17_T02,39.122216973,10.182041677,0.2,1823.85,66.46,164.174,1.1,38.52,13.43,1822.90,4336838.43,1781580.92
00:00:43.231,18/01/2026,08:31:36,17_T02,39.122217268,10.182042643,0.2,1823.78,66.53,164.264,1.2,38.52,13.43,1822.83,4336838.52,1781580.95
00:00:44.230,18/01/2026,08:31:37,17_T02,39.122217667,10.182043748,0.2,1823.72,66.57,164.369,1.3,38.52,13.43,1822.83,4336838.61,1781580.99
00:00:45.229,18/01/2026,08:31:38,17_T02,39.122218167,10.182045011,0.2,1823.69,66.54,164.492,1.3,38.52,13.43,1822.71,4336838.72,1781581.05
00:00:46.226,18/01/2026,08:31:39,17_T02,39.122217880,10.182046195,0.2,1823.69,66.47,164.573,1.2,38.52,13.43,1822.71,4336838.83,1781581.02
00:00:47.235,18/01/2026,08:31:40,17_T02,39.122217617,10.182047347,0.2,1823.68,66.42,164.653,1.2,38.52,13.43,1822.67,4336838.93,1781580.99
00:00:48.228,18/01/2026,08:31:41,17_T02,39.122218033,10.182048513,0.2,1823.65,66.42,164.764,1.2,38.52,13.43,1822.67,4336839.03,1781581.04
00:00:49.228,18/01/2026,08:31:42,17_T02,39.122218403,10.182049573,0.2,1823.59,66.47,164.865,1.2,38.52,13.43,1822.62,4336839.12,1781581.08
00:00:50.227,18/01/2026,08:31:43,17_T02,39.122218752,10.182050624,0.2,1823.53,66.52,164.964,1.2,38.52,13.43,1822.62,4336839.21,1781581.12
00:00:51.229,18/01/2026,08:31:44,17_T02,39.122218304,10.182051013,0.2,1823.49,66.54,164.975,1.2,38.52,13.43,1822.50,4336839.25,1781581.07
00:00:52.226,18/01/2026,08:31:45,17_T02,39.122218014,10.182051662,0.2,1823.47,66.53,165.013,1.2,38.52,13.43,1822.50,4336839.30,1781581.03
00:00:53.231,18/01/2026,08:31:46,17_T02,39.122218511,10.182052977,0.2,1823.45,66.48,165.140,1.2,38.52,13.43,1822.45,4336839.42,1781581.09
00:00:54.223,18/01/2026,08:31:47,17_T02,39.122219008,10.182054224,0.2,1823.43,66.43,165.262,1.1,38.52,13.43,1822.45,4336839.53,1781581.14
00:00:55.219,18/01/2026,08:31:48,17_T02,39.122219490,10.182055419,0.2,1823.38,66.41,165.378,1.2,38.52,13.44,1822.41,4336839.63,1781581.20
00:00:56.234,18/01/2026,08:31:49,17_T02,39.122219938,10.182056656,0.2,1823.34,66.42,165.497,1.2,38.52,13.44,1822.41,4336839.74,1781581.25
00:00:57.229,18/01/2026,08:31:50,17_T02,39.122220292,10.182057514,0.2,1823.29,66.44,165.581,1.2,38.52,13.43,1822.31,4336839.81,1781581.29
00:00:58.219,18/01/2026,08:31:51,17_T02,39.122220638,10.182058424,0.2,1823.25,66.47,165.669,1.2,38.52,13.43,1822.31,4336839.89,1781581.33
00:00:59.231,18/01/2026,08:31:52,17_T02,39.122221132,10.182059795,0.2,1823.22,66.53,165.800,1.2,38.52,13.43,1822.22,4336840.01,1781581.38
00:01:00.229,18/01/2026,08:31:53,17_T02,39.122221605,10.182061099,0.2,1823.19,66.59,165.925,1.2,38.52,13.43,1822.22,4336840.12,1781581.43
00:01:01.227,18/01/2026,08:31:54,17_T02,39.122222076,10.182062378,0.2,1823.16,66.63,166.048,1.2,38.52,13.43,1822.16,4336840.23,1781581.48
00:01:02.221,18/01/2026,08:31:55,17_T02,39.122222533,10.182063657,0.2,1823.12,66.62,166.170,1.2,38.52,13.43,1822.16,4336840.35,1781581.54
00:01:03.231,18/01/2026,08:31:56,17_T02,39.122222366,10.182064985,0.2,1823.06,66.60,166.268,1.2,38.52,13.44,1822.07,4336840.46,1781581.52
00:01:04.228,18/01/2026,08:31:57,17_T02,39.122222283,10.182066327,0.2,1823.01,66.57,166.371,1.2,38.52,13.44,1822.07,4336840.58,1781581.51
00:01:05.230,18/01/2026,08:31:58,17_T02,39.122222801,10.182067575,0.2,1822.96,66.52,166.493,1.2,38.52,13.43,1821.98,4336840.69,1781581.57
00:01:06.226,18/01/2026,08:31:59,17_T02,39.122223339,10.182068873,0.2,1822.93,66.46,166.620,1.2,38.52,13.43,1821.98,4336840.80,1781581.63
00:01:07.222,18/01/2026,08:32:00,17_T02,39.122223872,10.182070197,0.2,1822.91,66.44,166.749,1.2,38.52,13.44,1821.89,4336840.91,1781581.68
00:01:08.223,18/01/2026,08:32:01,17_T02,39.122224662,10.182072231,0.2,1822.88,66.45,166.947,1.2,38.52,13.44,1821.89,4336841.09,1781581.77
00:01:09.233,18/01/2026,08:32:02,17_T02,39.122225360,10.182074036,0.2,1822.83,66.46,167.121,1.2,38.52,13.44,1821.84,4336841.25,1781581.85
00:01:10.231,18/01/2026,08:32:03,17_T02,39.122225807,10.182075198,0.2,1822.77,66.49,167.234,1.2,38.52,13.44,1821.84,4336841.35,1781581.90
00:01:11.227,18/01/2026,08:32:04,17_T02,39.122226285,10.182076425,0.2,1822.72,66.52,167.353,1.2,38.52,13.43,1821.71,4336841.46,1781581.95
00:01:12.222,18/01/2026,08:32:05,17_T02,39.122226794,10.182077730,0.2,1822.68,66.53,167.480,1.2,38.52,13.43,1821.71,4336841.57,1781582.01
00:01:13.233,18/01/2026,08:32:06,17_T02,39.122227303,10.182079090,0.2,1822.66,66.52,167.610,1.2,38.52,13.43,1821.65,4336841.69,1781582.06
00:01:14.227,18/01/2026,08:32:07,17_T02,39.122228670,10.182081921,0.2,1822.62,66.52,167.897,1.2,38.52,13.43,1821.65,4336841.93,1781582.22
00:01:15.222,18/01/2026,08:32:08,17_T02,39.122229926,10.182084496,0.3,1822.57,66.53,168.158,1.2,38.52,13.43,1821.59,4336842.16,1781582.36
00:01:16.233,18/01/2026,08:32:09,17_T02,39.122230405,10.182085691,0.3,1822.52,66.52,168.275,1.2,38.52,13.43,1821.59,4336842.26,1781582.41
00:01:17.230,18/01/2026,08:32:10,17_T02,39.122230916,10.182086926,0.3,1822.47,66.47,168.396,1.2,38.52,13.44,1821.46,4336842.37,1781582.47
00:01:18.227,18/01/2026,08:32:11,17_T02,39.122231473,10.182088240,0.2,1822.45,66.41,168.525,1.2,38.52,13.44,1821.46,4336842.48,1781582.53
00:01:19.223,18/01/2026,08:32:12,17_T02,39.122231970,10.182089504,0.2,1822.43,66.37,168.648,1.2,38.52,13.44,1821.41,4336842.59,1781582.58
00:01:20.223,18/01/2026,08:32:13,17_T02,39.122232305,10.182090935,0.2,1822.39,66.36,168.777,1.2,38.52,13.44,1821.41,4336842.72,1781582.62
00:01:21.233,18/01/2026,08:32:14,17_T02,39.122232627,10.182092287,0.2,1822.34,66.41,168.899,1.2,38.52,13.44,1821.36,4336842.83,1781582.66
00:01:22.227,18/01/2026,08:32:15,17_T02,39.122233081,10.182093494,0.2,1822.29,66.48,169.015,1.2,38.52,13.44,1821.36,4336842.94,1781582.71
00:01:23.225,18/01/2026,08:32:16,17_T02,39.122233550,10.182094743,0.2,1822.25,66.52,169.135,1.2,38.52,13.44,1821.24,4336843.05,1781582.76
00:01:24.232,18/01/2026,08:32:17,17_T02,39.122234071,10.182096050,0.2,1822.22,66.54,169.263,1.2,38.52,13.44,1821.24,4336843.16,1781582.82
00:01:25.227,18/01/2026,08:32:18,17_T02,39.122234714,10.182097231,0.2,1822.20,66.50,169.385,1.2,38.52,13.44,1821.19,4336843.26,1781582.89
00:01:26.232,18/01/2026,08:32:19,17_T02,39.122235281,10.182098339,0.2,1822.16,66.47,169.499,1.2,38.52,13.44,1821.19,4336843.36,1781582.95
00:01:27.224,18/01/2026,08:32:20,17_T02,39.122235686,10.182099425,0.2,1822.11,66.47,169.603,1.2,38.52,13.44,1821.10,4336843.45,1781582.99
00:01:28.230,18/01/2026,08:32:21,17_T02,39.122236134,10.182100508,0.2,1822.06,66.47,169.710,1.2,38.52,13.44,1821.10,4336843.55,1781583.04
00:01:29.224,18/01/2026,08:32:22,17_T02,39.122236602,10.182101724,0.2,1822.03,66.47,169.827,1.2,38.52,13.45,1821.01,4336843.65,1781583.10
00:01:30.218,18/01/2026,08:32:23,17_T02,39.122237124,10.182103047,0.2,1822.01,66.44,169.956,1.2,38.52,13.45,1821.01,4336843.77,1781583.15
00:01:31.228,18/01/2026,08:32:24,17_T02,39.122236511,10.182103399,0.2,1821.99,66.40,169.956,1.2,38.52,13.45,1820.98,4336843.80,1781583.09
00:01:32.232,18/01/2026,08:32:25,17_T02,39.122236047,10.182103832,0.2,1821.95,66.40,169.970,1.2,38.52,13.45,1820.98,4336843.84,1781583.03
00:01:33.223,18/01/2026,08:32:26,17_T02,39.122236507,10.182105022,0.2,1821.90,66.41,170.085,1.2,38.52,13.45,1820.98,4336843.94,1781583.09
00:01:34.232,18/01/2026,08:32:27,17_T02,39.122236969,10.182106183,0.2,1821.86,66.45,170.198,1.2,38.52,13.45,1820.90,4336844.04,1781583.14
00:01:35.219,18/01/2026,08:32:28,17_T02,39.122237429,10.182107412,0.2,1821.83,66.48,170.316,1.2,38.52,13.45,1820.90,4336844.15,1781583.19
00:01:36.229,18/01/2026,08:32:29,17_T02,39.122236957,10.182107215,0.2,1821.81,66.49,170.279,1.2,38.52,13.44,1820.82,4336844.13,1781583.14
00:01:37.219,18/01/2026,08:32:30,17_T02,39.122236664,10.182107285,0.2,1821.77,66.50,170.272,1.2,38.52,13.44,1820.82,4336844.14,1781583.10
00:01:38.229,18/01/2026,08:32:31,17_T02,39.122237142,10.182108488,0.2,1821.73,66.51,170.389,1.2,38.52,13.45,1820.75,4336844.24,1781583.16
00:01:39.222,18/01/2026,08:32:32,17_T02,39.122237636,10.182109700,0.2,1821.69,66.50,170.507,1.2,38.52,13.45,1820.75,4336844.35,1781583.21
00:01:40.225,18/01/2026,08:32:33,17_T02,39.122238101,10.182110892,0.2,1821.65,66.47,170.623,1.2,38.52,13.45,1820.66,4336844.45,1781583.26
00:01:41.234,18/01/2026,08:32:34,17_T02,39.122238563,10.182112162,0.2,1821.61,66.48,170.745,1.2,38.52,13.45,1820.66,4336844.56,1781583.31
00:01:42.225,18/01/2026,08:32:35,17_T02,39.122239916,10.182114402,0.2,1821.56,66.50,170.984,1.2,38.52,13.45,1820.60,4336844.76,1781583.46
00:01:43.228,18/01/2026,08:32:36,17_T02,39.122241229,10.182116613,0.2,1821.52,66.53,171.218,1.2,38.52,13.45,1820.60,4336844.95,1781583.61
00:01:44.234,18/01/2026,08:32:37,17_T02,39.122241747,10.182117879,0.2,1821.48,66.53,171.342,1.2,38.52,13.45,1820.51,4336845.06,1781583.67
00:01:45.225,18/01/2026,08:32:38,17_T02,39.122242221,10.182119099,0.2,1821.44,66.49,171.461,1.2,38.52,13.45,1820.51,4336845.16,1781583.72
00:01:46.232,18/01/2026,08:32:39,17_T02,39.122242702,10.182120317,0.2,1821.40,66.44,171.579,1.2,38.52,13.44,1820.41,4336845.27,1781583.77
00:01:47.224,18/01/2026,08:32:40,17_T02,39.122243187,10.182121532,0.2,1821.36,66.39,171.697,1.2,38.52,13.44,1820.41,4336845.38,1781583.83
00:01:48.232,18/01/2026,08:32:41,17_T02,39.122243681,10.182121151,0.2,1821.32,66.35,171.689,1.2,38.52,13.44,1820.35,4336845.34,1781583.88
00:01:49.226,18/01/2026,08:32:42,17_T02,39.122244162,10.182120977,0.2,1821.27,66.33,171.697,1.2,38.52,13.44,1820.35,4336845.33,1781583.93
00:01:50.219,18/01/2026,08:32:43,17_T02,39.122244620,10.182122190,0.2,1821.23,66.32,171.814,1.2,38.52,13.44,1820.26,4336845.43,1781583.98
00:01:51.227,18/01/2026,08:32:44,17_T02,39.122245111,10.182123428,0.2,1821.20,66.33,171.935,1.2,38.52,13.44,1820.26,4336845.54,1781584.04
00:01:52.222,18/01/2026,08:32:45,17_T02,39.122245591,10.182124712,0.2,1821.16,66.34,172.058,1.2,38.52,13.43,1820.18,4336845.65,1781584.09
00:01:53.219,18/01/2026,08:32:46,17_T02,39.122246016,10.182125741,0.2,1821.13,66.38,172.159,1.2,38.52,13.43,1820.18,4336845.74,1781584.14
00:01:54.229,18/01/2026,08:32:47,17_T02,39.122246439,10.182126790,0.2,1821.08,66.42,172.261,1.2,38.52,13.43,1820.12,4336845.83,1781584.19
00:01:55.221,18/01/2026,08:32:48,17_T02,39.122246870,10.182127983,0.2,1821.04,66.45,172.376,1.2,38.52,13.43,1820.12,4336845.94,1781584.23
00:01:56.229,18/01/2026,08:32:49,17_T02,39.122247329,10.182129220,0.2,1821.00,66.45,172.495,1.2,38.52,13.44,1820.02,4336846.04,1781584.29
00:01:57.224,18/01/2026,08:32:50,17_T02,39.122247821,10.182130490,0.2,1820.96,66.42,172.618,1.2,38.52,13.44,1820.02,4336846.15,1781584.34
00:01:58.233,18/01/2026,08:32:51,17_T02,39.122248320,10.182131663,0.2,1820.93,66.34,172.733,1.2,38.52,13.44,1819.94,4336846.26,1781584.39
00:01:59.230,18/01/2026,08:32:52,17_T02,39.122248445,10.182131850,0.2,1820.89,66.31,172.754,1.2,38.52,13.44,1819.94,4336846.27,1781584.41
00:02:00.220,18/01/2026,08:32:53,17_T02,39.122248613,10.182132218,0.2,1820.84,66.31,172.791,1.2,38.52,13.44,1819.87,4336846.30,1781584.43
00:02:01.227,18/01/2026,08:32:54,17_T02,39.122249028,10.182133419,0.2,1820.79,66.36,172.905,1.2,38.52,13.44,1819.87,4336846.41,1781584.47
00:02:02.222,18/01/2026,08:32:55,17_T02,39.122249489,10.182134639,0.2,1820.75,66.42,173.022,1.3,38.52,13.44,1819.77,4336846.52,1781584.52
00:02:03.220,18/01/2026,08:32:56,17_T02,39.122250001,10.182135951,0.2,1820.73,66.45,173.150,1.2,38.52,13.44,1819.77,4336846.63,1781584.58
00:02:04.232,18/01/2026,08:32:57,17_T02,39.122250484,10.182137186,0.2,1820.71,66.47,173.270,1.2,38.52,13.44,1819.70,4336846.74,1781584.63
00:02:05.228,18/01/2026,08:32:58,17_T02,39.122249339,10.182137834,0.2,1820.67,66.56,173.269,1.2,38.52,13.44,1819.70,4336846.79,1781584.51
00:02:06.233,18/01/2026,08:32:59,17_T02,39.122248513,10.182138496,0.2,1820.62,66.63,173.285,1.2,38.52,13.44,1819.64,4336846.85,1781584.42
00:02:07.226,18/01/2026,08:33:00,17_T02,39.122248904,10.182139584,0.2,1820.56,66.64,173.389,1.2,38.52,13.44,1819.64,4336846.95,1781584.46
00:02:08.221,18/01/2026,08:33:01,17_T02,39.122249481,10.182140744,0.2,1820.53,66.48,173.507,1.2,38.52,13.44,1819.53,4336847.05,1781584.52
00:02:09.218,18/01/2026,08:33:02,17_T02,39.122250114,10.182141991,0.2,1820.51,66.27,173.634,1.2,38.52,13.44,1819.53,4336847.15,1781584.59
00:02:10.230,18/01/2026,08:33:03,17_T02,39.122251288,10.182142406,0.2,1820.49,66.11,173.720,1.2,38.52,13.44,1819.48,4336847.19,1781584.72
00:02:11.220,18/01/2026,08:33:04,17_T02,39.122252243,10.182142834,0.2,1820.46,66.05,173.797,1.2,38.52,13.44,1819.48,4336847.23,1781584.83
00:02:12.231,18/01/2026,08:33:05,17_T02,39.122252604,10.182143917,0.2,1820.41,66.12,173.900,1.2,38.52,13.44,1819.42,4336847.32,1781584.87
00:02:13.223,18/01/2026,08:33:06,17_T02,39.122252974,10.182144977,0.2,1820.35,66.25,174.001,1.2,38.52,13.44,1819.42,4336847.41,1781584.91
00:02:14.219,18/01/2026,08:33:07,17_T02,39.122253422,10.182146137,0.2,1820.32,66.36,174.113,1.2,38.52,13.44,1819.31,4336847.51,1781584.96
00:02:15.227,18/01/2026,08:33:08,17_T02,39.122253927,10.182147445,0.2,1820.30,66.43,174.240,1.2,38.52,13.44,1819.31,4336847.63,1781585.02
00:02:16.221,18/01/2026,08:33:09,17_T02,39.122254643,10.182148456,0.2,1820.29,66.45,174.352,1.2,38.52,13.43,1819.28,4336847.72,1781585.10
00:02:17.225,18/01/2026,08:33:10,17_T02,39.122255238,10.182149411,0.2,1820.25,66.48,174.455,1.1,38.52,13.43,1819.28,4336847.80,1781585.16
00:02:18.232,18/01/2026,08:33:11,17_T02,39.122255617,10.182150438,0.2,1820.19,66.52,174.553,1.2,38.53,13.44,1819.20,4336847.89,1781585.20
00:02:19.221,18/01/2026,08:33:12,17_T02,39.122256007,10.182151399,0.2,1820.13,66.54,174.647,1.3,38.53,13.44,1819.20,4336847.97,1781585.25
00:02:20.228,18/01/2026,08:33:13,17_T02,39.122256488,10.182152539,0.2,1820.08,66.52,174.760,1.3,38.52,13.44,1819.07,4336848.07,1781585.30
00:02:21.224,18/01/2026,08:33:14,17_T02,39.122257008,10.182153789,0.2,1820.05,66.46,174.887,1.3,38.52,13.44,1819.07,4336848.18,1781585.36
00:02:22.229,18/01/2026,08:33:15,17_T02,39.122257588,10.182154902,0.2,1820.04,66.42,174.997,1.2,38.52,13.44,1819.02,4336848.28,1781585.42
00:02:23.233,18/01/2026,08:33:16,17_T02,39.122258130,10.182155970,0.2,1820.01,66.35,175.106,1.2,38.52,13.44,1819.02,4336848.37,1781585.48
00:02:24.223,18/01/2026,08:33:17,17_T02,39.122258570,10.182157011,0.2,1819.97,66.31,175.209,1.2,38.52,13.44,1818.97,4336848.46,1781585.53
00:02:25.220,18/01/2026,08:33:18,17_T02,39.122258970,10.182158063,0.2,1819.91,66.34,175.310,1.2,38.52,13.44,1818.97,4336848.55,1781585.58
00:02:26.226,18/01/2026,08:33:19,17_T02,39.122259336,10.182159107,0.2,1819.86,66.42,175.410,1.3,38.52,13.44,1818.85,4336848.64,1781585.62
00:02:27.221,18/01/2026,08:33:20,17_T02,39.122259110,10.182158911,0.2,1819.81,66.48,175.384,1.3,38.52,13.44,1818.85,4336848.62,1781585.59
00:02:28.218,18/01/2026,08:33:21,17_T02,39.122259050,10.182159010,0.2,1819.79,66.47,175.389,1.3,38.52,13.44,1818.85,4336848.63,1781585.58
00:02:29.225,18/01/2026,08:33:22,17_T02,39.122259646,10.182160296,0.2,1819.77,66.40,175.518,1.3,38.52,13.44,1818.78,4336848.74,1781585.65
00:02:30.220,18/01/2026,08:33:23,17_T02,39.122260181,10.182161440,0.2,1819.75,66.32,175.633,1.2,38.52,13.44,1818.78,4336848.84,1781585.71
00:02:31.227,18/01/2026,08:33:24,17_T02,39.122260624,10.182162497,0.2,1819.71,66.28,175.737,1.2,38.52,13.43,1818.75,4336848.94,1781585.76
00:02:32.222,18/01/2026,08:33:25,17_T02,39.122260992,10.182163469,0.2,1819.65,66.31,175.831,1.2,38.52,13.43,1818.75,4336849.02,1781585.80
00:02:33.232,18/01/2026,08:33:26,17_T02,39.122261312,10.182163258,0.2,1819.60,66.38,175.828,1.2,38.52,13.43,1818.66,4336849.00,1781585.84
00:02:34.227,18/01/2026,08:33:27,17_T02,39.122261711,10.182163441,0.2,1819.56,66.43,175.861,1.3,38.52,13.43,1818.66,4336849.02,1781585.88
00:02:35.219,18/01/2026,08:33:28,17_T02,39.122262275,10.182164696,0.2,1819.55,66.39,175.986,1.2,38.52,13.43,1818.55,4336849.13,1781585.94
00:02:36.229,18/01/2026,08:33:29,17_T02,39.122262881,10.182165935,0.2,1819.56,66.24,176.112,1.2,38.52,13.43,1818.55,4336849.23,1781586.01
00:02:37.220,18/01/2026,08:33:30,17_T02,39.122263346,10.182166948,0.2,1819.55,66.10,176.213,1.1,38.52,13.43,1818.54,4336849.32,1781586.06
00:02:38.229,18/01/2026,08:33:31,17_T02,39.122263629,10.182167807,0.2,1819.49,66.12,176.294,1.1,38.52,13.43,1818.54,4336849.40,1781586.09
00:02:39.224,18/01/2026,08:33:32,17_T02,39.122265275,10.182169194,0.2,1819.40,66.24,176.479,1.2,38.52,13.43,1818.49,4336849.52,1781586.27
00:02:40.223,18/01/2026,08:33:33,17_T02,39.122266854,10.182170708,0.2,1819.33,66.38,176.670,1.3,38.52,13.43,1818.49,4336849.65,1781586.45
00:02:41.233,18/01/2026,08:33:34,17_T02,39.122267331,10.182171871,0.2,1819.30,66.45,176.784,1.3,38.52,13.44,1818.31,4336849.75,1781586.50
00:02:42.227,18/01/2026,08:33:35,17_T02,39.122267959,10.182173232,0.2,1819.32,66.31,176.920,1.2,38.52,13.44,1818.31,4336849.87,1781586.57
00:02:43.222,18/01/2026,08:33:36,17_T02,39.122268509,10.182174400,0.2,1819.34,66.13,177.038,1.1,38.52,13.44,1818.30,4336849.97,1781586.63
00:02:44.229,18/01/2026,08:33:37,17_T02,39.122267943,10.182174601,0.2,1819.31,66.05,177.028,1.1,38.52,13.44,1818.30,4336849.99,1781586.57
00:02:45.226,18/01/2026,08:33:38,17_T02,39.122267462,10.182174746,0.2,1819.23,66.13,177.018,1.2,38.52,13.44,1818.29,4336850.00,1781586.52
00:02:46.233,18/01/2026,08:33:39,17_T02,39.122267682,10.182175431,0.2,1819.14,66.27,177.082,1.3,38.52,13.44,1818.29,4336850.06,1781586.54
00:02:47.232,18/01/2026,08:33:40,17_T02,39.122268032,10.182176355,0.2,1819.09,66.39,177.172,1.3,38.52,13.44,1818.12,4336850.14,1781586.58
00:02:48.230,18/01/2026,08:33:41,17_T02,39.122268542,10.182177618,0.2,1819.09,66.41,177.295,1.3,38.52,13.44,1818.12,4336850.25,1781586.64
00:02:49.224,18/01/2026,08:33:42,17_T02,39.122269096,10.182178955,0.2,1819.12,66.32,177.426,1.2,38.52,13.44,1818.08,4336850.37,1781586.70
00:02:50.222,18/01/2026,08:33:43,17_T02,39.122271233,10.182180737,0.2,1819.12,66.16,177.664,1.1,38.52,13.44,1818.08,4336850.52,1781586.93
00:02:51.231,18/01/2026,08:33:44,17_T02,39.122272986,10.182182191,0.2,1819.07,66.10,177.858,1.1,38.52,13.43,1818.11,4336850.65,1781587.13
00:02:52.228,18/01/2026,08:33:45,17_T02,39.122273192,10.182182834,0.2,1818.99,66.16,177.919,1.2,38.52,13.43,1818.11,4336850.70,1781587.15
00:02:53.220,18/01/2026,08:33:46,17_T02,39.122273380,10.182183506,0.2,1818.91,66.28,177.981,1.3,38.52,13.44,1817.95,4336850.76,1781587.17
00:02:54.231,18/01/2026,08:33:47,17_T02,39.122273749,10.182184602,0.2,1818.88,66.36,178.084,1.3,38.52,13.44,1817.95,4336850.86,1781587.21
00:02:55.226,18/01/2026,08:33:48,17_T02,39.122274267,10.182185883,0.2,1818.89,66.35,178.209,1.3,38.52,13.44,1817.86,4336850.97,1781587.27
00:02:56.219,18/01/2026,08:33:49,17_T02,39.122274806,10.182187088,0.2,1818.91,66.25,178.329,1.2,38.52,13.44,1817.86,4336851.07,1781587.33
00:02:57.226,18/01/2026,08:33:50,17_T02,39.122275263,10.182188139,0.2,1818.90,66.15,178.433,1.1,38.52,13.43,1817.90,4336851.16,1781587.38
00:02:58.220,18/01/2026,08:33:51,17_T02,39.122275544,10.182188967,0.2,1818.84,66.17,178.512,1.2,38.52,13.43,1817.90,4336851.24,1781587.41
00:02:59.228,18/01/2026,08:33:52,17_T02,39.122275752,10.182189714,0.2,1818.76,66.30,178.581,1.2,38.52,13.43,1817.80,4336851.30,1781587.43
00:03:00.220,18/01/2026,08:33:53,17_T02,39.122276025,10.182190586,0.2,1818.70,66.41,178.662,1.3,38.52,13.43,1817.80,4336851.38,1781587.46
00:03:01.228,18/01/2026,08:33:54,17_T02,39.122276162,10.182189330,0.2,1818.69,66.45,178.569,1.3,38.52,13.44,1817.68,4336851.27,1781587.48
00:03:02.232,18/01/2026,08:33:55,17_T02,39.122276379,10.182188573,0.2,1818.70,66.43,178.518,1.2,38.52,13.44,1817.68,4336851.20,1781587.50
00:03:03.224,18/01/2026,08:33:56,17_T02,39.122276827,10.182189725,0.2,1818.69,66.36,178.630,1.2,38.52,13.43,1817.69,4336851.30,1781587.55
00:03:04.233,18/01/2026,08:33:57,17_T02,39.122277195,10.182190739,0.2,1818.65,66.34,178.727,1.1,38.52,13.43,1817.69,4336851.39,1781587.59
00:03:05.227,18/01/2026,08:33:58,17_T02,39.122277486,10.182191589,0.2,1818.58,66.37,178.808,1.2,38.52,13.43,1817.62,4336851.46,1781587.63
00:03:06.221,18/01/2026,08:33:59,17_T02,39.122277826,10.182192514,0.2,1818.51,66.41,178.896,1.3,38.52,13.43,1817.62,4336851.54,1781587.66
00:03:07.232,18/01/2026,08:34:00,17_T02,39.122277462,10.182191818,0.2,1818.47,66.43,178.825,1.3,38.52,13.44,1817.47,4336851.48,1781587.62
00:03:08.223,18/01/2026,08:34:01,17_T02,39.122277318,10.182191600,0.2,1818.47,66.40,178.801,1.3,38.52,13.44,1817.47,4336851.46,1781587.61
00:03:09.232,18/01/2026,08:34:02,17_T02,39.122277842,10.182192907,0.2,1818.46,66.36,178.928,1.2,38.52,13.44,1817.43,4336851.58,1781587.67
00:03:10.225,18/01/2026,08:34:03,17_T02,39.122278266,10.182194051,0.2,1818.43,66.36,179.038,1.2,38.52,13.44,1817.43,4336851.68,1781587.71
00:03:11.219,18/01/2026,08:34:04,17_T02,39.122278617,10.182195034,0.2,1818.38,66.42,179.132,1.2,38.52,13.44,1817.39,4336851.76,1781587.75
00:03:12.219,18/01/2026,08:34:05,17_T02,39.122277290,10.182195407,0.2,1818.31,66.51,179.102,1.2,38.52,13.44,1817.39,4336851.80,1781587.60
00:03:13.226,18/01/2026,08:34:06,17_T02,39.122276332,10.182195992,0.2,1818.26,66.58,179.105,1.3,38.52,13.44,1817.26,4336851.85,1781587.50
00:03:14.228,18/01/2026,08:34:07,17_T02,39.122276814,10.182197204,0.2,1818.23,66.55,179.223,1.3,38.52,13.44,1817.26,4336851.95,1781587.55
00:03:15.232,18/01/2026,08:34:08,17_T02,39.122277378,10.182198490,0.2,1818.22,66.48,179.351,1.2,38.52,13.44,1817.21,4336852.06,1781587.62
00:03:16.230,18/01/2026,08:34:09,17_T02,39.122277862,10.182199661,0.2,1818.20,66.42,179.466,1.2,38.52,13.44,1817.21,4336852.17,1781587.67
00:03:17.231,18/01/2026,08:34:10,17_T02,39.122278281,10.182200718,0.2,1818.15,66.42,179.568,1.2,38.52,13.44,1817.14,4336852.26,1781587.72
00:03:18.225,18/01/2026,08:34:11,17_T02,39.122277463,10.182200394,0.2,1818.10,66.43,179.506,1.2,38.52,13.44,1817.14,4336852.23,1781587.63
00:03:19.228,18/01/2026,08:34:12,17_T02,39.122276918,10.182200366,0.2,1818.05,66.40,179.479,1.3,38.52,13.43,1817.03,4336852.23,1781587.56
00:03:20.219,18/01/2026,08:34:13,17_T02,39.122277399,10.182201475,0.2,1818.02,66.32,179.589,1.3,38.52,13.43,1817.03,4336852.32,1781587.62
00:03:21.229,18/01/2026,08:34:14,17_T02,39.122277903,10.182202668,0.2,1818.00,66.27,179.706,1.2,38.52,13.43,1816.99,4336852.43,1781587.67
00:03:22.223,18/01/2026,08:34:15,17_T02,39.122278319,10.182203808,0.2,1817.97,66.29,179.816,1.2,38.52,13.43,1816.99,4336852.53,1781587.72
00:03:23.230,18/01/2026,08:34:16,17_T02,39.122278724,10.182204902,0.2,1817.93,66.36,179.921,1.2,38.52,13.43,1816.92,4336852.62,1781587.77
00:03:24.226,18/01/2026,08:34:17,17_T02,39.122280687,10.182206441,0.2,1817.88,66.42,180.131,1.3,38.52,13.43,1816.92,4336852.75,1781587.98
00:03:25.233,18/01/2026,08:34:18,17_T02,39.122282351,10.182207917,0.2,1817.85,66.45,180.324,1.2,38.52,13.43,1816.92,4336852.88,1781588.17
00:03:26.223,18/01/2026,08:34:19,17_T02,39.122282812,10.182209085,0.2,1817.82,66.45,180.437,1.2,38.52,13.43,1816.82,4336852.98,1781588.22
00:03:27.233,18/01/2026,08:34:20,17_T02,39.122283267,10.182210249,0.2,1817.79,66.45,180.550,1.2,38.52,13.43,1816.82,4336853.09,1781588.27
00:03:28.225,18/01/2026,08:34:21,17_T02,39.122283737,10.182211414,0.2,1817.75,66.44,180.664,1.2,38.52,13.43,1816.76,4336853.19,1781588.32
00:03:29.220,18/01/2026,08:34:22,17_T02,39.122284063,10.182212376,0.2,1817.72,66.43,180.755,1.2,38.52,13.43,1816.76,4336853.27,1781588.36
00:03:30.219,18/01/2026,08:34:23,17_T02,39.122284400,10.182213383,0.2,1817.68,66.40,180.850,1.2,38.52,13.43,1816.70,4336853.36,1781588.39
00:03:31.229,18/01/2026,08:34:24,17_T02,39.122284886,10.182214572,0.2,1817.65,66.37,180.967,1.2,38.52,13.43,1816.70,4336853.46,1781588.45
00:03:32.222,18/01/2026,08:34:25,17_T02,39.122285357,10.182215727,0.2,1817.61,66.34,181.080,1.2,38.52,13.44,1816.62,4336853.56,1781588.50
00:03:33.230,18/01/2026,08:34:26,17_T02,39.122285841,10.182216927,0.2,1817.57,66.34,181.197,1.2,38.52,13.44,1816.62,4336853.67,1781588.55
00:03:34.220,18/01/2026,08:34:27,17_T02,39.122286316,10.182218124,0.2,1817.53,66.37,181.313,1.2,38.52,13.44,1816.54,4336853.77,1781588.61
00:03:35.230,18/01/2026,08:34:28,17_T02,39.122286698,10.182220225,0.2,1817.49,66.43,181.497,1.2,38.52,13.44,1816.54,4336853.95,1781588.65
00:03:36.223,18/01/2026,08:34:29,17_T02,39.122287081,10.182222209,0.2,1817.44,66.48,181.672,1.2,38.52,13.43,1816.45,4336854.13,1781588.69
00:03:37.243,18/01/2026,08:34:30,17_T02,39.122287557,10.182223479,0.2,1817.40,66.49,181.794,1.2,38.52,13.43,1816.45,4336854.24,1781588.74
00:03:38.229,18/01/2026,08:34:31,17_T02,39.122288046,10.182224735,0.2,1817.35,66.50,181.916,1.2,38.52,13.44,1816.36,4336854.34,1781588.80
00:03:39.221,18/01/2026,08:34:32,17_T02,39.122288490,10.182225915,0.2,1817.30,66.54,182.030,1.2,38.52,13.44,1816.36,4336854.45,1781588.85
00:03:40.229,18/01/2026,08:34:33,17_T02,39.122288902,10.182227842,0.2,1817.25,66.57,182.202,1.3,38.52,13.44,1816.28,4336854.61,1781588.89
00:03:41.226,18/01/2026,08:34:34,17_T02,39.122289356,10.182229623,0.2,1817.21,66.56,182.363,1.3,38.52,13.44,1816.28,4336854.77,1781588.94
00:03:42.243,18/01/2026,08:34:35,17_T02,39.122289896,10.182230943,0.2,1817.17,66.53,182.493,1.2,38.52,13.44,1816.16,4336854.88,1781589.00
00:03:43.228,18/01/2026,08:34:36,17_T02,39.122290386,10.182232181,0.2,1817.13,66.49,182.613,1.2,38.52,13.44,1816.16,4336854.99,1781589.06
00:03:44.234,18/01/2026,08:34:37,17_T02,39.122290900,10.182233442,0.2,1817.09,66.47,182.736,1.2,38.52,13.43,1816.10,4336855.10,1781589.11
00:03:45.223,18/01/2026,08:34:38,17_T02,39.122291394,10.182234621,0.2,1817.05,66.46,182.852,1.2,38.52,13.43,1816.10,4336855.20,1781589.17
00:03:46.224,18/01/2026,08:34:39,17_T02,39.122292239,10.182237723,0.2,1817.01,66.42,183.137,1.3,38.52,13.44,1815.99,4336855.47,1781589.26
00:03:47.232,18/01/2026,08:34:40,17_T02,39.122293021,10.182240522,0.2,1816.98,66.37,183.394,1.2,38.52,13.44,1815.99,4336855.72,1781589.35
00:03:48.220,18/01/2026,08:34:41,17_T02,39.122293531,10.182241773,0.2,1816.95,66.33,183.517,1.2,38.52,13.43,1815.94,4336855.83,1781589.41
00:03:49.224,18/01/2026,08:34:42,17_T02,39.122294038,10.182243010,0.2,1816.92,66.29,183.638,1.2,38.52,13.43,1815.94,4336855.93,1781589.46
00:03:50.227,18/01/2026,08:34:43,17_T02,39.122294513,10.182244239,0.2,1816.88,66.28,183.757,1.2,38.52,13.43,1815.87,4336856.04,1781589.52
00:03:51.219,18/01/2026,08:34:44,17_T02,39.122294978,10.182245515,0.2,1816.84,66.31,183.879,1.2,38.52,13.43,1815.87,4336856.15,1781589.57
00:03:52.231,18/01/2026,08:34:45,17_T02,39.122295656,10.182247136,0.2,1816.80,66.36,184.038,1.2,38.52,13.43,1815.79,4336856.29,1781589.64
00:03:53.220,18/01/2026,08:34:46,17_T02,39.122296296,10.182248694,0.2,1816.75,66.43,184.191,1.2,38.52,13.43,1815.79,4336856.43,1781589.71
00:03:54.227,18/01/2026,08:34:47,17_T02,39.122296751,10.182250001,0.2,1816.71,66.50,184.315,1.2,38.52,13.43,1815.69,4336856.54,1781589.76
00:03:55.219,18/01/2026,08:34:48,17_T02,39.122297230,10.182251261,0.2,1816.67,66.53,184.437,1.3,38.52,13.43,1815.69,4336856.65,1781589.82
00:03:56.227,18/01/2026,08:34:49,17_T02,39.122297757,10.182252586,0.2,1816.64,66.51,184.566,1.2,38.52,13.44,1815.63,4336856.77,1781589.88
00:03:57.218,18/01/2026,08:34:50,17_T02,39.122297921,10.182254480,0.2,1816.61,66.46,184.724,1.2,38.52,13.44,1815.63,4336856.93,1781589.89
00:03:58.228,18/01/2026,08:34:51,17_T02,39.122298073,10.182256154,0.2,1816.56,66.44,184.863,1.2,38.52,13.44,1815.54,4336857.08,1781589.91
00:03:59.222,18/01/2026,08:34:52,17_T02,39.122298485,10.182257315,0.2,1816.50,66.45,184.974,1.2,38.52,13.44,1815.54,4336857.18,1781589.96
00:04:00.232,18/01/2026,08:34:53,17_T02,39.122298931,10.182258527,0.2,1816.44,66.48,185.091,1.3,38.52,13.43,1815.44,4336857.28,1781590.01
00:04:01.229,18/01/2026,08:34:54,17_T02,39.122299441,10.182259789,0.2,1816.40,66.46,185.214,1.3,38.52,13.43,1815.44,4336857.39,1781590.06
00:04:02.222,18/01/2026,08:34:55,17_T02,39.122300032,10.182261129,0.2,1816.39,66.35,185.347,1.2,38.52,13.43,1815.34,4336857.51,1781590.13
00:04:03.220,18/01/2026,08:34:56,17_T02,39.122300885,10.182263576,0.2,1816.38,66.21,185.580,1.2,38.52,13.43,1815.34,4336857.72,1781590.22
00:04:04.228,18/01/2026,08:34:57,17_T02,39.122301524,10.182265619,0.3,1816.34,66.18,185.771,1.2,38.52,13.43,1815.31,4336857.90,1781590.29
00:04:05.222,18/01/2026,08:34:58,17_T02,39.122301843,10.182266625,0.2,1816.27,66.23,185.865,1.2,38.52,13.43,1815.31,4336857.99,1781590.33
00:04:06.218,18/01/2026,08:34:59,17_T02,39.122302229,10.182267674,0.2,1816.21,66.28,185.966,1.3,38.52,13.43,1815.20,4336858.08,1781590.37
00:04:07.232,18/01/2026,08:35:00,17_T02,39.122302693,10.182268876,0.2,1816.17,66.28,186.082,1.3,38.52,13.43,1815.20,4336858.18,1781590.42
00:04:08.229,18/01/2026,08:35:01,17_T02,39.122303194,10.182270199,0.2,1816.16,66.25,186.210,1.2,38.52,13.43,1815.10,4336858.30,1781590.48
00:04:09.223,18/01/2026,08:35:02,17_T02,39.122303084,10.182269680,0.2,1816.14,66.24,186.164,1.2,38.52,13.43,1815.10,4336858.25,1781590.47
00:04:10.231,18/01/2026,08:35:03,17_T02,39.122302956,10.182269215,0.2,1816.10,66.28,186.121,1.2,38.52,13.43,1815.08,4336858.21,1781590.45
00:04:11.223,18/01/2026,08:35:04,17_T02,39.122303331,10.182270216,0.2,1816.05,66.35,186.217,1.2,38.52,13.43,1815.08,4336858.30,1781590.49
00:04:12.231,18/01/2026,08:35:05,17_T02,39.122303705,10.182271248,0.2,1816.00,66.39,186.316,1.3,38.52,13.43,1814.95,4336858.39,1781590.54
00:04:13.223,18/01/2026,08:35:06,17_T02,39.122304109,10.182272412,0.2,1815.97,66.38,186.427,1.3,38.52,13.43,1814.95,4336858.49,1781590.58
00:04:14.233,18/01/2026,08:35:07,17_T02,39.122306145,10.182273738,0.2,1815.95,66.38,186.624,1.2,38.52,13.43,1814.91,4336858.60,1781590.81
00:04:15.224,18/01/2026,08:35:08,17_T02,39.122307740,10.182274938,0.2,1815.92,66.39,186.791,1.2,38.52,13.43,1814.91,4336858.71,1781590.98
00:04:16.232,18/01/2026,08:35:09,17_T02,39.122308171,10.182276027,0.2,1815.88,66.39,186.897,1.2,38.52,13.43,1814.84,4336858.80,1781591.03
00:04:17.228,18/01/2026,08:35:10,17_T02,39.122308664,10.182277098,0.2,1815.84,66.35,187.004,1.2,38.52,13.43,1814.84,4336858.90,1781591.08
00:04:18.225,18/01/2026,08:35:11,17_T02,39.122309102,10.182278084,0.2,1815.82,66.24,187.102,1.2,38.52,13.43,1814.76,4336858.98,1781591.13
00:04:19.232,18/01/2026,08:35:12,17_T02,39.122309439,10.182279050,0.2,1815.79,66.16,187.194,1.2,38.52,13.43,1814.76,4336859.06,1781591.17
00:04:20.227,18/01/2026,08:35:13,17_T02,39.122309155,10.182278456,0.2,1815.74,66.19,187.134,1.2,38.52,13.43,1814.76,4336859.01,1781591.14
00:04:21.225,18/01/2026,08:35:14,17_T02,39.122308963,10.182278026,0.2,1815.68,66.28,187.092,1.3,38.52,13.43,1814.70,4336858.98,1781591.12
00:04:22.231,18/01/2026,08:35:15,17_T02,39.122309349,10.182279016,0.2,1815.64,66.35,187.188,1.3,38.52,13.43,1814.70,4336859.06,1781591.16
00:04:23.222,18/01/2026,08:35:16,17_T02,39.122309767,10.182280095,0.2,1815.63,66.35,187.292,1.3,38.52,13.43,1814.58,4336859.16,1781591.21
00:04:24.226,18/01/2026,08:35:17,17_T02,39.122310101,10.182281115,0.2,1815.64,66.30,187.388,1.2,38.52,13.43,1814.58,4336859.24,1781591.24
00:04:25.219,18/01/2026,08:35:18,17_T02,39.122310300,10.182281981,0.2,1815.61,66.31,187.466,1.2,38.52,13.43,1814.58,4336859.32,1781591.27
00:04:26.224,18/01/2026,08:35:19,17_T02,39.122310416,10.182282637,0.2,1815.54,66.37,187.523,1.3,38.52,13.43,1814.58,4336859.38,1781591.28
00:04:27.230,18/01/2026,08:35:20,17_T02,39.122310633,10.182283272,0.2,1815.47,66.43,187.583,1.3,38.53,13.43,1814.49,4336859.43,1781591.30
00:04:28.221,18/01/2026,08:35:21,17_T02,39.122310972,10.182284097,0.2,1815.45,66.41,187.664,1.3,38.53,13.43,1814.49,4336859.50,1781591.34
00:04:29.228,18/01/2026,08:35:22,17_T02,39.122311327,10.182285136,0.2,1815.46,66.36,187.763,1.3,38.52,13.44,1814.39,4336859.59,1781591.38
00:04:30.218,18/01/2026,08:35:23,17_T02,39.122311660,10.182286169,0.2,1815.47,66.29,187.860,1.2,38.52,13.44,1814.39,4336859.68,1781591.42
00:04:31.219,18/01/2026,08:35:24,17_T02,39.122311604,10.182284663,0.2,1815.45,66.25,187.738,1.2,38.53,13.44,1814.42,4336859.55,1781591.41
00:04:32.222,18/01/2026,08:35:25,17_T02,39.122311523,10.182283359,0.2,1815.40,66.26,187.631,1.2,38.53,13.44,1814.42,4336859.44,1781591.40
00:04:33.227,18/01/2026,08:35:26,17_T02,39.122311688,10.182283955,0.2,1815.34,66.32,187.685,1.3,38.52,13.44,1814.34,4336859.49,1781591.42
00:04:34.231,18/01/2026,08:35:27,17_T02,39.122311890,10.182284727,0.2,1815.31,66.39,187.756,1.3,38.52,13.44,1814.34,4336859.56,1781591.44
00:04:35.219,18/01/2026,08:35:28,17_T02,39.122312127,10.182285637,0.2,1815.31,66.41,187.839,1.3,38.52,13.44,1814.24,4336859.64,1781591.47
00:04:36.227,18/01/2026,08:35:29,17_T02,39.122312399,10.182286557,0.2,1815.31,66.40,187.924,1.2,38.52,13.44,1814.24,4336859.72,1781591.50
00:04:37.230,18/01/2026,08:35:30,17_T02,39.122312592,10.182287290,0.1,1815.28,66.41,187.991,1.2,38.52,13.44,1814.24,4336859.78,1781591.52
00:04:38.221,18/01/2026,08:35:31,17_T02,39.122312775,10.182287944,0.1,1815.24,66.44,188.051,1.2,38.52,13.44,1814.24,4336859.84,1781591.54
00:04:39.228,18/01/2026,08:35:32,17_T02,39.122313049,10.182288718,0.1,1815.20,66.45,188.125,1.3,38.52,13.44,1814.19,4336859.91,1781591.57
00:04:40.220,18/01/2026,08:35:33,17_T02,39.122313311,10.182289604,0.1,1815.17,66.46,188.207,1.3,38.52,13.44,1814.19,4336859.98,1781591.60
00:04:41.230,18/01/2026,08:35:34,17_T02,39.122313636,10.182290642,0.1,1815.15,66.47,188.304,1.3,38.52,13.44,1814.11,4336860.07,1781591.64
00:04:42.225,18/01/2026,08:35:35,17_T02,39.122313955,10.182291655,0.1,1815.14,66.47,188.399,1.3,38.52,13.44,1814.11,4336860.16,1781591.67
00:04:43.220,18/01/2026,08:35:36,17_T02,39.122313293,10.182290666,0.2,1815.12,66.46,188.291,1.2,38.52,13.44,1814.09,4336860.07,1781591.60
00:04:44.227,18/01/2026,08:35:37,17_T02,39.122312760,10.182289982,0.2,1815.10,66.46,188.212,1.2,38.52,13.44,1814.09,4336860.02,1781591.54
00:04:45.220,18/01/2026,08:35:38,17_T02,39.122313039,10.182290896,0.2,1815.06,66.49,188.297,1.2,38.52,13.45,1814.04,4336860.09,1781591.57
00:04:46.225,18/01/2026,08:35:39,17_T02,39.122313292,10.182291814,0.2,1815.02,66.54,188.382,1.3,38.52,13.45,1814.04,4336860.17,1781591.60
00:04:47.219,18/01/2026,08:35:40,17_T02,39.122313603,10.182292793,0.2,1814.98,66.57,188.474,1.2,38.52,13.44,1813.95,4336860.26,1781591.63
00:04:48.230,18/01/2026,08:35:41,17_T02,39.122314875,10.182294965,0.2,1814.95,66.53,188.703,1.3,38.52,13.44,1813.95,4336860.45,1781591.77
00:04:49.226,18/01/2026,08:35:42,17_T02,39.122316031,10.182296933,0.2,1814.93,66.45,188.912,1.2,38.52,13.44,1813.89,4336860.62,1781591.90
00:04:50.232,18/01/2026,08:35:43,17_T02,39.122316459,10.182298007,0.2,1814.91,66.36,189.016,1.2,38.52,13.44,1813.89,4336860.71,1781591.95
00:04:51.231,18/01/2026,08:35:44,17_T02,39.122316792,10.182298973,0.2,1814.88,66.31,189.108,1.2,38.52,13.44,1813.84,4336860.80,1781591.99
00:04:52.224,18/01/2026,08:35:45,17_T02,39.122317063,10.182299857,0.2,1814.82,66.33,189.191,1.2,38.52,13.44,1813.84,4336860.87,1781592.02
00:04:53.221,18/01/2026,08:35:46,17_T02,39.122317350,10.182300757,0.2,1814.77,66.37,189.275,1.3,38.52,13.43,1813.74,4336860.95,1781592.05
00:04:54.230,18/01/2026,08:35:47,17_T02,39.122318471,10.182301479,0.2,1814.73,66.39,189.383,1.3,38.52,13.43,1813.74,4336861.01,1781592.17
00:04:55.225,18/01/2026,08:35:48,17_T02,39.122319489,10.182302372,0.2,1814.72,66.36,189.500,1.2,38.52,13.43,1813.65,4336861.09,1781592.28
00:04:56.218,18/01/2026,08:35:49,17_T02,39.122319913,10.182303511,0.2,1814.71,66.32,189.609,1.2,38.52,13.43,1813.65,4336861.19,1781592.33
00:04:57.227,18/01/2026,08:35:50,17_T02,39.122320258,10.182304592,0.2,1814.68,66.33,189.711,1.2,38.52,13.44,1813.66,4336861.28,1781592.37
00:04:58.219,18/01/2026,08:35:51,17_T02,39.122320550,10.182305539,0.2,1814.62,66.37,189.799,1.2,38.52,13.44,1813.66,4336861.37,1781592.40
00:04:59.223,18/01/2026,08:35:52,17_T02,39.122322457,10.182307704,0.2,1814.56,66.41,190.057,1.3,38.52,13.43,1813.54,4336861.55,1781592.61
00:05:00.230,18/01/2026,08:35:53,17_T02,39.122324220,10.182309871,0.2,1814.52,66.42,190.309,1.3,38.52,13.43,1813.54,4336861.74,1781592.81
00:05:01.225,18/01/2026,08:35:54,17_T02,39.122324642,10.182311061,0.2,1814.52,66.39,190.422,1.3,38.52,13.43,1813.47,4336861.85,1781592.85
00:05:02.219,18/01/2026,08:35:55,17_T02,39.122325045,10.182312224,0.2,1814.51,66.32,190.533,1.2,38.52,13.43,1813.47,4336861.95,1781592.90
00:05:03.218,18/01/2026,08:35:56,17_T02,39.122325372,10.182313217,0.2,1814.47,66.31,190.626,1.2,38.52,13.44,1813.46,4336862.03,1781592.93
00:05:04.222,18/01/2026,08:35:57,17_T02,39.122325670,10.182314112,0.2,1814.41,66.34,190.711,1.2,38.52,13.44,1813.46,4336862.11,1781592.97
00:05:05.230,18/01/2026,08:35:58,17_T02,39.122324765,10.182315591,0.2,1814.35,66.38,190.787,1.3,38.52,13.44,1813.32,4336862.24,1781592.87
00:05:06.221,18/01/2026,08:35:59,17_T02,39.122324104,10.182317195,0.2,1814.31,66.39,190.885,1.3,38.52,13.44,1813.32,4336862.38,1781592.80
00:05:07.223,18/01/2026,08:36:00,17_T02,39.122324571,10.182318422,0.2,1814.30,66.37,191.003,1.3,38.52,13.44,1813.25,4336862.49,1781592.85
00:05:08.228,18/01/2026,08:36:01,17_T02,39.122325017,10.182319592,0.2,1814.29,66.32,191.117,1.2,38.52,13.44,1813.25,4336862.59,1781592.90
00:05:09.231,18/01/2026,08:36:02,17_T02,39.122325378,10.182320637,0.2,1814.26,66.30,191.216,1.2,38.52,13.44,1813.24,4336862.68,1781592.94
00:05:10.222,18/01/2026,08:36:03,17_T02,39.122325720,10.182321604,0.2,1814.21,66.32,191.308,1.2,38.52,13.44,1813.24,4336862.76,1781592.98
00:05:11.228,18/01/2026,08:36:04,17_T02,39.122326034,10.182322558,0.2,1814.15,66.37,191.398,1.3,38.52,13.43,1813.12,4336862.85,1781593.01
00:05:12.218,18/01/2026,08:36:05,17_T02,39.122326390,10.182323638,0.2,1814.12,66.42,191.500,1.3,38.52,13.43,1813.12,4336862.94,1781593.05
00:05:13.228,18/01/2026,08:36:06,17_T02,39.122326786,10.182324808,0.2,1814.10,66.42,191.610,1.3,38.52,13.43,1813.05,4336863.04,1781593.09
00:05:14.223,18/01/2026,08:36:07,17_T02,39.122327217,10.182326024,0.2,1814.09,66.39,191.727,1.3,38.52,13.43,1813.05,4336863.15,1781593.14
00:05:15.231,18/01/2026,08:36:08,17_T02,39.122327620,10.182327134,0.2,1814.06,66.39,191.833,1.2,38.52,13.44,1813.02,4336863.24,1781593.19
00:05:16.224,18/01/2026,08:36:09,17_T02,39.122327967,10.182328129,0.2,1814.01,66.40,191.927,1.2,38.52,13.44,1813.02,4336863.33,1781593.22
00:05:17.222,18/01/2026,08:36:10,17_T02,39.122328300,10.182329109,0.2,1813.96,66.42,192.020,1.2,38.52,13.44,1813.02,4336863.42,1781593.26
00:05:18.231,18/01/2026,08:36:11,17_T02,39.122328669,10.182330231,0.2,1813.91,66.44,192.126,1.3,38.52,13.43,1812.92,4336863.51,1781593.30
00:05:19.227,18/01/2026,08:36:12,17_T02,39.122329123,10.182331465,0.2,1813.89,66.44,192.245,1.3,38.52,13.43,1812.92,4336863.62,1781593.35
00:05:20.220,18/01/2026,08:36:13,17_T02,39.122329593,10.182332716,0.2,1813.88,66.41,192.365,1.2,38.53,13.43,1812.85,4336863.73,1781593.40
00:05:21.233,18/01/2026,08:36:14,17_T02,39.122330054,10.182333920,0.2,1813.86,66.36,192.482,1.2,38.53,13.43,1812.85,4336863.83,1781593.46
00:05:22.229,18/01/2026,08:36:15,17_T02,39.122330226,10.182336936,0.2,1813.82,66.35,192.729,1.2,38.52,13.43,1812.82,4336864.10,1781593.48
00:05:23.223,18/01/2026,08:36:16,17_T02,39.122330371,10.182339479,0.2,1813.75,66.39,192.937,1.2,38.52,13.43,1812.82,4336864.32,1781593.49
00:05:24.220,18/01/2026,08:36:17,17_T02,39.122330678,10.182340494,0.2,1813.68,66.43,193.032,1.3,38.53,13.43,1812.71,4336864.41,1781593.53
00:05:25.230,18/01/2026,08:36:18,17_T02,39.122331060,10.182341618,0.2,1813.64,66.46,193.138,1.3,38.53,13.43,1812.71,4336864.50,1781593.57
00:05:26.225,18/01/2026,08:36:19,17_T02,39.122331523,10.182342890,0.2,1813.62,66.47,193.260,1.3,38.52,13.44,1812.59,4336864.61,1781593.62
00:05:27.218,18/01/2026,08:36:20,17_T02,39.122332029,10.182344218,0.2,1813.61,66.43,193.388,1.2,38.52,13.44,1812.59,4336864.73,1781593.68
00:05:28.228,18/01/2026,08:36:21,17_T02,39.122332514,10.182345359,0.2,1813.58,66.39,193.501,1.2,38.52,13.43,1812.57,4336864.83,1781593.73
00:05:29.223,18/01/2026,08:36:22,17_T02,39.122332864,10.182346362,0.2,1813.53,66.42,193.596,1.2,38.52,13.43,1812.57,4336864.92,1781593.77
00:05:30.218,18/01/2026,08:36:23,17_T02,39.122333143,10.182347364,0.2,1813.46,66.48,193.688,1.3,38.52,13.43,1812.49,4336865.00,1781593.80
00:05:31.230,18/01/2026,08:36:24,17_T02,39.122333464,10.182348373,0.2,1813.40,66.53,193.783,1.3,38.52,13.43,1812.49,4336865.09,1781593.84
00:05:32.227,18/01/2026,08:36:25,17_T02,39.122333887,10.182349547,0.2,1813.37,66.54,193.895,1.3,38.52,13.44,1812.37,4336865.19,1781593.88
00:05:33.222,18/01/2026,08:36:26,17_T02,39.122334183,10.182351825,0.2,1813.36,66.47,194.090,1.3,38.52,13.44,1812.37,4336865.39,1781593.92
00:05:34.218,18/01/2026,08:36:27,17_T02,39.122334461,10.182353785,0.2,1813.35,66.40,194.258,1.2,38.52,13.45,1812.33,4336865.56,1781593.95
00:05:35.222,18/01/2026,08:36:28,17_T02,39.122334871,10.182354931,0.2,1813.30,66.39,194.367,1.2,38.52,13.45,1812.33,4336865.66,1781593.99
00:05:36.218,18/01/2026,08:36:29,17_T02,39.122335215,10.182355975,0.2,1813.24,66.43,194.466,1.2,38.53,13.43,1812.26,4336865.75,1781594.03
00:05:37.219,18/01/2026,08:36:30,17_T02,39.122335604,10.182357023,0.2,1813.18,66.47,194.567,1.3,38.53,13.43,1812.26,4336865.84,1781594.07
00:05:38.222,18/01/2026,08:36:31,17_T02,39.122336033,10.182358176,0.2,1813.14,66.47,194.677,1.3,38.53,13.44,1812.15,4336865.94,1781594.12
00:05:39.226,18/01/2026,08:36:32,17_T02,39.122337442,10.182360947,0.2,1813.12,66.49,194.961,1.3,38.53,13.44,1812.15,4336866.18,1781594.28
00:05:40.228,18/01/2026,08:36:33,17_T02,39.122338631,10.182363363,0.2,1813.09,66.50,195.206,1.2,38.52,13.44,1812.08,4336866.39,1781594.41
00:05:41.228,18/01/2026,08:36:34,17_T02,39.122339046,10.182364604,0.2,1813.05,66.53,195.324,1.2,38.52,13.44,1812.08,4336866.50,1781594.45
00:05:42.218,18/01/2026,08:36:35,17_T02,39.122339448,10.182365684,0.2,1813.00,66.55,195.428,1.2,38.52,13.44,1812.01,4336866.60,1781594.50
00:05:43.220,18/01/2026,08:36:36,17_T02,39.122339858,10.182366782,0.2,1812.95,66.59,195.533,1.3,38.52,13.44,1812.01,4336866.69,1781594.54
00:05:44.222,18/01/2026,08:36:37,17_T02,39.122340288,10.182367967,0.2,1812.91,66.59,195.647,1.3,38.52,13.43,1811.92,4336866.79,1781594.59
00:05:45.226,18/01/2026,08:36:38,17_T02,39.122341306,10.182371465,0.2,1812.88,66.54,195.971,1.3,38.52,13.43,1811.92,4336867.10,1781594.71
00:05:46.222,18/01/2026,08:36:39,17_T02,39.122342222,10.182374461,0.2,1812.85,66.49,196.250,1.2,38.52,13.44,1811.83,4336867.36,1781594.81
00:05:47.225,18/01/2026,08:36:40,17_T02,39.122342687,10.182375670,0.2,1812.81,66.47,196.367,1.2,38.52,13.44,1811.83,4336867.46,1781594.86
00:05:48.231,18/01/2026,08:36:41,17_T02,39.122343172,10.182376856,0.2,1812.76,66.47,196.483,1.2,38.52,13.44,1811.76,4336867.57,1781594.91
00:05:49.221,18/01/2026,08:36:42,17_T02,39.122343631,10.182378036,0.2,1812.71,66.45,196.597,1.3,38.52,13.44,1811.76,4336867.67,1781594.96
00:05:50.220,18/01/2026,08:36:43,17_T02,39.122344911,10.182379586,0.2,1812.68,66.41,196.778,1.3,38.52,13.44,1811.64,4336867.80,1781595.10
00:05:51.229,18/01/2026,08:36:44,17_T02,39.122346068,10.182381097,0.2,1812.64,66.40,196.950,1.2,38.52,13.44,1811.64,4336867.93,1781595.23
00:05:52.222,18/01/2026,08:36:45,17_T02,39.122346489,10.182382304,0.2,1812.60,66.42,197.065,1.3,38.52,13.43,1811.59,4336868.04,1781595.28
00:05:53.219,18/01/2026,08:36:46,17_T02,39.122346930,10.182383460,0.2,1812.56,66.43,197.177,1.3,38.52,13.43,1811.59,4336868.14,1781595.33
00:05:54.228,18/01/2026,08:36:47,17_T02,39.122347411,10.182384612,0.2,1812.52,66.43,197.290,1.2,38.52,13.43,1811.50,4336868.24,1781595.38
00:05:55.221,18/01/2026,08:36:48,17_T02,39.122347908,10.182385854,0.2,1812.48,66.41,197.411,1.2,38.52,13.43,1811.50,4336868.35,1781595.44
00:05:56.229,18/01/2026,08:36:49,17_T02,39.122348394,10.182387076,0.2,1812.45,66.38,197.530,1.2,38.52,13.43,1811.42,4336868.45,1781595.49
00:05:57.222,18/01/2026,08:36:50,17_T02,39.122348838,10.182388328,0.2,1812.41,66.39,197.649,1.2,38.52,13.43,1811.42,4336868.56,1781595.54
00:05:58.220,18/01/2026,08:36:51,17_T02,39.122349268,10.182389507,0.2,1812.36,66.42,197.762,1.2,38.52,13.43,1811.35,4336868.67,1781595.59
00:05:59.230,18/01/2026,08:36:52,17_T02,39.122349733,10.182390668,0.2,1812.32,66.45,197.876,1.2,38.52,13.43,1811.35,4336868.77,1781595.64
00:06:00.228,18/01/2026,08:36:53,17_T02,39.122350191,10.182391889,0.2,1812.28,66.46,197.993,1.2,38.52,13.43,1811.27,4336868.87,1781595.69
00:06:01.224,18/01/2026,08:36:54,17_T02,39.122350641,10.182393104,0.2,1812.24,66.46,198.110,1.2,38.52,13.43,1811.27,4336868.98,1781595.74
00:06:02.218,18/01/2026,08:36:55,17_T02,39.122351484,10.182394880,0.2,1812.20,66.44,198.289,1.2,38.52,13.44,1811.17,4336869.13,1781595.83
00:06:03.227,18/01/2026,08:36:56,17_T02,39.122352271,10.182396563,0.2,1812.16,66.44,198.458,1.2,38.52,13.44,1811.17,4336869.28,1781595.92
00:06:04.232,18/01/2026,08:36:57,17_T02,39.122352750,10.182397784,0.2,1812.11,66.45,198.577,1.2,38.52,13.43,1811.10,4336869.38,1781595.97
00:06:05.224,18/01/2026,08:36:58,17_T02,39.122353220,10.182398966,0.2,1812.06,66.44,198.692,1.3,38.52,13.43,1811.10,4336869.49,1781596.03
00:06:06.233,18/01/2026,08:36:59,17_T02,39.122353691,10.182400212,0.2,1812.03,66.44,198.812,1.2,38.52,13.43,1811.02,4336869.60,1781596.08
00:06:07.229,18/01/2026,08:37:00,17_T02,39.122355438,10.182401931,0.2,1812.00,66.41,199.027,1.2,38.52,13.43,1811.02,4336869.75,1781596.27
00:06:08.221,18/01/2026,08:37:01,17_T02,39.122356892,10.182403445,0.2,1811.96,66.41,199.213,1.2,38.52,13.43,1810.95,4336869.88,1781596.43
00:06:09.229,18/01/2026,08:37:02,17_T02,39.122357275,10.182404562,0.2,1811.90,66.44,199.319,1.3,38.52,13.43,1810.95,4336869.97,1781596.47
00:06:10.220,18/01/2026,08:37:03,17_T02,39.122357683,10.182405710,0.2,1811.84,66.48,199.429,1.3,38.52,13.43,1810.83,4336870.07,1781596.52
00:06:11.232,18/01/2026,08:37:04,17_T02,39.122358148,10.182406960,0.2,1811.80,66.48,199.549,1.3,38.52,13.43,1810.83,4336870.18,1781596.57
00:06:12.223,18/01/2026,08:37:05,17_T02,39.122358638,10.182408214,0.2,1811.77,66.44,199.671,1.3,38.52,13.43,1810.83,4336870.29,1781596.63
00:06:13.230,18/01/2026,08:37:06,17_T02,39.122359130,10.182409063,0.2,1811.75,66.37,199.760,1.2,38.52,13.43,1810.75,4336870.36,1781596.68
00:06:14.221,18/01/2026,08:37:07,17_T02,39.122359577,10.182409844,0.2,1811.71,66.33,199.842,1.2,38.52,13.43,1810.75,4336870.43,1781596.73
00:06:15.227,18/01/2026,08:37:08,17_T02,39.122359962,10.182410974,0.2,1811.65,66.33,199.949,1.3,38.52,13.43,1810.70,4336870.53,1781596.77
00:06:16.231,18/01/2026,08:37:09,17_T02,39.122360370,10.182412064,0.2,1811.58,66.34,200.054,1.3,38.52,13.43,1810.70,4336870.63,1781596.82
00:06:17.222,18/01/2026,08:37:10,17_T02,39.122360834,10.182413281,0.2,1811.53,66.35,200.172,1.3,38.52,13.43,1810.56,4336870.73,1781596.87
00:06:18.227,18/01/2026,08:37:11,17_T02,39.122360139,10.182414713,0.2,1811.51,66.34,200.256,1.3,38.52,13.43,1810.56,4336870.86,1781596.79
00:06:19.230,18/01/2026,08:37:12,17_T02,39.122359539,10.182416135,0.2,1811.49,66.33,200.340,1.2,38.52,13.43,1810.49,4336870.98,1781596.73
00:06:20.229,18/01/2026,08:37:13,17_T02,39.122359935,10.182417371,0.2,1811.44,66.39,200.456,1.2,38.52,13.43,1810.49,4336871.09,1781596.77
00:06:21.218,18/01/2026,08:37:14,17_T02,39.122360289,10.182418472,0.2,1811.38,66.47,200.560,1.3,38.52,13.43,1810.43,4336871.18,1781596.81
00:06:22.230,18/01/2026,08:37:15,17_T02,39.122360666,10.182419593,0.2,1811.32,66.52,200.666,1.3,38.52,13.43,1810.43,4336871.28,1781596.85
00:06:23.222,18/01/2026,08:37:16,17_T02,39.122361115,10.182420819,0.2,1811.28,66.55,200.783,1.3,38.52,13.43,1810.29,4336871.39,1781596.90
00:06:24.227,18/01/2026,08:37:17,17_T02,39.122360254,10.182421115,0.2,1811.26,66.54,200.768,1.3,38.52,13.43,1810.29,4336871.41,1781596.81
00:06:25.221,18/01/2026,08:37:18,17_T02,39.122359646,10.182421546,0.2,1811.23,66.50,200.775,1.2,38.52,13.43,1810.24,4336871.45,1781596.74
00:06:26.231,18/01/2026,08:37:19,17_T02,39.122360106,10.182422716,0.2,1811.19,66.46,200.888,1.2,38.52,13.43,1810.24,4336871.55,1781596.79
00:06:27.226,18/01/2026,08:37:20,17_T02,39.122360555,10.182423881,0.2,1811.14,66.44,201.001,1.2,38.52,13.43,1810.17,4336871.65,1781596.84
00:06:28.221,18/01/2026,08:37:21,17_T02,39.122360977,10.182425012,0.2,1811.09,66.43,201.110,1.3,38.52,13.43,1810.17,4336871.75,1781596.89
00:06:29.232,18/01/2026,08:37:22,17_T02,39.122361434,10.182426259,0.2,1811.06,66.42,201.230,1.3,38.52,13.43,1810.07,4336871.86,1781596.94
00:06:30.229,18/01/2026,08:37:23,17_T02,39.122361040,10.182427312,0.2,1811.03,66.39,201.296,1.2,38.52,13.43,1810.07,4336871.95,1781596.89
00:06:31.222,18/01/2026,08:37:24,17_T02,39.122360783,10.182428392,0.2,1811.01,66.35,201.370,1.2,38.52,13.43,1810.01,4336872.05,1781596.87
00:06:32.218,18/01/2026,08:37:25,17_T02,39.122361232,10.182429559,0.2,1810.97,66.35,201.483,1.2,38.52,13.43,1810.01,4336872.15,1781596.92
00:06:33.225,18/01/2026,08:37:26,17_T02,39.122361617,10.182430681,0.2,1810.91,66.40,201.589,1.2,38.52,13.43,1809.94,4336872.25,1781596.96
00:06:34.219,18/01/2026,08:37:27,17_T02,39.122362024,10.182431881,0.2,1810.86,66.44,201.703,1.2,38.52,13.43,1809.94,4336872.35,1781597.00
00:06:35.229,18/01/2026,08:37:28,17_T02,39.122363565,10.182434078,0.2,1810.82,66.48,201.947,1.3,38.52,13.43,1809.84,4336872.54,1781597.17
00:06:36.222,18/01/2026,08:37:29,17_T02,39.122364990,10.182436197,0.2,1810.78,66.49,202.179,1.2,38.52,13.43,1809.84,4336872.72,1781597.33
00:06:37.220,18/01/2026,08:37:30,17_T02,39.122365468,10.182437511,0.3,1810.76,66.49,202.305,1.2,38.52,13.43,1809.76,4336872.84,1781597.39
00:06:38.229,18/01/2026,08:37:31,17_T02,39.122365899,10.182438778,0.3,1810.71,66.50,202.425,1.2,38.52,13.43,1809.76,4336872.95,1781597.43
00:06:39.222,18/01/2026,08:37:32,17_T02,39.122366286,10.182439949,0.3,1810.66,66.49,202.536,1.2,38.52,13.43,1809.68,4336873.05,1781597.48
00:06:40.230,18/01/2026,08:37:33,17_T02,39.122366685,10.182441093,0.2,1810.60,66.47,202.644,1.3,38.52,13.43,1809.68,4336873.15,1781597.52
00:06:41.227,18/01/2026,08:37:34,17_T02,39.122365869,10.182442725,0.2,1810.56,66.42,202.737,1.3,38.52,13.43,1809.57,4336873.29,1781597.43
00:06:42.220,18/01/2026,08:37:35,17_T02,39.122365372,10.182444268,0.2,1810.54,66.36,202.837,1.2,38.52,13.43,1809.57,4336873.43,1781597.38
00:06:43.229,18/01/2026,08:37:36,17_T02,39.122365818,10.182445530,0.2,1810.51,66.32,202.958,1.2,38.52,13.43,1809.51,4336873.54,1781597.43
00:06:44.222,18/01/2026,08:37:37,17_T02,39.122366227,10.182446713,0.2,1810.45,66.31,203.070,1.3,38.52,13.43,1809.51,4336873.64,1781597.47
00:06:45.232,18/01/2026,08:37:38,17_T02,39.122366649,10.182447875,0.2,1810.39,66.33,203.181,1.3,38.52,13.43,1809.41,4336873.74,1781597.52
00:06:46.223,18/01/2026,08:37:39,17_T02,39.122367116,10.182449033,0.2,1810.34,66.35,203.294,1.3,38.52,13.43,1809.41,4336873.84,1781597.57
00:06:47.245,18/01/2026,08:37:40,17_T02,39.122367863,10.182450702,0.2,1810.31,66.36,203.461,1.3,38.52,13.43,1809.30,4336873.99,1781597.65
00:06:48.225,18/01/2026,08:37:41,17_T02,39.122368505,10.182452234,0.2,1810.29,66.36,203.611,1.3,38.52,13.43,1809.30,4336874.12,1781597.72
00:06:49.221,18/01/2026,08:37:42,17_T02,39.122368937,10.182453535,0.2,1810.25,66.39,203.734,1.2,38.52,13.43,1809.24,4336874.23,1781597.77
00:06:50.230,18/01/2026,08:37:43,17_T02,39.122369343,10.182454755,0.2,1810.20,66.43,203.849,1.2,38.52,13.43,1809.24,4336874.34,1781597.82
00:06:51.220,18/01/2026,08:37:44,17_T02,39.122369727,10.182455880,0.2,1810.13,66.48,203.956,1.3,38.52,13.42,1809.16,4336874.44,1781597.86
00:06:52.229,18/01/2026,08:37:45,17_T02,39.122369416,10.182456726,0.2,1810.08,66.52,204.009,1.3,38.52,13.42,1809.16,4336874.51,1781597.82
00:06:53.222,18/01/2026,08:37:46,17_T02,39.122369291,10.182457757,0.2,1810.04,66.51,204.085,1.3,38.52,13.42,1809.04,4336874.60,1781597.81
00:06:54.229,18/01/2026,08:37:47,17_T02,39.122369808,10.182459092,0.2,1810.03,66.43,204.215,1.3,38.52,13.42,1809.04,4336874.71,1781597.87
00:06:55.223,18/01/2026,08:37:48,17_T02,39.122370316,10.182460377,0.2,1810.01,66.34,204.340,1.2,38.52,13.43,1808.99,4336874.83,1781597.92
00:06:56.232,18/01/2026,08:37:49,17_T02,39.122370716,10.182461560,0.2,1809.96,66.32,204.452,1.2,38.52,13.43,1808.99,4336874.93,1781597.97
00:06:57.227,18/01/2026,08:37:50,17_T02,39.122371045,10.182462603,0.2,1809.88,66.36,204.549,1.3,38.52,13.43,1808.89,4336875.02,1781598.01
00:06:58.232,18/01/2026,08:37:51,17_T02,39.122371399,10.182463147,0.2,1809.82,66.40,204.608,1.3,38.52,13.43,1808.89,4336875.07,1781598.04
00:06:59.224,18/01/2026,08:37:52,17_T02,39.122371840,10.182463961,0.2,1809.78,66.39,204.693,1.3,38.52,13.43,1808.76,4336875.14,1781598.09
00:07:00.229,18/01/2026,08:37:53,17_T02,39.122372414,10.182465325,0.2,1809.78,66.30,204.827,1.3,38.52,13.43,1808.76,4336875.26,1781598.16
00:07:01.224,18/01/2026,08:37:54,17_T02,39.122372889,10.182466536,0.2,1809.78,66.19,204.945,1.2,38.52,13.43,1808.74,4336875.36,1781598.21
00:07:02.228,18/01/2026,08:37:55,17_T02,39.122373193,10.182467601,0.2,1809.72,66.19,205.043,1.2,38.52,13.43,1808.74,4336875.45,1781598.24
00:07:03.219,18/01/2026,08:37:56,17_T02,39.122373428,10.182468526,0.2,1809.63,66.28,205.127,1.3,38.52,13.43,1808.64,4336875.53,1781598.27
00:07:04.225,18/01/2026,08:37:57,17_T02,39.122372628,10.182468048,0.2,1809.56,66.38,205.053,1.3,38.52,13.43,1808.64,4336875.49,1781598.18
00:07:05.228,18/01/2026,08:37:58,17_T02,39.122372176,10.182468049,0.2,1809.52,66.38,205.033,1.3,38.52,13.43,1808.50,4336875.49,1781598.13
00:07:06.219,18/01/2026,08:37:59,17_T02,39.122372753,10.182469479,0.2,1809.53,66.29,205.172,1.3,38.52,13.43,1808.50,4336875.62,1781598.20
00:07:07.220,18/01/2026,08:38:00,17_T02,39.122373238,10.182470729,0.2,1809.53,66.19,205.294,1.2,38.52,13.43,1808.51,4336875.73,1781598.25
00:07:08.225,18/01/2026,08:38:01,17_T02,39.122373587,10.182471830,0.2,1809.49,66.17,205.397,1.2,38.52,13.43,1808.51,4336875.82,1781598.29
00:07:09.225,18/01/2026,08:38:02,17_T02,39.122373850,10.182472769,0.2,1809.41,66.27,205.483,1.2,38.52,13.43,1808.51,4336875.90,1781598.32
00:07:10.220,18/01/2026,08:38:03,17_T02,39.122374122,10.182473665,0.2,1809.32,66.42,205.567,1.3,38.52,13.43,1808.40,4336875.98,1781598.35
00:07:11.228,18/01/2026,08:38:04,17_T02,39.122374533,10.182474827,0.2,1809.27,66.47,205.677,1.4,38.52,13.43,1808.40,4336876.08,1781598.39
00:07:12.220,18/01/2026,08:38:05,17_T02,39.122375083,10.182476167,0.2,1809.27,66.39,205.809,1.3,38.52,13.43,1808.24,4336876.20,1781598.45
00:07:13.225,18/01/2026,08:38:06,17_T02,39.122375645,10.182477523,0.2,1809.28,66.26,205.942,1.2,38.52,13.43,1808.24,4336876.32,1781598.52
00:07:14.217,18/01/2026,08:38:07,17_T02,39.122376030,10.182478633,0.2,1809.25,66.23,206.047,1.2,38.52,13.43,1808.24,4336876.41,1781598.56
00:07:15.220,18/01/2026,08:38:08,17_T02,39.122375350,10.182479207,0.2,1809.17,66.30,206.062,1.2,38.52,13.43,1808.24,4336876.46,1781598.48
00:07:16.227,18/01/2026,08:38:09,17_T02,39.122374753,10.182479792,0.2,1809.09,66.39,206.082,1.3,38.52,13.43,1808.17,4336876.51,1781598.42
00:07:17.221,18/01/2026,08:38:10,17_T02,39.122375153,10.182480875,0.2,1809.04,66.41,206.186,1.4,38.52,13.43,1808.17,4336876.61,1781598.46
00:07:18.218,18/01/2026,08:38:11,17_T02,39.122375664,10.182482209,0.2,1809.04,66.32,206.315,1.3,38.52,13.43,1808.01,4336876.72,1781598.52
00:07:19.226,18/01/2026,08:38:12,17_T02,39.122376221,10.182483583,0.2,1809.05,66.17,206.449,1.2,38.52,13.43,1808.01,4336876.84,1781598.58
00:07:20.219,18/01/2026,08:38:13,17_T02,39.122377582,10.182485738,0.2,1809.02,66.13,206.681,1.2,38.52,13.43,1808.02,4336877.03,1781598.73
00:07:21.229,18/01/2026,08:38:14,17_T02,39.122378714,10.182487598,0.2,1808.95,66.23,206.880,1.2,38.52,13.43,1808.02,4336877.19,1781598.86
00:07:22.224,18/01/2026,08:38:15,17_T02,39.122379006,10.182488569,0.2,1808.87,66.36,206.970,1.3,38.52,13.43,1807.92,4336877.28,1781598.89
00:07:23.217,18/01/2026,08:38:16,17_T02,39.122379363,10.182489676,0.2,1808.83,66.45,207.074,1.3,38.52,13.43,1807.92,4336877.37,1781598.93
00:07:24.228,18/01/2026,08:38:17,17_T02,39.122379818,10.182491043,0.2,1808.82,66.47,207.203,1.3,38.52,13.43,1807.80,4336877.49,1781598.98
00:07:25.221,18/01/2026,08:38:18,17_T02,39.122380268,10.182492377,0.2,1808.82,66.47,207.330,1.2,38.52,13.43,1807.80,4336877.61,1781599.03
00:07:26.220,18/01/2026,08:38:19,17_T02,39.122381644,10.182494636,0.2,1808.79,66.47,207.571,1.2,38.52,13.43,1807.79,4336877.80,1781599.18
00:07:27.226,18/01/2026,08:38:20,17_T02,39.122382817,10.182496593,0.2,1808.73,66.50,207.779,1.2,38.52,13.43,1807.79,4336877.97,1781599.31
00:07:28.217,18/01/2026,08:38:21,17_T02,39.122383165,10.182497570,0.2,1808.66,66.50,207.873,1.2,38.52,13.43,1807.70,4336878.06,1781599.35
00:07:29.226,18/01/2026,08:38:22,17_T02,39.122383553,10.182498698,0.2,1808.61,66.49,207.980,1.3,38.52,13.43,1807.70,4336878.16,1781599.39
00:07:30.222,18/01/2026,08:38:23,17_T02,39.122383999,10.182499977,0.2,1808.58,66.47,208.102,1.3,38.52,13.43,1807.59,4336878.27,1781599.44
00:07:31.231,18/01/2026,08:38:24,17_T02,39.122384467,10.182501372,0.2,1808.56,66.47,208.233,1.3,38.52,13.43,1807.59,4336878.39,1781599.49
00:07:32.228,18/01/2026,08:38:25,17_T02,39.122385464,10.182503697,0.2,1808.52,66.47,208.463,1.2,38.52,13.43,1807.53,4336878.59,1781599.61
00:07:33.221,18/01/2026,08:38:26,17_T02,39.122386255,10.182505579,0.2,1808.47,66.46,208.648,1.2,38.52,13.43,1807.53,4336878.76,1781599.69
00:07:34.230,18/01/2026,08:38:27,17_T02,39.122386621,10.182506697,0.2,1808.41,66.44,208.753,1.3,38.52,13.43,1807.43,4336878.85,1781599.73
00:07:35.219,18/01/2026,08:38:28,17_T02,39.122386969,10.182507825,0.2,1808.35,66.42,208.859,1.3,38.52,13.43,1807.43,4336878.95,1781599.77
00:07:36.228,18/01/2026,08:38:29,17_T02,39.122387353,10.182509015,0.2,1808.30,66.39,208.971,1.3,38.52,13.43,1807.31,4336879.05,1781599.81
00:07:37.230,18/01/2026,08:38:30,17_T02,39.122388305,10.182511314,0.2,1808.26,66.34,209.196,1.3,38.52,13.43,1807.31,4336879.25,1781599.92
00:07:38.217,18/01/2026,08:38:31,17_T02,39.122389151,10.182513436,0.2,1808.24,66.32,209.403,1.3,38.52,13.43,1807.22,4336879.44,1781600.01
00:07:39.221,18/01/2026,08:38:32,17_T02,39.122389586,10.182514717,0.2,1808.21,66.29,209.524,1.3,38.52,13.43,1807.22,4336879.55,1781600.06
00:07:40.224,18/01/2026,08:38:33,17_T02,39.122389971,10.182515936,0.2,1808.16,66.29,209.638,1.3,38.52,13.42,1807.18,4336879.66,1781600.11
00:07:41.229,18/01/2026,08:38:34,17_T02,39.122390287,10.182517022,0.2,1808.10,66.32,209.739,1.3,38.52,13.42,1807.18,4336879.75,1781600.14
00:07:42.218,18/01/2026,08:38:35,17_T02,39.122390628,10.182518152,0.2,1808.05,66.36,209.844,1.3,38.52,13.43,1807.05,4336879.85,1781600.18
00:07:43.220,18/01/2026,08:38:36,17_T02,39.122390526,10.182518079,0.2,1808.01,66.39,209.833,1.3,38.52,13.43,1807.05,4336879.84,1781600.17
00:07:44.226,18/01/2026,08:38:37,17_T02,39.122390556,10.182518287,0.2,1807.99,66.36,209.851,1.3,38.52,13.43,1806.96,4336879.86,1781600.17
00:07:45.222,18/01/2026,08:38:38,17_T02,39.122390998,10.182519580,0.2,1807.97,66.32,209.974,1.2,38.52,13.43,1806.96,4336879.97,1781600.22
00:07:46.231,18/01/2026,08:38:39,17_T02,39.122391398,10.182520797,0.2,1807.93,66.32,210.089,1.2,38.52,13.43,1806.93,4336880.08,1781600.26
00:07:47.226,18/01/2026,08:38:40,17_T02,39.122391753,10.182521905,0.2,1807.87,66.37,210.193,1.2,38.52,13.43,1806.93,4336880.17,1781600.30
00:07:48.232,18/01/2026,08:38:41,17_T02,39.122392113,10.182523077,0.2,1807.81,66.43,210.302,1.3,38.52,13.43,1806.80,4336880.28,1781600.34
00:07:49.219,18/01/2026,08:38:42,17_T02,39.122392510,10.182524304,0.2,1807.77,66.46,210.417,1.3,38.52,13.43,1806.80,4336880.38,1781600.39
00:07:50.227,18/01/2026,08:38:43,17_T02,39.122392982,10.182525668,0.2,1807.75,66.45,210.547,1.3,38.52,13.43,1806.73,4336880.50,1781600.44
00:07:51.222,18/01/2026,08:38:44,17_T02,39.122393451,10.182527019,0.2,1807.73,66.39,210.675,1.2,38.52,13.43,1806.73,4336880.62,1781600.49
00:07:52.230,18/01/2026,08:38:45,17_T02,39.122393832,10.182528196,0.2,1807.70,66.34,210.786,1.2,38.52,13.43,1806.69,4336880.72,1781600.53
00:07:53.221,18/01/2026,08:38:46,17_T02,39.122394137,10.182529275,0.2,1807.63,66.34,210.885,1.2,38.52,13.43,1806.69,4336880.82,1781600.57
00:07:54.231,18/01/2026,08:38:47,17_T02,39.122394573,10.182530039,0.2,1807.56,66.37,210.966,1.3,38.52,13.42,1806.57,4336880.88,1781600.62
00:07:55.225,18/01/2026,08:38:48,17_T02,39.122395047,10.182530957,0.2,1807.50,66.38,211.060,1.3,38.52,13.42,1806.57,4336880.96,1781600.67
00:07:56.219,18/01/2026,08:38:49,17_T02,39.122395516,10.182532317,0.2,1807.47,66.35,211.189,1.3,38.52,13.43,1806.46,4336881.08,1781600.72
00:07:57.228,18/01/2026,08:38:50,17_T02,39.122396037,10.182533756,0.2,1807.45,66.29,211.327,1.3,38.52,13.43,1806.46,4336881.20,1781600.78
00:07:58.224,18/01/2026,08:38:51,17_T02,39.122396509,10.182535058,0.2,1807.43,66.25,211.452,1.2,38.52,13.42,1806.43,4336881.32,1781600.83
00:07:59.219,18/01/2026,08:38:52,17_T02,39.122396860,10.182536223,0.2,1807.37,66.28,211.560,1.2,38.52,13.42,1806.43,4336881.42,1781600.87
00:08:00.229,18/01/2026,08:38:53,17_T02,39.122399279,10.182537585,0.2,1807.29,66.36,211.777,1.3,38.52,13.43,1806.30,4336881.54,1781601.14
00:08:01.220,18/01/2026,08:38:54,17_T02,39.122401238,10.182538868,0.3,1807.22,66.42,211.967,1.3,38.52,13.43,1806.30,4336881.65,1781601.35
00:08:02.217,18/01/2026,08:38:55,17_T02,39.122401661,10.182540106,0.3,1807.18,66.43,212.085,1.3,38.52,13.43,1806.17,4336881.76,1781601.40
00:08:03.226,18/01/2026,08:38:56,17_T02,39.122402161,10.182541503,0.3,1807.17,66.41,212.218,1.3,38.52,13.43,1806.17,4336881.88,1781601.46
00:08:04.222,18/01/2026,08:38:57,17_T02,39.122402656,10.182542939,0.3,1807.15,66.36,212.355,1.3,38.52,13.43,1806.14,4336882.00,1781601.51
00:08:05.219,18/01/2026,08:38:58,17_T02,39.122403113,10.182544188,0.2,1807.12,66.29,212.475,1.2,38.52,13.43,1806.14,4336882.11,1781601.56
00:08:06.218,18/01/2026,08:38:59,17_T02,39.122404027,10.182545767,0.2,1807.05,66.28,212.641,1.2,38.52,13.43,1806.14,4336882.25,1781601.66
00:08:07.228,18/01/2026,08:39:00,17_T02,39.122404884,10.182547307,0.3,1806.98,66.33,212.802,1.3,38.52,13.43,1806.05,4336882.38,1781601.76
00:08:08.224,18/01/2026,08:39:01,17_T02,39.122405284,10.182548486,0.2,1806.92,66.37,212.914,1.3,38.52,13.43,1806.05,4336882.48,1781601.80
00:08:09.220,18/01/2026,08:39:02,17_T02,39.122405786,10.182549856,0.2,1806.90,66.37,213.045,1.3,38.52,13.43,1805.91,4336882.60,1781601.86
00:08:10.227,18/01/2026,08:39:03,17_T02,39.122406302,10.182551235,0.2,1806.89,66.32,213.178,1.3,38.52,13.43,1805.91,4336882.72,1781601.91
00:08:11.221,18/01/2026,08:39:04,17_T02,39.122406204,10.182551940,0.2,1806.87,66.28,213.230,1.2,38.52,13.43,1805.86,4336882.78,1781601.90
00:08:12.229,18/01/2026,08:39:05,17_T02,39.122406077,10.182552627,0.2,1806.82,66.33,213.278,1.2,38.52,13.43,1805.86,4336882.84,1781601.89
00:08:13.220,18/01/2026,08:39:06,17_T02,39.122406406,10.182553754,0.2,1806.75,66.41,213.383,1.3,38.52,13.43,1805.82,4336882.94,1781601.93
00:08:14.231,18/01/2026,08:39:07,17_T02,39.122406738,10.182554932,0.2,1806.68,66.50,213.491,1.3,38.52,13.43,1805.82,4336883.04,1781601.96
00:08:15.225,18/01/2026,08:39:08,17_T02,39.122407137,10.182556207,0.2,1806.63,66.57,213.610,1.3,38.52,13.43,1805.67,4336883.16,1781602.01
00:08:16.231,18/01/2026,08:39:09,17_T02,39.122407596,10.182557638,0.2,1806.61,66.61,213.745,1.3,38.52,13.43,1805.67,4336883.28,1781602.06
00:08:17.232,18/01/2026,08:39:10,17_T02,39.122407045,10.182557876,0.2,1806.59,66.60,213.739,1.3,38.52,13.43,1805.59,4336883.30,1781602.00
00:08:18.221,18/01/2026,08:39:11,17_T02,39.122406693,10.182558215,0.2,1806.54,66.58,213.750,1.2,38.52,13.43,1805.59,4336883.33,1781601.96
00:08:19.227,18/01/2026,08:39:12,17_T02,39.122407116,10.182559348,0.2,1806.48,66.55,213.859,1.3,38.52,13.43,1805.53,4336883.43,1781602.01
00:08:20.232,18/01/2026,08:39:13,17_T02,39.122407517,10.182560443,0.2,1806.41,66.52,213.964,1.3,38.52,13.43,1805.53,4336883.52,1781602.05
00:08:21.218,18/01/2026,08:39:14,17_T02,39.122407992,10.182561646,0.2,1806.36,66.49,214.081,1.3,38.52,13.43,1805.40,4336883.63,1781602.10
00:08:22.222,18/01/2026,08:39:15,17_T02,39.122408481,10.182562953,0.2,1806.33,66.45,214.207,1.3,38.52,13.43,1805.40,4336883.74,1781602.16
00:08:23.226,18/01/2026,08:39:16,17_T02,39.122409375,10.182564829,0.2,1806.31,66.36,214.396,1.3,38.52,13.43,1805.32,4336883.90,1781602.26
00:08:24.229,18/01/2026,08:39:17,17_T02,39.122410173,10.182566521,0.2,1806.29,66.25,214.566,1.2,38.52,13.43,1805.32,4336884.05,1781602.34
00:08:25.231,18/01/2026,08:39:18,17_T02,39.122410555,10.182567624,0.2,1806.23,66.23,214.671,1.2,38.52,13.44,1805.27,4336884.15,1781602.39
00:08:26.223,18/01/2026,08:39:19,17_T02,39.122410876,10.182568677,0.2,1806.15,66.29,214.769,1.3,38.52,13.44,1805.27,4336884.24,1781602.42
00:08:27.227,18/01/2026,08:39:20,17_T02,39.122411234,10.182569755,0.2,1806.09,66.32,214.871,1.3,38.52,13.43,1805.14,4336884.33,1781602.46
00:08:28.225,18/01/2026,08:39:21,17_T02,39.122412950,10.182571649,0.2,1806.05,66.35,215.099,1.3,38.52,13.43,1805.14,4336884.50,1781602.65
00:08:29.226,18/01/2026,08:39:22,17_T02,39.122414438,10.182573512,0.2,1806.03,66.39,215.314,1.3,38.52,13.43,1805.03,4336884.66,1781602.82
00:08:30.220,18/01/2026,08:39:23,17_T02,39.122414824,10.182574811,0.2,1806.00,66.46,215.435,1.3,38.52,13.43,1805.03,4336884.77,1781602.86
00:08:31.230,18/01/2026,08:39:24,17_T02,39.122415194,10.182576029,0.2,1805.95,66.56,215.548,1.2,38.52,13.43,1804.98,4336884.88,1781602.90
00:08:32.219,18/01/2026,08:39:25,17_T02,39.122415551,10.182577126,0.2,1805.89,66.62,215.651,1.3,38.52,13.43,1804.98,4336884.97,1781602.94
00:08:33.223,18/01/2026,08:39:26,17_T02,39.122415957,10.182578250,0.2,1805.84,66.64,215.759,1.3,38.52,13.43,1804.87,4336885.07,1781602.99
00:08:34.218,18/01/2026,08:39:27,17_T02,39.122417193,10.182580331,0.2,1805.80,66.58,215.980,1.3,38.52,13.43,1804.87,4336885.25,1781603.12
00:08:35.245,18/01/2026,08:39:28,17_T02,39.122418400,10.182582427,0.2,1805.78,66.44,216.201,1.3,38.52,13.42,1804.78,4336885.43,1781603.26
00:08:36.230,18/01/2026,08:39:29,17_T02,39.122418868,10.182583578,0.2,1805.74,66.31,216.313,1.2,38.52,13.42,1804.78,4336885.53,1781603.31
00:08:37.225,18/01/2026,08:39:30,17_T02,39.122419276,10.182584673,0.2,1805.69,66.23,216.419,1.3,38.52,13.42,1804.72,4336885.63,1781603.35
00:08:38.223,18/01/2026,08:39:31,17_T02,39.122419629,10.182585725,0.2,1805.64,66.23,216.518,1.3,38.52,13.42,1804.72,4336885.72,1781603.39
00:08:39.239,18/01/2026,08:39:32,17_T02,39.122420022,10.182586837,0.2,1805.59,66.27,216.624,1.3,38.52,13.43,1804.61,4336885.82,1781603.44
00:08:40.224,18/01/2026,08:39:33,17_T02,39.122420437,10.182588073,0.2,1805.56,66.32,216.741,1.3,38.52,13.43,1804.61,4336885.92,1781603.48
00:08:41.223,18/01/2026,08:39:34,17_T02,39.122420847,10.182589337,0.2,1805.54,66.38,216.860,1.3,38.52,13.43,1804.54,4336886.03,1781603.53
00:08:42.246,18/01/2026,08:39:35,17_T02,39.122421300,10.182590530,0.2,1805.53,66.36,216.975,1.2,38.52,13.43,1804.54,4336886.14,1781603.58
00:08:43.222,18/01/2026,08:39:36,17_T02,39.122421684,10.182591519,0.2,1805.50,66.28,217.071,1.2,38.52,13.43,1804.50,4336886.22,1781603.62
00:08:44.245,18/01/2026,08:39:37,17_T02,39.122421920,10.182592336,0.2,1805.44,66.27,217.146,1.2,38.52,13.43,1804.50,4336886.30,1781603.65
00:08:45.229,18/01/2026,08:39:38,17_T02,39.122420799,10.182591858,0.2,1805.35,66.33,217.058,1.3,38.52,13.43,1804.39,4336886.25,1781603.52
00:08:46.223,18/01/2026,08:39:39,17_T02,39.122419936,10.182591634,0.2,1805.29,66.39,217.001,1.4,38.52,13.43,1804.39,4336886.23,1781603.43
00:08:47.220,18/01/2026,08:39:40,17_T02,39.122420381,10.182592795,0.2,1805.26,66.40,217.113,1.3,38.52,13.43,1804.27,4336886.34,1781603.48
00:08:48.228,18/01/2026,08:39:41,17_T02,39.122421008,10.182594037,0.2,1805.29,66.11,217.240,1.3,38.52,13.43,1804.27,4336886.44,1781603.55
00:08:49.218,18/01/2026,08:39:42,17_T02,39.122421570,10.182594952,0.2,1805.33,65.63,217.338,1.2,38.52,13.43,1804.31,4336886.52,1781603.61
00:08:50.228,18/01/2026,08:39:43,17_T02,39.122421718,10.182595575,0.2,1805.29,65.44,217.394,1.1,38.52,13.43,1804.31,4336886.58,1781603.62
00:08:51.218,18/01/2026,08:39:44,17_T02,39.122420491,10.182595052,0.2,1805.17,65.64,217.298,1.2,38.52,13.43,1804.24,4336886.53,1781603.49
00:08:52.230,18/01/2026,08:39:45,17_T02,39.122419426,10.182594610,0.2,1805.05,66.00,217.214,1.4,38.52,13.43,1804.24,4336886.49,1781603.37
00:08:53.220,18/01/2026,08:39:46,17_T02,39.122419565,10.182595381,0.2,1805.00,66.31,217.282,1.5,38.52,13.43,1804.02,4336886.56,1781603.39
00:08:54.225,18/01/2026,08:39:47,17_T02,39.122419872,10.182596712,0.2,1805.02,66.59,217.401,1.5,38.52,13.43,1804.02,4336886.68,1781603.42
00:08:55.228,18/01/2026,08:39:48,17_T02,39.122420254,10.182598224,0.2,1805.06,66.69,217.539,1.3,38.52,13.43,1804.04,4336886.81,1781603.46
00:08:56.232,18/01/2026,08:39:49,17_T02,39.122420977,10.182600485,0.2,1805.06,66.63,217.751,1.2,38.52,13.43,1804.04,4336887.00,1781603.54
00:08:57.220,18/01/2026,08:39:50,17_T02,39.122421589,10.182602282,0.2,1805.01,66.57,217.921,1.2,38.52,13.43,1804.03,4336887.16,1781603.61
00:08:58.219,18/01/2026,08:39:51,17_T02,39.122421820,10.182603016,0.2,1804.92,66.54,217.990,1.3,38.52,13.43,1804.03,4336887.22,1781603.64
00:08:59.225,18/01/2026,08:39:52,17_T02,39.122422052,10.182603819,0.2,1804.83,66.54,218.064,1.4,38.52,13.43,1803.86,4336887.29,1781603.66
00:09:00.229,18/01/2026,08:39:53,17_T02,39.122422399,10.182604982,0.2,1804.79,66.54,218.172,1.4,38.52,13.43,1803.86,4336887.40,1781603.70
00:09:01.231,18/01/2026,08:39:54,17_T02,39.122422854,10.182606382,0.2,1804.78,66.49,218.304,1.4,38.52,13.43,1803.86,4336887.52,1781603.75
00:09:02.231,18/01/2026,08:39:55,17_T02,39.122423198,10.182607250,0.2,1804.79,66.39,218.388,1.3,38.52,13.43,1803.78,4336887.59,1781603.79
00:09:03.232,18/01/2026,08:39:56,17_T02,39.122423543,10.182607997,0.2,1804.77,66.23,218.463,1.2,38.52,13.43,1803.78,4336887.66,1781603.83
00:09:04.220,18/01/2026,08:39:57,17_T02,39.122423881,10.182608951,0.2,1804.72,66.11,218.554,1.2,38.52,13.43,1803.78,4336887.74,1781603.87
00:09:05.226,18/01/2026,08:39:58,17_T02,39.122424100,10.182609810,0.2,1804.63,66.10,218.632,1.3,38.52,13.43,1803.78,4336887.82,1781603.89
00:09:06.219,18/01/2026,08:39:59,17_T02,39.122424349,10.182610707,0.2,1804.56,66.15,218.715,1.3,38.52,13.42,1803.67,4336887.89,1781603.92
00:09:07.224,18/01/2026,08:40:00,17_T02,39.122424717,10.182611847,0.2,1804.51,66.22,218.822,1.4,38.52,13.42,1803.67,4336887.99,1781603.96
00:09:08.229,18/01/2026,08:40:01,17_T02,39.122426170,10.182612322,0.2,1804.50,66.27,218.925,1.3,38.52,13.42,1803.53,4336888.03,1781604.12
00:09:09.222,18/01/2026,08:40:02,17_T02,39.122427427,10.182612944,0.2,1804.49,66.28,219.031,1.3,38.52,13.42,1803.53,4336888.09,1781604.26
00:09:10.231,18/01/2026,08:40:03,17_T02,39.122427773,10.182614105,0.2,1804.47,66.25,219.139,1.2,38.53,13.43,1803.48,4336888.19,1781604.30
00:09:11.224,18/01/2026,08:40:04,17_T02,39.122428069,10.182615105,0.2,1804.42,66.26,219.232,1.2,38.53,13.43,1803.48,4336888.27,1781604.33
00:09:12.217,18/01/2026,08:40:05,17_T02,39.122428336,10.182616048,0.2,1804.35,66.35,219.319,1.3,38.52,13.43,1803.43,4336888.36,1781604.36
00:09:13.226,18/01/2026,08:40:06,17_T02,39.122426933,10.182617640,0.2,1804.29,66.48,219.382,1.3,38.52,13.43,1803.43,4336888.50,1781604.21
00:09:14.222,18/01/2026,08:40:07,17_T02,39.122425956,10.182619313,0.2,1804.25,66.59,219.471,1.4,38.52,13.43,1803.28,4336888.64,1781604.10
00:09:15.217,18/01/2026,08:40:08,17_T02,39.122426380,10.182620613,0.2,1804.23,66.63,219.593,1.3,38.52,13.43,1803.28,4336888.75,1781604.14
00:09:16.226,18/01/2026,08:40:09,17_T02,39.122426888,10.182621922,0.2,1804.20,66.59,219.720,1.3,38.52,13.43,1803.22,4336888.87,1781604.20
00:09:17.220,18/01/2026,08:40:10,17_T02,39.122427337,10.182623073,0.2,1804.16,66.51,219.832,1.2,38.52,13.43,1803.22,4336888.97,1781604.25
00:09:18.218,18/01/2026,08:40:11,17_T02,39.122427698,10.182624094,0.2,1804.10,66.45,219.929,1.3,38.52,13.43,1803.18,4336889.06,1781604.29
00:09:19.226,18/01/2026,08:40:12,17_T02,39.122427633,10.182624843,0.2,1804.03,66.42,219.985,1.3,38.52,13.43,1803.18,4336889.12,1781604.28
00:09:20.224,18/01/2026,08:40:13,17_T02,39.122427706,10.182625679,0.2,1803.97,66.39,220.055,1.4,38.52,13.43,1803.03,4336889.19,1781604.29
00:09:21.220,18/01/2026,08:40:14,17_T02,39.122428146,10.182626868,0.2,1803.93,66.36,220.169,1.4,38.52,13.43,1803.03,4336889.30,1781604.34
00:09:22.230,18/01/2026,08:40:15,17_T02,39.122428631,10.182628183,0.2,1803.91,66.35,220.296,1.3,38.52,13.43,1802.94,4336889.41,1781604.39
00:09:23.225,18/01/2026,08:40:16,17_T02,39.122429089,10.182629449,0.2,1803.88,66.36,220.417,1.3,38.52,13.43,1802.94,4336889.52,1781604.45
00:09:24.231,18/01/2026,08:40:17,17_T02,39.122429522,10.182630688,0.2,1803.83,66.39,220.535,1.3,38.52,13.43,1802.87,4336889.63,1781604.49
00:09:25.224,18/01/2026,08:40:18,17_T02,39.122428883,10.182632612,0.2,1803.78,66.40,220.659,1.3,38.52,13.43,1802.87,4336889.80,1781604.42
00:09:26.231,18/01/2026,08:40:19,17_T02,39.122428432,10.182634300,0.2,1803.72,66.40,220.772,1.3,38.52,13.43,1802.76,4336889.94,1781604.37
00:09:27.222,18/01/2026,08:40:20,17_T02,39.122428805,10.182635423,0.2,1803.67,66.42,220.878,1.3,38.52,13.43,1802.76,4336890.04,1781604.42
00:09:28.218,18/01/2026,08:40:21,17_T02,39.122429197,10.182636611,0.2,1803.63,66.43,220.990,1.3,38.52,13.44,1802.66,4336890.15,1781604.46
00:09:29.226,18/01/2026,08:40:22,17_T02,39.122429667,10.182637892,0.2,1803.59,66.42,221.113,1.3,38.52,13.44,1802.66,4336890.26,1781604.51
00:09:30.229,18/01/2026,08:40:23,17_T02,39.122430788,10.182638537,0.2,1803.56,66.42,221.215,1.3,38.52,13.44,1802.59,4336890.31,1781604.63
00:09:31.221,18/01/2026,08:40:24,17_T02,39.122431860,10.182639271,0.2,1803.53,66.38,221.322,1.3,38.52,13.44,1802.59,4336890.38,1781604.75
00:09:32.224,18/01/2026,08:40:25,17_T02,39.122432306,10.182640414,0.2,1803.48,66.31,221.433,1.3,38.52,13.43,1802.53,4336890.48,1781604.80
00:09:33.223,18/01/2026,08:40:26,17_T02,39.122432725,10.182641532,0.2,1803.44,66.26,221.540,1.3,38.52,13.43,1802.53,4336890.57,1781604.85
00:09:34.221,18/01/2026,08:40:27,17_T02,39.122433149,10.182642715,0.2,1803.38,66.25,221.653,1.3,38.52,13.43,1802.41,4336890.68,1781604.90
00:09:35.229,18/01/2026,08:40:28,17_T02,39.122433557,10.182643887,0.2,1803.33,66.26,221.765,1.3,38.52,13.43,1802.41,4336890.78,1781604.94
00:09:36.217,18/01/2026,08:40:29,17_T02,39.122435425,10.182645179,0.2,1803.29,66.29,221.952,1.3,38.53,13.43,1802.32,4336890.89,1781605.15
00:09:37.221,18/01/2026,08:40:30,17_T02,39.122437160,10.182646526,0.2,1803.25,66.33,222.137,1.3,38.53,13.43,1802.32,4336891.01,1781605.34
00:09:38.225,18/01/2026,08:40:31,17_T02,39.122437600,10.182647851,0.2,1803.21,66.37,222.262,1.3,38.52,13.43,1802.23,4336891.12,1781605.39
00:09:39.220,18/01/2026,08:40:32,17_T02,39.122438010,10.182649049,0.3,1803.16,66.41,222.376,1.3,38.52,13.43,1802.23,4336891.23,1781605.43
00:09:40.228,18/01/2026,08:40:33,17_T02,39.122438402,10.182650275,0.3,1803.10,66.47,222.491,1.3,38.53,13.43,1802.12,4336891.33,1781605.48
00:09:41.223,18/01/2026,08:40:34,17_T02,39.122438455,10.182653166,0.3,1803.04,66.54,222.723,1.3,38.53,13.43,1802.12,4336891.58,1781605.48
00:09:42.231,18/01/2026,08:40:35,17_T02,39.122438613,10.182655946,0.2,1802.99,66.58,222.951,1.3,38.52,13.43,1802.01,4336891.83,1781605.50
00:09:43.226,18/01/2026,08:40:36,17_T02,39.122439083,10.182657292,0.2,1802.94,66.57,223.079,1.3,38.52,13.43,1802.01,4336891.94,1781605.55
00:09:44.219,18/01/2026,08:40:37,17_T02,39.122439586,10.182658630,0.2,1802.89,66.54,223.208,1.3,38.53,13.43,1801.90,4336892.06,1781605.61
00:09:45.228,18/01/2026,08:40:38,17_T02,39.122440078,10.182659918,0.3,1802.84,66.50,223.332,1.3,38.53,13.43,1801.90,4336892.17,1781605.66
00:09:46.221,18/01/2026,08:40:39,17_T02,39.122440572,10.182661214,0.2,1802.78,66.44,223.457,1.3,38.52,13.43,1801.82,4336892.28,1781605.72
00:09:47.230,18/01/2026,08:40:40,17_T02,39.122439859,10.182661871,0.2,1802.73,66.41,223.477,1.3,38.52,13.43,1801.82,4336892.34,1781605.64
00:09:48.225,18/01/2026,08:40:41,17_T02,39.122439304,10.182662697,0.2,1802.68,66.39,223.518,1.3,38.52,13.43,1801.69,4336892.41,1781605.58
00:09:49.222,18/01/2026,08:40:42,17_T02,39.122439769,10.182664005,0.2,1802.64,66.37,223.643,1.3,38.52,13.43,1801.69,4336892.53,1781605.63
00:09:50.220,18/01/2026,08:40:43,17_T02,39.122440231,10.182665266,0.2,1802.60,66.35,223.764,1.4,38.52,13.44,1801.60,4336892.64,1781605.68
00:09:51.231,18/01/2026,08:40:44,17_T02,39.122440682,10.182666575,0.2,1802.55,66.38,223.888,1.3,38.52,13.44,1801.60,4336892.75,1781605.73
00:09:52.224,18/01/2026,08:40:45,17_T02,39.122441162,10.182667878,0.2,1802.50,66.43,224.013,1.3,38.52,13.43,1801.50,4336892.86,1781605.79
00:09:53.219,18/01/2026,08:40:46,17_T02,39.122442830,10.182670243,0.2,1802.45,66.43,224.276,1.3,38.52,13.43,1801.50,4336893.07,1781605.97
00:09:54.226,18/01/2026,08:40:47,17_T02,39.122444361,10.182672502,0.3,1802.42,66.41,224.525,1.3,38.52,13.43,1801.41,4336893.26,1781606.14
00:09:55.226,18/01/2026,08:40:48,17_T02,39.122444846,10.182673816,0.3,1802.38,66.41,224.651,1.3,38.52,13.43,1801.41,4336893.38,1781606.19
00:09:56.221,18/01/2026,08:40:49,17_T02,39.122445294,10.182675093,0.3,1802.33,66.43,224.772,1.3,38.52,13.43,1801.33,4336893.49,1781606.24
00:09:57.228,18/01/2026,08:40:50,17_T02,39.122445766,10.182676359,0.3,1802.28,66.48,224.894,1.3,38.52,13.43,1801.33,4336893.60,1781606.30
00:09:58.225,18/01/2026,08:40:51,17_T02,39.122445372,10.182677873,0.2,1802.24,66.52,224.997,1.3,38.52,13.43,1801.33,4336893.73,1781606.25
00:09:59.218,18/01/2026,08:40:52,17_T02,39.122445144,10.182679328,0.2,1802.19,66.53,225.102,1.3,38.52,13.43,1801.21,4336893.86,1781606.23
00:10:00.227,18/01/2026,08:40:53,17_T02,39.122445596,10.182680652,0.2,1802.15,66.56,225.227,1.3,38.52,13.43,1801.21,4336893.97,1781606.28
00:10:01.231,18/01/2026,08:40:54,17_T02,39.122446070,10.182682015,0.2,1802.10,66.59,225.357,1.3,38.52,13.43,1801.13,4336894.09,1781606.33
00:10:02.218,18/01/2026,08:40:55,17_T02,39.122446566,10.182683343,0.2,1802.05,66.62,225.485,1.3,38.52,13.43,1801.13,4336894.21,1781606.39
00:10:03.225,18/01/2026,08:40:56,17_T02,39.122447093,10.182684713,0.2,1801.99,66.63,225.618,1.3,38.52,13.43,1801.04,4336894.33,1781606.44
00:10:04.230,18/01/2026,08:40:57,17_T02,39.122445991,10.182685413,0.2,1801.95,66.64,225.623,1.3,38.52,13.43,1801.04,4336894.39,1781606.32
00:10:05.221,18/01/2026,08:40:58,17_T02,39.122445173,10.182686230,0.2,1801.89,66.64,225.651,1.3,38.52,13.43,1800.92,4336894.46,1781606.23
00:10:06.227,18/01/2026,08:40:59,17_T02,39.122445676,10.182687596,0.2,1801.84,66.63,225.783,1.3,38.52,13.43,1800.92,4336894.58,1781606.29
00:10:07.231,18/01/2026,08:41:00,17_T02,39.122446166,10.182688910,0.2,1801.78,66.62,225.909,1.3,38.52,13.43,1800.82,4336894.69,1781606.34
00:10:08.218,18/01/2026,08:41:01,17_T02,39.122446664,10.182690186,0.2,1801.72,66.60,226.033,1.3,38.52,13.43,1800.82,4336894.80,1781606.40
00:10:09.226,18/01/2026,08:41:02,17_T02,39.122447198,10.182691551,0.2,1801.67,66.55,226.165,1.3,38.52,13.43,1800.69,4336894.92,1781606.46
00:10:10.222,18/01/2026,08:41:03,17_T02,39.122446406,10.182691905,0.2,1801.62,66.51,226.158,1.3,38.52,13.43,1800.69,4336894.95,1781606.37
00:10:11.227,18/01/2026,08:41:04,17_T02,39.122445831,10.182692418,0.2,1801.55,66.50,226.172,1.3,38.52,13.43,1800.58,4336895.00,1781606.31
00:10:12.225,18/01/2026,08:41:05,17_T02,39.122446332,10.182693785,0.2,1801.49,66.50,226.304,1.3,38.52,13.43,1800.58,4336895.12,1781606.36
00:10:13.216,18/01/2026,08:41:06,17_T02,39.122446848,10.182695176,0.2,1801.44,66.47,226.437,1.3,38.52,13.45,1800.46,4336895.24,1781606.42
00:10:14.224,18/01/2026,08:41:07,17_T02,39.122447384,10.182696630,0.3,1801.39,66.45,226.577,1.3,38.52,13.45,1800.46,4336895.36,1781606.48
00:10:15.217,18/01/2026,08:41:08,17_T02,39.122446265,10.182697064,0.3,1801.34,66.45,226.561,1.3,38.53,13.45,1800.36,4336895.40,1781606.35
00:10:16.226,18/01/2026,08:41:09,17_T02,39.122445323,10.182697563,0.3,1801.28,66.49,226.558,1.3,38.53,13.45,1800.36,4336895.44,1781606.25
00:10:17.221,18/01/2026,08:41:10,17_T02,39.122445771,10.182698900,0.2,1801.21,66.55,226.684,1.3,38.52,13.46,1800.24,4336895.56,1781606.30
00:10:18.229,18/01/2026,08:41:11,17_T02,39.122446246,10.182700313,0.2,1801.15,66.58,226.818,1.3,38.52,13.46,1800.24,4336895.68,1781606.35
00:10:19.225,18/01/2026,08:41:12,17_T02,39.122446737,10.182701708,0.2,1801.11,66.57,226.951,1.3,38.52,13.45,1800.11,4336895.81,1781606.41
00:10:20.222,18/01/2026,08:41:13,17_T02,39.122447251,10.182703109,0.3,1801.08,66.49,227.085,1.3,38.52,13.45,1800.11,4336895.93,1781606.46
00:10:21.218,18/01/2026,08:41:14,17_T02,39.122447989,10.182705742,0.3,1801.05,66.35,227.328,1.3,38.53,13.45,1800.03,4336896.16,1781606.55
00:10:22.228,18/01/2026,08:41:15,17_T02,39.122448570,10.182707959,0.3,1800.99,66.28,227.530,1.3,38.53,13.45,1800.03,4336896.35,1781606.61
00:10:23.221,18/01/2026,08:41:16,17_T02,39.122448896,10.182709076,0.3,1800.91,66.33,227.634,1.3,38.52,13.45,1799.95,4336896.45,1781606.65
00:10:24.220,18/01/2026,08:41:17,17_T02,39.122449242,10.182710224,0.2,1800.83,66.44,227.740,1.4,38.52,13.45,1799.95,4336896.55,1781606.69
00:10:25.229,18/01/2026,08:41:18,17_T02,39.122449677,10.182711605,0.2,1800.78,66.53,227.870,1.4,38.52,13.44,1799.78,4336896.67,1781606.73
00:10:26.222,18/01/2026,08:41:19,17_T02,39.122450256,10.182713081,0.2,1800.77,66.43,228.013,1.3,38.52,13.44,1799.78,4336896.79,1781606.80
00:10:27.227,18/01/2026,08:41:20,17_T02,39.122451108,10.182715145,0.2,1800.78,66.21,228.215,1.2,38.52,13.44,1799.73,4336896.97,1781606.89
00:10:28.217,18/01/2026,08:41:21,17_T02,39.122451769,10.182716946,0.2,1800.74,66.09,228.388,1.2,38.52,13.44,1799.73,4336897.13,1781606.97
00:10:29.231,18/01/2026,08:41:22,17_T02,39.122452024,10.182717955,0.2,1800.65,66.16,228.480,1.2,38.52,13.44,1799.69,4336897.22,1781606.99
00:10:30.218,18/01/2026,08:41:23,17_T02,39.122452252,10.182718918,0.2,1800.55,66.32,228.566,1.3,38.52,13.44,1799.69,4336897.30,1781607.02
00:10:31.229,18/01/2026,08:41:24,17_T02,39.122452601,10.182720124,0.2,1800.48,66.49,228.678,1.4,38.52,13.44,1799.49,4336897.41,1781607.06
00:10:32.219,18/01/2026,08:41:25,17_T02,39.122453115,10.182721648,0.2,1800.46,66.50,228.822,1.4,38.52,13.44,1799.49,4336897.54,1781607.12
00:10:33.220,18/01/2026,08:41:26,17_T02,39.122453703,10.182723222,0.2,1800.47,66.36,228.974,1.3,38.52,13.43,1799.42,4336897.68,1781607.18
00:10:34.222,18/01/2026,08:41:27,17_T02,39.122454246,10.182724601,0.2,1800.46,66.17,229.108,1.2,38.52,13.43,1799.42,4336897.80,1781607.24
00:10:35.225,18/01/2026,08:41:28,17_T02,39.122454579,10.182725686,0.2,1800.39,66.11,229.209,1.2,38.52,13.44,1799.42,4336897.89,1781607.28
00:10:36.229,18/01/2026,08:41:29,17_T02,39.122454805,10.182726661,0.2,1800.29,66.19,229.297,1.3,38.52,13.44,1799.42,4336897.97,1781607.30
00:10:37.216,18/01/2026,08:41:30,17_T02,39.122455053,10.182727670,0.2,1800.19,66.36,229.388,1.4,38.52,13.43,1799.20,4336898.06,1781607.33
00:10:38.228,18/01/2026,08:41:31,17_T02,39.122455434,10.182728991,0.2,1800.14,66.49,229.510,1.5,38.52,13.43,1799.20,4336898.18,1781607.37
00:10:39.219,18/01/2026,08:41:32,17_T02,39.122455999,10.182730593,0.2,1800.14,66.42,229.663,1.4,38.53,13.44,1799.09,4336898.32,1781607.44
00:10:40.226,18/01/2026,08:41:33,17_T02,39.122456636,10.182732162,0.2,1800.15,66.22,229.816,1.3,38.53,13.44,1799.09,4336898.45,1781607.51
00:10:41.218,18/01/2026,08:41:34,17_T02,39.122457133,10.182733440,0.2,1800.12,66.09,229.940,1.2,38.52,13.44,1799.09,4336898.56,1781607.56
00:10:42.224,18/01/2026,08:41:35,17_T02,39.122457437,10.182734511,0.2,1800.03,66.14,230.039,1.2,38.52,13.44,1799.09,4336898.66,1781607.60
00:10:43.229,18/01/2026,08:41:36,17_T02,39.122457627,10.182735464,0.2,1799.92,66.31,230.123,1.3,38.52,13.44,1798.94,4336898.74,1781607.62
00:10:44.221,18/01/2026,08:41:37,17_T02,39.122456181,10.182736067,0.2,1799.85,66.47,230.106,1.4,38.52,13.44,1798.94,4336898.79,1781607.46
00:10:45.230,18/01/2026,08:41:38,17_T02,39.122455209,10.182737026,0.2,1799.84,66.43,230.138,1.4,38.52,13.44,1798.78,4336898.88,1781607.35
00:10:46.227,18/01/2026,08:41:39,17_T02,39.122455819,10.182738603,0.2,1799.85,66.31,230.291,1.3,38.52,13.44,1798.78,4336899.01,1781607.42
00:10:47.222,18/01/2026,08:41:40,17_T02,39.122456293,10.182739926,0.2,1799.82,66.23,230.417,1.2,38.53,13.44,1798.79,4336899.13,1781607.47
00:10:48.231,18/01/2026,08:41:41,17_T02,39.122456620,10.182741079,0.2,1799.75,66.26,230.523,1.2,38.53,13.44,1798.79,4336899.23,1781607.51
00:10:49.226,18/01/2026,08:41:42,17_T02,39.122458403,10.182742440,0.3,1799.65,66.37,230.712,1.3,38.52,13.44,1798.65,4336899.35,1781607.70
00:10:50.222,18/01/2026,08:41:43,17_T02,39.122459998,10.182743866,0.3,1799.57,66.47,230.897,1.4,38.52,13.44,1798.65,4336899.47,1781607.88
00:10:51.231,18/01/2026,08:41:44,17_T02,39.122460471,10.182745275,0.2,1799.53,66.49,231.030,1.4,38.52,13.44,1798.51,4336899.59,1781607.93
00:10:52.222,18/01/2026,08:41:45,17_T02,39.122461009,10.182746787,0.3,1799.52,66.46,231.175,1.3,38.52,13.44,1798.51,4336899.72,1781607.99
00:10:53.217,18/01/2026,08:41:46,17_T02,39.122461520,10.182748225,0.3,1799.50,66.38,231.312,1.3,38.53,13.43,1798.47,4336899.85,1781608.05
00:10:54.225,18/01/2026,08:41:47,17_T02,39.122461970,10.182749501,0.3,1799.45,66.33,231.433,1.2,38.53,13.43,1798.47,4336899.96,1781608.10
00:10:55.231,18/01/2026,08:41:48,17_T02,39.122464039,10.182750798,0.2,1799.38,66.36,231.630,1.3,38.53,13.43,1798.47,4336900.07,1781608.33
00:10:56.225,18/01/2026,08:41:49,17_T02,39.122465815,10.182752076,0.3,1799.29,66.43,231.811,1.3,38.52,13.44,1798.36,4336900.18,1781608.52
00:10:57.230,18/01/2026,08:41:50,17_T02,39.122466209,10.182753307,0.2,1799.23,66.48,231.927,1.4,38.52,13.44,1798.36,4336900.29,1781608.57
00:10:58.225,18/01/2026,08:41:51,17_T02,39.122466721,10.182754749,0.2,1799.20,66.49,232.064,1.4,38.52,13.44,1798.21,4336900.42,1781608.62
00:10:59.219,18/01/2026,08:41:52,17_T02,39.122467282,10.182756205,0.2,1799.18,66.42,232.205,1.3,38.52,13.44,1798.21,4336900.54,1781608.69
00:11:00.226,18/01/2026,08:41:53,17_T02,39.122466932,10.182757053,0.2,1799.15,66.32,232.257,1.3,38.52,13.44,1798.15,4336900.62,1781608.65
00:11:01.219,18/01/2026,08:41:54,17_T02,39.122466667,10.182757811,0.2,1799.10,66.24,232.305,1.3,38.52,13.44,1798.15,4336900.68,1781608.62
00:11:02.226,18/01/2026,08:41:55,17_T02,39.122467059,10.182758898,0.2,1799.03,66.21,232.409,1.3,38.52,13.44,1798.07,4336900.78,1781608.66
00:11:03.221,18/01/2026,08:41:56,17_T02,39.122467418,10.182760039,0.2,1798.96,66.22,232.516,1.3,38.52,13.44,1798.07,4336900.88,1781608.70
00:11:04.228,18/01/2026,08:41:57,17_T02,39.122467790,10.182761241,0.2,1798.90,66.29,232.628,1.4,38.52,13.44,1797.94,4336900.98,1781608.74
00:11:05.221,18/01/2026,08:41:58,17_T02,39.122468231,10.182762600,0.2,1798.86,66.35,232.756,1.4,38.52,13.44,1797.94,4336901.10,1781608.79
00:11:06.219,18/01/2026,08:41:59,17_T02,39.122468745,10.182764056,0.2,1798.84,66.38,232.895,1.3,38.52,13.44,1797.83,4336901.22,1781608.85
00:11:07.225,18/01/2026,08:42:00,17_T02,39.122469308,10.182765468,0.2,1798.82,66.32,233.032,1.3,38.52,13.44,1797.83,4336901.35,1781608.91
00:11:08.230,18/01/2026,08:42:01,17_T02,39.122469748,10.182766646,0.2,1798.78,66.23,233.146,1.2,38.53,13.44,1797.79,4336901.45,1781608.96
00:11:09.218,18/01/2026,08:42:02,17_T02,39.122470071,10.182767661,0.2,1798.71,66.22,233.241,1.3,38.53,13.44,1797.79,4336901.54,1781609.00
00:11:10.221,18/01/2026,08:42:03,17_T02,39.122470367,10.182768680,0.2,1798.63,66.25,233.335,1.3,38.52,13.44,1797.69,4336901.63,1781609.03
00:11:11.224,18/01/2026,08:42:04,17_T02,39.122470729,10.182769768,0.2,1798.57,66.30,233.438,1.4,38.52,13.44,1797.69,4336901.72,1781609.07
00:11:12.228,18/01/2026,08:42:05,17_T02,39.122469516,10.182771537,0.2,1798.55,66.32,233.524,1.4,38.52,13.44,1797.53,4336901.87,1781608.94
00:11:13.222,18/01/2026,08:42:06,17_T02,39.122468732,10.182773267,0.2,1798.56,66.22,233.626,1.3,38.52,13.44,1797.53,4336902.03,1781608.85
00:11:14.228,18/01/2026,08:42:07,17_T02,39.122469295,10.182774642,0.2,1798.56,66.08,233.760,1.2,38.52,13.44,1797.54,4336902.15,1781608.91
00:11:15.218,18/01/2026,08:42:08,17_T02,39.122469669,10.182775734,0.2,1798.53,66.05,233.864,1.2,38.52,13.44,1797.54,4336902.24,1781608.95
00:11:16.222,18/01/2026,08:42:09,17_T02,39.122469919,10.182776684,0.2,1798.45,66.17,233.951,1.2,38.52,13.44,1797.49,4336902.32,1781608.98
00:11:17.226,18/01/2026,08:42:10,17_T02,39.122470191,10.182777669,0.2,1798.37,66.34,234.041,1.3,38.52,13.44,1797.49,4336902.41,1781609.01
00:11:18.217,18/01/2026,08:42:11,17_T02,39.122470561,10.182778865,0.2,1798.33,66.45,234.153,1.3,38.52,13.44,1797.34,4336902.51,1781609.05
00:11:19.226,18/01/2026,08:42:12,17_T02,39.122471065,10.182780318,0.2,1798.34,66.45,234.291,1.3,38.52,13.44,1797.34,4336902.64,1781609.11
00:11:20.218,18/01/2026,08:42:13,17_T02,39.122471588,10.182781735,0.2,1798.36,66.36,234.427,1.2,38.53,13.44,1797.31,4336902.76,1781609.17
00:11:21.219,18/01/2026,08:42:14,17_T02,39.122472052,10.182783000,0.2,1798.35,66.25,234.548,1.1,38.53,13.44,1797.31,4336902.87,1781609.22
00:11:22.225,18/01/2026,08:42:15,17_T02,39.122472376,10.182784025,0.2,1798.31,66.20,234.644,1.1,38.52,13.44,1797.33,4336902.96,1781609.25
00:11:23.224,18/01/2026,08:42:16,17_T02,39.122473616,10.182784924,0.2,1798.23,66.23,234.772,1.2,38.52,13.44,1797.33,4336903.04,1781609.39
00:11:24.218,18/01/2026,08:42:17,17_T02,39.122474755,10.182785953,0.2,1798.17,66.34,234.905,1.2,38.53,13.44,1797.18,4336903.13,1781609.52
00:11:25.225,18/01/2026,08:42:18,17_T02,39.122475140,10.182787297,0.2,1798.15,66.46,235.029,1.3,38.53,13.44,1797.18,4336903.24,1781609.56
00:11:26.222,18/01/2026,08:42:19,17_T02,39.122475612,10.182788754,0.2,1798.15,66.51,235.166,1.2,38.52,13.44,1797.12,4336903.37,1781609.61
00:11:27.217,18/01/2026,08:42:20,17_T02,39.122476143,10.182790186,0.2,1798.16,66.44,235.304,1.1,38.52,13.44,1797.12,4336903.50,1781609.67
00:11:28.225,18/01/2026,08:42:21,17_T02,39.122476575,10.182791333,0.2,1798.14,66.33,235.414,1.1,38.52,13.43,1797.13,4336903.60,1781609.72
00:11:29.217,18/01/2026,08:42:22,17_T02,39.122477627,10.182793863,0.2,1798.08,66.32,235.663,1.1,38.52,13.43,1797.13,4336903.82,1781609.84
00:11:30.228,18/01/2026,08:42:23,17_T02,39.122478478,10.182796103,0.3,1797.99,66.41,235.879,1.2,38.53,13.43,1797.04,4336904.01,1781609.93
00:11:31.224,18/01/2026,08:42:24,17_T02,39.122478752,10.182797124,0.3,1797.91,66.52,235.972,1.3,38.53,13.43,1797.04,4336904.10,1781609.96
00:11:32.219,18/01/2026,08:42:25,17_T02,39.122479162,10.182798458,0.2,1797.88,66.60,236.097,1.3,38.52,13.43,1796.88,4336904.21,1781610.01
00:11:33.227,18/01/2026,08:42:26,17_T02,39.122479755,10.182800064,0.3,1797.89,66.54,236.251,1.2,38.52,13.43,1796.88,4336904.35,1781610.07
00:11:34.226,18/01/2026,08:42:27,17_T02,39.122480593,10.182801852,0.3,1797.90,66.39,236.431,1.2,38.53,13.43,1796.86,4336904.51,1781610.16
00:11:35.223,18/01/2026,08:42:28,17_T02,39.122481242,10.182803302,0.2,1797.86,66.28,236.575,1.1,38.53,13.43,1796.86,4336904.64,1781610.24
00:11:36.232,18/01/2026,08:42:29,17_T02,39.122481520,10.182804278,0.2,1797.78,66.31,236.665,1.2,38.52,13.43,1796.80,4336904.72,1781610.27
00:11:37.227,18/01/2026,08:42:30,17_T02,39.122481752,10.182805212,0.2,1797.68,66.44,236.750,1.3,38.52,13.43,1796.80,4336904.80,1781610.29
00:11:38.223,18/01/2026,08:42:31,17_T02,39.122482094,10.182806353,0.2,1797.63,66.55,236.856,1.3,38.53,13.43,1796.64,4336904.90,1781610.33
00:11:39.217,18/01/2026,08:42:32,17_T02,39.122482560,10.182807795,0.2,1797.61,66.58,236.991,1.3,38.53,13.43,1796.64,4336905.03,1781610.38
00:11:40.228,18/01/2026,08:42:33,17_T02,39.122483092,10.182807327,0.2,1797.61,66.56,236.978,1.2,38.53,13.44,1796.59,4336904.99,1781610.44
00:11:41.219,18/01/2026,08:42:34,17_T02,39.122483590,10.182806992,0.2,1797.58,66.52,236.974,1.2,38.53,13.44,1796.59,4336904.96,1781610.50
00:11:42.226,18/01/2026,08:42:35,17_T02,39.122483985,10.182808145,0.2,1797.52,66.54,237.083,1.2,38.52,13.44,1796.54,4336905.06,1781610.54
00:11:43.228,18/01/2026,08:42:36,17_T02,39.122484331,10.182809211,0.2,1797.43,66.58,237.184,1.3,38.52,13.44,1796.54,4336905.15,1781610.58
00:11:44.220,18/01/2026,08:42:37,17_T02,39.122484684,10.182810300,0.2,1797.36,66.60,237.286,1.3,38.53,13.43,1796.38,4336905.24,1781610.62
00:11:45.227,18/01/2026,08:42:38,17_T02,39.122485119,10.182811600,0.2,1797.32,66.59,237.409,1.4,38.53,13.43,1796.38,4336905.36,1781610.67
00:11:46.228,18/01/2026,08:42:39,17_T02,39.122485917,10.182812009,0.2,1797.29,66.57,237.477,1.3,38.52,13.44,1796.28,4336905.39,1781610.75
00:11:47.218,18/01/2026,08:42:40,17_T02,39.122486608,10.182812520,0.2,1797.25,66.58,237.549,1.3,38.52,13.44,1796.28,4336905.44,1781610.83
00:11:48.224,18/01/2026,08:42:41,17_T02,39.122487048,10.182813805,0.2,1797.20,66.59,237.671,1.3,38.53,13.43,1796.21,4336905.55,1781610.88
00:11:49.229,18/01/2026,08:42:42,17_T02,39.122487471,10.182815028,0.2,1797.13,66.59,237.787,1.3,38.53,13.43,1796.21,4336905.65,1781610.93
00:11:50.220,18/01/2026,08:42:43,17_T02,39.122487868,10.182816169,0.2,1797.05,66.60,237.896,1.3,38.53,13.43,1796.21,4336905.75,1781610.97
00:11:51.227,18/01/2026,08:42:44,17_T02,39.122488355,10.182817525,0.2,1796.98,66.62,238.025,1.4,38.53,13.44,1796.05,4336905.87,1781611.02
00:11:52.221,18/01/2026,08:42:45,17_T02,39.122488883,10.182818878,0.2,1796.93,66.63,238.157,1.4,38.53,13.44,1796.05,4336905.99,1781611.08
00:11:53.228,18/01/2026,08:42:46,17_T02,39.122489414,10.182820350,0.2,1796.87,66.65,238.297,1.4,38.53,13.44,1795.94,4336906.12,1781611.14
00:11:54.225,18/01/2026,08:42:47,17_T02,39.122489889,10.182821759,0.2,1796.78,66.71,238.431,1.4,38.53,13.44,1795.94,4336906.24,1781611.19
00:11:55.220,18/01/2026,08:42:48,17_T02,39.122490367,10.182823091,0.3,1796.67,66.77,238.558,1.4,38.52,13.44,1795.80,4336906.36,1781611.25
00:11:56.230,18/01/2026,08:42:49,17_T02,39.122490813,10.182824214,0.2,1796.55,66.75,238.668,1.5,38.52,13.44,1795.80,4336906.45,1781611.30
00:11:57.223,18/01/2026,08:42:50,17_T02,39.122491555,10.182825034,0.2,1796.42,66.69,238.766,1.6,38.52,13.43,1795.56,4336906.52,1781611.38
00:11:58.231,18/01/2026,08:42:51,17_T02,39.122492312,10.182825980,0.2,1796.33,66.63,238.875,1.6,38.52,13.43,1795.56,4336906.61,1781611.46
00:11:59.226,18/01/2026,08:42:52,17_T02,39.122492869,10.182827285,0.2,1796.26,66.55,239.004,1.6,38.52,13.43,1795.34,4336906.72,1781611.52
00:12:00.223,18/01/2026,08:42:53,17_T02,39.122493407,10.182828621,0.2,1796.21,66.46,239.134,1.7,38.52,13.43,1795.34,4336906.84,1781611.58
00:12:01.230,18/01/2026,08:42:54,17_T02,39.122493917,10.182829936,0.2,1796.15,66.42,239.262,1.6,38.53,13.44,1795.20,4336906.95,1781611.64
00:12:02.230,18/01/2026,08:42:55,17_T02,39.122494014,10.182829080,0.2,1796.09,66.45,239.198,1.7,38.53,13.44,1795.20,4336906.88,1781611.65
00:12:03.226,18/01/2026,08:42:56,17_T02,39.122494142,10.182828530,0.2,1796.02,66.49,239.160,1.7,38.53,13.43,1795.09,4336906.83,1781611.67
00:12:04.220,18/01/2026,08:42:57,17_T02,39.122494608,10.182829714,0.2,1795.96,66.48,239.275,1.7,38.53,13.43,1795.09,4336906.93,1781611.72
00:12:05.229,18/01/2026,08:42:58,17_T02,39.122495225,10.182830999,0.2,1795.93,66.32,239.405,1.6,38.53,13.43,1794.96,4336907.04,1781611.79
00:12:06.223,18/01/2026,08:42:59,17_T02,39.122495775,10.182832170,0.2,1795.91,66.16,239.523,1.6,38.53,13.43,1794.96,4336907.14,1781611.85
00:12:07.218,18/01/2026,08:43:00,17_T02,39.122496126,10.182833214,0.2,1795.84,66.17,239.622,1.6,38.53,13.43,1794.90,4336907.23,1781611.89
00:12:08.218,18/01/2026,08:43:01,17_T02,39.122496189,10.182834777,0.2,1795.73,66.30,239.749,1.6,38.53,13.43,1794.90,4336907.37,1781611.89
00:12:09.227,18/01/2026,08:43:02,17_T02,39.122496282,10.182836265,0.2,1795.63,66.47,239.871,1.7,38.52,13.43,1794.72,4336907.50,1781611.90
00:12:10.222,18/01/2026,08:43:03,17_T02,39.122496697,10.182837451,0.2,1795.57,66.59,239.984,1.8,38.52,13.43,1794.72,4336907.60,1781611.95
00:12:11.218,18/01/2026,08:43:04,17_T02,39.122497295,10.182838838,0.2,1795.56,66.51,240.121,1.7,38.53,13.44,1794.57,4336907.72,1781612.02
00:12:12.228,18/01/2026,08:43:05,17_T02,39.122497914,10.182840187,0.2,1795.56,66.28,240.256,1.6,38.53,13.44,1794.57,4336907.84,1781612.08
00:12:13.225,18/01/2026,08:43:06,17_T02,39.122498422,10.182841378,0.2,1795.51,66.09,240.374,1.5,38.52,13.43,1794.56,4336907.94,1781612.14
00:12:14.232,18/01/2026,08:43:07,17_T02,39.122498734,10.182842325,0.2,1795.40,66.08,240.463,1.6,38.52,13.43,1794.56,4336908.03,1781612.17
00:12:15.224,18/01/2026,08:43:08,17_T02,39.122498928,10.182843084,0.2,1795.26,66.21,240.532,1.7,38.53,13.43,1794.39,4336908.09,1781612.20
00:12:16.230,18/01/2026,08:43:09,17_T02,39.122499241,10.182843955,0.2,1795.15,66.25,240.615,1.8,38.53,13.43,1794.39,4336908.17,1781612.23
00:12:17.218,18/01/2026,08:43:10,17_T02,39.122499822,10.182844970,0.2,1795.09,65.90,240.722,1.9,38.52,13.43,1794.12,4336908.26,1781612.30
00:12:18.221,18/01/2026,08:43:11,17_T02,39.122500547,10.182846102,0.2,1795.07,65.24,240.845,1.8,38.52,13.43,1794.12,4336908.36,1781612.38
00:12:19.225,18/01/2026,08:43:12,17_T02,39.122501094,10.182848747,0.2,1795.05,64.86,241.079,1.7,38.52,13.43,1794.05,4336908.58,1781612.44
00:12:20.230,18/01/2026,08:43:13,17_T02,39.122501307,10.182850999,0.2,1794.98,64.99,241.268,1.7,38.52,13.43,1794.05,4336908.78,1781612.46
00:12:21.221,18/01/2026,08:43:14,17_T02,39.122501348,10.182851854,0.2,1794.88,65.46,241.338,1.7,38.53,13.43,1793.96,4336908.86,1781612.47
00:12:22.229,18/01/2026,08:43:15,17_T02,39.122501409,10.182852659,0.2,1794.75,65.91,241.404,1.9,38.53,13.43,1793.96,4336908.93,1781612.47
00:12:23.219,18/01/2026,08:43:16,17_T02,39.122501584,10.182853521,0.2,1794.62,66.19,241.481,2.0,38.53,13.43,1793.71,4336909.00,1781612.49
00:12:24.226,18/01/2026,08:43:17,17_T02,39.122501845,10.182854671,0.2,1794.54,66.52,241.584,2.0,38.53,13.43,1793.71,4336909.10,1781612.52
00:12:25.216,18/01/2026,08:43:18,17_T02,39.122501844,10.182855322,0.2,1794.46,66.73,241.635,1.9,38.52,13.43,1793.52,4336909.16,1781612.52
00:12:26.226,18/01/2026,08:43:19,17_T02,39.122501841,10.182855827,0.2,1794.34,66.84,241.675,1.9,38.52,13.43,1793.52,4336909.20,1781612.52
00:12:27.230,18/01/2026,08:43:20,17_T02,39.122502086,10.182856405,0.1,1794.19,66.86,241.732,2.1,38.52,13.44,1793.29,4336909.25,1781612.55
00:12:28.223,18/01/2026,08:43:21,17_T02,39.122502311,10.182856849,0.1,1794.04,66.83,241.778,2.2,38.52,13.44,1793.29,4336909.29,1781612.57
00:12:29.231,18/01/2026,08:43:22,17_T02,39.122502655,10.182857418,0.1,1793.91,66.76,241.838,2.4,38.53,13.45,1792.98,4336909.34,1781612.61
00:12:30.218,18/01/2026,08:43:23,17_T02,39.122503100,10.182858244,0.1,1793.82,66.67,241.924,2.4,38.53,13.45,1792.98,4336909.41,1781612.66
00:12:31.224,18/01/2026,08:43:24,17_T02,39.122504164,10.182860732,0.1,1793.75,66.60,242.170,2.4,38.52,13.45,1792.78,4336909.63,1781612.78
00:12:32.231,18/01/2026,08:43:25,17_T02,39.122505051,10.182862871,0.2,1793.67,66.56,242.380,2.4,38.52,13.45,1792.78,4336909.81,1781612.88
00:12:33.227,18/01/2026,08:43:26,17_T02,39.122505343,10.182863571,0.2,1793.57,66.55,242.448,2.4,38.53,13.45,1792.63,4336909.87,1781612.91
00:12:34.223,18/01/2026,08:43:27,17_T02,39.122505591,10.182864002,0.2,1793.45,66.51,242.494,2.5,38.53,13.45,1792.63,4336909.91,1781612.94
00:12:35.220,18/01/2026,08:43:28,17_T02,39.122505822,10.182864198,0.2,1793.34,66.39,242.520,2.6,38.52,13.44,1792.38,4336909.93,1781612.96
00:12:36.217,18/01/2026,08:43:29,17_T02,39.122506803,10.182864422,0.2,1793.23,66.27,242.582,2.7,38.52,13.44,1792.38,4336909.95,1781613.07
00:12:37.225,18/01/2026,08:43:30,17_T02,39.122507522,10.182864661,0.2,1793.14,66.34,242.633,2.8,38.53,13.44,1792.17,4336909.97,1781613.15
00:12:38.220,18/01/2026,08:43:31,17_T02,39.122507694,10.182864911,0.2,1793.07,66.32,242.661,2.8,38.53,13.44,1792.17,4336909.99,1781613.17
00:12:39.227,18/01/2026,08:43:32,17_T02,39.122507879,10.182865239,0.2,1792.99,66.35,242.695,2.9,38.53,13.44,1792.01,4336910.02,1781613.19
00:12:40.221,18/01/2026,08:43:33,17_T02,39.122508003,10.182865526,0.1,1792.88,66.42,242.723,2.9,38.53,13.44,1792.01,4336910.04,1781613.20
00:12:41.231,18/01/2026,08:43:34,17_T02,39.122508094,10.182865729,0.1,1792.77,66.48,242.744,3.1,38.52,13.44,1791.81,4336910.06,1781613.21
00:12:42.231,18/01/2026,08:43:35,17_T02,39.122508829,10.182865695,0.1,1792.66,66.48,242.774,3.2,38.52,13.44,1791.81,4336910.06,1781613.29
00:12:43.225,18/01/2026,08:43:36,17_T02,39.122509544,10.182865879,0.1,1792.57,66.48,242.821,3.3,38.53,13.44,1791.59,4336910.07,1781613.37
00:12:44.217,18/01/2026,08:43:37,17_T02,39.122509819,10.182866349,0.1,1792.51,66.39,242.871,3.3,38.53,13.44,1791.59,4336910.11,1781613.40
00:12:45.227,18/01/2026,08:43:38,17_T02,39.122510057,10.182866814,0.1,1792.39,66.37,242.918,3.3,38.53,13.44,1791.42,4336910.15,1781613.43
00:12:46.224,18/01/2026,08:43:39,17_T02,39.122510130,10.182867049,0.1,1792.25,66.40,242.940,3.4,38.53,13.44,1791.42,4336910.18,1781613.44
00:12:47.216,18/01/2026,08:43:40,17_T02,39.122510175,10.182867181,0.1,1792.11,66.49,242.953,3.6,38.53,13.44,1791.13,4336910.19,1781613.44
00:12:48.226,18/01/2026,08:43:41,17_T02,39.122511248,10.182868442,0.1,1791.99,66.58,243.101,3.7,38.53,13.44,1791.13,4336910.30,1781613.56
00:12:49.218,18/01/2026,08:43:42,17_T02,39.122512344,10.182869814,0.1,1791.90,66.58,243.260,3.8,38.53,13.44,1791.13,4336910.42,1781613.68
00:12:50.226,18/01/2026,08:43:43,17_T02,39.122512613,10.182870335,0.1,1791.83,66.50,243.313,3.8,38.52,13.44,1790.90,4336910.46,1781613.71
00:12:51.222,18/01/2026,08:43:44,17_T02,39.122512771,10.182870736,0.1,1791.74,66.48,243.352,3.8,38.52,13.44,1790.90,4336910.50,1781613.73
00:12:52.226,18/01/2026,08:43:45,17_T02,39.122512863,10.182871012,0.1,1791.62,66.55,243.378,3.8,38.53,13.43,1790.75,4336910.52,1781613.74
00:12:53.230,18/01/2026,08:43:46,17_T02,39.122513054,10.182871401,0.1,1791.49,66.64,243.418,4.0,38.53,13.43,1790.75,4336910.55,1781613.76
00:12:54.222,18/01/2026,08:43:47,17_T02,39.122513331,10.182871937,0.1,1791.39,66.65,243.473,4.2,38.53,13.43,1790.50,4336910.60,1781613.79
00:12:55.225,18/01/2026,08:43:48,17_T02,39.122513663,10.182872504,0.1,1791.32,66.52,243.533,4.2,38.53,13.43,1790.50,4336910.65,1781613.83
00:12:56.230,18/01/2026,08:43:49,17_T02,39.122513922,10.182872971,0.1,1791.25,66.37,243.582,4.1,38.53,13.44,1790.31,4336910.69,1781613.86
00:12:57.221,18/01/2026,08:43:50,17_T02,39.122514063,10.182873293,0.1,1791.16,66.32,243.614,4.1,38.53,13.44,1790.31,4336910.72,1781613.87
00:12:58.229,18/01/2026,08:43:51,17_T02,39.122514071,10.182873547,0.1,1791.05,66.39,243.634,4.3,38.52,13.45,1790.14,4336910.74,1781613.87
00:12:59.220,18/01/2026,08:43:52,17_T02,39.122513204,10.182874558,0.1,1790.93,66.52,243.675,4.3,38.52,13.45,1790.14,4336910.83,1781613.78
00:13:00.227,18/01/2026,08:43:53,17_T02,39.122512517,10.182875653,0.1,1790.84,66.65,243.731,4.5,38.53,13.44,1789.91,4336910.92,1781613.70
00:13:01.220,18/01/2026,08:43:54,17_T02,39.122512670,10.182876216,0.1,1790.77,66.64,243.783,4.6,38.53,13.44,1789.91,4336910.97,1781613.72
00:13:02.229,18/01/2026,08:43:55,17_T02,39.122512895,10.182876814,0.1,1790.70,66.58,243.841,4.5,38.53,13.44,1789.73,4336911.02,1781613.74
00:13:03.224,18/01/2026,08:43:56,17_T02,39.122513080,10.182877269,0.1,1790.61,66.55,243.885,4.5,38.53,13.44,1789.73,4336911.06,1781613.77
00:13:04.217,18/01/2026,08:43:57,17_T02,39.122513177,10.182877634,0.1,1790.49,66.56,243.918,4.6,38.53,13.45,1789.59,4336911.10,1781613.78
00:13:05.227,18/01/2026,08:43:58,17_T02,39.122513757,10.182877457,0.1,1790.38,66.56,243.930,4.8,38.53,13.45,1789.59,4336911.08,1781613.84
00:13:06.218,18/01/2026,08:43:59,17_T02,39.122514287,10.182877492,0.1,1790.27,66.52,243.957,4.9,38.52,13.44,1789.36,4336911.08,1781613.90
00:13:07.229,18/01/2026,08:44:00,17_T02,39.122514552,10.182878075,0.1,1790.20,66.42,244.015,4.9,38.52,13.44,1789.36,4336911.13,1781613.93
00:13:08.221,18/01/2026,08:44:01,17_T02,39.122514795,10.182878708,0.1,1790.12,66.38,244.077,4.8,38.53,13.44,1789.17,4336911.19,1781613.95
00:13:09.230,18/01/2026,08:44:02,17_T02,39.122514977,10.182879277,0.1,1790.05,66.33,244.130,4.9,38.53,13.44,1789.17,4336911.24,1781613.97
00:13:10.228,18/01/2026,08:44:03,17_T02,39.122516568,10.182878466,0.1,1789.98,66.35,244.137,5.0,38.52,13.45,1789.02,4336911.17,1781614.15
00:13:11.223,18/01/2026,08:44:04,17_T02,39.122517918,10.182877924,0.1,1789.91,66.37,244.155,5.0,38.52,13.45,1789.02,4336911.12,1781614.30
00:13:12.230,18/01/2026,08:44:05,17_T02,39.122518121,10.182878569,0.1,1789.84,66.42,244.216,5.0,38.53,13.45,1788.87,4336911.18,1781614.32
00:13:13.221,18/01/2026,08:44:06,17_T02,39.122518248,10.182879185,0.1,1789.76,66.47,244.270,5.0,38.53,13.45,1788.87,4336911.23,1781614.34
00:13:14.218,18/01/2026,08:44:07,17_T02,39.122518325,10.182879662,0.1,1789.69,66.48,244.312,4.9,38.53,13.45,1788.72,4336911.27,1781614.34
00:13:15.225,18/01/2026,08:44:08,17_T02,39.122518464,10.182880154,0.1,1789.61,66.56,244.357,5.0,38.53,13.45,1788.72,4336911.31,1781614.36
00:13:16.218,18/01/2026,08:44:09,17_T02,39.122520258,10.182881824,0.2,1789.53,66.61,244.570,5.2,38.52,13.45,1788.55,4336911.46,1781614.56
00:13:17.227,18/01/2026,08:44:10,17_T02,39.122521995,10.182883562,0.2,1789.47,66.63,244.787,5.2,38.52,13.45,1788.55,4336911.61,1781614.75
00:13:18.221,18/01/2026,08:44:11,17_T02,39.122522228,10.182884270,0.2,1789.40,66.58,244.854,5.2,38.52,13.45,1788.42,4336911.67,1781614.78
00:13:19.220,18/01/2026,08:44:12,17_T02,39.122522437,10.182884727,0.2,1789.35,66.39,244.899,5.2,38.52,13.45,1788.42,4336911.71,1781614.80
00:13:20.230,18/01/2026,08:44:13,17_T02,39.122522625,10.182885229,0.1,1789.29,66.34,244.948,5.2,38.52,13.45,1788.30,4336911.75,1781614.82
00:13:21.221,18/01/2026,08:44:14,17_T02,39.122521467,10.182885250,0.1,1789.22,66.35,244.897,5.3,38.52,13.45,1788.30,4336911.76,1781614.69
00:13:22.223,18/01/2026,08:44:15,17_T02,39.122520425,10.182885446,0.2,1789.16,66.39,244.866,5.3,38.53,13.44,1788.18,4336911.77,1781614.58
00:13:23.231,18/01/2026,08:44:16,17_T02,39.122520612,10.182886226,0.2,1789.12,66.43,244.936,5.3,38.53,13.44,1788.18,4336911.84,1781614.60
00:13:24.222,18/01/2026,08:44:17,17_T02,39.122520796,10.182886925,0.1,1789.07,66.45,245.000,5.2,38.53,13.44,1788.07,4336911.90,1781614.62
00:13:25.228,18/01/2026,08:44:18,17_T02,39.122520960,10.182887528,0.1,1789.02,66.46,245.055,5.2,38.53,13.44,1788.07,4336911.95,1781614.64
00:13:26.226,18/01/2026,08:44:19,17_T02,39.122521068,10.182888025,0.1,1788.94,66.47,245.099,5.3,38.53,13.44,1787.96,4336912.00,1781614.65
00:13:27.230,18/01/2026,08:44:20,17_T02,39.122522752,10.182889816,0.1,1788.87,66.50,245.318,5.4,38.53,13.44,1787.96,4336912.15,1781614.83
00:13:28.218,18/01/2026,08:44:21,17_T02,39.122524149,10.182891468,0.2,1788.82,66.50,245.512,5.5,38.53,13.44,1787.81,4336912.30,1781614.99
00:13:29.222,18/01/2026,08:44:22,17_T02,39.122524419,10.182892246,0.1,1788.79,66.44,245.586,5.4,38.53,13.44,1787.81,4336912.36,1781615.02
00:13:30.216,18/01/2026,08:44:23,17_T02,39.122524704,10.182892968,0.1,1788.76,66.33,245.656,5.2,38.53,13.44,1787.74,4336912.43,1781615.05
00:13:31.218,18/01/2026,08:44:24,17_T02,39.122524848,10.182893558,0.1,1788.69,66.29,245.709,5.1,38.53,13.44,1787.74,4336912.48,1781615.07
00:13:32.221,18/01/2026,08:44:25,17_T02,39.122524892,10.182893970,0.1,1788.61,66.31,245.744,5.3,38.53,13.44,1787.63,4336912.51,1781615.07
00:13:33.229,18/01/2026,08:44:26,17_T02,39.122525606,10.182895430,0.1,1788.54,66.36,245.892,5.5,38.53,13.44,1787.63,4336912.64,1781615.15
00:13:34.220,18/01/2026,08:44:27,17_T02,39.122526263,10.182896889,0.2,1788.49,66.37,246.038,5.5,38.53,13.44,1787.47,4336912.77,1781615.22
00:13:35.226,18/01/2026,08:44:28,17_T02,39.122526518,10.182897704,0.1,1788.48,66.32,246.114,5.3,38.53,13.44,1787.47,4336912.84,1781615.25
00:13:36.229,18/01/2026,08:44:29,17_T02,39.122526723,10.182898506,0.1,1788.45,66.30,246.187,5.2,38.52,13.45,1787.43,4336912.91,1781615.27
00:13:37.222,18/01/2026,08:44:30,17_T02,39.122526828,10.182899091,0.1,1788.39,66.34,246.238,5.1,38.52,13.45,1787.43,4336912.96,1781615.29
00:13:38.232,18/01/2026,08:44:31,17_T02,39.122525134,10.182898365,0.1,1788.30,66.45,246.104,5.2,38.53,13.44,1787.30,4336912.90,1781615.10
00:13:39.227,18/01/2026,08:44:32,17_T02,39.122523916,10.182897957,0.2,1788.21,66.52,246.017,5.5,38.53,13.44,1787.30,4336912.86,1781614.96
00:13:40.218,18/01/2026,08:44:33,17_T02,39.122524092,10.182898637,0.2,1788.16,66.56,246.079,5.5,38.53,13.44,1787.13,4336912.92,1781614.98
00:13:41.226,18/01/2026,08:44:34,17_T02,39.122524359,10.182899495,0.1,1788.12,66.53,246.159,5.3,38.53,13.44,1787.13,4336912.99,1781615.01
00:13:42.223,18/01/2026,08:44:35,17_T02,39.122524597,10.182900277,0.1,1788.07,66.47,246.232,5.2,38.53,13.44,1787.13,4336913.06,1781615.04
00:13:43.216,18/01/2026,08:44:36,17_T02,39.122524767,10.182900926,0.1,1788.01,66.42,246.291,5.2,38.53,13.44,1787.06,4336913.12,1781615.06
00:13:44.226,18/01/2026,08:44:37,17_T02,39.122526325,10.182902860,0.1,1787.92,66.39,246.515,5.2,38.53,13.44,1787.06,4336913.29,1781615.23
00:13:45.228,18/01/2026,08:44:38,17_T02,39.122527669,10.182904607,0.2,1787.83,66.37,246.714,5.4,38.53,13.44,1786.90,4336913.44,1781615.38
00:13:46.227,18/01/2026,08:44:39,17_T02,39.122527838,10.182905290,0.1,1787.76,66.37,246.776,5.5,38.53,13.44,1786.90,4336913.50,1781615.40
00:13:47.223,18/01/2026,08:44:40,17_T02,39.122528055,10.182906114,0.1,1787.69,66.39,246.851,5.4,38.53,13.45,1786.75,4336913.57,1781615.42
00:13:48.221,18/01/2026,08:44:41,17_T02,39.122528266,10.182907005,0.1,1787.63,66.42,246.931,5.4,38.53,13.45,1786.75,4336913.65,1781615.45
00:13:49.216,18/01/2026,08:44:42,17_T02,39.122528507,10.182907807,0.1,1787.56,66.44,247.006,5.3,38.52,13.45,1786.60,4336913.72,1781615.47
00:13:50.228,18/01/2026,08:44:43,17_T02,39.122528089,10.182908451,0.2,1787.48,66.41,247.038,5.4,38.52,13.45,1786.60,4336913.77,1781615.43
00:13:51.222,18/01/2026,08:44:44,17_T02,39.122527743,10.182909127,0.2,1787.40,66.38,247.076,5.4,38.53,13.44,1786.45,4336913.83,1781615.39
00:13:52.218,18/01/2026,08:44:45,17_T02,39.122527908,10.182909862,0.1,1787.31,66.39,247.142,5.5,38.53,13.44,1786.45,4336913.90,1781615.41
00:13:53.220,18/01/2026,08:44:46,17_T02,39.122528118,10.182910674,0.1,1787.23,66.42,247.216,5.4,38.53,13.45,1786.30,4336913.97,1781615.43
00:13:54.228,18/01/2026,08:44:47,17_T02,39.122528342,10.182911471,0.1,1787.15,66.46,247.289,5.5,38.53,13.45,1786.30,4336914.04,1781615.46
00:13:55.225,18/01/2026,08:44:48,17_T02,39.122528908,10.182912595,0.1,1787.08,66.49,247.404,5.5,38.53,13.45,1786.12,4336914.13,1781615.52
00:13:56.219,18/01/2026,08:44:49,17_T02,39.122529422,10.182913635,0.2,1787.00,66.46,247.510,5.4,38.53,13.45,1786.12,4336914.22,1781615.58
00:13:57.227,18/01/2026,08:44:50,17_T02,39.122529714,10.182914450,0.1,1786.93,66.37,247.588,5.4,38.53,13.45,1785.98,4336914.29,1781615.61
00:13:58.219,18/01/2026,08:44:51,17_T02,39.122529976,10.182915172,0.1,1786.86,66.25,247.657,5.3,38.53,13.45,1785.98,4336914.36,1781615.64
00:13:59.223,18/01/2026,08:44:52,17_T02,39.122530202,10.182915801,0.1,1786.78,66.14,247.717,5.4,38.53,13.45,1785.83,4336914.41,1781615.66
00:14:00.224,18/01/2026,08:44:53,17_T02,39.122530354,10.182916398,0.1,1786.69,66.12,247.771,5.4,38.53,13.45,1785.83,4336914.46,1781615.68
00:14:01.216,18/01/2026,08:44:54,17_T02,39.122531246,10.182917783,0.2,1786.60,66.21,247.922,5.5,38.53,13.44,1785.66,4336914.58,1781615.78
00:14:02.219,18/01/2026,08:44:55,17_T02,39.122532104,10.182919206,0.2,1786.52,66.32,248.073,5.5,38.53,13.44,1785.66,4336914.71,1781615.87
00:14:03.225,18/01/2026,08:44:56,17_T02,39.122532325,10.182920061,0.2,1786.45,66.39,248.151,5.5,38.53,13.44,1785.47,4336914.78,1781615.90
00:14:04.228,18/01/2026,08:44:57,17_T02,39.122532578,10.182920893,0.2,1786.38,66.40,248.229,5.4,38.53,13.44,1785.47,4336914.85,1781615.93
00:14:05.217,18/01/2026,08:44:58,17_T02,39.122532756,10.182921580,0.2,1786.31,66.38,248.291,5.3,38.53,13.44,1785.34,4336914.91,1781615.95
00:14:06.224,18/01/2026,08:44:59,17_T02,39.122532030,10.182921484,0.2,1786.22,66.38,248.251,5.3,38.53,13.44,1785.34,4336914.91,1781615.87
00:14:07.221,18/01/2026,08:45:00,17_T02,39.122531379,10.182921394,0.2,1786.12,66.43,248.214,5.4,38.53,13.44,1785.16,4336914.90,1781615.79
00:14:08.216,18/01/2026,08:45:01,17_T02,39.122531474,10.182922014,0.2,1786.02,66.54,248.268,5.6,38.53,13.44,1785.16,4336914.95,1781615.80
00:14:09.223,18/01/2026,08:45:02,17_T02,39.122531666,10.182922761,0.1,1785.93,66.63,248.336,5.6,38.53,13.44,1784.97,4336915.02,1781615.83
00:14:10.219,18/01/2026,08:45:03,17_T02,39.122531916,10.182923576,0.1,1785.87,66.62,248.412,5.5,38.53,13.44,1784.97,4336915.09,1781615.85
00:14:11.228,18/01/2026,08:45:04,17_T02,39.122532210,10.182924391,0.1,1785.81,66.47,248.490,5.5,38.53,13.44,1784.81,4336915.16,1781615.89
00:14:12.226,18/01/2026,08:45:05,17_T02,39.122532699,10.182926601,0.1,1785.73,66.28,248.687,5.3,38.53,13.44,1784.81,4336915.35,1781615.94
00:14:13.224,18/01/2026,08:45:06,17_T02,39.122533035,10.182928412,0.2,1785.63,66.22,248.846,5.5,38.52,13.45,1784.67,4336915.51,1781615.98
00:14:14.219,18/01/2026,08:45:07,17_T02,39.122533069,10.182928840,0.2,1785.50,66.33,248.882,5.7,38.52,13.45,1784.67,4336915.55,1781615.98
00:14:15.227,18/01/2026,08:45:08,17_T02,39.122533153,10.182929550,0.1,1785.33,66.55,248.942,5.8,38.53,13.44,1784.42,4336915.61,1781615.99
00:14:16.223,18/01/2026,08:45:09,17_T02,39.122533360,10.182930129,0.1,1785.20,66.58,248.997,5.8,38.53,13.44,1784.42,4336915.66,1781616.01
00:14:17.221,18/01/2026,08:45:10,17_T02,39.122533627,10.182930671,0.1,1785.10,66.47,249.053,5.8,38.53,13.44,1784.14,4336915.70,1781616.04
00:14:18.218,18/01/2026,08:45:11,17_T02,39.122532970,10.182929832,0.1,1785.02,66.21,248.956,5.7,38.53,13.44,1784.14,4336915.63,1781615.97
00:14:19.215,18/01/2026,08:45:12,17_T02,39.122532172,10.182928904,0.2,1784.92,66.05,248.847,5.8,38.53,13.44,1783.96,4336915.55,1781615.88
00:14:20.222,18/01/2026,08:45:13,17_T02,39.122532176,10.182929170,0.2,1784.79,66.09,248.868,5.9,38.53,13.44,1783.96,4336915.57,1781615.88
00:14:21.221,18/01/2026,08:45:14,17_T02,39.122532176,10.182929500,0.2,1784.66,66.27,248.894,6.2,38.53,13.43,1783.70,4336915.60,1781615.88
00:14:22.218,18/01/2026,08:45:15,17_T02,39.122532285,10.182929938,0.2,1784.56,66.43,248.934,6.4,38.53,13.43,1783.70,4336915.64,1781615.90
00:14:23.216,18/01/2026,08:45:16,17_T02,39.122533374,10.182930114,0.1,1784.48,66.54,248.997,6.3,38.53,13.43,1783.47,4336915.66,1781616.02
00:14:24.228,18/01/2026,08:45:17,17_T02,39.122534258,10.182930392,0.1,1784.40,66.61,249.059,6.1,38.53,13.43,1783.47,4336915.68,1781616.11
00:14:25.224,18/01/2026,08:45:18,17_T02,39.122534362,10.182930948,0.1,1784.31,66.65,249.108,5.4,38.53,13.44,1783.32,4336915.73,1781616.12
00:14:26.221,18/01/2026,08:45:19,17_T02,39.122534495,10.182931421,0.1,1784.19,66.68,249.151,6.2,38.53,13.44,1783.32,4336915.77,1781616.14
00:14:27.231,18/01/2026,08:45:20,17_T02,39.122534644,10.182931757,0.1,1784.07,66.71,249.185,6.4,38.53,13.44,1783.10,4336915.80,1781616.16
00:14:28.231,18/01/2026,08:45:21,17_T02,39.122534803,10.182932193,0.1,1783.96,66.72,249.226,5.7,38.53,13.44,1783.10,4336915.84,1781616.17
00:14:29.224,18/01/2026,08:45:22,17_T02,39.122534287,10.182933102,0.1,1783.87,66.69,249.275,6.7,38.53,13.44,1782.87,4336915.92,1781616.12
00:14:30.221,18/01/2026,08:45:23,17_T02,39.122533901,10.182934007,0.1,1783.78,66.62,249.330,6.6,38.53,13.44,1782.87,4336916.00,1781616.07
00:14:31.229,18/01/2026,08:45:24,17_T02,39.122534136,10.182934525,0.1,1783.69,66.54,249.381,6.6,38.53,13.44,1782.69,4336916.04,1781616.10
00:14:32.217,18/01/2026,08:45:25,17_T02,39.122534284,10.182934877,0.1,1783.58,66.49,249.416,5.8,38.53,13.44,1782.69,4336916.07,1781616.12
00:14:33.219,18/01/2026,08:45:26,17_T02,39.122534412,10.182935160,0.1,1783.46,66.48,249.444,6.8,38.53,13.44,1782.47,4336916.10,1781616.13
00:14:34.231,18/01/2026,08:45:27,17_T02,39.122534031,10.182935310,0.1,1783.35,66.48,249.439,6.7,38.53,13.44,1782.47,4336916.11,1781616.09
00:14:35.222,18/01/2026,08:45:28,17_T02,39.122533710,10.182935546,0.1,1783.24,66.48,249.443,7.0,38.53,13.44,1782.23,4336916.13,1781616.05
00:14:36.216,18/01/2026,08:45:29,17_T02,39.122533839,10.182935914,0.1,1783.14,66.49,249.478,7.0,38.53,13.44,1782.23,4336916.16,1781616.07
00:14:37.221,18/01/2026,08:45:30,17_T02,39.122533957,10.182936255,0.1,1783.03,66.51,249.511,7.1,38.53,13.44,1782.04,4336916.19,1781616.08
00:14:38.220,18/01/2026,08:45:31,17_T02,39.122534081,10.182936575,0.1,1782.92,66.53,249.542,7.1,38.53,13.44,1782.04,4336916.22,1781616.09
00:14:39.224,18/01/2026,08:45:32,17_T02,39.122534208,10.182936894,0.1,1782.82,66.48,249.573,7.2,38.53,13.44,1781.80,4336916.25,1781616.11
00:14:40.218,18/01/2026,08:45:33,17_T02,39.122533597,10.182935596,0.1,1782.71,66.40,249.442,7.2,38.53,13.44,1781.80,4336916.13,1781616.04
00:14:41.230,18/01/2026,08:45:34,17_T02,39.122533015,10.182934380,0.1,1782.59,66.35,249.319,7.3,38.53,13.44,1781.80,4336916.03,1781615.98
00:14:42.222,18/01/2026,08:45:35,17_T02,39.122533059,10.182934536,0.1,1782.47,66.36,249.334,7.5,38.53,13.44,1781.60,4336916.04,1781615.98
00:14:43.217,18/01/2026,08:45:36,17_T02,39.122533112,10.182934736,0.1,1782.36,66.41,249.352,7.6,38.53,13.44,1781.60,4336916.06,1781615.99
00:14:44.214,18/01/2026,08:45:37,17_T02,39.122533199,10.182935010,0.1,1782.24,66.48,249.378,7.8,38.53,13.44,1781.35,4336916.08,1781616.00
00:14:45.229,18/01/2026,08:45:38,17_T02,39.122533258,10.182935314,0.1,1782.13,66.54,249.405,7.8,38.53,13.44,1781.35,4336916.11,1781616.00
00:14:46.223,18/01/2026,08:45:39,17_T02,39.122533465,10.182935942,0.1,1782.02,66.58,249.464,7.9,38.53,13.44,1781.12,4336916.16,1781616.03
00:14:47.218,18/01/2026,08:45:40,17_T02,39.122533679,10.182936500,0.1,1781.91,66.55,249.518,7.9,38.53,13.44,1781.12,4336916.21,1781616.05
00:14:48.229,18/01/2026,08:45:41,17_T02,39.122533819,10.182936681,0.1,1781.81,66.41,249.538,7.8,38.53,13.44,1780.88,4336916.23,1781616.07
00:14:49.216,18/01/2026,08:45:42,17_T02,39.122533900,10.182936728,0.1,1781.70,66.26,249.546,7.8,38.53,13.44,1780.88,4336916.23,1781616.07
00:14:50.216,18/01/2026,08:45:43,17_T02,39.122533866,10.182936762,0.1,1781.58,66.25,249.547,8.2,38.53,13.44,1780.67,4336916.23,1781616.07
00:14:51.222,18/01/2026,08:45:44,17_T02,39.122534716,10.182936450,0.1,1781.44,66.36,249.561,8.5,38.53,13.44,1780.67,4336916.21,1781616.16
00:14:52.220,18/01/2026,08:45:45,17_T02,39.122535540,10.182936306,0.1,1781.32,66.47,249.586,8.7,38.53,13.44,1780.40,4336916.19,1781616.26
00:14:53.218,18/01/2026,08:45:46,17_T02,39.122535633,10.182936567,0.1,1781.22,66.50,249.611,8.7,38.53,13.44,1780.40,4336916.22,1781616.27
00:14:54.228,18/01/2026,08:45:47,17_T02,39.122535768,10.182936769,0.1,1781.14,66.35,249.633,8.3,38.53,13.44,1780.18,4336916.23,1781616.28
00:14:55.222,18/01/2026,08:45:48,17_T02,39.122535819,10.182936614,0.1,1781.10,66.03,249.623,8.4,38.53,13.44,1780.18,4336916.22,1781616.29
00:14:56.221,18/01/2026,08:45:49,17_T02,39.122535798,10.182936458,0.1,1781.01,65.90,249.610,8.8,38.54,13.47,1780.05,4336916.21,1781616.28
00:14:57.231,18/01/2026,08:45:50,17_T02,39.122535391,10.182936056,0.1,1780.91,66.00,249.560,9.1,38.54,13.47,1780.05,4336916.17,1781616.24
00:14:58.225,18/01/2026,08:45:51,17_T02,39.122535010,10.182935850,0.1,1780.82,66.23,249.526,9.2,38.53,13.48,1779.85,4336916.16,1781616.20
00:14:59.216,18/01/2026,08:45:52,17_T02,39.122534944,10.182936111,0.1,1780.74,66.44,249.544,9.2,38.53,13.48,1779.85,4336916.18,1781616.19
00:15:00.227,18/01/2026,08:45:53,17_T02,39.122534978,10.182936314,0.1,1780.69,66.36,249.562,9.0,38.53,13.50,1779.67,4336916.20,1781616.19
00:15:01.220,18/01/2026,08:45:54,17_T02,39.122535022,10.182936393,0.1,1780.64,66.18,249.570,8.8,38.53,13.50,1779.67,4336916.20,1781616.20
00:15:02.216,18/01/2026,08:45:55,17_T02,39.122535551,10.182937786,0.1,1780.57,66.17,249.704,9.1,38.52,13.46,1779.59,4336916.32,1781616.26
00:15:03.222,18/01/2026,08:45:56,17_T02,39.122535945,10.182938818,0.1,1780.52,66.18,249.804,9.5,38.52,13.46,1779.59,4336916.41,1781616.30
00:15:04.216,18/01/2026,08:45:57,17_T02,39.122535922,10.182938968,0.1,1780.47,66.29,249.815,9.8,38.53,13.45,1779.45,4336916.43,1781616.30
00:15:05.220,18/01/2026,08:45:58,17_T02,39.122535970,10.182939338,0.1,1780.47,66.37,249.846,9.6,38.53,13.45,1779.45,4336916.46,1781616.30
00:15:06.227,18/01/2026,08:45:59,17_T02,39.122536054,10.182939721,0.1,1780.51,66.36,249.881,9.3,38.52,13.44,1779.41,4336916.49,1781616.31
00:15:07.218,18/01/2026,08:46:00,17_T02,39.122536115,10.182939974,0.1,1780.55,66.35,249.903,9.0,38.52,13.44,1779.41,4336916.51,1781616.32
00:15:08.223,18/01/2026,08:46:01,17_T02,39.122536312,10.182941331,0.1,1780.54,66.51,250.020,9.1,38.53,13.44,1779.48,4336916.63,1781616.34
00:15:09.216,18/01/2026,08:46:02,17_T02,39.122536477,10.182942405,0.1,1780.55,66.56,250.113,9.2,38.53,13.44,1779.48,4336916.73,1781616.36
00:15:10.230,18/01/2026,08:46:03,17_T02,39.122536528,10.182942718,0.1,1780.57,66.56,250.140,9.4,38.52,13.44,1779.49,4336916.75,1781616.37
00:15:11.222,18/01/2026,08:46:04,17_T02,39.122536723,10.182943282,0.1,1780.59,66.54,250.194,9.2,38.52,13.44,1779.49,4336916.80,1781616.39
00:15:12.229,18/01/2026,08:46:05,17_T02,39.122536951,10.182943948,0.1,1780.62,66.46,250.257,8.6,38.53,13.44,1779.56,4336916.86,1781616.41
00:15:13.228,18/01/2026,08:46:06,17_T02,39.122536512,10.182944673,0.1,1780.62,66.34,250.295,8.1,38.53,13.44,1779.56,4336916.92,1781616.36
00:15:14.225,18/01/2026,08:46:07,17_T02,39.122536034,10.182945317,0.1,1780.60,66.29,250.324,8.1,38.53,13.43,1779.57,4336916.98,1781616.31
00:15:15.219,18/01/2026,08:46:08,17_T02,39.122536091,10.182945779,0.1,1780.55,66.34,250.363,8.5,38.53,13.43,1779.57,4336917.02,1781616.32
00:15:16.227,18/01/2026,08:46:09,17_T02,39.122536224,10.182946411,0.1,1780.51,66.39,250.420,9.0,38.53,13.44,1779.49,4336917.07,1781616.33
00:15:17.225,18/01/2026,08:46:10,17_T02,39.122536475,10.182947321,0.1,1780.50,66.41,250.503,8.8,38.53,13.44,1779.49,4336917.15,1781616.36
00:15:18.217,18/01/2026,08:46:11,17_T02,39.122536780,10.182948362,0.1,1780.49,66.40,250.600,8.1,38.53,13.44,1779.44,4336917.24,1781616.39
00:15:19.217,18/01/2026,08:46:12,17_T02,39.122536988,10.182949243,0.1,1780.48,66.33,250.679,7.7,38.53,13.44,1779.44,4336917.32,1781616.42
00:15:20.227,18/01/2026,08:46:13,17_T02,39.122537175,10.182950112,0.1,1780.47,66.28,250.756,7.6,38.53,13.45,1779.42,4336917.40,1781616.44
00:15:21.223,18/01/2026,08:46:14,17_T02,39.122537331,10.182950847,0.1,1780.43,66.36,250.822,7.6,38.53,13.45,1779.42,4336917.46,1781616.46
00:15:22.229,18/01/2026,08:46:15,17_T02,39.122537481,10.182951619,0.1,1780.38,66.46,250.890,7.7,38.53,13.44,1779.36,4336917.53,1781616.47
00:15:23.222,18/01/2026,08:46:16,17_T02,39.122537672,10.182952548,0.2,1780.34,66.55,250.972,7.9,38.53,13.44,1779.36,4336917.61,1781616.49
00:15:24.219,18/01/2026,08:46:17,17_T02,39.122538334,10.182953902,0.2,1780.30,66.60,251.110,7.7,38.53,13.44,1779.27,4336917.72,1781616.57
00:15:25.232,18/01/2026,08:46:18,17_T02,39.122539099,10.182955317,0.2,1780.28,66.55,251.256,7.5,38.53,13.44,1779.27,4336917.85,1781616.65
00:15:26.230,18/01/2026,08:46:19,17_T02,39.122539564,10.182956413,0.2,1780.25,66.36,251.364,7.0,38.53,13.43,1779.21,4336917.94,1781616.70
00:15:27.223,18/01/2026,08:46:20,17_T02,39.122539939,10.182957450,0.2,1780.21,66.20,251.464,6.7,38.53,13.43,1779.21,4336918.03,1781616.75
00:15:28.219,18/01/2026,08:46:21,17_T02,39.122540179,10.182958468,0.2,1780.15,66.18,251.555,5.8,38.53,13.44,1779.12,4336918.12,1781616.77
00:15:29.217,18/01/2026,08:46:22,17_T02,39.122540394,10.182959484,0.2,1780.07,66.27,251.646,5.8,38.53,13.44,1779.12,4336918.21,1781616.80
00:15:30.222,18/01/2026,08:46:23,17_T02,39.122541521,10.182961877,0.2,1780.01,66.40,251.887,5.8,38.53,13.44,1778.98,4336918.42,1781616.92
00:15:31.228,18/01/2026,08:46:24,17_T02,39.122542656,10.182964315,0.2,1779.97,66.49,252.131,5.7,38.53,13.44,1778.98,4336918.63,1781617.05
00:15:32.230,18/01/2026,08:46:25,17_T02,39.122543198,10.182965801,0.2,1779.94,66.42,252.274,5.4,38.53,13.44,1778.90,4336918.76,1781617.11
00:15:33.221,18/01/2026,08:46:26,17_T02,39.122543721,10.182967227,0.2,1779.92,66.27,252.411,5.0,38.53,13.44,1778.90,4336918.88,1781617.16
00:15:34.225,18/01/2026,08:46:27,17_T02,39.122544025,10.182968363,0.3,1779.85,66.25,252.515,4.9,38.53,13.44,1778.82,4336918.98,1781617.20
00:15:35.216,18/01/2026,08:46:28,17_T02,39.122545285,10.182971316,0.3,1779.76,66.35,252.806,2.3,38.53,13.44,1778.82,4336919.24,1781617.34
00:15:36.221,18/01/2026,08:46:29,17_T02,39.122546449,10.182974002,0.3,1779.68,66.48,253.072,2.3,38.53,13.44,1778.82,4336919.47,1781617.47
00:15:37.227,18/01/2026,08:46:30,17_T02,39.122546901,10.182975389,0.3,1779.62,66.57,253.202,2.3,38.53,13.44,1778.65,4336919.59,1781617.52
00:15:38.217,18/01/2026,08:46:31,17_T02,39.122547424,10.182976948,0.3,1779.59,66.58,253.350,2.3,38.53,13.44,1778.65,4336919.73,1781617.58
00:15:39.225,18/01/2026,08:46:32,17_T02,39.122547933,10.182978485,0.3,1779.55,66.54,253.495,4.6,38.53,13.44,1778.54,4336919.86,1781617.63
00:15:40.224,18/01/2026,08:46:33,17_T02,39.122548383,10.182979838,0.3,1779.47,66.51,253.623,5.3,38.53,13.44,1778.54,4336919.98,1781617.68
00:15:41.221,18/01/2026,08:46:34,17_T02,39.122547900,10.182980199,0.3,1779.38,66.50,253.629,5.4,38.53,13.45,1778.41,4336920.01,1781617.63
00:15:42.216,18/01/2026,08:46:35,17_T02,39.122547491,10.182980595,0.2,1779.29,66.54,253.642,5.6,38.53,13.45,1778.41,4336920.05,1781617.58
00:15:43.215,18/01/2026,08:46:36,17_T02,39.122547889,10.182981896,0.2,1779.22,66.59,253.764,5.5,38.53,13.44,1778.26,4336920.16,1781617.63
00:15:44.225,18/01/2026,08:46:37,17_T02,39.122548362,10.182983380,0.2,1779.17,66.63,253.903,5.4,38.53,13.44,1778.26,4336920.29,1781617.68
00:15:45.224,18/01/2026,08:46:38,17_T02,39.122548941,10.182984983,0.2,1779.13,66.66,254.056,5.0,38.52,13.44,1778.13,4336920.43,1781617.74
00:15:46.220,18/01/2026,08:46:39,17_T02,39.122549462,10.182986484,0.3,1779.03,66.70,254.199,4.8,38.52,13.44,1778.13,4336920.56,1781617.80
00:15:47.219,18/01/2026,08:46:40,17_T02,39.122549921,10.182987779,0.3,1778.92,66.68,254.322,3.8,38.53,13.44,1777.98,4336920.67,1781617.85
00:15:48.219,18/01/2026,08:46:41,17_T02,39.122550360,10.182988920,0.3,1778.80,66.66,254.433,3.8,38.53,13.44,1777.98,4336920.77,1781617.90
00:15:49.220,18/01/2026,08:46:42,17_T02,39.122550788,10.182990093,0.2,1778.67,66.67,254.545,3.8,38.53,13.45,1777.76,4336920.87,1781617.95
00:15:50.239,18/01/2026,08:46:43,17_T02,39.122551204,10.182991327,0.2,1778.56,66.72,254.662,3.8,38.53,13.45,1777.76,4336920.98,1781618.00
00:15:51.229,18/01/2026,08:46:44,17_T02,39.122551643,10.182992607,0.2,1778.47,66.76,254.784,3.8,38.53,13.44,1777.51,4336921.09,1781618.04
00:15:52.228,18/01/2026,08:46:45,17_T02,39.122552867,10.182995879,0.2,1778.37,66.80,255.099,3.8,38.53,13.44,1777.51,4336921.37,1781618.18
00:15:53.220,18/01/2026,08:46:46,17_T02,39.122553702,10.182998039,0.2,1778.24,66.75,255.308,2.9,38.53,13.44,1777.32,4336921.56,1781618.27
00:15:54.217,18/01/2026,08:46:47,17_T02,39.122554118,10.182998916,0.2,1778.11,66.61,255.396,2.8,38.53,13.44,1777.32,4336921.64,1781618.32
00:15:55.228,18/01/2026,08:46:48,17_T02,39.122554455,10.182999681,0.2,1777.97,66.54,255.472,2.8,38.53,13.44,1777.06,4336921.70,1781618.36
00:15:56.225,18/01/2026,08:46:49,17_T02,39.122554802,10.183000516,0.2,1777.83,66.55,255.554,2.8,38.53,13.44,1777.06,4336921.78,1781618.39
00:15:57.222,18/01/2026,08:46:50,17_T02,39.122555117,10.183001400,0.2,1777.71,66.60,255.638,2.8,38.53,13.44,1776.78,4336921.85,1781618.43
00:15:58.221,18/01/2026,08:46:51,17_T02,39.122555334,10.183001685,0.2,1777.63,66.60,255.671,3.2,38.53,13.44,1776.78,4336921.88,1781618.45
00:15:59.220,18/01/2026,08:46:52,17_T02,39.122555614,10.183002090,0.2,1777.55,66.47,255.716,3.1,38.53,13.44,1776.58,4336921.91,1781618.48
00:16:00.216,18/01/2026,08:46:53,17_T02,39.122555913,10.183002701,0.1,1777.46,66.34,255.778,3.0,38.53,13.44,1776.58,4336921.97,1781618.52
00:16:01.230,18/01/2026,08:46:54,17_T02,39.122556052,10.183003290,0.1,1777.34,66.39,255.831,3.1,38.53,13.44,1776.40,4336922.02,1781618.53
00:16:02.225,18/01/2026,08:46:55,17_T02,39.122556083,10.183003685,0.1,1777.21,66.55,255.864,3.4,38.53,13.44,1776.40,4336922.05,1781618.54
00:16:03.220,18/01/2026,08:46:56,17_T02,39.122555710,10.183002526,0.1,1777.09,66.69,255.755,3.5,38.53,13.44,1776.14,4336921.95,1781618.50
00:16:04.218,18/01/2026,08:46:57,17_T02,39.122555588,10.183001868,0.1,1777.00,66.69,255.697,3.5,38.53,13.44,1776.14,4336921.89,1781618.48
00:16:05.227,18/01/2026,08:46:58,17_T02,39.122555947,10.183002770,0.1,1776.92,66.62,255.785,3.4,38.53,13.44,1775.94,4336921.97,1781618.52
00:16:06.222,18/01/2026,08:46:59,17_T02,39.122556242,10.183003471,0.1,1776.83,66.55,255.854,3.3,38.53,13.44,1775.94,4336922.03,1781618.55
00:16:07.224,18/01/2026,08:47:00,17_T02,39.122556455,10.183003982,0.1,1776.72,66.51,255.904,3.3,38.53,13.44,1775.76,4336922.08,1781618.58
00:16:08.216,18/01/2026,08:47:01,17_T02,39.122556644,10.183004412,0.1,1776.60,66.48,255.947,3.3,38.53,13.44,1775.76,4336922.12,1781618.60
00:16:09.228,18/01/2026,08:47:02,17_T02,39.122557753,10.183005967,0.1,1776.48,66.50,256.120,3.3,38.53,13.43,1775.51,4336922.25,1781618.72
00:16:10.223,18/01/2026,08:47:03,17_T02,39.122558347,10.183007021,0.2,1776.38,66.56,256.230,4.1,38.53,13.43,1775.51,4336922.34,1781618.79
00:16:11.216,18/01/2026,08:47:04,17_T02,39.122558600,10.183007660,0.2,1776.28,66.63,256.293,4.1,38.53,13.44,1775.30,4336922.40,1781618.82
00:16:12.225,18/01/2026,08:47:05,17_T02,39.122558864,10.183008266,0.1,1776.18,66.65,256.353,4.1,38.53,13.44,1775.30,4336922.45,1781618.84
00:16:13.220,18/01/2026,08:47:06,17_T02,39.122559103,10.183008819,0.1,1776.08,66.61,256.407,4.1,38.53,13.44,1775.10,4336922.50,1781618.87
00:16:14.218,18/01/2026,08:47:07,17_T02,39.122560148,10.183012147,0.2,1775.97,66.55,256.719,4.1,38.53,13.44,1775.10,4336922.79,1781618.99
00:16:15.228,18/01/2026,08:47:08,17_T02,39.122561021,10.183014856,0.2,1775.85,66.52,256.973,4.3,38.53,13.44,1774.88,4336923.02,1781619.08
00:16:16.224,18/01/2026,08:47:09,17_T02,39.122561125,10.183015289,0.2,1775.74,66.51,257.012,4.4,38.53,13.44,1774.88,4336923.06,1781619.10
00:16:17.219,18/01/2026,08:47:10,17_T02,39.122561234,10.183015699,0.1,1775.65,66.50,257.050,4.5,38.53,13.44,1774.65,4336923.10,1781619.11
00:16:18.225,18/01/2026,08:47:11,17_T02,39.122561417,10.183016192,0.1,1775.58,66.47,257.097,4.6,38.53,13.44,1774.65,4336923.14,1781619.13
00:16:19.224,18/01/2026,08:47:12,17_T02,39.122561590,10.183016671,0.1,1775.55,66.30,257.143,4.5,38.53,13.44,1774.50,4336923.18,1781619.15
00:16:20.229,18/01/2026,08:47:13,17_T02,39.122561794,10.183016868,0.1,1775.59,65.86,257.168,4.5,38.53,13.44,1774.50,4336923.20,1781619.17
00:16:21.226,18/01/2026,08:47:14,17_T02,39.122562002,10.183017142,0.1,1775.60,65.61,257.199,4.4,38.53,13.44,1774.55,4336923.22,1781619.19
00:16:22.223,18/01/2026,08:47:15,17_T02,39.122562197,10.183017486,0.1,1775.59,65.62,257.235,4.3,38.53,13.44,1774.55,4336923.25,1781619.21
00:16:23.217,18/01/2026,08:47:16,17_T02,39.122562231,10.183017863,0.1,1775.58,65.90,257.267,4.1,38.53,13.44,1774.55,4336923.28,1781619.22
00:16:24.230,18/01/2026,08:47:17,17_T02,39.122562088,10.183018266,0.1,1775.55,66.31,257.292,4.1,38.53,13.44,1774.55,4336923.32,1781619.20
00:16:25.227,18/01/2026,08:47:18,17_T02,39.122561963,10.183018511,0.1,1775.52,66.65,257.306,4.1,38.53,13.43,1774.49,4336923.34,1781619.19
00:16:26.227,18/01/2026,08:47:19,17_T02,39.122561995,10.183018706,0.1,1775.49,66.81,257.323,4.1,38.53,13.43,1774.49,4336923.36,1781619.19
00:16:27.222,18/01/2026,08:47:20,17_T02,39.122562062,10.183018963,0.1,1775.46,66.83,257.346,4.2,38.53,13.43,1774.43,4336923.38,1781619.20
00:16:28.226,18/01/2026,08:47:21,17_T02,39.122562201,10.183019258,0.1,1775.43,66.77,257.376,4.1,38.53,13.43,1774.43,4336923.41,1781619.21
00:16:29.225,18/01/2026,08:47:22,17_T02,39.122562369,10.183019584,0.1,1775.39,66.69,257.410,4.2,38.53,13.44,1774.37,4336923.43,1781619.23
00:16:30.220,18/01/2026,08:47:23,17_T02,39.122562589,10.183020076,0.1,1775.35,66.67,257.459,4.2,38.53,13.44,1774.37,4336923.48,1781619.26
00:16:31.219,18/01/2026,08:47:24,17_T02,39.122561882,10.183019212,0.1,1775.31,66.63,257.358,4.1,38.53,13.44,1774.27,4336923.40,1781619.18
00:16:32.214,18/01/2026,08:47:25,17_T02,39.122561381,10.183018676,0.1,1775.28,66.58,257.293,4.1,38.53,13.44,1774.27,4336923.35,1781619.12
00:16:33.226,18/01/2026,08:47:26,17_T02,39.122561677,10.183019419,0.1,1775.26,66.53,257.365,4.0,38.53,13.44,1774.27,4336923.42,1781619.16
00:16:34.225,18/01/2026,08:47:27,17_T02,39.122561873,10.183020086,0.1,1775.23,66.46,257.427,4.0,38.53,13.44,1774.22,4336923.48,1781619.18
00:16:35.221,18/01/2026,08:47:28,17_T02,39.122562094,10.183020746,0.1,1775.19,66.48,257.489,4.0,38.53,13.44,1774.22,4336923.53,1781619.20
00:16:36.218,18/01/2026,08:47:29,17_T02,39.122562403,10.183021500,0.1,1775.15,66.50,257.563,4.0,38.53,13.44,1774.16,4336923.60,1781619.24
00:16:37.215,18/01/2026,08:47:30,17_T02,39.122562703,10.183022434,0.1,1775.12,66.50,257.651,4.0,38.53,13.44,1774.16,4336923.68,1781619.27
00:16:38.228,18/01/2026,08:47:31,17_T02,39.122563031,10.183023565,0.1,1775.09,66.50,257.756,3.9,38.53,13.44,1774.08,4336923.78,1781619.31
00:16:39.222,18/01/2026,08:47:32,17_T02,39.122563325,10.183024545,0.1,1775.05,66.51,257.847,3.8,38.53,13.44,1774.08,4336923.87,1781619.34
00:16:40.218,18/01/2026,08:47:33,17_T02,39.122563609,10.183025397,0.2,1774.99,66.51,257.927,3.8,38.53,13.44,1774.01,4336923.94,1781619.37
00:16:41.219,18/01/2026,08:47:34,17_T02,39.122563884,10.183026242,0.2,1774.93,66.52,258.007,3.8,38.53,13.44,1774.01,4336924.01,1781619.40
00:16:42.220,18/01/2026,08:47:35,17_T02,39.122563959,10.183026639,0.2,1774.86,66.56,258.042,3.9,38.53,13.44,1773.90,4336924.05,1781619.41
00:16:43.218,18/01/2026,08:47:36,17_T02,39.122564128,10.183027230,0.2,1774.80,66.58,258.096,3.9,38.53,13.44,1773.90,4336924.10,1781619.43
00:16:44.218,18/01/2026,08:47:37,17_T02,39.122564497,10.183028369,0.2,1774.76,66.55,258.203,3.8,38.53,13.44,1773.77,4336924.20,1781619.47
00:16:45.230,18/01/2026,08:47:38,17_T02,39.122564872,10.183029477,0.2,1774.72,66.45,258.308,3.7,38.53,13.44,1773.77,4336924.29,1781619.51
00:16:46.231,18/01/2026,08:47:39,17_T02,39.122565236,10.183030551,0.2,1774.67,66.36,258.410,3.5,38.53,13.44,1773.67,4336924.39,1781619.55
00:16:47.230,18/01/2026,08:47:40,17_T02,39.122566102,10.183031740,0.2,1774.60,66.34,258.543,3.5,38.53,13.44,1773.67,4336924.49,1781619.65
00:16:48.223,18/01/2026,08:47:41,17_T02,39.122566809,10.183032862,0.2,1774.52,66.39,258.664,3.6,38.53,13.44,1773.56,4336924.59,1781619.73
00:16:49.220,18/01/2026,08:47:42,17_T02,39.122567083,10.183033882,0.2,1774.45,66.45,258.758,3.6,38.53,13.44,1773.56,4336924.68,1781619.76
00:16:50.217,18/01/2026,08:47:43,17_T02,39.122567454,10.183035099,0.2,1774.39,66.49,258.871,3.5,38.53,13.44,1773.42,4336924.78,1781619.80
00:16:51.215,18/01/2026,08:47:44,17_T02,39.122567846,10.183036343,0.2,1774.35,66.47,258.987,3.4,38.53,13.44,1773.42,4336924.89,1781619.84
00:16:52.224,18/01/2026,08:47:45,17_T02,39.122568264,10.183037634,0.2,1774.29,66.42,259.109,3.3,38.53,13.44,1773.30,4336925.00,1781619.89
00:16:53.220,18/01/2026,08:47:46,17_T02,39.122569105,10.183039149,0.2,1774.22,66.36,259.267,3.2,38.53,13.44,1773.30,4336925.13,1781619.98
00:16:54.227,18/01/2026,08:47:47,17_T02,39.122569844,10.183040544,0.2,1774.14,66.33,259.411,3.2,38.53,13.44,1773.17,4336925.26,1781620.06
00:16:55.217,18/01/2026,08:47:48,17_T02,39.122570181,10.183041709,0.2,1774.06,66.33,259.519,3.2,38.53,13.44,1773.17,4336925.36,1781620.10
00:16:56.226,18/01/2026,08:47:49,17_T02,39.122570559,10.183043054,0.2,1773.99,66.36,259.643,3.2,38.53,13.44,1773.01,4336925.47,1781620.14
00:16:57.230,18/01/2026,08:47:50,17_T02,39.122570910,10.183044337,0.2,1773.93,66.41,259.760,3.2,38.53,13.44,1773.01,4336925.59,1781620.18
00:16:58.219,18/01/2026,08:47:51,17_T02,39.122571298,10.183045699,0.2,1773.87,66.45,259.886,3.1,38.53,13.44,1772.87,4336925.70,1781620.22
00:16:59.232,18/01/2026,08:47:52,17_T02,39.122571721,10.183047053,0.2,1773.80,66.47,260.013,3.0,38.53,13.44,1772.87,4336925.82,1781620.27
00:17:00.224,18/01/2026,08:47:53,17_T02,39.122572109,10.183048336,0.2,1773.72,66.46,260.132,3.0,38.53,13.45,1772.73,4336925.93,1781620.31
00:17:01.220,18/01/2026,08:47:54,17_T02,39.122572474,10.183049572,0.2,1773.64,66.46,260.247,3.0,38.53,13.45,1772.73,4336926.04,1781620.35
00:17:02.230,18/01/2026,08:47:55,17_T02,39.122572895,10.183050971,0.2,1773.57,66.46,260.377,3.0,38.53,13.46,1772.61,4336926.16,1781620.40
00:17:03.221,18/01/2026,08:47:56,17_T02,39.122573389,10.183052415,0.2,1773.50,66.44,260.514,3.0,38.53,13.46,1772.61,4336926.29,1781620.46
00:17:04.216,18/01/2026,08:47:57,17_T02,39.122573368,10.183053674,0.2,1773.43,66.42,260.613,2.6,38.53,13.46,1772.45,4336926.40,1781620.45
00:17:05.225,18/01/2026,08:47:58,17_T02,39.122573377,10.183054918,0.2,1773.37,66.41,260.712,2.5,38.53,13.46,1772.45,4336926.51,1781620.46
00:17:06.221,18/01/2026,08:47:59,17_T02,39.122573823,10.183056311,0.2,1773.30,66.39,260.843,2.5,38.53,13.46,1772.31,4336926.63,1781620.51
00:17:07.229,18/01/2026,08:48:00,17_T02,39.122574278,10.183057614,0.2,1773.23,66.35,260.967,1.8,38.53,13.46,1772.31,4336926.74,1781620.56
00:17:08.220,18/01/2026,08:48:01,17_T02,39.122574742,10.183058925,0.2,1773.16,66.33,261.092,1.9,38.53,13.45,1772.17,4336926.85,1781620.61
00:17:09.216,18/01/2026,08:48:02,17_T02,39.122575818,10.183059882,0.2,1773.08,66.35,261.216,1.9,38.53,13.45,1772.17,4336926.94,1781620.73
00:17:10.224,18/01/2026,08:48:03,17_T02,39.122576808,10.183061029,0.2,1773.01,66.39,261.352,1.9,38.52,13.45,1772.00,4336927.04,1781620.84
00:17:11.217,18/01/2026,08:48:04,17_T02,39.122577300,10.183062492,0.2,1772.94,66.42,261.490,1.9,38.52,13.45,1772.00,4336927.16,1781620.89
00:17:12.228,18/01/2026,08:48:05,17_T02,39.122577800,10.183063940,0.3,1772.88,66.42,261.628,1.8,38.53,13.45,1771.86,4336927.29,1781620.95
00:17:13.223,18/01/2026,08:48:06,17_T02,39.122578318,10.183065376,0.3,1772.82,66.39,261.765,1.8,38.53,13.45,1771.86,4336927.41,1781621.00
00:17:14.217,18/01/2026,08:48:07,17_T02,39.122578738,10.183066709,0.3,1772.75,66.39,261.890,2.0,38.53,13.45,1771.75,4336927.53,1781621.05
00:17:15.229,18/01/2026,08:48:08,17_T02,39.122579236,10.183068973,0.3,1772.67,66.42,262.092,2.0,38.53,13.45,1771.75,4336927.73,1781621.10
00:17:16.224,18/01/2026,08:48:09,17_T02,39.122579713,10.183071062,0.3,1772.59,66.49,262.280,2.0,38.53,13.45,1771.61,4336927.91,1781621.16
00:17:17.221,18/01/2026,08:48:10,17_T02,39.122580179,10.183072521,0.3,1772.53,66.56,262.417,2.0,38.53,13.45,1771.61,4336928.04,1781621.21
00:17:18.230,18/01/2026,08:48:11,17_T02,39.122580634,10.183073993,0.3,1772.47,66.63,262.554,2.0,38.53,13.45,1771.46,4336928.16,1781621.26
00:17:19.225,18/01/2026,08:48:12,17_T02,39.122581130,10.183075517,0.3,1772.40,66.65,262.697,2.0,38.53,13.45,1771.46,4336928.30,1781621.32
00:17:20.223,18/01/2026,08:48:13,17_T02,39.122581565,10.183076850,0.3,1772.33,66.65,262.823,1.9,38.53,13.45,1771.33,4336928.41,1781621.36
00:17:21.216,18/01/2026,08:48:14,17_T02,39.122582192,10.183077839,0.3,1772.26,66.61,262.930,1.9,38.53,13.45,1771.33,4336928.50,1781621.43
00:17:22.229,18/01/2026,08:48:15,17_T02,39.122582792,10.183078789,0.2,1772.18,66.56,263.032,1.9,38.53,13.46,1771.17,4336928.58,1781621.50
00:17:23.223,18/01/2026,08:48:16,17_T02,39.122583350,10.183080235,0.2,1772.12,66.50,263.172,1.9,38.53,13.46,1771.17,4336928.71,1781621.56
00:17:24.220,18/01/2026,08:48:17,17_T02,39.122583898,10.183081717,0.2,1772.05,66.45,263.315,1.9,38.53,13.46,1771.04,4336928.83,1781621.62
00:17:25.227,18/01/2026,08:48:18,17_T02,39.122584420,10.183083189,0.2,1771.99,66.42,263.455,1.9,38.53,13.46,1771.04,4336928.96,1781621.68
00:17:26.226,18/01/2026,08:48:19,17_T02,39.122584069,10.183083064,0.2,1771.92,66.39,263.429,1.9,38.52,13.45,1770.90,4336928.95,1781621.64
00:17:27.227,18/01/2026,08:48:20,17_T02,39.122583850,10.183083156,0.2,1771.85,66.37,263.427,1.8,38.52,13.45,1770.90,4336928.96,1781621.62
00:17:28.225,18/01/2026,08:48:21,17_T02,39.122584349,10.183084582,0.3,1771.78,66.40,263.563,1.8,38.52,13.45,1770.90,4336929.08,1781621.67
00:17:29.214,18/01/2026,08:48:22,17_T02,39.122584850,10.183086083,0.2,1771.71,66.45,263.704,1.8,38.53,13.45,1770.76,4336929.21,1781621.73
00:17:30.223,18/01/2026,08:48:23,17_T02,39.122585316,10.183087485,0.2,1771.64,66.50,263.837,1.8,38.53,13.45,1770.76,4336929.34,1781621.78
00:17:31.216,18/01/2026,08:48:24,17_T02,39.122585873,10.183089082,0.3,1771.57,66.54,263.989,1.8,38.53,13.45,1770.61,4336929.47,1781621.84
00:17:32.223,18/01/2026,08:48:25,17_T02,39.122587071,10.183092214,0.3,1771.51,66.54,264.291,1.8,38.53,13.45,1770.61,4336929.75,1781621.97
00:17:33.216,18/01/2026,08:48:26,17_T02,39.122588176,10.183095152,0.3,1771.45,66.48,264.575,1.8,38.53,13.45,1770.48,4336930.00,1781622.10
00:17:34.223,18/01/2026,08:48:27,17_T02,39.122588727,10.183096681,0.3,1771.33,66.40,264.721,1.7,38.53,13.45,1770.48,4336930.14,1781622.16
00:17:35.228,18/01/2026,08:48:28,17_T02,39.122589125,10.183097747,0.3,1771.21,66.31,264.823,1.8,38.53,13.44,1770.33,4336930.23,1781622.20
00:17:36.215,18/01/2026,08:48:29,17_T02,39.122589462,10.183098599,0.3,1771.07,66.31,264.906,1.9,38.53,13.44,1770.33,4336930.30,1781622.24
00:17:37.221,18/01/2026,08:48:30,17_T02,39.122589660,10.183099279,0.3,1770.94,66.36,264.969,2.0,38.53,13.45,1770.05,4336930.36,1781622.26
00:17:38.215,18/01/2026,08:48:31,17_T02,39.122589947,10.183100265,0.2,1770.85,66.40,265.060,2.1,38.53,13.45,1770.05,4336930.45,1781622.29
00:17:39.221,18/01/2026,08:48:32,17_T02,39.122590399,10.183101548,0.2,1770.78,66.42,265.183,2.1,38.53,13.45,1769.84,4336930.56,1781622.34
00:17:40.229,18/01/2026,08:48:33,17_T02,39.122590805,10.183102620,0.2,1770.70,66.39,265.286,2.0,38.53,13.45,1769.84,4336930.65,1781622.39
00:17:41.221,18/01/2026,08:48:34,17_T02,39.122591078,10.183103418,0.2,1770.60,66.39,265.362,2.0,38.53,13.45,1769.68,4336930.72,1781622.42
00:17:42.217,18/01/2026,08:48:35,17_T02,39.122591331,10.183104068,0.2,1770.47,66.46,265.425,2.2,38.53,13.45,1769.68,4336930.78,1781622.45
00:17:43.226,18/01/2026,08:48:36,17_T02,39.122590757,10.183102740,0.2,1770.31,66.57,265.294,2.3,38.53,13.45,1769.44,4336930.66,1781622.38
00:17:44.219,18/01/2026,08:48:37,17_T02,39.122590345,10.183101746,0.2,1770.20,66.58,265.196,2.4,38.53,13.45,1769.44,4336930.58,1781622.34
00:17:45.229,18/01/2026,08:48:38,17_T02,39.122590719,10.183102699,0.2,1770.11,66.60,265.289,2.5,38.53,13.45,1769.16,4336930.66,1781622.38
00:17:46.225,18/01/2026,08:48:39,17_T02,39.122591097,10.183103643,0.1,1770.03,66.60,265.381,2.4,38.53,13.45,1769.16,4336930.74,1781622.42
00:17:47.217,18/01/2026,08:48:40,17_T02,39.122591447,10.183104443,0.1,1769.93,66.60,265.460,2.5,38.53,13.45,1769.00,4336930.81,1781622.46
00:17:48.224,18/01/2026,08:48:41,17_T02,39.122591762,10.183105186,0.1,1769.82,66.61,265.533,2.6,38.53,13.45,1769.00,4336930.87,1781622.49
00:17:49.220,18/01/2026,08:48:42,17_T02,39.122592073,10.183105975,0.1,1769.70,66.61,265.610,2.7,38.53,13.45,1768.77,4336930.94,1781622.53
00:17:50.218,18/01/2026,08:48:43,17_T02,39.122592449,10.183106820,0.1,1769.61,66.60,265.694,2.7,38.53,13.45,1768.77,4336931.02,1781622.57
00:17:51.229,18/01/2026,08:48:44,17_T02,39.122592887,10.183107806,0.2,1769.52,66.57,265.792,2.8,38.53,13.45,1768.56,4336931.10,1781622.62
00:17:52.222,18/01/2026,08:48:45,17_T02,39.122593277,10.183108688,0.2,1769.44,66.53,265.880,2.8,38.53,13.45,1768.56,4336931.18,1781622.66
00:17:53.219,18/01/2026,08:48:46,17_T02,39.122593623,10.183109517,0.2,1769.34,66.51,265.961,2.8,38.53,13.45,1768.38,4336931.25,1781622.70
00:17:54.227,18/01/2026,08:48:47,17_T02,39.122594070,10.183110557,0.2,1769.23,66.52,266.064,2.9,38.53,13.45,1768.38,4336931.34,1781622.75
00:17:55.221,18/01/2026,08:48:48,17_T02,39.122594512,10.183111613,0.2,1769.12,66.53,266.168,3.0,38.53,13.45,1768.17,4336931.43,1781622.80
00:17:56.229,18/01/2026,08:48:49,17_T02,39.122594902,10.183112543,0.2,1769.03,66.52,266.259,3.0,38.53,13.45,1768.17,4336931.51,1781622.84
00:17:57.221,18/01/2026,08:48:50,17_T02,39.122595294,10.183113494,0.2,1768.94,66.48,266.352,3.0,38.53,13.45,1767.97,4336931.60,1781622.89
00:17:58.221,18/01/2026,08:48:51,17_T02,39.122595661,10.183114343,0.2,1768.87,66.38,266.436,3.1,38.53,13.45,1767.97,4336931.67,1781622.93
00:17:59.216,18/01/2026,08:48:52,17_T02,39.122597512,10.183116669,0.2,1768.80,66.36,266.704,3.1,38.53,13.44,1767.80,4336931.87,1781623.13
00:18:00.230,18/01/2026,08:48:53,17_T02,39.122599127,10.183118820,0.2,1768.73,66.36,266.948,3.1,38.53,13.44,1767.80,4336932.06,1781623.31
00:18:01.225,18/01/2026,08:48:54,17_T02,39.122599453,10.183119732,0.2,1768.67,66.39,267.035,3.1,38.53,13.44,1767.66,4336932.14,1781623.35
00:18:02.222,18/01/2026,08:48:55,17_T02,39.122599769,10.183120649,0.2,1768.61,66.45,267.122,3.1,38.53,13.44,1767.66,4336932.22,1781623.38
00:18:03.219,18/01/2026,08:48:56,17_T02,39.122600099,10.183121575,0.2,1768.55,66.48,267.211,3.2,38.53,13.44,1767.55,4336932.30,1781623.42
00:18:04.229,18/01/2026,08:48:57,17_T02,39.122600435,10.183122447,0.2,1768.49,66.50,267.295,3.1,38.53,13.44,1767.55,4336932.37,1781623.46
00:18:05.228,18/01/2026,08:48:58,17_T02,39.122600696,10.183123086,0.2,1768.44,66.45,267.358,3.1,38.53,13.44,1767.43,4336932.43,1781623.48
00:18:06.222,18/01/2026,08:48:59,17_T02,39.122600959,10.183123696,0.2,1768.39,66.44,267.418,3.2,38.53,13.44,1767.43,4336932.48,1781623.51
00:18:07.223,18/01/2026,08:49:00,17_T02,39.122601245,10.183124342,0.2,1768.38,66.33,267.482,3.2,38.53,13.45,1767.33,4336932.54,1781623.55
00:18:08.218,18/01/2026,08:49:01,17_T02,39.122601527,10.183124911,0.1,1768.38,66.20,267.540,3.2,38.53,13.45,1767.33,4336932.59,1781623.58
00:18:09.226,18/01/2026,08:49:02,17_T02,39.122601886,10.183125770,0.1,1768.38,66.17,267.624,3.1,38.53,13.45,1767.33,4336932.66,1781623.62
00:18:10.225,18/01/2026,08:49:03,17_T02,39.122602727,10.183126660,0.1,1768.39,66.20,267.733,3.0,38.53,13.45,1767.33,4336932.74,1781623.71
00:18:11.221,18/01/2026,08:49:04,17_T02,39.122603362,10.183127394,0.1,1768.39,66.22,267.820,2.9,38.53,13.45,1767.34,4336932.80,1781623.78
00:18:12.217,18/01/2026,08:49:05,17_T02,39.122603491,10.183128103,0.1,1768.38,66.34,267.882,2.9,38.53,13.45,1767.34,4336932.87,1781623.79
00:18:13.235,18/01/2026,08:49:06,17_T02,39.122603602,10.183128733,0.1,1768.34,66.50,267.937,2.9,38.53,13.45,1767.32,4336932.92,1781623.81
00:18:14.216,18/01/2026,08:49:07,17_T02,39.122603745,10.183129422,0.1,1768.31,66.66,267.998,2.9,38.53,13.45,1767.32,4336932.98,1781623.82
00:18:15.227,18/01/2026,08:49:08,17_T02,39.122604007,10.183130242,0.1,1768.28,66.77,268.075,2.9,38.53,13.45,1767.26,4336933.05,1781623.85
00:18:16.223,18/01/2026,08:49:09,17_T02,39.122603226,10.183131281,0.1,1768.26,66.78,268.122,2.9,38.53,13.45,1767.26,4336933.14,1781623.77
00:18:17.221,18/01/2026,08:49:10,17_T02,39.122602692,10.183132299,0.2,1768.24,66.70,268.179,2.8,38.53,13.44,1767.21,4336933.23,1781623.71
00:18:18.216,18/01/2026,08:49:11,17_T02,39.122603066,10.183133209,0.1,1768.20,66.54,268.268,2.8,38.53,13.44,1767.21,4336933.31,1781623.75
00:18:19.223,18/01/2026,08:49:12,17_T02,39.122603433,10.183134054,0.2,1768.15,66.37,268.352,2.8,38.53,13.44,1767.14,4336933.38,1781623.79
00:18:20.215,18/01/2026,08:49:13,17_T02,39.122603740,10.183134887,0.2,1768.09,66.26,268.432,2.8,38.53,13.44,1767.14,4336933.46,1781623.82
00:18:21.225,18/01/2026,08:49:14,17_T02,39.122604055,10.183135870,0.2,1768.04,66.22,268.524,2.9,38.53,13.44,1767.02,4336933.54,1781623.86
00:18:22.220,18/01/2026,08:49:15,17_T02,39.122605325,10.183137894,0.2,1768.00,66.24,268.742,2.8,38.53,13.44,1767.02,4336933.72,1781624.00
00:18:23.229,18/01/2026,08:49:16,17_T02,39.122606387,10.183139762,0.2,1767.96,66.30,268.938,2.8,38.53,13.44,1766.95,4336933.88,1781624.12
00:18:24.216,18/01/2026,08:49:17,17_T02,39.122606801,10.183140957,0.2,1767.92,66.34,269.052,2.7,38.53,13.44,1766.95,4336933.98,1781624.16
00:18:25.215,18/01/2026,08:49:18,17_T02,39.122607151,10.183142029,0.2,1767.87,66.37,269.153,2.7,38.53,13.44,1766.95,4336934.08,1781624.20
00:18:26.223,18/01/2026,08:49:19,17_T02,39.122607464,10.183143113,0.2,1767.81,66.40,269.253,2.7,38.53,13.44,1766.85,4336934.17,1781624.24
00:18:27.219,18/01/2026,08:49:20,17_T02,39.122607864,10.183144227,0.2,1767.74,66.43,269.360,2.7,38.53,13.44,1766.85,4336934.27,1781624.28
00:18:28.220,18/01/2026,08:49:21,17_T02,39.122608269,10.183145333,0.2,1767.67,66.44,269.466,2.8,38.53,13.44,1766.71,4336934.36,1781624.32
00:18:29.226,18/01/2026,08:49:22,17_T02,39.122608687,10.183146566,0.2,1767.62,66.44,269.583,2.8,38.53,13.44,1766.71,4336934.47,1781624.37
00:18:30.225,18/01/2026,08:49:23,17_T02,39.122609120,10.183147795,0.2,1767.57,66.39,269.700,2.7,38.53,13.44,1766.59,4336934.58,1781624.42
00:18:31.225,18/01/2026,08:49:24,17_T02,39.122609594,10.183149064,0.2,1767.52,66.33,269.822,2.7,38.53,13.44,1766.59,4336934.69,1781624.47
00:18:32.219,18/01/2026,08:49:25,17_T02,39.122610023,10.183150251,0.2,1767.46,66.28,269.935,2.6,38.53,13.44,1766.49,4336934.79,1781624.52
00:18:33.225,18/01/2026,08:49:26,17_T02,39.122611047,10.183151774,0.2,1767.37,66.28,270.103,2.7,38.53,13.44,1766.49,4336934.92,1781624.63
00:18:34.221,18/01/2026,08:49:27,17_T02,39.122611986,10.183153322,0.2,1767.29,66.32,270.268,2.7,38.53,13.44,1766.36,4336935.06,1781624.74
00:18:35.216,18/01/2026,08:49:28,17_T02,39.122612443,10.183154661,0.2,1767.22,66.39,270.395,2.8,38.53,13.44,1766.36,4336935.17,1781624.79
00:18:36.225,18/01/2026,08:49:29,17_T02,39.122612955,10.183156039,0.2,1767.18,66.36,270.527,2.7,38.53,13.44,1766.19,4336935.29,1781624.84
00:18:37.219,18/01/2026,08:49:30,17_T02,39.122613494,10.183157466,0.2,1767.15,66.33,270.665,2.6,38.53,13.44,1766.19,4336935.42,1781624.90
00:18:38.228,18/01/2026,08:49:31,17_T02,39.122615430,10.183160504,0.3,1767.09,66.32,270.994,2.6,38.53,13.44,1766.11,4336935.68,1781625.12
00:18:39.227,18/01/2026,08:49:32,17_T02,39.122617010,10.183163079,0.3,1767.01,66.36,271.269,2.6,38.53,13.44,1766.11,4336935.91,1781625.29
00:18:40.227,18/01/2026,08:49:33,17_T02,39.122617361,10.183164237,0.3,1766.92,66.46,271.377,2.6,38.53,13.44,1765.97,4336936.01,1781625.33
00:18:41.222,18/01/2026,08:49:34,17_T02,39.122617780,10.183165517,0.3,1766.84,66.56,271.498,2.7,38.53,13.44,1765.97,4336936.12,1781625.38
00:18:42.218,18/01/2026,08:49:35,17_T02,39.122618284,10.183166877,0.3,1766.78,66.57,271.628,2.7,38.53,13.44,1765.79,4336936.24,1781625.43
00:18:43.227,18/01/2026,08:49:36,17_T02,39.122618904,10.183168483,0.3,1766.73,66.51,271.784,2.6,38.53,13.44,1765.79,4336936.37,1781625.50
00:18:44.225,18/01/2026,08:49:37,17_T02,39.122618931,10.183170151,0.2,1766.67,66.44,271.917,2.6,38.53,13.44,1765.69,4336936.52,1781625.51
00:18:45.226,18/01/2026,08:49:38,17_T02,39.122618965,10.183171652,0.3,1766.58,66.42,272.038,2.6,38.53,13.44,1765.69,4336936.65,1781625.51
00:18:46.224,18/01/2026,08:49:39,17_T02,39.122619384,10.183172851,0.3,1766.49,66.45,272.152,2.6,38.53,13.44,1765.52,4336936.75,1781625.56
00:18:47.219,18/01/2026,08:49:40,17_T02,39.122619823,10.183174129,0.3,1766.41,66.49,272.274,2.7,38.53,13.44,1765.52,4336936.87,1781625.61
00:18:48.216,18/01/2026,08:49:41,17_T02,39.122620388,10.183175674,0.2,1766.34,66.52,272.422,2.7,38.53,13.45,1765.36,4336937.00,1781625.67
00:18:49.230,18/01/2026,08:49:42,17_T02,39.122620055,10.183176477,0.2,1766.29,66.49,272.471,2.6,38.53,13.45,1765.36,4336937.07,1781625.63
00:18:50.227,18/01/2026,08:49:43,17_T02,39.122619890,10.183177329,0.2,1766.23,66.43,272.531,2.5,38.53,13.44,1765.24,4336937.14,1781625.61
00:18:51.229,18/01/2026,08:49:44,17_T02,39.122620328,10.183178684,0.2,1766.15,66.43,272.658,2.5,38.53,13.44,1765.24,4336937.26,1781625.66
00:18:52.224,18/01/2026,08:49:45,17_T02,39.122620732,10.183179927,0.2,1766.06,66.48,272.775,2.6,38.53,13.44,1765.10,4336937.37,1781625.71
00:18:53.217,18/01/2026,08:49:46,17_T02,39.122621200,10.183181292,0.2,1765.97,66.52,272.905,2.6,38.53,13.44,1765.10,4336937.49,1781625.76
00:18:54.216,18/01/2026,08:49:47,17_T02,39.122621740,10.183182849,0.2,1765.90,66.54,273.053,2.6,38.53,13.44,1764.90,4336937.62,1781625.82
00:18:55.226,18/01/2026,08:49:48,17_T02,39.122623682,10.183183341,0.3,1765.85,66.52,273.179,2.6,38.53,13.44,1764.90,4336937.67,1781626.03
00:18:56.216,18/01/2026,08:49:49,17_T02,39.122625473,10.183183932,0.3,1765.78,66.51,273.307,2.6,38.53,13.45,1764.80,4336937.72,1781626.23
00:18:57.220,18/01/2026,08:49:50,17_T02,39.122625968,10.183185346,0.3,1765.70,66.49,273.442,2.6,38.53,13.45,1764.80,4336937.84,1781626.29
00:18:58.226,18/01/2026,08:49:51,17_T02,39.122626478,10.183186704,0.3,1765.63,66.46,273.572,2.6,38.53,13.45,1764.62,4336937.96,1781626.34
00:18:59.215,18/01/2026,08:49:52,17_T02,39.122626982,10.183188026,0.3,1765.57,66.43,273.700,2.6,38.53,13.45,1764.62,4336938.07,1781626.40
00:19:00.226,18/01/2026,08:49:53,17_T02,39.122626023,10.183188873,0.3,1765.52,66.42,273.724,2.6,38.53,13.45,1764.50,4336938.15,1781626.29
00:19:01.218,18/01/2026,08:49:54,17_T02,39.122625343,10.183189782,0.3,1765.46,66.41,273.766,2.5,38.53,13.45,1764.50,4336938.23,1781626.22
00:19:02.225,18/01/2026,08:49:55,17_T02,39.122625874,10.183191268,0.3,1765.41,66.36,273.908,2.5,38.53,13.45,1764.39,4336938.36,1781626.28
00:19:03.218,18/01/2026,08:49:56,17_T02,39.122626399,10.183192675,0.3,1765.36,66.32,274.043,2.5,38.53,13.45,1764.39,4336938.48,1781626.33
00:19:04.224,18/01/2026,08:49:57,17_T02,39.122626938,10.183194113,0.3,1765.32,66.29,274.182,2.4,38.53,13.45,1764.30,4336938.60,1781626.39
00:19:05.219,18/01/2026,08:49:58,17_T02,39.122627433,10.183195498,0.3,1765.29,66.30,274.314,2.4,38.53,13.45,1764.30,4336938.72,1781626.45
00:19:06.228,18/01/2026,08:49:59,17_T02,39.122628294,10.183197057,0.3,1765.24,66.33,274.476,2.3,38.53,13.45,1764.21,4336938.86,1781626.55
00:19:07.225,18/01/2026,08:50:00,17_T02,39.122629105,10.183198585,0.3,1765.19,66.36,274.634,2.3,38.53,13.45,1764.21,4336938.99,1781626.63
00:19:08.222,18/01/2026,08:50:01,17_T02,39.122629503,10.183199856,0.3,1765.13,66.37,274.753,2.3,38.53,13.45,1764.10,4336939.10,1781626.68
00:19:09.219,18/01/2026,08:50:02,17_T02,39.122629938,10.183201131,0.3,1765.08,66.39,274.874,2.3,38.53,13.45,1764.10,4336939.21,1781626.73
00:19:10.228,18/01/2026,08:50:03,17_T02,39.122630385,10.183202439,0.2,1765.04,66.42,274.998,2.3,38.53,13.45,1764.00,4336939.33,1781626.78
00:19:11.228,18/01/2026,08:50:04,17_T02,39.122631689,10.183204033,0.2,1764.99,66.47,275.184,2.2,38.53,13.45,1764.00,4336939.46,1781626.92
00:19:12.226,18/01/2026,08:50:05,17_T02,39.122632975,10.183205659,0.2,1764.93,66.54,275.371,2.2,38.53,13.45,1763.89,4336939.61,1781627.06
00:19:13.226,18/01/2026,08:50:06,17_T02,39.122633364,10.183206870,0.2,1764.86,66.61,275.484,2.2,38.53,13.45,1763.89,4336939.71,1781627.11
00:19:14.221,18/01/2026,08:50:07,17_T02,39.122633777,10.183208098,0.2,1764.79,66.63,275.601,2.3,38.53,13.45,1763.77,4336939.82,1781627.15
00:19:15.221,18/01/2026,08:50:08,17_T02,39.122634235,10.183209377,0.2,1764.72,66.62,275.723,2.3,38.53,13.45,1763.77,4336939.93,1781627.20
00:19:16.219,18/01/2026,08:50:09,17_T02,39.122634702,10.183210657,0.2,1764.67,66.57,275.845,2.2,38.53,13.46,1763.63,4336940.04,1781627.25
00:19:17.215,18/01/2026,08:50:10,17_T02,39.122636014,10.183211963,0.2,1764.63,66.47,276.008,2.1,38.53,13.46,1763.63,4336940.15,1781627.40
00:19:18.225,18/01/2026,08:50:11,17_T02,39.122637014,10.183213042,0.2,1764.55,66.45,276.139,2.2,38.53,13.45,1763.53,4336940.25,1781627.51
00:19:19.226,18/01/2026,08:50:12,17_T02,39.122637321,10.183214057,0.2,1764.46,66.47,276.234,2.2,38.53,13.45,1763.53,4336940.34,1781627.54
00:19:20.217,18/01/2026,08:50:13,17_T02,39.122637678,10.183215169,0.2,1764.38,66.51,276.338,2.3,38.53,13.45,1763.53,4336940.43,1781627.58
00:19:21.226,18/01/2026,08:50:14,17_T02,39.122638088,10.183216365,0.2,1764.31,66.54,276.452,2.3,38.53,13.45,1763.35,4336940.54,1781627.63
00:19:22.224,18/01/2026,08:50:15,17_T02,39.122637434,10.183216632,0.2,1764.25,66.49,276.443,2.2,38.53,13.45,1763.35,4336940.56,1781627.56
00:19:23.220,18/01/2026,08:50:16,17_T02,39.122636902,10.183216966,0.2,1764.20,66.39,276.446,2.2,38.53,13.44,1763.20,4336940.59,1781627.50
00:19:24.216,18/01/2026,08:50:17,17_T02,39.122637315,10.183218093,0.2,1764.13,66.32,276.554,2.2,38.53,13.44,1763.20,4336940.69,1781627.54
00:19:25.230,18/01/2026,08:50:18,17_T02,39.122637662,10.183219142,0.2,1764.03,66.33,276.653,2.2,38.53,13.44,1763.09,4336940.78,1781627.58
00:19:26.226,18/01/2026,08:50:19,17_T02,39.122637986,10.183220248,0.2,1763.93,66.40,276.755,2.3,38.53,13.44,1763.09,4336940.87,1781627.62
00:19:27.226,18/01/2026,08:50:20,17_T02,39.122638390,10.183221496,0.2,1763.86,66.44,276.873,2.3,38.53,13.45,1762.88,4336940.98,1781627.66
00:19:28.225,18/01/2026,08:50:21,17_T02,39.122638272,10.183221381,0.2,1763.80,66.44,276.858,2.3,38.53,13.45,1762.88,4336940.97,1781627.65
00:19:29.221,18/01/2026,08:50:22,17_T02,39.122638196,10.183221383,0.2,1763.74,66.42,276.855,2.2,38.53,13.45,1762.75,4336940.97,1781627.64
00:19:30.230,18/01/2026,08:50:23,17_T02,39.122638607,10.183222552,0.2,1763.66,66.44,276.966,2.2,38.53,13.45,1762.75,4336941.07,1781627.69
00:19:31.222,18/01/2026,08:50:24,17_T02,39.122638943,10.183223645,0.2,1763.56,66.49,277.068,2.3,38.53,13.44,1762.61,4336941.17,1781627.73
00:19:32.215,18/01/2026,08:50:25,17_T02,39.122639302,10.183224784,0.2,1763.46,66.55,277.175,2.3,38.53,13.44,1762.61,4336941.27,1781627.77
00:19:33.223,18/01/2026,08:50:26,17_T02,39.122638891,10.183226015,0.2,1763.38,66.59,277.254,2.3,38.53,13.44,1762.42,4336941.38,1781627.72
00:19:34.230,18/01/2026,08:50:27,17_T02,39.122638710,10.183227228,0.2,1763.32,66.58,277.342,2.3,38.53,13.44,1762.42,4336941.48,1781627.70
00:19:35.227,18/01/2026,08:50:28,17_T02,39.122639151,10.183228490,0.2,1763.25,66.54,277.462,2.2,38.53,13.44,1762.26,4336941.59,1781627.75
00:19:36.222,18/01/2026,08:50:29,17_T02,39.122639488,10.183229616,0.2,1763.16,66.51,277.567,2.2,38.53,13.44,1762.26,4336941.69,1781627.79
00:19:37.214,18/01/2026,08:50:30,17_T02,39.122639813,10.183230669,0.2,1763.07,66.50,277.665,2.3,38.53,13.45,1762.10,4336941.78,1781627.82
00:19:38.224,18/01/2026,08:50:31,17_T02,39.122640183,10.183231810,0.2,1762.97,66.47,277.772,2.3,38.53,13.45,1762.10,4336941.88,1781627.86
00:19:39.217,18/01/2026,08:50:32,17_T02,39.122639999,10.183233226,0.2,1762.89,66.42,277.877,2.3,38.53,13.44,1761.91,4336942.00,1781627.84
00:19:40.224,18/01/2026,08:50:33,17_T02,39.122639955,10.183234549,0.2,1762.83,66.36,277.980,2.3,38.53,13.44,1761.91,4336942.12,1781627.84
00:19:41.222,18/01/2026,08:50:34,17_T02,39.122640306,10.183235736,0.2,1762.75,66.34,278.090,2.2,38.53,13.45,1761.76,4336942.22,1781627.88
00:19:42.219,18/01/2026,08:50:35,17_T02,39.122640618,10.183236871,0.2,1762.65,66.37,278.194,2.3,38.53,13.45,1761.76,4336942.32,1781627.91
00:19:43.217,18/01/2026,08:50:36,17_T02,39.122640920,10.183237916,0.2,1762.54,66.45,278.291,2.3,38.53,13.44,1761.58,4336942.41,1781627.95
00:19:44.216,18/01/2026,08:50:37,17_T02,39.122641259,10.183239089,0.2,1762.45,66.51,278.399,2.4,38.53,13.44,1761.58,4336942.51,1781627.98
00:19:45.226,18/01/2026,08:50:38,17_T02,39.122641356,10.183241480,0.2,1762.38,66.54,278.593,2.3,38.53,13.44,1761.39,4336942.72,1781628.00
00:19:46.224,18/01/2026,08:50:39,17_T02,39.122641494,10.183243710,0.2,1762.31,66.50,278.777,2.3,38.53,13.44,1761.39,4336942.91,1781628.01
00:19:47.221,18/01/2026,08:50:40,17_T02,39.122641811,10.183244810,0.2,1762.22,66.45,278.878,2.1,38.54,13.45,1761.24,4336943.01,1781628.05
00:19:48.218,18/01/2026,08:50:41,17_T02,39.122642118,10.183245790,0.2,1762.12,66.42,278.970,2.3,38.54,13.45,1761.24,4336943.10,1781628.08
00:19:49.217,18/01/2026,08:50:42,17_T02,39.122642431,10.183246869,0.2,1762.02,66.40,279.070,2.4,38.52,13.45,1761.03,4336943.19,1781628.12
00:19:50.214,18/01/2026,08:50:43,17_T02,39.122642904,10.183246940,0.2,1761.94,66.36,279.097,2.4,38.52,13.45,1761.03,4336943.20,1781628.17
00:19:51.223,18/01/2026,08:50:44,17_T02,39.122643427,10.183247197,0.2,1761.87,66.31,279.141,2.4,38.53,13.45,1760.84,4336943.22,1781628.23
00:19:52.216,18/01/2026,08:50:45,17_T02,39.122643772,10.183248324,0.2,1761.79,66.26,279.246,2.3,38.53,13.45,1760.84,4336943.32,1781628.26
00:19:53.228,18/01/2026,08:50:46,17_T02,39.122644093,10.183249424,0.2,1761.70,66.25,279.348,2.3,38.53,13.44,1760.71,4336943.41,1781628.30
00:19:54.221,18/01/2026,08:50:47,17_T02,39.122644345,10.183250400,0.2,1761.60,66.31,279.437,2.4,38.53,13.44,1760.71,4336943.50,1781628.33
00:19:55.218,18/01/2026,08:50:48,17_T02,39.122644604,10.183251498,0.2,1761.50,66.39,279.535,2.5,38.53,13.44,1760.51,4336943.59,1781628.36
00:19:56.217,18/01/2026,08:50:49,17_T02,39.122643745,10.183252287,0.2,1761.41,66.46,279.559,2.5,38.53,13.44,1760.51,4336943.66,1781628.26
00:19:57.215,18/01/2026,08:50:50,17_T02,39.122643075,10.183253142,0.2,1761.35,66.43,279.597,2.5,38.53,13.44,1760.32,4336943.73,1781628.19
00:19:58.226,18/01/2026,08:50:51,17_T02,39.122643488,10.183254348,0.2,1761.28,66.30,279.711,2.4,38.53,13.44,1760.32,4336943.84,1781628.23
00:19:59.221,18/01/2026,08:50:52,17_T02,39.122643785,10.183255282,0.2,1761.21,66.17,279.799,2.4,38.53,13.44,1760.19,4336943.92,1781628.27
00:20:00.220,18/01/2026,08:50:53,17_T02,39.122644007,10.183256156,0.2,1761.11,66.11,279.878,2.5,38.53,13.44,1760.19,4336944.00,1781628.29
00:20:01.220,18/01/2026,08:50:54,17_T02,39.122643514,10.183256689,0.2,1761.01,66.13,279.898,2.5,38.53,13.44,1760.01,4336944.04,1781628.24
00:20:02.221,18/01/2026,08:50:55,17_T02,39.122643078,10.183257425,0.2,1760.91,66.23,279.937,2.6,38.53,13.44,1760.01,4336944.11,1781628.19
00:20:03.216,18/01/2026,08:50:56,17_T02,39.122643331,10.183258484,0.2,1760.84,66.36,280.033,2.6,38.53,13.44,1759.81,4336944.20,1781628.22
00:20:04.228,18/01/2026,08:50:57,17_T02,39.122643599,10.183259554,0.2,1760.77,66.43,280.130,2.6,38.53,13.44,1759.81,4336944.29,1781628.25
00:20:05.224,18/01/2026,08:50:58,17_T02,39.122643903,10.183260567,0.2,1760.71,66.41,280.224,2.6,38.53,13.44,1759.68,4336944.38,1781628.28
00:20:06.219,18/01/2026,08:50:59,17_T02,39.122644181,10.183261393,0.2,1760.64,66.30,280.302,2.6,38.53,13.44,1759.68,4336944.45,1781628.31
00:20:07.224,18/01/2026,08:51:00,17_T02,39.122645777,10.183262614,0.2,1760.55,66.19,280.471,2.6,38.53,13.44,1759.53,4336944.56,1781628.49
00:20:08.214,18/01/2026,08:51:01,17_T02,39.122647261,10.183263772,0.2,1760.45,66.18,280.630,2.7,38.53,13.44,1759.53,4336944.66,1781628.65
00:20:09.217,18/01/2026,08:51:02,17_T02,39.122647334,10.183264439,0.2,1760.35,66.28,280.686,2.8,38.53,13.44,1759.33,4336944.72,1781628.66
00:20:10.220,18/01/2026,08:51:03,17_T02,39.122647508,10.183265296,0.2,1760.27,66.39,280.762,2.9,38.53,13.44,1759.33,4336944.79,1781628.68
00:20:11.225,18/01/2026,08:51:04,17_T02,39.122647754,10.183266153,0.2,1760.21,66.41,280.841,2.8,38.53,13.44,1759.16,4336944.87,1781628.71
00:20:12.216,18/01/2026,08:51:05,17_T02,39.122648051,10.183267445,0.2,1760.17,66.29,280.957,2.7,38.53,13.44,1759.16,4336944.98,1781628.74
00:20:13.224,18/01/2026,08:51:06,17_T02,39.122648264,10.183268424,0.2,1760.12,66.11,281.045,2.7,38.53,13.44,1759.08,4336945.06,1781628.76
00:20:14.216,18/01/2026,08:51:07,17_T02,39.122648253,10.183268768,0.2,1760.03,66.03,281.071,2.8,38.53,13.44,1759.08,4336945.09,1781628.76
00:20:15.229,18/01/2026,08:51:08,17_T02,39.122648130,10.183269073,0.2,1759.90,66.14,281.090,2.9,38.53,13.46,1758.87,4336945.12,1781628.75
00:20:16.220,18/01/2026,08:51:09,17_T02,39.122648068,10.183269509,0.1,1759.80,66.33,281.122,3.1,38.53,13.46,1758.87,4336945.16,1781628.74
00:20:17.219,18/01/2026,08:51:10,17_T02,39.122648184,10.183270294,0.1,1759.73,66.50,281.189,3.2,38.53,13.46,1758.87,4336945.23,1781628.76
00:20:18.217,18/01/2026,08:51:11,17_T02,39.122647774,10.183271182,0.1,1759.69,66.59,281.241,3.1,38.53,13.45,1758.66,4336945.30,1781628.71
00:20:19.228,18/01/2026,08:51:12,17_T02,39.122647440,10.183272046,0.1,1759.65,66.61,281.295,3.1,38.53,13.45,1758.66,4336945.38,1781628.67
00:20:20.223,18/01/2026,08:51:13,17_T02,39.122647592,10.183272793,0.1,1759.58,66.57,281.361,3.0,38.52,13.46,1758.60,4336945.44,1781628.69
00:20:21.220,18/01/2026,08:51:14,17_T02,39.122647748,10.183273315,0.1,1759.50,66.44,281.410,3.1,38.52,13.46,1758.60,4336945.49,1781628.71
00:20:22.217,18/01/2026,08:51:15,17_T02,39.122647869,10.183273806,0.1,1759.43,66.37,281.454,3.2,38.53,13.46,1758.45,4336945.53,1781628.72
00:20:23.225,18/01/2026,08:51:16,17_T02,39.122648742,10.183275043,0.1,1759.37,66.33,281.592,3.2,38.53,13.46,1758.45,4336945.64,1781628.82
00:20:24.219,18/01/2026,08:51:17,17_T02,39.122649578,10.183276317,0.1,1759.34,66.26,281.731,3.2,38.52,13.45,1758.31,4336945.75,1781628.91
00:20:25.216,18/01/2026,08:51:18,17_T02,39.122649789,10.183277194,0.1,1759.31,66.24,281.810,3.2,38.52,13.45,1758.31,4336945.83,1781628.93
00:20:26.229,18/01/2026,08:51:19,17_T02,39.122650018,10.183278024,0.1,1759.29,66.19,281.886,3.1,38.53,13.46,1758.24,4336945.90,1781628.96
00:20:27.226,18/01/2026,08:51:20,17_T02,39.122650188,10.183278600,0.1,1759.28,66.11,281.939,3.0,38.53,13.46,1758.24,4336945.95,1781628.98
00:20:28.224,18/01/2026,08:51:21,17_T02,39.122650312,10.183279282,0.1,1759.25,66.16,281.999,3.1,38.53,13.46,1758.22,4336946.01,1781628.99
00:20:29.221,18/01/2026,08:51:22,17_T02,39.122649733,10.183279982,0.1,1759.22,66.25,282.029,3.1,38.53,13.46,1758.22,4336946.07,1781628.93
00:20:30.219,18/01/2026,08:51:23,17_T02,39.122649271,10.183280698,0.2,1759.20,66.35,282.065,3.0,38.53,13.46,1758.15,4336946.13,1781628.88
00:20:31.216,18/01/2026,08:51:24,17_T02,39.122649396,10.183281478,0.1,1759.20,66.43,282.132,3.0,38.53,13.46,1758.15,4336946.20,1781628.89
00:20:32.223,18/01/2026,08:51:25,17_T02,39.122649555,10.183282290,0.1,1759.20,66.52,282.204,2.9,38.53,13.45,1758.13,4336946.27,1781628.91
00:20:33.219,18/01/2026,08:51:26,17_T02,39.122649727,10.183283092,0.1,1759.19,66.58,282.275,2.8,38.53,13.45,1758.13,4336946.34,1781628.93
00:20:34.220,18/01/2026,08:51:27,17_T02,39.122649411,10.183284348,0.1,1759.17,66.60,282.361,2.8,38.53,13.44,1758.14,4336946.45,1781628.89
00:20:35.215,18/01/2026,08:51:28,17_T02,39.122649170,10.183285414,0.2,1759.14,66.59,282.435,2.8,38.53,13.44,1758.14,4336946.54,1781628.87
00:20:36.228,18/01/2026,08:51:29,17_T02,39.122649327,10.183286130,0.1,1759.10,66.58,282.499,2.9,38.53,13.44,1758.07,4336946.60,1781628.88
00:20:37.220,18/01/2026,08:51:30,17_T02,39.122649518,10.183286877,0.1,1759.05,66.57,282.566,2.8,38.53,13.44,1758.07,4336946.67,1781628.91
00:20:38.214,18/01/2026,08:51:31,17_T02,39.122649739,10.183287699,0.1,1759.01,66.54,282.642,2.8,38.53,13.44,1757.98,4336946.74,1781628.93
00:20:39.224,18/01/2026,08:51:32,17_T02,39.122649984,10.183288549,0.1,1758.98,66.49,282.720,2.8,38.53,13.44,1757.98,4336946.81,1781628.96
00:20:40.218,18/01/2026,08:51:33,17_T02,39.122651048,10.183289964,0.2,1758.95,66.42,282.881,2.7,38.53,13.44,1757.92,4336946.94,1781629.08
00:20:41.225,18/01/2026,08:51:34,17_T02,39.122651912,10.183291100,0.2,1758.90,66.35,283.010,2.7,38.53,13.44,1757.92,4336947.04,1781629.17
00:20:42.220,18/01/2026,08:51:35,17_T02,39.122652044,10.183291813,0.1,1758.84,66.36,283.072,2.7,38.53,13.44,1757.83,4336947.10,1781629.19
00:20:43.226,18/01/2026,08:51:36,17_T02,39.122652126,10.183292546,0.1,1758.76,66.44,283.134,2.8,38.53,13.44,1757.83,4336947.16,1781629.19
00:20:44.215,18/01/2026,08:51:37,17_T02,39.122652253,10.183293397,0.1,1758.70,66.55,283.208,2.9,38.53,13.44,1757.68,4336947.23,1781629.21
00:20:45.226,18/01/2026,08:51:38,17_T02,39.122653038,10.183295692,0.2,1758.65,66.62,283.425,2.8,38.53,13.44,1757.68,4336947.43,1781629.30
00:20:46.216,18/01/2026,08:51:39,17_T02,39.122653849,10.183297877,0.2,1758.62,66.55,283.635,2.8,38.53,13.44,1757.58,4336947.62,1781629.39
00:20:47.215,18/01/2026,08:51:40,17_T02,39.122654196,10.183298803,0.2,1758.59,66.36,283.725,2.6,38.53,13.44,1757.58,4336947.70,1781629.42
00:20:48.225,18/01/2026,08:51:41,17_T02,39.122654430,10.183299487,0.2,1758.53,66.21,283.789,2.6,38.53,13.44,1757.52,4336947.76,1781629.45
00:20:49.225,18/01/2026,08:51:42,17_T02,39.122654545,10.183300105,0.2,1758.44,66.18,283.844,2.7,38.53,13.44,1757.52,4336947.82,1781629.46
00:20:50.222,18/01/2026,08:51:43,17_T02,39.122654645,10.183300734,0.2,1758.35,66.23,283.898,2.9,38.53,13.45,1757.36,4336947.87,1781629.47
00:20:51.223,18/01/2026,08:51:44,17_T02,39.122655858,10.183299808,0.2,1758.29,66.31,283.879,2.9,38.53,13.45,1757.36,4336947.79,1781629.61
00:20:52.219,18/01/2026,08:51:45,17_T02,39.122657163,10.183299352,0.2,1758.25,66.36,283.902,2.8,38.53,13.44,1757.22,4336947.75,1781629.75
00:20:53.219,18/01/2026,08:51:46,17_T02,39.122657464,10.183300471,0.2,1758.22,66.37,284.004,2.7,38.53,13.44,1757.22,4336947.85,1781629.79
00:20:54.226,18/01/2026,08:51:47,17_T02,39.122657692,10.183301376,0.2,1758.17,66.37,284.087,2.6,38.53,13.44,1757.15,4336947.93,1781629.81
00:20:55.223,18/01/2026,08:51:48,17_T02,39.122657823,10.183302034,0.2,1758.09,66.36,284.145,2.6,38.53,13.44,1757.15,4336947.98,1781629.83
00:20:56.221,18/01/2026,08:51:49,17_T02,39.122658749,10.183302605,0.2,1758.02,66.43,284.232,2.8,38.53,13.44,1757.01,4336948.03,1781629.93
00:20:57.220,18/01/2026,08:51:50,17_T02,39.122659701,10.183303510,0.2,1757.95,66.55,284.347,2.9,38.53,13.44,1757.01,4336948.11,1781630.03
00:20:58.216,18/01/2026,08:51:51,17_T02,39.122659977,10.183304597,0.2,1757.90,66.58,284.445,2.7,38.53,13.44,1756.88,4336948.21,1781630.06
00:20:59.224,18/01/2026,08:51:52,17_T02,39.122660340,10.183305641,0.2,1757.87,66.50,284.545,2.6,38.53,13.44,1756.88,4336948.30,1781630.10
00:21:00.221,18/01/2026,08:51:53,17_T02,39.122660690,10.183306509,0.2,1757.82,66.36,284.629,2.5,38.53,13.45,1756.80,4336948.37,1781630.14
00:21:01.217,18/01/2026,08:51:54,17_T02,39.122660916,10.183307234,0.2,1757.73,66.29,284.697,2.6,38.53,13.45,1756.80,4336948.44,1781630.17
00:21:02.214,18/01/2026,08:51:55,17_T02,39.122659976,10.183307862,0.2,1757.63,66.34,284.705,2.7,38.53,13.44,1756.63,4336948.49,1781630.06
00:21:03.226,18/01/2026,08:51:56,17_T02,39.122659223,10.183308640,0.2,1757.53,66.44,284.732,2.8,38.53,13.44,1756.63,4336948.56,1781629.98
00:21:04.224,18/01/2026,08:51:57,17_T02,39.122659436,10.183309697,0.2,1757.46,66.49,284.826,2.8,38.53,13.44,1756.43,4336948.65,1781630.00
00:21:05.221,18/01/2026,08:51:58,17_T02,39.122659749,10.183310768,0.2,1757.44,66.40,284.925,2.7,38.53,13.44,1756.43,4336948.74,1781630.04
00:21:06.217,18/01/2026,08:51:59,17_T02,39.122660093,10.183311839,0.2,1757.41,66.30,285.026,2.6,38.53,13.45,1756.38,4336948.84,1781630.08
00:21:07.228,18/01/2026,08:52:00,17_T02,39.122660331,10.183312707,0.2,1757.37,66.27,285.105,2.6,38.53,13.45,1756.38,4336948.91,1781630.10
00:21:08.221,18/01/2026,08:52:01,17_T02,39.122659461,10.183314549,0.2,1757.30,66.31,285.212,2.6,38.53,13.46,1756.28,4336949.07,1781630.01
00:21:09.221,18/01/2026,08:52:02,17_T02,39.122658765,10.183316192,0.2,1757.22,66.43,285.312,2.7,38.53,13.46,1756.28,4336949.22,1781629.93
00:21:10.220,18/01/2026,08:52:03,17_T02,39.122658951,10.183317141,0.2,1757.16,66.58,285.395,2.7,38.53,13.45,1756.12,4336949.30,1781629.95
00:21:11.216,18/01/2026,08:52:04,17_T02,39.122659200,10.183318203,0.2,1757.11,66.65,285.491,2.7,38.53,13.45,1756.12,4336949.39,1781629.98
00:21:12.226,18/01/2026,08:52:05,17_T02,39.122659520,10.183319310,0.2,1757.07,66.61,285.593,2.6,38.53,13.45,1756.02,4336949.49,1781630.02
00:21:13.224,18/01/2026,08:52:06,17_T02,39.122659612,10.183321115,0.2,1757.02,66.48,285.741,2.6,38.53,13.45,1756.02,4336949.64,1781630.03
00:21:14.217,18/01/2026,08:52:07,17_T02,39.122659662,10.183322491,0.2,1756.94,66.37,285.852,2.6,38.53,13.45,1756.02,4336949.76,1781630.03
00:21:15.228,18/01/2026,08:52:08,17_T02,39.122659798,10.183323159,0.2,1756.84,66.33,285.911,2.7,38.53,13.44,1755.93,4336949.82,1781630.05
00:21:16.221,18/01/2026,08:52:09,17_T02,39.122659977,10.183323955,0.2,1756.74,66.33,285.983,2.8,38.53,13.44,1755.93,4336949.89,1781630.07
00:21:17.214,18/01/2026,08:52:10,17_T02,39.122660241,10.183325020,0.2,1756.68,66.36,286.079,2.9,38.53,13.45,1755.73,4336949.98,1781630.10
00:21:18.221,18/01/2026,08:52:11,17_T02,39.122660535,10.183326177,0.2,1756.61,66.39,286.184,2.8,38.53,13.45,1755.73,4336950.08,1781630.13
00:21:19.217,18/01/2026,08:52:12,17_T02,39.122661963,10.183327978,0.2,1756.55,66.40,286.392,2.7,38.53,13.44,1755.59,4336950.24,1781630.29
00:21:20.220,18/01/2026,08:52:13,17_T02,39.122663202,10.183329492,0.2,1756.46,66.42,286.568,2.8,38.53,13.44,1755.59,4336950.37,1781630.42
00:21:21.213,18/01/2026,08:52:14,17_T02,39.122663349,10.183330276,0.2,1756.34,66.48,286.637,2.9,38.53,13.45,1755.43,4336950.44,1781630.44
00:21:22.221,18/01/2026,08:52:15,17_T02,39.122663499,10.183330935,0.2,1756.24,66.50,286.696,3.0,38.53,13.45,1755.43,4336950.50,1781630.46
00:21:23.215,18/01/2026,08:52:16,17_T02,39.122663674,10.183331497,0.2,1756.15,66.44,286.748,3.0,38.53,13.45,1755.20,4336950.55,1781630.48
00:21:24.220,18/01/2026,08:52:17,17_T02,39.122664654,10.183333036,0.2,1756.07,66.42,286.915,3.0,38.53,13.45,1755.20,4336950.68,1781630.59
00:21:25.227,18/01/2026,08:52:18,17_T02,39.122665551,10.183334643,0.2,1755.98,66.44,287.083,3.0,38.53,13.44,1755.03,4336950.82,1781630.68
00:21:26.224,18/01/2026,08:52:19,17_T02,39.122665749,10.183335430,0.2,1755.88,66.45,287.154,3.1,38.53,13.44,1755.03,4336950.89,1781630.71
00:21:27.220,18/01/2026,08:52:20,17_T02,39.122665967,10.183336175,0.1,1755.79,66.42,287.223,3.2,38.53,13.45,1754.85,4336950.95,1781630.73
00:21:28.216,18/01/2026,08:52:21,17_T02,39.122666215,10.183337043,0.1,1755.69,66.43,287.303,3.2,38.53,13.45,1754.85,4336951.03,1781630.76
00:21:29.225,18/01/2026,08:52:22,17_T02,39.122666511,10.183338112,0.2,1755.61,66.43,287.402,3.2,38.53,13.44,1754.66,4336951.12,1781630.79
00:21:30.224,18/01/2026,08:52:23,17_T02,39.122667243,10.183339637,0.2,1755.56,66.41,287.556,3.2,38.53,13.44,1754.66,4336951.25,1781630.87
00:21:31.220,18/01/2026,08:52:24,17_T02,39.122667859,10.183341137,0.2,1755.50,66.51,287.703,3.2,38.53,13.44,1754.52,4336951.38,1781630.94
00:21:32.216,18/01/2026,08:52:25,17_T02,39.122668126,10.183342060,0.2,1755.43,66.58,287.788,3.1,38.53,13.44,1754.52,4336951.46,1781630.97
00:21:33.225,18/01/2026,08:52:26,17_T02,39.122668414,10.183343009,0.2,1755.36,66.63,287.876,3.2,38.53,13.44,1754.40,4336951.55,1781631.00
00:21:34.224,18/01/2026,08:52:27,17_T02,39.122668727,10.183344004,0.2,1755.28,66.66,287.969,3.2,38.53,13.44,1754.40,4336951.63,1781631.04
00:21:35.220,18/01/2026,08:52:28,17_T02,39.122669899,10.183346185,0.2,1755.20,66.65,288.196,3.2,38.53,13.45,1754.23,4336951.82,1781631.17
00:21:36.228,18/01/2026,08:52:29,17_T02,39.122671042,10.183348306,0.2,1755.12,66.56,288.415,3.2,38.53,13.45,1754.23,4336952.01,1781631.29
00:21:37.226,18/01/2026,08:52:30,17_T02,39.122671379,10.183349178,0.2,1755.07,66.43,288.500,3.3,38.53,13.44,1754.06,4336952.08,1781631.33
00:21:38.220,18/01/2026,08:52:31,17_T02,39.122671725,10.183350104,0.2,1755.01,66.35,288.589,3.2,38.53,13.44,1754.06,4336952.16,1781631.37
00:21:39.216,18/01/2026,08:52:32,17_T02,39.122672094,10.183351166,0.2,1754.96,66.31,288.690,3.2,38.53,13.45,1753.98,4336952.26,1781631.41
00:21:40.226,18/01/2026,08:52:33,17_T02,39.122672376,10.183352129,0.2,1754.90,66.31,288.779,3.2,38.53,13.45,1753.98,4336952.34,1781631.44
00:21:41.223,18/01/2026,08:52:34,17_T02,39.122673534,10.183353608,0.2,1754.82,66.35,288.949,3.1,38.53,13.44,1753.85,4336952.47,1781631.57
00:21:42.215,18/01/2026,08:52:35,17_T02,39.122674606,10.183354994,0.2,1754.75,66.44,289.107,3.2,38.53,13.44,1753.85,4336952.59,1781631.69
00:21:43.214,18/01/2026,08:52:36,17_T02,39.122674854,10.183355932,0.2,1754.67,66.54,289.193,3.2,38.53,13.44,1753.70,4336952.67,1781631.72
00:21:44.223,18/01/2026,08:52:37,17_T02,39.122675104,10.183356859,0.2,1754.59,66.62,289.278,3.2,38.53,13.44,1753.70,4336952.75,1781631.74
00:21:45.219,18/01/2026,08:52:38,17_T02,39.122675380,10.183357821,0.2,1754.51,66.65,289.367,3.2,38.53,13.45,1753.53,4336952.83,1781631.77
00:21:46.228,18/01/2026,08:52:39,17_T02,39.122674387,10.183358083,0.2,1754.44,66.64,289.343,3.2,38.53,13.45,1753.53,4336952.86,1781631.66
00:21:47.222,18/01/2026,08:52:40,17_T02,39.122673675,10.183358443,0.2,1754.37,66.58,289.339,3.2,38.53,13.45,1753.40,4336952.89,1781631.59
00:21:48.219,18/01/2026,08:52:41,17_T02,39.122674047,10.183359412,0.2,1754.30,66.50,289.433,3.2,38.53,13.45,1753.40,4336952.97,1781631.63
00:21:49.216,18/01/2026,08:52:42,17_T02,39.122674341,10.183360225,0.2,1754.22,66.43,289.511,3.2,38.53,13.45,1753.23,4336953.04,1781631.66
00:21:50.223,18/01/2026,08:52:43,17_T02,39.122674672,10.183361155,0.2,1754.13,66.42,289.600,3.3,38.53,13.45,1753.23,4336953.12,1781631.70
00:21:51.219,18/01/2026,08:52:44,17_T02,39.122674978,10.183362062,0.2,1754.04,66.44,289.685,3.3,38.53,13.45,1753.05,4336953.20,1781631.73
00:21:52.215,18/01/2026,08:52:45,17_T02,39.122674660,10.183361938,0.2,1753.96,66.46,289.661,3.3,38.53,13.45,1753.05,4336953.19,1781631.70
00:21:53.217,18/01/2026,08:52:46,17_T02,39.122674376,10.183361791,0.2,1753.90,66.43,289.637,3.3,38.53,13.45,1752.91,4336953.18,1781631.66
00:21:54.228,18/01/2026,08:52:47,17_T02,39.122674659,10.183362356,0.2,1753.83,66.29,289.694,3.3,38.53,13.45,1752.91,4336953.23,1781631.70
00:21:55.227,18/01/2026,08:52:48,17_T02,39.122674822,10.183362687,0.2,1753.73,66.24,289.728,3.3,38.53,13.45,1752.76,4336953.26,1781631.71
00:21:56.219,18/01/2026,08:52:49,17_T02,39.122674921,10.183363206,0.1,1753.63,66.37,289.774,3.4,38.53,13.45,1752.76,4336953.30,1781631.72
00:21:57.215,18/01/2026,08:52:50,17_T02,39.122674143,10.183362937,0.1,1753.54,66.46,289.717,3.5,38.53,13.45,1752.56,4336953.28,1781631.64
00:21:58.215,18/01/2026,08:52:51,17_T02,39.122673694,10.183363071,0.2,1753.45,66.46,289.708,3.5,38.53,13.45,1752.56,4336953.29,1781631.59
00:21:59.231,18/01/2026,08:52:52,17_T02,39.122674019,10.183364070,0.2,1753.39,66.42,289.802,3.4,38.53,13.45,1752.39,4336953.38,1781631.63
00:22:00.219,18/01/2026,08:52:53,17_T02,39.122674363,10.183365089,0.1,1753.31,66.40,289.898,3.3,38.53,13.45,1752.39,4336953.47,1781631.66
00:22:01.220,18/01/2026,08:52:54,17_T02,39.122674626,10.183365982,0.2,1753.21,66.46,289.981,3.3,38.53,13.45,1752.24,4336953.54,1781631.69
00:22:02.229,18/01/2026,08:52:55,17_T02,39.122674814,10.183366695,0.2,1753.10,66.58,290.046,3.4,38.53,13.45,1752.24,4336953.61,1781631.71
00:22:03.224,18/01/2026,08:52:56,17_T02,39.122674135,10.183364584,0.2,1753.04,66.66,289.848,3.5,38.53,13.45,1752.03,4336953.42,1781631.64
00:22:04.219,18/01/2026,08:52:57,17_T02,39.122673511,10.183362531,0.2,1752.97,66.49,289.656,3.6,38.53,13.45,1752.03,4336953.24,1781631.57
00:22:05.217,18/01/2026,08:52:58,17_T02,39.122673324,10.183362020,0.2,1752.87,66.31,289.608,3.8,38.52,13.46,1751.86,4336953.20,1781631.55
00:22:06.215,18/01/2026,08:52:59,17_T02,39.122673228,10.183361763,0.1,1752.78,66.20,289.583,4.0,38.52,13.46,1751.86,4336953.18,1781631.54
00:22:07.224,18/01/2026,08:53:00,17_T02,39.122673270,10.183361768,0.1,1752.71,66.17,289.585,4.1,38.53,13.45,1751.71,4336953.18,1781631.54
00:22:08.220,18/01/2026,08:53:01,17_T02,39.122673331,10.183361999,0.1,1752.64,66.21,289.606,4.1,38.53,13.45,1751.71,4336953.20,1781631.55
00:22:09.218,18/01/2026,08:53:02,17_T02,39.122673552,10.183362792,0.1,1752.58,66.30,289.679,4.0,38.53,13.45,1751.71,4336953.27,1781631.57
00:22:10.214,18/01/2026,08:53:03,17_T02,39.122673694,10.183363478,0.1,1752.50,66.41,289.740,4.1,38.53,13.46,1751.56,4336953.33,1781631.59
00:22:11.225,18/01/2026,08:53:04,17_T02,39.122673626,10.183363584,0.1,1752.41,66.51,289.745,4.2,38.53,13.46,1751.56,4336953.34,1781631.58
00:22:12.220,18/01/2026,08:53:05,17_T02,39.122673584,10.183363627,0.1,1752.31,66.63,289.747,4.3,38.53,13.45,1751.40,4336953.34,1781631.58
00:22:13.214,18/01/2026,08:53:06,17_T02,39.122673556,10.183363725,0.1,1752.22,66.71,289.753,4.4,38.53,13.45,1751.40,4336953.35,1781631.57
00:22:14.226,18/01/2026,08:53:07,17_T02,39.122673556,10.183363909,0.1,1752.13,66.77,289.768,4.4,38.53,13.45,1751.21,4336953.36,1781631.57
00:22:15.217,18/01/2026,08:53:08,17_T02,39.122673616,10.183364178,0.1,1752.05,66.77,289.792,4.5,38.53,13.45,1751.21,4336953.39,1781631.58
00:22:16.219,18/01/2026,08:53:09,17_T02,39.122673701,10.183364414,0.1,1751.97,66.74,289.815,4.5,38.53,13.45,1751.04,4336953.41,1781631.59
00:22:17.220,18/01/2026,08:53:10,17_T02,39.122673799,10.183364588,0.1,1751.88,66.67,289.833,4.5,38.53,13.45,1751.04,4336953.42,1781631.60
00:22:18.216,18/01/2026,08:53:11,17_T02,39.122673882,10.183364733,0.1,1751.78,66.60,289.848,4.7,38.53,13.46,1750.87,4336953.44,1781631.61
00:22:19.227,18/01/2026,08:53:12,17_T02,39.122673910,10.183364897,0.1,1751.68,66.58,289.862,4.8,38.53,13.46,1750.87,4336953.45,1781631.61
00:22:20.224,18/01/2026,08:53:13,17_T02,39.122675292,10.183366657,0.1,1751.58,66.61,290.064,4.9,38.53,13.46,1750.66,4336953.60,1781631.77
00:22:21.219,18/01/2026,08:53:14,17_T02,39.122676471,10.183368209,0.1,1751.48,66.62,290.241,5.0,38.53,13.46,1750.66,4336953.74,1781631.90
00:22:22.218,18/01/2026,08:53:15,17_T02,39.122676635,10.183368523,0.1,1751.40,66.57,290.273,5.0,38.53,13.45,1750.45,4336953.77,1781631.92
00:22:23.215,18/01/2026,08:53:16,17_T02,39.122676756,10.183368755,0.1,1751.31,66.48,290.297,5.0,38.53,13.45,1750.45,4336953.79,1781631.93
00:22:24.226,18/01/2026,08:53:17,17_T02,39.122676838,10.183368863,0.1,1751.21,66.36,290.309,5.1,38.53,13.45,1750.29,4336953.79,1781631.94
00:22:25.219,18/01/2026,08:53:18,17_T02,39.122676219,10.183370320,0.1,1751.09,66.27,290.397,5.2,38.53,13.45,1750.29,4336953.92,1781631.87
00:22:26.228,18/01/2026,08:53:19,17_T02,39.122675636,10.183371605,0.2,1750.97,66.27,290.473,5.4,38.53,13.45,1750.07,4336954.03,1781631.81
00:22:27.221,18/01/2026,08:53:20,17_T02,39.122675660,10.183371727,0.2,1750.87,66.28,290.484,5.5,38.53,13.45,1750.07,4336954.04,1781631.81
00:22:28.215,18/01/2026,08:53:21,17_T02,39.122675717,10.183371913,0.2,1750.77,66.24,290.501,5.6,38.53,13.45,1749.83,4336954.06,1781631.81
00:22:29.219,18/01/2026,08:53:22,17_T02,39.122675793,10.183372134,0.1,1750.67,66.18,290.522,5.6,38.53,13.45,1749.83,4336954.08,1781631.82
00:22:30.223,18/01/2026,08:53:23,17_T02,39.122675822,10.183372409,0.1,1750.58,66.21,290.545,5.6,38.53,13.45,1749.65,4336954.10,1781631.83
00:22:31.215,18/01/2026,08:53:24,17_T02,39.122674828,10.183371923,0.2,1750.48,66.23,290.462,5.8,38.53,13.45,1749.65,4336954.06,1781631.72
00:22:32.219,18/01/2026,08:53:25,17_T02,39.122674014,10.183371575,0.2,1750.38,66.28,290.397,5.9,38.53,13.45,1749.45,4336954.03,1781631.63
00:22:33.226,18/01/2026,08:53:26,17_T02,39.122674097,10.183372027,0.2,1750.28,66.38,290.437,6.0,38.53,13.45,1749.45,4336954.07,1781631.64
00:22:34.219,18/01/2026,08:53:27,17_T02,39.122674146,10.183372358,0.2,1750.19,66.43,290.465,6.0,38.53,13.46,1749.24,4336954.10,1781631.64
00:22:35.217,18/01/2026,08:53:28,17_T02,39.122674187,10.183372604,0.2,1750.10,66.44,290.487,6.0,38.53,13.46,1749.24,4336954.12,1781631.65
00:22:36.226,18/01/2026,08:53:29,17_T02,39.122674051,10.183372141,0.2,1750.01,66.39,290.444,6.1,38.53,13.46,1749.06,4336954.08,1781631.63
00:22:37.220,18/01/2026,08:53:30,17_T02,39.122673581,10.183371037,0.1,1749.91,66.47,290.335,6.2,38.53,13.46,1749.06,4336953.98,1781631.58
00:22:38.227,18/01/2026,08:53:31,17_T02,39.122673083,10.183369899,0.2,1749.79,66.50,290.222,6.5,38.53,13.45,1748.86,4336953.89,1781631.52
00:22:39.226,18/01/2026,08:53:32,17_T02,39.122672723,10.183369305,0.1,1749.67,66.62,290.159,6.8,38.53,13.45,1748.86,4336953.83,1781631.48
00:22:40.220,18/01/2026,08:53:33,17_T02,39.122672539,10.183369098,0.1,1749.53,66.74,290.134,7.0,38.53,13.45,1748.63,4336953.82,1781631.46
00:22:41.218,18/01/2026,08:53:34,17_T02,39.122672546,10.183369071,0.1,1749.38,66.70,290.132,7.0,38.53,13.45,1748.63,4336953.81,1781631.46
00:22:42.215,18/01/2026,08:53:35,17_T02,39.122672346,10.183369833,0.1,1749.25,66.55,290.184,7.1,38.53,13.45,1748.31,4336953.88,1781631.44
00:22:43.225,18/01/2026,08:53:36,17_T02,39.122672218,10.183370444,0.1,1749.13,66.38,290.227,7.2,38.53,13.45,1748.31,4336953.93,1781631.43
00:22:44.222,18/01/2026,08:53:37,17_T02,39.122672278,10.183370331,0.1,1749.00,66.25,290.220,7.4,38.53,13.45,1748.05,4336953.92,1781631.43
00:22:45.223,18/01/2026,08:53:38,17_T02,39.122672245,10.183370308,0.1,1748.87,66.23,290.217,7.6,38.53,13.45,1748.05,4336953.92,1781631.43
00:22:46.230,18/01/2026,08:53:39,17_T02,39.122672195,10.183370376,0.1,1748.75,66.28,290.220,7.7,38.53,13.45,1747.80,4336953.93,1781631.43
00:22:47.226,18/01/2026,08:53:40,17_T02,39.122672384,10.183370465,0.1,1748.63,66.35,290.236,7.8,38.53,13.45,1747.80,4336953.94,1781631.45
00:22:48.220,18/01/2026,08:53:41,17_T02,39.122672595,10.183370599,0.1,1748.52,66.41,290.256,7.8,38.54,13.45,1747.57,4336953.95,1781631.47
00:22:49.217,18/01/2026,08:53:42,17_T02,39.122672662,10.183370876,0.1,1748.42,66.45,290.281,7.9,38.54,13.45,1747.57,4336953.97,1781631.48
00:22:50.220,18/01/2026,08:53:43,17_T02,39.122672655,10.183371120,0.1,1748.31,66.49,290.300,7.9,38.52,13.47,1747.36,4336953.99,1781631.48
00:22:51.213,18/01/2026,08:53:44,17_T02,39.122672601,10.183371297,0.1,1748.18,66.55,290.312,8.1,38.52,13.47,1747.36,4336954.01,1781631.47
00:22:52.228,18/01/2026,08:53:45,17_T02,39.122672604,10.183371476,0.1,1748.05,66.62,290.326,8.3,38.53,13.45,1747.10,4336954.02,1781631.47
00:22:53.225,18/01/2026,08:53:46,17_T02,39.122672905,10.183370192,0.1,1747.94,66.67,290.238,8.4,38.53,13.45,1747.10,4336953.91,1781631.50
00:22:54.223,18/01/2026,08:53:47,17_T02,39.122673214,10.183369286,0.1,1747.83,66.65,290.180,8.5,38.53,13.45,1746.88,4336953.83,1781631.54
00:22:55.225,18/01/2026,08:53:48,17_T02,39.122673345,10.183369702,0.1,1747.74,66.57,290.218,8.5,38.53,13.45,1746.88,4336953.87,1781631.55
00:22:56.224,18/01/2026,08:53:49,17_T02,39.122673485,10.183370075,0.1,1747.63,66.46,290.254,8.4,38.53,13.46,1746.67,4336953.90,1781631.57
00:22:57.223,18/01/2026,08:53:50,17_T02,39.122673592,10.183370389,0.1,1747.51,66.38,290.284,8.5,38.53,13.46,1746.67,4336953.93,1781631.58
00:22:58.216,18/01/2026,08:53:51,17_T02,39.122674342,10.183371054,0.1,1747.38,66.36,290.371,8.8,38.53,13.45,1746.42,4336953.99,1781631.66
00:22:59.227,18/01/2026,08:53:52,17_T02,39.122675034,10.183371841,0.1,1747.25,66.37,290.464,9.0,38.53,13.45,1746.42,4336954.05,1781631.74
00:23:00.223,18/01/2026,08:53:53,17_T02,39.122675200,10.183372442,0.1,1747.15,66.38,290.520,9.0,38.53,13.45,1746.18,4336954.11,1781631.76
00:23:01.216,18/01/2026,08:53:54,17_T02,39.122675353,10.183373076,0.1,1747.05,66.40,290.577,8.9,38.53,13.45,1746.18,4336954.16,1781631.77
00:23:02.214,18/01/2026,08:53:55,17_T02,39.122675476,10.183373653,0.1,1746.94,66.43,290.628,8.9,38.53,13.45,1745.97,4336954.21,1781631.79
00:23:03.223,18/01/2026,08:53:56,17_T02,39.122675566,10.183373890,0.1,1746.89,66.27,290.651,9.1,38.53,13.45,1745.97,4336954.23,1781631.80
00:23:04.215,18/01/2026,08:53:57,17_T02,39.122675751,10.183374269,0.1,1746.83,66.17,290.690,9.3,38.53,13.45,1745.82,4336954.27,1781631.82
00:23:05.221,18/01/2026,08:53:58,17_T02,39.122675915,10.183374840,0.1,1746.76,66.18,290.742,9.1,38.53,13.45,1745.82,4336954.31,1781631.84
00:23:06.227,18/01/2026,08:53:59,17_T02,39.122676061,10.183375540,0.1,1746.70,66.23,290.805,9.0,38.53,13.45,1745.82,4336954.38,1781631.85
00:23:07.217,18/01/2026,08:54:00,17_T02,39.122676174,10.183376212,0.1,1746.63,66.31,290.863,8.8,38.54,13.46,1745.68,4336954.43,1781631.87
00:23:08.222,18/01/2026,08:54:01,17_T02,39.122676280,10.183376832,0.1,1746.55,66.37,290.917,8.8,38.54,13.46,1745.68,4336954.49,1781631.88
00:23:09.221,18/01/2026,08:54:02,17_T02,39.122677023,10.183378130,0.1,1746.47,66.41,291.054,8.8,38.52,13.48,1745.54,4336954.60,1781631.96
00:23:10.225,18/01/2026,08:54:03,17_T02,39.122677615,10.183379257,0.1,1746.38,66.48,291.170,8.8,38.52,13.48,1745.54,4336954.70,1781632.03
00:23:11.218,18/01/2026,08:54:04,17_T02,39.122677655,10.183379758,0.1,1746.28,66.57,291.211,9.1,38.53,13.45,1745.37,4336954.74,1781632.03
00:23:12.225,18/01/2026,08:54:05,17_T02,39.122677755,10.183380342,0.1,1746.18,66.62,291.262,9.0,38.53,13.45,1745.37,4336954.79,1781632.04
00:23:13.219,18/01/2026,08:54:06,17_T02,39.122677944,10.183381046,0.1,1746.10,66.58,291.327,9.0,38.53,13.45,1745.17,4336954.85,1781632.06
00:23:14.227,18/01/2026,08:54:07,17_T02,39.122678210,10.183381727,0.1,1746.04,66.44,291.393,8.9,38.53,13.45,1745.17,4336954.91,1781632.09
00:23:15.218,18/01/2026,08:54:08,17_T02,39.122677688,10.183381484,0.1,1745.97,66.27,291.350,8.8,38.53,13.46,1745.02,4336954.89,1781632.03
00:23:16.227,18/01/2026,08:54:09,17_T02,39.122677131,10.183381246,0.1,1745.88,66.19,291.306,8.8,38.53,13.46,1745.02,4336954.87,1781631.97
00:23:17.224,18/01/2026,08:54:10,17_T02,39.122677122,10.183381662,0.1,1745.76,66.24,291.339,9.0,38.53,13.45,1744.86,4336954.91,1781631.97
00:23:18.219,18/01/2026,08:54:11,17_T02,39.122677137,10.183382159,0.1,1745.64,66.35,291.379,9.3,38.53,13.45,1744.86,4336954.95,1781631.97
00:23:19.225,18/01/2026,08:54:12,17_T02,39.122677269,10.183382855,0.1,1745.56,66.42,291.440,9.3,38.53,13.45,1744.63,4336955.01,1781631.99
00:23:20.221,18/01/2026,08:54:13,17_T02,39.122676755,10.183382063,0.1,1745.49,66.44,291.354,9.1,38.53,13.45,1744.63,4336954.94,1781631.93
00:23:21.216,18/01/2026,08:54:14,17_T02,39.122676276,10.183381345,0.1,1745.42,66.43,291.275,8.9,38.53,13.45,1744.47,4336954.88,1781631.88
00:23:22.225,18/01/2026,08:54:15,17_T02,39.122676382,10.183382010,0.1,1745.33,66.42,291.333,8.8,38.53,13.45,1744.47,4336954.94,1781631.89
00:23:23.223,18/01/2026,08:54:16,17_T02,39.122676438,10.183382564,0.1,1745.21,66.44,291.379,9.0,38.53,13.45,1744.32,4336954.99,1781631.90
00:23:24.219,18/01/2026,08:54:17,17_T02,39.122676531,10.183383159,0.1,1745.10,66.48,291.431,9.2,38.53,13.45,1744.32,4336955.04,1781631.91
00:23:25.218,18/01/2026,08:54:18,17_T02,39.122676689,10.183383980,0.1,1745.00,66.49,291.503,9.2,38.53,13.45,1744.08,4336955.11,1781631.92
00:23:26.217,18/01/2026,08:54:19,17_T02,39.122677155,10.183383157,0.1,1744.92,66.46,291.459,9.1,38.53,13.45,1744.08,4336955.04,1781631.98
00:23:27.215,18/01/2026,08:54:20,17_T02,39.122677645,10.183382445,0.1,1744.85,66.40,291.424,8.9,38.53,13.45,1743.90,4336954.98,1781632.03
00:23:28.214,18/01/2026,08:54:21,17_T02,39.122677850,10.183383186,0.1,1744.76,66.34,291.492,8.9,38.53,13.45,1743.90,4336955.04,1781632.05
00:23:29.228,18/01/2026,08:54:22,17_T02,39.122677944,10.183383756,0.1,1744.65,66.33,291.542,8.9,38.53,13.45,1743.74,4336955.09,1781632.06
00:23:30.225,18/01/2026,08:54:23,17_T02,39.122678013,10.183384351,0.1,1744.54,66.36,291.592,9.1,38.53,13.45,1743.74,4336955.14,1781632.07
00:23:31.225,18/01/2026,08:54:24,17_T02,39.122678887,10.183384897,0.1,1744.43,66.39,291.675,9.2,38.53,13.45,1743.50,4336955.19,1781632.17
00:23:32.217,18/01/2026,08:54:25,17_T02,39.122679636,10.183385532,0.1,1744.34,66.39,291.759,9.2,38.53,13.45,1743.50,4336955.24,1781632.25
00:23:33.226,18/01/2026,08:54:26,17_T02,39.122679838,10.183386217,0.1,1744.26,66.31,291.823,9.0,38.53,13.45,1743.30,4336955.30,1781632.27
00:23:34.225,18/01/2026,08:54:27,17_T02,39.122679980,10.183386830,0.1,1744.18,66.24,291.878,8.8,38.53,13.45,1743.30,4336955.36,1781632.29
00:23:35.219,18/01/2026,08:54:28,17_T02,39.122680058,10.183387391,0.1,1744.08,66.23,291.926,8.8,38.53,13.45,1743.13,4336955.41,1781632.30
00:23:36.214,18/01/2026,08:54:29,17_T02,39.122680047,10.183387823,0.1,1743.96,66.28,291.960,8.9,38.53,13.45,1743.13,4336955.44,1781632.30
00:23:37.224,18/01/2026,08:54:30,17_T02,39.122680732,10.183389774,0.1,1743.83,66.38,292.146,9.2,38.53,13.44,1742.90,4336955.61,1781632.37
00:23:38.216,18/01/2026,08:54:31,17_T02,39.122681501,10.183391864,0.2,1743.73,66.45,292.346,9.4,38.53,13.44,1742.90,4336955.79,1781632.46
00:23:39.221,18/01/2026,08:54:32,17_T02,39.122681646,10.183392486,0.2,1743.64,66.45,292.402,9.3,38.53,13.44,1742.67,4336955.85,1781632.47
00:23:40.219,18/01/2026,08:54:33,17_T02,39.122681817,10.183393058,0.1,1743.58,66.33,292.455,9.0,38.53,13.44,1742.67,4336955.90,1781632.49
00:23:41.213,18/01/2026,08:54:34,17_T02,39.122681925,10.183393393,0.1,1743.49,66.16,292.487,8.8,38.53,13.44,1742.54,4336955.93,1781632.50
00:23:42.219,18/01/2026,08:54:35,17_T02,39.122681050,10.183392646,0.1,1743.38,66.14,292.388,8.9,38.53,13.44,1742.54,4336955.86,1781632.41
00:23:43.212,18/01/2026,08:54:36,17_T02,39.122680233,10.183391956,0.1,1743.23,66.23,292.296,9.4,38.53,13.44,1742.31,4336955.80,1781632.32
00:23:44.223,18/01/2026,08:54:37,17_T02,39.122680154,10.183392162,0.1,1743.11,66.37,292.309,9.7,38.53,13.44,1742.31,4336955.82,1781632.31
00:23:45.215,18/01/2026,08:54:38,17_T02,39.122680238,10.183392547,0.1,1743.03,66.39,292.343,9.7,38.53,13.44,1742.03,4336955.85,1781632.32
00:23:46.225,18/01/2026,08:54:39,17_T02,39.122680389,10.183392918,0.1,1742.97,66.25,292.380,9.5,38.53,13.44,1742.03,4336955.89,1781632.33
00:23:47.219,18/01/2026,08:54:40,17_T02,39.122680431,10.183393048,0.1,1742.90,66.07,292.392,9.1,38.53,13.44,1741.92,4336955.90,1781632.34
00:23:48.237,18/01/2026,08:54:41,17_T02,39.122679119,10.183391138,0.1,1742.78,66.03,292.181,9.2,38.53,13.44,1741.92,4336955.73,1781632.19
00:23:49.221,18/01/2026,08:54:42,17_T02,39.122677877,10.183389332,0.2,1742.63,66.11,291.982,9.7,38.53,13.44,1741.71,4336955.58,1781632.06
00:23:50.219,18/01/2026,08:54:43,17_T02,39.122677654,10.183389124,0.2,1742.49,66.27,291.955,10.2,38.53,13.44,1741.71,4336955.56,1781632.03
00:23:51.227,18/01/2026,08:54:44,17_T02,39.122677563,10.183389225,0.2,1742.38,66.40,291.959,10.3,38.53,13.44,1741.41,4336955.57,1781632.02
00:23:52.227,18/01/2026,08:54:45,17_T02,39.122677542,10.183389522,0.2,1742.30,66.46,291.982,10.2,38.53,13.44,1741.41,4336955.59,1781632.02
00:23:53.223,18/01/2026,08:54:46,17_T02,39.122677305,10.183388262,0.1,1742.21,66.43,291.871,10.0,38.53,13.45,1741.24,4336955.48,1781631.99
00:23:54.222,18/01/2026,08:54:47,17_T02,39.122677073,10.183387041,0.2,1742.10,66.38,291.764,10.1,38.53,13.45,1741.24,4336955.38,1781631.97
00:23:55.219,18/01/2026,08:54:48,17_T02,39.122676970,10.183386861,0.2,1741.96,66.34,291.745,10.3,38.53,13.45,1741.01,4336955.36,1781631.96
00:23:56.226,18/01/2026,08:54:49,17_T02,39.122676870,10.183386696,0.2,1741.82,66.34,291.727,10.6,38.53,13.45,1741.01,4336955.35,1781631.94
00:23:57.219,18/01/2026,08:54:50,17_T02,39.122676829,10.183386724,0.2,1741.69,66.38,291.727,10.8,38.53,13.45,1740.73,4336955.35,1781631.94
00:23:58.216,18/01/2026,08:54:51,17_T02,39.122676839,10.183386905,0.2,1741.58,66.36,291.742,10.8,38.53,13.45,1740.73,4336955.36,1781631.94
00:23:59.224,18/01/2026,08:54:52,17_T02,39.122676368,10.183388157,0.2,1741.48,66.29,291.820,10.8,38.53,13.45,1740.50,4336955.47,1781631.89
00:24:00.222,18/01/2026,08:54:53,17_T02,39.122675966,10.183389110,0.2,1741.36,66.22,291.878,10.8,38.53,13.45,1740.50,4336955.56,1781631.85
00:24:01.227,18/01/2026,08:54:54,17_T02,39.122675902,10.183389034,0.2,1741.22,66.22,291.869,11.0,38.53,13.45,1740.26,4336955.55,1781631.84
00:24:02.225,18/01/2026,08:54:55,17_T02,39.122675788,10.183388930,0.2,1741.07,66.30,291.856,11.2,38.53,13.45,1740.26,4336955.54,1781631.83
00:24:03.220,18/01/2026,08:54:56,17_T02,39.122675716,10.183388907,0.2,1740.93,66.38,291.850,11.4,38.53,13.45,1740.26,4336955.54,1781631.82
00:24:04.227,18/01/2026,08:54:57,17_T02,39.122674452,10.183387316,0.2,1740.81,66.45,291.667,12.1,38.53,13.46,1739.95,4336955.40,1781631.68
00:24:05.219,18/01/2026,08:54:58,17_T02,39.122673453,10.183386162,0.2,1740.70,66.54,291.530,11.5,38.53,13.46,1739.95,4336955.30,1781631.57
00:24:06.218,18/01/2026,08:54:59,17_T02,39.122673473,10.183386287,0.2,1740.58,66.58,291.541,11.5,38.53,13.46,1739.72,4336955.31,1781631.57
00:24:07.226,18/01/2026,08:55:00,17_T02,39.122673482,10.183386346,0.2,1740.44,66.60,291.546,11.6,38.53,13.46,1739.72,4336955.32,1781631.57
00:24:08.218,18/01/2026,08:55:01,17_T02,39.122673482,10.183386395,0.2,1740.30,66.63,291.550,12.4,38.53,13.47,1739.45,4336955.32,1781631.57
00:24:09.222,18/01/2026,08:55:02,17_T02,39.122673155,10.183385491,0.2,1740.15,66.67,291.464,12.7,38.53,13.47,1739.45,4336955.24,1781631.53
00:24:10.217,18/01/2026,08:55:03,17_T02,39.122672948,10.183384787,0.2,1740.03,66.65,291.398,12.9,38.53,13.46,1739.15,4336955.18,1781631.51
00:24:11.215,18/01/2026,08:55:04,17_T02,39.122673085,10.183384982,0.2,1739.91,66.59,291.420,12.8,38.53,13.46,1739.15,4336955.20,1781631.53
00:24:12.221,18/01/2026,08:55:05,17_T02,39.122673213,10.183385110,0.2,1739.79,66.50,291.436,12.2,38.53,13.47,1738.91,4336955.21,1781631.54
00:24:13.216,18/01/2026,08:55:06,17_T02,39.122673272,10.183385210,0.2,1739.67,66.49,291.447,12.9,38.53,13.47,1738.91,4336955.22,1781631.55
00:24:14.226,18/01/2026,08:55:07,17_T02,39.122673331,10.183385386,0.2,1739.53,66.56,291.463,13.1,38.53,13.48,1738.65,4336955.23,1781631.55
00:24:15.219,18/01/2026,08:55:08,17_T02,39.122674506,10.183386483,0.1,1739.39,66.64,291.603,13.2,38.53,13.48,1738.65,4336955.33,1781631.68
00:24:16.212,18/01/2026,08:55:09,17_T02,39.122675514,10.183387580,0.2,1739.26,66.73,291.736,13.4,38.53,13.47,1738.37,4336955.42,1781631.80
00:24:17.221,18/01/2026,08:55:10,17_T02,39.122675718,10.183387977,0.2,1739.14,66.71,291.777,12.9,38.53,13.47,1738.37,4336955.46,1781631.82
00:24:18.226,18/01/2026,08:55:11,17_T02,39.122675983,10.183388393,0.2,1739.02,66.59,291.822,12.7,38.52,13.48,1738.11,4336955.49,1781631.85
00:24:19.215,18/01/2026,08:55:12,17_T02,39.122676196,10.183388775,0.2,1738.89,66.50,291.862,12.6,38.52,13.48,1738.11,4336955.53,1781631.87
00:24:20.222,18/01/2026,08:55:13,17_T02,39.122675617,10.183389599,0.1,1738.75,66.50,291.901,12.8,38.53,13.47,1737.86,4336955.60,1781631.81
00:24:21.226,18/01/2026,08:55:14,17_T02,39.122675158,10.183390372,0.1,1738.60,66.56,291.942,12.9,38.53,13.47,1737.86,4336955.67,1781631.76
00:24:22.224,18/01/2026,08:55:15,17_T02,39.122675337,10.183390849,0.1,1738.46,66.64,291.988,13.2,38.53,13.47,1737.59,4336955.71,1781631.78
00:24:23.225,18/01/2026,08:55:16,17_T02,39.122675605,10.183391442,0.1,1738.34,66.66,292.047,13.4,38.53,13.47,1737.59,4336955.76,1781631.81
00:24:24.222,18/01/2026,08:55:17,17_T02,39.122675910,10.183392074,0.1,1738.22,66.57,292.111,13.2,38.53,13.47,1737.30,4336955.81,1781631.84
00:24:25.220,18/01/2026,08:55:18,17_T02,39.122676217,10.183392585,0.1,1738.11,66.43,292.165,13.1,38.53,13.47,1737.30,4336955.86,1781631.87
00:24:26.224,18/01/2026,08:55:19,17_T02,39.122676965,10.183393953,0.1,1737.97,66.37,292.307,13.2,38.53,13.47,1737.06,4336955.98,1781631.96
00:24:27.222,18/01/2026,08:55:20,17_T02,39.122677570,10.183395165,0.2,1737.81,66.40,292.431,13.4,38.53,13.47,1737.06,4336956.08,1781632.02
00:24:28.215,18/01/2026,08:55:21,17_T02,39.122677775,10.183395752,0.1,1737.67,66.47,292.487,13.9,38.53,13.46,1736.77,4336956.13,1781632.05
00:24:29.222,18/01/2026,08:55:22,17_T02,39.122678046,10.183396503,0.1,1737.55,66.50,292.559,14.1,38.53,13.46,1736.77,4336956.20,1781632.08
00:24:30.217,18/01/2026,08:55:23,17_T02,39.122678381,10.183397357,0.1,1737.44,66.47,292.642,13.6,38.53,13.46,1736.49,4336956.27,1781632.11
00:24:31.216,18/01/2026,08:55:24,17_T02,39.122678517,10.183398961,0.2,1737.33,66.42,292.775,13.5,38.53,13.46,1736.49,4336956.41,1781632.13
00:24:32.230,18/01/2026,08:55:25,17_T02,39.122678627,10.183400428,0.2,1737.19,66.41,292.897,13.6,38.53,13.45,1736.26,4336956.54,1781632.14
00:24:33.219,18/01/2026,08:55:26,17_T02,39.122678863,10.183401019,0.2,1737.05,66.46,292.954,13.8,38.53,13.45,1736.26,4336956.59,1781632.17
00:24:34.215,18/01/2026,08:55:27,17_T02,39.122679081,10.183401644,0.2,1736.91,66.53,293.014,14.1,38.53,13.45,1735.98,4336956.65,1781632.19
00:24:35.227,18/01/2026,08:55:28,17_T02,39.122679340,10.183402373,0.1,1736.79,66.56,293.083,14.3,38.53,13.45,1735.98,4336956.71,1781632.22
00:24:36.224,18/01/2026,08:55:29,17_T02,39.122679656,10.183403138,0.1,1736.68,66.51,293.158,14.0,38.53,13.45,1735.70,4336956.78,1781632.26
00:24:37.225,18/01/2026,08:55:30,17_T02,39.122678815,10.183403363,0.1,1736.58,66.42,293.138,14.0,38.53,13.45,1735.70,4336956.80,1781632.16
00:24:38.220,18/01/2026,08:55:31,17_T02,39.122678180,10.183403553,0.2,1736.46,66.34,293.125,13.8,38.53,13.45,1735.49,4336956.81,1781632.09
00:24:39.213,18/01/2026,08:55:32,17_T02,39.122678361,10.183404117,0.1,1736.32,66.36,293.178,14.1,38.53,13.45,1735.49,4336956.86,1781632.11
00:24:40.224,18/01/2026,08:55:33,17_T02,39.122678520,10.183404689,0.1,1736.18,66.42,293.230,14.4,38.53,13.45,1735.23,4336956.91,1781632.13
00:24:41.224,18/01/2026,08:55:34,17_T02,39.122678744,10.183405352,0.1,1736.06,66.46,293.293,14.6,38.53,13.45,1735.23,4336956.97,1781632.16
00:24:42.219,18/01/2026,08:55:35,17_T02,39.122679049,10.183406100,0.1,1735.95,66.40,293.366,14.5,38.53,13.45,1734.98,4336957.03,1781632.19
00:24:43.213,18/01/2026,08:55:36,17_T02,39.122679327,10.183406818,0.1,1735.85,66.33,293.436,14.3,38.53,13.45,1734.98,4336957.10,1781632.22
00:24:44.225,18/01/2026,08:55:37,17_T02,39.122679532,10.183407462,0.1,1735.74,66.32,293.496,14.1,38.53,13.44,1734.77,4336957.15,1781632.24
00:24:45.225,18/01/2026,08:55:38,17_T02,39.122679678,10.183407965,0.1,1735.61,66.36,293.543,14.3,38.53,13.44,1734.77,4336957.20,1781632.26
00:24:46.225,18/01/2026,08:55:39,17_T02,39.122679793,10.183408437,0.1,1735.48,66.41,293.585,14.6,38.53,13.45,1734.50,4336957.24,1781632.27
00:24:47.234,18/01/2026,08:55:40,17_T02,39.122680212,10.183408719,0.1,1735.36,66.46,293.627,14.9,38.53,13.45,1734.50,4336957.26,1781632.32
00:24:48.220,18/01/2026,08:55:41,17_T02,39.122680654,10.183409140,0.1,1735.25,66.47,293.680,14.7,38.53,13.45,1734.26,4336957.30,1781632.37
00:24:49.216,18/01/2026,08:55:42,17_T02,39.122680928,10.183409832,0.1,1735.14,66.45,293.747,14.6,38.53,13.45,1734.26,4336957.36,1781632.40
00:24:50.214,18/01/2026,08:55:43,17_T02,39.122681197,10.183410579,0.1,1735.03,66.45,293.819,14.5,38.53,13.45,1734.04,4336957.42,1781632.43
00:24:51.221,18/01/2026,08:55:44,17_T02,39.122681451,10.183411290,0.1,1734.91,66.47,293.887,14.6,38.53,13.45,1734.04,4336957.48,1781632.46
00:24:52.227,18/01/2026,08:55:45,17_T02,39.122681658,10.183411989,0.1,1734.78,66.52,293.951,14.9,38.53,13.45,1733.78,4336957.55,1781632.48
00:24:53.219,18/01/2026,08:55:46,17_T02,39.122681792,10.183412523,0.1,1734.66,66.56,294.000,14.7,38.53,13.45,1733.78,4336957.59,1781632.49
00:24:54.213,18/01/2026,08:55:47,17_T02,39.122682010,10.183413197,0.1,1734.55,66.58,294.063,14.8,38.53,13.45,1733.54,4336957.65,1781632.52
00:24:55.224,18/01/2026,08:55:48,17_T02,39.122682307,10.183414098,0.1,1734.45,66.59,294.148,14.6,38.53,13.45,1733.54,4336957.73,1781632.55
00:24:56.219,18/01/2026,08:55:49,17_T02,39.122682560,10.183414928,0.1,1734.34,66.58,294.226,14.5,38.53,13.44,1733.33,4336957.80,1781632.58
00:24:57.226,18/01/2026,08:55:50,17_T02,39.122682819,10.183415807,0.1,1734.22,66.57,294.307,14.5,38.53,13.44,1733.33,4336957.88,1781632.61
00:24:58.220,18/01/2026,08:55:51,17_T02,39.122682895,10.183417154,0.1,1734.11,66.56,294.417,14.3,38.53,13.44,1733.33,4336957.99,1781632.62
00:24:59.227,18/01/2026,08:55:52,17_T02,39.122683034,10.183418535,0.2,1733.99,66.55,294.533,14.6,38.52,13.45,1733.07,4336958.11,1781632.63
00:25:00.216,18/01/2026,08:55:53,17_T02,39.122683390,10.183419498,0.2,1733.88,66.54,294.626,14.5,38.52,13.45,1733.07,4336958.20,1781632.67
00:25:01.226,18/01/2026,08:55:54,17_T02,39.122683785,10.183420508,0.2,1733.78,66.52,294.724,14.5,38.53,13.44,1732.85,4336958.29,1781632.71
00:25:02.221,18/01/2026,08:55:55,17_T02,39.122684138,10.183421497,0.2,1733.67,66.49,294.818,14.0,38.53,13.44,1732.85,4336958.37,1781632.75
00:25:03.219,18/01/2026,08:55:56,17_T02,39.122684495,10.183422468,0.2,1733.56,66.45,294.912,14.1,38.53,13.44,1732.64,4336958.46,1781632.79
00:25:04.218,18/01/2026,08:55:57,17_T02,39.122685789,10.183424897,0.2,1733.45,66.44,295.163,14.1,38.53,13.44,1732.64,4336958.67,1781632.94
00:25:05.217,18/01/2026,08:55:58,17_T02,39.122686880,10.183426969,0.2,1733.34,66.46,295.377,14.2,38.53,13.44,1732.42,4336958.85,1781633.06
00:25:06.237,18/01/2026,08:55:59,17_T02,39.122687219,10.183427958,0.2,1733.23,66.47,295.470,14.2,38.53,13.44,1732.42,4336958.93,1781633.10
00:25:07.224,18/01/2026,08:56:00,17_T02,39.122687577,10.183428971,0.2,1733.13,66.46,295.567,14.3,38.53,13.46,1732.19,4336959.02,1781633.14
00:25:08.218,18/01/2026,08:56:01,17_T02,39.122687984,10.183429964,0.2,1733.04,66.39,295.664,13.7,38.53,13.46,1732.19,4336959.11,1781633.18
00:25:09.214,18/01/2026,08:56:02,17_T02,39.122687066,10.183430518,0.2,1732.94,66.32,295.667,13.4,38.53,13.46,1731.98,4336959.16,1781633.08
00:25:10.224,18/01/2026,08:56:03,17_T02,39.122686123,10.183430983,0.2,1732.84,66.31,295.661,13.6,38.53,13.46,1731.98,4336959.20,1781632.98
00:25:11.222,18/01/2026,08:56:04,17_T02,39.122686448,10.183431892,0.2,1732.73,66.38,295.748,13.9,38.53,13.45,1731.79,4336959.28,1781633.01
00:25:12.221,18/01/2026,08:56:05,17_T02,39.122686749,10.183432859,0.2,1732.62,66.48,295.838,14.1,38.53,13.45,1731.79,4336959.36,1781633.04
00:25:13.219,18/01/2026,08:56:06,17_T02,39.122687105,10.183433933,0.2,1732.52,66.54,295.940,13.8,38.53,13.45,1731.55,4336959.45,1781633.08
00:25:14.217,18/01/2026,08:56:07,17_T02,39.122687499,10.183435018,0.2,1732.43,66.55,296.044,13.6,38.53,13.45,1731.55,4336959.55,1781633.13
00:25:15.226,18/01/2026,08:56:08,17_T02,39.122687833,10.183436028,0.2,1732.35,66.50,296.139,13.3,38.53,13.45,1731.37,4336959.64,1781633.16
00:25:16.224,18/01/2026,08:56:09,17_T02,39.122688097,10.183436772,0.2,1732.24,66.42,296.210,13.4,38.53,13.45,1731.37,4336959.70,1781633.19
00:25:17.219,18/01/2026,08:56:10,17_T02,39.122688396,10.183437434,0.2,1732.13,66.35,296.276,13.6,38.53,13.44,1731.17,4336959.76,1781633.23
00:25:18.216,18/01/2026,08:56:11,17_T02,39.122688721,10.183438113,0.2,1732.01,66.29,296.345,13.8,38.53,13.44,1731.17,4336959.82,1781633.26
00:25:19.214,18/01/2026,08:56:12,17_T02,39.122689037,10.183438863,0.2,1731.91,66.24,296.418,13.9,38.53,13.44,1730.93,4336959.88,1781633.30
00:25:20.225,18/01/2026,08:56:13,17_T02,39.122689384,10.183439647,0.1,1731.81,66.30,296.496,13.8,38.53,13.44,1730.93,4336959.95,1781633.34
00:25:21.223,18/01/2026,08:56:14,17_T02,39.122689716,10.183440403,0.1,1731.72,66.37,296.571,13.5,38.53,13.44,1730.73,4336960.02,1781633.37
00:25:22.216,18/01/2026,08:56:15,17_T02,39.122689982,10.183441121,0.1,1731.61,66.43,296.640,13.6,38.53,13.44,1730.73,4336960.08,1781633.40
00:25:23.224,18/01/2026,08:56:16,17_T02,39.122690250,10.183441867,0.1,1731.49,66.50,296.712,12.2,38.53,13.45,1730.53,4336960.14,1781633.43
00:25:24.216,18/01/2026,08:56:17,17_T02,39.122690542,10.183442681,0.1,1731.38,66.54,296.789,12.3,38.53,13.45,1730.53,4336960.21,1781633.47
00:25:25.229,18/01/2026,08:56:18,17_T02,39.122690195,10.183441813,0.1,1731.27,66.53,296.705,12.4,38.53,13.44,1730.28,4336960.14,1781633.43
00:25:26.224,18/01/2026,08:56:19,17_T02,39.122689952,10.183441258,0.1,1731.17,66.52,296.650,7.6,38.53,13.44,1730.28,4336960.09,1781633.40
00:25:27.217,18/01/2026,08:56:20,17_T02,39.122690299,10.183442191,0.1,1731.08,66.52,296.740,13.9,38.53,13.44,1730.07,4336960.17,1781633.44
00:25:28.225,18/01/2026,08:56:21,17_T02,39.122690635,10.183443107,0.1,1730.97,66.57,296.827,13.9,38.53,13.44,1730.07,4336960.25,1781633.48
00:25:29.215,18/01/2026,08:56:22,17_T02,39.122690922,10.183443949,0.1,1730.86,66.64,296.907,14.0,38.53,13.45,1729.86,4336960.32,1781633.51
00:25:30.224,18/01/2026,08:56:23,17_T02,39.122691269,10.183444935,0.2,1730.75,66.70,297.001,14.1,38.53,13.45,1729.86,4336960.41,1781633.55
00:25:31.228,18/01/2026,08:56:24,17_T02,39.122691402,10.183446752,0.2,1730.64,66.69,297.152,14.2,38.53,13.44,1729.64,4336960.57,1781633.56
00:25:32.220,18/01/2026,08:56:25,17_T02,39.122691602,10.183448517,0.2,1730.55,66.64,297.301,14.0,38.53,13.44,1729.64,4336960.72,1781633.58
00:25:33.227,18/01/2026,08:56:26,17_T02,39.122692034,10.183449566,0.2,1730.44,66.60,297.404,14.2,38.53,13.44,1729.44,4336960.81,1781633.63
00:25:34.221,18/01/2026,08:56:27,17_T02,39.122692436,10.183450541,0.2,1730.34,66.57,297.499,13.9,38.53,13.44,1729.44,4336960.90,1781633.68
00:25:35.226,18/01/2026,08:56:28,17_T02,39.122692870,10.183451550,0.2,1730.23,66.54,297.599,14.1,38.53,13.44,1729.22,4336960.98,1781633.72
00:25:36.231,18/01/2026,08:56:29,17_T02,39.122694086,10.183454059,0.2,1730.13,66.52,297.853,14.2,38.53,13.44,1729.22,4336961.20,1781633.86
00:25:37.219,18/01/2026,08:56:30,17_T02,39.122695336,10.183456649,0.2,1730.04,66.44,298.115,14.4,38.53,13.44,1729.00,4336961.43,1781634.00
00:25:38.225,18/01/2026,08:56:31,17_T02,39.122695820,10.183457824,0.2,1729.96,66.42,298.230,14.4,38.53,13.44,1729.00,4336961.53,1781634.05
00:25:39.231,18/01/2026,08:56:32,17_T02,39.122696330,10.183459102,0.2,1729.88,66.45,298.355,14.3,38.53,13.44,1728.84,4336961.64,1781634.11
00:25:40.220,18/01/2026,08:56:33,17_T02,39.122696804,10.183460346,0.3,1729.79,66.50,298.475,11.4,38.53,13.44,1728.84,4336961.75,1781634.16
00:25:41.214,18/01/2026,08:56:34,17_T02,39.122697255,10.183461613,0.2,1729.69,66.54,298.596,11.9,38.53,13.43,1728.67,4336961.86,1781634.21
00:25:42.225,18/01/2026,08:56:35,17_T02,39.122697623,10.183462599,0.2,1729.59,66.59,298.691,12.1,38.53,13.43,1728.67,4336961.95,1781634.25
00:25:43.223,18/01/2026,08:56:36,17_T02,39.122698049,10.183463586,0.2,1729.49,66.60,298.788,12.2,38.53,13.43,1728.45,4336962.03,1781634.30
00:25:44.223,18/01/2026,08:56:37,17_T02,39.122698568,10.183464860,0.2,1729.39,66.57,298.913,12.2,38.53,13.43,1728.45,4336962.14,1781634.36
00:25:45.222,18/01/2026,08:56:38,17_T02,39.122699113,10.183466228,0.2,1729.30,66.53,299.046,11.4,38.53,13.43,1728.26,4336962.26,1781634.42
00:25:46.218,18/01/2026,08:56:39,17_T02,39.122699589,10.183467497,0.2,1729.21,66.49,299.168,5.9,38.53,13.43,1728.26,4336962.37,1781634.47
00:25:47.229,18/01/2026,08:56:40,17_T02,39.122699872,10.183468037,0.2,1729.12,66.46,299.224,6.0,38.53,13.43,1728.06,4336962.42,1781634.50
00:25:48.222,18/01/2026,08:56:41,17_T02,39.122700182,10.183468600,0.2,1729.02,66.45,299.283,6.0,38.53,13.43,1728.06,4336962.47,1781634.53
00:25:49.223,18/01/2026,08:56:42,17_T02,39.122700638,10.183469798,0.2,1728.92,66.44,299.398,6.0,38.53,13.43,1727.87,4336962.57,1781634.58
00:25:50.216,18/01/2026,08:56:43,17_T02,39.122701120,10.183471066,0.2,1728.82,66.44,299.521,6.0,38.53,13.43,1727.87,4336962.68,1781634.64
00:25:51.215,18/01/2026,08:56:44,17_T02,39.122701580,10.183472194,0.2,1728.73,66.43,299.631,6.0,38.53,13.43,1727.68,4336962.78,1781634.69
00:25:52.215,18/01/2026,08:56:45,17_T02,39.122701945,10.183473285,0.2,1728.64,66.46,299.734,4.6,38.53,13.43,1727.68,4336962.87,1781634.73
00:25:53.228,18/01/2026,08:56:46,17_T02,39.122703039,10.183475188,0.2,1728.55,66.51,299.935,5.3,38.53,13.44,1727.49,4336963.04,1781634.85
00:25:54.223,18/01/2026,08:56:47,17_T02,39.122704086,10.183476966,0.2,1728.45,66.50,300.123,5.2,38.53,13.44,1727.49,4336963.19,1781634.97
00:25:55.223,18/01/2026,08:56:48,17_T02,39.122704569,10.183478200,0.2,1728.36,66.50,300.243,5.2,38.53,13.44,1727.30,4336963.30,1781635.02
00:25:56.230,18/01/2026,08:56:49,17_T02,39.122705075,10.183479447,0.2,1728.27,66.49,300.365,5.2,38.53,13.44,1727.30,4336963.41,1781635.08
00:25:57.215,18/01/2026,08:56:50,17_T02,39.122705562,10.183480661,0.2,1728.18,66.48,300.483,5.0,38.53,13.44,1727.30,4336963.51,1781635.13
00:25:58.224,18/01/2026,08:56:51,17_T02,39.122706435,10.183480465,0.2,1728.10,66.50,300.507,3.8,38.53,13.44,1727.11,4336963.50,1781635.23
00:25:59.221,18/01/2026,08:56:52,17_T02,39.122707206,10.183480488,0.2,1728.01,66.52,300.543,4.0,38.53,13.44,1727.11,4336963.50,1781635.31
00:26:00.222,18/01/2026,08:56:53,17_T02,39.122707722,10.183481689,0.2,1727.92,66.51,300.662,4.1,38.53,13.44,1726.93,4336963.60,1781635.37
00:26:01.215,18/01/2026,08:56:54,17_T02,39.122708203,10.183482839,0.2,1727.83,66.47,300.775,4.0,38.53,13.44,1726.93,4336963.70,1781635.42
00:26:02.228,18/01/2026,08:56:55,17_T02,39.122708690,10.183484146,0.2,1727.74,66.44,300.901,4.1,38.53,13.44,1726.74,4336963.82,1781635.48
00:26:03.223,18/01/2026,08:56:56,17_T02,39.122709123,10.183485296,0.2,1727.65,66.44,301.012,4.1,38.53,13.44,1726.74,4336963.92,1781635.52
00:26:04.217,18/01/2026,08:56:57,17_T02,39.122708934,10.183484974,0.2,1727.56,66.42,300.978,4.1,38.53,13.44,1726.58,4336963.89,1781635.50
00:26:05.212,18/01/2026,08:56:58,17_T02,39.122708891,10.183484911,0.2,1727.48,66.39,300.971,4.6,38.53,13.44,1726.58,4336963.88,1781635.50
00:26:06.221,18/01/2026,08:56:59,17_T02,39.122709351,10.183486012,0.2,1727.40,66.35,301.079,4.7,38.53,13.44,1726.40,4336963.98,1781635.55
00:26:07.226,18/01/2026,08:57:00,17_T02,39.122709759,10.183487058,0.2,1727.31,66.33,301.180,4.7,38.53,13.44,1726.40,4336964.07,1781635.59
00:26:08.216,18/01/2026,08:57:01,17_T02,39.122710137,10.183488063,0.2,1727.22,66.35,301.277,4.7,38.53,13.44,1726.22,4336964.16,1781635.64
00:26:09.221,18/01/2026,08:57:02,17_T02,39.122711321,10.183489656,0.2,1727.12,66.37,301.457,4.8,38.53,13.44,1726.22,4336964.30,1781635.77
00:26:10.214,18/01/2026,08:57:03,17_T02,39.122712407,10.183491213,0.2,1727.04,66.39,301.630,4.8,38.53,13.44,1726.03,4336964.43,1781635.89
00:26:11.219,18/01/2026,08:57:04,17_T02,39.122712854,10.183492353,0.2,1726.96,66.37,301.740,4.8,38.53,13.44,1726.03,4336964.53,1781635.94
00:26:12.224,18/01/2026,08:57:05,17_T02,39.122713317,10.183493535,0.2,1726.89,66.32,301.855,4.3,38.53,13.44,1725.88,4336964.63,1781635.99
00:26:13.213,18/01/2026,08:57:06,17_T02,39.122713743,10.183494682,0.2,1726.80,66.31,301.965,4.5,38.53,13.44,1725.88,4336964.73,1781636.04
00:26:14.219,18/01/2026,08:57:07,17_T02,39.122713093,10.183494228,0.2,1726.70,66.33,301.900,4.5,38.53,13.44,1725.69,4336964.69,1781635.96
00:26:15.218,18/01/2026,08:57:08,17_T02,39.122712623,10.183494080,0.2,1726.62,66.39,301.867,4.5,38.53,13.44,1725.69,4336964.68,1781635.91
00:26:16.227,18/01/2026,08:57:09,17_T02,39.122713049,10.183495351,0.2,1726.54,66.45,301.987,4.0,38.53,13.44,1725.52,4336964.79,1781635.96
00:26:17.221,18/01/2026,08:57:10,17_T02,39.122713510,10.183496635,0.2,1726.47,66.46,302.110,4.0,38.53,13.44,1725.52,4336964.90,1781636.01
00:26:18.212,18/01/2026,08:57:11,17_T02,39.122714020,10.183497952,0.2,1726.39,66.42,302.238,4.0,38.53,13.44,1725.37,4336965.02,1781636.07
00:26:19.227,18/01/2026,08:57:12,17_T02,39.122714494,10.183499175,0.2,1726.31,66.38,302.356,3.9,38.53,13.44,1725.37,4336965.12,1781636.12
00:26:20.223,18/01/2026,08:57:13,17_T02,39.122715628,10.183501544,0.2,1726.21,66.38,302.595,3.9,38.53,13.44,1725.21,4336965.33,1781636.25
00:26:21.223,18/01/2026,08:57:14,17_T02,39.122716662,10.183503736,0.3,1726.13,66.41,302.816,3.9,38.53,13.44,1725.21,4336965.52,1781636.36
00:26:22.216,18/01/2026,08:57:15,17_T02,39.122717126,10.183505096,0.3,1726.05,66.44,302.945,3.9,38.53,13.44,1725.01,4336965.64,1781636.41
00:26:23.212,18/01/2026,08:57:16,17_T02,39.122717622,10.183506464,0.3,1725.98,66.44,303.076,3.9,38.53,13.44,1725.01,4336965.76,1781636.47
00:26:24.224,18/01/2026,08:57:17,17_T02,39.122718096,10.183507775,0.3,1725.90,66.43,303.201,3.8,38.53,13.44,1724.84,4336965.87,1781636.52
00:26:25.218,18/01/2026,08:57:18,17_T02,39.122719662,10.183510001,0.3,1725.82,66.40,303.449,3.8,38.53,13.44,1724.84,4336966.06,1781636.69
00:26:26.215,18/01/2026,08:57:19,17_T02,39.122721154,10.183512197,0.3,1725.73,66.39,303.691,3.8,38.53,13.44,1724.68,4336966.25,1781636.86
00:26:27.226,18/01/2026,08:57:20,17_T02,39.122721666,10.183513534,0.3,1725.65,66.40,303.820,3.8,38.53,13.44,1724.68,4336966.37,1781636.91
00:26:28.222,18/01/2026,08:57:21,17_T02,39.122722148,10.183514834,0.3,1725.57,66.40,303.945,3.8,38.53,13.43,1724.53,4336966.48,1781636.97
00:26:29.219,18/01/2026,08:57:22,17_T02,39.122722681,10.183516271,0.3,1725.50,66.37,304.083,3.8,38.53,13.43,1724.53,4336966.61,1781637.03
00:26:30.228,18/01/2026,08:57:23,17_T02,39.122723139,10.183517585,0.3,1725.43,66.36,304.208,3.7,38.53,13.43,1724.37,4336966.72,1781637.08
00:26:31.223,18/01/2026,08:57:24,17_T02,39.122722525,10.183518579,0.2,1725.34,66.39,304.259,3.8,38.53,13.43,1724.37,4336966.81,1781637.01
00:26:32.218,18/01/2026,08:57:25,17_T02,39.122722056,10.183519722,0.2,1725.26,66.42,304.329,3.8,38.53,13.43,1724.19,4336966.91,1781636.96
00:26:33.216,18/01/2026,08:57:26,17_T02,39.122722550,10.183521109,0.3,1725.19,66.42,304.461,3.7,38.53,13.43,1724.19,4336967.03,1781637.01
00:26:34.226,18/01/2026,08:57:27,17_T02,39.122723065,10.183522543,0.3,1725.13,66.43,304.598,3.6,38.53,13.43,1724.07,4336967.15,1781637.07
00:26:35.227,18/01/2026,08:57:28,17_T02,39.122723608,10.183524061,0.3,1725.06,66.44,304.743,3.6,38.53,13.43,1724.07,4336967.29,1781637.13
00:26:36.223,18/01/2026,08:57:29,17_T02,39.122723942,10.183525385,0.3,1724.99,66.46,304.864,3.5,38.53,13.45,1723.94,4336967.40,1781637.17
00:26:37.217,18/01/2026,08:57:30,17_T02,39.122724312,10.183526560,0.2,1724.91,66.48,304.974,2.6,38.53,13.45,1723.94,4336967.50,1781637.21
00:26:38.223,18/01/2026,08:57:31,17_T02,39.122724856,10.183527948,0.2,1724.84,66.49,305.108,2.6,38.53,13.45,1723.77,4336967.62,1781637.27
00:26:39.218,18/01/2026,08:57:32,17_T02,39.122725317,10.183529234,0.2,1724.78,66.50,305.231,2.7,38.53,13.45,1723.77,4336967.74,1781637.32
00:26:40.228,18/01/2026,08:57:33,17_T02,39.122725828,10.183530612,0.2,1724.72,66.53,305.364,2.8,38.53,13.45,1723.64,4336967.86,1781637.38
00:26:41.216,18/01/2026,08:57:34,17_T02,39.122726383,10.183532083,0.2,1724.67,66.55,305.506,2.7,38.53,13.45,1723.64,4336967.98,1781637.44
00:26:42.225,18/01/2026,08:57:35,17_T02,39.122727874,10.183534169,0.3,1724.61,66.56,305.739,2.7,38.53,13.45,1723.51,4336968.16,1781637.60
00:26:43.217,18/01/2026,08:57:36,17_T02,39.122729214,10.183536107,0.3,1724.55,66.52,305.953,2.7,38.53,13.45,1723.51,4336968.33,1781637.75
00:26:44.234,18/01/2026,08:57:37,17_T02,39.122729711,10.183537544,0.3,1724.48,66.48,306.089,2.6,38.53,13.44,1723.41,4336968.46,1781637.81
00:26:45.215,18/01/2026,08:57:38,17_T02,39.122730208,10.183538880,0.3,1724.41,66.43,306.218,2.6,38.53,13.44,1723.41,4336968.57,1781637.86
00:26:46.222,18/01/2026,08:57:39,17_T02,39.122730748,10.183540268,0.3,1724.34,66.40,306.352,2.6,38.53,13.44,1723.24,4336968.69,1781637.92
00:26:47.224,18/01/2026,08:57:40,17_T02,39.122731863,10.183543543,0.3,1724.27,66.38,306.663,2.6,38.53,13.44,1723.24,4336968.98,1781638.05
00:26:48.215,18/01/2026,08:57:41,17_T02,39.122732857,10.183546459,0.3,1724.21,66.33,306.939,2.1,38.53,13.44,1723.12,4336969.23,1781638.16
00:26:49.225,18/01/2026,08:57:42,17_T02,39.122733384,10.183547831,0.3,1724.15,66.26,307.072,2.1,38.53,13.44,1723.12,4336969.35,1781638.21
00:26:50.215,18/01/2026,08:57:43,17_T02,39.122733893,10.183549245,0.3,1724.08,66.26,307.207,2.2,38.53,13.43,1723.01,4336969.47,1781638.27
00:26:51.226,18/01/2026,08:57:44,17_T02,39.122734392,10.183550795,0.3,1723.99,66.34,307.353,2.1,38.53,13.43,1723.01,4336969.61,1781638.33
00:26:52.219,18/01/2026,08:57:45,17_T02,39.122733960,10.183551512,0.3,1723.91,66.44,307.390,2.3,38.53,13.44,1722.81,4336969.67,1781638.28
00:26:53.215,18/01/2026,08:57:46,17_T02,39.122733724,10.183552406,0.2,1723.84,66.52,307.451,2.3,38.53,13.44,1722.81,4336969.75,1781638.25
00:26:54.213,18/01/2026,08:57:47,17_T02,39.122734286,10.183553964,0.2,1723.79,66.49,307.600,2.3,38.53,13.44,1722.81,4336969.89,1781638.32
00:26:55.225,18/01/2026,08:57:48,17_T02,39.122734865,10.183555473,0.3,1723.73,66.39,307.746,2.3,38.53,13.44,1722.70,4336970.02,1781638.38
00:26:56.222,18/01/2026,08:57:49,17_T02,39.122735334,10.183556822,0.3,1723.66,66.34,307.874,2.4,38.53,13.44,1722.70,4336970.13,1781638.43
00:26:57.215,18/01/2026,08:57:50,17_T02,39.122735760,10.183558159,0.2,1723.58,66.33,307.999,2.4,38.53,13.45,1722.57,4336970.25,1781638.48
00:26:58.224,18/01/2026,08:57:51,17_T02,39.122736187,10.183559456,0.3,1723.49,66.37,308.122,2.5,38.53,13.45,1722.57,4336970.36,1781638.53
00:26:59.223,18/01/2026,08:57:52,17_T02,39.122736588,10.183560722,0.2,1723.42,66.42,308.240,2.5,38.53,13.45,1722.41,4336970.47,1781638.57
00:27:00.221,18/01/2026,08:57:53,17_T02,39.122737098,10.183562285,0.2,1723.36,66.45,308.387,2.5,38.53,13.45,1722.41,4336970.61,1781638.63
00:27:01.213,18/01/2026,08:57:54,17_T02,39.122737564,10.183563672,0.2,1723.30,66.42,308.518,2.5,38.53,13.46,1722.25,4336970.73,1781638.68
00:27:02.225,18/01/2026,08:57:55,17_T02,39.122738127,10.183565170,0.3,1723.23,66.38,308.663,2.5,38.53,13.46,1722.25,4336970.86,1781638.74
00:27:03.226,18/01/2026,08:57:56,17_T02,39.122740251,10.183567045,0.3,1723.16,66.34,308.907,2.5,38.53,13.46,1722.13,4336971.02,1781638.98
00:27:04.223,18/01/2026,08:57:57,17_T02,39.122742061,10.183568785,0.3,1723.08,66.36,309.127,2.6,38.53,13.46,1722.13,4336971.17,1781639.18
00:27:05.218,18/01/2026,08:57:58,17_T02,39.122742490,10.183570139,0.3,1723.00,66.41,309.254,2.7,38.52,13.45,1721.97,4336971.29,1781639.22
00:27:06.226,18/01/2026,08:57:59,17_T02,39.122742957,10.183571489,0.3,1722.93,66.47,309.382,2.6,38.52,13.45,1721.97,4336971.41,1781639.28
00:27:07.225,18/01/2026,08:58:00,17_T02,39.122743424,10.183572853,0.3,1722.86,66.46,309.512,2.6,38.53,13.44,1721.82,4336971.53,1781639.33
00:27:08.220,18/01/2026,08:58:01,17_T02,39.122743911,10.183574141,0.2,1722.79,66.43,309.636,2.7,38.53,13.44,1721.82,4336971.64,1781639.38
00:27:09.215,18/01/2026,08:58:02,17_T02,39.122744354,10.183575438,0.2,1722.70,66.42,309.759,2.7,38.53,13.45,1721.68,4336971.75,1781639.43
00:27:10.225,18/01/2026,08:58:03,17_T02,39.122744769,10.183576640,0.2,1722.62,66.42,309.873,2.7,38.53,13.45,1721.68,4336971.86,1781639.48
00:27:11.217,18/01/2026,08:58:04,17_T02,39.122745221,10.183577923,0.2,1722.55,66.42,309.995,2.8,38.53,13.45,1721.50,4336971.97,1781639.53
00:27:12.212,18/01/2026,08:58:05,17_T02,39.122745719,10.183579256,0.2,1722.48,66.42,310.124,2.8,38.53,13.45,1721.50,4336972.08,1781639.58
00:27:13.221,18/01/2026,08:58:06,17_T02,39.122746212,10.183580709,0.2,1722.40,66.48,310.261,2.9,38.53,13.45,1721.35,4336972.21,1781639.64
00:27:14.214,18/01/2026,08:58:07,17_T02,39.122746491,10.183581771,0.2,1722.32,66.57,310.358,2.9,38.53,13.45,1721.35,4336972.30,1781639.67
00:27:15.216,18/01/2026,08:58:08,17_T02,39.122746795,10.183582921,0.2,1722.24,66.66,310.463,2.9,38.53,13.45,1721.19,4336972.40,1781639.70
00:27:16.221,18/01/2026,08:58:09,17_T02,39.122747250,10.183584361,0.2,1722.16,66.72,310.598,2.9,38.53,13.45,1721.19,4336972.53,1781639.75
00:27:17.217,18/01/2026,08:58:10,17_T02,39.122747732,10.183585770,0.2,1722.08,66.70,310.732,2.9,38.53,13.45,1721.04,4336972.65,1781639.81
00:27:18.223,18/01/2026,08:58:11,17_T02,39.122748249,10.183587233,0.2,1722.01,66.60,310.871,2.9,38.53,13.45,1721.04,4336972.78,1781639.86
00:27:19.218,18/01/2026,08:58:12,17_T02,39.122748725,10.183588557,0.2,1721.94,66.48,310.998,3.0,38.53,13.45,1720.89,4336972.89,1781639.92
00:27:20.226,18/01/2026,08:58:13,17_T02,39.122748384,10.183589671,0.3,1721.86,66.42,311.071,3.0,38.53,13.45,1720.89,4336972.99,1781639.88
00:27:21.221,18/01/2026,08:58:14,17_T02,39.122748125,10.183590687,0.2,1721.79,66.36,311.140,3.1,38.53,13.45,1720.72,4336973.08,1781639.85
00:27:22.218,18/01/2026,08:58:15,17_T02,39.122748522,10.183592113,0.2,1721.72,66.44,311.271,3.2,38.53,13.45,1720.72,4336973.20,1781639.89
00:27:23.228,18/01/2026,08:58:16,17_T02,39.122748984,10.183593585,0.2,1721.67,66.50,311.409,3.1,38.53,13.44,1720.60,4336973.33,1781639.95
00:27:24.226,18/01/2026,08:58:17,17_T02,39.122749412,10.183595042,0.2,1721.62,66.53,311.544,3.0,38.53,13.44,1720.60,4336973.46,1781639.99
00:27:25.218,18/01/2026,08:58:18,17_T02,39.122749178,10.183595596,0.2,1721.56,66.55,311.577,3.0,38.53,13.44,1720.49,4336973.50,1781639.97
00:27:26.219,18/01/2026,08:58:19,17_T02,39.122749036,10.183596088,0.2,1721.50,66.51,311.610,3.1,38.53,13.44,1720.49,4336973.55,1781639.95
00:27:27.217,18/01/2026,08:58:20,17_T02,39.122749471,10.183597439,0.2,1721.44,66.47,311.737,3.0,38.53,13.44,1720.37,4336973.66,1781640.00
00:27:28.215,18/01/2026,08:58:21,17_T02,39.122749836,10.183598674,0.2,1721.37,66.47,311.851,3.0,38.53,13.44,1720.37,4336973.77,1781640.04
00:27:29.228,18/01/2026,08:58:22,17_T02,39.122750210,10.183600046,0.2,1721.30,66.48,311.977,3.1,38.53,13.44,1720.25,4336973.89,1781640.08
00:27:30.224,18/01/2026,08:58:23,17_T02,39.122750601,10.183601259,0.2,1721.25,66.47,312.091,3.1,38.53,13.44,1720.25,4336974.00,1781640.13
00:27:31.224,18/01/2026,08:58:24,17_T02,39.122751056,10.183602472,0.2,1721.21,66.41,312.208,3.0,38.53,13.44,1720.11,4336974.10,1781640.18
00:27:32.220,18/01/2026,08:58:25,17_T02,39.122751531,10.183603749,0.2,1721.19,66.30,312.331,3.0,38.53,13.44,1720.11,4336974.21,1781640.23
00:27:33.219,18/01/2026,08:58:26,17_T02,39.122751964,10.183605030,0.2,1721.17,66.20,312.452,2.9,38.53,13.45,1720.07,4336974.32,1781640.28
00:27:34.215,18/01/2026,08:58:27,17_T02,39.122752340,10.183606092,0.2,1721.18,66.08,312.554,2.9,38.53,13.45,1720.07,4336974.42,1781640.32
00:27:35.213,18/01/2026,08:58:28,17_T02,39.122752725,10.183607206,0.2,1721.19,66.04,312.659,2.8,38.53,13.44,1720.07,4336974.51,1781640.36
00:27:36.212,18/01/2026,08:58:29,17_T02,39.122752772,10.183608378,0.2,1721.20,66.20,312.755,2.7,38.53,13.44,1720.07,4336974.62,1781640.37
00:27:37.220,18/01/2026,08:58:30,17_T02,39.122752797,10.183609734,0.2,1721.21,66.45,312.863,2.7,38.53,13.43,1720.10,4336974.73,1781640.37
00:27:38.214,18/01/2026,08:58:31,17_T02,39.122753038,10.183611015,0.2,1721.22,66.71,312.976,2.6,38.53,13.43,1720.10,4336974.84,1781640.40
00:27:39.228,18/01/2026,08:58:32,17_T02,39.122753341,10.183612362,0.2,1721.23,66.89,313.097,2.6,38.53,13.43,1720.11,4336974.96,1781640.43
00:27:40.224,18/01/2026,08:58:33,17_T02,39.122753723,10.183613533,0.2,1721.24,66.91,313.207,2.5,38.53,13.43,1720.11,4336975.06,1781640.47
00:27:41.227,18/01/2026,08:58:34,17_T02,39.122753249,10.183612623,0.2,1721.24,66.82,313.113,2.5,38.53,13.43,1720.13,4336974.98,1781640.42
00:27:42.222,18/01/2026,08:58:35,17_T02,39.122752982,10.183612179,0.2,1721.23,66.67,313.066,2.4,38.53,13.43,1720.13,4336974.95,1781640.39
00:27:43.214,18/01/2026,08:58:36,17_T02,39.122753364,10.183613293,0.2,1721.23,66.53,313.172,2.4,38.53,13.43,1720.13,4336975.04,1781640.43
00:27:44.224,18/01/2026,08:58:37,17_T02,39.122753794,10.183614504,0.2,1721.23,66.45,313.287,2.3,38.53,13.43,1720.13,4336975.15,1781640.48
00:27:45.215,18/01/2026,08:58:38,17_T02,39.122754219,10.183615772,0.2,1721.25,66.42,313.407,2.2,38.53,13.43,1720.15,4336975.26,1781640.53
00:27:46.224,18/01/2026,08:58:39,17_T02,39.122754588,10.183617014,0.2,1721.27,66.41,313.522,2.1,38.53,13.43,1720.15,4336975.37,1781640.57
00:27:47.214,18/01/2026,08:58:40,17_T02,39.122754298,10.183617864,0.2,1721.29,66.47,313.577,2.0,38.53,13.43,1720.19,4336975.44,1781640.54
00:27:48.219,18/01/2026,08:58:41,17_T02,39.122754067,10.183618685,0.2,1721.28,66.58,313.631,2.0,38.53,13.43,1720.19,4336975.51,1781640.51
00:27:49.213,18/01/2026,08:58:42,17_T02,39.122754356,10.183619707,0.2,1721.26,66.67,313.726,2.0,38.53,13.43,1720.19,4336975.60,1781640.54
00:27:50.220,18/01/2026,08:58:43,17_T02,39.122754669,10.183620860,0.2,1721.24,66.72,313.831,2.0,38.53,13.43,1720.18,4336975.70,1781640.58
00:27:51.212,18/01/2026,08:58:44,17_T02,39.122755040,10.183622058,0.2,1721.22,66.71,313.943,1.6,38.53,13.43,1720.18,4336975.80,1781640.62
00:27:52.218,18/01/2026,08:58:45,17_T02,39.122755493,10.183622886,0.2,1721.22,66.60,314.029,1.6,38.53,13.44,1720.14,4336975.88,1781640.67
00:27:53.217,18/01/2026,08:58:46,17_T02,39.122755893,10.183623604,0.2,1721.22,66.44,314.104,1.5,38.53,13.44,1720.14,4336975.94,1781640.71
00:27:54.228,18/01/2026,08:58:47,17_T02,39.122756253,10.183624735,0.2,1721.21,66.31,314.210,1.4,38.53,13.44,1720.12,4336976.04,1781640.75
00:27:55.223,18/01/2026,08:58:48,17_T02,39.122756453,10.183625767,0.2,1721.17,66.32,314.301,1.5,38.53,13.44,1720.12,4336976.13,1781640.78
00:27:56.216,18/01/2026,08:58:49,17_T02,39.122756656,10.183626789,0.2,1721.12,66.43,314.392,1.6,38.53,13.44,1720.10,4336976.22,1781640.80
00:27:57.212,18/01/2026,08:58:50,17_T02,39.122756974,10.183627979,0.2,1721.08,66.55,314.501,1.5,38.53,13.44,1720.10,4336976.32,1781640.83
00:27:58.225,18/01/2026,08:58:51,17_T02,39.122757965,10.183628845,0.2,1721.06,66.63,314.614,1.5,38.53,13.43,1720.00,4336976.39,1781640.94
00:27:59.221,18/01/2026,08:58:52,17_T02,39.122758814,10.183629770,0.2,1721.05,66.62,314.726,1.6,38.53,13.43,1720.00,4336976.47,1781641.04
00:28:00.217,18/01/2026,08:58:53,17_T02,39.122759162,10.183631017,0.2,1721.02,66.60,314.840,1.5,38.53,13.43,1719.98,4336976.58,1781641.08
00:28:01.227,18/01/2026,08:58:54,17_T02,39.122759451,10.183632158,0.2,1720.97,66.59,314.944,1.6,38.53,13.43,1719.98,4336976.68,1781641.11
00:28:02.232,18/01/2026,08:58:55,17_T02,39.122759748,10.183633270,0.2,1720.90,66.60,315.046,1.6,38.53,13.43,1719.90,4336976.78,1781641.14
00:28:03.221,18/01/2026,08:58:56,17_T02,39.122760367,10.183634301,0.2,1720.84,66.60,315.156,1.7,38.53,13.43,1719.90,4336976.87,1781641.21
00:28:04.216,18/01/2026,08:58:57,17_T02,39.122761078,10.183635480,0.2,1720.79,66.58,315.281,1.8,38.53,13.44,1719.76,4336976.97,1781641.29
00:28:05.218,18/01/2026,08:58:58,17_T02,39.122761525,10.183636904,0.2,1720.75,66.56,315.415,1.8,38.53,13.44,1719.76,4336977.09,1781641.34
00:28:06.225,18/01/2026,08:58:59,17_T02,39.122761947,10.183638305,0.2,1720.71,66.52,315.545,1.8,38.53,13.44,1719.68,4336977.22,1781641.39
00:28:07.219,18/01/2026,08:59:00,17_T02,39.122762398,10.183639630,0.2,1720.65,66.50,315.671,1.7,38.53,13.44,1719.68,4336977.33,1781641.44
00:28:08.214,18/01/2026,08:59:01,17_T02,39.122762345,10.183640637,0.2,1720.59,66.45,315.748,1.7,38.53,13.44,1719.58,4336977.42,1781641.43
00:28:09.227,18/01/2026,08:59:02,17_T02,39.122762374,10.183641747,0.2,1720.54,66.44,315.837,1.8,38.53,13.44,1719.58,4336977.52,1781641.43
00:28:10.220,18/01/2026,08:59:03,17_T02,39.122762753,10.183643032,0.2,1720.52,66.44,315.957,1.8,38.53,13.44,1719.47,4336977.63,1781641.48
00:28:11.216,18/01/2026,08:59:04,17_T02,39.122763081,10.183644243,0.2,1720.49,66.47,316.068,1.8,38.53,13.44,1719.47,4336977.73,1781641.51
00:28:12.213,18/01/2026,08:59:05,17_T02,39.122763446,10.183645445,0.2,1720.47,66.48,316.179,1.7,38.53,13.44,1719.41,4336977.84,1781641.55
00:28:13.221,18/01/2026,08:59:06,17_T02,39.122763903,10.183646733,0.2,1720.45,66.50,316.302,1.7,38.53,13.44,1719.41,4336977.95,1781641.60
00:28:14.215,18/01/2026,08:59:07,17_T02,39.122765287,10.183649166,0.2,1720.43,66.49,316.558,1.8,38.53,13.44,1719.37,4336978.16,1781641.76
00:28:15.226,18/01/2026,08:59:08,17_T02,39.122766459,10.183651450,0.2,1720.43,66.46,316.792,1.5,38.53,13.44,1719.37,4336978.36,1781641.89
00:28:16.222,18/01/2026,08:59:09,17_T02,39.122766792,10.183652648,0.2,1720.42,66.41,316.902,1.5,38.53,13.44,1719.35,4336978.46,1781641.92
00:28:17.224,18/01/2026,08:59:10,17_T02,39.122767037,10.183653954,0.2,1720.41,66.42,317.017,1.7,38.53,13.44,1719.35,4336978.58,1781641.95
00:28:18.222,18/01/2026,08:59:11,17_T02,39.122767319,10.183655199,0.2,1720.37,66.45,317.129,1.7,38.53,13.44,1719.33,4336978.69,1781641.98
00:28:19.213,18/01/2026,08:59:12,17_T02,39.122768292,10.183656721,0.2,1720.34,66.46,317.294,1.7,38.53,13.44,1719.33,4336978.82,1781642.09
00:28:20.216,18/01/2026,08:59:13,17_T02,39.122769235,10.183658341,0.2,1720.31,66.47,317.465,1.7,38.53,13.44,1719.25,4336978.96,1781642.19
00:28:21.224,18/01/2026,08:59:14,17_T02,39.122769595,10.183659583,0.2,1720.30,66.45,317.580,1.6,38.53,13.44,1719.25,4336979.07,1781642.23
00:28:22.214,18/01/2026,08:59:15,17_T02,39.122769909,10.183660848,0.2,1720.27,66.46,317.694,1.6,38.53,13.44,1719.22,4336979.18,1781642.27
00:28:23.220,18/01/2026,08:59:16,17_T02,39.122770238,10.183662069,0.2,1720.23,66.52,317.806,1.6,38.53,13.44,1719.22,4336979.28,1781642.31
00:28:24.218,18/01/2026,08:59:17,17_T02,39.122770571,10.183663208,0.2,1720.18,66.57,317.911,1.7,38.53,13.43,1719.14,4336979.38,1781642.34
00:28:25.225,18/01/2026,08:59:18,17_T02,39.122771295,10.183664229,0.2,1720.14,66.58,318.025,1.7,38.53,13.43,1719.14,4336979.47,1781642.42
00:28:26.218,18/01/2026,08:59:19,17_T02,39.122771968,10.183665217,0.2,1720.13,66.54,318.134,1.7,38.53,13.43,1719.04,4336979.56,1781642.50
00:28:27.224,18/01/2026,08:59:20,17_T02,39.122772440,10.183666513,0.2,1720.14,66.43,318.258,1.7,38.53,13.43,1719.04,4336979.67,1781642.55
00:28:28.223,18/01/2026,08:59:21,17_T02,39.122772889,10.183667747,0.2,1720.14,66.31,318.376,1.7,38.53,13.43,1719.07,4336979.78,1781642.60
00:28:29.215,18/01/2026,08:59:22,17_T02,39.122773270,10.183668892,0.2,1720.14,66.24,318.485,1.7,38.53,13.43,1719.07,4336979.88,1781642.64
00:28:30.213,18/01/2026,08:59:23,17_T02,39.122773617,10.183669981,0.2,1720.13,66.25,318.587,1.7,38.53,13.43,1719.09,4336979.97,1781642.68
00:28:31.226,18/01/2026,08:59:24,17_T02,39.122773944,10.183671185,0.2,1720.12,66.31,318.697,1.7,38.53,13.43,1719.09,4336980.07,1781642.72
00:28:32.225,18/01/2026,08:59:25,17_T02,39.122774293,10.183672428,0.2,1720.12,66.39,318.812,1.6,38.53,13.43,1719.05,4336980.18,1781642.75
00:28:33.236,18/01/2026,08:59:26,17_T02,39.122774606,10.183673658,0.2,1720.12,66.49,318.923,1.6,38.53,13.43,1719.05,4336980.29,1781642.79
00:28:34.223,18/01/2026,08:59:27,17_T02,39.122774899,10.183674864,0.2,1720.11,66.57,319.032,1.6,38.53,13.43,1719.04,4336980.39,1781642.82
00:28:35.219,18/01/2026,08:59:28,17_T02,39.122775160,10.183675895,0.2,1720.09,66.58,319.126,1.6,38.53,13.43,1719.04,4336980.48,1781642.85
00:28:36.217,18/01/2026,08:59:29,17_T02,39.122776003,10.183677015,0.2,1720.08,66.54,319.253,1.6,38.53,13.43,1719.00,4336980.58,1781642.94
00:28:37.227,18/01/2026,08:59:30,17_T02,39.122776740,10.183678211,0.2,1720.09,66.61,319.381,1.6,38.53,13.43,1719.00,4336980.69,1781643.03
00:28:38.226,18/01/2026,08:59:31,17_T02,39.122776832,10.183679639,0.2,1720.12,67.29,319.499,1.6,38.53,13.43,1719.04,4336980.81,1781643.04
00:28:39.225,18/01/2026,08:59:32,17_T02,39.122776827,10.183681050,0.2,1720.15,68.08,319.610,1.5,38.53,13.43,1719.04,4336980.93,1781643.04
00:28:40.222,18/01/2026,08:59:33,17_T02,39.122776771,10.183682426,0.2,1720.17,68.80,319.717,1.5,38.53,13.43,1719.10,4336981.05,1781643.03
00:28:41.219,18/01/2026,08:59:34,17_T02,39.122778162,10.183684715,0.2,1720.14,69.33,319.962,1.4,38.53,13.43,1719.10,4336981.25,1781643.18
00:28:42.227,18/01/2026,08:59:35,17_T02,39.122779385,10.183686682,0.2,1720.09,69.62,320.173,1.5,38.53,13.43,1719.05,4336981.42,1781643.32
00:28:43.225,18/01/2026,08:59:36,17_T02,39.122779679,10.183687729,0.2,1720.04,69.58,320.269,1.5,38.53,13.43,1719.05,4336981.51,1781643.35
00:28:44.220,18/01/2026,08:59:37,17_T02,39.122780149,10.183688853,0.2,1720.01,69.32,320.380,1.5,38.53,13.43,1718.95,4336981.61,1781643.40
00:28:45.215,18/01/2026,08:59:38,17_T02,39.122780728,10.183690136,0.2,1719.99,68.93,320.508,1.6,38.53,13.43,1718.95,4336981.72,1781643.47
00:28:46.224,18/01/2026,08:59:39,17_T02,39.122781278,10.183691326,0.2,1719.98,68.52,320.627,1.5,38.53,13.43,1718.94,4336981.82,1781643.53
00:28:47.216,18/01/2026,08:59:40,17_T02,39.122782610,10.183693583,0.2,1719.96,68.22,320.867,1.5,38.53,13.43,1718.94,4336982.02,1781643.68
00:28:48.222,18/01/2026,08:59:41,17_T02,39.122783662,10.183695583,0.2,1719.91,68.14,321.073,1.5,38.53,13.43,1718.94,4336982.19,1781643.79
00:28:49.226,18/01/2026,08:59:42,17_T02,39.122783796,10.183696405,0.2,1719.84,68.23,321.144,1.6,38.53,13.43,1718.88,4336982.27,1781643.81
00:28:50.218,18/01/2026,08:59:43,17_T02,39.122783953,10.183697306,0.2,1719.78,68.36,321.223,1.6,38.53,13.43,1718.88,4336982.34,1781643.83
00:28:51.212,18/01/2026,08:59:44,17_T02,39.122784223,10.183698452,0.2,1719.75,68.50,321.326,1.6,38.53,13.43,1718.72,4336982.44,1781643.86
00:28:52.219,18/01/2026,08:59:45,17_T02,39.122785429,10.183700946,0.2,1719.74,68.62,321.578,1.6,38.53,13.43,1718.72,4336982.66,1781643.99
00:28:53.224,18/01/2026,08:59:46,17_T02,39.122786306,10.183703183,0.3,1719.74,68.98,321.796,1.6,38.53,13.43,1718.68,4336982.86,1781644.09
00:28:54.216,18/01/2026,08:59:47,17_T02,39.122786188,10.183704431,0.2,1719.72,69.76,321.889,1.6,38.53,13.43,1718.68,4336982.96,1781644.07
00:28:55.212,18/01/2026,08:59:48,17_T02,39.122785989,10.183705387,0.2,1719.67,70.59,321.956,1.6,38.53,13.44,1718.68,4336983.05,1781644.05
00:28:56.218,18/01/2026,08:59:49,17_T02,39.122785581,10.183706423,0.2,1719.61,71.77,322.020,1.6,38.53,13.44,1718.68,4336983.14,1781644.01
00:28:57.224,18/01/2026,08:59:50,17_T02,39.122785319,10.183707473,0.2,1719.57,72.78,322.092,1.7,38.53,13.44,1718.56,4336983.23,1781643.98
00:28:58.220,18/01/2026,08:59:51,17_T02,39.122785369,10.183708707,0.2,1719.56,73.31,322.192,1.7,38.53,13.44,1718.56,4336983.34,1781643.98
00:28:59.215,18/01/2026,08:59:52,17_T02,39.122785588,10.183709913,0.2,1719.57,73.49,322.298,1.6,38.53,13.44,1718.50,4336983.44,1781644.01
00:29:00.214,18/01/2026,08:59:53,17_T02,39.122785829,10.183710992,0.2,1719.57,73.46,322.394,1.6,38.53,13.44,1718.50,4336983.53,1781644.04
00:29:01.223,18/01/2026,08:59:54,17_T02,39.122786054,10.183711856,0.2,1719.53,73.33,322.473,1.6,38.53,13.43,1718.52,4336983.61,1781644.06
00:29:02.216,18/01/2026,08:59:55,17_T02,39.122786305,10.183712567,0.2,1719.48,73.12,322.541,1.6,38.53,13.43,1718.52,4336983.67,1781644.09
00:29:03.212,18/01/2026,08:59:56,17_T02,39.122786892,10.183714363,0.2,1719.45,72.85,322.710,1.6,38.53,13.43,1718.43,4336983.83,1781644.15
00:29:04.217,18/01/2026,08:59:57,17_T02,39.122787454,10.183716122,0.2,1719.44,72.52,322.875,1.6,38.53,13.43,1718.43,4336983.98,1781644.22
00:29:05.217,18/01/2026,08:59:58,17_T02,39.122787598,10.183717242,0.2,1719.45,72.67,322.970,1.6,38.53,13.44,1718.39,4336984.08,1781644.23
00:29:06.219,18/01/2026,08:59:59,17_T02,39.122787448,10.183718424,0.2,1719.45,73.32,323.057,1.6,38.53,13.44,1718.39,4336984.18,1781644.22
00:29:07.213,18/01/2026,09:00:00,17_T02,39.122787196,10.183719474,0.2,1719.42,74.06,323.129,1.6,38.53,13.43,1718.39,4336984.27,1781644.19
00:29:08.227,18/01/2026,09:00:01,17_T02,39.122786241,10.183720985,0.2,1719.38,74.74,323.206,1.6,38.53,13.43,1718.39,4336984.40,1781644.08
00:29:09.213,18/01/2026,09:00:02,17_T02,39.122785580,10.183722298,0.2,1719.34,75.18,323.281,1.6,38.53,13.43,1718.32,4336984.52,1781644.01
00:29:10.224,18/01/2026,09:00:03,17_T02,39.122785617,10.183723280,0.2,1719.32,75.41,323.360,1.6,38.53,13.43,1718.32,4336984.60,1781644.01
00:29:11.223,18/01/2026,09:00:04,17_T02,39.122785773,10.183724300,0.2,1719.31,75.42,323.449,1.6,38.53,13.44,1718.26,4336984.69,1781644.03
00:29:12.219,18/01/2026,09:00:05,17_T02,39.122786019,10.183725272,0.2,1719.31,75.23,323.537,1.6,38.53,13.44,1718.26,4336984.78,1781644.06
00:29:13.214,18/01/2026,09:00:06,17_T02,39.122786277,10.183726092,0.2,1719.29,74.93,323.614,1.6,38.53,13.44,1718.26,4336984.85,1781644.09
00:29:14.224,18/01/2026,09:00:07,17_T02,39.122784971,10.183726727,0.2,1719.28,74.59,323.605,1.6,38.53,13.44,1718.26,4336984.90,1781643.94
00:29:15.221,18/01/2026,09:00:08,17_T02,39.122783914,10.183727315,0.2,1719.29,74.25,323.604,1.6,38.53,13.44,1718.20,4336984.96,1781643.83
00:29:16.219,18/01/2026,09:00:09,17_T02,39.122784076,10.183728121,0.2,1719.32,74.15,323.675,1.5,38.53,13.44,1718.20,4336985.03,1781643.85
00:29:17.213,18/01/2026,09:00:10,17_T02,39.122783981,10.183729102,0.2,1719.37,74.66,323.749,1.5,38.53,13.43,1718.28,4336985.11,1781643.84
00:29:18.225,18/01/2026,09:00:11,17_T02,39.122783738,10.183730115,0.2,1719.42,75.52,323.818,1.4,38.53,13.43,1718.28,4336985.20,1781643.81
00:29:19.224,18/01/2026,09:00:12,17_T02,39.122784436,10.183731548,0.2,1719.44,76.45,323.964,1.3,38.53,13.43,1718.36,4336985.32,1781643.89
00:29:20.217,18/01/2026,09:00:13,17_T02,39.122784939,10.183732680,0.2,1719.43,77.22,324.076,1.3,38.53,13.43,1718.36,4336985.42,1781643.94
00:29:21.226,18/01/2026,09:00:14,17_T02,39.122784130,10.183733579,0.2,1719.39,78.85,324.111,1.3,38.53,13.43,1718.37,4336985.50,1781643.85
00:29:22.226,18/01/2026,09:00:15,17_T02,39.122783356,10.183734485,0.2,1719.36,80.56,324.148,1.4,38.53,13.43,1718.37,4336985.58,1781643.77
00:29:23.218,18/01/2026,09:00:16,17_T02,39.122782859,10.183735408,0.2,1719.34,81.75,324.199,1.3,38.53,13.44,1718.30,4336985.66,1781643.71
00:29:24.227,18/01/2026,09:00:17,17_T02,39.122782633,10.183736383,0.2,1719.33,82.31,324.266,1.3,38.53,13.44,1718.30,4336985.74,1781643.69
00:29:25.213,18/01/2026,09:00:18,17_T02,39.122783041,10.183737314,0.2,1719.32,82.35,324.359,1.3,38.53,13.44,1718.27,4336985.83,1781643.73
00:29:26.217,18/01/2026,09:00:19,17_T02,39.122783563,10.183738149,0.2,1719.28,82.00,324.449,1.3,38.53,13.44,1718.27,4336985.90,1781643.79
00:29:27.224,18/01/2026,09:00:20,17_T02,39.122783851,10.183738832,0.1,1719.23,81.46,324.516,1.3,38.53,13.44,1718.20,4336985.96,1781643.82
00:29:28.216,18/01/2026,09:00:21,17_T02,39.122784168,10.183739568,0.1,1719.18,80.90,324.589,1.4,38.53,13.44,1718.20,4336986.02,1781643.86
00:29:29.224,18/01/2026,09:00:22,17_T02,39.122784415,10.183740460,0.1,1719.16,80.42,324.671,1.4,38.53,13.45,1718.11,4336986.10,1781643.89
00:29:30.218,18/01/2026,09:00:23,17_T02,39.122785318,10.183742801,0.2,1719.15,79.99,324.897,1.4,38.53,13.45,1718.11,4336986.30,1781643.99
00:29:31.224,18/01/2026,09:00:24,17_T02,39.122785966,10.183744764,0.2,1719.14,79.69,325.082,1.4,38.53,13.44,1718.10,4336986.47,1781644.06
00:29:32.218,18/01/2026,09:00:25,17_T02,39.122785930,10.183745741,0.2,1719.12,79.66,325.158,1.3,38.53,13.44,1718.10,4336986.56,1781644.05
00:29:33.213,18/01/2026,09:00:26,17_T02,39.122785761,10.183746670,0.2,1719.07,79.92,325.224,1.4,38.53,13.44,1718.04,4336986.64,1781644.04
00:29:34.225,18/01/2026,09:00:27,17_T02,39.122785583,10.183747591,0.2,1719.03,80.33,325.290,1.4,38.53,13.44,1718.04,4336986.72,1781644.02
00:29:35.218,18/01/2026,09:00:28,17_T02,39.122784563,10.183747099,0.2,1719.01,80.66,325.204,1.4,38.53,13.45,1717.96,4336986.68,1781643.90
00:29:36.221,18/01/2026,09:00:29,17_T02,39.122783592,10.183746792,0.2,1719.01,80.84,325.136,1.4,38.53,13.45,1717.96,4336986.65,1781643.80
00:29:37.217,18/01/2026,09:00:30,17_T02,39.122783561,10.183747937,0.2,1719.01,80.88,325.226,1.4,38.53,13.44,1717.95,4336986.75,1781643.79
00:29:38.227,18/01/2026,09:00:31,17_T02,39.122783574,10.183748959,0.2,1718.99,80.78,325.308,1.4,38.53,13.44,1717.95,4336986.84,1781643.79
00:29:39.223,18/01/2026,09:00:32,17_T02,39.122783640,10.183749862,0.2,1718.95,80.60,325.382,1.4,38.53,13.44,1717.92,4336986.92,1781643.80
00:29:40.219,18/01/2026,09:00:33,17_T02,39.122783774,10.183750783,0.2,1718.92,80.36,325.461,1.4,38.53,13.44,1717.92,4336987.00,1781643.82
00:29:41.213,18/01/2026,09:00:34,17_T02,39.122783938,10.183751559,0.2,1718.90,80.19,325.530,1.4,38.53,13.44,1717.86,4336987.06,1781643.84
00:29:42.226,18/01/2026,09:00:35,17_T02,39.122784012,10.183752499,0.2,1718.90,80.11,325.608,1.4,38.53,13.44,1717.86,4336987.15,1781643.84
00:29:43.224,18/01/2026,09:00:36,17_T02,39.122783987,10.183753683,0.2,1718.89,80.14,325.701,1.4,38.53,13.43,1717.85,4336987.25,1781643.84
00:29:44.221,18/01/2026,09:00:37,17_T02,39.122783959,10.183754862,0.2,1718.87,80.26,325.794,1.3,38.53,13.43,1717.85,4336987.35,1781643.84
00:29:45.217,18/01/2026,09:00:38,17_T02,39.122783917,10.183755936,0.2,1718.85,80.41,325.877,1.3,38.53,13.43,1717.85,4336987.45,1781643.83
00:29:46.225,18/01/2026,09:00:39,17_T02,39.122783182,10.183754859,0.2,1718.82,80.57,325.758,1.4,38.53,13.43,1717.81,4336987.35,1781643.75
00:29:47.224,18/01/2026,09:00:40,17_T02,39.122782623,10.183754323,0.2,1718.79,80.68,325.691,1.4,38.53,13.43,1717.81,4336987.31,1781643.69
00:29:48.218,18/01/2026,09:00:41,17_T02,39.122782639,10.183755442,0.2,1718.78,80.70,325.780,1.4,38.53,13.43,1717.77,4336987.40,1781643.69
00:29:49.214,18/01/2026,09:00:42,17_T02,39.122782722,10.183756665,0.2,1718.76,80.63,325.881,1.3,38.53,13.43,1717.77,4336987.51,1781643.70
00:29:50.223,18/01/2026,09:00:43,17_T02,39.122782861,10.183757849,0.2,1718.74,80.50,325.981,1.3,38.53,13.43,1717.71,4336987.61,1781643.72
00:29:51.216,18/01/2026,09:00:44,17_T02,39.122782976,10.183758998,0.2,1718.72,80.37,326.078,1.3,38.53,13.43,1717.71,4336987.71,1781643.73
00:29:52.213,18/01/2026,09:00:45,17_T02,39.122783213,10.183760103,0.2,1718.71,80.27,326.176,1.3,38.53,13.43,1717.68,4336987.81,1781643.76
00:29:53.221,18/01/2026,09:00:46,17_T02,39.122783408,10.183761265,0.2,1718.69,80.23,326.277,1.3,38.53,13.43,1717.68,4336987.91,1781643.78
00:29:54.218,18/01/2026,09:00:47,17_T02,39.122783456,10.183762399,0.2,1718.67,80.23,326.370,1.3,38.53,13.43,1717.65,4336988.01,1781643.78
00:29:55.225,18/01/2026,09:00:48,17_T02,39.122783484,10.183763570,0.2,1718.66,80.27,326.464,1.3,38.53,13.43,1717.65,4336988.11,1781643.79
00:29:56.218,18/01/2026,09:00:49,17_T02,39.122783554,10.183764759,0.2,1718.64,80.31,326.561,1.3,38.53,13.43,1717.63,4336988.21,1781643.80
00:29:57.225,18/01/2026,09:00:50,17_T02,39.122784185,10.183766509,0.2,1718.64,80.33,326.729,1.3,38.53,13.43,1717.63,4336988.37,1781643.87
00:29:58.215,18/01/2026,09:00:51,17_T02,39.122784717,10.183768080,0.2,1718.64,80.31,326.877,1.3,38.53,13.43,1717.59,4336988.50,1781643.92
00:29:59.223,18/01/2026,09:00:52,17_T02,39.122784694,10.183769098,0.2,1718.63,80.32,326.957,1.2,38.53,13.43,1717.59,4336988.59,1781643.92
