ASFIndex,Date,Time,Area,Lat,Long,Speed,P,Heading,mp,Altitude,Sal,T,Depth,E,N
00:00:00.148,18/01/2026,09:30:53,17_T02,39.122293431,10.185370355,0.2,1729.49,137.67,479.291,2.0,38.53,13.42,1728.50,4337128.03,1781590.05
00:00:01.143,18/01/2026,09:30:54,17_T02,39.122292661,10.185370980,0.2,1729.49,137.47,479.371,2.0,38.53,13.42,1728.47,4337128.08,1781589.97
00:00:02.140,18/01/2026,09:30:55,17_T02,39.122291262,10.185372854,0.2,1729.48,137.56,479.576,1.9,38.53,13.42,1728.47,4337128.24,1781589.81
00:00:03.151,18/01/2026,09:30:56,17_T02,39.122289928,10.185374736,0.2,1729.46,137.43,479.780,1.9,38.53,13.42,1728.45,4337128.41,1781589.67
00:00:04.146,18/01/2026,09:30:57,17_T02,39.122289179,10.185375342,0.2,1729.44,137.07,479.857,2.0,38.53,13.42,1728.45,4337128.46,1781589.58
00:00:05.144,18/01/2026,09:30:58,17_T02,39.122288318,10.185375982,0.2,1729.42,136.88,479.942,1.9,38.53,13.42,1728.41,4337128.52,1781589.49
00:00:06.150,18/01/2026,09:30:59,17_T02,39.122287235,10.185376414,0.2,1729.41,137.13,480.018,1.9,38.53,13.42,1728.41,4337128.55,1781589.37
00:00:07.143,18/01/2026,09:31:00,17_T02,39.122286925,10.185377860,0.2,1729.41,137.54,480.148,1.9,38.53,13.42,1728.40,4337128.68,1781589.34
00:00:08.148,18/01/2026,09:31:01,17_T02,39.122286614,10.185379210,0.2,1729.40,137.70,480.270,1.9,38.53,13.42,1728.40,4337128.80,1781589.30
00:00:09.152,18/01/2026,09:31:02,17_T02,39.122285772,10.185379696,0.2,1729.39,137.72,480.341,1.9,38.53,13.42,1728.39,4337128.84,1781589.21
00:00:10.146,18/01/2026,09:31:03,17_T02,39.122284908,10.185380091,0.2,1729.38,137.82,480.405,1.9,38.53,13.42,1728.39,4337128.87,1781589.11
00:00:11.152,18/01/2026,09:31:04,17_T02,39.122284118,10.185380706,0.2,1729.36,137.59,480.485,1.9,38.53,13.42,1728.35,4337128.93,1781589.03
00:00:12.144,18/01/2026,09:31:05,17_T02,39.122283128,10.185380841,0.2,1729.35,138.06,480.533,1.9,38.53,13.42,1728.35,4337128.94,1781588.92
00:00:13.150,18/01/2026,09:31:06,17_T02,39.122282517,10.185381342,0.2,1729.33,139.07,480.597,2.0,38.53,13.42,1728.30,4337128.98,1781588.85
00:00:14.142,18/01/2026,09:31:07,17_T02,39.122282120,10.185382095,0.2,1729.32,139.55,480.673,2.0,38.53,13.42,1728.30,4337129.05,1781588.81
00:00:15.152,18/01/2026,09:31:08,17_T02,39.122281290,10.185382414,0.2,1729.32,139.93,480.730,1.9,38.53,13.42,1728.27,4337129.08,1781588.71
00:00:16.144,18/01/2026,09:31:09,17_T02,39.122280403,10.185382540,0.2,1729.30,140.35,480.773,1.9,38.53,13.42,1728.27,4337129.09,1781588.62
00:00:17.150,18/01/2026,09:31:10,17_T02,39.122279494,10.185382528,0.2,1729.27,140.71,480.806,1.9,38.53,13.42,1728.27,4337129.09,1781588.52
00:00:18.145,18/01/2026,09:31:11,17_T02,39.122278219,10.185382957,0.2,1729.25,140.34,480.889,2.0,38.53,13.42,1728.27,4337129.13,1781588.38
00:00:19.138,18/01/2026,09:31:12,17_T02,39.122277114,10.185383669,0.2,1729.23,139.71,480.988,2.0,38.53,13.42,1728.20,4337129.19,1781588.25
00:00:20.137,18/01/2026,09:31:13,17_T02,39.122276266,10.185384319,0.2,1729.22,139.43,481.073,2.0,38.53,13.42,1728.20,4337129.24,1781588.16
00:00:21.149,18/01/2026,09:31:14,17_T02,39.122275312,10.185384823,0.2,1729.22,139.19,481.150,2.0,38.53,13.43,1728.21,4337129.29,1781588.06
00:00:22.145,18/01/2026,09:31:15,17_T02,39.122274402,10.185385196,0.2,1729.21,139.10,481.214,2.0,38.53,13.43,1728.21,4337129.32,1781587.95
00:00:23.141,18/01/2026,09:31:16,17_T02,39.122273426,10.185386191,0.2,1729.19,138.62,481.332,2.0,38.53,13.43,1728.17,4337129.41,1781587.85
00:00:24.138,18/01/2026,09:31:17,17_T02,39.122272299,10.185387060,0.2,1729.17,138.50,481.445,2.0,38.53,13.43,1728.17,4337129.48,1781587.72
00:00:25.149,18/01/2026,09:31:18,17_T02,39.122271217,10.185387296,0.2,1729.16,138.88,481.505,2.0,38.53,13.42,1728.14,4337129.50,1781587.60
00:00:26.142,18/01/2026,09:31:19,17_T02,39.122270317,10.185387727,0.2,1729.15,138.96,481.574,2.0,38.53,13.42,1728.14,4337129.54,1781587.50
00:00:27.149,18/01/2026,09:31:20,17_T02,39.122269533,10.185388359,0.2,1729.14,138.81,481.655,2.0,38.53,13.42,1728.11,4337129.60,1781587.42
00:00:28.146,18/01/2026,09:31:21,17_T02,39.122268788,10.185388917,0.2,1729.14,138.82,481.728,1.9,38.53,13.42,1728.11,4337129.65,1781587.34
00:00:29.145,18/01/2026,09:31:22,17_T02,39.122268682,10.185390152,0.2,1729.12,139.16,481.833,1.9,38.53,13.42,1728.10,4337129.75,1781587.32
00:00:30.141,18/01/2026,09:31:23,17_T02,39.122268626,10.185391235,0.2,1729.10,139.32,481.924,1.9,38.53,13.42,1728.10,4337129.85,1781587.32
00:00:31.139,18/01/2026,09:31:24,17_T02,39.122267852,10.185391872,0.2,1729.06,139.00,482.005,2.0,38.53,13.42,1728.05,4337129.90,1781587.23
00:00:32.148,18/01/2026,09:31:25,17_T02,39.122267142,10.185392629,0.2,1729.02,138.72,482.093,2.0,38.53,13.42,1728.05,4337129.97,1781587.16
00:00:33.144,18/01/2026,09:31:26,17_T02,39.122266144,10.185393181,0.2,1728.99,139.07,482.176,2.0,38.53,13.42,1727.97,4337130.02,1781587.05
00:00:34.141,18/01/2026,09:31:27,17_T02,39.122266382,10.185394978,0.2,1728.98,139.33,482.314,2.0,38.53,13.42,1727.97,4337130.17,1781587.07
00:00:35.140,18/01/2026,09:31:28,17_T02,39.122266493,10.185396406,0.2,1728.97,139.56,482.427,1.9,38.53,13.42,1727.96,4337130.30,1781587.08
00:00:36.138,18/01/2026,09:31:29,17_T02,39.122265763,10.185396696,0.2,1728.94,139.55,482.478,2.0,38.53,13.42,1727.96,4337130.32,1781587.00
00:00:37.147,18/01/2026,09:31:30,17_T02,39.122265068,10.185397325,0.2,1728.88,139.40,482.555,2.0,38.53,13.42,1727.88,4337130.38,1781586.93
00:00:38.141,18/01/2026,09:31:31,17_T02,39.122264166,10.185397685,0.2,1728.82,139.72,482.618,2.1,38.53,13.42,1727.88,4337130.41,1781586.83
00:00:39.150,18/01/2026,09:31:32,17_T02,39.122262893,10.185397806,0.2,1728.79,140.33,482.675,2.1,38.53,13.42,1727.77,4337130.42,1781586.69
00:00:40.146,18/01/2026,09:31:33,17_T02,39.122262249,10.185397148,0.2,1728.80,140.68,482.645,2.1,38.53,13.42,1727.77,4337130.36,1781586.62
00:00:41.140,18/01/2026,09:31:34,17_T02,39.122262131,10.185396766,0.2,1728.82,140.33,482.619,2.0,38.53,13.42,1727.77,4337130.33,1781586.60
00:00:42.143,18/01/2026,09:31:35,17_T02,39.122261366,10.185397348,0.2,1728.81,140.01,482.695,2.0,38.53,13.43,1727.78,4337130.38,1781586.52
00:00:43.139,18/01/2026,09:31:36,17_T02,39.122260679,10.185397896,0.2,1728.75,139.71,482.765,2.0,38.53,13.43,1727.78,4337130.43,1781586.44
00:00:44.147,18/01/2026,09:31:37,17_T02,39.122259752,10.185398282,0.2,1728.69,139.62,482.831,2.1,38.53,13.42,1727.74,4337130.46,1781586.34
00:00:45.138,18/01/2026,09:31:38,17_T02,39.122259731,10.185400096,0.2,1728.67,139.25,482.981,2.2,38.53,13.42,1727.74,4337130.62,1781586.34
00:00:46.151,18/01/2026,09:31:39,17_T02,39.122259691,10.185402202,0.2,1728.69,138.72,483.155,2.1,38.53,13.42,1727.65,4337130.80,1781586.34
00:00:47.143,18/01/2026,09:31:40,17_T02,39.122259173,10.185403244,0.2,1728.70,137.81,483.259,2.0,38.53,13.42,1727.65,4337130.90,1781586.28
00:00:48.150,18/01/2026,09:31:41,17_T02,39.122259037,10.185404538,0.2,1728.69,136.08,483.370,2.0,38.53,13.42,1727.68,4337131.01,1781586.26
00:00:49.144,18/01/2026,09:31:42,17_T02,39.122259191,10.185405991,0.2,1728.63,133.62,483.484,2.1,38.53,13.42,1727.68,4337131.13,1781586.28
00:00:50.140,18/01/2026,09:31:43,17_T02,39.122259613,10.185407951,0.2,1728.57,130.47,483.628,2.2,38.53,13.42,1727.61,4337131.30,1781586.33
00:00:51.147,18/01/2026,09:31:44,17_T02,39.122257888,10.185408276,0.2,1728.52,129.84,483.719,2.2,38.53,13.42,1727.61,4337131.33,1781586.14
00:00:52.143,18/01/2026,09:31:45,17_T02,39.122256151,10.185408452,0.2,1728.46,129.85,483.798,2.2,38.53,13.42,1727.50,4337131.35,1781585.95
00:00:53.154,18/01/2026,09:31:46,17_T02,39.122255016,10.185408686,0.2,1728.39,130.77,483.860,2.2,38.53,13.42,1727.50,4337131.37,1781585.82
00:00:54.152,18/01/2026,09:31:47,17_T02,39.122253727,10.185408718,0.2,1728.33,131.94,483.910,2.2,38.53,13.42,1727.37,4337131.37,1781585.68
00:00:55.145,18/01/2026,09:31:48,17_T02,39.122252388,10.185408679,0.2,1728.26,133.13,483.957,2.3,38.53,13.42,1727.37,4337131.37,1781585.53
00:00:56.142,18/01/2026,09:31:49,17_T02,39.122251698,10.185409219,0.2,1728.19,134.09,484.027,2.3,38.53,13.42,1727.25,4337131.42,1781585.45
00:00:57.141,18/01/2026,09:31:50,17_T02,39.122251110,10.185409900,0.2,1728.11,134.70,484.104,2.4,38.53,13.42,1727.25,4337131.48,1781585.39
00:00:58.153,18/01/2026,09:31:51,17_T02,39.122250178,10.185410214,0.2,1728.05,134.97,484.165,2.4,38.53,13.43,1727.08,4337131.50,1781585.29
00:00:59.152,18/01/2026,09:31:52,17_T02,39.122249297,10.185410842,0.2,1728.01,134.93,484.249,2.4,38.53,13.43,1727.08,4337131.56,1781585.19
00:01:00.147,18/01/2026,09:31:53,17_T02,39.122248511,10.185411514,0.2,1727.99,134.65,484.333,2.4,38.53,13.43,1726.98,4337131.62,1781585.10
00:01:01.142,18/01/2026,09:31:54,17_T02,39.122247853,10.185412060,0.2,1727.99,134.28,484.403,2.3,38.53,13.43,1726.98,4337131.66,1781585.03
00:01:02.141,18/01/2026,09:31:55,17_T02,39.122246749,10.185411677,0.2,1727.95,134.04,484.412,2.3,38.53,13.42,1726.95,4337131.63,1781584.91
00:01:03.149,18/01/2026,09:31:56,17_T02,39.122245599,10.185411301,0.2,1727.90,133.70,484.424,2.4,38.53,13.42,1726.95,4337131.60,1781584.78
00:01:04.150,18/01/2026,09:31:57,17_T02,39.122244829,10.185411924,0.2,1727.83,133.47,484.504,2.4,38.53,13.42,1726.86,4337131.65,1781584.70
00:01:05.145,18/01/2026,09:31:58,17_T02,39.122243864,10.185412279,0.2,1727.75,133.57,484.569,2.5,38.53,13.42,1726.86,4337131.68,1781584.59
00:01:06.139,18/01/2026,09:31:59,17_T02,39.122242953,10.185412865,0.2,1727.68,133.45,484.651,2.5,38.53,13.43,1726.70,4337131.74,1781584.49
00:01:07.143,18/01/2026,09:32:00,17_T02,39.122242628,10.185413077,0.2,1727.60,133.18,484.680,2.5,38.53,13.43,1726.70,4337131.75,1781584.45
00:01:08.138,18/01/2026,09:32:01,17_T02,39.122242428,10.185413159,0.2,1727.51,132.92,484.694,2.6,38.53,13.43,1726.56,4337131.76,1781584.43
00:01:09.147,18/01/2026,09:32:02,17_T02,39.122241776,10.185413706,0.2,1727.40,132.74,484.763,2.6,38.53,13.43,1726.56,4337131.81,1781584.36
00:01:10.145,18/01/2026,09:32:03,17_T02,39.122241072,10.185414110,0.2,1727.27,132.72,484.823,2.7,38.53,13.43,1726.34,4337131.84,1781584.28
00:01:11.137,18/01/2026,09:32:04,17_T02,39.122240442,10.185414791,0.2,1727.12,132.58,484.902,2.9,38.53,13.43,1726.34,4337131.90,1781584.21
00:01:12.151,18/01/2026,09:32:05,17_T02,39.122239708,10.185415889,0.2,1726.97,132.73,485.019,3.0,38.53,13.43,1726.04,4337132.00,1781584.13
00:01:13.151,18/01/2026,09:32:06,17_T02,39.122238868,10.185416806,0.2,1726.83,133.05,485.126,3.1,38.53,13.43,1726.04,4337132.08,1781584.04
00:01:14.143,18/01/2026,09:32:07,17_T02,39.122237896,10.185417132,0.2,1726.72,133.47,485.188,3.1,38.53,13.43,1725.76,4337132.11,1781583.93
00:01:15.143,18/01/2026,09:32:08,17_T02,39.122237102,10.185417374,0.2,1726.62,133.83,485.238,3.1,38.53,13.43,1725.76,4337132.13,1781583.85
00:01:16.152,18/01/2026,09:32:09,17_T02,39.122236387,10.185417563,0.2,1726.51,134.03,485.280,3.2,38.53,13.43,1725.56,4337132.15,1781583.77
00:01:17.148,18/01/2026,09:32:10,17_T02,39.122235914,10.185418035,0.2,1726.33,133.82,485.336,3.3,38.53,13.43,1725.56,4337132.19,1781583.71
00:01:18.142,18/01/2026,09:32:11,17_T02,39.122235394,10.185418549,0.2,1726.12,133.75,485.398,3.6,38.53,13.43,1725.22,4337132.23,1781583.66
00:01:19.138,18/01/2026,09:32:12,17_T02,39.122234465,10.185418974,0.2,1725.94,134.09,485.467,3.9,38.53,13.43,1725.22,4337132.27,1781583.56
00:01:20.149,18/01/2026,09:32:13,17_T02,39.122233666,10.185419826,0.2,1725.81,133.90,485.566,3.9,38.53,13.42,1724.85,4337132.34,1781583.47
00:01:21.140,18/01/2026,09:32:14,17_T02,39.122232763,10.185420574,0.2,1725.69,133.68,485.661,3.9,38.53,13.42,1724.85,4337132.41,1781583.37
00:01:22.150,18/01/2026,09:32:15,17_T02,39.122232089,10.185421200,0.2,1725.57,133.41,485.738,3.9,38.53,13.42,1724.60,4337132.46,1781583.29
00:01:23.139,18/01/2026,09:32:16,17_T02,39.122230198,10.185421238,0.2,1725.47,133.50,485.811,4.0,38.53,13.42,1724.60,4337132.47,1781583.08
00:01:24.146,18/01/2026,09:32:17,17_T02,39.122228392,10.185421443,0.2,1725.38,133.55,485.895,4.2,38.53,13.43,1724.39,4337132.49,1781582.89
00:01:25.152,18/01/2026,09:32:18,17_T02,39.122227587,10.185421856,0.2,1725.34,133.65,485.959,4.3,38.53,13.43,1724.39,4337132.52,1781582.80
00:01:26.141,18/01/2026,09:32:19,17_T02,39.122226522,10.185422341,0.2,1725.34,134.05,486.038,4.3,38.53,13.42,1724.28,4337132.56,1781582.68
00:01:27.141,18/01/2026,09:32:20,17_T02,39.122225440,10.185422911,0.2,1725.31,134.37,486.125,4.2,38.53,13.42,1724.28,4337132.61,1781582.56
00:01:28.137,18/01/2026,09:32:21,17_T02,39.122224656,10.185423359,0.2,1725.28,134.43,486.191,4.1,38.53,13.42,1724.25,4337132.65,1781582.47
00:01:29.147,18/01/2026,09:32:22,17_T02,39.122224897,10.185425469,0.2,1725.23,133.61,486.355,4.1,38.53,13.42,1724.25,4337132.84,1781582.50
00:01:30.144,18/01/2026,09:32:23,17_T02,39.122225743,10.185428220,0.2,1725.18,130.92,486.549,4.1,38.53,13.42,1724.14,4337133.08,1781582.59
00:01:31.137,18/01/2026,09:32:24,17_T02,39.122226821,10.185430685,0.2,1725.13,126.32,486.711,4.2,38.53,13.42,1724.14,4337133.29,1781582.71
00:01:32.145,18/01/2026,09:32:25,17_T02,39.122228401,10.185433449,0.2,1725.08,120.56,486.878,4.3,38.53,13.43,1724.05,4337133.53,1781582.89
00:01:33.139,18/01/2026,09:32:26,17_T02,39.122229738,10.185435782,0.3,1725.01,115.92,487.019,4.3,38.53,13.43,1724.05,4337133.73,1781583.04
00:01:34.152,18/01/2026,09:32:27,17_T02,39.122229693,10.185435590,0.3,1724.92,113.16,487.005,4.3,38.53,13.42,1723.91,4337133.72,1781583.03
00:01:35.149,18/01/2026,09:32:28,17_T02,39.122228833,10.185434728,0.3,1724.82,112.51,486.967,4.4,38.53,13.42,1723.91,4337133.64,1781582.94
00:01:36.142,18/01/2026,09:32:29,17_T02,39.122227875,10.185435229,0.3,1724.71,113.47,487.044,4.4,38.53,13.43,1723.68,4337133.69,1781582.83
00:01:37.160,18/01/2026,09:32:30,17_T02,39.122226729,10.185435452,0.3,1724.63,114.83,487.104,4.5,38.53,13.43,1723.68,4337133.71,1781582.71
00:01:38.145,18/01/2026,09:32:31,17_T02,39.122225992,10.185436148,0.2,1724.58,115.42,487.189,4.6,38.53,13.44,1723.53,4337133.77,1781582.62
00:01:39.139,18/01/2026,09:32:32,17_T02,39.122225674,10.185437170,0.2,1724.59,115.39,487.284,4.7,38.53,13.44,1723.53,4337133.85,1781582.59
00:01:40.161,18/01/2026,09:32:33,17_T02,39.122225722,10.185437213,0.2,1724.65,114.92,487.286,4.5,38.53,13.44,1723.53,4337133.86,1781582.59
00:01:41.147,18/01/2026,09:32:34,17_T02,39.122225600,10.185437378,0.2,1724.73,114.74,487.304,4.3,38.53,13.44,1723.55,4337133.87,1781582.58
00:01:42.142,18/01/2026,09:32:35,17_T02,39.122225369,10.185438258,0.1,1724.77,114.81,487.385,4.0,38.53,13.44,1723.55,4337133.95,1781582.56
00:01:43.139,18/01/2026,09:32:36,17_T02,39.122225276,10.185438841,0.1,1724.77,114.69,487.436,4.0,38.52,13.43,1723.70,4337134.00,1781582.55
00:01:44.151,18/01/2026,09:32:37,17_T02,39.122225326,10.185439348,0.1,1724.72,114.42,487.476,4.0,38.52,13.43,1723.70,4337134.04,1781582.55
00:01:45.150,18/01/2026,09:32:38,17_T02,39.122225273,10.185440884,0.1,1724.63,114.11,487.603,4.1,38.53,13.43,1723.66,4337134.18,1781582.55
00:01:46.143,18/01/2026,09:32:39,17_T02,39.122225001,10.185442122,0.1,1724.53,114.41,487.715,4.2,38.53,13.43,1723.66,4337134.29,1781582.52
00:01:47.138,18/01/2026,09:32:40,17_T02,39.122224652,10.185442986,0.1,1724.43,115.08,487.799,4.1,38.53,13.44,1723.49,4337134.36,1781582.48
00:01:48.149,18/01/2026,09:32:41,17_T02,39.122224208,10.185443696,0.2,1724.30,115.88,487.873,4.1,38.53,13.44,1723.49,4337134.42,1781582.43
00:01:49.145,18/01/2026,09:32:42,17_T02,39.122224092,10.185444496,0.2,1724.14,116.29,487.943,4.2,38.53,13.45,1723.26,4337134.49,1781582.42
00:01:50.137,18/01/2026,09:32:43,17_T02,39.122223989,10.185445436,0.2,1723.96,116.73,488.024,4.4,38.53,13.45,1723.26,4337134.57,1781582.40
00:01:51.149,18/01/2026,09:32:44,17_T02,39.122223848,10.185446478,0.2,1723.81,117.14,488.115,4.5,38.53,13.45,1722.92,4337134.67,1781582.39
00:01:52.142,18/01/2026,09:32:45,17_T02,39.122223579,10.185447494,0.2,1723.71,117.43,488.208,4.7,38.53,13.45,1722.92,4337134.75,1781582.36
00:01:53.140,18/01/2026,09:32:46,17_T02,39.122223523,10.185449028,0.2,1723.69,117.13,488.336,4.7,38.53,13.45,1722.65,4337134.89,1781582.35
00:01:54.160,18/01/2026,09:32:47,17_T02,39.122223697,10.185450412,0.2,1723.69,116.67,488.442,4.3,38.53,13.45,1722.65,4337135.01,1781582.37
00:01:55.142,18/01/2026,09:32:48,17_T02,39.122223838,10.185451396,0.2,1723.61,116.52,488.518,4.2,38.53,13.46,1722.62,4337135.09,1781582.39
00:01:56.149,18/01/2026,09:32:49,17_T02,39.122223184,10.185451077,0.2,1723.45,116.63,488.516,4.3,38.53,13.46,1722.62,4337135.07,1781582.32
00:01:57.152,18/01/2026,09:32:50,17_T02,39.122222546,10.185450948,0.2,1723.28,116.58,488.529,4.5,38.52,13.45,1722.39,4337135.05,1781582.25
00:01:58.140,18/01/2026,09:32:51,17_T02,39.122222890,10.185452421,0.2,1723.17,115.74,488.637,4.8,38.52,13.45,1722.39,4337135.18,1781582.29
00:01:59.148,18/01/2026,09:32:52,17_T02,39.122223215,10.185454034,0.2,1723.19,115.04,488.757,4.7,38.52,13.44,1722.10,4337135.32,1781582.32
00:02:00.144,18/01/2026,09:32:53,17_T02,39.122223448,10.185455156,0.2,1723.23,115.19,488.840,4.3,38.52,13.44,1722.10,4337135.42,1781582.35
00:02:01.147,18/01/2026,09:32:54,17_T02,39.122223257,10.185455567,0.2,1723.19,115.75,488.881,3.9,38.53,13.43,1722.15,4337135.46,1781582.33
00:02:02.151,18/01/2026,09:32:55,17_T02,39.122223105,10.185456211,0.2,1723.06,115.91,488.939,4.1,38.53,13.43,1722.15,4337135.51,1781582.31
00:02:03.147,18/01/2026,09:32:56,17_T02,39.122223203,10.185457259,0.2,1722.90,115.85,489.022,4.4,38.53,13.44,1721.97,4337135.60,1781582.32
00:02:04.140,18/01/2026,09:32:57,17_T02,39.122223320,10.185458741,0.2,1722.78,115.75,489.139,4.9,38.53,13.44,1721.97,4337135.73,1781582.33
00:02:05.149,18/01/2026,09:32:58,17_T02,39.122223303,10.185460215,0.2,1722.74,115.92,489.260,4.6,38.53,13.44,1721.68,4337135.86,1781582.33
00:02:06.142,18/01/2026,09:32:59,17_T02,39.122223075,10.185461512,0.2,1722.73,116.40,489.375,4.4,38.53,13.44,1721.68,4337135.97,1781582.31
00:02:07.160,18/01/2026,09:33:00,17_T02,39.122223263,10.185464119,0.2,1722.69,116.71,489.581,4.2,38.52,13.44,1721.66,4337136.20,1781582.33
00:02:08.146,18/01/2026,09:33:01,17_T02,39.122223705,10.185466257,0.2,1722.59,116.59,489.740,4.3,38.52,13.44,1721.66,4337136.39,1781582.38
00:02:09.140,18/01/2026,09:33:02,17_T02,39.122224353,10.185467440,0.2,1722.47,115.59,489.813,4.4,38.53,13.43,1721.49,4337136.49,1781582.45
00:02:10.150,18/01/2026,09:33:03,17_T02,39.122225790,10.185469605,0.2,1722.40,112.93,489.937,4.6,38.53,13.43,1721.49,4337136.68,1781582.61
00:02:11.147,18/01/2026,09:33:04,17_T02,39.122227210,10.185471631,0.2,1722.39,110.04,490.050,4.5,38.53,13.44,1721.33,4337136.85,1781582.77
00:02:12.142,18/01/2026,09:33:05,17_T02,39.122228201,10.185472145,0.2,1722.39,107.89,490.055,4.3,38.53,13.44,1721.33,4337136.90,1781582.88
00:02:13.137,18/01/2026,09:33:06,17_T02,39.122228620,10.185472195,0.2,1722.35,107.21,490.043,4.2,38.52,13.43,1721.30,4337136.90,1781582.92
00:02:14.147,18/01/2026,09:33:07,17_T02,39.122228939,10.185473330,0.2,1722.27,107.28,490.124,4.2,38.52,13.43,1721.30,4337137.00,1781582.96
00:02:15.140,18/01/2026,09:33:08,17_T02,39.122229057,10.185474365,0.2,1722.15,107.61,490.205,4.3,38.53,13.43,1721.14,4337137.09,1781582.97
00:02:16.146,18/01/2026,09:33:09,17_T02,39.122228999,10.185475490,0.2,1722.06,108.14,490.299,4.4,38.53,13.43,1721.14,4337137.19,1781582.96
00:02:17.139,18/01/2026,09:33:10,17_T02,39.122228827,10.185476575,0.2,1721.99,108.82,490.394,4.5,38.53,13.43,1720.95,4337137.28,1781582.95
00:02:18.149,18/01/2026,09:33:11,17_T02,39.122229093,10.185478808,0.2,1721.94,109.43,490.567,4.5,38.53,13.43,1720.95,4337137.48,1781582.98
00:02:19.144,18/01/2026,09:33:12,17_T02,39.122229445,10.185481118,0.2,1721.89,109.97,490.743,4.3,38.53,13.43,1720.83,4337137.68,1781583.01
00:02:20.141,18/01/2026,09:33:13,17_T02,39.122229439,10.185482141,0.2,1721.81,110.43,490.827,4.2,38.53,13.43,1720.83,4337137.77,1781583.01
00:02:21.146,18/01/2026,09:33:14,17_T02,39.122229595,10.185483430,0.2,1721.67,110.44,490.927,4.1,38.53,13.43,1720.67,4337137.88,1781583.03
00:02:22.142,18/01/2026,09:33:15,17_T02,39.122229982,10.185484550,0.2,1721.47,110.16,491.005,4.0,38.53,13.43,1720.67,4337137.98,1781583.07
00:02:23.150,18/01/2026,09:33:16,17_T02,39.122230842,10.185485579,0.2,1721.26,109.98,491.057,4.3,38.53,13.44,1720.29,4337138.07,1781583.17
00:02:24.144,18/01/2026,09:33:17,17_T02,39.122231546,10.185486484,0.2,1721.06,110.08,491.105,4.7,38.53,13.44,1720.29,4337138.14,1781583.25
00:02:25.151,18/01/2026,09:33:18,17_T02,39.122231781,10.185487606,0.2,1720.91,109.85,491.188,4.9,38.53,13.44,1719.89,4337138.24,1781583.27
00:02:26.141,18/01/2026,09:33:19,17_T02,39.122232205,10.185489114,0.2,1720.83,109.20,491.296,5.0,38.53,13.44,1719.89,4337138.37,1781583.32
00:02:27.148,18/01/2026,09:33:20,17_T02,39.122232745,10.185490709,0.2,1720.76,108.53,491.406,4.7,38.52,13.44,1719.70,4337138.51,1781583.38
00:02:28.139,18/01/2026,09:33:21,17_T02,39.122233137,10.185491821,0.2,1720.68,108.52,491.483,4.5,38.52,13.44,1719.70,4337138.61,1781583.42
00:02:29.147,18/01/2026,09:33:22,17_T02,39.122233556,10.185494580,0.2,1720.56,108.60,491.693,4.5,38.52,13.44,1719.54,4337138.85,1781583.47
00:02:30.137,18/01/2026,09:33:23,17_T02,39.122233960,10.185497168,0.2,1720.45,108.38,491.890,4.7,38.52,13.44,1719.54,4337139.07,1781583.52
00:02:31.151,18/01/2026,09:33:24,17_T02,39.122234381,10.185498399,0.2,1720.40,107.94,491.975,5.0,38.53,13.43,1719.31,4337139.18,1781583.56
00:02:32.144,18/01/2026,09:33:25,17_T02,39.122234884,10.185500005,0.2,1720.39,107.51,492.088,4.8,38.53,13.43,1719.31,4337139.32,1781583.62
00:02:33.139,18/01/2026,09:33:26,17_T02,39.122235099,10.185501260,0.2,1720.42,107.76,492.183,4.5,38.52,13.43,1719.32,4337139.43,1781583.64
00:02:34.151,18/01/2026,09:33:27,17_T02,39.122234729,10.185502064,0.2,1720.44,108.55,492.262,4.3,38.52,13.43,1719.32,4337139.50,1781583.60
00:02:35.149,18/01/2026,09:33:28,17_T02,39.122234593,10.185502753,0.2,1720.39,108.95,492.324,4.2,38.52,13.43,1719.32,4337139.56,1781583.59
00:02:36.142,18/01/2026,09:33:29,17_T02,39.122235065,10.185503859,0.2,1720.32,108.67,492.397,4.3,38.52,13.43,1719.32,4337139.65,1781583.64
00:02:37.152,18/01/2026,09:33:30,17_T02,39.122235423,10.185504988,0.2,1720.27,108.70,492.476,4.4,38.52,13.43,1719.32,4337139.75,1781583.68
00:02:38.146,18/01/2026,09:33:31,17_T02,39.122235513,10.185506224,0.2,1720.30,109.07,492.574,4.4,38.53,13.43,1719.17,4337139.86,1781583.69
00:02:39.141,18/01/2026,09:33:32,17_T02,39.122236344,10.185508260,0.2,1720.41,109.15,492.710,4.3,38.53,13.43,1719.17,4337140.04,1781583.78
00:02:40.152,18/01/2026,09:33:33,17_T02,39.122237244,10.185510139,0.2,1720.55,109.10,492.830,4.0,38.52,13.43,1719.26,4337140.20,1781583.88
00:02:41.146,18/01/2026,09:33:34,17_T02,39.122237568,10.185511365,0.2,1720.63,109.24,492.918,3.8,38.52,13.43,1719.26,4337140.31,1781583.92
00:02:42.140,18/01/2026,09:33:35,17_T02,39.122237748,10.185512416,0.2,1720.64,109.58,492.998,3.7,38.53,13.43,1719.53,4337140.40,1781583.94
00:02:43.152,18/01/2026,09:33:36,17_T02,39.122237926,10.185513441,0.2,1720.61,109.74,493.075,3.7,38.53,13.43,1719.53,4337140.49,1781583.96
00:02:44.150,18/01/2026,09:33:37,17_T02,39.122238253,10.185514497,0.2,1720.58,109.64,493.149,3.7,38.53,13.43,1719.52,4337140.58,1781583.99
00:02:45.147,18/01/2026,09:33:38,17_T02,39.122238514,10.185516247,0.2,1720.59,109.37,493.283,3.8,38.53,13.43,1719.52,4337140.73,1781584.02
00:02:46.142,18/01/2026,09:33:39,17_T02,39.122238724,10.185517872,0.2,1720.63,109.28,493.408,3.6,38.53,13.43,1719.49,4337140.87,1781584.05
00:02:47.141,18/01/2026,09:33:40,17_T02,39.122238689,10.185519096,0.2,1720.67,109.83,493.510,3.5,38.53,13.43,1719.49,4337140.98,1781584.04
00:02:48.146,18/01/2026,09:33:41,17_T02,39.122238711,10.185520222,0.2,1720.66,110.20,493.601,3.3,38.53,13.43,1719.58,4337141.08,1781584.05
00:02:49.139,18/01/2026,09:33:42,17_T02,39.122238967,10.185521252,0.2,1720.61,110.25,493.676,3.3,38.53,13.43,1719.58,4337141.17,1781584.07
00:02:50.149,18/01/2026,09:33:43,17_T02,39.122239411,10.185520999,0.2,1720.52,110.04,493.639,3.3,38.52,13.43,1719.52,4337141.15,1781584.12
00:02:51.139,18/01/2026,09:33:44,17_T02,39.122239883,10.185520868,0.2,1720.42,109.89,493.611,3.4,38.52,13.43,1719.52,4337141.13,1781584.17
00:02:52.148,18/01/2026,09:33:45,17_T02,39.122240103,10.185521933,0.2,1720.30,110.22,493.690,3.5,38.53,13.43,1719.32,4337141.23,1781584.20
00:02:53.139,18/01/2026,09:33:46,17_T02,39.122240415,10.185523109,0.2,1720.20,110.18,493.774,3.6,38.53,13.43,1719.32,4337141.33,1781584.23
00:02:54.144,18/01/2026,09:33:47,17_T02,39.122240672,10.185524430,0.2,1720.16,109.95,493.873,3.6,38.53,13.43,1719.12,4337141.44,1781584.26
00:02:55.149,18/01/2026,09:33:48,17_T02,39.122241143,10.185525899,0.2,1720.17,109.53,493.976,3.6,38.53,13.43,1719.12,4337141.57,1781584.31
00:02:56.138,18/01/2026,09:33:49,17_T02,39.122241829,10.185527954,0.2,1720.21,109.28,494.119,3.4,38.53,13.43,1719.06,4337141.75,1781584.39
00:02:57.137,18/01/2026,09:33:50,17_T02,39.122242398,10.185529959,0.2,1720.19,109.50,494.262,3.2,38.53,13.43,1719.06,4337141.92,1781584.45
00:02:58.142,18/01/2026,09:33:51,17_T02,39.122242602,10.185531057,0.2,1720.11,109.71,494.344,3.2,38.53,13.43,1719.10,4337142.02,1781584.48
00:02:59.151,18/01/2026,09:33:52,17_T02,39.122242884,10.185532226,0.2,1720.01,109.59,494.429,3.3,38.53,13.43,1719.10,4337142.12,1781584.51
00:03:00.144,18/01/2026,09:33:53,17_T02,39.122243144,10.185533382,0.2,1719.91,109.58,494.514,3.5,38.53,13.43,1718.90,4337142.22,1781584.54
00:03:01.151,18/01/2026,09:33:54,17_T02,39.122243379,10.185533452,0.2,1719.86,109.63,494.511,3.5,38.53,13.43,1718.90,4337142.23,1781584.56
00:03:02.148,18/01/2026,09:33:55,17_T02,39.122243569,10.185533615,0.2,1719.82,109.77,494.517,3.3,38.53,13.43,1718.76,4337142.24,1781584.58
00:03:03.141,18/01/2026,09:33:56,17_T02,39.122243817,10.185534750,0.2,1719.77,109.91,494.601,3.3,38.53,13.43,1718.76,4337142.34,1781584.61
00:03:04.140,18/01/2026,09:33:57,17_T02,39.122243999,10.185535561,0.2,1719.68,110.14,494.661,3.3,38.53,13.42,1718.67,4337142.41,1781584.63
00:03:05.149,18/01/2026,09:33:58,17_T02,39.122244116,10.185536178,0.2,1719.58,110.54,494.707,3.3,38.53,13.42,1718.67,4337142.46,1781584.64
00:03:06.145,18/01/2026,09:33:59,17_T02,39.122244484,10.185537407,0.2,1719.49,110.37,494.794,3.5,38.53,13.43,1718.48,4337142.57,1781584.69
00:03:07.139,18/01/2026,09:34:00,17_T02,39.122245230,10.185539384,0.2,1719.43,110.06,494.928,3.5,38.53,13.43,1718.48,4337142.74,1781584.77
00:03:08.149,18/01/2026,09:34:01,17_T02,39.122245952,10.185541318,0.2,1719.39,109.71,495.060,3.4,38.52,13.43,1718.33,4337142.91,1781584.85
00:03:09.150,18/01/2026,09:34:02,17_T02,39.122246368,10.185542681,0.2,1719.34,109.31,495.156,3.3,38.52,13.43,1718.33,4337143.03,1781584.89
00:03:10.146,18/01/2026,09:34:03,17_T02,39.122246804,10.185543801,0.2,1719.28,109.14,495.231,3.3,38.53,13.43,1718.22,4337143.13,1781584.94
00:03:11.140,18/01/2026,09:34:04,17_T02,39.122246993,10.185544862,0.2,1719.20,109.40,495.311,3.3,38.53,13.43,1718.22,4337143.22,1781584.96
00:03:12.150,18/01/2026,09:34:05,17_T02,39.122248083,10.185547007,0.2,1719.11,109.81,495.446,3.4,38.53,13.43,1718.08,4337143.41,1781585.08
00:03:13.143,18/01/2026,09:34:06,17_T02,39.122249217,10.185549254,0.2,1719.03,109.86,495.588,3.4,38.53,13.43,1718.08,4337143.60,1781585.21
00:03:14.140,18/01/2026,09:34:07,17_T02,39.122249667,10.185550612,0.2,1718.96,109.64,495.683,3.4,38.53,13.44,1717.90,4337143.72,1781585.26
00:03:15.136,18/01/2026,09:34:08,17_T02,39.122250053,10.185551813,0.2,1718.92,109.57,495.767,3.4,38.53,13.44,1717.90,4337143.82,1781585.30
00:03:16.146,18/01/2026,09:34:09,17_T02,39.122250402,10.185552924,0.2,1718.87,109.76,495.845,3.3,38.53,13.44,1717.83,4337143.92,1781585.34
00:03:17.142,18/01/2026,09:34:10,17_T02,39.122249496,10.185553027,0.2,1718.79,109.99,495.887,3.3,38.53,13.44,1717.83,4337143.93,1781585.24
00:03:18.149,18/01/2026,09:34:11,17_T02,39.122249232,10.185553499,0.2,1718.68,109.13,495.935,3.3,38.53,13.44,1717.67,4337143.97,1781585.21
00:03:19.141,18/01/2026,09:34:12,17_T02,39.122250587,10.185555095,0.2,1718.58,107.18,496.016,3.4,38.53,13.44,1717.67,4337144.11,1781585.36
00:03:20.138,18/01/2026,09:34:13,17_T02,39.122252162,10.185556884,0.2,1718.49,104.62,496.103,3.5,38.53,13.43,1717.45,4337144.26,1781585.54
00:03:21.148,18/01/2026,09:34:14,17_T02,39.122253803,10.185558644,0.2,1718.44,101.91,496.187,3.5,38.53,13.43,1717.45,4337144.42,1781585.72
00:03:22.142,18/01/2026,09:34:15,17_T02,39.122255250,10.185560179,0.2,1718.39,100.01,496.258,3.4,38.53,13.42,1717.33,4337144.55,1781585.88
00:03:23.147,18/01/2026,09:34:16,17_T02,39.122256319,10.185563421,0.2,1718.32,99.14,496.484,3.4,38.53,13.42,1717.33,4337144.83,1781586.00
00:03:24.140,18/01/2026,09:34:17,17_T02,39.122256778,10.185566083,0.2,1718.24,99.29,496.685,3.4,38.53,13.42,1717.19,4337145.06,1781586.05
00:03:25.148,18/01/2026,09:34:18,17_T02,39.122256961,10.185567136,0.2,1718.17,99.79,496.765,3.5,38.53,13.42,1717.19,4337145.15,1781586.07
00:03:26.149,18/01/2026,09:34:19,17_T02,39.122257041,10.185568328,0.2,1718.15,100.47,496.859,3.5,38.53,13.42,1717.06,4337145.26,1781586.08
00:03:27.152,18/01/2026,09:34:20,17_T02,39.122257120,10.185569520,0.2,1718.15,101.26,496.954,3.4,38.53,13.42,1717.06,4337145.36,1781586.09
00:03:28.146,18/01/2026,09:34:21,17_T02,39.122257105,10.185570899,0.2,1718.16,102.09,497.067,3.2,38.53,13.42,1717.06,4337145.48,1781586.09
00:03:29.137,18/01/2026,09:34:22,17_T02,39.122257065,10.185572152,0.2,1718.12,102.79,497.172,3.0,38.53,13.42,1717.06,4337145.59,1781586.08
00:03:30.143,18/01/2026,09:34:23,17_T02,39.122257424,10.185573176,0.2,1718.03,102.92,497.242,3.0,38.53,13.42,1717.01,4337145.68,1781586.12
00:03:31.147,18/01/2026,09:34:24,17_T02,39.122257988,10.185574227,0.2,1717.89,102.66,497.307,3.1,38.53,13.42,1717.01,4337145.77,1781586.18
00:03:32.138,18/01/2026,09:34:25,17_T02,39.122259341,10.185575595,0.2,1717.75,101.11,497.369,3.2,38.53,13.42,1716.73,4337145.89,1781586.33
00:03:33.148,18/01/2026,09:34:26,17_T02,39.122260568,10.185576936,0.2,1717.64,99.59,497.433,3.3,38.53,13.42,1716.73,4337146.01,1781586.47
00:03:34.139,18/01/2026,09:34:27,17_T02,39.122262395,10.185579110,0.2,1717.58,98.28,497.543,3.3,38.53,13.42,1716.73,4337146.20,1781586.67
00:03:35.137,18/01/2026,09:34:28,17_T02,39.122264143,10.185581183,0.2,1717.53,97.09,497.648,3.2,38.53,13.43,1716.51,4337146.38,1781586.86
00:03:36.146,18/01/2026,09:34:29,17_T02,39.122265167,10.185582403,0.2,1717.46,96.20,497.710,3.1,38.53,13.43,1716.51,4337146.48,1781586.98
00:03:37.141,18/01/2026,09:34:30,17_T02,39.122265849,10.185583424,0.2,1717.37,96.00,497.768,3.1,38.53,13.43,1716.40,4337146.57,1781587.05
00:03:38.149,18/01/2026,09:34:31,17_T02,39.122266220,10.185584604,0.2,1717.26,96.28,497.851,3.2,38.53,13.43,1716.40,4337146.67,1781587.09
00:03:39.147,18/01/2026,09:34:32,17_T02,39.122266214,10.185584652,0.2,1717.16,96.57,497.855,3.2,38.53,13.43,1716.20,4337146.68,1781587.09
00:03:40.140,18/01/2026,09:34:33,17_T02,39.122266168,10.185584839,0.2,1717.10,96.92,497.872,3.3,38.53,13.43,1716.20,4337146.69,1781587.09
00:03:41.151,18/01/2026,09:34:34,17_T02,39.122266507,10.185586059,0.2,1717.05,97.37,497.959,3.2,38.53,13.43,1716.02,4337146.80,1781587.13
00:03:42.151,18/01/2026,09:34:35,17_T02,39.122266758,10.185586921,0.2,1716.99,98.04,498.020,3.1,38.53,13.43,1716.02,4337146.87,1781587.15
00:03:43.147,18/01/2026,09:34:36,17_T02,39.122267022,10.185587810,0.2,1716.91,98.64,498.083,3.1,38.53,13.44,1715.93,4337146.95,1781587.18
00:03:44.142,18/01/2026,09:34:37,17_T02,39.122267380,10.185588771,0.2,1716.80,99.02,498.149,3.1,38.53,13.44,1715.93,4337147.03,1781587.22
00:03:45.141,18/01/2026,09:34:38,17_T02,39.122266927,10.185588506,0.2,1716.70,99.17,498.144,3.2,38.53,13.44,1715.75,4337147.01,1781587.17
00:03:46.138,18/01/2026,09:34:39,17_T02,39.122266843,10.185588629,0.2,1716.62,98.90,498.157,3.3,38.53,13.44,1715.75,4337147.02,1781587.16
00:03:47.148,18/01/2026,09:34:40,17_T02,39.122267535,10.185589896,0.2,1716.59,98.41,498.235,3.3,38.53,13.44,1715.55,4337147.13,1781587.24
00:03:48.145,18/01/2026,09:34:41,17_T02,39.122268313,10.185591027,0.2,1716.58,97.98,498.299,3.1,38.53,13.44,1715.55,4337147.23,1781587.33
00:03:49.140,18/01/2026,09:34:42,17_T02,39.122269074,10.185591666,0.2,1716.54,97.85,498.323,3.0,38.52,13.43,1715.50,4337147.29,1781587.41
00:03:50.138,18/01/2026,09:34:43,17_T02,39.122269406,10.185592863,0.2,1716.41,98.09,498.409,3.0,38.52,13.43,1715.50,4337147.39,1781587.45
00:03:51.149,18/01/2026,09:34:44,17_T02,39.122269434,10.185594154,0.2,1716.25,98.60,498.513,3.2,38.53,13.43,1715.34,4337147.50,1781587.45
00:03:52.140,18/01/2026,09:34:45,17_T02,39.122269792,10.185595020,0.2,1716.12,98.74,498.571,3.4,38.53,13.43,1715.34,4337147.58,1781587.49
00:03:53.147,18/01/2026,09:34:46,17_T02,39.122270554,10.185596222,0.2,1716.06,98.20,498.641,3.5,38.53,13.44,1715.05,4337147.68,1781587.57
00:03:54.152,18/01/2026,09:34:47,17_T02,39.122271477,10.185597388,0.2,1716.04,97.70,498.702,3.3,38.53,13.44,1715.05,4337147.78,1781587.68
00:03:55.144,18/01/2026,09:34:48,17_T02,39.122271712,10.185598998,0.2,1716.00,97.69,498.825,3.0,38.52,13.43,1714.95,4337147.92,1781587.70
00:03:56.151,18/01/2026,09:34:49,17_T02,39.122271842,10.185600398,0.2,1715.89,97.79,498.935,3.0,38.52,13.43,1714.95,4337148.05,1781587.72
00:03:57.143,18/01/2026,09:34:50,17_T02,39.122272236,10.185601405,0.2,1715.75,97.77,499.003,3.1,38.53,13.43,1714.84,4337148.13,1781587.76
00:03:58.146,18/01/2026,09:34:51,17_T02,39.122273079,10.185602449,0.2,1715.62,97.17,499.057,3.3,38.53,13.43,1714.84,4337148.22,1781587.85
00:03:59.138,18/01/2026,09:34:52,17_T02,39.122273898,10.185603675,0.2,1715.53,96.78,499.127,3.4,38.53,13.43,1714.53,4337148.33,1781587.95
00:04:00.145,18/01/2026,09:34:53,17_T02,39.122274464,10.185605045,0.2,1715.49,96.92,499.218,3.4,38.53,13.43,1714.53,4337148.45,1781588.01
00:04:01.151,18/01/2026,09:34:54,17_T02,39.122275081,10.185606685,0.2,1715.48,97.41,499.329,3.3,38.53,13.42,1714.42,4337148.59,1781588.08
00:04:02.146,18/01/2026,09:34:55,17_T02,39.122275714,10.185608017,0.2,1715.46,97.70,499.415,3.1,38.53,13.42,1714.42,4337148.71,1781588.15
00:04:03.140,18/01/2026,09:34:56,17_T02,39.122276078,10.185608754,0.2,1715.39,98.01,499.462,3.1,38.53,13.42,1714.38,4337148.77,1781588.19
00:04:04.138,18/01/2026,09:34:57,17_T02,39.122276447,10.185609421,0.2,1715.28,98.49,499.503,3.2,38.53,13.42,1714.38,4337148.83,1781588.23
00:04:05.151,18/01/2026,09:34:58,17_T02,39.122276772,10.185610586,0.2,1715.17,98.90,499.586,3.3,38.53,13.42,1714.20,4337148.93,1781588.26
00:04:06.145,18/01/2026,09:34:59,17_T02,39.122276050,10.185610316,0.2,1715.09,98.75,499.591,3.4,38.53,13.42,1714.20,4337148.91,1781588.18
00:04:07.139,18/01/2026,09:35:00,17_T02,39.122275866,10.185610536,0.2,1715.05,98.01,499.616,3.4,38.53,13.42,1714.02,4337148.93,1781588.16
00:04:08.151,18/01/2026,09:35:01,17_T02,39.122276785,10.185612012,0.2,1715.03,97.28,499.702,3.3,38.53,13.42,1714.02,4337149.05,1781588.27
00:04:09.147,18/01/2026,09:35:02,17_T02,39.122277464,10.185613138,0.2,1714.99,97.07,499.769,3.1,38.53,13.42,1713.95,4337149.15,1781588.34
00:04:10.142,18/01/2026,09:35:03,17_T02,39.122277828,10.185614139,0.2,1714.91,97.33,499.838,3.1,38.53,13.42,1713.95,4337149.24,1781588.38
00:04:11.147,18/01/2026,09:35:04,17_T02,39.122278230,10.185615143,0.2,1714.81,97.42,499.905,3.2,38.53,13.42,1713.81,4337149.33,1781588.43
00:04:12.146,18/01/2026,09:35:05,17_T02,39.122278977,10.185616368,0.2,1714.71,97.03,499.977,3.3,38.53,13.42,1713.81,4337149.43,1781588.51
00:04:13.136,18/01/2026,09:35:06,17_T02,39.122279690,10.185617689,0.2,1714.64,96.72,500.059,3.3,38.53,13.42,1713.61,4337149.55,1781588.59
00:04:14.149,18/01/2026,09:35:07,17_T02,39.122280232,10.185619073,0.2,1714.60,96.65,500.152,3.2,38.53,13.42,1713.61,4337149.67,1781588.65
00:04:15.146,18/01/2026,09:35:08,17_T02,39.122280467,10.185620394,0.2,1714.57,97.08,500.252,3.1,38.53,13.42,1713.50,4337149.78,1781588.67
00:04:16.140,18/01/2026,09:35:09,17_T02,39.122280796,10.185621389,0.2,1714.52,97.35,500.321,3.1,38.53,13.42,1713.50,4337149.87,1781588.71
00:04:17.139,18/01/2026,09:35:10,17_T02,39.122282066,10.185622943,0.2,1714.44,97.47,500.401,3.1,38.53,13.42,1713.43,4337150.00,1781588.85
00:04:18.150,18/01/2026,09:35:11,17_T02,39.122283275,10.185624454,0.2,1714.35,97.51,500.480,3.2,38.53,13.42,1713.43,4337150.14,1781588.98
00:04:19.145,18/01/2026,09:35:12,17_T02,39.122283741,10.185625639,0.2,1714.26,97.60,500.559,3.3,38.53,13.42,1713.24,4337150.24,1781589.04
00:04:20.145,18/01/2026,09:35:13,17_T02,39.122284311,10.185627004,0.2,1714.20,97.47,500.650,3.2,38.53,13.42,1713.24,4337150.36,1781589.10
00:04:21.141,18/01/2026,09:35:14,17_T02,39.122284973,10.185628315,0.2,1714.19,97.20,500.733,3.2,38.53,13.42,1713.12,4337150.47,1781589.17
00:04:22.153,18/01/2026,09:35:15,17_T02,39.122285620,10.185629559,0.2,1714.19,96.98,500.811,3.1,38.53,13.42,1713.12,4337150.58,1781589.24
00:04:23.145,18/01/2026,09:35:16,17_T02,39.122286620,10.185631505,0.2,1714.19,96.78,500.933,3.0,38.53,13.42,1713.12,4337150.75,1781589.36
00:04:24.146,18/01/2026,09:35:17,17_T02,39.122287390,10.185633250,0.2,1714.20,96.83,501.047,3.0,38.53,13.42,1713.12,4337150.90,1781589.44
00:04:25.142,18/01/2026,09:35:18,17_T02,39.122287775,10.185634298,0.2,1714.21,96.97,501.119,3.0,38.53,13.42,1713.15,4337150.99,1781589.48
00:04:26.138,18/01/2026,09:35:19,17_T02,39.122288169,10.185635342,0.2,1714.23,97.11,501.189,2.9,38.53,13.42,1713.15,4337151.08,1781589.53
00:04:27.143,18/01/2026,09:35:20,17_T02,39.122288518,10.185636335,0.2,1714.22,97.35,501.258,2.8,38.53,13.42,1713.17,4337151.17,1781589.57
00:04:28.137,18/01/2026,09:35:21,17_T02,39.122289577,10.185638130,0.2,1714.20,97.62,501.365,2.8,38.53,13.42,1713.17,4337151.32,1781589.68
00:04:29.146,18/01/2026,09:35:22,17_T02,39.122290454,10.185639846,0.2,1714.15,97.87,501.473,2.8,38.53,13.42,1713.11,4337151.47,1781589.78
00:04:30.139,18/01/2026,09:35:23,17_T02,39.122291095,10.185640991,0.2,1714.10,97.66,501.543,2.8,38.53,13.42,1713.11,4337151.57,1781589.85
00:04:31.150,18/01/2026,09:35:24,17_T02,39.122291760,10.185642088,0.2,1714.03,97.44,501.608,2.8,38.53,13.42,1713.00,4337151.67,1781589.92
00:04:32.144,18/01/2026,09:35:25,17_T02,39.122292449,10.185643221,0.2,1713.98,97.13,501.675,2.8,38.53,13.42,1713.00,4337151.77,1781590.00
00:04:33.146,18/01/2026,09:35:26,17_T02,39.122293172,10.185644367,0.2,1713.95,96.81,501.742,2.8,38.53,13.42,1713.00,4337151.87,1781590.08
00:04:34.137,18/01/2026,09:35:27,17_T02,39.122294129,10.185646112,0.2,1713.94,96.87,501.850,2.8,38.53,13.42,1712.89,4337152.02,1781590.19
00:04:35.142,18/01/2026,09:35:28,17_T02,39.122295036,10.185648038,0.2,1713.95,97.14,501.974,2.7,38.53,13.42,1712.89,4337152.18,1781590.29
00:04:36.150,18/01/2026,09:35:29,17_T02,39.122295350,10.185649132,0.2,1713.96,97.53,502.052,2.6,38.53,13.42,1712.89,4337152.28,1781590.32
00:04:37.145,18/01/2026,09:35:30,17_T02,39.122295686,10.185650000,0.2,1713.95,97.90,502.110,2.6,38.53,13.42,1712.89,4337152.35,1781590.36
00:04:38.139,18/01/2026,09:35:31,17_T02,39.122296052,10.185650605,0.2,1713.90,98.34,502.146,2.6,38.53,13.42,1712.90,4337152.41,1781590.40
00:04:39.139,18/01/2026,09:35:32,17_T02,39.122297090,10.185652908,0.2,1713.82,98.57,502.296,2.7,38.53,13.42,1712.90,4337152.61,1781590.52
00:04:40.148,18/01/2026,09:35:33,17_T02,39.122298028,10.185655141,0.2,1713.78,98.64,502.444,2.7,38.53,13.42,1712.78,4337152.80,1781590.62
00:04:41.145,18/01/2026,09:35:34,17_T02,39.122298683,10.185656425,0.2,1713.78,98.32,502.525,2.7,38.53,13.42,1712.78,4337152.91,1781590.69
00:04:42.142,18/01/2026,09:35:35,17_T02,39.122299277,10.185657635,0.2,1713.76,98.09,502.602,2.6,38.53,13.42,1712.73,4337153.02,1781590.76
00:04:43.141,18/01/2026,09:35:36,17_T02,39.122300112,10.185658705,0.2,1713.71,97.60,502.658,2.6,38.53,13.42,1712.73,4337153.11,1781590.85
00:04:44.148,18/01/2026,09:35:37,17_T02,39.122300637,10.185660316,0.2,1713.63,97.36,502.771,2.6,38.53,13.43,1712.67,4337153.25,1781590.91
00:04:45.144,18/01/2026,09:35:38,17_T02,39.122301049,10.185661810,0.2,1713.56,97.10,502.878,2.7,38.53,13.43,1712.67,4337153.38,1781590.95
00:04:46.141,18/01/2026,09:35:39,17_T02,39.122301681,10.185662911,0.2,1713.50,96.83,502.945,2.7,38.53,13.43,1712.51,4337153.48,1781591.02
00:04:47.139,18/01/2026,09:35:40,17_T02,39.122302293,10.185664139,0.2,1713.48,96.65,503.022,2.7,38.53,13.43,1712.51,4337153.58,1781591.09
00:04:48.148,18/01/2026,09:35:41,17_T02,39.122302852,10.185665355,0.2,1713.47,96.71,503.101,2.6,38.53,13.43,1712.41,4337153.69,1781591.15
00:04:49.146,18/01/2026,09:35:42,17_T02,39.122303325,10.185666317,0.2,1713.45,96.98,503.162,2.6,38.53,13.43,1712.41,4337153.77,1781591.21
00:04:50.141,18/01/2026,09:35:43,17_T02,39.122303098,10.185667659,0.2,1713.42,97.24,503.281,2.6,38.52,13.43,1712.39,4337153.89,1781591.18
00:04:51.152,18/01/2026,09:35:44,17_T02,39.122303197,10.185669022,0.2,1713.40,97.15,503.389,2.6,38.52,13.43,1712.39,4337154.01,1781591.19
00:04:52.148,18/01/2026,09:35:45,17_T02,39.122303695,10.185670231,0.2,1713.41,97.18,503.469,2.6,38.53,13.43,1712.35,4337154.11,1781591.25
00:04:53.142,18/01/2026,09:35:46,17_T02,39.122304271,10.185671446,0.2,1713.43,97.20,503.547,2.5,38.53,13.43,1712.35,4337154.22,1781591.31
00:04:54.139,18/01/2026,09:35:47,17_T02,39.122304797,10.185672540,0.2,1713.44,97.30,503.617,2.4,38.53,13.42,1712.39,4337154.31,1781591.37
00:04:55.151,18/01/2026,09:35:48,17_T02,39.122304466,10.185675324,0.2,1713.41,98.05,503.858,2.4,38.53,13.42,1712.39,4337154.56,1781591.33
00:04:56.148,18/01/2026,09:35:49,17_T02,39.122304160,10.185677797,0.3,1713.34,98.94,504.072,2.4,38.53,13.42,1712.35,4337154.77,1781591.30
00:04:57.146,18/01/2026,09:35:50,17_T02,39.122304112,10.185678859,0.3,1713.27,99.98,504.160,2.5,38.53,13.42,1712.35,4337154.86,1781591.30
00:04:58.144,18/01/2026,09:35:51,17_T02,39.122303713,10.185679834,0.3,1713.22,101.63,504.255,2.5,38.53,13.42,1712.21,4337154.95,1781591.25
00:04:59.139,18/01/2026,09:35:52,17_T02,39.122303326,10.185680636,0.3,1713.18,103.41,504.335,2.5,38.53,13.42,1712.21,4337155.02,1781591.21
00:05:00.148,18/01/2026,09:35:53,17_T02,39.122303269,10.185681532,0.3,1713.14,104.58,504.411,2.4,38.53,13.43,1712.13,4337155.10,1781591.20
00:05:01.141,18/01/2026,09:35:54,17_T02,39.122302964,10.185680965,0.3,1713.08,105.32,504.376,2.4,38.53,13.43,1712.13,4337155.05,1781591.17
00:05:02.139,18/01/2026,09:35:55,17_T02,39.122302689,10.185680624,0.3,1713.01,105.93,504.358,2.4,38.53,13.43,1712.02,4337155.02,1781591.14
00:05:03.147,18/01/2026,09:35:56,17_T02,39.122302760,10.185681676,0.2,1712.96,106.45,504.441,2.5,38.53,13.43,1712.02,4337155.11,1781591.15
00:05:04.139,18/01/2026,09:35:57,17_T02,39.122303102,10.185682884,0.2,1712.94,106.49,504.528,2.5,38.53,13.44,1711.90,4337155.21,1781591.18
00:05:05.137,18/01/2026,09:35:58,17_T02,39.122303451,10.185684086,0.2,1712.92,106.71,504.613,2.4,38.53,13.44,1711.90,4337155.32,1781591.22
00:05:06.145,18/01/2026,09:35:59,17_T02,39.122303406,10.185685300,0.2,1712.88,107.01,504.714,2.4,38.53,13.43,1711.87,4337155.42,1781591.22
00:05:07.142,18/01/2026,09:36:00,17_T02,39.122303259,10.185686371,0.2,1712.81,107.39,504.807,2.4,38.53,13.43,1711.87,4337155.52,1781591.20
00:05:08.142,18/01/2026,09:36:01,17_T02,39.122303647,10.185687594,0.2,1712.74,107.37,504.893,2.5,38.53,13.43,1711.75,4337155.62,1781591.25
00:05:09.148,18/01/2026,09:36:02,17_T02,39.122303965,10.185688823,0.2,1712.68,107.40,504.982,2.5,38.53,13.43,1711.75,4337155.73,1781591.28
00:05:10.137,18/01/2026,09:36:03,17_T02,39.122304343,10.185689903,0.2,1712.63,107.41,505.056,2.5,38.53,13.43,1711.62,4337155.82,1781591.32
00:05:11.143,18/01/2026,09:36:04,17_T02,39.122304700,10.185690894,0.2,1712.58,107.50,505.124,2.5,38.53,13.43,1711.62,4337155.91,1781591.36
00:05:12.150,18/01/2026,09:36:05,17_T02,39.122304566,10.185691349,0.2,1712.53,107.65,505.166,2.5,38.53,13.43,1711.50,4337155.95,1781591.35
00:05:13.145,18/01/2026,09:36:06,17_T02,39.122304253,10.185691914,0.2,1712.51,108.22,505.224,2.5,38.53,13.43,1711.50,4337156.00,1781591.31
00:05:14.142,18/01/2026,09:36:07,17_T02,39.122304259,10.185692920,0.2,1712.47,108.92,505.306,2.5,38.53,13.43,1711.44,4337156.09,1781591.31
00:05:15.139,18/01/2026,09:36:08,17_T02,39.122304404,10.185693936,0.2,1712.43,109.44,505.384,2.5,38.53,13.43,1711.44,4337156.18,1781591.33
00:05:16.136,18/01/2026,09:36:09,17_T02,39.122304526,10.185694959,0.2,1712.39,109.92,505.463,2.5,38.53,13.44,1711.36,4337156.26,1781591.34
00:05:17.137,18/01/2026,09:36:10,17_T02,39.122304463,10.185695674,0.2,1712.35,110.30,505.524,2.5,38.53,13.44,1711.36,4337156.33,1781591.34
00:05:18.136,18/01/2026,09:36:11,17_T02,39.122304612,10.185696531,0.2,1712.32,110.37,505.589,2.5,38.53,13.43,1711.29,4337156.40,1781591.35
00:05:19.146,18/01/2026,09:36:12,17_T02,39.122305021,10.185697928,0.2,1712.30,110.26,505.688,2.4,38.53,13.43,1711.29,4337156.52,1781591.40
00:05:20.144,18/01/2026,09:36:13,17_T02,39.122305024,10.185699083,0.2,1712.29,111.02,505.783,2.4,38.53,13.43,1711.24,4337156.62,1781591.40
00:05:21.143,18/01/2026,09:36:14,17_T02,39.122304891,10.185699932,0.2,1712.25,112.04,505.857,2.3,38.53,13.43,1711.24,4337156.70,1781591.39
00:05:22.151,18/01/2026,09:36:15,17_T02,39.122304989,10.185701356,0.2,1712.17,112.89,505.970,2.3,38.53,13.43,1711.17,4337156.82,1781591.40
00:05:23.147,18/01/2026,09:36:16,17_T02,39.122305160,10.185702928,0.2,1712.07,113.47,506.093,2.4,38.53,13.43,1711.17,4337156.96,1781591.42
00:05:24.143,18/01/2026,09:36:17,17_T02,39.122305319,10.185704194,0.2,1712.00,113.82,506.190,2.5,38.53,13.43,1710.98,4337157.07,1781591.43
00:05:25.143,18/01/2026,09:36:18,17_T02,39.122305564,10.185705549,0.2,1711.97,113.90,506.292,2.5,38.53,13.43,1710.98,4337157.19,1781591.46
00:05:26.139,18/01/2026,09:36:19,17_T02,39.122305782,10.185706992,0.2,1711.98,113.83,506.402,2.4,38.52,13.43,1710.95,4337157.31,1781591.49
00:05:27.150,18/01/2026,09:36:20,17_T02,39.122306129,10.185708182,0.2,1711.98,113.65,506.487,2.3,38.52,13.43,1710.95,4337157.41,1781591.52
00:05:28.145,18/01/2026,09:36:21,17_T02,39.122306491,10.185710253,0.2,1711.91,113.53,506.643,2.3,38.53,13.43,1710.90,4337157.59,1781591.56
00:05:29.142,18/01/2026,09:36:22,17_T02,39.122306964,10.185712358,0.2,1711.81,113.25,506.798,2.4,38.53,13.43,1710.90,4337157.78,1781591.62
00:05:30.139,18/01/2026,09:36:23,17_T02,39.122307265,10.185713501,0.2,1711.71,113.30,506.880,2.5,38.53,13.43,1710.71,4337157.88,1781591.65
00:05:31.147,18/01/2026,09:36:24,17_T02,39.122307524,10.185714851,0.2,1711.65,113.34,506.981,2.5,38.53,13.43,1710.71,4337157.99,1781591.68
00:05:32.148,18/01/2026,09:36:25,17_T02,39.122307722,10.185716260,0.2,1711.65,113.24,507.089,2.5,38.53,13.43,1710.71,4337158.12,1781591.70
00:05:33.146,18/01/2026,09:36:26,17_T02,39.122307574,10.185716953,0.2,1711.67,113.06,507.151,2.4,38.52,13.43,1710.61,4337158.18,1781591.69
00:05:34.152,18/01/2026,09:36:27,17_T02,39.122307430,10.185717348,0.2,1711.66,113.00,507.189,2.3,38.52,13.43,1710.61,4337158.21,1781591.67
00:05:35.145,18/01/2026,09:36:28,17_T02,39.122307704,10.185718424,0.2,1711.59,113.06,507.267,2.3,38.52,13.43,1710.63,4337158.31,1781591.70
00:05:36.139,18/01/2026,09:36:29,17_T02,39.122308075,10.185719521,0.2,1711.48,112.95,507.343,2.4,38.52,13.43,1710.63,4337158.40,1781591.74
00:05:37.145,18/01/2026,09:36:30,17_T02,39.122308371,10.185720806,0.2,1711.39,112.90,507.437,2.5,38.53,13.43,1710.47,4337158.51,1781591.77
00:05:38.150,18/01/2026,09:36:31,17_T02,39.122308642,10.185722221,0.2,1711.36,112.83,507.543,2.5,38.53,13.43,1710.47,4337158.64,1781591.80
00:05:39.146,18/01/2026,09:36:32,17_T02,39.122309095,10.185723717,0.2,1711.37,112.98,507.649,2.4,38.53,13.44,1710.33,4337158.77,1781591.85
00:05:40.151,18/01/2026,09:36:33,17_T02,39.122309593,10.185725116,0.2,1711.37,113.10,507.745,2.4,38.53,13.44,1710.33,4337158.89,1781591.91
00:05:41.145,18/01/2026,09:36:34,17_T02,39.122309707,10.185726071,0.2,1711.34,113.48,507.819,2.3,38.53,13.43,1710.33,4337158.97,1781591.92
00:05:42.136,18/01/2026,09:36:35,17_T02,39.122309913,10.185726802,0.2,1711.26,113.71,507.871,2.3,38.53,13.43,1710.33,4337159.03,1781591.95
00:05:43.141,18/01/2026,09:36:36,17_T02,39.122309875,10.185727624,0.2,1711.17,114.40,507.940,2.4,38.53,13.43,1710.23,4337159.11,1781591.94
00:05:44.136,18/01/2026,09:36:37,17_T02,39.122310192,10.185728321,0.2,1711.11,115.72,507.985,2.5,38.53,13.43,1710.23,4337159.17,1781591.98
00:05:45.140,18/01/2026,09:36:38,17_T02,39.122310556,10.185729091,0.2,1711.08,117.07,508.035,2.5,38.53,13.44,1710.07,4337159.23,1781592.02
00:05:46.149,18/01/2026,09:36:39,17_T02,39.122310249,10.185730085,0.2,1711.07,118.18,508.127,2.4,38.53,13.44,1710.07,4337159.32,1781591.98
00:05:47.140,18/01/2026,09:36:40,17_T02,39.122310009,10.185731042,0.2,1711.05,118.95,508.215,2.3,38.52,13.45,1710.02,4337159.40,1781591.96
00:05:48.151,18/01/2026,09:36:41,17_T02,39.122310184,10.185732203,0.2,1711.03,118.99,508.303,2.3,38.52,13.45,1710.02,4337159.50,1781591.98
00:05:49.142,18/01/2026,09:36:42,17_T02,39.122310554,10.185733470,0.2,1710.98,118.63,508.393,2.3,38.53,13.43,1710.00,4337159.61,1781592.02
00:05:50.137,18/01/2026,09:36:43,17_T02,39.122311432,10.185734339,0.2,1710.91,117.88,508.432,2.3,38.53,13.43,1710.00,4337159.69,1781592.11
00:05:51.144,18/01/2026,09:36:44,17_T02,39.122312164,10.185735304,0.2,1710.81,117.20,508.484,2.4,38.54,13.44,1709.86,4337159.77,1781592.20
00:05:52.139,18/01/2026,09:36:45,17_T02,39.122312531,10.185736764,0.2,1710.74,116.69,508.589,2.4,38.54,13.44,1709.86,4337159.90,1781592.24
00:05:53.136,18/01/2026,09:36:46,17_T02,39.122312776,10.185738067,0.2,1710.72,116.55,508.687,2.4,38.53,13.46,1709.70,4337160.01,1781592.26
00:05:54.146,18/01/2026,09:36:47,17_T02,39.122313125,10.185739440,0.2,1710.73,116.32,508.787,2.4,38.53,13.46,1709.70,4337160.13,1781592.30
00:05:55.142,18/01/2026,09:36:48,17_T02,39.122313967,10.185739447,0.2,1710.72,116.34,508.756,2.3,38.51,13.45,1709.69,4337160.13,1781592.40
00:05:56.138,18/01/2026,09:36:49,17_T02,39.122314752,10.185739118,0.2,1710.65,116.45,508.700,2.3,38.51,13.45,1709.69,4337160.10,1781592.48
00:05:57.150,18/01/2026,09:36:50,17_T02,39.122315083,10.185739712,0.2,1710.55,116.40,508.736,2.4,38.53,13.42,1709.60,4337160.16,1781592.52
00:05:58.145,18/01/2026,09:36:51,17_T02,39.122315505,10.185740937,0.2,1710.48,116.09,508.821,2.5,38.53,13.42,1709.60,4337160.26,1781592.57
00:05:59.142,18/01/2026,09:36:52,17_T02,39.122315632,10.185742238,0.2,1710.47,116.32,508.922,2.5,38.53,13.44,1709.43,4337160.38,1781592.58
00:06:00.139,18/01/2026,09:36:53,17_T02,39.122315459,10.185743309,0.2,1710.49,116.96,509.017,2.4,38.53,13.44,1709.43,4337160.47,1781592.56
00:06:01.147,18/01/2026,09:36:54,17_T02,39.122315340,10.185744241,0.2,1710.52,117.29,509.097,2.3,38.52,13.44,1709.47,4337160.55,1781592.55
00:06:02.147,18/01/2026,09:36:55,17_T02,39.122315338,10.185745261,0.2,1710.48,117.39,509.181,2.2,38.52,13.44,1709.47,4337160.64,1781592.55
00:06:03.144,18/01/2026,09:36:56,17_T02,39.122315735,10.185746458,0.2,1710.38,117.14,509.264,2.3,38.53,13.42,1709.42,4337160.74,1781592.59
00:06:04.141,18/01/2026,09:36:57,17_T02,39.122315919,10.185747561,0.2,1710.29,117.25,509.348,2.4,38.53,13.42,1709.42,4337160.84,1781592.61
00:06:05.151,18/01/2026,09:36:58,17_T02,39.122316115,10.185748893,0.2,1710.25,117.21,509.450,2.4,38.53,13.44,1709.24,4337160.95,1781592.63
00:06:06.146,18/01/2026,09:36:59,17_T02,39.122316603,10.185750402,0.2,1710.24,117.19,509.555,2.4,38.53,13.44,1709.24,4337161.09,1781592.69
00:06:07.140,18/01/2026,09:37:00,17_T02,39.122317054,10.185751676,0.2,1710.23,117.31,509.643,2.3,38.52,13.43,1709.20,4337161.20,1781592.74
00:06:08.140,18/01/2026,09:37:01,17_T02,39.122317406,10.185752510,0.2,1710.19,117.25,509.698,2.3,38.52,13.43,1709.20,4337161.27,1781592.78
00:06:09.139,18/01/2026,09:37:02,17_T02,39.122317766,10.185753522,0.2,1710.12,117.09,509.767,2.3,38.53,13.42,1709.14,4337161.36,1781592.82
00:06:10.160,18/01/2026,09:37:03,17_T02,39.122317925,10.185754699,0.2,1710.05,117.04,509.858,2.4,38.53,13.42,1709.14,4337161.46,1781592.84
00:06:11.146,18/01/2026,09:37:04,17_T02,39.122317978,10.185756026,0.2,1710.02,116.90,509.964,2.4,38.53,13.43,1708.99,4337161.57,1781592.84
00:06:12.150,18/01/2026,09:37:05,17_T02,39.122318025,10.185757502,0.2,1710.01,116.80,510.084,2.4,38.53,13.43,1708.99,4337161.70,1781592.85
00:06:13.141,18/01/2026,09:37:06,17_T02,39.122318497,10.185758647,0.2,1710.01,116.54,510.160,2.3,38.53,13.43,1708.97,4337161.80,1781592.90
00:06:14.137,18/01/2026,09:37:07,17_T02,39.122318845,10.185759738,0.2,1709.96,116.41,510.236,2.3,38.53,13.43,1708.97,4337161.90,1781592.94
00:06:15.147,18/01/2026,09:37:08,17_T02,39.122319087,10.185760871,0.2,1709.87,116.51,510.320,2.4,38.54,13.43,1708.88,4337162.00,1781592.97
00:06:16.141,18/01/2026,09:37:09,17_T02,39.122319258,10.185762109,0.2,1709.80,116.77,510.415,2.4,38.54,13.43,1708.88,4337162.10,1781592.98
00:06:17.142,18/01/2026,09:37:10,17_T02,39.122318208,10.185762557,0.2,1709.76,117.40,510.491,2.4,38.53,13.45,1708.73,4337162.14,1781592.87
00:06:18.148,18/01/2026,09:37:11,17_T02,39.122316952,10.185762951,0.2,1709.75,118.36,510.570,2.4,38.53,13.45,1708.73,4337162.18,1781592.73
00:06:19.139,18/01/2026,09:37:12,17_T02,39.122316784,10.185764085,0.2,1709.75,118.89,510.669,2.3,38.52,13.44,1708.71,4337162.28,1781592.71
00:06:20.145,18/01/2026,09:37:13,17_T02,39.122316854,10.185765208,0.2,1709.70,119.05,510.758,2.3,38.52,13.44,1708.71,4337162.37,1781592.72
00:06:21.136,18/01/2026,09:37:14,17_T02,39.122317144,10.185766243,0.2,1709.62,118.77,510.832,2.3,38.53,13.44,1708.62,4337162.46,1781592.75
00:06:22.145,18/01/2026,09:37:15,17_T02,39.122318579,10.185768652,0.2,1709.53,118.57,510.976,2.3,38.53,13.44,1708.62,4337162.67,1781592.91
00:06:23.137,18/01/2026,09:37:16,17_T02,39.122320094,10.185771115,0.2,1709.45,118.16,511.121,2.4,38.53,13.45,1708.45,4337162.89,1781593.08
00:06:24.141,18/01/2026,09:37:17,17_T02,39.122320589,10.185772853,0.2,1709.41,117.32,511.245,2.4,38.53,13.45,1708.45,4337163.04,1781593.13
00:06:25.147,18/01/2026,09:37:18,17_T02,39.122321002,10.185774396,0.2,1709.40,116.80,511.356,2.4,38.52,13.44,1708.36,4337163.17,1781593.18
00:06:26.142,18/01/2026,09:37:19,17_T02,39.122321347,10.185775876,0.2,1709.38,116.61,511.465,2.3,38.52,13.44,1708.36,4337163.30,1781593.22
00:06:27.139,18/01/2026,09:37:20,17_T02,39.122321018,10.185776743,0.2,1709.34,117.30,511.548,2.3,38.53,13.44,1708.32,4337163.38,1781593.18
00:06:28.148,18/01/2026,09:37:21,17_T02,39.122319782,10.185775391,0.2,1709.26,118.74,511.483,2.4,38.53,13.44,1708.32,4337163.26,1781593.04
00:06:29.146,18/01/2026,09:37:22,17_T02,39.122318717,10.185774461,0.2,1709.20,120.08,511.447,2.4,38.53,13.44,1708.32,4337163.18,1781592.93
00:06:30.143,18/01/2026,09:37:23,17_T02,39.122317469,10.185774767,0.2,1709.17,122.48,511.518,2.4,38.53,13.44,1708.18,4337163.20,1781592.79
00:06:31.149,18/01/2026,09:37:24,17_T02,39.122316190,10.185775079,0.2,1709.15,124.76,511.591,2.3,38.53,13.44,1708.18,4337163.23,1781592.65
00:06:32.148,18/01/2026,09:37:25,17_T02,39.122315139,10.185775458,0.2,1709.14,126.30,511.662,2.3,38.53,13.43,1708.12,4337163.27,1781592.53
00:06:33.143,18/01/2026,09:37:26,17_T02,39.122315385,10.185777230,0.2,1709.11,126.38,511.798,2.3,38.53,13.43,1708.12,4337163.42,1781592.56
00:06:34.136,18/01/2026,09:37:27,17_T02,39.122315431,10.185778842,0.2,1709.05,126.71,511.928,2.3,38.53,13.42,1708.06,4337163.56,1781592.57
00:06:35.147,18/01/2026,09:37:28,17_T02,39.122314904,10.185779645,0.2,1709.00,127.15,512.013,2.4,38.53,13.42,1708.06,4337163.63,1781592.51
00:06:36.140,18/01/2026,09:37:29,17_T02,39.122314319,10.185780532,0.2,1708.97,127.53,512.108,2.3,38.53,13.42,1707.97,4337163.71,1781592.44
00:06:37.149,18/01/2026,09:37:30,17_T02,39.122313821,10.185781474,0.2,1708.97,127.41,512.203,2.3,38.53,13.42,1707.97,4337163.79,1781592.39
00:06:38.146,18/01/2026,09:37:31,17_T02,39.122314171,10.185781652,0.2,1708.97,127.16,512.205,2.3,38.53,13.42,1707.93,4337163.80,1781592.43
00:06:39.141,18/01/2026,09:37:32,17_T02,39.122314400,10.185781618,0.2,1708.95,127.50,512.194,2.3,38.53,13.42,1707.93,4337163.80,1781592.45
00:06:40.138,18/01/2026,09:37:33,17_T02,39.122313603,10.185781976,0.2,1708.91,128.71,512.253,2.3,38.53,13.42,1707.90,4337163.83,1781592.36
00:06:41.137,18/01/2026,09:37:34,17_T02,39.122312393,10.185782028,0.2,1708.88,130.64,512.302,2.3,38.53,13.42,1707.90,4337163.84,1781592.23
00:06:42.148,18/01/2026,09:37:35,17_T02,39.122310982,10.185781925,0.2,1708.85,132.66,512.346,2.3,38.53,13.42,1707.84,4337163.83,1781592.08
00:06:43.153,18/01/2026,09:37:36,17_T02,39.122310058,10.185782241,0.2,1708.84,133.84,512.406,2.3,38.53,13.42,1707.84,4337163.86,1781591.97
00:06:44.137,18/01/2026,09:37:37,17_T02,39.122308739,10.185781776,0.2,1708.82,134.36,512.417,2.3,38.53,13.42,1707.77,4337163.82,1781591.83
00:06:45.137,18/01/2026,09:37:38,17_T02,39.122307592,10.185781416,0.2,1708.80,134.62,512.430,2.2,38.53,13.42,1707.77,4337163.79,1781591.70
00:06:46.146,18/01/2026,09:37:39,17_T02,39.122306995,10.185782147,0.2,1708.76,134.57,512.512,2.2,38.53,13.42,1707.76,4337163.85,1781591.64
00:06:47.139,18/01/2026,09:37:40,17_T02,39.122306474,10.185782758,0.2,1708.71,134.72,512.582,2.2,38.53,13.42,1707.76,4337163.90,1781591.58
00:06:48.144,18/01/2026,09:37:41,17_T02,39.122305782,10.185783237,0.2,1708.68,135.39,512.647,2.3,38.53,13.42,1707.66,4337163.94,1781591.50
00:06:49.149,18/01/2026,09:37:42,17_T02,39.122305266,10.185784328,0.2,1708.65,136.85,512.755,2.3,38.53,13.42,1707.66,4337164.04,1781591.45
00:06:50.140,18/01/2026,09:37:43,17_T02,39.122304549,10.185784857,0.2,1708.63,138.69,512.825,2.2,38.53,13.42,1707.60,4337164.09,1781591.37
00:06:51.148,18/01/2026,09:37:44,17_T02,39.122303287,10.185784740,0.2,1708.62,140.34,512.863,2.2,38.53,13.42,1707.60,4337164.08,1781591.23
00:06:52.137,18/01/2026,09:37:45,17_T02,39.122302429,10.185785189,0.2,1708.62,141.04,512.931,2.2,38.53,13.42,1707.57,4337164.12,1781591.13
00:06:53.144,18/01/2026,09:37:46,17_T02,39.122301800,10.185785542,0.2,1708.60,141.71,512.984,2.2,38.53,13.42,1707.57,4337164.15,1781591.06
00:06:54.149,18/01/2026,09:37:47,17_T02,39.122301222,10.185785682,0.2,1708.57,142.38,513.017,2.2,38.53,13.42,1707.56,4337164.16,1781591.00
00:06:55.139,18/01/2026,09:37:48,17_T02,39.122300212,10.185785616,0.2,1708.53,142.95,513.049,2.2,38.53,13.42,1707.56,4337164.15,1781590.89
00:06:56.143,18/01/2026,09:37:49,17_T02,39.122299252,10.185785871,0.2,1708.50,143.13,513.106,2.2,38.53,13.42,1707.47,4337164.18,1781590.78
00:06:57.139,18/01/2026,09:37:50,17_T02,39.122298690,10.185786740,0.2,1708.51,142.93,513.198,2.3,38.53,13.42,1707.47,4337164.25,1781590.72
00:06:58.145,18/01/2026,09:37:51,17_T02,39.122298258,10.185787619,0.2,1708.54,142.56,513.286,2.2,38.53,13.44,1707.47,4337164.33,1781590.67
00:06:59.140,18/01/2026,09:37:52,17_T02,39.122297625,10.185788072,0.2,1708.55,142.51,513.346,2.1,38.53,13.44,1707.47,4337164.37,1781590.60
00:07:00.146,18/01/2026,09:37:53,17_T02,39.122297082,10.185789437,0.2,1708.52,142.15,513.478,2.2,38.53,13.43,1707.49,4337164.49,1781590.54
00:07:01.137,18/01/2026,09:37:54,17_T02,39.122296664,10.185790844,0.2,1708.46,141.69,513.609,2.2,38.53,13.43,1707.49,4337164.61,1781590.50
00:07:02.151,18/01/2026,09:37:55,17_T02,39.122296090,10.185791950,0.2,1708.44,141.51,513.721,2.2,38.53,13.43,1707.39,4337164.71,1781590.43
00:07:03.150,18/01/2026,09:37:56,17_T02,39.122295113,10.185792677,0.2,1708.45,142.10,513.817,2.2,38.53,13.43,1707.39,4337164.77,1781590.33
00:07:04.144,18/01/2026,09:37:57,17_T02,39.122293888,10.185793167,0.2,1708.46,142.94,513.903,2.1,38.53,13.44,1707.41,4337164.81,1781590.19
00:07:05.140,18/01/2026,09:37:58,17_T02,39.122292324,10.185793227,0.2,1708.45,143.52,513.966,2.1,38.53,13.44,1707.41,4337164.82,1781590.02
00:07:06.136,18/01/2026,09:37:59,17_T02,39.122291087,10.185793916,0.2,1708.40,143.31,514.068,2.1,38.53,13.43,1707.38,4337164.88,1781589.88
00:07:07.151,18/01/2026,09:38:00,17_T02,39.122290277,10.185795031,0.3,1708.34,143.17,514.190,2.2,38.53,13.43,1707.38,4337164.97,1781589.79
00:07:08.146,18/01/2026,09:38:01,17_T02,39.122289237,10.185796073,0.3,1708.31,143.28,514.314,2.2,38.53,13.43,1707.28,4337165.07,1781589.68
00:07:09.141,18/01/2026,09:38:02,17_T02,39.122287827,10.185797072,0.3,1708.31,143.54,514.448,2.2,38.53,13.43,1707.28,4337165.15,1781589.52
00:07:10.151,18/01/2026,09:38:03,17_T02,39.122286738,10.185797812,0.3,1708.31,143.75,514.549,2.1,38.52,13.43,1707.26,4337165.22,1781589.40
00:07:11.146,18/01/2026,09:38:04,17_T02,39.122285939,10.185797995,0.3,1708.27,143.75,514.594,2.2,38.52,13.43,1707.26,4337165.23,1781589.32
00:07:12.141,18/01/2026,09:38:05,17_T02,39.122285425,10.185798170,0.2,1708.21,143.67,514.627,2.2,38.53,13.42,1707.20,4337165.25,1781589.26
00:07:13.138,18/01/2026,09:38:06,17_T02,39.122284539,10.185799211,0.2,1708.16,143.47,514.746,2.2,38.53,13.42,1707.20,4337165.34,1781589.16
00:07:14.146,18/01/2026,09:38:07,17_T02,39.122283575,10.185800565,0.2,1708.15,142.99,514.892,2.3,38.53,13.42,1707.10,4337165.46,1781589.06
00:07:15.143,18/01/2026,09:38:08,17_T02,39.122282325,10.185801662,0.2,1708.19,142.87,515.029,2.2,38.53,13.42,1707.10,4337165.55,1781588.92
00:07:16.146,18/01/2026,09:38:09,17_T02,39.122282461,10.185803379,0.2,1708.21,142.59,515.164,2.1,38.53,13.42,1707.15,4337165.70,1781588.93
00:07:17.136,18/01/2026,09:38:10,17_T02,39.122282559,10.185804998,0.3,1708.19,142.24,515.293,2.1,38.53,13.42,1707.15,4337165.84,1781588.94
00:07:18.141,18/01/2026,09:38:11,17_T02,39.122281659,10.185806005,0.3,1708.14,142.19,515.409,2.1,38.53,13.42,1707.11,4337165.93,1781588.84
00:07:19.149,18/01/2026,09:38:12,17_T02,39.122280554,10.185807077,0.3,1708.12,142.34,515.538,2.2,38.53,13.42,1707.11,4337166.03,1781588.72
00:07:20.139,18/01/2026,09:38:13,17_T02,39.122279266,10.185808082,0.3,1708.13,142.71,515.668,2.1,38.53,13.43,1707.08,4337166.11,1781588.58
00:07:21.145,18/01/2026,09:38:14,17_T02,39.122278139,10.185808965,0.3,1708.14,142.94,515.783,2.1,38.53,13.43,1707.08,4337166.19,1781588.46
00:07:22.135,18/01/2026,09:38:15,17_T02,39.122276499,10.185808042,0.3,1708.13,143.02,515.768,2.0,38.53,13.43,1707.08,4337166.11,1781588.28
00:07:23.138,18/01/2026,09:38:16,17_T02,39.122274768,10.185807428,0.3,1708.09,142.78,515.782,2.1,38.53,13.43,1707.08,4337166.06,1781588.08
00:07:24.148,18/01/2026,09:38:17,17_T02,39.122273823,10.185808617,0.3,1708.03,142.50,515.915,2.1,38.53,13.43,1707.00,4337166.16,1781587.98
00:07:25.143,18/01/2026,09:38:18,17_T02,39.122272819,10.185809660,0.3,1708.00,142.50,516.037,2.1,38.53,13.43,1707.00,4337166.25,1781587.87
00:07:26.148,18/01/2026,09:38:19,17_T02,39.122271480,10.185810540,0.3,1707.99,142.92,516.159,2.2,38.53,13.43,1706.94,4337166.33,1781587.72
00:07:27.141,18/01/2026,09:38:20,17_T02,39.122269783,10.185810625,0.3,1708.00,142.96,516.230,2.1,38.53,13.43,1706.94,4337166.34,1781587.54
00:07:28.144,18/01/2026,09:38:21,17_T02,39.122268060,10.185810439,0.3,1708.01,143.17,516.278,2.1,38.53,13.43,1706.94,4337166.32,1781587.35
00:07:29.139,18/01/2026,09:38:22,17_T02,39.122267042,10.185811419,0.3,1707.99,143.06,516.397,2.0,38.53,13.42,1706.95,4337166.41,1781587.23
00:07:30.148,18/01/2026,09:38:23,17_T02,39.122266116,10.185812573,0.3,1707.95,142.64,516.526,2.1,38.53,13.42,1706.95,4337166.51,1781587.13
00:07:31.144,18/01/2026,09:38:24,17_T02,39.122265194,10.185813721,0.3,1707.91,142.34,516.654,2.1,38.53,13.43,1706.91,4337166.61,1781587.03
00:07:32.142,18/01/2026,09:38:25,17_T02,39.122263366,10.185814484,0.3,1707.88,142.35,516.784,2.1,38.53,13.43,1706.91,4337166.67,1781586.83
00:07:33.142,18/01/2026,09:38:26,17_T02,39.122261679,10.185815114,0.3,1707.89,142.54,516.899,2.1,38.53,13.43,1706.81,4337166.73,1781586.64
00:07:34.147,18/01/2026,09:38:27,17_T02,39.122260625,10.185816224,0.3,1707.91,142.48,517.029,2.1,38.53,13.43,1706.81,4337166.83,1781586.53
00:07:35.139,18/01/2026,09:38:28,17_T02,39.122259676,10.185817155,0.3,1707.89,142.34,517.140,2.0,38.53,13.43,1706.83,4337166.91,1781586.42
00:07:36.146,18/01/2026,09:38:29,17_T02,39.122258680,10.185818040,0.3,1707.85,142.38,517.250,2.1,38.53,13.43,1706.83,4337166.98,1781586.31
00:07:37.145,18/01/2026,09:38:30,17_T02,39.122257362,10.185818579,0.3,1707.81,143.18,517.343,2.1,38.53,13.43,1706.79,4337167.03,1781586.17
00:07:38.141,18/01/2026,09:38:31,17_T02,39.122254925,10.185818304,0.3,1707.80,144.32,517.411,2.1,38.53,13.43,1706.79,4337167.01,1781585.90
00:07:39.149,18/01/2026,09:38:32,17_T02,39.122252767,10.185818352,0.3,1707.80,145.14,517.496,2.1,38.53,13.43,1706.74,4337167.01,1781585.66
00:07:40.146,18/01/2026,09:38:33,17_T02,39.122251410,10.185818900,0.3,1707.81,145.81,517.591,2.0,38.53,13.43,1706.74,4337167.06,1781585.51
00:07:41.141,18/01/2026,09:38:34,17_T02,39.122250358,10.185819919,0.3,1707.80,145.68,517.714,2.0,38.53,13.43,1706.75,4337167.15,1781585.39
00:07:42.148,18/01/2026,09:38:35,17_T02,39.122249323,10.185821027,0.3,1707.78,145.37,517.843,2.1,38.53,13.43,1706.75,4337167.25,1781585.28
00:07:43.141,18/01/2026,09:38:36,17_T02,39.122248545,10.185821554,0.3,1707.76,144.92,517.915,2.1,38.53,13.44,1706.72,4337167.29,1781585.19
00:07:44.140,18/01/2026,09:38:37,17_T02,39.122247504,10.185822003,0.3,1707.74,144.88,517.990,2.0,38.53,13.44,1706.72,4337167.33,1781585.08
00:07:45.140,18/01/2026,09:38:38,17_T02,39.122246379,10.185822757,0.3,1707.74,145.04,518.094,2.1,38.53,13.43,1706.68,4337167.40,1781584.96
00:07:46.137,18/01/2026,09:38:39,17_T02,39.122245060,10.185823734,0.3,1707.73,145.17,518.223,2.0,38.53,13.43,1706.68,4337167.48,1781584.81
00:07:47.147,18/01/2026,09:38:40,17_T02,39.122243865,10.185824794,0.3,1707.72,145.19,518.354,2.1,38.53,13.43,1706.67,4337167.58,1781584.68
00:07:48.144,18/01/2026,09:38:41,17_T02,39.122242932,10.185825103,0.3,1707.71,145.83,518.414,2.1,38.53,13.43,1706.67,4337167.60,1781584.58
00:07:49.151,18/01/2026,09:38:42,17_T02,39.122242124,10.185825938,0.3,1707.69,145.78,518.513,2.1,38.53,13.42,1706.64,4337167.68,1781584.49
00:07:50.145,18/01/2026,09:38:43,17_T02,39.122240843,10.185827025,0.3,1707.68,145.71,518.650,2.1,38.53,13.42,1706.64,4337167.77,1781584.35
00:07:51.142,18/01/2026,09:38:44,17_T02,39.122239717,10.185828170,0.3,1707.68,145.43,518.785,2.0,38.53,13.42,1706.62,4337167.87,1781584.22
00:07:52.150,18/01/2026,09:38:45,17_T02,39.122238474,10.185829213,0.3,1707.67,145.33,518.917,2.0,38.53,13.42,1706.62,4337167.96,1781584.08
00:07:53.139,18/01/2026,09:38:46,17_T02,39.122237314,10.185830604,0.3,1707.66,144.89,519.074,2.1,38.53,13.42,1706.60,4337168.08,1781583.96
00:07:54.148,18/01/2026,09:38:47,17_T02,39.122236832,10.185832579,0.3,1707.65,144.43,519.254,2.1,38.53,13.42,1706.60,4337168.25,1781583.90
00:07:55.141,18/01/2026,09:38:48,17_T02,39.122236034,10.185833995,0.3,1707.64,144.79,519.399,2.1,38.53,13.42,1706.58,4337168.38,1781583.82
00:07:56.149,18/01/2026,09:38:49,17_T02,39.122234516,10.185834769,0.3,1707.63,145.32,519.519,2.0,38.53,13.42,1706.58,4337168.45,1781583.65
00:07:57.139,18/01/2026,09:38:50,17_T02,39.122233317,10.185835755,0.3,1707.62,145.52,519.645,2.0,38.53,13.42,1706.56,4337168.53,1781583.52
00:07:58.144,18/01/2026,09:38:51,17_T02,39.122231974,10.185836902,0.3,1707.62,145.64,519.789,2.0,38.53,13.42,1706.56,4337168.63,1781583.37
00:07:59.148,18/01/2026,09:38:52,17_T02,39.122230426,10.185837068,0.3,1707.61,145.90,519.860,2.0,38.53,13.43,1706.55,4337168.65,1781583.20
00:08:00.138,18/01/2026,09:38:53,17_T02,39.122229079,10.185837505,0.3,1707.61,145.75,519.946,2.0,38.53,13.43,1706.55,4337168.68,1781583.05
00:08:01.155,18/01/2026,09:38:54,17_T02,39.122228145,10.185838504,0.3,1707.59,145.49,520.062,2.0,38.53,13.43,1706.53,4337168.77,1781582.95
00:08:02.143,18/01/2026,09:38:55,17_T02,39.122227292,10.185839452,0.3,1707.56,145.28,520.172,2.0,38.53,13.43,1706.53,4337168.85,1781582.85
00:08:03.139,18/01/2026,09:38:56,17_T02,39.122226427,10.185840372,0.3,1707.54,145.12,520.279,2.1,38.53,13.43,1706.50,4337168.94,1781582.76
00:08:04.135,18/01/2026,09:38:57,17_T02,39.122225173,10.185841509,0.3,1707.53,144.98,520.419,2.1,38.53,13.43,1706.50,4337169.03,1781582.62
00:08:05.145,18/01/2026,09:38:58,17_T02,39.122223694,10.185843400,0.3,1707.55,144.44,520.629,2.0,38.53,13.43,1706.47,4337169.20,1781582.46
00:08:06.144,18/01/2026,09:38:59,17_T02,39.122222230,10.185845032,0.3,1707.58,144.15,520.817,2.0,38.53,13.43,1706.47,4337169.34,1781582.30
00:08:07.135,18/01/2026,09:39:00,17_T02,39.122220819,10.185845607,0.3,1707.57,144.75,520.917,2.0,38.53,13.42,1706.51,4337169.39,1781582.14
00:08:08.143,18/01/2026,09:39:01,17_T02,39.122219187,10.185845579,0.3,1707.55,146.08,520.975,2.0,38.53,13.42,1706.51,4337169.39,1781581.96
00:08:09.149,18/01/2026,09:39:02,17_T02,39.122217393,10.185845596,0.3,1707.54,147.41,521.043,2.0,38.53,13.43,1706.46,4337169.39,1781581.76
00:08:10.146,18/01/2026,09:39:03,17_T02,39.122215028,10.185845691,0.3,1707.55,148.58,521.139,2.0,38.53,13.43,1706.46,4337169.40,1781581.50
00:08:11.139,18/01/2026,09:39:04,17_T02,39.122213006,10.185846030,0.3,1707.59,149.13,521.242,2.0,38.53,13.43,1706.51,4337169.43,1781581.28
00:08:12.149,18/01/2026,09:39:05,17_T02,39.122211351,10.185846533,0.3,1707.61,149.10,521.345,2.0,38.53,13.43,1706.51,4337169.47,1781581.10
00:08:13.148,18/01/2026,09:39:06,17_T02,39.122210269,10.185847513,0.3,1707.61,148.01,521.465,2.0,38.53,13.42,1706.55,4337169.56,1781580.98
00:08:14.141,18/01/2026,09:39:07,17_T02,39.122209268,10.185849066,0.3,1707.61,146.36,521.630,2.0,38.53,13.42,1706.55,4337169.70,1781580.87
00:08:15.138,18/01/2026,09:39:08,17_T02,39.122208136,10.185850615,0.4,1707.62,144.33,521.799,2.0,38.53,13.42,1706.54,4337169.83,1781580.74
00:08:16.147,18/01/2026,09:39:09,17_T02,39.122206960,10.185851864,0.4,1707.66,142.72,521.945,2.0,38.53,13.42,1706.54,4337169.94,1781580.61
00:08:17.138,18/01/2026,09:39:10,17_T02,39.122205765,10.185853071,0.4,1707.71,141.62,522.088,2.0,38.53,13.42,1706.62,4337170.04,1781580.48
00:08:18.146,18/01/2026,09:39:11,17_T02,39.122204686,10.185854476,0.4,1707.73,140.40,522.243,2.0,38.53,13.42,1706.62,4337170.17,1781580.36
00:08:19.142,18/01/2026,09:39:12,17_T02,39.122203509,10.185855175,0.4,1707.74,140.25,522.344,2.0,38.53,13.42,1706.67,4337170.23,1781580.23
00:08:20.137,18/01/2026,09:39:13,17_T02,39.122201654,10.185855574,0.3,1707.76,141.19,522.446,2.0,38.53,13.42,1706.67,4337170.26,1781580.03
00:08:21.135,18/01/2026,09:39:14,17_T02,39.122199288,10.185855742,0.3,1707.79,142.92,522.548,2.0,38.52,13.42,1706.72,4337170.28,1781579.77
00:08:22.145,18/01/2026,09:39:15,17_T02,39.122197025,10.185856215,0.3,1707.84,144.07,522.671,1.9,38.52,13.42,1706.72,4337170.32,1781579.52
00:08:23.140,18/01/2026,09:39:16,17_T02,39.122195402,10.185856263,0.3,1707.88,144.93,522.735,1.9,38.53,13.42,1706.81,4337170.33,1781579.34
00:08:24.145,18/01/2026,09:39:17,17_T02,39.122193810,10.185856467,0.3,1707.89,145.49,522.811,1.9,38.53,13.42,1706.81,4337170.34,1781579.16
00:08:25.136,18/01/2026,09:39:18,17_T02,39.122192343,10.185857009,0.3,1707.89,145.49,522.910,1.9,38.53,13.42,1706.82,4337170.39,1781579.00
00:08:26.138,18/01/2026,09:39:19,17_T02,39.122191062,10.185858630,0.3,1707.90,145.05,523.091,1.9,38.53,13.42,1706.82,4337170.53,1781578.86
00:08:27.149,18/01/2026,09:39:20,17_T02,39.122189640,10.185860315,0.3,1707.94,144.64,523.281,2.0,38.53,13.42,1706.82,4337170.68,1781578.70
00:08:28.143,18/01/2026,09:39:21,17_T02,39.122188147,10.185861358,0.3,1708.02,144.15,523.422,1.9,38.53,13.42,1706.85,4337170.77,1781578.54
00:08:29.148,18/01/2026,09:39:22,17_T02,39.122186922,10.185861974,0.3,1708.10,143.68,523.518,1.9,38.53,13.42,1706.85,4337170.82,1781578.40
00:08:30.138,18/01/2026,09:39:23,17_T02,39.122185661,10.185862595,0.3,1708.12,143.16,523.616,1.9,38.53,13.42,1707.02,4337170.88,1781578.26
00:08:31.145,18/01/2026,09:39:24,17_T02,39.122184609,10.185863454,0.3,1708.11,142.28,523.726,1.9,38.53,13.42,1707.02,4337170.95,1781578.15
00:08:32.139,18/01/2026,09:39:25,17_T02,39.122183189,10.185864062,0.3,1708.12,140.73,523.828,2.0,38.53,13.42,1707.06,4337171.01,1781577.99
00:08:33.138,18/01/2026,09:39:26,17_T02,39.122181531,10.185864850,0.3,1708.16,139.18,523.955,2.0,38.53,13.42,1707.06,4337171.08,1781577.81
00:08:34.145,18/01/2026,09:39:27,17_T02,39.122180265,10.185866311,0.3,1708.26,138.00,524.121,2.0,38.53,13.42,1707.10,4337171.20,1781577.67
00:08:35.142,18/01/2026,09:39:28,17_T02,39.122179283,10.185867485,0.4,1708.38,136.91,524.254,1.9,38.53,13.42,1707.10,4337171.31,1781577.56
00:08:36.137,18/01/2026,09:39:29,17_T02,39.122178361,10.185867789,0.4,1708.46,136.63,524.313,1.8,38.53,13.42,1707.32,4337171.33,1781577.46
00:08:37.147,18/01/2026,09:39:30,17_T02,39.122177547,10.185868160,0.3,1708.45,136.25,524.374,1.9,38.53,13.42,1707.32,4337171.36,1781577.37
00:08:38.140,18/01/2026,09:39:31,17_T02,39.122176872,10.185868547,0.3,1708.38,135.90,524.431,1.9,38.53,13.42,1707.39,4337171.40,1781577.30
00:08:39.149,18/01/2026,09:39:32,17_T02,39.122175900,10.185869659,0.3,1708.35,135.02,524.558,2.0,38.53,13.42,1707.39,4337171.50,1781577.19
00:08:40.141,18/01/2026,09:39:33,17_T02,39.122174540,10.185870980,0.3,1708.40,134.53,524.717,2.0,38.53,13.42,1707.29,4337171.61,1781577.04
00:08:41.148,18/01/2026,09:39:34,17_T02,39.122173282,10.185872177,0.3,1708.49,133.92,524.862,2.0,38.53,13.42,1707.29,4337171.72,1781576.90
00:08:42.144,18/01/2026,09:39:35,17_T02,39.122172504,10.185874476,0.3,1708.55,132.29,525.079,1.9,38.53,13.42,1707.43,4337171.92,1781576.81
00:08:43.139,18/01/2026,09:39:36,17_T02,39.122172180,10.185876443,0.3,1708.54,130.59,525.252,1.9,38.53,13.42,1707.43,4337172.09,1781576.78
00:08:44.137,18/01/2026,09:39:37,17_T02,39.122171379,10.185877865,0.3,1708.50,129.40,525.398,2.0,38.53,13.42,1707.49,4337172.21,1781576.69
00:08:45.147,18/01/2026,09:39:38,17_T02,39.122170350,10.185879218,0.3,1708.47,128.62,525.547,2.1,38.53,13.42,1707.49,4337172.33,1781576.58
00:08:46.143,18/01/2026,09:39:39,17_T02,39.122169038,10.185880599,0.3,1708.48,128.18,525.709,2.1,38.53,13.42,1707.43,4337172.45,1781576.43
00:08:47.138,18/01/2026,09:39:40,17_T02,39.122167804,10.185882138,0.3,1708.53,127.47,525.881,2.1,38.53,13.42,1707.43,4337172.58,1781576.30
00:08:48.136,18/01/2026,09:39:41,17_T02,39.122166561,10.185882844,0.4,1708.58,126.64,525.985,2.1,38.53,13.42,1707.47,4337172.64,1781576.16
00:08:49.148,18/01/2026,09:39:42,17_T02,39.122165693,10.185883648,0.4,1708.62,125.25,526.084,2.1,38.53,13.42,1707.47,4337172.72,1781576.07
00:08:50.140,18/01/2026,09:39:43,17_T02,39.122165220,10.185885356,0.4,1708.63,123.45,526.241,2.0,38.53,13.42,1707.57,4337172.86,1781576.01
00:08:51.145,18/01/2026,09:39:44,17_T02,39.122164747,10.185886956,0.4,1708.61,121.62,526.390,2.1,38.53,13.42,1707.57,4337173.00,1781575.96
00:08:52.136,18/01/2026,09:39:45,17_T02,39.122164631,10.185889121,0.4,1708.57,118.76,526.571,2.2,38.53,13.42,1707.56,4337173.19,1781575.95
00:08:53.147,18/01/2026,09:39:46,17_T02,39.122166139,10.185892337,0.4,1708.57,114.32,526.779,2.3,38.53,13.42,1707.56,4337173.47,1781576.12
00:08:54.137,18/01/2026,09:39:47,17_T02,39.122167687,10.185895494,0.4,1708.61,110.18,526.980,2.3,38.53,13.42,1707.52,4337173.75,1781576.29
00:08:55.144,18/01/2026,09:39:48,17_T02,39.122167731,10.185897451,0.4,1708.65,107.99,527.138,2.3,38.53,13.42,1707.52,4337173.92,1781576.29
00:08:56.147,18/01/2026,09:39:49,17_T02,39.122167558,10.185898981,0.4,1708.67,106.67,527.270,2.2,38.53,13.42,1707.61,4337174.05,1781576.27
00:08:57.138,18/01/2026,09:39:50,17_T02,39.122167126,10.185900632,0.3,1708.64,106.21,527.421,2.2,38.53,13.42,1707.61,4337174.19,1781576.23
00:08:58.145,18/01/2026,09:39:51,17_T02,39.122166594,10.185903160,0.3,1708.59,106.66,527.648,2.2,38.53,13.42,1707.58,4337174.41,1781576.17
00:08:59.150,18/01/2026,09:39:52,17_T02,39.122165693,10.185905347,0.3,1708.56,107.70,527.861,2.2,38.53,13.42,1707.58,4337174.60,1781576.07
00:09:00.139,18/01/2026,09:39:53,17_T02,39.122164607,10.185906856,0.3,1708.57,108.45,528.025,2.2,38.53,13.42,1707.50,4337174.73,1781575.95
00:09:01.146,18/01/2026,09:39:54,17_T02,39.122163818,10.185908501,0.3,1708.56,108.80,528.189,2.2,38.53,13.42,1707.50,4337174.88,1781575.86
00:09:02.145,18/01/2026,09:39:55,17_T02,39.122163130,10.185910013,0.3,1708.54,109.13,528.338,2.1,38.53,13.43,1707.52,4337175.01,1781575.79
00:09:03.145,18/01/2026,09:39:56,17_T02,39.122162706,10.185911783,0.3,1708.50,108.81,528.499,2.1,38.53,13.43,1707.52,4337175.16,1781575.74
00:09:04.139,18/01/2026,09:39:57,17_T02,39.122163913,10.185914911,0.3,1708.46,107.94,528.710,2.1,38.52,13.42,1707.45,4337175.44,1781575.88
00:09:05.150,18/01/2026,09:39:58,17_T02,39.122164983,10.185917950,0.3,1708.41,107.16,528.919,2.1,38.52,13.42,1707.45,4337175.70,1781575.99
00:09:06.148,18/01/2026,09:39:59,17_T02,39.122164899,10.185919762,0.3,1708.35,106.72,529.071,2.1,38.53,13.42,1707.33,4337175.86,1781575.99
00:09:07.135,18/01/2026,09:40:00,17_T02,39.122164515,10.185921403,0.3,1708.29,106.90,529.220,2.2,38.53,13.42,1707.33,4337176.00,1781575.94
00:09:08.146,18/01/2026,09:40:01,17_T02,39.122163673,10.185922895,0.3,1708.23,107.68,529.373,2.3,38.53,13.42,1707.24,4337176.13,1781575.85
00:09:09.142,18/01/2026,09:40:02,17_T02,39.122162328,10.185922620,0.3,1708.21,108.44,529.401,2.3,38.53,13.42,1707.24,4337176.11,1781575.70
00:09:10.140,18/01/2026,09:40:03,17_T02,39.122161295,10.185922835,0.3,1708.21,108.77,529.457,2.2,38.53,13.43,1707.16,4337176.13,1781575.59
00:09:11.138,18/01/2026,09:40:04,17_T02,39.122160808,10.185924725,0.3,1708.22,108.87,529.630,2.1,38.53,13.43,1707.16,4337176.29,1781575.53
00:09:12.147,18/01/2026,09:40:05,17_T02,39.122160334,10.185926435,0.3,1708.19,108.94,529.787,2.0,38.53,13.43,1707.18,4337176.44,1781575.48
00:09:13.141,18/01/2026,09:40:06,17_T02,39.122159822,10.185928119,0.3,1708.13,109.00,529.944,2.1,38.53,13.43,1707.18,4337176.59,1781575.43
00:09:14.137,18/01/2026,09:40:07,17_T02,39.122159531,10.185930010,0.3,1708.06,108.71,530.110,2.2,38.53,13.43,1707.05,4337176.75,1781575.39
00:09:15.147,18/01/2026,09:40:08,17_T02,39.122159530,10.185932562,0.3,1708.00,108.36,530.319,2.3,38.53,13.43,1707.05,4337176.97,1781575.40
00:09:16.142,18/01/2026,09:40:09,17_T02,39.122159174,10.185934826,0.3,1707.96,108.44,530.518,2.2,38.53,13.43,1706.95,4337177.17,1781575.36
00:09:17.139,18/01/2026,09:40:10,17_T02,39.122158370,10.185936387,0.3,1707.93,108.97,530.675,2.3,38.53,13.43,1706.95,4337177.31,1781575.27
00:09:18.149,18/01/2026,09:40:11,17_T02,39.122157553,10.185937584,0.3,1707.86,109.85,530.804,2.2,38.53,13.42,1706.86,4337177.41,1781575.18
00:09:19.145,18/01/2026,09:40:12,17_T02,39.122156732,10.185938716,0.3,1707.79,110.77,530.927,2.3,38.53,13.42,1706.86,4337177.51,1781575.09
00:09:20.145,18/01/2026,09:40:13,17_T02,39.122155535,10.185939535,0.3,1707.73,111.50,531.039,2.3,38.53,13.42,1706.72,4337177.58,1781574.96
00:09:21.144,18/01/2026,09:40:14,17_T02,39.122154608,10.185940810,0.3,1707.71,111.56,531.178,2.3,38.53,13.42,1706.72,4337177.69,1781574.85
00:09:22.138,18/01/2026,09:40:15,17_T02,39.122153780,10.185942622,0.3,1707.70,111.81,531.357,2.2,38.53,13.43,1706.68,4337177.85,1781574.76
00:09:23.146,18/01/2026,09:40:16,17_T02,39.122153280,10.185944432,0.3,1707.71,111.48,531.524,2.2,38.53,13.43,1706.68,4337178.01,1781574.71
00:09:24.139,18/01/2026,09:40:17,17_T02,39.122152764,10.185946234,0.3,1707.70,111.00,531.691,2.1,38.53,13.43,1706.68,4337178.16,1781574.65
00:09:25.147,18/01/2026,09:40:18,17_T02,39.122153592,10.185949430,0.3,1707.70,109.81,531.922,2.2,38.53,13.42,1706.68,4337178.44,1781574.74
00:09:26.137,18/01/2026,09:40:19,17_T02,39.122154200,10.185952269,0.3,1707.70,108.83,532.131,2.1,38.53,13.42,1706.68,4337178.69,1781574.81
00:09:27.145,18/01/2026,09:40:20,17_T02,39.122153904,10.185954107,0.3,1707.69,108.13,532.293,2.1,38.53,13.42,1706.65,4337178.85,1781574.78
00:09:28.137,18/01/2026,09:40:21,17_T02,39.122153345,10.185955780,0.3,1707.66,107.95,532.451,2.1,38.53,13.42,1706.65,4337178.99,1781574.72
00:09:29.141,18/01/2026,09:40:22,17_T02,39.122152653,10.185957382,0.3,1707.61,108.13,532.608,2.2,38.53,13.42,1706.65,4337179.13,1781574.64
00:09:30.136,18/01/2026,09:40:23,17_T02,39.122151901,10.185959091,0.3,1707.55,108.43,532.776,2.2,38.53,13.42,1706.65,4337179.28,1781574.56
00:09:31.143,18/01/2026,09:40:24,17_T02,39.122150857,10.185960465,0.3,1707.50,108.68,532.927,2.3,38.53,13.42,1706.54,4337179.40,1781574.44
00:09:32.142,18/01/2026,09:40:25,17_T02,39.122149758,10.185961970,0.3,1707.46,108.98,533.091,2.2,38.53,13.42,1706.54,4337179.53,1781574.32
00:09:33.137,18/01/2026,09:40:26,17_T02,39.122148973,10.185963703,0.3,1707.42,109.22,533.262,2.3,38.53,13.42,1706.46,4337179.68,1781574.24
00:09:34.154,18/01/2026,09:40:27,17_T02,39.122148109,10.185965388,0.3,1707.39,109.46,533.433,2.3,38.53,13.42,1706.46,4337179.83,1781574.14
00:09:35.138,18/01/2026,09:40:28,17_T02,39.122147468,10.185967094,0.3,1707.36,109.44,533.596,2.2,38.53,13.42,1706.37,4337179.98,1781574.07
00:09:36.135,18/01/2026,09:40:29,17_T02,39.122146408,10.185967908,0.3,1707.33,109.52,533.702,2.2,38.53,13.42,1706.37,4337180.05,1781573.95
00:09:37.152,18/01/2026,09:40:30,17_T02,39.122145230,10.185968744,0.3,1707.31,109.64,533.815,2.2,38.53,13.42,1706.31,4337180.12,1781573.83
00:09:38.137,18/01/2026,09:40:31,17_T02,39.122144706,10.185970705,0.3,1707.30,109.19,533.995,2.2,38.53,13.42,1706.31,4337180.29,1781573.77
00:09:39.137,18/01/2026,09:40:32,17_T02,39.122144320,10.185972566,0.3,1707.30,108.61,534.161,2.2,38.53,13.42,1706.29,4337180.46,1781573.73
00:09:40.150,18/01/2026,09:40:33,17_T02,39.122144027,10.185974369,0.3,1707.30,108.01,534.320,2.2,38.53,13.42,1706.29,4337180.61,1781573.69
00:09:41.146,18/01/2026,09:40:34,17_T02,39.122143563,10.185976066,0.3,1707.28,107.76,534.476,2.1,38.53,13.42,1706.28,4337180.76,1781573.64
00:09:42.140,18/01/2026,09:40:35,17_T02,39.122143471,10.185979177,0.3,1707.21,107.93,534.734,2.2,38.53,13.42,1706.28,4337181.03,1781573.63
00:09:43.139,18/01/2026,09:40:36,17_T02,39.122143065,10.185982147,0.3,1707.14,108.43,534.993,2.2,38.53,13.42,1706.20,4337181.29,1781573.59
00:09:44.137,18/01/2026,09:40:37,17_T02,39.122142205,10.185983990,0.3,1707.08,108.78,535.176,2.3,38.53,13.42,1706.20,4337181.45,1781573.49
00:09:45.135,18/01/2026,09:40:38,17_T02,39.122141593,10.185985874,0.3,1707.07,108.79,535.353,2.3,38.53,13.43,1706.07,4337181.62,1781573.43
00:09:46.149,18/01/2026,09:40:39,17_T02,39.122141103,10.185987683,0.4,1707.10,108.56,535.519,2.2,38.53,13.43,1706.07,4337181.77,1781573.37
00:09:47.146,18/01/2026,09:40:40,17_T02,39.122140424,10.185989181,0.3,1707.10,108.69,535.667,2.1,38.53,13.43,1706.08,4337181.90,1781573.30
00:09:48.142,18/01/2026,09:40:41,17_T02,39.122139838,10.185990420,0.3,1707.05,108.84,535.790,2.1,38.53,13.43,1706.08,4337182.01,1781573.23
00:09:49.141,18/01/2026,09:40:42,17_T02,39.122139285,10.185991402,0.3,1706.97,109.14,535.891,2.2,38.53,13.42,1706.03,4337182.10,1781573.17
00:09:50.136,18/01/2026,09:40:43,17_T02,39.122138607,10.185992771,0.2,1706.90,109.42,536.029,2.3,38.53,13.42,1706.03,4337182.22,1781573.10
00:09:51.149,18/01/2026,09:40:44,17_T02,39.122138139,10.185994612,0.2,1706.90,109.19,536.197,2.3,38.53,13.43,1705.89,4337182.38,1781573.05
00:09:52.147,18/01/2026,09:40:45,17_T02,39.122138111,10.185996851,0.3,1706.95,108.99,536.381,2.2,38.53,13.43,1705.89,4337182.57,1781573.05
00:09:53.145,18/01/2026,09:40:46,17_T02,39.122137961,10.185998485,0.3,1706.99,108.99,536.521,2.1,38.53,13.42,1705.92,4337182.71,1781573.03
00:09:54.142,18/01/2026,09:40:47,17_T02,39.122137337,10.185999948,0.3,1706.94,109.15,536.664,2.1,38.53,13.42,1705.92,4337182.84,1781572.96
00:09:55.137,18/01/2026,09:40:48,17_T02,39.122136701,10.186001509,0.3,1706.85,109.25,536.815,2.2,38.53,13.42,1705.91,4337182.98,1781572.89
00:09:56.135,18/01/2026,09:40:49,17_T02,39.122135984,10.186003311,0.3,1706.77,109.40,536.990,2.3,38.53,13.42,1705.91,4337183.13,1781572.81
00:09:57.145,18/01/2026,09:40:50,17_T02,39.122135259,10.186005179,0.3,1706.74,109.45,537.170,2.3,38.53,13.42,1705.73,4337183.30,1781572.73
00:09:58.141,18/01/2026,09:40:51,17_T02,39.122135311,10.186009202,0.3,1706.76,109.16,537.497,2.2,38.53,13.42,1705.73,4337183.65,1781572.74
00:09:59.141,18/01/2026,09:40:52,17_T02,39.122135323,10.186012541,0.3,1706.78,109.04,537.770,2.2,38.53,13.42,1705.76,4337183.94,1781572.74
00:10:00.141,18/01/2026,09:40:53,17_T02,39.122134811,10.186014152,0.3,1706.75,109.03,537.921,2.1,38.53,13.42,1705.76,4337184.08,1781572.68
00:10:01.137,18/01/2026,09:40:54,17_T02,39.122134128,10.186015802,0.3,1706.68,109.17,538.082,2.1,38.53,13.42,1705.73,4337184.22,1781572.61
00:10:02.137,18/01/2026,09:40:55,17_T02,39.122133446,10.186017655,0.3,1706.61,109.20,538.259,2.2,38.53,13.42,1705.73,4337184.38,1781572.54
00:10:03.135,18/01/2026,09:40:56,17_T02,39.122132540,10.186019843,0.3,1706.57,109.08,538.472,2.3,38.53,13.42,1705.58,4337184.57,1781572.44
00:10:04.136,18/01/2026,09:40:57,17_T02,39.122131802,10.186022102,0.3,1706.58,108.69,538.684,2.3,38.53,13.42,1705.58,4337184.77,1781572.35
00:10:05.147,18/01/2026,09:40:58,17_T02,39.122131222,10.186023846,0.3,1706.58,108.66,538.849,2.2,38.53,13.42,1705.57,4337184.92,1781572.29
00:10:06.144,18/01/2026,09:40:59,17_T02,39.122130583,10.186025504,0.3,1706.56,108.84,539.008,2.1,38.53,13.42,1705.57,4337185.07,1781572.22
00:10:07.137,18/01/2026,09:41:00,17_T02,39.122129919,10.186027254,0.3,1706.50,109.00,539.176,2.2,38.53,13.42,1705.54,4337185.22,1781572.15
00:10:08.147,18/01/2026,09:41:01,17_T02,39.122129225,10.186029096,0.3,1706.44,109.00,539.353,2.2,38.53,13.42,1705.54,4337185.38,1781572.07
00:10:09.139,18/01/2026,09:41:02,17_T02,39.122127983,10.186030208,0.3,1706.39,108.93,539.490,2.3,38.53,13.42,1705.41,4337185.48,1781571.94
00:10:10.135,18/01/2026,09:41:03,17_T02,39.122126693,10.186031297,0.3,1706.36,108.98,539.627,2.3,38.53,13.42,1705.41,4337185.57,1781571.79
00:10:11.149,18/01/2026,09:41:04,17_T02,39.122126142,10.186033115,0.3,1706.34,108.76,539.797,2.2,38.53,13.42,1705.34,4337185.73,1781571.73
00:10:12.147,18/01/2026,09:41:05,17_T02,39.122125559,10.186034917,0.3,1706.34,108.61,539.966,2.2,38.53,13.42,1705.34,4337185.89,1781571.67
00:10:13.140,18/01/2026,09:41:06,17_T02,39.122125052,10.186036555,0.3,1706.31,108.49,540.119,2.2,38.53,13.42,1705.32,4337186.03,1781571.61
00:10:14.148,18/01/2026,09:41:07,17_T02,39.122123877,10.186037583,0.3,1706.25,108.61,540.247,2.2,38.53,13.42,1705.32,4337186.12,1781571.48
00:10:15.139,18/01/2026,09:41:08,17_T02,39.122122545,10.186038705,0.3,1706.19,108.96,540.389,2.3,38.53,13.42,1705.23,4337186.22,1781571.34
00:10:16.160,18/01/2026,09:41:09,17_T02,39.122121898,10.186040531,0.3,1706.14,108.92,540.562,2.3,38.53,13.42,1705.23,4337186.38,1781571.27
00:10:17.147,18/01/2026,09:41:10,17_T02,39.122121493,10.186042405,0.3,1706.13,108.52,540.731,2.3,38.53,13.42,1705.13,4337186.54,1781571.22
00:10:18.149,18/01/2026,09:41:11,17_T02,39.122120858,10.186044182,0.3,1706.11,108.52,540.900,2.3,38.53,13.42,1705.13,4337186.69,1781571.15
00:10:19.148,18/01/2026,09:41:12,17_T02,39.122119618,10.186044087,0.3,1706.08,108.52,540.938,2.2,38.53,13.42,1705.11,4337186.69,1781571.01
00:10:20.143,18/01/2026,09:41:13,17_T02,39.122118607,10.186044299,0.3,1706.05,108.40,540.993,2.2,38.53,13.42,1705.11,4337186.70,1781570.90
00:10:21.149,18/01/2026,09:41:14,17_T02,39.122118051,10.186046295,0.3,1706.02,108.25,541.177,2.3,38.53,13.42,1705.03,4337186.88,1781570.84
00:10:22.148,18/01/2026,09:41:15,17_T02,39.122117233,10.186047936,0.3,1706.00,108.68,541.342,2.2,38.53,13.42,1705.03,4337187.02,1781570.75
00:10:23.146,18/01/2026,09:41:16,17_T02,39.122116385,10.186049512,0.3,1705.99,109.13,541.503,2.2,38.53,13.42,1705.00,4337187.16,1781570.66
00:10:24.139,18/01/2026,09:41:17,17_T02,39.122115832,10.186051222,0.3,1705.98,109.08,541.664,2.1,38.53,13.42,1705.00,4337187.31,1781570.60
00:10:25.135,18/01/2026,09:41:18,17_T02,39.122115491,10.186053540,0.3,1705.92,108.99,541.866,2.2,38.53,13.42,1705.00,4337187.51,1781570.56
00:10:26.144,18/01/2026,09:41:19,17_T02,39.122115164,10.186055849,0.3,1705.84,109.03,542.067,2.2,38.53,13.42,1704.93,4337187.71,1781570.53
00:10:27.140,18/01/2026,09:41:20,17_T02,39.122114735,10.186057115,0.3,1705.78,109.12,542.187,2.3,38.53,13.42,1704.93,4337187.82,1781570.48
00:10:28.138,18/01/2026,09:41:21,17_T02,39.122114194,10.186058449,0.3,1705.75,109.21,542.316,2.3,38.53,13.43,1704.79,4337187.94,1781570.42
00:10:29.147,18/01/2026,09:41:22,17_T02,39.122113700,10.186060251,0.3,1705.77,109.03,542.482,2.3,38.53,13.43,1704.79,4337188.09,1781570.37
00:10:30.143,18/01/2026,09:41:23,17_T02,39.122113679,10.186063295,0.3,1705.77,108.94,542.732,2.2,38.53,13.43,1704.77,4337188.36,1781570.36
00:10:31.137,18/01/2026,09:41:24,17_T02,39.122113433,10.186065999,0.3,1705.74,109.16,542.963,2.2,38.53,13.43,1704.77,4337188.59,1781570.34
00:10:32.149,18/01/2026,09:41:25,17_T02,39.122112724,10.186067705,0.3,1705.69,109.37,543.129,2.2,38.53,13.42,1704.76,4337188.74,1781570.26
00:10:33.143,18/01/2026,09:41:26,17_T02,39.122112140,10.186069564,0.3,1705.68,109.21,543.303,2.3,38.53,13.42,1704.76,4337188.90,1781570.20
00:10:34.141,18/01/2026,09:41:27,17_T02,39.122111602,10.186071435,0.3,1705.70,109.01,543.476,2.2,38.53,13.42,1704.66,4337189.07,1781570.14
00:10:35.144,18/01/2026,09:41:28,17_T02,39.122112114,10.186073347,0.3,1705.74,108.58,543.614,2.1,38.53,13.42,1704.66,4337189.23,1781570.19
00:10:36.139,18/01/2026,09:41:29,17_T02,39.122112323,10.186075089,0.3,1705.73,108.65,543.749,2.1,38.53,13.42,1704.72,4337189.38,1781570.22
00:10:37.136,18/01/2026,09:41:30,17_T02,39.122111767,10.186076566,0.3,1705.66,108.71,543.890,2.1,38.53,13.42,1704.72,4337189.51,1781570.16
00:10:38.144,18/01/2026,09:41:31,17_T02,39.122111241,10.186078347,0.3,1705.58,108.60,544.056,2.2,38.53,13.42,1704.67,4337189.67,1781570.10
00:10:39.142,18/01/2026,09:41:32,17_T02,39.122110544,10.186080137,0.3,1705.53,108.84,544.229,2.2,38.53,13.42,1704.67,4337189.82,1781570.02
00:10:40.140,18/01/2026,09:41:33,17_T02,39.122109787,10.186082088,0.3,1705.52,108.93,544.416,2.2,38.53,13.42,1704.54,4337189.99,1781569.94
00:10:41.148,18/01/2026,09:41:34,17_T02,39.122109135,10.186084261,0.3,1705.53,108.61,544.619,2.2,38.53,13.42,1704.54,4337190.18,1781569.87
00:10:42.146,18/01/2026,09:41:35,17_T02,39.122108552,10.186086191,0.3,1705.53,108.33,544.798,2.1,38.53,13.42,1704.53,4337190.35,1781569.80
00:10:43.144,18/01/2026,09:41:36,17_T02,39.122107926,10.186087882,0.3,1705.48,108.48,544.960,2.1,38.53,13.42,1704.53,4337190.50,1781569.73
00:10:44.144,18/01/2026,09:41:37,17_T02,39.122107184,10.186089620,0.3,1705.42,108.65,545.130,2.2,38.53,13.42,1704.49,4337190.65,1781569.65
00:10:45.142,18/01/2026,09:41:38,17_T02,39.122106694,10.186091547,0.3,1705.37,108.34,545.306,2.2,38.53,13.42,1704.49,4337190.82,1781569.60
00:10:46.135,18/01/2026,09:41:39,17_T02,39.122106971,10.186093450,0.3,1705.33,107.83,545.452,2.2,38.53,13.42,1704.35,4337190.98,1781569.63
00:10:47.136,18/01/2026,09:41:40,17_T02,39.122107387,10.186095385,0.3,1705.33,107.24,545.595,2.2,38.53,13.42,1704.35,4337191.15,1781569.68
00:10:48.134,18/01/2026,09:41:41,17_T02,39.122107197,10.186097148,0.3,1705.31,106.83,545.746,2.2,38.53,13.42,1704.33,4337191.30,1781569.66
00:10:49.148,18/01/2026,09:41:42,17_T02,39.122106441,10.186098718,0.3,1705.28,107.23,545.903,2.2,38.53,13.42,1704.33,4337191.44,1781569.57
00:10:50.145,18/01/2026,09:41:43,17_T02,39.122105841,10.186100018,0.3,1705.24,107.61,546.032,2.2,38.53,13.42,1704.26,4337191.55,1781569.51
00:10:51.138,18/01/2026,09:41:44,17_T02,39.122105385,10.186101448,0.3,1705.20,107.83,546.166,2.2,38.53,13.42,1704.26,4337191.68,1781569.46
00:10:52.135,18/01/2026,09:41:45,17_T02,39.122104216,10.186101831,0.3,1705.19,108.53,546.241,2.2,38.53,13.42,1704.19,4337191.71,1781569.33
00:10:53.134,18/01/2026,09:41:46,17_T02,39.122103164,10.186102363,0.2,1705.21,108.93,546.323,2.2,38.53,13.42,1704.19,4337191.76,1781569.21
00:10:54.135,18/01/2026,09:41:47,17_T02,39.122102618,10.186103676,0.2,1705.23,109.13,546.451,2.1,38.53,13.42,1704.22,4337191.87,1781569.15
00:10:55.146,18/01/2026,09:41:48,17_T02,39.122102046,10.186104846,0.2,1705.23,109.46,546.568,2.1,38.53,13.42,1704.22,4337191.98,1781569.09
00:10:56.140,18/01/2026,09:41:49,17_T02,39.122101527,10.186105849,0.2,1705.19,109.74,546.670,2.1,38.53,13.42,1704.21,4337192.06,1781569.03
00:10:57.141,18/01/2026,09:41:50,17_T02,39.122100546,10.186106151,0.2,1705.16,109.88,546.731,2.1,38.53,13.42,1704.21,4337192.09,1781568.92
00:10:58.140,18/01/2026,09:41:51,17_T02,39.122099620,10.186106527,0.2,1705.15,109.94,546.796,2.2,38.53,13.42,1704.15,4337192.12,1781568.82
00:10:59.135,18/01/2026,09:41:52,17_T02,39.122099242,10.186107958,0.2,1705.16,109.59,546.928,2.1,38.53,13.42,1704.15,4337192.25,1781568.78
00:11:00.146,18/01/2026,09:41:53,17_T02,39.122099056,10.186109463,0.2,1705.17,108.99,547.058,2.1,38.53,13.42,1704.16,4337192.38,1781568.76
00:11:01.138,18/01/2026,09:41:54,17_T02,39.122098758,10.186110619,0.2,1705.17,108.69,547.164,2.1,38.53,13.42,1704.16,4337192.48,1781568.73
00:11:02.138,18/01/2026,09:41:55,17_T02,39.122097681,10.186111317,0.2,1705.14,108.47,547.261,2.1,38.53,13.42,1704.15,4337192.54,1781568.61
00:11:03.148,18/01/2026,09:41:56,17_T02,39.122096692,10.186112231,0.2,1705.10,108.19,547.372,2.2,38.53,13.42,1704.15,4337192.62,1781568.50
00:11:04.137,18/01/2026,09:41:57,17_T02,39.122096454,10.186113609,0.2,1705.08,107.82,547.494,2.2,38.53,13.42,1704.08,4337192.74,1781568.47
00:11:05.147,18/01/2026,09:41:58,17_T02,39.122095823,10.186114977,0.2,1705.07,108.11,547.630,2.2,38.53,13.42,1704.08,4337192.86,1781568.40
00:11:06.146,18/01/2026,09:41:59,17_T02,39.122095287,10.186116361,0.3,1705.07,108.20,547.763,2.2,38.52,13.42,1704.05,4337192.98,1781568.35
00:11:07.145,18/01/2026,09:42:00,17_T02,39.122094934,10.186117630,0.2,1705.07,108.06,547.880,2.1,38.52,13.42,1704.05,4337193.09,1781568.31
00:11:08.139,18/01/2026,09:42:01,17_T02,39.122093441,10.186118042,0.2,1705.06,107.94,547.969,2.1,38.53,13.42,1704.06,4337193.13,1781568.14
00:11:09.135,18/01/2026,09:42:02,17_T02,39.122091996,10.186118516,0.2,1705.04,108.10,548.062,2.1,38.53,13.42,1704.06,4337193.17,1781567.98
00:11:10.146,18/01/2026,09:42:03,17_T02,39.122091483,10.186119639,0.2,1705.00,108.39,548.173,2.1,38.53,13.42,1704.01,4337193.27,1781567.93
00:11:11.146,18/01/2026,09:42:04,17_T02,39.122090953,10.186120924,0.2,1704.97,108.52,548.298,2.2,38.53,13.42,1704.01,4337193.38,1781567.87
00:11:12.145,18/01/2026,09:42:05,17_T02,39.122090600,10.186122264,0.2,1704.96,108.34,548.421,2.2,38.53,13.42,1703.96,4337193.49,1781567.83
00:11:13.140,18/01/2026,09:42:06,17_T02,39.122091173,10.186124027,0.2,1704.97,108.01,548.544,2.2,38.53,13.42,1703.96,4337193.65,1781567.89
00:11:14.138,18/01/2026,09:42:07,17_T02,39.122091678,10.186125521,0.2,1704.98,107.94,548.648,2.1,38.53,13.42,1703.96,4337193.78,1781567.95
00:11:15.145,18/01/2026,09:42:08,17_T02,39.122091289,10.186126367,0.2,1704.94,108.20,548.731,2.1,38.53,13.42,1703.96,4337193.85,1781567.91
00:11:16.139,18/01/2026,09:42:09,17_T02,39.122090799,10.186127050,0.2,1704.88,108.57,548.805,2.2,38.53,13.42,1703.88,4337193.91,1781567.85
00:11:17.136,18/01/2026,09:42:10,17_T02,39.122090412,10.186128309,0.2,1704.82,108.45,548.923,2.2,38.53,13.42,1703.88,4337194.02,1781567.81
00:11:18.136,18/01/2026,09:42:11,17_T02,39.122090134,10.186129653,0.2,1704.80,108.19,549.043,2.3,38.53,13.42,1703.77,4337194.14,1781567.78
00:11:19.149,18/01/2026,09:42:12,17_T02,39.122090690,10.186131439,0.2,1704.82,107.94,549.169,2.2,38.53,13.42,1703.77,4337194.29,1781567.84
00:11:20.146,18/01/2026,09:42:13,17_T02,39.122090667,10.186132844,0.2,1704.84,108.34,549.285,2.1,38.53,13.42,1703.81,4337194.41,1781567.84
00:11:21.141,18/01/2026,09:42:14,17_T02,39.122090072,10.186133817,0.2,1704.83,108.69,549.387,2.1,38.53,13.42,1703.81,4337194.50,1781567.77
00:11:22.140,18/01/2026,09:42:15,17_T02,39.122089677,10.186134889,0.2,1704.78,108.71,549.489,2.2,38.53,13.42,1703.81,4337194.59,1781567.73
00:11:23.142,18/01/2026,09:42:16,17_T02,39.122089334,10.186135987,0.2,1704.73,108.70,549.592,2.2,38.53,13.42,1703.76,4337194.69,1781567.69
00:11:24.141,18/01/2026,09:42:17,17_T02,39.122088927,10.186137029,0.2,1704.70,109.08,549.692,2.3,38.53,13.42,1703.76,4337194.78,1781567.65
00:11:25.136,18/01/2026,09:42:18,17_T02,39.122088400,10.186138184,0.2,1704.71,109.49,549.807,2.2,38.53,13.42,1703.69,4337194.88,1781567.59
00:11:26.148,18/01/2026,09:42:19,17_T02,39.122087934,10.186139487,0.2,1704.73,109.43,549.931,2.2,38.53,13.42,1703.69,4337194.99,1781567.54
00:11:27.144,18/01/2026,09:42:20,17_T02,39.122087790,10.186140628,0.2,1704.76,108.95,550.029,2.1,38.52,13.42,1703.70,4337195.09,1781567.52
00:11:28.139,18/01/2026,09:42:21,17_T02,39.122087653,10.186141571,0.2,1704.75,108.69,550.112,2.1,38.52,13.42,1703.70,4337195.17,1781567.51
00:11:29.134,18/01/2026,09:42:22,17_T02,39.122088262,10.186143565,0.2,1704.69,108.54,550.252,2.1,38.53,13.42,1703.71,4337195.35,1781567.58
00:11:30.146,18/01/2026,09:42:23,17_T02,39.122088565,10.186145590,0.2,1704.62,108.50,550.407,2.2,38.53,13.42,1703.71,4337195.52,1781567.61
00:11:31.142,18/01/2026,09:42:24,17_T02,39.122088248,10.186147033,0.2,1704.58,108.11,550.537,2.3,38.53,13.42,1703.60,4337195.65,1781567.58
00:11:32.145,18/01/2026,09:42:25,17_T02,39.122087944,10.186148489,0.2,1704.60,107.95,550.668,2.3,38.53,13.42,1703.60,4337195.78,1781567.54
00:11:33.141,18/01/2026,09:42:26,17_T02,39.122087678,10.186149678,0.2,1704.64,108.06,550.775,2.2,38.53,13.42,1703.54,4337195.88,1781567.51
00:11:34.140,18/01/2026,09:42:27,17_T02,39.122087642,10.186150544,0.2,1704.65,107.99,550.847,2.1,38.53,13.42,1703.54,4337195.96,1781567.51
00:11:35.139,18/01/2026,09:42:28,17_T02,39.122086457,10.186150808,0.2,1704.59,108.07,550.913,2.1,38.53,13.42,1703.60,4337195.98,1781567.38
00:11:36.137,18/01/2026,09:42:29,17_T02,39.122085160,10.186151291,0.2,1704.48,108.33,551.001,2.2,38.53,13.42,1703.60,4337196.02,1781567.24
00:11:37.134,18/01/2026,09:42:30,17_T02,39.122084687,10.186152397,0.2,1704.41,108.54,551.109,2.3,38.53,13.42,1703.47,4337196.12,1781567.18
00:11:38.147,18/01/2026,09:42:31,17_T02,39.122084246,10.186153775,0.2,1704.41,108.76,551.238,2.3,38.53,13.42,1703.47,4337196.24,1781567.14
00:11:39.147,18/01/2026,09:42:32,17_T02,39.122083621,10.186155254,0.2,1704.45,109.23,551.383,2.2,38.53,13.42,1703.36,4337196.37,1781567.07
00:11:40.143,18/01/2026,09:42:33,17_T02,39.122083335,10.186157876,0.2,1704.48,109.41,551.608,2.1,38.53,13.42,1703.36,4337196.59,1781567.04
00:11:41.143,18/01/2026,09:42:34,17_T02,39.122083241,10.186160118,0.2,1704.45,109.17,551.795,2.1,38.52,13.43,1703.42,4337196.79,1781567.03
00:11:42.137,18/01/2026,09:42:35,17_T02,39.122083013,10.186161278,0.2,1704.36,108.96,551.899,2.2,38.52,13.43,1703.42,4337196.89,1781567.00
00:11:43.134,18/01/2026,09:42:36,17_T02,39.122082813,10.186162548,0.2,1704.29,108.73,552.010,2.3,38.53,13.42,1703.31,4337197.00,1781566.98
00:11:44.142,18/01/2026,09:42:37,17_T02,39.122082511,10.186164015,0.2,1704.27,108.57,552.141,2.3,38.53,13.42,1703.31,4337197.13,1781566.95
00:11:45.136,18/01/2026,09:42:38,17_T02,39.122082288,10.186165989,0.2,1704.29,108.43,552.311,2.3,38.53,13.42,1703.22,4337197.30,1781566.92
00:11:46.148,18/01/2026,09:42:39,17_T02,39.122081994,10.186168095,0.2,1704.32,108.36,552.495,2.2,38.53,13.42,1703.22,4337197.48,1781566.89
00:11:47.143,18/01/2026,09:42:40,17_T02,39.122081636,10.186169145,0.2,1704.32,108.35,552.594,2.2,38.53,13.42,1703.25,4337197.58,1781566.85
00:11:48.137,18/01/2026,09:42:41,17_T02,39.122081307,10.186169861,0.2,1704.27,108.53,552.665,2.2,38.53,13.42,1703.25,4337197.64,1781566.81
00:11:49.136,18/01/2026,09:42:42,17_T02,39.122080768,10.186170872,0.2,1704.20,108.86,552.768,2.3,38.53,13.42,1703.19,4337197.73,1781566.75
00:11:50.147,18/01/2026,09:42:43,17_T02,39.122080220,10.186172053,0.2,1704.16,109.03,552.885,2.3,38.53,13.42,1703.19,4337197.83,1781566.69
00:11:51.139,18/01/2026,09:42:44,17_T02,39.122080211,10.186173595,0.2,1704.17,108.97,553.012,2.3,38.53,13.42,1703.11,4337197.96,1781566.69
00:11:52.140,18/01/2026,09:42:45,17_T02,39.122080391,10.186175187,0.2,1704.20,108.81,553.135,2.2,38.53,13.42,1703.11,4337198.10,1781566.71
00:11:53.134,18/01/2026,09:42:46,17_T02,39.122080103,10.186176248,0.2,1704.19,108.84,553.233,2.2,38.53,13.42,1703.14,4337198.19,1781566.68
00:11:54.148,18/01/2026,09:42:47,17_T02,39.122079685,10.186177365,0.2,1704.15,108.95,553.340,2.2,38.53,13.42,1703.14,4337198.29,1781566.64
00:11:55.149,18/01/2026,09:42:48,17_T02,39.122079308,10.186178576,0.2,1704.08,108.84,553.453,2.3,38.53,13.42,1703.08,4337198.40,1781566.60
00:11:56.146,18/01/2026,09:42:49,17_T02,39.122078336,10.186179959,0.2,1704.04,108.57,553.603,2.3,38.53,13.42,1703.08,4337198.52,1781566.49
00:11:57.142,18/01/2026,09:42:50,17_T02,39.122077492,10.186181533,0.2,1704.04,108.29,553.763,2.3,38.53,13.42,1702.96,4337198.65,1781566.40
00:11:58.136,18/01/2026,09:42:51,17_T02,39.122077294,10.186182848,0.2,1704.04,108.06,553.878,2.2,38.53,13.42,1702.96,4337198.77,1781566.37
00:11:59.148,18/01/2026,09:42:52,17_T02,39.122076855,10.186184272,0.2,1704.02,108.08,554.011,2.2,38.53,13.42,1702.98,4337198.89,1781566.33
00:12:00.140,18/01/2026,09:42:53,17_T02,39.122076504,10.186185413,0.2,1703.99,108.00,554.117,2.2,38.53,13.42,1702.98,4337198.99,1781566.29
00:12:01.135,18/01/2026,09:42:54,17_T02,39.122076194,10.186186445,0.2,1703.94,107.92,554.213,2.2,38.53,13.42,1702.90,4337199.08,1781566.25
00:12:02.146,18/01/2026,09:42:55,17_T02,39.122075901,10.186189004,0.2,1703.89,107.96,554.434,2.3,38.53,13.42,1702.90,4337199.30,1781566.22
00:12:03.140,18/01/2026,09:42:56,17_T02,39.122075559,10.186191386,0.2,1703.86,108.13,554.642,2.3,38.53,13.42,1702.81,4337199.51,1781566.18
00:12:04.136,18/01/2026,09:42:57,17_T02,39.122075162,10.186192618,0.2,1703.85,108.30,554.757,2.3,38.53,13.42,1702.81,4337199.62,1781566.14
00:12:05.145,18/01/2026,09:42:58,17_T02,39.122074701,10.186193878,0.2,1703.85,108.36,554.878,2.2,38.52,13.42,1702.78,4337199.73,1781566.09
00:12:06.138,18/01/2026,09:42:59,17_T02,39.122074400,10.186195036,0.2,1703.85,108.29,554.984,2.2,38.52,13.42,1702.78,4337199.83,1781566.06
00:12:07.157,18/01/2026,09:43:00,17_T02,39.122073103,10.186195443,0.2,1703.83,108.49,555.065,2.2,38.53,13.42,1702.75,4337199.87,1781565.91
00:12:08.141,18/01/2026,09:43:01,17_T02,39.122071740,10.186195910,0.2,1703.80,108.73,555.154,2.2,38.53,13.42,1702.75,4337199.91,1781565.76
00:12:09.148,18/01/2026,09:43:02,17_T02,39.122071296,10.186197045,0.2,1703.75,108.88,555.264,2.2,38.53,13.42,1702.70,4337200.01,1781565.72
00:12:10.145,18/01/2026,09:43:03,17_T02,39.122070875,10.186198447,0.2,1703.73,108.81,555.394,2.3,38.53,13.42,1702.70,4337200.13,1781565.67
00:12:11.139,18/01/2026,09:43:04,17_T02,39.122070513,10.186199662,0.2,1703.73,108.78,555.507,2.3,38.53,13.42,1702.65,4337200.23,1781565.63
00:12:12.136,18/01/2026,09:43:05,17_T02,39.122071195,10.186200709,0.2,1703.74,108.58,555.568,2.2,38.53,13.42,1702.65,4337200.32,1781565.70
00:12:13.145,18/01/2026,09:43:06,17_T02,39.122071905,10.186201579,0.2,1703.73,108.39,555.613,2.1,38.53,13.42,1702.66,4337200.40,1781565.78
00:12:14.145,18/01/2026,09:43:07,17_T02,39.122071708,10.186202647,0.2,1703.68,108.22,555.707,2.2,38.53,13.42,1702.66,4337200.49,1781565.76
00:12:15.141,18/01/2026,09:43:08,17_T02,39.122071208,10.186203628,0.2,1703.60,108.47,555.806,2.2,38.53,13.42,1702.55,4337200.58,1781565.71
00:12:16.156,18/01/2026,09:43:09,17_T02,39.122070848,10.186204771,0.2,1703.54,108.52,555.913,2.3,38.53,13.42,1702.55,4337200.68,1781565.67
00:12:17.145,18/01/2026,09:43:10,17_T02,39.122070416,10.186206115,0.2,1703.53,108.60,556.040,2.1,38.53,13.42,1702.45,4337200.79,1781565.62
00:12:18.140,18/01/2026,09:43:11,17_T02,39.122069932,10.186205902,0.2,1703.55,108.66,556.040,2.3,38.53,13.42,1702.45,4337200.78,1781565.57
00:12:19.136,18/01/2026,09:43:12,17_T02,39.122069354,10.186205505,0.2,1703.57,108.88,556.029,2.2,38.53,13.42,1702.49,4337200.74,1781565.50
00:12:20.148,18/01/2026,09:43:13,17_T02,39.122068823,10.186206339,0.2,1703.55,109.13,556.117,2.2,38.53,13.42,1702.49,4337200.81,1781565.44
00:12:21.145,18/01/2026,09:43:14,17_T02,39.122068647,10.186207426,0.2,1703.49,108.90,556.213,2.2,38.53,13.42,1702.49,4337200.91,1781565.43
00:12:22.139,18/01/2026,09:43:15,17_T02,39.122068414,10.186208551,0.2,1703.43,108.75,556.314,2.3,38.53,13.42,1702.44,4337201.01,1781565.40
00:12:23.145,18/01/2026,09:43:16,17_T02,39.122069013,10.186211266,0.2,1703.40,108.46,556.514,2.3,38.53,13.42,1702.44,4337201.24,1781565.47
00:12:24.138,18/01/2026,09:43:17,17_T02,39.122069359,10.186213891,0.2,1703.42,108.31,556.716,2.3,38.53,13.42,1702.31,4337201.47,1781565.51
00:12:25.150,18/01/2026,09:43:18,17_T02,39.122068922,10.186215192,0.2,1703.45,108.33,556.838,2.2,38.53,13.42,1702.31,4337201.58,1781565.46
00:12:26.141,18/01/2026,09:43:19,17_T02,39.122068705,10.186216251,0.2,1703.45,108.13,556.933,2.2,38.52,13.42,1702.35,4337201.68,1781565.43
00:12:27.145,18/01/2026,09:43:20,17_T02,39.122068564,10.186217084,0.2,1703.41,107.99,557.007,2.2,38.52,13.42,1702.35,4337201.75,1781565.42
00:12:28.135,18/01/2026,09:43:21,17_T02,39.122068148,10.186217982,0.2,1703.37,108.20,557.096,2.2,38.53,13.42,1702.33,4337201.83,1781565.37
00:12:29.146,18/01/2026,09:43:22,17_T02,39.122068298,10.186219538,0.2,1703.35,108.43,557.218,2.2,38.53,13.42,1702.33,4337201.96,1781565.39
00:12:30.135,18/01/2026,09:43:23,17_T02,39.122068524,10.186221026,0.2,1703.36,108.46,557.331,2.2,38.53,13.42,1702.26,4337202.09,1781565.41
00:12:31.143,18/01/2026,09:43:24,17_T02,39.122068039,10.186221901,0.2,1703.36,108.86,557.421,2.1,38.53,13.42,1702.26,4337202.17,1781565.36
00:12:32.136,18/01/2026,09:43:25,17_T02,39.122067620,10.186222858,0.2,1703.32,109.07,557.515,2.2,38.53,13.42,1702.28,4337202.25,1781565.32
00:12:33.143,18/01/2026,09:43:26,17_T02,39.122067254,10.186223911,0.2,1703.26,109.04,557.615,2.2,38.53,13.42,1702.28,4337202.34,1781565.27
00:12:34.134,18/01/2026,09:43:27,17_T02,39.122068411,10.186225862,0.2,1703.22,108.68,557.731,2.3,38.53,13.42,1702.17,4337202.51,1781565.40
00:12:35.140,18/01/2026,09:43:28,17_T02,39.122069622,10.186228140,0.2,1703.23,108.27,557.873,2.3,38.53,13.42,1702.17,4337202.71,1781565.54
00:12:36.134,18/01/2026,09:43:29,17_T02,39.122069459,10.186229215,0.2,1703.27,108.13,557.967,2.2,38.53,13.42,1702.13,4337202.80,1781565.52
00:12:37.143,18/01/2026,09:43:30,17_T02,39.122069276,10.186229937,0.2,1703.28,108.20,558.033,2.1,38.53,13.42,1702.13,4337202.87,1781565.50
00:12:38.138,18/01/2026,09:43:31,17_T02,39.122068989,10.186230665,0.2,1703.21,108.42,558.103,2.1,38.53,13.42,1702.19,4337202.93,1781565.47
00:12:39.135,18/01/2026,09:43:32,17_T02,39.122067519,10.186229975,0.2,1703.13,108.67,558.101,2.2,38.53,13.42,1702.19,4337202.87,1781565.31
00:12:40.148,18/01/2026,09:43:33,17_T02,39.122066327,10.186229595,0.3,1703.08,108.66,558.115,2.3,38.53,13.42,1702.03,4337202.84,1781565.17
00:12:41.144,18/01/2026,09:43:34,17_T02,39.122065915,10.186231017,0.2,1703.09,108.79,558.247,2.3,38.53,13.42,1702.03,4337202.96,1781565.13
00:12:42.138,18/01/2026,09:43:35,17_T02,39.122065440,10.186232214,0.2,1703.14,109.01,558.362,2.2,38.53,13.42,1701.99,4337203.07,1781565.08
00:12:43.147,18/01/2026,09:43:36,17_T02,39.122064964,10.186233036,0.2,1703.16,109.31,558.447,2.1,38.53,13.42,1701.99,4337203.14,1781565.02
00:12:44.142,18/01/2026,09:43:37,17_T02,39.122064582,10.186233839,0.2,1703.11,109.39,558.527,2.1,38.53,13.42,1702.07,4337203.21,1781564.98
00:12:45.135,18/01/2026,09:43:38,17_T02,39.122064285,10.186234837,0.2,1703.02,109.31,558.620,2.2,38.53,13.42,1702.07,4337203.29,1781564.95
00:12:46.148,18/01/2026,09:43:39,17_T02,39.122064018,10.186235905,0.2,1702.97,109.18,558.717,2.3,38.53,13.42,1701.91,4337203.39,1781564.92
00:12:47.143,18/01/2026,09:43:40,17_T02,39.122063735,10.186237331,0.2,1702.98,109.00,558.845,2.3,38.53,13.42,1701.91,4337203.51,1781564.89
00:12:48.138,18/01/2026,09:43:41,17_T02,39.122063398,10.186238608,0.2,1703.02,108.87,558.962,2.2,38.53,13.42,1701.89,4337203.62,1781564.85
00:12:49.149,18/01/2026,09:43:42,17_T02,39.122063145,10.186239693,0.2,1703.03,108.64,559.060,2.2,38.53,13.42,1701.89,4337203.72,1781564.82
00:12:50.144,18/01/2026,09:43:43,17_T02,39.122063835,10.186241550,0.2,1702.99,108.50,559.187,2.2,38.53,13.42,1701.92,4337203.88,1781564.90
00:12:51.140,18/01/2026,09:43:44,17_T02,39.122064647,10.186243409,0.2,1702.93,108.22,559.309,2.2,38.53,13.42,1701.92,4337204.04,1781564.99
00:12:52.135,18/01/2026,09:43:45,17_T02,39.122064285,10.186244505,0.2,1702.88,108.28,559.412,2.3,38.53,13.42,1701.83,4337204.14,1781564.95
00:12:53.148,18/01/2026,09:43:46,17_T02,39.122063846,10.186245740,0.2,1702.89,108.32,559.529,2.3,38.53,13.42,1701.83,4337204.24,1781564.90
00:12:54.146,18/01/2026,09:43:47,17_T02,39.122063511,10.186246885,0.2,1702.93,108.29,559.636,2.2,38.53,13.42,1701.80,4337204.34,1781564.87
00:12:55.141,18/01/2026,09:43:48,17_T02,39.122062768,10.186247940,0.2,1702.95,108.36,559.750,2.1,38.53,13.42,1701.80,4337204.44,1781564.79
00:12:56.138,18/01/2026,09:43:49,17_T02,39.122062155,10.186248716,0.2,1702.91,108.48,559.836,2.1,38.53,13.42,1701.84,4337204.50,1781564.72
00:12:57.144,18/01/2026,09:43:50,17_T02,39.122061857,10.186249422,0.2,1702.83,108.70,559.905,2.2,38.53,13.42,1701.84,4337204.56,1781564.68
00:12:58.137,18/01/2026,09:43:51,17_T02,39.122061541,10.186250551,0.2,1702.78,108.69,560.009,2.3,38.53,13.42,1701.72,4337204.66,1781564.65
00:12:59.148,18/01/2026,09:43:52,17_T02,39.122061316,10.186251957,0.2,1702.78,108.39,560.133,2.3,38.53,13.42,1701.72,4337204.79,1781564.63
00:13:00.144,18/01/2026,09:43:53,17_T02,39.122061167,10.186253301,0.2,1702.83,108.13,560.248,2.2,38.53,13.42,1701.69,4337204.90,1781564.61
00:13:01.135,18/01/2026,09:43:54,17_T02,39.122061168,10.186254601,0.2,1702.86,108.18,560.355,2.1,38.53,13.42,1701.69,4337205.02,1781564.61
00:13:02.137,18/01/2026,09:43:55,17_T02,39.122060994,10.186255664,0.2,1702.81,108.50,560.448,2.1,38.53,13.42,1701.74,4337205.11,1781564.59
00:13:03.145,18/01/2026,09:43:56,17_T02,39.122060578,10.186256484,0.2,1702.71,108.75,560.531,2.2,38.53,13.42,1701.74,4337205.18,1781564.55
00:13:04.138,18/01/2026,09:43:57,17_T02,39.122060306,10.186257673,0.2,1702.63,108.62,560.638,2.3,38.53,13.42,1701.59,4337205.28,1781564.52
00:13:05.135,18/01/2026,09:43:58,17_T02,39.122060055,10.186259017,0.2,1702.61,108.56,560.758,2.4,38.53,13.42,1701.59,4337205.40,1781564.49
00:13:06.147,18/01/2026,09:43:59,17_T02,39.122059764,10.186259716,0.2,1702.65,108.50,560.826,2.2,38.53,13.42,1701.52,4337205.46,1781564.46
00:13:07.145,18/01/2026,09:44:00,17_T02,39.122059549,10.186260139,0.2,1702.70,108.36,560.869,2.1,38.53,13.42,1701.52,4337205.50,1781564.43
00:13:08.141,18/01/2026,09:44:01,17_T02,39.122059214,10.186260930,0.2,1702.67,108.44,560.946,2.1,38.53,13.42,1701.60,4337205.57,1781564.40
00:13:09.138,18/01/2026,09:44:02,17_T02,39.122058866,10.186261824,0.2,1702.59,108.59,561.032,2.2,38.53,13.42,1701.60,4337205.64,1781564.36
00:13:10.145,18/01/2026,09:44:03,17_T02,39.122058556,10.186262777,0.2,1702.50,108.70,561.122,2.3,38.53,13.42,1701.45,4337205.73,1781564.32
00:13:11.146,18/01/2026,09:44:04,17_T02,39.122057945,10.186263870,0.2,1702.46,109.10,561.234,2.4,38.53,13.42,1701.45,4337205.82,1781564.26
00:13:12.145,18/01/2026,09:44:05,17_T02,39.122057408,10.186264252,0.2,1702.49,109.36,561.285,2.3,38.53,13.42,1701.37,4337205.86,1781564.20
00:13:13.139,18/01/2026,09:44:06,17_T02,39.122057102,10.186264655,0.1,1702.54,109.30,561.329,2.2,38.53,13.42,1701.37,4337205.89,1781564.16
00:13:14.146,18/01/2026,09:44:07,17_T02,39.122056877,10.186265517,0.2,1702.56,109.17,561.408,2.1,38.53,13.42,1701.46,4337205.97,1781564.14
00:13:15.146,18/01/2026,09:44:08,17_T02,39.122056555,10.186266314,0.2,1702.52,109.34,561.486,2.1,38.53,13.42,1701.46,4337206.04,1781564.10
00:13:16.142,18/01/2026,09:44:09,17_T02,39.122056107,10.186267166,0.2,1702.43,109.58,561.572,2.2,38.53,13.42,1701.39,4337206.11,1781564.05
00:13:17.140,18/01/2026,09:44:10,17_T02,39.122055167,10.186267426,0.2,1702.36,109.49,561.628,2.3,38.53,13.42,1701.39,4337206.13,1781563.95
00:13:18.135,18/01/2026,09:44:11,17_T02,39.122054640,10.186268105,0.2,1702.34,108.81,561.704,2.3,38.53,13.42,1701.23,4337206.19,1781563.89
00:13:19.134,18/01/2026,09:44:12,17_T02,39.122054479,10.186269619,0.2,1702.37,108.33,561.834,2.3,38.53,13.42,1701.23,4337206.32,1781563.88
00:13:20.147,18/01/2026,09:44:13,17_T02,39.122054139,10.186270755,0.2,1702.41,108.15,561.939,2.2,38.53,13.42,1701.23,4337206.42,1781563.84
00:13:21.146,18/01/2026,09:44:14,17_T02,39.122053796,10.186271556,0.2,1702.40,108.22,562.018,2.1,38.53,13.42,1701.28,4337206.49,1781563.80
00:13:22.135,18/01/2026,09:44:15,17_T02,39.122052431,10.186271726,0.2,1702.34,108.34,562.082,2.2,38.53,13.42,1701.28,4337206.51,1781563.65
00:13:23.145,18/01/2026,09:44:16,17_T02,39.122051000,10.186271985,0.2,1702.24,108.60,562.157,2.3,38.53,13.41,1701.28,4337206.53,1781563.49
00:13:24.140,18/01/2026,09:44:17,17_T02,39.122051019,10.186273285,0.2,1702.17,108.08,562.263,2.4,38.53,13.41,1701.28,4337206.64,1781563.49
00:13:25.135,18/01/2026,09:44:18,17_T02,39.122051223,10.186274850,0.2,1702.16,107.38,562.383,2.4,38.53,13.42,1701.09,4337206.78,1781563.52
00:13:26.149,18/01/2026,09:44:19,17_T02,39.122051568,10.186276454,0.2,1702.19,106.71,562.502,2.3,38.53,13.42,1701.09,4337206.92,1781563.56
00:13:27.146,18/01/2026,09:44:20,17_T02,39.122052851,10.186278197,0.2,1702.22,105.07,562.597,2.2,38.53,13.42,1701.09,4337207.07,1781563.70
00:13:28.133,18/01/2026,09:44:21,17_T02,39.122053845,10.186280451,0.2,1702.19,104.07,562.744,2.1,38.53,13.42,1701.09,4337207.27,1781563.81
00:13:29.146,18/01/2026,09:44:22,17_T02,39.122053157,10.186282139,0.2,1702.09,105.39,562.908,2.1,38.53,13.42,1701.09,4337207.41,1781563.73
00:13:30.147,18/01/2026,09:44:23,17_T02,39.122052066,10.186282858,0.2,1701.96,107.21,563.008,2.2,38.53,13.42,1701.09,4337207.48,1781563.61
00:13:31.145,18/01/2026,09:44:24,17_T02,39.122050938,10.186283615,0.2,1701.87,109.02,563.112,2.3,38.53,13.42,1700.91,4337207.54,1781563.49
00:13:32.143,18/01/2026,09:44:25,17_T02,39.122050023,10.186284624,0.2,1701.81,110.29,563.228,2.3,38.53,13.42,1700.91,4337207.63,1781563.39
00:13:33.142,18/01/2026,09:44:26,17_T02,39.122050117,10.186286793,0.2,1701.79,111.07,563.403,2.3,38.53,13.43,1700.72,4337207.82,1781563.40
00:13:34.140,18/01/2026,09:44:27,17_T02,39.122050239,10.186288634,0.2,1701.78,111.56,563.549,2.2,38.53,13.43,1700.72,4337207.98,1781563.41
00:13:35.144,18/01/2026,09:44:28,17_T02,39.122050032,10.186289773,0.2,1701.72,111.28,563.650,2.2,38.53,13.42,1700.70,4337208.08,1781563.39
00:13:36.144,18/01/2026,09:44:29,17_T02,39.122049976,10.186290940,0.2,1701.64,110.69,563.747,2.3,38.53,13.42,1700.70,4337208.18,1781563.38
00:13:37.137,18/01/2026,09:44:30,17_T02,39.122050032,10.186292224,0.2,1701.58,109.98,563.851,2.4,38.53,13.42,1700.57,4337208.29,1781563.39
00:13:38.136,18/01/2026,09:44:31,17_T02,39.122050158,10.186293733,0.2,1701.55,109.19,563.969,2.4,38.53,13.42,1700.57,4337208.42,1781563.40
00:13:39.135,18/01/2026,09:44:32,17_T02,39.122049626,10.186293932,0.2,1701.55,108.28,564.006,2.4,38.53,13.42,1700.45,4337208.44,1781563.34
00:13:40.135,18/01/2026,09:44:33,17_T02,39.122049430,10.186294267,0.2,1701.56,107.22,564.040,2.3,38.53,13.42,1700.45,4337208.47,1781563.32
00:13:41.148,18/01/2026,09:44:34,17_T02,39.122049640,10.186295553,0.2,1701.56,106.60,564.138,2.3,38.53,13.42,1700.48,4337208.58,1781563.35
00:13:42.134,18/01/2026,09:44:35,17_T02,39.122049795,10.186296624,0.2,1701.54,106.41,564.220,2.2,38.53,13.42,1700.48,4337208.67,1781563.36
00:13:43.137,18/01/2026,09:44:36,17_T02,39.122049707,10.186297641,0.2,1701.47,106.65,564.306,2.2,38.53,13.41,1700.46,4337208.76,1781563.35
00:13:44.138,18/01/2026,09:44:37,17_T02,39.122048504,10.186299127,0.2,1701.37,107.47,564.473,2.3,38.53,13.41,1700.46,4337208.89,1781563.22
00:13:45.135,18/01/2026,09:44:38,17_T02,39.122047658,10.186300788,0.2,1701.28,107.79,564.640,2.4,38.53,13.42,1700.30,4337209.04,1781563.13
00:13:46.134,18/01/2026,09:44:39,17_T02,39.122047372,10.186301987,0.2,1701.22,108.20,564.749,2.4,38.53,13.42,1700.30,4337209.14,1781563.10
00:13:47.145,18/01/2026,09:44:40,17_T02,39.122047234,10.186303314,0.2,1701.20,108.36,564.863,2.4,38.53,13.42,1700.15,4337209.26,1781563.08
00:13:48.139,18/01/2026,09:44:41,17_T02,39.122046957,10.186304455,0.2,1701.20,108.65,564.967,2.3,38.53,13.42,1700.15,4337209.36,1781563.05
00:13:49.147,18/01/2026,09:44:42,17_T02,39.122047783,10.186307268,0.2,1701.16,108.60,565.166,2.3,38.53,13.41,1700.12,4337209.60,1781563.14
00:13:50.145,18/01/2026,09:44:43,17_T02,39.122048537,10.186309516,0.2,1701.08,108.56,565.322,2.3,38.53,13.41,1700.12,4337209.80,1781563.23
00:13:51.137,18/01/2026,09:44:44,17_T02,39.122048511,10.186310631,0.2,1700.97,108.56,565.415,2.3,38.53,13.42,1699.98,4337209.89,1781563.23
00:13:52.134,18/01/2026,09:44:45,17_T02,39.122048197,10.186311753,0.2,1700.89,108.84,565.518,2.4,38.53,13.42,1699.98,4337209.99,1781563.19
00:13:53.145,18/01/2026,09:44:46,17_T02,39.122047548,10.186312795,0.2,1700.84,109.46,565.628,2.5,38.53,13.42,1699.80,4337210.08,1781563.12
00:13:54.142,18/01/2026,09:44:47,17_T02,39.122046946,10.186313859,0.2,1700.83,110.03,565.737,2.4,38.53,13.42,1699.80,4337210.17,1781563.05
00:13:55.137,18/01/2026,09:44:48,17_T02,39.122047203,10.186316411,0.2,1700.82,111.20,565.937,2.4,38.53,13.43,1699.75,4337210.40,1781563.08
00:13:56.133,18/01/2026,09:44:49,17_T02,39.122047154,10.186318319,0.2,1700.78,112.86,566.095,2.3,38.53,13.43,1699.75,4337210.56,1781563.08
00:13:57.147,18/01/2026,09:44:50,17_T02,39.122045834,10.186318808,0.2,1700.70,114.86,566.184,2.3,38.53,13.43,1699.71,4337210.61,1781562.93
00:13:58.144,18/01/2026,09:44:51,17_T02,39.122044643,10.186319319,0.2,1700.62,116.59,566.270,2.3,38.53,13.43,1699.71,4337210.65,1781562.80
00:13:59.134,18/01/2026,09:44:52,17_T02,39.122043691,10.186319860,0.2,1700.55,118.03,566.350,2.4,38.53,13.43,1699.52,4337210.70,1781562.70
00:14:00.145,18/01/2026,09:44:53,17_T02,39.122042136,10.186320064,0.2,1700.52,120.04,566.424,2.4,38.53,13.43,1699.52,4337210.72,1781562.52
00:14:01.145,18/01/2026,09:44:54,17_T02,39.122040919,10.186320611,0.2,1700.51,121.35,566.515,2.3,38.52,13.42,1699.46,4337210.76,1781562.39
00:14:02.138,18/01/2026,09:44:55,17_T02,39.122039648,10.186320868,0.2,1700.50,123.33,566.583,2.3,38.52,13.42,1699.46,4337210.79,1781562.25
00:14:03.139,18/01/2026,09:44:56,17_T02,39.122038357,10.186321105,0.2,1700.48,124.95,566.650,2.2,38.53,13.42,1699.43,4337210.81,1781562.11
00:14:04.148,18/01/2026,09:44:57,17_T02,39.122037804,10.186321755,0.2,1700.44,125.39,566.724,2.2,38.53,13.42,1699.43,4337210.86,1781562.05
00:14:05.147,18/01/2026,09:44:58,17_T02,39.122036188,10.186322350,0.2,1700.40,125.73,566.833,2.3,38.53,13.42,1699.35,4337210.92,1781561.87
00:14:06.145,18/01/2026,09:44:59,17_T02,39.122034685,10.186323172,0.2,1700.36,125.79,566.956,2.3,38.53,13.42,1699.35,4337210.99,1781561.70
00:14:07.139,18/01/2026,09:45:00,17_T02,39.122034334,10.186324350,0.2,1700.35,125.22,567.066,2.3,38.53,13.42,1699.29,4337211.09,1781561.66
00:14:08.139,18/01/2026,09:45:01,17_T02,39.122033975,10.186325686,0.2,1700.36,124.44,567.189,2.2,38.53,13.42,1699.29,4337211.21,1781561.62
00:14:09.145,18/01/2026,09:45:02,17_T02,39.122033871,10.186327014,0.2,1700.38,123.56,567.301,2.2,38.53,13.42,1699.31,4337211.32,1781561.61
00:14:10.133,18/01/2026,09:45:03,17_T02,39.122033682,10.186328001,0.2,1700.38,123.17,567.389,2.2,38.53,13.42,1699.31,4337211.41,1781561.59
00:14:11.145,18/01/2026,09:45:04,17_T02,39.122033131,10.186328593,0.2,1700.36,123.41,567.458,2.1,38.53,13.41,1699.32,4337211.46,1781561.53
00:14:12.146,18/01/2026,09:45:05,17_T02,39.122032637,10.186329410,0.2,1700.30,123.35,567.543,2.2,38.53,13.41,1699.32,4337211.53,1781561.48
00:14:13.144,18/01/2026,09:45:06,17_T02,39.122032231,10.186330390,0.2,1700.23,123.12,567.639,2.3,38.53,13.41,1699.21,4337211.62,1781561.43
00:14:14.142,18/01/2026,09:45:07,17_T02,39.122031954,10.186331436,0.2,1700.20,123.03,567.735,2.3,38.53,13.41,1699.21,4337211.71,1781561.40
00:14:15.141,18/01/2026,09:45:08,17_T02,39.122031675,10.186332688,0.2,1700.20,122.90,567.848,2.3,38.53,13.41,1699.14,4337211.82,1781561.37
00:14:16.137,18/01/2026,09:45:09,17_T02,39.122030196,10.186334103,0.2,1700.21,123.23,568.019,2.1,38.53,13.41,1699.14,4337211.94,1781561.21
00:14:17.136,18/01/2026,09:45:10,17_T02,39.122028688,10.186335239,0.2,1700.19,123.61,568.168,2.1,38.53,13.42,1699.15,4337212.04,1781561.04
00:14:18.135,18/01/2026,09:45:11,17_T02,39.122028370,10.186336096,0.2,1700.12,123.43,568.250,2.2,38.53,13.42,1699.15,4337212.11,1781561.01
00:14:19.147,18/01/2026,09:45:12,17_T02,39.122027991,10.186337062,0.2,1700.05,123.51,568.343,2.3,38.53,13.42,1699.15,4337212.20,1781560.97
00:14:20.148,18/01/2026,09:45:13,17_T02,39.122027365,10.186337946,0.2,1700.02,124.02,568.439,2.3,38.53,13.42,1699.00,4337212.27,1781560.90
00:14:21.134,18/01/2026,09:45:14,17_T02,39.122026397,10.186338897,0.2,1700.04,124.61,568.553,2.2,38.53,13.42,1699.00,4337212.36,1781560.79
00:14:22.144,18/01/2026,09:45:15,17_T02,39.122025944,10.186339019,0.2,1700.07,124.55,568.579,2.2,38.53,13.42,1698.99,4337212.37,1781560.74
00:14:23.144,18/01/2026,09:45:16,17_T02,39.122025887,10.186339163,0.2,1700.04,124.14,568.593,2.1,38.53,13.42,1698.99,4337212.38,1781560.73
00:14:24.141,18/01/2026,09:45:17,17_T02,39.122025330,10.186339941,0.2,1699.98,124.53,568.678,2.2,38.53,13.42,1699.01,4337212.45,1781560.67
00:14:25.139,18/01/2026,09:45:18,17_T02,39.122024574,10.186340550,0.2,1699.91,125.15,568.756,2.3,38.53,13.42,1699.01,4337212.50,1781560.59
00:14:26.135,18/01/2026,09:45:19,17_T02,39.122023737,10.186341307,0.2,1699.89,125.70,568.849,2.3,38.53,13.42,1698.88,4337212.57,1781560.50
00:14:27.135,18/01/2026,09:45:20,17_T02,39.122022962,10.186343243,0.2,1699.91,126.01,569.036,2.2,38.53,13.42,1698.88,4337212.74,1781560.41
00:14:28.146,18/01/2026,09:45:21,17_T02,39.122021984,10.186344679,0.2,1699.96,127.07,569.190,2.1,38.53,13.42,1698.86,4337212.86,1781560.31
00:14:29.139,18/01/2026,09:45:22,17_T02,39.122021040,10.186345021,0.2,1699.97,128.28,569.253,2.0,38.53,13.42,1698.86,4337212.89,1781560.20
00:14:30.144,18/01/2026,09:45:23,17_T02,39.122020096,10.186345202,0.2,1699.94,129.34,569.303,2.0,38.53,13.41,1698.93,4337212.91,1781560.10
00:14:31.143,18/01/2026,09:45:24,17_T02,39.122019431,10.186345908,0.2,1699.90,129.55,569.386,2.1,38.53,13.41,1698.93,4337212.97,1781560.02
00:14:32.138,18/01/2026,09:45:25,17_T02,39.122017961,10.186345727,0.2,1699.88,129.82,569.426,2.1,38.53,13.41,1698.85,4337212.95,1781559.86
00:14:33.136,18/01/2026,09:45:26,17_T02,39.122016861,10.186345844,0.2,1699.90,129.69,569.476,2.1,38.53,13.41,1698.85,4337212.96,1781559.74
00:14:34.143,18/01/2026,09:45:27,17_T02,39.122016344,10.186346845,0.2,1699.92,129.47,569.578,2.0,38.53,13.42,1698.87,4337213.05,1781559.68
00:14:35.138,18/01/2026,09:45:28,17_T02,39.122015899,10.186347874,0.2,1699.90,129.04,569.678,2.0,38.53,13.42,1698.87,4337213.14,1781559.63
00:14:36.147,18/01/2026,09:45:29,17_T02,39.122015577,10.186348916,0.2,1699.86,128.40,569.776,2.1,38.53,13.42,1698.88,4337213.23,1781559.60
00:14:37.136,18/01/2026,09:45:30,17_T02,39.122015261,10.186349850,0.2,1699.82,127.94,569.864,2.1,38.53,13.42,1698.88,4337213.31,1781559.56
00:14:38.146,18/01/2026,09:45:31,17_T02,39.122014529,10.186350775,0.2,1699.81,127.68,569.967,2.1,38.53,13.41,1698.78,4337213.39,1781559.48
00:14:39.137,18/01/2026,09:45:32,17_T02,39.122013557,10.186351322,0.2,1699.82,128.14,570.048,2.1,38.53,13.41,1698.78,4337213.44,1781559.38
00:14:40.145,18/01/2026,09:45:33,17_T02,39.122012778,10.186351971,0.2,1699.82,128.45,570.130,2.1,38.52,13.42,1698.78,4337213.50,1781559.29
00:14:41.139,18/01/2026,09:45:34,17_T02,39.122012157,10.186352469,0.2,1699.80,128.78,570.194,2.1,38.52,13.42,1698.78,4337213.54,1781559.22
00:14:42.148,18/01/2026,09:45:35,17_T02,39.122011588,10.186352955,0.2,1699.77,129.14,570.255,2.1,38.53,13.41,1698.77,4337213.58,1781559.16
00:14:43.137,18/01/2026,09:45:36,17_T02,39.122010876,10.186353731,0.2,1699.76,129.35,570.345,2.1,38.53,13.41,1698.77,4337213.65,1781559.08
00:14:44.141,18/01/2026,09:45:37,17_T02,39.122010322,10.186354760,0.2,1699.77,129.09,570.450,2.1,38.53,13.41,1698.73,4337213.74,1781559.02
00:14:45.133,18/01/2026,09:45:38,17_T02,39.122009867,10.186355853,0.2,1699.80,128.64,570.556,2.1,38.53,13.41,1698.73,4337213.84,1781558.97
00:14:46.144,18/01/2026,09:45:39,17_T02,39.122009544,10.186356980,0.2,1699.81,128.11,570.661,2.0,38.53,13.42,1698.78,4337213.94,1781558.94
00:14:47.134,18/01/2026,09:45:40,17_T02,39.122009152,10.186358060,0.2,1699.81,127.72,570.764,2.0,38.53,13.42,1698.78,4337214.03,1781558.89
00:14:48.147,18/01/2026,09:45:41,17_T02,39.122008747,10.186359168,0.2,1699.80,127.41,570.870,2.0,38.53,13.42,1698.80,4337214.13,1781558.85
00:14:49.142,18/01/2026,09:45:42,17_T02,39.122008867,10.186361285,0.2,1699.81,127.54,571.039,2.0,38.53,13.42,1698.80,4337214.31,1781558.86
00:14:50.136,18/01/2026,09:45:43,17_T02,39.122008956,10.186363506,0.2,1699.83,127.83,571.217,2.0,38.53,13.42,1698.79,4337214.50,1781558.87
00:14:51.145,18/01/2026,09:45:44,17_T02,39.122008339,10.186364232,0.2,1699.84,128.13,571.300,2.0,38.53,13.42,1698.79,4337214.57,1781558.80
00:14:52.140,18/01/2026,09:45:45,17_T02,39.122007718,10.186364879,0.2,1699.80,128.40,571.376,2.0,38.53,13.42,1698.83,4337214.62,1781558.74
00:14:53.135,18/01/2026,09:45:46,17_T02,39.122007177,10.186365677,0.2,1699.74,128.47,571.461,2.0,38.53,13.42,1698.83,4337214.69,1781558.68
00:14:54.148,18/01/2026,09:45:47,17_T02,39.122007937,10.186366655,0.2,1699.68,128.56,571.513,2.1,38.53,13.42,1698.69,4337214.78,1781558.76
00:14:55.146,18/01/2026,09:45:48,17_T02,39.122008410,10.186367758,0.2,1699.68,128.61,571.586,2.1,38.53,13.42,1698.69,4337214.87,1781558.81
00:14:56.140,18/01/2026,09:45:49,17_T02,39.122007671,10.186368759,0.2,1699.71,128.72,571.695,2.1,38.53,13.42,1698.68,4337214.96,1781558.73
00:14:57.139,18/01/2026,09:45:50,17_T02,39.122007138,10.186369726,0.2,1699.73,128.62,571.794,2.0,38.53,13.42,1698.68,4337215.04,1781558.67
00:14:58.136,18/01/2026,09:45:51,17_T02,39.122006685,10.186370400,0.2,1699.70,128.60,571.866,2.0,38.53,13.42,1698.71,4337215.10,1781558.62
00:14:59.144,18/01/2026,09:45:52,17_T02,39.122006582,10.186371062,0.2,1699.63,128.49,571.924,2.1,38.53,13.42,1698.71,4337215.16,1781558.61
00:15:00.138,18/01/2026,09:45:53,17_T02,39.122006553,10.186371865,0.2,1699.58,128.25,571.991,2.1,38.53,13.42,1698.61,4337215.23,1781558.61
00:15:01.148,18/01/2026,09:45:54,17_T02,39.122005747,10.186372775,0.2,1699.57,128.54,572.096,2.2,38.53,13.42,1698.61,4337215.31,1781558.52
00:15:02.145,18/01/2026,09:45:55,17_T02,39.122005131,10.186373796,0.2,1699.60,128.55,572.202,2.2,38.53,13.42,1698.56,4337215.40,1781558.45
00:15:03.138,18/01/2026,09:45:56,17_T02,39.122004635,10.186374689,0.2,1699.63,128.47,572.294,2.1,38.53,13.42,1698.56,4337215.48,1781558.40
00:15:04.133,18/01/2026,09:45:57,17_T02,39.122004093,10.186375509,0.2,1699.62,128.44,572.381,2.1,38.53,13.42,1698.62,4337215.55,1781558.34
00:15:05.145,18/01/2026,09:45:58,17_T02,39.122002847,10.186376521,0.2,1699.59,128.56,572.510,2.1,38.53,13.42,1698.62,4337215.64,1781558.20
00:15:06.143,18/01/2026,09:45:59,17_T02,39.122001674,10.186377758,0.2,1699.56,128.47,572.655,2.1,38.53,13.42,1698.57,4337215.74,1781558.07
00:15:07.135,18/01/2026,09:46:00,17_T02,39.122000889,10.186378746,0.2,1699.55,128.61,572.766,2.1,38.53,13.42,1698.57,4337215.83,1781557.98
00:15:08.133,18/01/2026,09:46:01,17_T02,39.122000029,10.186379763,0.2,1699.57,128.88,572.881,2.1,38.53,13.42,1698.54,4337215.92,1781557.89
00:15:09.148,18/01/2026,09:46:02,17_T02,39.121999254,10.186380716,0.2,1699.58,129.05,572.988,2.0,38.53,13.42,1698.54,4337216.00,1781557.80
00:15:10.146,18/01/2026,09:46:03,17_T02,39.121998578,10.186380132,0.2,1699.57,129.17,572.965,2.1,38.53,13.42,1698.57,4337215.95,1781557.73
00:15:11.140,18/01/2026,09:46:04,17_T02,39.121998015,10.186379943,0.2,1699.53,128.86,572.970,2.1,38.53,13.42,1698.57,4337215.94,1781557.67
00:15:12.136,18/01/2026,09:46:05,17_T02,39.121997432,10.186381107,0.2,1699.48,128.59,573.087,2.1,38.53,13.42,1698.47,4337216.04,1781557.60
00:15:13.146,18/01/2026,09:46:06,17_T02,39.121996712,10.186382175,0.2,1699.43,128.59,573.202,2.2,38.53,13.42,1698.47,4337216.13,1781557.52
00:15:14.141,18/01/2026,09:46:07,17_T02,39.121995968,10.186383293,0.2,1699.41,128.61,573.321,2.2,38.53,13.42,1698.40,4337216.23,1781557.44
00:15:15.137,18/01/2026,09:46:08,17_T02,39.121996084,10.186385566,0.2,1699.41,128.56,573.503,2.2,38.53,13.42,1698.40,4337216.43,1781557.46
00:15:16.146,18/01/2026,09:46:09,17_T02,39.121995991,10.186387569,0.2,1699.43,128.70,573.670,2.1,38.52,13.42,1698.41,4337216.60,1781557.45
00:15:17.146,18/01/2026,09:46:10,17_T02,39.121995343,10.186388535,0.3,1699.44,128.64,573.774,2.1,38.52,13.42,1698.41,4337216.68,1781557.38
00:15:18.136,18/01/2026,09:46:11,17_T02,39.121994833,10.186389735,0.2,1699.40,128.32,573.891,2.1,38.52,13.42,1698.41,4337216.79,1781557.32
00:15:19.142,18/01/2026,09:46:12,17_T02,39.121994300,10.186390918,0.2,1699.33,128.03,574.008,2.2,38.53,13.42,1698.41,4337216.89,1781557.26
00:15:20.136,18/01/2026,09:46:13,17_T02,39.121993533,10.186391969,0.2,1699.27,128.19,574.122,2.2,38.53,13.42,1698.41,4337216.98,1781557.18
00:15:21.146,18/01/2026,09:46:14,17_T02,39.121992090,10.186391882,0.2,1699.26,128.49,574.169,2.3,38.53,13.42,1698.27,4337216.98,1781557.02
00:15:22.141,18/01/2026,09:46:15,17_T02,39.121990836,10.186392015,0.2,1699.28,128.55,574.226,2.2,38.53,13.42,1698.27,4337216.99,1781556.88
00:15:23.135,18/01/2026,09:46:16,17_T02,39.121990155,10.186393064,0.2,1699.29,128.51,574.338,2.1,38.53,13.42,1698.25,4337217.08,1781556.80
00:15:24.146,18/01/2026,09:46:17,17_T02,39.121989476,10.186394023,0.2,1699.26,128.49,574.441,2.1,38.53,13.42,1698.25,4337217.16,1781556.73
00:15:25.134,18/01/2026,09:46:18,17_T02,39.121988902,10.186395176,0.2,1699.19,128.27,574.557,2.2,38.53,13.42,1698.26,4337217.26,1781556.67
00:15:26.149,18/01/2026,09:46:19,17_T02,39.121987790,10.186396225,0.2,1699.13,128.36,574.684,2.3,38.53,13.42,1698.26,4337217.36,1781556.54
00:15:27.142,18/01/2026,09:46:20,17_T02,39.121986755,10.186397369,0.2,1699.11,128.47,574.817,2.3,38.53,13.42,1698.13,4337217.45,1781556.43
00:15:28.136,18/01/2026,09:46:21,17_T02,39.121985972,10.186398379,0.2,1699.12,128.67,574.929,2.2,38.53,13.42,1698.13,4337217.54,1781556.34
00:15:29.143,18/01/2026,09:46:22,17_T02,39.121985290,10.186399402,0.2,1699.12,128.68,575.038,2.1,38.53,13.42,1698.11,4337217.63,1781556.27
00:15:30.139,18/01/2026,09:46:23,17_T02,39.121984647,10.186400337,0.2,1699.10,128.60,575.138,2.1,38.53,13.42,1698.11,4337217.71,1781556.20
00:15:31.136,18/01/2026,09:46:24,17_T02,39.121984037,10.186401457,0.2,1699.06,128.40,575.253,2.2,38.53,13.42,1698.09,4337217.81,1781556.13
00:15:32.146,18/01/2026,09:46:25,17_T02,39.121983931,10.186404005,0.2,1699.02,128.26,575.465,2.2,38.53,13.42,1698.09,4337218.03,1781556.12
00:15:33.143,18/01/2026,09:46:26,17_T02,39.121983544,10.186406171,0.2,1699.01,128.62,575.657,2.2,38.53,13.42,1697.99,4337218.22,1781556.08
00:15:34.140,18/01/2026,09:46:27,17_T02,39.121982485,10.186407182,0.2,1699.02,129.12,575.779,2.2,38.53,13.42,1697.99,4337218.31,1781555.96
00:15:35.136,18/01/2026,09:46:28,17_T02,39.121981657,10.186408093,0.2,1699.02,129.33,575.885,2.1,38.53,13.42,1698.00,4337218.39,1781555.87
00:15:36.135,18/01/2026,09:46:29,17_T02,39.121981021,10.186409027,0.2,1698.98,129.18,575.985,2.1,38.53,13.42,1698.00,4337218.47,1781555.80
00:15:37.144,18/01/2026,09:46:30,17_T02,39.121980727,10.186410771,0.2,1698.90,128.90,576.139,2.2,38.53,13.42,1697.97,4337218.62,1781555.77
00:15:38.140,18/01/2026,09:46:31,17_T02,39.121980270,10.186412427,0.2,1698.82,128.83,576.291,2.3,38.53,13.42,1697.97,4337218.77,1781555.72
00:15:39.135,18/01/2026,09:46:32,17_T02,39.121979311,10.186413577,0.3,1698.79,129.06,576.421,2.3,38.53,13.42,1697.79,4337218.87,1781555.61
00:15:40.143,18/01/2026,09:46:33,17_T02,39.121978348,10.186415022,0.3,1698.81,129.03,576.575,2.3,38.53,13.42,1697.79,4337218.99,1781555.51
00:15:41.139,18/01/2026,09:46:34,17_T02,39.121977630,10.186416287,0.3,1698.84,128.79,576.706,2.2,38.52,13.42,1697.78,4337219.10,1781555.43
00:15:42.134,18/01/2026,09:46:35,17_T02,39.121976756,10.186417202,0.3,1698.83,128.60,576.813,2.1,38.52,13.42,1697.78,4337219.18,1781555.33
00:15:43.144,18/01/2026,09:46:36,17_T02,39.121975882,10.186418198,0.3,1698.77,128.40,576.927,2.2,38.53,13.42,1697.80,4337219.27,1781555.23
00:15:44.136,18/01/2026,09:46:37,17_T02,39.121975137,10.186419122,0.3,1698.68,128.46,577.031,2.2,38.53,13.42,1697.80,4337219.35,1781555.15
00:15:45.138,18/01/2026,09:46:38,17_T02,39.121974208,10.186420150,0.2,1698.62,128.72,577.149,2.3,38.53,13.42,1697.65,4337219.44,1781555.05
00:15:46.146,18/01/2026,09:46:39,17_T02,39.121973279,10.186421392,0.2,1698.62,128.92,577.286,2.3,38.53,13.42,1697.65,4337219.55,1781554.95
00:15:47.142,18/01/2026,09:46:40,17_T02,39.121972511,10.186422551,0.3,1698.64,128.99,577.409,2.3,38.53,13.42,1697.59,4337219.65,1781554.86
00:15:48.137,18/01/2026,09:46:41,17_T02,39.121971870,10.186425291,0.2,1698.66,128.94,577.657,2.2,38.53,13.42,1697.59,4337219.89,1781554.79
00:15:49.143,18/01/2026,09:46:42,17_T02,39.121971486,10.186427729,0.3,1698.64,128.68,577.871,2.1,38.53,13.42,1697.65,4337220.10,1781554.75
00:15:50.138,18/01/2026,09:46:43,17_T02,39.121971057,10.186428381,0.3,1698.57,128.52,577.941,2.2,38.53,13.42,1697.65,4337220.16,1781554.70
00:15:51.146,18/01/2026,09:46:44,17_T02,39.121970557,10.186429650,0.3,1698.49,128.11,578.063,2.3,38.53,13.42,1697.53,4337220.27,1781554.65
00:15:52.141,18/01/2026,09:46:45,17_T02,39.121969842,10.186430820,0.2,1698.45,128.09,578.186,2.3,38.53,13.42,1697.53,4337220.37,1781554.57
00:15:53.146,18/01/2026,09:46:46,17_T02,39.121969006,10.186432500,0.3,1698.46,128.47,578.354,2.3,38.53,13.42,1697.42,4337220.52,1781554.48
00:15:54.139,18/01/2026,09:46:47,17_T02,39.121968202,10.186434048,0.2,1698.50,128.75,578.511,2.2,38.53,13.42,1697.42,4337220.65,1781554.39
00:15:55.138,18/01/2026,09:46:48,17_T02,39.121967480,10.186434969,0.2,1698.51,128.80,578.613,2.1,38.53,13.42,1697.49,4337220.73,1781554.31
00:15:56.135,18/01/2026,09:46:49,17_T02,39.121966931,10.186435823,0.2,1698.46,128.68,578.704,2.1,38.53,13.42,1697.49,4337220.81,1781554.25
00:15:57.157,18/01/2026,09:46:50,17_T02,39.121966397,10.186436915,0.2,1698.37,128.41,578.813,2.2,38.53,13.42,1697.41,4337220.90,1781554.19
00:15:58.143,18/01/2026,09:46:51,17_T02,39.121965931,10.186437985,0.2,1698.29,128.56,578.918,2.3,38.53,13.42,1697.41,4337220.99,1781554.14
00:15:59.137,18/01/2026,09:46:52,17_T02,39.121965289,10.186439165,0.2,1698.28,128.93,579.039,2.3,38.53,13.42,1697.24,4337221.10,1781554.07
00:16:00.150,18/01/2026,09:46:53,17_T02,39.121964370,10.186440410,0.2,1698.31,129.07,579.175,2.3,38.53,13.42,1697.24,4337221.21,1781553.97
00:16:01.148,18/01/2026,09:46:54,17_T02,39.121963663,10.186441476,0.2,1698.34,128.92,579.288,2.1,38.52,13.42,1697.29,4337221.30,1781553.89
00:16:02.144,18/01/2026,09:46:55,17_T02,39.121962956,10.186442483,0.2,1698.33,128.88,579.397,2.1,38.52,13.42,1697.29,4337221.39,1781553.81
00:16:03.137,18/01/2026,09:46:56,17_T02,39.121962353,10.186443480,0.2,1698.26,128.72,579.501,2.1,38.53,13.42,1697.26,4337221.47,1781553.75
00:16:04.135,18/01/2026,09:46:57,17_T02,39.121961655,10.186445704,0.2,1698.18,128.53,579.709,2.2,38.53,13.42,1697.26,4337221.67,1781553.67
00:16:05.143,18/01/2026,09:46:58,17_T02,39.121960782,10.186448168,0.3,1698.14,128.47,579.944,2.3,38.53,13.42,1697.13,4337221.88,1781553.57
00:16:06.140,18/01/2026,09:46:59,17_T02,39.121959850,10.186449490,0.3,1698.14,128.65,580.087,2.3,38.53,13.42,1697.13,4337222.00,1781553.47
00:16:07.135,18/01/2026,09:47:00,17_T02,39.121959029,10.186450746,0.3,1698.16,128.71,580.220,2.2,38.53,13.42,1697.13,4337222.11,1781553.38
00:16:08.153,18/01/2026,09:47:01,17_T02,39.121958237,10.186451807,0.3,1698.15,128.78,580.336,2.1,38.53,13.42,1697.13,4337222.20,1781553.29
00:16:09.138,18/01/2026,09:47:02,17_T02,39.121957118,10.186453296,0.3,1698.11,128.93,580.500,2.2,38.53,13.42,1697.10,4337222.33,1781553.17
00:16:10.136,18/01/2026,09:47:03,17_T02,39.121955993,10.186454972,0.3,1698.05,128.93,580.679,2.2,38.53,13.42,1697.10,4337222.47,1781553.05
00:16:11.149,18/01/2026,09:47:04,17_T02,39.121955293,10.186456311,0.3,1698.02,128.65,580.815,2.3,38.53,13.42,1696.99,4337222.59,1781552.97
00:16:12.144,18/01/2026,09:47:05,17_T02,39.121954484,10.186457579,0.3,1698.03,128.62,580.949,2.2,38.53,13.42,1696.99,4337222.70,1781552.88
00:16:13.143,18/01/2026,09:47:06,17_T02,39.121953579,10.186458649,0.3,1698.05,128.82,581.070,2.1,38.53,13.42,1697.00,4337222.79,1781552.78
00:16:14.139,18/01/2026,09:47:07,17_T02,39.121952812,10.186459740,0.3,1698.04,128.83,581.188,2.1,38.53,13.42,1697.00,4337222.89,1781552.70
00:16:15.134,18/01/2026,09:47:08,17_T02,39.121952191,10.186460704,0.3,1697.99,128.42,581.290,2.2,38.53,13.42,1696.97,4337222.97,1781552.63
00:16:16.143,18/01/2026,09:47:09,17_T02,39.121951488,10.186461685,0.2,1697.92,128.17,581.397,2.2,38.53,13.42,1696.97,4337223.06,1781552.55
00:16:17.137,18/01/2026,09:47:10,17_T02,39.121950785,10.186462745,0.2,1697.87,128.22,581.510,2.2,38.53,13.42,1696.97,4337223.15,1781552.47
00:16:18.145,18/01/2026,09:47:11,17_T02,39.121949893,10.186463933,0.2,1697.85,128.36,581.640,2.2,38.53,13.42,1696.87,4337223.26,1781552.38
00:16:19.147,18/01/2026,09:47:12,17_T02,39.121948935,10.186465007,0.2,1697.86,128.62,581.764,2.2,38.53,13.42,1696.87,4337223.35,1781552.27
00:16:20.143,18/01/2026,09:47:13,17_T02,39.121947451,10.186464936,0.2,1697.86,128.63,581.813,2.2,38.53,13.42,1696.81,4337223.34,1781552.11
00:16:21.137,18/01/2026,09:47:14,17_T02,39.121946011,10.186464603,0.3,1697.83,128.96,581.839,2.2,38.53,13.42,1696.81,4337223.31,1781551.95
00:16:22.149,18/01/2026,09:47:15,17_T02,39.121945308,10.186465687,0.2,1697.78,128.92,581.954,2.2,38.53,13.42,1696.80,4337223.41,1781551.87
00:16:23.146,18/01/2026,09:47:16,17_T02,39.121944631,10.186466831,0.2,1697.74,128.78,582.073,2.2,38.53,13.42,1696.80,4337223.51,1781551.80
00:16:24.136,18/01/2026,09:47:17,17_T02,39.121943846,10.186468104,0.2,1697.74,128.68,582.207,2.2,38.53,13.42,1696.72,4337223.62,1781551.71
00:16:25.145,18/01/2026,09:47:18,17_T02,39.121943091,10.186469182,0.2,1697.74,128.57,582.323,2.2,38.53,13.42,1696.72,4337223.71,1781551.63
00:16:26.136,18/01/2026,09:47:19,17_T02,39.121942185,10.186469968,0.2,1697.73,128.75,582.421,2.2,38.53,13.42,1696.72,4337223.78,1781551.53
00:16:27.143,18/01/2026,09:47:20,17_T02,39.121941480,10.186470826,0.2,1697.69,128.85,582.518,2.2,38.53,13.42,1696.72,4337223.86,1781551.45
00:16:28.139,18/01/2026,09:47:21,17_T02,39.121940909,10.186471568,0.2,1697.63,128.94,582.600,2.2,38.53,13.42,1696.67,4337223.92,1781551.39
00:16:29.134,18/01/2026,09:47:22,17_T02,39.121940159,10.186472827,0.2,1697.58,128.83,582.731,2.3,38.53,13.42,1696.67,4337224.03,1781551.30
00:16:30.133,18/01/2026,09:47:23,17_T02,39.121939477,10.186474100,0.2,1697.55,128.68,582.860,2.3,38.53,13.42,1696.55,4337224.14,1781551.23
00:16:31.141,18/01/2026,09:47:24,17_T02,39.121937957,10.186474817,0.2,1697.54,128.67,582.976,2.3,38.53,13.42,1696.55,4337224.21,1781551.06
00:16:32.139,18/01/2026,09:47:25,17_T02,39.121936100,10.186475526,0.2,1697.54,128.85,583.103,2.2,38.53,13.42,1696.50,4337224.27,1781550.86
00:16:33.148,18/01/2026,09:47:26,17_T02,39.121935273,10.186476463,0.2,1697.53,128.98,583.210,2.2,38.53,13.42,1696.50,4337224.35,1781550.77
00:16:34.141,18/01/2026,09:47:27,17_T02,39.121934480,10.186477578,0.3,1697.50,128.93,583.331,2.2,38.53,13.42,1696.49,4337224.45,1781550.68
00:16:35.147,18/01/2026,09:47:28,17_T02,39.121933759,10.186478479,0.2,1697.47,129.03,583.432,2.2,38.53,13.42,1696.49,4337224.52,1781550.60
00:16:36.146,18/01/2026,09:47:29,17_T02,39.121932276,10.186477968,0.2,1697.43,129.32,583.445,2.2,38.53,13.42,1696.43,4337224.48,1781550.43
00:16:37.141,18/01/2026,09:47:30,17_T02,39.121930871,10.186477612,0.2,1697.41,129.29,583.468,2.2,38.53,13.42,1696.43,4337224.45,1781550.28
00:16:38.135,18/01/2026,09:47:31,17_T02,39.121930225,10.186479008,0.2,1697.40,128.86,583.607,2.2,38.53,13.42,1696.37,4337224.57,1781550.21
00:16:39.144,18/01/2026,09:47:32,17_T02,39.121929769,10.186480348,0.2,1697.39,128.32,583.733,2.2,38.53,13.42,1696.37,4337224.69,1781550.16
00:16:40.140,18/01/2026,09:47:33,17_T02,39.121929297,10.186481440,0.2,1697.38,127.92,583.840,2.2,38.53,13.42,1696.35,4337224.78,1781550.11
00:16:41.136,18/01/2026,09:47:34,17_T02,39.121928674,10.186482478,0.2,1697.34,127.72,583.949,2.2,38.53,13.42,1696.35,4337224.87,1781550.04
00:16:42.156,18/01/2026,09:47:35,17_T02,39.121927912,10.186484225,0.2,1697.26,127.63,584.120,2.3,38.53,13.41,1696.29,4337225.03,1781549.95
00:16:43.136,18/01/2026,09:47:36,17_T02,39.121927150,10.186485791,0.2,1697.20,127.80,584.277,2.3,38.53,13.41,1696.29,4337225.16,1781549.87
00:16:44.134,18/01/2026,09:47:37,17_T02,39.121926152,10.186486819,0.2,1697.17,128.32,584.398,2.3,38.53,13.42,1696.14,4337225.25,1781549.76
00:16:45.144,18/01/2026,09:47:38,17_T02,39.121924925,10.186487729,0.2,1697.18,129.13,584.518,2.3,38.53,13.42,1696.14,4337225.33,1781549.63
00:16:46.141,18/01/2026,09:47:39,17_T02,39.121923919,10.186488445,0.3,1697.19,129.63,584.614,2.2,38.53,13.42,1696.13,4337225.39,1781549.52
00:16:47.133,18/01/2026,09:47:40,17_T02,39.121922560,10.186489334,0.3,1697.16,129.70,584.738,2.2,38.53,13.42,1696.13,4337225.47,1781549.37
00:16:48.145,18/01/2026,09:47:41,17_T02,39.121921470,10.186490403,0.3,1697.10,129.47,584.866,2.2,38.53,13.42,1696.12,4337225.57,1781549.25
00:16:49.138,18/01/2026,09:47:42,17_T02,39.121921018,10.186491698,0.3,1697.03,128.87,584.989,2.3,38.53,13.42,1696.12,4337225.68,1781549.20
00:16:50.143,18/01/2026,09:47:43,17_T02,39.121920426,10.186493176,0.3,1697.00,128.29,585.132,2.3,38.53,13.42,1695.97,4337225.81,1781549.13
00:16:51.140,18/01/2026,09:47:44,17_T02,39.121919874,10.186494517,0.3,1697.00,127.80,585.262,2.3,38.53,13.42,1695.97,4337225.92,1781549.07
00:16:52.158,18/01/2026,09:47:45,17_T02,39.121918463,10.186494621,0.3,1697.01,127.47,585.323,2.3,38.53,13.42,1695.95,4337225.93,1781548.91
00:16:53.138,18/01/2026,09:47:46,17_T02,39.121917181,10.186494693,0.3,1697.01,127.46,585.377,2.2,38.53,13.42,1695.95,4337225.94,1781548.77
00:16:54.139,18/01/2026,09:47:47,17_T02,39.121916332,10.186495595,0.3,1696.98,127.89,585.482,2.2,38.53,13.42,1695.94,4337226.02,1781548.68
00:16:55.133,18/01/2026,09:47:48,17_T02,39.121915316,10.186496432,0.3,1696.93,128.54,585.589,2.2,38.53,13.42,1695.94,4337226.09,1781548.57
00:16:56.141,18/01/2026,09:47:49,17_T02,39.121914062,10.186497236,0.3,1696.89,129.33,585.701,2.3,38.53,13.42,1695.86,4337226.16,1781548.43
00:16:57.133,18/01/2026,09:47:50,17_T02,39.121913233,10.186498481,0.3,1696.85,129.44,585.834,2.3,38.53,13.42,1695.86,4337226.27,1781548.34
00:16:58.140,18/01/2026,09:47:51,17_T02,39.121913044,10.186499181,0.3,1696.82,129.54,585.898,2.2,38.53,13.43,1695.79,4337226.33,1781548.32
00:16:59.146,18/01/2026,09:47:52,17_T02,39.121912858,10.186499859,0.2,1696.78,129.52,585.961,2.2,38.53,13.43,1695.79,4337226.39,1781548.30
00:17:00.142,18/01/2026,09:47:53,17_T02,39.121912061,10.186500659,0.2,1696.73,129.57,586.056,2.3,38.52,13.43,1695.69,4337226.46,1781548.21
00:17:01.138,18/01/2026,09:47:54,17_T02,39.121911563,10.186502025,0.2,1696.69,128.91,586.186,2.3,38.52,13.43,1695.69,4337226.58,1781548.15
00:17:02.136,18/01/2026,09:47:55,17_T02,39.121911065,10.186503440,0.2,1696.66,128.30,586.321,2.3,38.53,13.43,1695.62,4337226.70,1781548.10
00:17:03.134,18/01/2026,09:47:56,17_T02,39.121910619,10.186505697,0.2,1696.65,128.25,586.522,2.3,38.53,13.43,1695.62,4337226.90,1781548.05
00:17:04.148,18/01/2026,09:47:57,17_T02,39.121909925,10.186507531,0.2,1696.64,128.57,586.698,2.2,38.52,13.42,1695.60,4337227.06,1781547.97
00:17:05.143,18/01/2026,09:47:58,17_T02,39.121909107,10.186508643,0.3,1696.62,128.59,586.820,2.3,38.52,13.42,1695.60,4337227.16,1781547.88
00:17:06.140,18/01/2026,09:47:59,17_T02,39.121908548,10.186509595,0.3,1696.57,128.50,586.918,2.3,38.53,13.42,1695.53,4337227.24,1781547.82
00:17:07.139,18/01/2026,09:48:00,17_T02,39.121908132,10.186510434,0.2,1696.51,128.43,587.003,2.3,38.53,13.42,1695.53,4337227.31,1781547.78
00:17:08.145,18/01/2026,09:48:01,17_T02,39.121907314,10.186511506,0.2,1696.47,128.50,587.121,2.3,38.53,13.42,1695.44,4337227.40,1781547.69
00:17:09.141,18/01/2026,09:48:02,17_T02,39.121906145,10.186512509,0.2,1696.46,128.47,587.247,2.3,38.53,13.42,1695.44,4337227.49,1781547.56
00:17:10.136,18/01/2026,09:48:03,17_T02,39.121904930,10.186513576,0.2,1696.49,128.46,587.379,2.3,38.53,13.42,1695.40,4337227.59,1781547.42
00:17:11.135,18/01/2026,09:48:04,17_T02,39.121904290,10.186514597,0.2,1696.54,128.48,587.487,2.2,38.53,13.42,1695.40,4337227.67,1781547.35
00:17:12.146,18/01/2026,09:48:05,17_T02,39.121903554,10.186515093,0.2,1696.56,128.87,587.555,2.1,38.53,13.42,1695.49,4337227.72,1781547.27
00:17:13.142,18/01/2026,09:48:06,17_T02,39.121902934,10.186515748,0.2,1696.50,128.90,587.631,2.1,38.53,13.42,1695.49,4337227.77,1781547.21
00:17:14.140,18/01/2026,09:48:07,17_T02,39.121902413,10.186516679,0.2,1696.39,128.73,587.727,2.2,38.53,13.42,1695.38,4337227.86,1781547.15
00:17:15.134,18/01/2026,09:48:08,17_T02,39.121901921,10.186517895,0.2,1696.32,128.56,587.845,2.3,38.53,13.42,1695.38,4337227.96,1781547.09
00:17:16.144,18/01/2026,09:48:09,17_T02,39.121901079,10.186519083,0.2,1696.30,128.62,587.973,2.3,38.53,13.42,1695.38,4337228.07,1781547.00
00:17:17.138,18/01/2026,09:48:10,17_T02,39.121900136,10.186520376,0.2,1696.32,128.67,588.114,2.3,38.53,13.43,1695.23,4337228.18,1781546.90
00:17:18.145,18/01/2026,09:48:11,17_T02,39.121899132,10.186521546,0.2,1696.34,128.84,588.248,2.2,38.53,13.43,1695.23,4337228.28,1781546.79
00:17:19.142,18/01/2026,09:48:12,17_T02,39.121899025,10.186522536,0.2,1696.32,128.70,588.333,2.2,38.52,13.42,1695.27,4337228.37,1781546.78
00:17:20.135,18/01/2026,09:48:13,17_T02,39.121898943,10.186523321,0.2,1696.26,128.65,588.400,2.2,38.52,13.42,1695.27,4337228.43,1781546.77
00:17:21.144,18/01/2026,09:48:14,17_T02,39.121898229,10.186524596,0.2,1696.18,128.50,588.531,2.3,38.53,13.42,1695.21,4337228.55,1781546.69
00:17:22.133,18/01/2026,09:48:15,17_T02,39.121897377,10.186525768,0.2,1696.13,128.56,588.659,2.3,38.53,13.42,1695.21,4337228.65,1781546.59
00:17:23.142,18/01/2026,09:48:16,17_T02,39.121896595,10.186527091,0.2,1696.11,128.48,588.796,2.3,38.53,13.42,1695.07,4337228.76,1781546.51
00:17:24.133,18/01/2026,09:48:17,17_T02,39.121895753,10.186528452,0.2,1696.11,128.51,588.939,2.3,38.53,13.42,1695.07,4337228.88,1781546.42
00:17:25.146,18/01/2026,09:48:18,17_T02,39.121895494,10.186529217,0.2,1696.11,128.67,589.011,2.2,38.52,13.42,1695.04,4337228.95,1781546.39
00:17:26.136,18/01/2026,09:48:19,17_T02,39.121895192,10.186529967,0.2,1696.08,128.77,589.084,2.2,38.52,13.42,1695.04,4337229.01,1781546.35
00:17:27.135,18/01/2026,09:48:20,17_T02,39.121894368,10.186531138,0.2,1696.03,128.84,589.211,2.2,38.53,13.42,1695.03,4337229.12,1781546.26
00:17:28.142,18/01/2026,09:48:21,17_T02,39.121893632,10.186532280,0.2,1695.96,128.89,589.331,2.3,38.53,13.42,1695.03,4337229.22,1781546.18
00:17:29.143,18/01/2026,09:48:22,17_T02,39.121892856,10.186533398,0.2,1695.91,128.99,589.452,2.3,38.53,13.42,1694.90,4337229.31,1781546.10
00:17:30.136,18/01/2026,09:48:23,17_T02,39.121891846,10.186533580,0.2,1695.88,128.37,589.504,2.3,38.53,13.42,1694.90,4337229.33,1781545.99
00:17:31.148,18/01/2026,09:48:24,17_T02,39.121891398,10.186534245,0.3,1695.87,126.55,589.575,2.3,38.53,13.42,1694.81,4337229.39,1781545.94
00:17:32.140,18/01/2026,09:48:25,17_T02,39.121891912,10.186536530,0.3,1695.87,123.59,589.743,2.3,38.53,13.42,1694.81,4337229.59,1781545.99
00:17:33.135,18/01/2026,09:48:26,17_T02,39.121892380,10.186538552,0.3,1695.85,120.89,589.892,2.3,38.52,13.42,1694.79,4337229.76,1781546.05
00:17:34.142,18/01/2026,09:48:27,17_T02,39.121892666,10.186540364,0.3,1695.82,118.78,590.030,2.3,38.52,13.42,1694.79,4337229.92,1781546.08
00:17:35.147,18/01/2026,09:48:28,17_T02,39.121892958,10.186542660,0.3,1695.76,116.72,590.207,2.3,38.53,13.41,1694.74,4337230.12,1781546.11
00:17:36.145,18/01/2026,09:48:29,17_T02,39.121893400,10.186545089,0.3,1695.71,114.16,590.389,2.4,38.53,13.41,1694.74,4337230.33,1781546.16
00:17:37.141,18/01/2026,09:48:30,17_T02,39.121893801,10.186547020,0.3,1695.68,112.02,590.532,2.4,38.53,13.41,1694.61,4337230.50,1781546.20
00:17:38.147,18/01/2026,09:48:31,17_T02,39.121893860,10.186548650,0.3,1695.67,110.84,590.664,2.4,38.53,13.41,1694.61,4337230.64,1781546.21
00:17:39.143,18/01/2026,09:48:32,17_T02,39.121893541,10.186549984,0.3,1695.67,110.67,590.785,2.4,38.53,13.41,1694.58,4337230.76,1781546.18
00:17:40.141,18/01/2026,09:48:33,17_T02,39.121892756,10.186551028,0.3,1695.64,111.40,590.900,2.3,38.53,13.41,1694.58,4337230.85,1781546.09
00:17:41.140,18/01/2026,09:48:34,17_T02,39.121892476,10.186553044,0.2,1695.57,112.50,591.075,2.3,38.53,13.41,1694.55,4337231.02,1781546.06
00:17:42.135,18/01/2026,09:48:35,17_T02,39.121892055,10.186554781,0.2,1695.49,113.92,591.233,2.4,38.53,13.41,1694.55,4337231.17,1781546.01
00:17:43.146,18/01/2026,09:48:36,17_T02,39.121890863,10.186555616,0.2,1695.41,115.33,591.346,2.4,38.53,13.42,1694.41,4337231.25,1781545.88
00:17:44.141,18/01/2026,09:48:37,17_T02,39.121889939,10.186556799,0.2,1695.37,115.88,591.477,2.4,38.53,13.42,1694.41,4337231.35,1781545.78
00:17:45.136,18/01/2026,09:48:38,17_T02,39.121890866,10.186559017,0.2,1695.37,112.69,591.624,2.4,38.53,13.43,1694.29,4337231.54,1781545.88
00:17:46.148,18/01/2026,09:48:39,17_T02,39.121892701,10.186560655,0.3,1695.38,108.03,591.690,2.3,38.53,13.43,1694.29,4337231.68,1781546.09
00:17:47.140,18/01/2026,09:48:40,17_T02,39.121894530,10.186561877,0.2,1695.34,103.96,591.722,2.3,38.52,13.42,1694.30,4337231.79,1781546.29
00:17:48.137,18/01/2026,09:48:41,17_T02,39.121895629,10.186563645,0.3,1695.25,101.00,591.826,2.4,38.52,13.42,1694.30,4337231.94,1781546.41
00:17:49.148,18/01/2026,09:48:42,17_T02,39.121896474,10.186565310,0.3,1695.15,98.85,591.931,2.5,38.53,13.42,1694.15,4337232.09,1781546.50
00:17:50.137,18/01/2026,09:48:43,17_T02,39.121896907,10.186566737,0.3,1695.07,97.89,592.032,2.6,38.53,13.42,1694.15,4337232.21,1781546.55
00:17:51.143,18/01/2026,09:48:44,17_T02,39.121896291,10.186567107,0.2,1695.01,98.50,592.085,2.5,38.53,13.42,1693.97,4337232.24,1781546.48
00:17:52.134,18/01/2026,09:48:45,17_T02,39.121895262,10.186567171,0.2,1694.93,100.15,592.128,2.5,38.53,13.42,1693.97,4337232.25,1781546.37
00:17:53.141,18/01/2026,09:48:46,17_T02,39.121894083,10.186567967,0.2,1694.80,102.24,592.237,2.5,38.53,13.42,1693.81,4337232.32,1781546.24
00:17:54.145,18/01/2026,09:48:47,17_T02,39.121892866,10.186568802,0.2,1694.64,104.16,592.351,2.6,38.53,13.42,1693.81,4337232.39,1781546.11
00:17:55.137,18/01/2026,09:48:48,17_T02,39.121892224,10.186569612,0.2,1694.49,104.89,592.441,2.8,38.53,13.42,1693.51,4337232.46,1781546.03
00:17:56.145,18/01/2026,09:48:49,17_T02,39.121891633,10.186570952,0.2,1694.39,104.97,592.573,2.9,38.53,13.42,1693.51,4337232.58,1781545.97
00:17:57.136,18/01/2026,09:48:50,17_T02,39.121893212,10.186573398,0.2,1694.30,104.03,592.715,2.9,38.53,13.42,1693.27,4337232.79,1781546.14
00:17:58.146,18/01/2026,09:48:51,17_T02,39.121894403,10.186575340,0.2,1694.17,103.63,592.829,2.9,38.53,13.42,1693.27,4337232.96,1781546.28
00:17:59.145,18/01/2026,09:48:52,17_T02,39.121894183,10.186576182,0.2,1693.99,103.83,592.907,3.0,38.53,13.42,1693.03,4337233.04,1781546.25
00:18:00.134,18/01/2026,09:48:53,17_T02,39.121893768,10.186577154,0.2,1693.80,103.87,593.002,3.2,38.53,13.42,1693.03,4337233.12,1781546.21
00:18:01.141,18/01/2026,09:48:54,17_T02,39.121893619,10.186578497,0.2,1693.64,103.13,593.117,3.4,38.53,13.42,1692.66,4337233.24,1781546.19
00:18:02.136,18/01/2026,09:48:55,17_T02,39.121894804,10.186581893,0.2,1693.51,101.75,593.351,3.5,38.53,13.42,1692.66,4337233.53,1781546.32
00:18:03.133,18/01/2026,09:48:56,17_T02,39.121895763,10.186584734,0.3,1693.38,101.07,593.548,3.5,38.53,13.42,1692.36,4337233.78,1781546.43
00:18:04.145,18/01/2026,09:48:57,17_T02,39.121895472,10.186585732,0.2,1693.24,101.39,593.641,3.5,38.53,13.42,1692.36,4337233.87,1781546.40
00:18:05.139,18/01/2026,09:48:58,17_T02,39.121894973,10.186586701,0.2,1693.07,101.92,593.739,3.6,38.53,13.42,1692.09,4337233.95,1781546.34
00:18:06.135,18/01/2026,09:48:59,17_T02,39.121894734,10.186587697,0.2,1692.92,101.86,593.829,3.8,38.53,13.42,1692.09,4337234.04,1781546.32
00:18:07.145,18/01/2026,09:49:00,17_T02,39.121894685,10.186588936,0.2,1692.84,101.38,593.932,4.0,38.53,13.42,1691.79,4337234.14,1781546.31
00:18:08.138,18/01/2026,09:49:01,17_T02,39.121894835,10.186590541,0.2,1692.85,100.70,594.058,4.0,38.53,13.42,1691.79,4337234.28,1781546.33
00:18:09.137,18/01/2026,09:49:02,17_T02,39.121894838,10.186591943,0.2,1692.89,100.44,594.173,3.8,38.53,13.42,1691.78,4337234.41,1781546.33
00:18:10.144,18/01/2026,09:49:03,17_T02,39.121894389,10.186593055,0.2,1692.94,100.87,594.281,3.6,38.53,13.42,1691.78,4337234.50,1781546.28
00:18:11.139,18/01/2026,09:49:04,17_T02,39.121893908,10.186593988,0.2,1692.93,101.40,594.375,3.5,38.53,13.42,1691.85,4337234.58,1781546.23
00:18:12.137,18/01/2026,09:49:05,17_T02,39.121893458,10.186595023,0.2,1692.88,101.89,594.477,3.5,38.53,13.42,1691.85,4337234.67,1781546.18
00:18:13.146,18/01/2026,09:49:06,17_T02,39.121893605,10.186597210,0.2,1692.83,102.54,594.650,3.6,38.53,13.42,1691.77,4337234.86,1781546.19
00:18:14.144,18/01/2026,09:49:07,17_T02,39.121893688,10.186599390,0.2,1692.80,103.02,594.826,3.6,38.53,13.42,1691.77,4337235.05,1781546.20
00:18:15.144,18/01/2026,09:49:08,17_T02,39.121893384,10.186600739,0.2,1692.79,102.95,594.948,3.5,38.53,13.42,1691.77,4337235.17,1781546.17
00:18:16.139,18/01/2026,09:49:09,17_T02,39.121893241,10.186601939,0.2,1692.78,102.69,595.051,3.5,38.53,13.42,1691.71,4337235.28,1781546.15
00:18:17.148,18/01/2026,09:49:10,17_T02,39.121893285,10.186603011,0.2,1692.73,102.33,595.137,3.4,38.53,13.42,1691.71,4337235.37,1781546.16
00:18:18.146,18/01/2026,09:49:11,17_T02,39.121893004,10.186603752,0.2,1692.63,102.15,595.208,3.4,38.53,13.42,1691.66,4337235.43,1781546.13
00:18:19.133,18/01/2026,09:49:12,17_T02,39.121892717,10.186604390,0.2,1692.52,101.94,595.271,3.5,38.53,13.42,1691.66,4337235.49,1781546.10
00:18:20.144,18/01/2026,09:49:13,17_T02,39.121892524,10.186605720,0.2,1692.41,101.68,595.388,3.6,38.53,13.42,1691.47,4337235.61,1781546.08
00:18:21.144,18/01/2026,09:49:14,17_T02,39.121892569,10.186607076,0.2,1692.32,101.17,595.497,3.6,38.53,13.42,1691.47,4337235.72,1781546.08
00:18:22.140,18/01/2026,09:49:15,17_T02,39.121892489,10.186608142,0.2,1692.27,101.03,595.587,3.6,38.53,13.42,1691.23,4337235.82,1781546.07
00:18:23.147,18/01/2026,09:49:16,17_T02,39.121892194,10.186608737,0.2,1692.22,101.39,595.647,3.6,38.53,13.42,1691.23,4337235.87,1781546.04
00:18:24.144,18/01/2026,09:49:17,17_T02,39.121891794,10.186609217,0.2,1692.13,101.96,595.701,3.5,38.53,13.42,1691.13,4337235.91,1781546.00
00:18:25.141,18/01/2026,09:49:18,17_T02,39.121891300,10.186610140,0.2,1692.01,102.47,595.795,3.6,38.53,13.42,1691.13,4337235.99,1781545.94
00:18:26.143,18/01/2026,09:49:19,17_T02,39.121890948,10.186611175,0.2,1691.89,102.65,595.893,3.7,38.53,13.42,1690.93,4337236.08,1781545.90
00:18:27.135,18/01/2026,09:49:20,17_T02,39.121890724,10.186612357,0.2,1691.80,102.60,595.998,3.8,38.53,13.42,1690.93,4337236.18,1781545.88
00:18:28.140,18/01/2026,09:49:21,17_T02,39.121890497,10.186613675,0.2,1691.73,102.51,596.114,3.8,38.53,13.42,1690.72,4337236.30,1781545.85
00:18:29.134,18/01/2026,09:49:22,17_T02,39.121890027,10.186615177,0.2,1691.69,102.18,596.255,3.8,38.53,13.42,1690.72,4337236.43,1781545.80
00:18:30.135,18/01/2026,09:49:23,17_T02,39.121889631,10.186616562,0.2,1691.65,101.80,596.383,3.7,38.53,13.42,1690.62,4337236.55,1781545.76
00:18:31.145,18/01/2026,09:49:24,17_T02,39.121889457,10.186617798,0.2,1691.58,101.56,596.491,3.7,38.53,13.42,1690.62,4337236.66,1781545.74
00:18:32.139,18/01/2026,09:49:25,17_T02,39.121889362,10.186619103,0.2,1691.51,101.27,596.601,3.7,38.53,13.43,1690.49,4337236.77,1781545.73
00:18:33.133,18/01/2026,09:49:26,17_T02,39.121889052,10.186620350,0.2,1691.43,101.32,596.715,3.8,38.53,13.43,1690.49,4337236.88,1781545.70
00:18:34.143,18/01/2026,09:49:27,17_T02,39.121888148,10.186619753,0.2,1691.38,101.46,596.700,3.8,38.53,13.43,1690.36,4337236.83,1781545.60
00:18:35.138,18/01/2026,09:49:28,17_T02,39.121887389,10.186619420,0.2,1691.35,101.50,596.701,3.7,38.53,13.43,1690.36,4337236.80,1781545.51
00:18:36.135,18/01/2026,09:49:29,17_T02,39.121887284,10.186620474,0.2,1691.31,101.34,596.791,3.6,38.53,13.42,1690.26,4337236.89,1781545.50
00:18:37.133,18/01/2026,09:49:30,17_T02,39.121886930,10.186621476,0.2,1691.25,101.70,596.886,3.5,38.53,13.42,1690.26,4337236.98,1781545.46
00:18:38.143,18/01/2026,09:49:31,17_T02,39.121886634,10.186622563,0.2,1691.14,101.97,596.986,3.5,38.53,13.42,1690.16,4337237.07,1781545.43
00:18:39.151,18/01/2026,09:49:32,17_T02,39.121886520,10.186624866,0.2,1691.02,102.03,597.179,3.7,38.53,13.42,1690.16,4337237.27,1781545.42
00:18:40.136,18/01/2026,09:49:33,17_T02,39.121886347,10.186627086,0.2,1690.94,102.03,597.367,3.8,38.53,13.42,1689.93,4337237.47,1781545.40
00:18:41.146,18/01/2026,09:49:34,17_T02,39.121886250,10.186628449,0.2,1690.92,101.65,597.483,3.8,38.53,13.42,1689.93,4337237.58,1781545.39
00:18:42.153,18/01/2026,09:49:35,17_T02,39.121886159,10.186629845,0.2,1690.92,101.24,597.600,3.7,38.53,13.42,1689.83,4337237.71,1781545.38
00:18:43.137,18/01/2026,09:49:36,17_T02,39.121885900,10.186630975,0.2,1690.91,101.13,597.702,3.5,38.53,13.42,1689.83,4337237.80,1781545.35
00:18:44.135,18/01/2026,09:49:37,17_T02,39.121885499,10.186631913,0.2,1690.86,101.28,597.794,3.4,38.53,13.42,1689.84,4337237.89,1781545.31
00:18:45.133,18/01/2026,09:49:38,17_T02,39.121884398,10.186631785,0.2,1690.76,101.58,597.825,3.5,38.53,13.42,1689.84,4337237.88,1781545.18
00:18:46.144,18/01/2026,09:49:39,17_T02,39.121883468,10.186632208,0.2,1690.66,101.67,597.894,3.7,38.53,13.42,1689.66,4337237.91,1781545.08
00:18:47.138,18/01/2026,09:49:40,17_T02,39.121883248,10.186633479,0.2,1690.59,101.62,598.006,3.7,38.53,13.42,1689.66,4337238.02,1781545.06
00:18:48.136,18/01/2026,09:49:41,17_T02,39.121882944,10.186634809,0.2,1690.56,101.58,598.126,3.7,38.53,13.42,1689.50,4337238.14,1781545.02
00:18:49.133,18/01/2026,09:49:42,17_T02,39.121882564,10.186636057,0.2,1690.53,101.64,598.243,3.6,38.53,13.42,1689.50,4337238.25,1781544.98
00:18:50.148,18/01/2026,09:49:43,17_T02,39.121882691,10.186639000,0.2,1690.43,101.57,598.479,3.5,38.53,13.42,1689.42,4337238.50,1781545.00
00:18:51.142,18/01/2026,09:49:44,17_T02,39.121883150,10.186641560,0.2,1690.30,101.17,598.672,3.6,38.53,13.42,1689.42,4337238.73,1781545.05
00:18:52.136,18/01/2026,09:49:45,17_T02,39.121882882,10.186642603,0.2,1690.13,101.37,598.767,3.7,38.53,13.42,1689.15,4337238.82,1781545.02
00:18:53.145,18/01/2026,09:49:46,17_T02,39.121882544,10.186643618,0.2,1689.98,101.71,598.863,3.9,38.53,13.42,1689.15,4337238.91,1781544.98
00:18:54.138,18/01/2026,09:49:47,17_T02,39.121882132,10.186644750,0.2,1689.87,102.01,598.971,4.0,38.53,13.42,1688.86,4337239.00,1781544.94
00:18:55.133,18/01/2026,09:49:48,17_T02,39.121881331,10.186644722,0.2,1689.82,101.79,598.998,4.1,38.53,13.42,1688.86,4337239.00,1781544.85
00:18:56.133,18/01/2026,09:49:49,17_T02,39.121880774,10.186644783,0.2,1689.81,101.29,599.024,4.0,38.53,13.42,1688.72,4337239.01,1781544.79
00:18:57.142,18/01/2026,09:49:50,17_T02,39.121880465,10.186646084,0.2,1689.79,101.38,599.142,3.8,38.53,13.42,1688.72,4337239.12,1781544.75
00:18:58.142,18/01/2026,09:49:51,17_T02,39.121880046,10.186646999,0.2,1689.74,101.82,599.233,3.4,38.53,13.42,1688.68,4337239.20,1781544.71
00:18:59.148,18/01/2026,09:49:52,17_T02,39.121879400,10.186647891,0.2,1689.67,102.45,599.330,3.4,38.53,13.42,1688.68,4337239.28,1781544.64
00:19:00.145,18/01/2026,09:49:53,17_T02,39.121878916,10.186648862,0.2,1689.61,102.77,599.427,3.5,38.53,13.42,1688.56,4337239.36,1781544.58
00:19:01.138,18/01/2026,09:49:54,17_T02,39.121878854,10.186650957,0.2,1689.59,102.91,599.601,3.6,38.53,13.42,1688.56,4337239.54,1781544.58
00:19:02.142,18/01/2026,09:49:55,17_T02,39.121878998,10.186652958,0.2,1689.59,102.72,599.760,3.5,38.53,13.42,1688.48,4337239.72,1781544.59
00:19:03.134,18/01/2026,09:49:56,17_T02,39.121878666,10.186653841,0.2,1689.61,102.68,599.844,3.3,38.53,13.42,1688.48,4337239.80,1781544.56
00:19:04.142,18/01/2026,09:49:57,17_T02,39.121878502,10.186654657,0.2,1689.60,102.46,599.917,3.5,38.53,13.42,1688.52,4337239.87,1781544.54
00:19:05.134,18/01/2026,09:49:58,17_T02,39.121878197,10.186655457,0.2,1689.56,102.44,599.994,3.5,38.53,13.42,1688.52,4337239.94,1781544.51
00:19:06.141,18/01/2026,09:49:59,17_T02,39.121879030,10.186658031,0.2,1689.53,102.20,600.174,3.5,38.53,13.42,1688.44,4337240.16,1781544.60
00:19:07.135,18/01/2026,09:50:00,17_T02,39.121879603,10.186660312,0.2,1689.56,101.92,600.340,3.5,38.53,13.42,1688.44,4337240.36,1781544.66
00:19:08.139,18/01/2026,09:50:01,17_T02,39.121879366,10.186661472,0.2,1689.63,101.75,600.443,3.4,38.53,13.42,1688.49,4337240.46,1781544.64
00:19:09.133,18/01/2026,09:50:02,17_T02,39.121879203,10.186662380,0.2,1689.67,101.56,600.524,3.3,38.53,13.42,1688.49,4337240.54,1781544.62
00:19:10.146,18/01/2026,09:50:03,17_T02,39.121878856,10.186663007,0.2,1689.66,101.72,600.588,3.3,38.53,13.42,1688.58,4337240.59,1781544.58
00:19:11.140,18/01/2026,09:50:04,17_T02,39.121878753,10.186664125,0.2,1689.62,102.00,600.683,3.3,38.53,13.42,1688.58,4337240.69,1781544.57
00:19:12.136,18/01/2026,09:50:05,17_T02,39.121878543,10.186665672,0.2,1689.59,102.12,600.818,3.4,38.53,13.42,1688.51,4337240.82,1781544.55
00:19:13.146,18/01/2026,09:50:06,17_T02,39.121878403,10.186666832,0.2,1689.60,101.71,600.918,3.4,38.53,13.42,1688.51,4337240.93,1781544.53
00:19:14.140,18/01/2026,09:50:07,17_T02,39.121878252,10.186667807,0.2,1689.64,101.58,601.004,3.3,38.53,13.42,1688.51,4337241.01,1781544.51
00:19:15.136,18/01/2026,09:50:08,17_T02,39.121877875,10.186668409,0.2,1689.64,101.95,601.067,3.2,38.53,13.42,1688.53,4337241.06,1781544.47
00:19:16.132,18/01/2026,09:50:09,17_T02,39.121877320,10.186669026,0.2,1689.58,102.39,601.138,3.2,38.53,13.42,1688.53,4337241.12,1781544.41
00:19:17.144,18/01/2026,09:50:10,17_T02,39.121876857,10.186669882,0.2,1689.49,102.39,601.226,3.4,38.53,13.42,1688.52,4337241.19,1781544.36
00:19:18.137,18/01/2026,09:50:11,17_T02,39.121876764,10.186670874,0.2,1689.42,101.88,601.310,3.5,38.53,13.42,1688.52,4337241.28,1781544.35
00:19:19.133,18/01/2026,09:50:12,17_T02,39.121876757,10.186671984,0.2,1689.42,101.37,601.401,3.5,38.53,13.42,1688.34,4337241.37,1781544.35
00:19:20.145,18/01/2026,09:50:13,17_T02,39.121876297,10.186673050,0.2,1689.46,101.47,601.506,3.4,38.53,13.42,1688.34,4337241.47,1781544.30
00:19:21.141,18/01/2026,09:50:14,17_T02,39.121876009,10.186673794,0.2,1689.48,101.45,601.577,3.3,38.53,13.42,1688.36,4337241.53,1781544.27
00:19:22.139,18/01/2026,09:50:15,17_T02,39.121875698,10.186674272,0.2,1689.45,101.69,601.628,3.2,38.53,13.42,1688.36,4337241.57,1781544.23
00:19:23.135,18/01/2026,09:50:16,17_T02,39.121875174,10.186674892,0.2,1689.36,102.32,601.698,3.3,38.53,13.42,1688.36,4337241.63,1781544.18
00:19:24.134,18/01/2026,09:50:17,17_T02,39.121874503,10.186675643,0.2,1689.28,103.05,601.785,3.5,38.53,13.42,1688.36,4337241.69,1781544.10
00:19:25.147,18/01/2026,09:50:18,17_T02,39.121873867,10.186676645,0.2,1689.26,103.39,601.891,3.5,38.53,13.42,1688.23,4337241.78,1781544.03
00:19:26.146,18/01/2026,09:50:19,17_T02,39.121873575,10.186677884,0.2,1689.28,102.93,602.003,3.5,38.53,13.42,1688.23,4337241.89,1781544.00
00:19:27.139,18/01/2026,09:50:20,17_T02,39.121873208,10.186679476,0.2,1689.31,102.09,602.147,3.3,38.53,13.42,1688.18,4337242.03,1781543.96
00:19:28.134,18/01/2026,09:50:21,17_T02,39.121872837,10.186680696,0.2,1689.31,101.60,602.261,3.3,38.53,13.42,1688.18,4337242.13,1781543.92
00:19:29.147,18/01/2026,09:50:22,17_T02,39.121872539,10.186681190,0.2,1689.26,101.69,602.312,3.3,38.53,13.42,1688.22,4337242.18,1781543.89
00:19:30.144,18/01/2026,09:50:23,17_T02,39.121872142,10.186681534,0.2,1689.18,102.04,602.355,3.4,38.53,13.42,1688.22,4337242.21,1781543.84
00:19:31.143,18/01/2026,09:50:24,17_T02,39.121871632,10.186682432,0.2,1689.13,102.22,602.448,3.5,38.53,13.42,1688.13,4337242.28,1781543.79
00:19:32.141,18/01/2026,09:50:25,17_T02,39.121871392,10.186683671,0.2,1689.12,101.88,602.558,3.5,38.53,13.42,1688.13,4337242.39,1781543.76
00:19:33.133,18/01/2026,09:50:26,17_T02,39.121871510,10.186685165,0.2,1689.15,101.39,602.676,3.5,38.53,13.42,1688.03,4337242.52,1781543.77
00:19:34.141,18/01/2026,09:50:27,17_T02,39.121871590,10.186686305,0.2,1689.18,101.03,602.767,3.3,38.53,13.42,1688.03,4337242.62,1781543.78
00:19:35.146,18/01/2026,09:50:28,17_T02,39.121871274,10.186687200,0.2,1689.15,101.08,602.852,3.3,38.53,13.42,1688.09,4337242.70,1781543.75
00:19:36.135,18/01/2026,09:50:29,17_T02,39.121870703,10.186687949,0.2,1689.08,101.45,602.934,3.3,38.53,13.42,1688.09,4337242.77,1781543.69
00:19:37.147,18/01/2026,09:50:30,17_T02,39.121870410,10.186688801,0.2,1689.01,101.46,603.015,3.5,38.53,13.42,1688.00,4337242.84,1781543.65
00:19:38.136,18/01/2026,09:50:31,17_T02,39.121869934,10.186689497,0.2,1688.97,101.51,603.090,3.5,38.53,13.42,1688.00,4337242.90,1781543.60
00:19:39.140,18/01/2026,09:50:32,17_T02,39.121869364,10.186690373,0.2,1688.97,101.63,603.183,3.5,38.53,13.42,1687.89,4337242.98,1781543.54
00:19:40.144,18/01/2026,09:50:33,17_T02,39.121868992,10.186691490,0.2,1688.98,101.51,603.288,3.4,38.53,13.42,1687.89,4337243.07,1781543.50
00:19:41.138,18/01/2026,09:50:34,17_T02,39.121868740,10.186692395,0.2,1689.00,101.21,603.371,3.4,38.52,13.42,1687.89,4337243.15,1781543.47
00:19:42.133,18/01/2026,09:50:35,17_T02,39.121868481,10.186693221,0.2,1688.98,101.09,603.449,3.3,38.52,13.42,1687.89,4337243.22,1781543.44
00:19:43.139,18/01/2026,09:50:36,17_T02,39.121868039,10.186695093,0.2,1688.94,101.46,603.618,3.3,38.53,13.41,1687.89,4337243.39,1781543.39
00:19:44.139,18/01/2026,09:50:37,17_T02,39.121867444,10.186696805,0.2,1688.89,101.94,603.781,3.4,38.53,13.41,1687.89,4337243.54,1781543.33
00:19:45.135,18/01/2026,09:50:38,17_T02,39.121866881,10.186697675,0.2,1688.85,102.19,603.873,3.5,38.53,13.42,1687.80,4337243.61,1781543.27
00:19:46.143,18/01/2026,09:50:39,17_T02,39.121866513,10.186698765,0.2,1688.85,102.00,603.976,3.4,38.53,13.42,1687.80,4337243.71,1781543.23
00:19:47.139,18/01/2026,09:50:40,17_T02,39.121866269,10.186699930,0.2,1688.87,101.64,604.080,3.4,38.53,13.42,1687.77,4337243.81,1781543.20
00:19:48.134,18/01/2026,09:50:41,17_T02,39.121865920,10.186700888,0.2,1688.89,101.53,604.172,3.3,38.53,13.42,1687.77,4337243.89,1781543.16
00:19:49.133,18/01/2026,09:50:42,17_T02,39.121864641,10.186699855,0.2,1688.91,101.50,604.135,3.3,38.53,13.41,1687.81,4337243.80,1781543.02
00:19:50.144,18/01/2026,09:50:43,17_T02,39.121863688,10.186698687,0.2,1688.87,101.78,604.075,3.3,38.53,13.41,1687.81,4337243.70,1781542.91
00:19:51.140,18/01/2026,09:50:44,17_T02,39.121863257,10.186699083,0.2,1688.78,102.53,604.123,3.3,38.53,13.41,1687.78,4337243.74,1781542.87
00:19:52.146,18/01/2026,09:50:45,17_T02,39.121862404,10.186699777,0.2,1688.71,103.32,604.212,3.4,38.53,13.41,1687.78,4337243.80,1781542.77
00:19:53.141,18/01/2026,09:50:46,17_T02,39.121861867,10.186700889,0.2,1688.70,103.31,604.323,3.5,38.53,13.42,1687.61,4337243.89,1781542.71
00:19:54.136,18/01/2026,09:50:47,17_T02,39.121862750,10.186702608,0.2,1688.74,102.35,604.431,3.5,38.53,13.42,1687.61,4337244.04,1781542.81
00:19:55.134,18/01/2026,09:50:48,17_T02,39.121863720,10.186704111,0.2,1688.78,101.49,604.518,3.4,38.53,13.42,1687.65,4337244.17,1781542.92
00:19:56.147,18/01/2026,09:50:49,17_T02,39.121863321,10.186704939,0.2,1688.77,101.44,604.600,3.2,38.53,13.42,1687.65,4337244.25,1781542.87
00:19:57.142,18/01/2026,09:50:50,17_T02,39.121863028,10.186705718,0.2,1688.72,101.33,604.675,3.3,38.53,13.42,1687.68,4337244.31,1781542.84
00:19:58.134,18/01/2026,09:50:51,17_T02,39.121862793,10.186706543,0.2,1688.65,101.18,604.751,3.4,38.53,13.42,1687.68,4337244.38,1781542.82
00:19:59.134,18/01/2026,09:50:52,17_T02,39.121862305,10.186706823,0.2,1688.60,101.20,604.793,3.5,38.53,13.42,1687.54,4337244.41,1781542.76
00:20:00.133,18/01/2026,09:50:53,17_T02,39.121861615,10.186707277,0.2,1688.61,101.48,604.855,3.4,38.53,13.42,1687.54,4337244.45,1781542.69
00:20:01.140,18/01/2026,09:50:54,17_T02,39.121861122,10.186708329,0.2,1688.64,101.55,604.960,3.4,38.53,13.42,1687.55,4337244.54,1781542.63
00:20:02.135,18/01/2026,09:50:55,17_T02,39.121860737,10.186709255,0.2,1688.64,101.51,605.050,3.3,38.53,13.42,1687.55,4337244.62,1781542.59
00:20:03.145,18/01/2026,09:50:56,17_T02,39.121860462,10.186710025,0.2,1688.61,101.47,605.123,3.3,38.53,13.42,1687.55,4337244.69,1781542.56
00:20:04.142,18/01/2026,09:50:57,17_T02,39.121860028,10.186710833,0.2,1688.54,101.72,605.206,3.4,38.53,13.42,1687.55,4337244.76,1781542.51
00:20:05.138,18/01/2026,09:50:58,17_T02,39.121860031,10.186712741,0.2,1688.49,101.82,605.362,3.5,38.53,13.42,1687.45,4337244.92,1781542.51
00:20:06.133,18/01/2026,09:50:59,17_T02,39.121860129,10.186714665,0.2,1688.47,101.63,605.516,3.4,38.53,13.42,1687.45,4337245.09,1781542.52
00:20:07.142,18/01/2026,09:51:00,17_T02,39.121860001,10.186715751,0.2,1688.47,101.21,605.610,3.4,38.53,13.42,1687.38,4337245.19,1781542.51
00:20:08.138,18/01/2026,09:51:01,17_T02,39.121859681,10.186716743,0.2,1688.47,101.13,605.703,3.3,38.53,13.42,1687.38,4337245.27,1781542.48
00:20:09.133,18/01/2026,09:51:02,17_T02,39.121859296,10.186717606,0.2,1688.44,101.14,605.788,3.4,38.53,13.41,1687.38,4337245.35,1781542.43
00:20:10.141,18/01/2026,09:51:03,17_T02,39.121859072,10.186719128,0.2,1688.40,101.07,605.921,3.4,38.53,13.41,1687.38,4337245.48,1781542.41
00:20:11.134,18/01/2026,09:51:04,17_T02,39.121858840,10.186720571,0.2,1688.36,101.04,606.047,3.5,38.53,13.41,1687.31,4337245.61,1781542.38
00:20:12.143,18/01/2026,09:51:05,17_T02,39.121858538,10.186721568,0.2,1688.34,100.97,606.140,3.5,38.53,13.41,1687.31,4337245.69,1781542.35
00:20:13.134,18/01/2026,09:51:06,17_T02,39.121858108,10.186722569,0.2,1688.34,101.15,606.238,3.4,38.53,13.41,1687.31,4337245.78,1781542.30
00:20:14.140,18/01/2026,09:51:07,17_T02,39.121857522,10.186723545,0.2,1688.34,101.49,606.340,3.4,38.53,13.41,1687.27,4337245.87,1781542.24
00:20:15.132,18/01/2026,09:51:08,17_T02,39.121856794,10.186723328,0.2,1688.33,101.69,606.349,3.4,38.53,13.41,1687.27,4337245.85,1781542.16
00:20:16.138,18/01/2026,09:51:09,17_T02,39.121856103,10.186723029,0.2,1688.31,101.99,606.351,3.4,38.53,13.41,1687.27,4337245.82,1781542.08
00:20:17.134,18/01/2026,09:51:10,17_T02,39.121855824,10.186723690,0.2,1688.28,102.19,606.415,3.4,38.53,13.41,1687.27,4337245.88,1781542.05
00:20:18.142,18/01/2026,09:51:11,17_T02,39.121855450,10.186724529,0.2,1688.25,102.35,606.498,3.4,38.53,13.41,1687.20,4337245.95,1781542.01
00:20:19.147,18/01/2026,09:51:12,17_T02,39.121855059,10.186725488,0.2,1688.23,102.30,606.591,3.4,38.53,13.41,1687.20,4337246.03,1781541.97
00:20:20.137,18/01/2026,09:51:13,17_T02,39.121854819,10.186726508,0.2,1688.21,101.88,606.683,3.4,38.53,13.41,1687.17,4337246.12,1781541.94
00:20:21.146,18/01/2026,09:51:14,17_T02,39.121854223,10.186727036,0.2,1688.21,101.27,606.749,3.4,38.53,13.41,1687.17,4337246.17,1781541.88
00:20:22.137,18/01/2026,09:51:15,17_T02,39.121853663,10.186727506,0.2,1688.20,100.84,606.808,3.4,38.53,13.42,1687.13,4337246.21,1781541.81
00:20:23.133,18/01/2026,09:51:16,17_T02,39.121853409,10.186728410,0.2,1688.19,100.66,606.892,3.3,38.53,13.42,1687.13,4337246.29,1781541.79
00:20:24.141,18/01/2026,09:51:17,17_T02,39.121852986,10.186729397,0.2,1688.16,100.65,606.988,3.4,38.53,13.42,1687.11,4337246.38,1781541.74
00:20:25.135,18/01/2026,09:51:18,17_T02,39.121852706,10.186730318,0.2,1688.13,100.54,607.074,3.4,38.53,13.42,1687.11,4337246.46,1781541.71
00:20:26.147,18/01/2026,09:51:19,17_T02,39.121852454,10.186731314,0.2,1688.11,100.59,607.165,3.4,38.53,13.42,1687.06,4337246.54,1781541.68
00:20:27.143,18/01/2026,09:51:20,17_T02,39.121851884,10.186732284,0.2,1688.09,101.01,607.266,3.4,38.53,13.42,1687.06,4337246.63,1781541.62
00:20:28.139,18/01/2026,09:51:21,17_T02,39.121851359,10.186733204,0.2,1688.07,101.28,607.361,3.4,38.53,13.42,1687.02,4337246.71,1781541.56
00:20:29.138,18/01/2026,09:51:22,17_T02,39.121851005,10.186734215,0.2,1688.04,101.21,607.457,3.4,38.53,13.42,1687.02,4337246.80,1781541.52
00:20:30.136,18/01/2026,09:51:23,17_T02,39.121850791,10.186735202,0.2,1688.01,101.05,607.545,3.4,38.53,13.42,1686.97,4337246.88,1781541.50
00:20:31.147,18/01/2026,09:51:24,17_T02,39.121850411,10.186736595,0.2,1687.98,101.27,607.674,3.4,38.53,13.42,1686.97,4337247.00,1781541.46
00:20:32.144,18/01/2026,09:51:25,17_T02,39.121850022,10.186737853,0.2,1687.95,101.38,607.791,3.4,38.53,13.41,1686.92,4337247.11,1781541.41
00:20:33.139,18/01/2026,09:51:26,17_T02,39.121849655,10.186738720,0.2,1687.93,101.28,607.876,3.4,38.53,13.41,1686.92,4337247.19,1781541.37
00:20:34.133,18/01/2026,09:51:27,17_T02,39.121849437,10.186739681,0.2,1687.92,101.05,607.962,3.4,38.53,13.41,1686.88,4337247.27,1781541.35
00:20:35.146,18/01/2026,09:51:28,17_T02,39.121849117,10.186740516,0.2,1687.91,101.14,608.043,3.4,38.53,13.41,1686.88,4337247.34,1781541.31
00:20:36.141,18/01/2026,09:51:29,17_T02,39.121848585,10.186741293,0.2,1687.88,101.53,608.126,3.4,38.53,13.42,1686.82,4337247.41,1781541.26
00:20:37.135,18/01/2026,09:51:30,17_T02,39.121848532,10.186744254,0.2,1687.85,101.78,608.371,3.4,38.53,13.42,1686.82,4337247.67,1781541.25
00:20:38.143,18/01/2026,09:51:31,17_T02,39.121848552,10.186747227,0.2,1687.84,101.72,608.613,3.4,38.53,13.42,1686.78,4337247.93,1781541.25
00:20:39.143,18/01/2026,09:51:32,17_T02,39.121848387,10.186748334,0.2,1687.84,101.38,608.710,3.4,38.53,13.42,1686.78,4337248.02,1781541.24
00:20:40.136,18/01/2026,09:51:33,17_T02,39.121848175,10.186749306,0.2,1687.84,101.23,608.798,3.4,38.53,13.42,1686.77,4337248.11,1781541.21
00:20:41.132,18/01/2026,09:51:34,17_T02,39.121847837,10.186750086,0.2,1687.83,101.32,608.874,3.3,38.53,13.42,1686.77,4337248.18,1781541.18
00:20:42.143,18/01/2026,09:51:35,17_T02,39.121846573,10.186749923,0.2,1687.79,101.33,608.908,3.3,38.53,13.42,1686.76,4337248.16,1781541.04
00:20:43.138,18/01/2026,09:51:36,17_T02,39.121845656,10.186749973,0.2,1687.75,100.92,608.946,3.4,38.53,13.42,1686.76,4337248.17,1781540.93
00:20:44.135,18/01/2026,09:51:37,17_T02,39.121845587,10.186751136,0.2,1687.72,100.45,609.044,3.4,38.53,13.42,1686.68,4337248.27,1781540.93
00:20:45.146,18/01/2026,09:51:38,17_T02,39.121845240,10.186752167,0.2,1687.72,100.49,609.141,3.4,38.53,13.42,1686.68,4337248.36,1781540.89
00:20:46.141,18/01/2026,09:51:39,17_T02,39.121844773,10.186753069,0.2,1687.72,100.75,609.233,3.4,38.53,13.42,1686.66,4337248.44,1781540.84
00:20:47.136,18/01/2026,09:51:40,17_T02,39.121844204,10.186752571,0.2,1687.70,101.11,609.213,3.3,38.53,13.42,1686.66,4337248.39,1781540.78
00:20:48.146,18/01/2026,09:51:41,17_T02,39.121843806,10.186752330,0.2,1687.65,101.32,609.208,3.4,38.53,13.41,1686.63,4337248.37,1781540.73
00:20:49.141,18/01/2026,09:51:42,17_T02,39.121843366,10.186753148,0.2,1687.60,101.57,609.291,3.4,38.53,13.41,1686.63,4337248.44,1781540.68
00:20:50.135,18/01/2026,09:51:43,17_T02,39.121842844,10.186754100,0.2,1687.58,101.78,609.389,3.4,38.53,13.41,1686.53,4337248.53,1781540.63
00:20:51.140,18/01/2026,09:51:44,17_T02,39.121842488,10.186755117,0.2,1687.59,101.76,609.485,3.4,38.53,13.41,1686.53,4337248.62,1781540.59
00:20:52.134,18/01/2026,09:51:45,17_T02,39.121842223,10.186755884,0.2,1687.60,101.75,609.558,3.3,38.53,13.42,1686.53,4337248.68,1781540.56
00:20:53.144,18/01/2026,09:51:46,17_T02,39.121841077,10.186755618,0.2,1687.57,101.79,609.579,3.3,38.53,13.42,1686.53,4337248.66,1781540.43
00:20:54.138,18/01/2026,09:51:47,17_T02,39.121839886,10.186755530,0.2,1687.51,101.88,609.616,3.4,38.53,13.42,1686.50,4337248.65,1781540.30
00:20:55.143,18/01/2026,09:51:48,17_T02,39.121839573,10.186756441,0.2,1687.47,101.66,609.702,3.5,38.53,13.42,1686.50,4337248.73,1781540.26
00:20:56.134,18/01/2026,09:51:49,17_T02,39.121839475,10.186757453,0.2,1687.48,101.19,609.789,3.5,38.53,13.42,1686.42,4337248.82,1781540.25
00:20:57.138,18/01/2026,09:51:50,17_T02,39.121839368,10.186758298,0.2,1687.53,101.08,609.862,3.3,38.53,13.42,1686.42,4337248.89,1781540.24
00:20:58.135,18/01/2026,09:51:51,17_T02,39.121838343,10.186759500,0.2,1687.54,101.61,609.999,3.2,38.53,13.41,1686.48,4337249.00,1781540.13
00:20:59.141,18/01/2026,09:51:52,17_T02,39.121836953,10.186760585,0.2,1687.47,102.74,610.139,3.3,38.53,13.41,1686.48,4337249.09,1781539.98
00:21:00.138,18/01/2026,09:51:53,17_T02,39.121836138,10.186761129,0.2,1687.38,103.57,610.214,3.4,38.53,13.41,1686.38,4337249.14,1781539.89
00:21:01.142,18/01/2026,09:51:54,17_T02,39.121835741,10.186762044,0.2,1687.33,103.61,610.304,3.5,38.53,13.41,1686.38,4337249.22,1781539.84
00:21:02.133,18/01/2026,09:51:55,17_T02,39.121835820,10.186763259,0.2,1687.34,102.78,610.400,3.5,38.53,13.41,1686.27,4337249.33,1781539.85
00:21:03.141,18/01/2026,09:51:56,17_T02,39.121836472,10.186765646,0.2,1687.38,101.90,610.572,3.4,38.53,13.41,1686.27,4337249.53,1781539.92
00:21:04.136,18/01/2026,09:51:57,17_T02,39.121836889,10.186767608,0.2,1687.40,101.34,610.717,3.3,38.53,13.42,1686.33,4337249.70,1781539.97
00:21:05.144,18/01/2026,09:51:58,17_T02,39.121836612,10.186768515,0.2,1687.36,101.14,610.801,3.3,38.53,13.42,1686.33,4337249.78,1781539.94
00:21:06.138,18/01/2026,09:51:59,17_T02,39.121836288,10.186769435,0.2,1687.29,101.20,610.889,3.4,38.53,13.42,1686.27,4337249.86,1781539.91
00:21:07.134,18/01/2026,09:52:00,17_T02,39.121835876,10.186770482,0.2,1687.23,101.46,610.990,3.4,38.53,13.42,1686.27,4337249.95,1781539.86
00:21:08.143,18/01/2026,09:52:01,17_T02,39.121835313,10.186771901,0.2,1687.21,101.81,611.127,3.4,38.53,13.42,1686.15,4337250.08,1781539.80
00:21:09.144,18/01/2026,09:52:02,17_T02,39.121834474,10.186772590,0.2,1687.21,102.07,611.215,3.4,38.53,13.42,1686.15,4337250.14,1781539.71
00:21:10.138,18/01/2026,09:52:03,17_T02,39.121833745,10.186773317,0.2,1687.22,101.93,611.301,3.3,38.53,13.41,1686.16,4337250.20,1781539.63
00:21:11.134,18/01/2026,09:52:04,17_T02,39.121833507,10.186774437,0.2,1687.20,101.69,611.402,3.3,38.53,13.41,1686.16,4337250.30,1781539.60
00:21:12.132,18/01/2026,09:52:05,17_T02,39.121833265,10.186775301,0.2,1687.14,101.78,611.482,3.3,38.53,13.41,1686.16,4337250.37,1781539.57
00:21:13.146,18/01/2026,09:52:06,17_T02,39.121832718,10.186776422,0.2,1687.08,102.19,611.594,3.3,38.53,13.41,1686.10,4337250.47,1781539.51
00:21:14.143,18/01/2026,09:52:07,17_T02,39.121832243,10.186777998,0.2,1687.03,101.80,611.741,3.4,38.53,13.41,1686.10,4337250.61,1781539.46
00:21:15.138,18/01/2026,09:52:08,17_T02,39.121832515,10.186779982,0.2,1687.01,100.02,611.893,3.4,38.53,13.41,1685.98,4337250.78,1781539.49
00:21:16.146,18/01/2026,09:52:09,17_T02,39.121832910,10.186781568,0.2,1686.99,98.36,612.008,3.4,38.53,13.41,1685.98,4337250.92,1781539.54
00:21:17.142,18/01/2026,09:52:10,17_T02,39.121833413,10.186783038,0.2,1686.96,96.77,612.110,3.4,38.53,13.41,1685.93,4337251.05,1781539.59
00:21:18.136,18/01/2026,09:52:11,17_T02,39.121834561,10.186784537,0.2,1686.93,94.74,612.190,3.4,38.53,13.41,1685.93,4337251.18,1781539.72
00:21:19.139,18/01/2026,09:52:12,17_T02,39.121834769,10.186785751,0.3,1686.89,92.78,612.282,3.4,38.53,13.41,1685.88,4337251.28,1781539.74
00:21:20.134,18/01/2026,09:52:13,17_T02,39.121834504,10.186786938,0.3,1686.86,91.93,612.389,3.4,38.53,13.41,1685.88,4337251.39,1781539.71
00:21:21.132,18/01/2026,09:52:14,17_T02,39.121834886,10.186788046,0.2,1686.83,91.99,612.465,3.3,38.53,13.41,1685.81,4337251.48,1781539.75
00:21:22.142,18/01/2026,09:52:15,17_T02,39.121834930,10.186789224,0.2,1686.77,92.83,612.560,3.3,38.53,13.41,1685.81,4337251.59,1781539.76
00:21:23.141,18/01/2026,09:52:16,17_T02,39.121834575,10.186790470,0.2,1686.70,94.23,612.675,3.3,38.53,13.42,1685.73,4337251.69,1781539.72
00:21:24.134,18/01/2026,09:52:17,17_T02,39.121834091,10.186791752,0.2,1686.65,95.63,612.798,3.4,38.53,13.42,1685.73,4337251.81,1781539.67
00:21:25.133,18/01/2026,09:52:18,17_T02,39.121833813,10.186791680,0.2,1686.63,96.71,612.803,3.3,38.52,13.43,1685.61,4337251.80,1781539.64
00:21:26.140,18/01/2026,09:52:19,17_T02,39.121834008,10.186791763,0.2,1686.61,97.17,612.802,3.3,38.52,13.43,1685.61,4337251.81,1781539.66
00:21:27.134,18/01/2026,09:52:20,17_T02,39.121834708,10.186792942,0.2,1686.55,96.93,612.873,3.2,38.53,13.43,1685.56,4337251.91,1781539.74
00:21:28.141,18/01/2026,09:52:21,17_T02,39.121835357,10.186794107,0.2,1686.43,96.51,612.944,3.3,38.53,13.43,1685.56,4337252.01,1781539.81
00:21:29.143,18/01/2026,09:52:22,17_T02,39.121836110,10.186795489,0.2,1686.31,95.62,613.029,3.4,38.53,13.44,1685.40,4337252.13,1781539.89
00:21:30.134,18/01/2026,09:52:23,17_T02,39.121837386,10.186796487,0.2,1686.22,94.03,613.063,3.5,38.53,13.44,1685.40,4337252.22,1781540.03
00:21:31.146,18/01/2026,09:52:24,17_T02,39.121838563,10.186797563,0.2,1686.19,93.12,613.108,3.5,38.53,13.45,1685.16,4337252.31,1781540.16
00:21:32.134,18/01/2026,09:52:25,17_T02,39.121839426,10.186798760,0.2,1686.18,93.24,613.174,3.4,38.53,13.45,1685.16,4337252.41,1781540.26
00:21:33.145,18/01/2026,09:52:26,17_T02,39.121839663,10.186799786,0.2,1686.13,94.47,613.249,3.3,38.53,13.46,1685.12,4337252.50,1781540.28
00:21:34.135,18/01/2026,09:52:27,17_T02,39.121839418,10.186800816,0.2,1686.04,95.92,613.342,3.3,38.53,13.46,1685.12,4337252.59,1781540.26
00:21:35.147,18/01/2026,09:52:28,17_T02,39.121840271,10.186801850,0.2,1685.96,96.30,613.395,3.4,38.53,13.46,1684.99,4337252.68,1781540.35
00:21:36.137,18/01/2026,09:52:29,17_T02,39.121841729,10.186802925,0.3,1685.93,95.84,613.429,3.4,38.53,13.46,1684.99,4337252.78,1781540.51
00:21:37.145,18/01/2026,09:52:30,17_T02,39.121842748,10.186804105,0.3,1685.92,95.67,613.488,3.3,38.53,13.45,1684.83,4337252.88,1781540.63
00:21:38.151,18/01/2026,09:52:31,17_T02,39.121843408,10.186805075,0.3,1685.88,96.22,613.543,3.3,38.53,13.45,1684.83,4337252.96,1781540.70
00:21:39.137,18/01/2026,09:52:32,17_T02,39.121843667,10.186806045,0.3,1685.75,97.11,613.613,3.2,38.53,13.45,1684.80,4337253.05,1781540.73
00:21:40.135,18/01/2026,09:52:33,17_T02,39.121844081,10.186807163,0.3,1685.62,97.33,613.689,3.4,38.53,13.45,1684.80,4337253.14,1781540.77
00:21:41.143,18/01/2026,09:52:34,17_T02,39.121845619,10.186809112,0.3,1685.53,96.50,613.791,3.5,38.53,13.44,1684.56,4337253.31,1781540.94
00:21:42.139,18/01/2026,09:52:35,17_T02,39.121847615,10.186811201,0.3,1685.52,95.27,613.888,3.5,38.53,13.44,1684.56,4337253.49,1781541.16
00:21:43.135,18/01/2026,09:52:36,17_T02,39.121848646,10.186812155,0.2,1685.53,94.93,613.928,3.4,38.52,13.44,1684.44,4337253.58,1781541.28
00:21:44.146,18/01/2026,09:52:37,17_T02,39.121849306,10.186812856,0.2,1685.50,95.50,613.961,3.3,38.52,13.44,1684.44,4337253.64,1781541.35
00:21:45.145,18/01/2026,09:52:38,17_T02,39.121849609,10.186813568,0.2,1685.39,96.61,614.008,3.3,38.53,13.42,1684.43,4337253.70,1781541.38
00:21:46.142,18/01/2026,09:52:39,17_T02,39.121849442,10.186815156,0.3,1685.25,97.63,614.144,3.4,38.53,13.42,1684.43,4337253.84,1781541.37
00:21:47.139,18/01/2026,09:52:40,17_T02,39.121849758,10.186817063,0.3,1685.17,97.71,614.288,3.5,38.52,13.42,1684.18,4337254.00,1781541.40
00:21:48.132,18/01/2026,09:52:41,17_T02,39.121850739,10.186818481,0.3,1685.18,97.03,614.368,3.5,38.52,13.42,1684.18,4337254.13,1781541.51
00:21:49.142,18/01/2026,09:52:42,17_T02,39.121851905,10.186819629,0.3,1685.22,96.47,614.419,3.3,38.52,13.42,1684.11,4337254.23,1781541.64
00:21:50.144,18/01/2026,09:52:43,17_T02,39.121852794,10.186820394,0.3,1685.18,96.59,614.448,3.2,38.52,13.42,1684.11,4337254.29,1781541.74
00:21:51.139,18/01/2026,09:52:44,17_T02,39.121852822,10.186821138,0.3,1685.04,97.15,614.508,3.3,38.53,13.41,1684.09,4337254.36,1781541.74
00:21:52.133,18/01/2026,09:52:45,17_T02,39.121852749,10.186822495,0.2,1684.89,96.94,614.622,3.4,38.53,13.41,1684.09,4337254.48,1781541.73
00:21:53.144,18/01/2026,09:52:46,17_T02,39.121853955,10.186823898,0.2,1684.80,95.78,614.692,3.6,38.53,13.42,1683.78,4337254.60,1781541.87
00:21:54.141,18/01/2026,09:52:47,17_T02,39.121855167,10.186825319,0.2,1684.79,94.83,614.763,3.5,38.53,13.42,1683.78,4337254.72,1781542.00
00:21:55.137,18/01/2026,09:52:48,17_T02,39.121855201,10.186826369,0.2,1684.80,95.69,614.848,3.4,38.53,13.42,1683.72,4337254.81,1781542.00
00:21:56.137,18/01/2026,09:52:49,17_T02,39.121854512,10.186827040,0.2,1684.76,97.61,614.929,3.3,38.53,13.42,1683.72,4337254.87,1781541.93
00:21:57.144,18/01/2026,09:52:50,17_T02,39.121853367,10.186827754,0.2,1684.67,99.62,615.030,3.3,38.53,13.42,1683.69,4337254.93,1781541.80
00:21:58.137,18/01/2026,09:52:51,17_T02,39.121852717,10.186828626,0.2,1684.57,100.79,615.125,3.5,38.53,13.42,1683.69,4337255.01,1781541.73
00:21:59.146,18/01/2026,09:52:52,17_T02,39.121852660,10.186829876,0.2,1684.51,100.97,615.230,3.5,38.53,13.42,1683.47,4337255.12,1781541.72
00:22:00.141,18/01/2026,09:52:53,17_T02,39.121852919,10.186831207,0.2,1684.51,100.49,615.329,3.5,38.53,13.42,1683.47,4337255.23,1781541.75
00:22:01.145,18/01/2026,09:52:54,17_T02,39.121853224,10.186832448,0.2,1684.52,99.86,615.419,3.4,38.53,13.41,1683.47,4337255.34,1781541.79
00:22:02.145,18/01/2026,09:52:55,17_T02,39.121853417,10.186832592,0.2,1684.49,99.28,615.424,3.4,38.53,13.41,1683.47,4337255.35,1781541.81
00:22:03.134,18/01/2026,09:52:56,17_T02,39.121853740,10.186832905,0.2,1684.41,98.56,615.438,3.4,38.52,13.42,1683.38,4337255.38,1781541.84
00:22:04.143,18/01/2026,09:52:57,17_T02,39.121854004,10.186834039,0.2,1684.32,97.89,615.521,3.5,38.52,13.42,1683.38,4337255.48,1781541.87
00:22:05.142,18/01/2026,09:52:58,17_T02,39.121854164,10.186835330,0.2,1684.26,97.29,615.620,3.6,38.53,13.41,1683.24,4337255.59,1781541.89
00:22:06.147,18/01/2026,09:52:59,17_T02,39.121854458,10.186836912,0.2,1684.25,96.20,615.739,3.6,38.53,13.41,1683.24,4337255.73,1781541.92
00:22:07.138,18/01/2026,09:53:00,17_T02,39.121854774,10.186837128,0.2,1684.26,94.84,615.745,3.5,38.53,13.41,1683.19,4337255.75,1781541.96
00:22:08.138,18/01/2026,09:53:01,17_T02,39.121854804,10.186837560,0.2,1684.26,94.23,615.779,3.4,38.53,13.41,1683.19,4337255.79,1781541.96
00:22:09.132,18/01/2026,09:53:02,17_T02,39.121854749,10.186838961,0.2,1684.22,94.24,615.896,3.4,38.53,13.41,1683.17,4337255.91,1781541.96
00:22:10.138,18/01/2026,09:53:03,17_T02,39.121854515,10.186840494,0.2,1684.15,94.41,616.030,3.5,38.53,13.41,1683.17,4337256.04,1781541.93
00:22:11.134,18/01/2026,09:53:04,17_T02,39.121854401,10.186841725,0.2,1684.09,94.53,616.135,3.5,38.53,13.41,1683.17,4337256.15,1781541.92
00:22:12.139,18/01/2026,09:53:05,17_T02,39.121853929,10.186843872,0.2,1684.05,94.97,616.329,3.5,38.53,13.41,1683.05,4337256.34,1781541.87
00:22:13.154,18/01/2026,09:53:06,17_T02,39.121853893,10.186844563,0.2,1684.02,95.22,616.387,3.4,38.53,13.41,1683.05,4337256.40,1781541.86
00:22:14.139,18/01/2026,09:53:07,17_T02,39.121853730,10.186845293,0.2,1683.99,95.63,616.453,3.4,38.53,13.41,1682.95,4337256.46,1781541.85
00:22:15.147,18/01/2026,09:53:08,17_T02,39.121853466,10.186846623,0.2,1683.94,96.03,616.571,3.3,38.53,13.41,1682.95,4337256.57,1781541.82
00:22:16.142,18/01/2026,09:53:09,17_T02,39.121853307,10.186848228,0.2,1683.86,96.16,616.709,3.4,38.53,13.41,1682.89,4337256.71,1781541.80
00:22:17.137,18/01/2026,09:53:10,17_T02,39.121853249,10.186849983,0.2,1683.79,96.03,616.855,3.4,38.53,13.41,1682.89,4337256.87,1781541.79
00:22:18.134,18/01/2026,09:53:11,17_T02,39.121853159,10.186851822,0.2,1683.72,95.85,617.009,3.4,38.53,13.41,1682.73,4337257.03,1781541.78
00:22:19.147,18/01/2026,09:53:12,17_T02,39.121853149,10.186853810,0.3,1683.66,95.50,617.172,3.4,38.53,13.41,1682.73,4337257.20,1781541.78
00:22:20.142,18/01/2026,09:53:13,17_T02,39.121853264,10.186855620,0.3,1683.60,94.99,617.316,3.4,38.53,13.41,1682.61,4337257.36,1781541.80
00:22:21.144,18/01/2026,09:53:14,17_T02,39.121853145,10.186857254,0.3,1683.51,94.92,617.454,3.4,38.53,13.41,1682.61,4337257.50,1781541.78
00:22:22.138,18/01/2026,09:53:15,17_T02,39.121852825,10.186858836,0.3,1683.39,95.29,617.595,3.4,38.53,13.42,1682.45,4337257.64,1781541.75
00:22:23.135,18/01/2026,09:53:16,17_T02,39.121853596,10.186861571,0.3,1683.25,95.91,617.791,3.5,38.53,13.42,1682.45,4337257.88,1781541.83
00:22:24.147,18/01/2026,09:53:17,17_T02,39.121854284,10.186864216,0.3,1683.13,96.33,617.982,3.6,38.53,13.42,1682.20,4337258.11,1781541.91
00:22:25.138,18/01/2026,09:53:18,17_T02,39.121853956,10.186865960,0.3,1683.04,96.60,618.137,3.6,38.53,13.42,1682.20,4337258.26,1781541.88
00:22:26.134,18/01/2026,09:53:19,17_T02,39.121853674,10.186867851,0.3,1683.00,96.68,618.302,3.6,38.52,13.42,1681.98,4337258.42,1781541.84
00:22:27.143,18/01/2026,09:53:20,17_T02,39.121853554,10.186869744,0.3,1682.96,96.44,618.462,3.5,38.52,13.42,1681.98,4337258.59,1781541.83
00:22:28.136,18/01/2026,09:53:21,17_T02,39.121853439,10.186871567,0.3,1682.92,96.11,618.615,3.5,38.53,13.42,1681.89,4337258.74,1781541.82
00:22:29.142,18/01/2026,09:53:22,17_T02,39.121853937,10.186874377,0.3,1682.86,95.75,618.827,3.5,38.53,13.42,1681.89,4337258.99,1781541.88
00:22:30.139,18/01/2026,09:53:23,17_T02,39.121854279,10.186877038,0.3,1682.78,95.55,619.032,3.5,38.53,13.42,1681.77,4337259.22,1781541.91
00:22:31.138,18/01/2026,09:53:24,17_T02,39.121854003,10.186878748,0.3,1682.70,95.64,619.182,3.5,38.53,13.42,1681.77,4337259.37,1781541.88
00:22:32.133,18/01/2026,09:53:25,17_T02,39.121853722,10.186880755,0.3,1682.65,95.71,619.357,3.5,38.53,13.41,1681.62,4337259.54,1781541.85
00:22:33.144,18/01/2026,09:53:26,17_T02,39.121853529,10.186882784,0.3,1682.61,95.62,619.531,3.5,38.53,13.41,1681.62,4337259.72,1781541.83
00:22:34.137,18/01/2026,09:53:27,17_T02,39.121853852,10.186885447,0.3,1682.58,95.58,619.737,3.5,38.53,13.41,1681.52,4337259.95,1781541.87
00:22:35.133,18/01/2026,09:53:28,17_T02,39.121854084,10.186888002,0.3,1682.54,95.62,619.937,3.4,38.53,13.41,1681.52,4337260.17,1781541.89
00:22:36.141,18/01/2026,09:53:29,17_T02,39.121853798,10.186889756,0.3,1682.48,95.77,620.092,3.4,38.53,13.42,1681.45,4337260.33,1781541.86
00:22:37.136,18/01/2026,09:53:30,17_T02,39.121853487,10.186891498,0.3,1682.41,95.92,620.246,3.5,38.53,13.42,1681.45,4337260.48,1781541.83
00:22:38.144,18/01/2026,09:53:31,17_T02,39.121853131,10.186893355,0.3,1682.35,96.14,620.411,3.5,38.53,13.42,1681.32,4337260.64,1781541.79
00:22:39.136,18/01/2026,09:53:32,17_T02,39.121853924,10.186896503,0.3,1682.30,96.29,620.640,3.5,38.53,13.42,1681.32,4337260.91,1781541.88
00:22:40.142,18/01/2026,09:53:33,17_T02,39.121854618,10.186899523,0.3,1682.27,96.24,620.861,3.5,38.53,13.42,1681.23,4337261.18,1781541.96
00:22:41.136,18/01/2026,09:53:34,17_T02,39.121854596,10.186901403,0.3,1682.23,95.94,621.016,3.4,38.53,13.42,1681.23,4337261.34,1781541.95
00:22:42.146,18/01/2026,09:53:35,17_T02,39.121854738,10.186903227,0.3,1682.18,95.43,621.160,3.5,38.53,13.42,1681.15,4337261.50,1781541.97
00:22:43.142,18/01/2026,09:53:36,17_T02,39.121854515,10.186905097,0.3,1682.11,95.48,621.321,3.4,38.53,13.42,1681.15,4337261.66,1781541.95
00:22:44.139,18/01/2026,09:53:37,17_T02,39.121854273,10.186906955,0.3,1682.05,95.58,621.483,3.5,38.53,13.42,1681.01,4337261.82,1781541.92
00:22:45.132,18/01/2026,09:53:38,17_T02,39.121854442,10.186909080,0.3,1682.00,95.65,621.650,3.5,38.53,13.42,1681.01,4337262.01,1781541.94
00:22:46.141,18/01/2026,09:53:39,17_T02,39.121854541,10.186911221,0.3,1681.96,95.87,621.822,3.4,38.53,13.42,1680.89,4337262.19,1781541.95
00:22:47.137,18/01/2026,09:53:40,17_T02,39.121854320,10.186913090,0.3,1681.91,96.11,621.983,3.4,38.53,13.42,1680.89,4337262.36,1781541.93
00:22:48.132,18/01/2026,09:53:41,17_T02,39.121853941,10.186914906,0.3,1681.86,96.50,622.146,3.4,38.53,13.42,1680.80,4337262.52,1781541.88
00:22:49.147,18/01/2026,09:53:42,17_T02,39.121853657,10.186916738,0.3,1681.80,96.67,622.307,3.4,38.53,13.42,1680.80,4337262.67,1781541.85
00:22:50.143,18/01/2026,09:53:43,17_T02,39.121853900,10.186919214,0.3,1681.73,97.08,622.500,3.4,38.53,13.42,1680.70,4337262.89,1781541.88
00:22:51.138,18/01/2026,09:53:44,17_T02,39.121854127,10.186921413,0.3,1681.67,97.57,622.672,3.4,38.53,13.42,1680.70,4337263.08,1781541.91
00:22:52.132,18/01/2026,09:53:45,17_T02,39.121853794,10.186923366,0.3,1681.62,97.87,622.844,3.4,38.53,13.42,1680.57,4337263.25,1781541.87
00:22:53.145,18/01/2026,09:53:46,17_T02,39.121853812,10.186925391,0.3,1681.57,97.44,623.010,3.4,38.53,13.42,1680.57,4337263.43,1781541.87
00:22:54.138,18/01/2026,09:53:47,17_T02,39.121853870,10.186927387,0.3,1681.53,96.84,623.171,3.4,38.53,13.42,1680.45,4337263.60,1781541.88
00:22:55.135,18/01/2026,09:53:48,17_T02,39.121854130,10.186929017,0.3,1681.47,96.20,623.295,3.4,38.53,13.42,1680.45,4337263.74,1781541.91
00:22:56.143,18/01/2026,09:53:49,17_T02,39.121854222,10.186930675,0.3,1681.41,95.91,623.427,3.4,38.53,13.42,1680.36,4337263.89,1781541.92
00:22:57.140,18/01/2026,09:53:50,17_T02,39.121854095,10.186932538,0.3,1681.34,95.84,623.584,3.4,38.53,13.42,1680.36,4337264.05,1781541.90
00:22:58.139,18/01/2026,09:53:51,17_T02,39.121853706,10.186934320,0.3,1681.28,96.16,623.745,3.4,38.53,13.42,1680.22,4337264.20,1781541.86
00:22:59.137,18/01/2026,09:53:52,17_T02,39.121853415,10.186936335,0.3,1681.21,96.30,623.921,3.4,38.53,13.42,1680.22,4337264.38,1781541.83
00:23:00.135,18/01/2026,09:53:53,17_T02,39.121853327,10.186938248,0.3,1681.15,96.18,624.081,3.4,38.53,13.42,1680.10,4337264.55,1781541.82
00:23:01.132,18/01/2026,09:53:54,17_T02,39.121852818,10.186940443,0.3,1681.10,96.20,624.279,3.4,38.53,13.42,1680.10,4337264.74,1781541.77
00:23:02.143,18/01/2026,09:53:55,17_T02,39.121852432,10.186942473,0.3,1681.05,96.18,624.460,3.4,38.53,13.42,1679.99,4337264.91,1781541.72
00:23:03.138,18/01/2026,09:53:56,17_T02,39.121852278,10.186944241,0.3,1680.99,96.16,624.611,3.4,38.53,13.42,1679.99,4337265.07,1781541.71
00:23:04.134,18/01/2026,09:53:57,17_T02,39.121852097,10.186946042,0.3,1680.91,96.22,624.765,3.4,38.53,13.42,1679.86,4337265.22,1781541.69
00:23:05.155,18/01/2026,09:53:58,17_T02,39.121851811,10.186947902,0.3,1680.83,96.43,624.928,3.4,38.53,13.42,1679.86,4337265.39,1781541.66
00:23:06.140,18/01/2026,09:53:59,17_T02,39.121851343,10.186949283,0.3,1680.77,96.44,625.058,3.5,38.53,13.42,1679.70,4337265.51,1781541.60
00:23:07.133,18/01/2026,09:54:00,17_T02,39.121851121,10.186950749,0.3,1680.71,96.03,625.187,3.4,38.53,13.42,1679.70,4337265.63,1781541.58
00:23:08.144,18/01/2026,09:54:01,17_T02,39.121851030,10.186952526,0.3,1680.65,95.90,625.336,3.4,38.53,13.42,1679.57,4337265.79,1781541.57
00:23:09.142,18/01/2026,09:54:02,17_T02,39.121850880,10.186954478,0.3,1680.59,95.88,625.501,3.4,38.53,13.42,1679.57,4337265.96,1781541.55
00:23:10.135,18/01/2026,09:54:03,17_T02,39.121850546,10.186956187,0.3,1680.51,96.12,625.653,3.4,38.53,13.42,1679.57,4337266.11,1781541.52
00:23:11.144,18/01/2026,09:54:04,17_T02,39.121851064,10.186958403,0.3,1680.44,96.28,625.816,3.4,38.53,13.42,1679.45,4337266.30,1781541.58
00:23:12.138,18/01/2026,09:54:05,17_T02,39.121851390,10.186960503,0.3,1680.37,96.55,625.975,3.5,38.53,13.42,1679.45,4337266.48,1781541.61
00:23:13.146,18/01/2026,09:54:06,17_T02,39.121851150,10.186962436,0.3,1680.31,96.67,626.143,3.5,38.53,13.42,1679.31,4337266.65,1781541.59
00:23:14.138,18/01/2026,09:54:07,17_T02,39.121851111,10.186964360,0.3,1680.25,96.45,626.302,3.5,38.53,13.42,1679.31,4337266.82,1781541.58
00:23:15.152,18/01/2026,09:54:08,17_T02,39.121850999,10.186966264,0.3,1680.19,96.27,626.462,3.4,38.53,13.42,1679.17,4337266.98,1781541.57
00:23:16.138,18/01/2026,09:54:09,17_T02,39.121850880,10.186968058,0.3,1680.13,96.07,626.613,3.4,38.53,13.42,1679.17,4337267.14,1781541.56
00:23:17.138,18/01/2026,09:54:10,17_T02,39.121849365,10.186968758,0.3,1680.07,96.05,626.727,3.4,38.53,13.42,1679.04,4337267.20,1781541.39
00:23:18.131,18/01/2026,09:54:11,17_T02,39.121847890,10.186969506,0.3,1679.98,96.35,626.843,3.4,38.53,13.42,1679.04,4337267.27,1781541.23
00:23:19.143,18/01/2026,09:54:12,17_T02,39.121847557,10.186971322,0.3,1679.89,96.67,627.004,3.5,38.53,13.42,1678.91,4337267.43,1781541.19
00:23:20.141,18/01/2026,09:54:13,17_T02,39.121847214,10.186973217,0.3,1679.82,96.80,627.172,3.5,38.53,13.42,1678.91,4337267.59,1781541.15
00:23:21.142,18/01/2026,09:54:14,17_T02,39.121847150,10.186975263,0.3,1679.77,96.45,627.342,3.5,38.53,13.42,1678.74,4337267.77,1781541.15
00:23:22.138,18/01/2026,09:54:15,17_T02,39.121845969,10.186976346,0.3,1679.74,96.02,627.475,3.4,38.53,13.42,1678.74,4337267.86,1781541.02
00:23:23.137,18/01/2026,09:54:16,17_T02,39.121844707,10.186977342,0.3,1679.69,95.87,627.603,3.4,38.53,13.42,1678.64,4337267.95,1781540.88
00:23:24.133,18/01/2026,09:54:17,17_T02,39.121844753,10.186978595,0.3,1679.60,95.92,627.704,3.4,38.53,13.42,1678.64,4337268.06,1781540.88
00:23:25.133,18/01/2026,09:54:18,17_T02,39.121844562,10.186979991,0.3,1679.49,96.14,627.826,3.5,38.53,13.42,1678.52,4337268.18,1781540.86
00:23:26.138,18/01/2026,09:54:19,17_T02,39.121844135,10.186981899,0.3,1679.41,96.41,627.998,3.5,38.53,13.42,1678.52,4337268.35,1781540.82
00:23:27.137,18/01/2026,09:54:20,17_T02,39.121843892,10.186984557,0.3,1679.38,96.53,628.225,3.5,38.53,13.42,1678.32,4337268.58,1781540.79
00:23:28.148,18/01/2026,09:54:21,17_T02,39.121843735,10.186987248,0.3,1679.34,96.62,628.451,3.5,38.53,13.42,1678.32,4337268.81,1781540.77
00:23:29.145,18/01/2026,09:54:22,17_T02,39.121843606,10.186988983,0.3,1679.28,96.59,628.598,3.4,38.53,13.42,1678.24,4337268.96,1781540.76
00:23:30.145,18/01/2026,09:54:23,17_T02,39.121843359,10.186990468,0.3,1679.18,96.62,628.729,3.4,38.53,13.42,1678.24,4337269.09,1781540.73
00:23:31.137,18/01/2026,09:54:24,17_T02,39.121843445,10.186991299,0.3,1679.06,96.32,628.793,3.5,38.53,13.42,1678.09,4337269.16,1781540.74
00:23:32.134,18/01/2026,09:54:25,17_T02,39.121843429,10.186991947,0.3,1678.93,96.16,628.847,3.6,38.53,13.42,1678.09,4337269.22,1781540.74
00:23:33.132,18/01/2026,09:54:26,17_T02,39.121842786,10.186991283,0.2,1678.83,96.17,628.817,3.7,38.53,13.42,1677.82,4337269.16,1781540.67
00:23:34.146,18/01/2026,09:54:27,17_T02,39.121842238,10.186990892,0.2,1678.77,96.10,628.805,3.8,38.53,13.42,1677.82,4337269.13,1781540.61
00:23:35.143,18/01/2026,09:54:28,17_T02,39.121842297,10.186991396,0.2,1678.75,95.92,628.844,3.8,38.53,13.42,1677.68,4337269.17,1781540.62
00:23:36.144,18/01/2026,09:54:29,17_T02,39.121842250,10.186991983,0.2,1678.71,95.85,628.894,3.8,38.53,13.42,1677.68,4337269.22,1781540.61
00:23:37.141,18/01/2026,09:54:30,17_T02,39.121842191,10.186992361,0.2,1678.65,95.74,628.927,3.8,38.53,13.42,1677.59,4337269.26,1781540.60
00:23:38.138,18/01/2026,09:54:31,17_T02,39.121842666,10.186993435,0.1,1678.58,95.72,628.997,3.9,38.53,13.42,1677.59,4337269.35,1781540.66
00:23:39.135,18/01/2026,09:54:32,17_T02,39.121842934,10.186994727,0.1,1678.53,95.93,629.093,3.9,38.53,13.42,1677.48,4337269.46,1781540.69
00:23:40.135,18/01/2026,09:54:33,17_T02,39.121842733,10.186995763,0.1,1678.49,96.27,629.185,3.9,38.53,13.42,1677.48,4337269.55,1781540.66
00:23:41.146,18/01/2026,09:54:34,17_T02,39.121842387,10.186996780,0.1,1678.44,96.91,629.282,3.8,38.53,13.42,1677.39,4337269.64,1781540.63
00:23:42.145,18/01/2026,09:54:35,17_T02,39.121841924,10.186997769,0.2,1678.38,97.59,629.380,3.8,38.53,13.42,1677.39,4337269.73,1781540.58
00:23:43.142,18/01/2026,09:54:36,17_T02,39.121842619,10.186999288,0.2,1678.32,96.91,629.478,3.9,38.53,13.42,1677.27,4337269.86,1781540.65
00:23:44.144,18/01/2026,09:54:37,17_T02,39.121844298,10.187000970,0.2,1678.27,94.36,629.554,3.9,38.53,13.42,1677.27,4337270.01,1781540.84
00:23:45.141,18/01/2026,09:54:38,17_T02,39.121845699,10.187002367,0.2,1678.23,91.54,629.616,3.9,38.53,13.42,1677.16,4337270.13,1781540.99
00:23:46.136,18/01/2026,09:54:39,17_T02,39.121846771,10.187003580,0.2,1678.18,89.30,629.675,3.9,38.53,13.42,1677.16,4337270.23,1781541.11
00:23:47.134,18/01/2026,09:54:40,17_T02,39.121847556,10.187004677,0.2,1678.12,87.80,629.736,3.9,38.53,13.42,1677.08,4337270.33,1781541.20
00:23:48.132,18/01/2026,09:54:41,17_T02,39.121847974,10.187005747,0.2,1678.03,87.06,629.808,3.9,38.53,13.42,1677.08,4337270.42,1781541.25
00:23:49.133,18/01/2026,09:54:42,17_T02,39.121846823,10.187005890,0.2,1677.92,87.18,629.863,4.0,38.53,13.42,1676.91,4337270.43,1781541.12
00:23:50.140,18/01/2026,09:54:43,17_T02,39.121845531,10.187006198,0.2,1677.83,87.74,629.936,4.1,38.53,13.42,1676.91,4337270.46,1781540.98
00:23:51.133,18/01/2026,09:54:44,17_T02,39.121845093,10.187007460,0.2,1677.73,88.64,630.056,4.1,38.53,13.42,1676.70,4337270.57,1781540.93
00:23:52.144,18/01/2026,09:54:45,17_T02,39.121844604,10.187008596,0.2,1677.64,89.56,630.167,4.1,38.53,13.42,1676.70,4337270.67,1781540.87
00:23:53.138,18/01/2026,09:54:46,17_T02,39.121844211,10.187009692,0.2,1677.55,90.28,630.271,4.1,38.53,13.42,1676.53,4337270.76,1781540.83
00:23:54.139,18/01/2026,09:54:47,17_T02,39.121843053,10.187009737,0.2,1677.45,90.82,630.318,4.2,38.53,13.42,1676.53,4337270.77,1781540.70
00:23:55.132,18/01/2026,09:54:48,17_T02,39.121841985,10.187009939,0.2,1677.35,91.05,630.374,4.3,38.53,13.42,1676.32,4337270.79,1781540.59
00:23:56.135,18/01/2026,09:54:49,17_T02,39.121841898,10.187011178,0.2,1677.28,90.91,630.479,4.3,38.53,13.42,1676.32,4337270.89,1781540.58
00:23:57.143,18/01/2026,09:54:50,17_T02,39.121842048,10.187012418,0.2,1677.24,90.32,630.575,4.3,38.53,13.42,1676.17,4337271.00,1781540.59
00:23:58.134,18/01/2026,09:54:51,17_T02,39.121842350,10.187013507,0.2,1677.20,89.66,630.653,4.2,38.53,13.42,1676.17,4337271.10,1781540.63
00:23:59.142,18/01/2026,09:54:52,17_T02,39.121842275,10.187016445,0.2,1677.14,89.51,630.896,4.1,38.53,13.41,1676.08,4337271.35,1781540.62
00:24:00.136,18/01/2026,09:54:53,17_T02,39.121842254,10.187018767,0.2,1677.03,89.67,631.087,4.2,38.53,13.41,1676.08,4337271.55,1781540.62
00:24:01.143,18/01/2026,09:54:54,17_T02,39.121841874,10.187019802,0.2,1676.90,90.39,631.186,4.4,38.53,13.41,1675.89,4337271.64,1781540.57
00:24:02.137,18/01/2026,09:54:55,17_T02,39.121841676,10.187020928,0.2,1676.80,90.46,631.286,4.5,38.53,13.41,1675.89,4337271.74,1781540.55
00:24:03.134,18/01/2026,09:54:56,17_T02,39.121841818,10.187022099,0.2,1676.74,89.95,631.376,4.5,38.53,13.41,1675.68,4337271.84,1781540.57
00:24:04.140,18/01/2026,09:54:57,17_T02,39.121842207,10.187023202,0.2,1676.69,89.41,631.452,4.5,38.53,13.41,1675.68,4337271.94,1781540.61
00:24:05.132,18/01/2026,09:54:58,17_T02,39.121842786,10.187025486,0.2,1676.64,89.52,631.618,4.3,38.53,13.41,1675.56,4337272.14,1781540.68
00:24:06.133,18/01/2026,09:54:59,17_T02,39.121842990,10.187027471,0.2,1676.56,90.13,631.773,4.3,38.53,13.41,1675.56,4337272.31,1781540.70
00:24:07.143,18/01/2026,09:55:00,17_T02,39.121842807,10.187028277,0.2,1676.46,90.52,631.846,4.4,38.53,13.41,1675.43,4337272.38,1781540.68
00:24:08.138,18/01/2026,09:55:01,17_T02,39.121842985,10.187029372,0.2,1676.35,90.30,631.929,4.6,38.53,13.41,1675.43,4337272.48,1781540.70
00:24:09.134,18/01/2026,09:55:02,17_T02,39.121843566,10.187030625,0.2,1676.26,89.52,632.010,4.6,38.53,13.41,1675.43,4337272.59,1781540.76
00:24:10.145,18/01/2026,09:55:03,17_T02,39.121843555,10.187031263,0.2,1676.18,88.69,632.062,4.6,38.53,13.41,1675.19,4337272.64,1781540.76
00:24:11.145,18/01/2026,09:55:04,17_T02,39.121843320,10.187031765,0.2,1676.09,88.22,632.112,4.6,38.53,13.41,1675.19,4337272.69,1781540.74
00:24:12.143,18/01/2026,09:55:05,17_T02,39.121843464,10.187032788,0.2,1675.98,88.14,632.191,4.7,38.53,13.42,1675.04,4337272.77,1781540.75
00:24:13.139,18/01/2026,09:55:06,17_T02,39.121843583,10.187033733,0.2,1675.86,88.20,632.264,4.8,38.53,13.42,1675.04,4337272.86,1781540.77
00:24:14.132,18/01/2026,09:55:07,17_T02,39.121843705,10.187034835,0.2,1675.75,88.33,632.349,4.8,38.53,13.42,1674.81,4337272.95,1781540.78
00:24:15.145,18/01/2026,09:55:08,17_T02,39.121844081,10.187034369,0.2,1675.66,88.54,632.297,4.9,38.53,13.42,1674.81,4337272.91,1781540.82
00:24:16.138,18/01/2026,09:55:09,17_T02,39.121844326,10.187034100,0.2,1675.59,88.88,632.266,4.9,38.53,13.42,1674.60,4337272.89,1781540.85
00:24:17.136,18/01/2026,09:55:10,17_T02,39.121844325,10.187035247,0.2,1675.54,89.14,632.360,4.9,38.53,13.42,1674.60,4337272.99,1781540.85
00:24:18.136,18/01/2026,09:55:11,17_T02,39.121844431,10.187036346,0.2,1675.49,89.20,632.446,4.9,38.52,13.41,1674.46,4337273.08,1781540.86
00:24:19.145,18/01/2026,09:55:12,17_T02,39.121844618,10.187037461,0.2,1675.44,89.12,632.530,4.8,38.52,13.41,1674.46,4337273.18,1781540.88
00:24:20.146,18/01/2026,09:55:13,17_T02,39.121844847,10.187038477,0.2,1675.38,88.99,632.605,4.8,38.53,13.41,1674.37,4337273.27,1781540.91
00:24:21.145,18/01/2026,09:55:14,17_T02,39.121845020,10.187040129,0.2,1675.32,88.91,632.734,4.8,38.53,13.41,1674.37,4337273.41,1781540.93
00:24:22.145,18/01/2026,09:55:15,17_T02,39.121845126,10.187041682,0.2,1675.24,88.85,632.857,4.8,38.53,13.41,1674.26,4337273.55,1781540.94
00:24:23.141,18/01/2026,09:55:16,17_T02,39.121845403,10.187042801,0.2,1675.17,88.63,632.939,4.9,38.53,13.41,1674.26,4337273.65,1781540.97
00:24:24.136,18/01/2026,09:55:17,17_T02,39.121845774,10.187043918,0.2,1675.11,88.30,633.016,4.9,38.53,13.41,1674.11,4337273.74,1781541.01
00:24:25.134,18/01/2026,09:55:18,17_T02,39.121846033,10.187044985,0.2,1675.05,88.20,633.094,4.9,38.53,13.41,1674.11,4337273.83,1781541.04
00:24:26.144,18/01/2026,09:55:19,17_T02,39.121846213,10.187045017,0.2,1674.99,88.29,633.090,4.9,38.53,13.41,1673.99,4337273.84,1781541.06
00:24:27.140,18/01/2026,09:55:20,17_T02,39.121846331,10.187045066,0.2,1674.93,88.42,633.090,4.9,38.53,13.41,1673.99,4337273.84,1781541.07
00:24:28.136,18/01/2026,09:55:21,17_T02,39.121846508,10.187046164,0.2,1674.87,88.46,633.173,4.9,38.53,13.41,1673.86,4337273.94,1781541.09
00:24:29.135,18/01/2026,09:55:22,17_T02,39.121846577,10.187047211,0.2,1674.81,88.76,633.256,4.9,38.53,13.41,1673.86,4337274.03,1781541.10
00:24:30.131,18/01/2026,09:55:23,17_T02,39.121846613,10.187048174,0.2,1674.74,89.15,633.334,4.9,38.53,13.41,1673.74,4337274.11,1781541.10
00:24:31.142,18/01/2026,09:55:24,17_T02,39.121846614,10.187049858,0.2,1674.66,89.53,633.471,4.9,38.53,13.41,1673.74,4337274.26,1781541.10
00:24:32.137,18/01/2026,09:55:25,17_T02,39.121846738,10.187051524,0.2,1674.59,89.61,633.603,5.0,38.53,13.41,1673.60,4337274.40,1781541.12
00:24:33.132,18/01/2026,09:55:26,17_T02,39.121846961,10.187052725,0.2,1674.53,89.48,633.693,5.0,38.53,13.41,1673.60,4337274.51,1781541.14
00:24:34.138,18/01/2026,09:55:27,17_T02,39.121847263,10.187053995,0.2,1674.48,89.28,633.786,4.9,38.53,13.41,1673.44,4337274.62,1781541.18
00:24:35.137,18/01/2026,09:55:28,17_T02,39.121847457,10.187055257,0.2,1674.43,89.18,633.882,4.8,38.53,13.41,1673.44,4337274.73,1781541.20
00:24:36.134,18/01/2026,09:55:29,17_T02,39.121847717,10.187056373,0.2,1674.39,89.00,633.964,4.7,38.53,13.41,1673.35,4337274.83,1781541.23
00:24:37.141,18/01/2026,09:55:30,17_T02,39.121847727,10.187056393,0.2,1674.36,88.71,633.965,4.6,38.53,13.41,1673.35,4337274.83,1781541.23
00:24:38.135,18/01/2026,09:55:31,17_T02,39.121847627,10.187056424,0.2,1674.30,88.91,633.972,4.7,38.53,13.41,1673.27,4337274.83,1781541.22
00:24:39.144,18/01/2026,09:55:32,17_T02,39.121847529,10.187057352,0.2,1674.21,89.80,634.051,4.8,38.53,13.41,1673.27,4337274.91,1781541.21
00:24:40.142,18/01/2026,09:55:33,17_T02,39.121847149,10.187058399,0.2,1674.13,90.77,634.151,4.9,38.53,13.41,1673.14,4337275.00,1781541.17
00:24:41.142,18/01/2026,09:55:34,17_T02,39.121847028,10.187059638,0.2,1674.08,91.04,634.257,4.9,38.53,13.41,1673.14,4337275.11,1781541.15
00:24:42.137,18/01/2026,09:55:35,17_T02,39.121848320,10.187062586,0.2,1674.09,90.25,634.451,4.8,38.53,13.41,1673.00,4337275.37,1781541.30
00:24:43.135,18/01/2026,09:55:36,17_T02,39.121849294,10.187064904,0.2,1674.11,90.02,634.604,4.5,38.53,13.41,1673.00,4337275.57,1781541.40
00:24:44.144,18/01/2026,09:55:37,17_T02,39.121849580,10.187065618,0.2,1674.05,90.25,634.652,4.3,38.53,13.41,1673.02,4337275.63,1781541.44
00:24:45.144,18/01/2026,09:55:38,17_T02,39.121849630,10.187066345,0.2,1673.91,90.91,634.710,4.5,38.53,13.41,1673.02,4337275.69,1781541.44
00:24:46.141,18/01/2026,09:55:39,17_T02,39.121849342,10.187067246,0.2,1673.78,91.73,634.794,4.8,38.53,13.41,1672.84,4337275.77,1781541.41
00:24:47.136,18/01/2026,09:55:40,17_T02,39.121849142,10.187068305,0.2,1673.75,91.75,634.888,5.1,38.53,13.41,1672.84,4337275.86,1781541.39
00:24:48.155,18/01/2026,09:55:41,17_T02,39.121849718,10.187069853,0.2,1673.81,90.53,634.994,4.9,38.53,13.41,1672.69,4337276.00,1781541.45
00:24:49.139,18/01/2026,09:55:42,17_T02,39.121850669,10.187071520,0.2,1673.88,89.31,635.095,4.5,38.53,13.41,1672.69,4337276.14,1781541.56
00:24:50.131,18/01/2026,09:55:43,17_T02,39.121851120,10.187072616,0.2,1673.93,88.86,635.168,4.2,38.53,13.41,1672.85,4337276.24,1781541.61
00:24:51.140,18/01/2026,09:55:44,17_T02,39.121851285,10.187073576,0.2,1673.91,88.95,635.240,4.1,38.53,13.41,1672.85,4337276.32,1781541.62
00:24:52.137,18/01/2026,09:55:45,17_T02,39.121851413,10.187074763,0.2,1673.84,89.11,635.333,4.3,38.53,13.41,1672.83,4337276.42,1781541.64
00:24:53.132,18/01/2026,09:55:46,17_T02,39.121851706,10.187076258,0.2,1673.78,89.24,635.444,4.4,38.53,13.41,1672.83,4337276.55,1781541.67
00:24:54.152,18/01/2026,09:55:47,17_T02,39.121852054,10.187077960,0.2,1673.79,89.31,635.571,4.3,38.53,13.41,1672.69,4337276.70,1781541.71
00:24:55.140,18/01/2026,09:55:48,17_T02,39.121852163,10.187079539,0.2,1673.83,89.59,635.696,4.2,38.53,13.41,1672.69,4337276.84,1781541.72
00:24:56.137,18/01/2026,09:55:49,17_T02,39.121852356,10.187080879,0.2,1673.84,89.73,635.798,3.9,38.53,13.41,1672.77,4337276.96,1781541.74
00:24:57.134,18/01/2026,09:55:50,17_T02,39.121852528,10.187081789,0.2,1673.79,89.94,635.867,3.8,38.53,13.41,1672.77,4337277.04,1781541.76
00:24:58.132,18/01/2026,09:55:51,17_T02,39.121852536,10.187083050,0.2,1673.67,90.36,635.970,3.9,38.53,13.41,1672.69,4337277.15,1781541.76
00:24:59.145,18/01/2026,09:55:52,17_T02,39.121852458,10.187084394,0.2,1673.51,90.76,636.083,4.0,38.53,13.41,1672.69,4337277.26,1781541.76
00:25:00.143,18/01/2026,09:55:53,17_T02,39.121852479,10.187085673,0.2,1673.34,90.88,636.187,4.1,38.53,13.41,1672.36,4337277.37,1781541.76
00:25:01.142,18/01/2026,09:55:54,17_T02,39.121852759,10.187086962,0.2,1673.18,90.61,636.282,4.1,38.53,13.41,1672.36,4337277.49,1781541.79
00:25:02.140,18/01/2026,09:55:55,17_T02,39.121852713,10.187088303,0.2,1673.02,90.85,636.393,4.2,38.53,13.41,1672.03,4337277.60,1781541.79
00:25:03.139,18/01/2026,09:55:56,17_T02,39.121852170,10.187089371,0.2,1672.85,91.14,636.501,4.2,38.53,13.41,1672.03,4337277.70,1781541.73
00:25:04.132,18/01/2026,09:55:57,17_T02,39.121851828,10.187090571,0.2,1672.68,91.22,636.612,4.3,38.53,13.41,1671.68,4337277.80,1781541.69
00:25:05.144,18/01/2026,09:55:58,17_T02,39.121851849,10.187091833,0.2,1672.51,91.21,636.715,4.4,38.53,13.41,1671.68,4337277.91,1781541.69
00:25:06.138,18/01/2026,09:55:59,17_T02,39.121852046,10.187093115,0.2,1672.36,90.95,636.812,4.6,38.53,13.42,1671.36,4337278.02,1781541.71
00:25:07.134,18/01/2026,09:56:00,17_T02,39.121852263,10.187094437,0.2,1672.26,90.54,636.912,4.7,38.53,13.42,1671.36,4337278.14,1781541.74
00:25:08.137,18/01/2026,09:56:01,17_T02,39.121852603,10.187095912,0.2,1672.21,89.93,637.021,4.5,38.53,13.42,1671.15,4337278.26,1781541.78
00:25:09.135,18/01/2026,09:56:02,17_T02,39.121853324,10.187097069,0.2,1672.20,89.68,637.088,4.3,38.53,13.42,1671.15,4337278.36,1781541.85
00:25:10.135,18/01/2026,09:56:03,17_T02,39.121853622,10.187098107,0.2,1672.17,90.08,637.162,4.1,38.53,13.42,1671.15,4337278.45,1781541.89
00:25:11.135,18/01/2026,09:56:04,17_T02,39.121853136,10.187099221,0.2,1672.12,90.97,637.272,4.1,38.53,13.42,1671.11,4337278.55,1781541.83
00:25:12.144,18/01/2026,09:56:05,17_T02,39.121852307,10.187100373,0.2,1672.05,92.50,637.397,4.1,38.53,13.42,1671.11,4337278.65,1781541.74
00:25:13.144,18/01/2026,09:56:06,17_T02,39.121851190,10.187101552,0.2,1672.00,94.55,637.535,4.2,38.53,13.42,1671.00,4337278.76,1781541.62
00:25:14.140,18/01/2026,09:56:07,17_T02,39.121850301,10.187103791,0.2,1671.98,97.02,637.752,4.1,38.53,13.42,1671.00,4337278.95,1781541.52
00:25:15.135,18/01/2026,09:56:08,17_T02,39.121849258,10.187105729,0.2,1672.00,99.71,637.949,4.0,38.53,13.41,1670.91,4337279.12,1781541.41
00:25:16.131,18/01/2026,09:56:09,17_T02,39.121848265,10.187106714,0.2,1672.00,101.24,638.067,3.9,38.53,13.41,1670.91,4337279.21,1781541.30
00:25:17.145,18/01/2026,09:56:10,17_T02,39.121847745,10.187107779,0.2,1671.96,101.83,638.173,3.9,38.52,13.42,1670.94,4337279.30,1781541.24
00:25:18.132,18/01/2026,09:56:11,17_T02,39.121847609,10.187109164,0.2,1671.87,101.54,638.292,3.9,38.52,13.42,1670.94,4337279.42,1781541.23
00:25:19.141,18/01/2026,09:56:12,17_T02,39.121848770,10.187111049,0.2,1671.75,100.38,638.403,3.9,38.53,13.42,1670.82,4337279.58,1781541.36
00:25:20.143,18/01/2026,09:56:13,17_T02,39.121849744,10.187112745,0.2,1671.63,99.75,638.506,3.9,38.53,13.42,1670.82,4337279.73,1781541.46
00:25:21.135,18/01/2026,09:56:14,17_T02,39.121849441,10.187113930,0.2,1671.51,100.25,638.614,4.0,38.53,13.42,1670.58,4337279.83,1781541.43
00:25:22.144,18/01/2026,09:56:15,17_T02,39.121848725,10.187115163,0.2,1671.39,101.44,638.742,4.2,38.53,13.42,1670.58,4337279.94,1781541.35
00:25:23.139,18/01/2026,09:56:16,17_T02,39.121847719,10.187116340,0.2,1671.32,102.76,638.875,4.3,38.53,13.41,1670.35,4337280.04,1781541.24
00:25:24.137,18/01/2026,09:56:17,17_T02,39.121846965,10.187117691,0.2,1671.30,103.53,639.014,4.2,38.53,13.41,1670.35,4337280.16,1781541.16
00:25:25.146,18/01/2026,09:56:18,17_T02,39.121846059,10.187118857,0.2,1671.26,103.58,639.143,4.0,38.53,13.42,1670.22,4337280.26,1781541.06
00:25:26.141,18/01/2026,09:56:19,17_T02,39.121845429,10.187119894,0.2,1671.16,103.41,639.252,3.9,38.53,13.42,1670.22,4337280.35,1781540.99
00:25:27.135,18/01/2026,09:56:20,17_T02,39.121845157,10.187121008,0.2,1671.01,103.62,639.353,3.9,38.53,13.43,1670.10,4337280.45,1781540.96
00:25:28.146,18/01/2026,09:56:21,17_T02,39.121844809,10.187122100,0.2,1670.86,103.82,639.455,4.2,38.53,13.43,1670.10,4337280.54,1781540.92
00:25:29.136,18/01/2026,09:56:22,17_T02,39.121844612,10.187123479,0.2,1670.75,103.56,639.576,4.4,38.53,13.42,1669.78,4337280.66,1781540.90
00:25:30.146,18/01/2026,09:56:23,17_T02,39.121844590,10.187123092,0.2,1670.71,102.82,639.545,4.4,38.53,13.42,1669.78,4337280.63,1781540.90
00:25:31.140,18/01/2026,09:56:24,17_T02,39.121844626,10.187122875,0.2,1670.71,102.12,639.526,4.3,38.53,13.42,1669.64,4337280.61,1781540.90
00:25:32.131,18/01/2026,09:56:25,17_T02,39.121844390,10.187124266,0.2,1670.71,101.92,639.648,3.7,38.53,13.42,1669.64,4337280.73,1781540.87
00:25:33.135,18/01/2026,09:56:26,17_T02,39.121844163,10.187125481,0.2,1670.69,101.78,639.756,3.9,38.53,13.42,1669.64,4337280.84,1781540.85
00:25:34.144,18/01/2026,09:56:27,17_T02,39.121844026,10.187126700,0.2,1670.64,101.56,639.861,3.9,38.53,13.42,1669.64,4337280.95,1781540.84
00:25:35.135,18/01/2026,09:56:28,17_T02,39.121843462,10.187126891,0.2,1670.57,101.78,639.898,4.0,38.53,13.42,1669.56,4337280.96,1781540.77
00:25:36.141,18/01/2026,09:56:29,17_T02,39.121842465,10.187127251,0.2,1670.54,102.76,639.965,4.0,38.53,13.42,1669.56,4337280.99,1781540.66
00:25:37.130,18/01/2026,09:56:30,17_T02,39.121841484,10.187128423,0.2,1670.56,103.94,640.097,3.9,38.53,13.42,1669.47,4337281.10,1781540.56
00:25:38.141,18/01/2026,09:56:31,17_T02,39.121840607,10.187129639,0.2,1670.61,105.02,640.229,3.8,38.53,13.42,1669.47,4337281.20,1781540.46
00:25:39.131,18/01/2026,09:56:32,17_T02,39.121840119,10.187130793,0.2,1670.64,105.56,640.342,3.7,38.53,13.41,1669.54,4337281.30,1781540.40
00:25:40.139,18/01/2026,09:56:33,17_T02,39.121839745,10.187131749,0.2,1670.63,106.07,640.434,3.6,38.53,13.41,1669.54,4337281.39,1781540.36
00:25:41.140,18/01/2026,09:56:34,17_T02,39.121840593,10.187133664,0.2,1670.59,106.60,640.559,3.7,38.53,13.42,1669.55,4337281.55,1781540.46
00:25:42.131,18/01/2026,09:56:35,17_T02,39.121841343,10.187135777,0.2,1670.52,106.94,640.705,3.7,38.53,13.42,1669.55,4337281.74,1781540.54
00:25:43.130,18/01/2026,09:56:36,17_T02,39.121841309,10.187137338,0.2,1670.47,106.36,640.834,3.8,38.53,13.42,1669.41,4337281.87,1781540.54
00:25:44.144,18/01/2026,09:56:37,17_T02,39.121841375,10.187138832,0.2,1670.46,105.60,640.954,3.8,38.53,13.42,1669.41,4337282.00,1781540.55
00:25:45.137,18/01/2026,09:56:38,17_T02,39.121841391,10.187140271,0.2,1670.45,104.99,641.071,3.8,38.53,13.42,1669.36,4337282.13,1781540.55
00:25:46.134,18/01/2026,09:56:39,17_T02,39.121841234,10.187141545,0.2,1670.45,104.61,641.181,3.7,38.53,13.42,1669.36,4337282.24,1781540.53
00:25:47.146,18/01/2026,09:56:40,17_T02,39.121841112,10.187142762,0.2,1670.47,104.22,641.285,3.7,38.53,13.42,1669.38,4337282.34,1781540.52
00:25:48.140,18/01/2026,09:56:41,17_T02,39.121840923,10.187144133,0.2,1670.51,104.09,641.405,3.6,38.53,13.42,1669.38,4337282.46,1781540.50
00:25:49.134,18/01/2026,09:56:42,17_T02,39.121840530,10.187145466,0.2,1670.55,104.38,641.528,3.5,38.53,13.41,1669.45,4337282.58,1781540.45
00:25:50.131,18/01/2026,09:56:43,17_T02,39.121839945,10.187146649,0.2,1670.61,104.81,641.647,3.5,38.53,13.41,1669.45,4337282.68,1781540.39
00:25:51.133,18/01/2026,09:56:44,17_T02,39.121839879,10.187146891,0.2,1670.66,104.82,641.669,3.4,38.53,13.41,1669.56,4337282.70,1781540.38
00:25:52.143,18/01/2026,09:56:45,17_T02,39.121840010,10.187147269,0.2,1670.70,104.57,641.695,3.3,38.53,13.41,1669.56,4337282.74,1781540.40
00:25:53.139,18/01/2026,09:56:46,17_T02,39.121839968,10.187148334,0.2,1670.72,104.40,641.784,3.2,38.53,13.41,1669.63,4337282.83,1781540.39
00:25:54.138,18/01/2026,09:56:47,17_T02,39.121839743,10.187149447,0.2,1670.76,104.38,641.884,3.2,38.53,13.41,1669.63,4337282.93,1781540.37
00:25:55.132,18/01/2026,09:56:48,17_T02,39.121839368,10.187150699,0.2,1670.82,104.41,642.000,3.1,38.53,13.41,1669.71,4337283.03,1781540.33
00:25:56.145,18/01/2026,09:56:49,17_T02,39.121839268,10.187152048,0.2,1670.88,104.17,642.114,3.0,38.53,13.41,1669.71,4337283.15,1781540.32
00:25:57.140,18/01/2026,09:56:50,17_T02,39.121838937,10.187153274,0.2,1670.94,104.31,642.227,2.9,38.53,13.41,1669.83,4337283.26,1781540.28
00:25:58.135,18/01/2026,09:56:51,17_T02,39.121838444,10.187154213,0.2,1670.99,104.76,642.322,2.8,38.53,13.41,1669.83,4337283.34,1781540.23
00:25:59.144,18/01/2026,09:56:52,17_T02,39.121837888,10.187155334,0.2,1671.04,105.19,642.435,2.7,38.53,13.41,1669.95,4337283.44,1781540.16
00:26:00.139,18/01/2026,09:56:53,17_T02,39.121837459,10.187156633,0.2,1671.09,105.45,642.557,2.6,38.53,13.41,1669.95,4337283.55,1781540.12
00:26:01.154,18/01/2026,09:56:54,17_T02,39.121837075,10.187157939,0.2,1671.13,105.66,642.679,2.6,38.53,13.42,1670.03,4337283.66,1781540.07
00:26:02.142,18/01/2026,09:56:55,17_T02,39.121835974,10.187159842,0.2,1671.18,105.83,642.875,2.5,38.53,13.42,1670.03,4337283.83,1781539.95
00:26:03.138,18/01/2026,09:56:56,17_T02,39.121835082,10.187161625,0.2,1671.22,105.77,643.055,2.4,38.53,13.42,1670.14,4337283.99,1781539.86
00:26:04.134,18/01/2026,09:56:57,17_T02,39.121835179,10.187163145,0.2,1671.25,105.03,643.175,2.4,38.53,13.42,1670.14,4337284.12,1781539.87
00:26:05.144,18/01/2026,09:56:58,17_T02,39.121835347,10.187164502,0.2,1671.25,104.28,643.280,2.3,38.53,13.41,1670.19,4337284.24,1781539.89
00:26:06.135,18/01/2026,09:56:59,17_T02,39.121835299,10.187165862,0.2,1671.23,103.84,643.393,2.3,38.53,13.41,1670.19,4337284.35,1781539.88
00:26:07.144,18/01/2026,09:57:00,17_T02,39.121834972,10.187166556,0.2,1671.20,103.87,643.462,2.3,38.53,13.42,1670.14,4337284.41,1781539.84
00:26:08.135,18/01/2026,09:57:01,17_T02,39.121834442,10.187167273,0.2,1671.19,104.21,643.541,2.3,38.53,13.42,1670.14,4337284.48,1781539.79
00:26:09.133,18/01/2026,09:57:02,17_T02,39.121833953,10.187168501,0.2,1671.21,104.70,643.660,2.3,38.53,13.42,1670.14,4337284.58,1781539.73
00:26:10.141,18/01/2026,09:57:03,17_T02,39.121833413,10.187169881,0.2,1671.25,105.27,643.793,2.2,38.53,13.41,1670.14,4337284.70,1781539.67
00:26:11.145,18/01/2026,09:57:04,17_T02,39.121832823,10.187171131,0.2,1671.29,105.80,643.917,2.1,38.53,13.41,1670.14,4337284.81,1781539.61
00:26:12.138,18/01/2026,09:57:05,17_T02,39.121832401,10.187172249,0.2,1671.28,105.94,644.024,2.1,38.53,13.41,1670.21,4337284.91,1781539.56
00:26:13.132,18/01/2026,09:57:06,17_T02,39.121831390,10.187171812,0.2,1671.23,105.74,644.026,2.0,38.53,13.41,1670.21,4337284.87,1781539.45
00:26:14.140,18/01/2026,09:57:07,17_T02,39.121830578,10.187171652,0.2,1671.17,105.28,644.043,2.1,38.53,13.41,1670.18,4337284.86,1781539.36
00:26:15.136,18/01/2026,09:57:08,17_T02,39.121830413,10.187173242,0.2,1671.12,104.89,644.180,2.1,38.53,13.41,1670.18,4337285.00,1781539.34
00:26:16.144,18/01/2026,09:57:09,17_T02,39.121830171,10.187174796,0.2,1671.10,104.55,644.316,2.1,38.53,13.41,1670.05,4337285.13,1781539.32
00:26:17.139,18/01/2026,09:57:10,17_T02,39.121830009,10.187176187,0.2,1671.08,104.19,644.436,2.1,38.53,13.41,1670.05,4337285.25,1781539.30
00:26:18.137,18/01/2026,09:57:11,17_T02,39.121830651,10.187178446,0.3,1671.05,104.05,644.597,2.0,38.52,13.42,1670.01,4337285.45,1781539.37
00:26:19.142,18/01/2026,09:57:12,17_T02,39.121831060,10.187180560,0.2,1670.98,104.21,644.755,2.1,38.52,13.42,1670.01,4337285.63,1781539.42
00:26:20.137,18/01/2026,09:57:13,17_T02,39.121830599,10.187181756,0.2,1670.91,104.54,644.870,2.1,38.53,13.42,1669.93,4337285.74,1781539.37
00:26:21.136,18/01/2026,09:57:14,17_T02,39.121830063,10.187183105,0.2,1670.86,104.92,645.001,2.2,38.53,13.42,1669.93,4337285.86,1781539.31
00:26:22.137,18/01/2026,09:57:15,17_T02,39.121829635,10.187184587,0.2,1670.83,105.18,645.138,2.2,38.53,13.42,1669.80,4337285.98,1781539.26
00:26:23.143,18/01/2026,09:57:16,17_T02,39.121829276,10.187186133,0.2,1670.80,105.29,645.278,2.2,38.53,13.42,1669.80,4337286.12,1781539.22
00:26:24.141,18/01/2026,09:57:17,17_T02,39.121828871,10.187187489,0.2,1670.76,105.53,645.404,2.1,38.52,13.42,1669.72,4337286.24,1781539.18
00:26:25.135,18/01/2026,09:57:18,17_T02,39.121827965,10.187188545,0.2,1670.71,106.63,645.524,2.2,38.52,13.42,1669.72,4337286.33,1781539.08
00:26:26.134,18/01/2026,09:57:19,17_T02,39.121826986,10.187189600,0.2,1670.64,107.83,645.647,2.2,38.53,13.41,1669.63,4337286.42,1781538.97
00:26:27.141,18/01/2026,09:57:20,17_T02,39.121826121,10.187190724,0.2,1670.60,108.94,645.771,2.3,38.53,13.41,1669.63,4337286.52,1781538.87
00:26:28.140,18/01/2026,09:57:21,17_T02,39.121825232,10.187191886,0.2,1670.58,109.98,645.900,2.2,38.53,13.41,1669.53,4337286.62,1781538.78
00:26:29.135,18/01/2026,09:57:22,17_T02,39.121824379,10.187193517,0.2,1670.57,110.81,646.065,2.2,38.53,13.41,1669.53,4337286.76,1781538.68
00:26:30.139,18/01/2026,09:57:23,17_T02,39.121823761,10.187195185,0.2,1670.55,111.17,646.224,2.2,38.53,13.41,1669.51,4337286.91,1781538.61
00:26:31.137,18/01/2026,09:57:24,17_T02,39.121823461,10.187196140,0.2,1670.51,111.13,646.314,2.2,38.53,13.41,1669.51,4337286.99,1781538.58
00:26:32.136,18/01/2026,09:57:25,17_T02,39.121823143,10.187197747,0.2,1670.45,110.83,646.457,2.2,38.53,13.42,1669.44,4337287.13,1781538.55
00:26:33.131,18/01/2026,09:57:26,17_T02,39.121822909,10.187199211,0.2,1670.41,110.37,646.586,2.2,38.53,13.42,1669.44,4337287.26,1781538.52
00:26:34.140,18/01/2026,09:57:27,17_T02,39.121822770,10.187201206,0.2,1670.42,109.67,646.754,2.2,38.53,13.42,1669.33,4337287.43,1781538.51
00:26:35.140,18/01/2026,09:57:28,17_T02,39.121822753,10.187202880,0.2,1670.45,109.05,646.892,2.1,38.53,13.42,1669.33,4337287.58,1781538.50
00:26:36.135,18/01/2026,09:57:29,17_T02,39.121822802,10.187203831,0.2,1670.42,108.72,646.968,2.1,38.53,13.42,1669.38,4337287.66,1781538.51
00:26:37.136,18/01/2026,09:57:30,17_T02,39.121822892,10.187204452,0.2,1670.34,108.51,647.016,2.2,38.53,13.42,1669.38,4337287.72,1781538.52
00:26:38.145,18/01/2026,09:57:31,17_T02,39.121822552,10.187205277,0.2,1670.24,108.69,647.096,2.3,38.53,13.42,1669.26,4337287.79,1781538.48
00:26:39.144,18/01/2026,09:57:32,17_T02,39.121822944,10.187207236,0.2,1670.21,109.06,647.242,2.3,38.53,13.42,1669.26,4337287.96,1781538.53
00:26:40.135,18/01/2026,09:57:33,17_T02,39.121823216,10.187209169,0.2,1670.25,109.66,647.390,2.3,38.53,13.42,1669.14,4337288.13,1781538.56
00:26:41.141,18/01/2026,09:57:34,17_T02,39.121822375,10.187210105,0.2,1670.30,110.87,647.498,2.1,38.53,13.42,1669.14,4337288.21,1781538.46
00:26:42.134,18/01/2026,09:57:35,17_T02,39.121821125,10.187210417,0.2,1670.30,112.92,647.570,2.0,38.53,13.42,1669.23,4337288.23,1781538.33
00:26:43.140,18/01/2026,09:57:36,17_T02,39.121819911,10.187210701,0.2,1670.23,114.87,647.639,2.0,38.53,13.42,1669.23,4337288.26,1781538.19
00:26:44.146,18/01/2026,09:57:37,17_T02,39.121818711,10.187211185,0.2,1670.12,116.60,647.723,2.2,38.53,13.42,1669.13,4337288.30,1781538.06
00:26:45.140,18/01/2026,09:57:38,17_T02,39.121818672,10.187212077,0.2,1670.05,117.99,647.797,2.3,38.53,13.42,1669.13,4337288.38,1781538.06
00:26:46.142,18/01/2026,09:57:39,17_T02,39.121818663,10.187213412,0.2,1670.05,118.64,647.907,2.3,38.53,13.42,1668.96,4337288.50,1781538.06
00:26:47.137,18/01/2026,09:57:40,17_T02,39.121818095,10.187214807,0.2,1670.09,118.36,648.042,2.1,38.53,13.42,1668.96,4337288.62,1781537.99
00:26:48.131,18/01/2026,09:57:41,17_T02,39.121817972,10.187216038,0.2,1670.11,117.50,648.148,2.0,38.53,13.42,1669.03,4337288.72,1781537.98
00:26:49.141,18/01/2026,09:57:42,17_T02,39.121817966,10.187217259,0.2,1670.06,116.74,648.248,2.1,38.53,13.42,1669.03,4337288.83,1781537.98
00:26:50.135,18/01/2026,09:57:43,17_T02,39.121816191,10.187218531,0.3,1669.96,116.30,648.418,2.1,38.53,13.42,1668.94,4337288.94,1781537.78
00:26:51.140,18/01/2026,09:57:44,17_T02,39.121814274,10.187219965,0.2,1669.88,116.00,648.607,2.2,38.53,13.42,1668.94,4337289.07,1781537.57
00:26:52.134,18/01/2026,09:57:45,17_T02,39.121813688,10.187221475,0.2,1669.86,115.75,648.752,2.3,38.53,13.42,1668.79,4337289.20,1781537.51
00:26:53.143,18/01/2026,09:57:46,17_T02,39.121813263,10.187223123,0.3,1669.87,115.35,648.903,2.2,38.53,13.42,1668.79,4337289.34,1781537.46
00:26:54.150,18/01/2026,09:57:47,17_T02,39.121812939,10.187224478,0.3,1669.87,115.27,649.026,2.1,38.53,13.42,1668.78,4337289.46,1781537.43
00:26:55.139,18/01/2026,09:57:48,17_T02,39.121812787,10.187226696,0.3,1669.84,115.59,649.214,2.1,38.53,13.42,1668.78,4337289.65,1781537.41
00:26:56.136,18/01/2026,09:57:49,17_T02,39.121812594,10.187228698,0.3,1669.77,116.02,649.385,2.1,38.53,13.42,1668.74,4337289.83,1781537.39
00:26:57.131,18/01/2026,09:57:50,17_T02,39.121811984,10.187229875,0.3,1669.70,116.14,649.504,2.2,38.53,13.42,1668.74,4337289.93,1781537.32
00:26:58.144,18/01/2026,09:57:51,17_T02,39.121811561,10.187231359,0.2,1669.67,115.95,649.641,2.3,38.53,13.42,1668.60,4337290.06,1781537.28
00:26:59.137,18/01/2026,09:57:52,17_T02,39.121810916,10.187232659,0.2,1669.67,116.25,649.772,2.2,38.53,13.42,1668.60,4337290.17,1781537.20
00:27:00.142,18/01/2026,09:57:53,17_T02,39.121810246,10.187233757,0.2,1669.66,116.66,649.887,2.2,38.53,13.42,1668.60,4337290.27,1781537.13
00:27:01.141,18/01/2026,09:57:54,17_T02,39.121809868,10.187233776,0.2,1669.63,116.81,649.902,2.1,38.53,13.42,1668.60,4337290.27,1781537.09
00:27:02.136,18/01/2026,09:57:55,17_T02,39.121809733,10.187234045,0.2,1669.59,116.48,649.929,2.1,38.53,13.42,1668.52,4337290.29,1781537.07
00:27:03.145,18/01/2026,09:57:56,17_T02,39.121809534,10.187235466,0.2,1669.55,115.89,650.053,2.2,38.53,13.42,1668.52,4337290.42,1781537.05
00:27:04.141,18/01/2026,09:57:57,17_T02,39.121809264,10.187236898,0.2,1669.52,115.54,650.180,2.2,38.53,13.42,1668.45,4337290.54,1781537.02
00:27:05.141,18/01/2026,09:57:58,17_T02,39.121808662,10.187238257,0.2,1669.50,115.53,650.314,2.1,38.53,13.42,1668.45,4337290.66,1781536.96
00:27:06.136,18/01/2026,09:57:59,17_T02,39.121807456,10.187237687,0.2,1669.48,115.39,650.312,2.2,38.53,13.42,1668.42,4337290.61,1781536.82
00:27:07.145,18/01/2026,09:58:00,17_T02,39.121806426,10.187237243,0.2,1669.46,115.06,650.314,2.2,38.53,13.42,1668.42,4337290.57,1781536.71
00:27:08.139,18/01/2026,09:58:01,17_T02,39.121806074,10.187238493,0.2,1669.44,114.94,650.430,2.1,38.53,13.42,1668.36,4337290.68,1781536.67
00:27:09.137,18/01/2026,09:58:02,17_T02,39.121805447,10.187239591,0.2,1669.41,115.28,650.543,2.1,38.53,13.42,1668.36,4337290.78,1781536.60
00:27:10.130,18/01/2026,09:58:03,17_T02,39.121804753,10.187240571,0.2,1669.37,115.67,650.649,2.2,38.53,13.42,1668.36,4337290.86,1781536.53
00:27:11.139,18/01/2026,09:58:04,17_T02,39.121804494,10.187242801,0.2,1669.32,116.15,650.841,2.2,38.53,13.42,1668.30,4337291.06,1781536.50
00:27:12.134,18/01/2026,09:58:05,17_T02,39.121803942,10.187244924,0.2,1669.29,117.36,651.036,2.2,38.53,13.42,1668.30,4337291.24,1781536.44
00:27:13.131,18/01/2026,09:58:06,17_T02,39.121802479,10.187245544,0.2,1669.29,119.58,651.141,2.2,38.53,13.42,1668.20,4337291.30,1781536.28
00:27:14.140,18/01/2026,09:58:07,17_T02,39.121800837,10.187245823,0.2,1669.29,122.00,651.225,2.1,38.53,13.42,1668.20,4337291.32,1781536.09
00:27:15.134,18/01/2026,09:58:08,17_T02,39.121799550,10.187246154,0.3,1669.26,123.80,651.300,2.1,38.53,13.42,1668.23,4337291.35,1781535.95
00:27:16.142,18/01/2026,09:58:09,17_T02,39.121798595,10.187246813,0.2,1669.20,124.79,651.389,2.1,38.53,13.42,1668.23,4337291.41,1781535.85
00:27:17.142,18/01/2026,09:58:10,17_T02,39.121798562,10.187248089,0.2,1669.13,125.19,651.495,2.2,38.53,13.42,1668.12,4337291.52,1781535.84
00:27:18.137,18/01/2026,09:58:11,17_T02,39.121798689,10.187249754,0.2,1669.10,124.87,651.627,2.2,38.53,13.42,1668.12,4337291.66,1781535.86
00:27:19.140,18/01/2026,09:58:12,17_T02,39.121798251,10.187251307,0.2,1669.12,124.30,651.770,2.2,38.53,13.42,1668.02,4337291.80,1781535.81
00:27:20.134,18/01/2026,09:58:13,17_T02,39.121797642,10.187252465,0.2,1669.14,124.13,651.888,2.1,38.53,13.42,1668.02,4337291.90,1781535.74
00:27:21.140,18/01/2026,09:58:14,17_T02,39.121797222,10.187253334,0.2,1669.11,123.94,651.975,2.1,38.52,13.42,1668.07,4337291.97,1781535.70
00:27:22.135,18/01/2026,09:58:15,17_T02,39.121797106,10.187254961,0.2,1669.04,123.79,652.112,2.1,38.52,13.42,1668.07,4337292.12,1781535.69
00:27:23.142,18/01/2026,09:58:16,17_T02,39.121796852,10.187256666,0.2,1668.96,123.84,652.261,2.2,38.53,13.42,1667.97,4337292.26,1781535.66
00:27:24.134,18/01/2026,09:58:17,17_T02,39.121796227,10.187257808,0.2,1668.92,123.92,652.378,2.2,38.53,13.42,1667.97,4337292.36,1781535.59
00:27:25.139,18/01/2026,09:58:18,17_T02,39.121795418,10.187258954,0.2,1668.95,124.27,652.502,2.2,38.53,13.42,1667.83,4337292.46,1781535.50
00:27:26.145,18/01/2026,09:58:19,17_T02,39.121794670,10.187259748,0.2,1668.99,124.70,652.595,2.1,38.53,13.42,1667.83,4337292.53,1781535.42
00:27:27.147,18/01/2026,09:58:20,17_T02,39.121793177,10.187260076,0.2,1668.99,124.96,652.677,2.0,38.53,13.42,1667.91,4337292.56,1781535.25
00:27:28.134,18/01/2026,09:58:21,17_T02,39.121791793,10.187260504,0.2,1668.92,125.03,652.764,2.1,38.53,13.42,1667.91,4337292.60,1781535.10
00:27:29.144,18/01/2026,09:58:22,17_T02,39.121791356,10.187261448,0.2,1668.83,124.93,652.857,2.2,38.53,13.41,1667.84,4337292.68,1781535.05
00:27:30.140,18/01/2026,09:58:23,17_T02,39.121790763,10.187262630,0.2,1668.78,124.89,652.976,2.3,38.53,13.41,1667.84,4337292.78,1781534.99
00:27:31.132,18/01/2026,09:58:24,17_T02,39.121790176,10.187263604,0.2,1668.79,124.95,653.078,2.2,38.53,13.41,1667.69,4337292.87,1781534.92
00:27:32.144,18/01/2026,09:58:25,17_T02,39.121789195,10.187264176,0.2,1668.82,125.00,653.161,2.1,38.53,13.41,1667.69,4337292.92,1781534.81
00:27:33.140,18/01/2026,09:58:26,17_T02,39.121788700,10.187264388,0.2,1668.82,124.65,653.197,2.1,38.53,13.42,1667.73,4337292.94,1781534.76
00:27:34.135,18/01/2026,09:58:27,17_T02,39.121788474,10.187265215,0.2,1668.76,124.32,653.273,2.1,38.53,13.42,1667.73,4337293.01,1781534.73
00:27:35.130,18/01/2026,09:58:28,17_T02,39.121788053,10.187266092,0.2,1668.68,124.27,653.361,2.2,38.53,13.42,1667.67,4337293.09,1781534.69
00:27:36.141,18/01/2026,09:58:29,17_T02,39.121787545,10.187267257,0.2,1668.61,124.12,653.475,2.3,38.53,13.42,1667.67,4337293.19,1781534.63
00:27:37.135,18/01/2026,09:58:30,17_T02,39.121786979,10.187268544,0.2,1668.60,123.98,653.601,2.2,38.53,13.42,1667.54,4337293.30,1781534.57
00:27:38.131,18/01/2026,09:58:31,17_T02,39.121786054,10.187269043,0.2,1668.62,123.71,653.677,2.2,38.53,13.42,1667.54,4337293.34,1781534.47
00:27:39.131,18/01/2026,09:58:32,17_T02,39.121784992,10.187269238,0.2,1668.62,123.98,653.732,2.1,38.52,13.42,1667.54,4337293.36,1781534.35
00:27:40.140,18/01/2026,09:58:33,17_T02,39.121784285,10.187269902,0.2,1668.57,124.42,653.813,2.1,38.52,13.42,1667.54,4337293.42,1781534.27
00:27:41.135,18/01/2026,09:58:34,17_T02,39.121783588,10.187270590,0.2,1668.49,124.82,653.895,2.2,38.53,13.41,1667.48,4337293.48,1781534.20
00:27:42.144,18/01/2026,09:58:35,17_T02,39.121782769,10.187271343,0.2,1668.41,125.29,653.987,2.3,38.53,13.41,1667.48,4337293.54,1781534.11
00:27:43.137,18/01/2026,09:58:36,17_T02,39.121782169,10.187273143,0.2,1668.37,125.59,654.157,2.3,38.53,13.42,1667.33,4337293.70,1781534.04
00:27:44.132,18/01/2026,09:58:37,17_T02,39.121781524,10.187274971,0.2,1668.37,125.87,654.331,2.3,38.53,13.42,1667.33,4337293.86,1781533.97
00:27:45.145,18/01/2026,09:58:38,17_T02,39.121780889,10.187276095,0.2,1668.37,125.68,654.447,2.2,38.53,13.42,1667.29,4337293.96,1781533.90
00:27:46.140,18/01/2026,09:58:39,17_T02,39.121780334,10.187277044,0.2,1668.32,125.42,654.545,2.2,38.53,13.42,1667.29,4337294.04,1781533.84
00:27:47.138,18/01/2026,09:58:40,17_T02,39.121779923,10.187278194,0.2,1668.24,124.91,654.654,2.3,38.53,13.42,1667.23,4337294.14,1781533.79
00:27:48.132,18/01/2026,09:58:41,17_T02,39.121778652,10.187278487,0.2,1668.17,124.18,654.726,2.3,38.53,13.42,1667.23,4337294.17,1781533.65
00:27:49.142,18/01/2026,09:58:42,17_T02,39.121777206,10.187278928,0.2,1668.13,123.67,654.816,2.3,38.53,13.42,1667.07,4337294.21,1781533.49
00:27:50.134,18/01/2026,09:58:43,17_T02,39.121776623,10.187280107,0.2,1668.11,123.49,654.934,2.3,38.53,13.42,1667.07,4337294.31,1781533.43
00:27:51.134,18/01/2026,09:58:44,17_T02,39.121776072,10.187281175,0.2,1668.09,123.45,655.042,2.3,38.53,13.42,1667.02,4337294.40,1781533.37
00:27:52.141,18/01/2026,09:58:45,17_T02,39.121775462,10.187282234,0.2,1668.05,123.63,655.151,2.3,38.53,13.42,1667.02,4337294.49,1781533.30
00:27:53.137,18/01/2026,09:58:46,17_T02,39.121774718,10.187283063,0.2,1667.99,124.20,655.247,2.3,38.53,13.41,1666.97,4337294.57,1781533.22
00:27:54.139,18/01/2026,09:58:47,17_T02,39.121774185,10.187284397,0.2,1667.93,124.92,655.376,2.3,38.53,13.41,1666.97,4337294.68,1781533.16
00:27:55.131,18/01/2026,09:58:48,17_T02,39.121773675,10.187285731,0.2,1667.88,125.41,655.504,2.3,38.53,13.41,1666.84,4337294.80,1781533.11
00:27:56.139,18/01/2026,09:58:49,17_T02,39.121772877,10.187286706,0.2,1667.84,125.78,655.614,2.3,38.53,13.41,1666.84,4337294.88,1781533.02
00:27:57.144,18/01/2026,09:58:50,17_T02,39.121772089,10.187287583,0.2,1667.81,126.34,655.715,2.3,38.53,13.42,1666.75,4337294.96,1781532.93
00:27:58.133,18/01/2026,09:58:51,17_T02,39.121771205,10.187288307,0.2,1667.76,126.99,655.807,2.3,38.53,13.42,1666.75,4337295.02,1781532.83
00:27:59.139,18/01/2026,09:58:52,17_T02,39.121769924,10.187289372,0.2,1667.70,127.34,655.942,2.3,38.53,13.42,1666.67,4337295.12,1781532.69
00:28:00.130,18/01/2026,09:58:53,17_T02,39.121768973,10.187290560,0.2,1667.64,127.27,656.075,2.3,38.53,13.42,1666.67,4337295.22,1781532.59
00:28:01.135,18/01/2026,09:58:54,17_T02,39.121768496,10.187291807,0.2,1667.59,126.96,656.195,2.4,38.53,13.42,1666.55,4337295.33,1781532.54
00:28:02.130,18/01/2026,09:58:55,17_T02,39.121767811,10.187292788,0.2,1667.54,127.03,656.300,2.4,38.53,13.42,1666.55,4337295.41,1781532.46
00:28:03.146,18/01/2026,09:58:56,17_T02,39.121767157,10.187293851,0.2,1667.51,126.92,656.412,2.3,38.53,13.42,1666.43,4337295.51,1781532.39
00:28:04.139,18/01/2026,09:58:57,17_T02,39.121766261,10.187295447,0.2,1667.49,126.54,656.576,2.3,38.53,13.42,1666.43,4337295.65,1781532.29
00:28:05.133,18/01/2026,09:58:58,17_T02,39.121765762,10.187296970,0.2,1667.52,125.82,656.719,2.2,38.53,13.42,1666.44,4337295.78,1781532.24
00:28:06.133,18/01/2026,09:58:59,17_T02,39.121765514,10.187297545,0.2,1667.53,125.58,656.775,2.1,38.53,13.42,1666.44,4337295.83,1781532.21
00:28:07.141,18/01/2026,09:59:00,17_T02,39.121765142,10.187297896,0.2,1667.45,125.58,656.818,2.1,38.53,13.42,1666.43,4337295.86,1781532.17
00:28:08.135,18/01/2026,09:59:01,17_T02,39.121764723,10.187298382,0.2,1667.35,125.51,656.873,2.3,38.53,13.42,1666.43,4337295.90,1781532.12
00:28:09.132,18/01/2026,09:59:02,17_T02,39.121763594,10.187299807,0.2,1667.30,125.47,657.032,2.4,38.53,13.42,1666.43,4337296.03,1781532.00
00:28:10.144,18/01/2026,09:59:03,17_T02,39.121762309,10.187301139,0.2,1667.33,125.87,657.189,2.3,38.53,13.42,1666.24,4337296.14,1781531.86
00:28:11.135,18/01/2026,09:59:04,17_T02,39.121761665,10.187301377,0.2,1667.38,126.53,657.233,2.2,38.53,13.42,1666.24,4337296.16,1781531.78
00:28:12.145,18/01/2026,09:59:05,17_T02,39.121761119,10.187301595,0.2,1667.37,126.87,657.271,2.1,38.53,13.42,1666.31,4337296.18,1781531.72
00:28:13.141,18/01/2026,09:59:06,17_T02,39.121760821,10.187302160,0.1,1667.30,126.67,657.328,2.2,38.53,13.42,1666.31,4337296.23,1781531.69
00:28:14.137,18/01/2026,09:59:07,17_T02,39.121760573,10.187302962,0.1,1667.22,126.42,657.403,2.3,38.53,13.42,1666.24,4337296.30,1781531.66
00:28:15.130,18/01/2026,09:59:08,17_T02,39.121759631,10.187304287,0.2,1667.20,126.60,657.547,2.3,38.53,13.42,1666.24,4337296.42,1781531.56
00:28:16.141,18/01/2026,09:59:09,17_T02,39.121758568,10.187305514,0.2,1667.22,126.82,657.687,2.3,38.53,13.42,1666.14,4337296.52,1781531.44
00:28:17.140,18/01/2026,09:59:10,17_T02,39.121757945,10.187306260,0.2,1667.24,126.71,657.771,2.2,38.53,13.42,1666.14,4337296.59,1781531.38
00:28:18.134,18/01/2026,09:59:11,17_T02,39.121757667,10.187307096,0.2,1667.22,126.30,657.850,2.2,38.53,13.42,1666.19,4337296.66,1781531.34
00:28:19.135,18/01/2026,09:59:12,17_T02,39.121757421,10.187307951,0.2,1667.17,125.98,657.929,2.2,38.53,13.42,1666.19,4337296.74,1781531.32
00:28:20.134,18/01/2026,09:59:13,17_T02,39.121756378,10.187307691,0.2,1667.10,126.06,657.946,2.2,38.53,13.42,1666.12,4337296.71,1781531.20
00:28:21.131,18/01/2026,09:59:14,17_T02,39.121755359,10.187307294,0.2,1667.07,126.29,657.952,2.3,38.53,13.42,1666.12,4337296.68,1781531.09
00:28:22.141,18/01/2026,09:59:15,17_T02,39.121754519,10.187308467,0.2,1667.06,126.31,658.079,2.2,38.53,13.42,1666.03,4337296.78,1781531.00
00:28:23.133,18/01/2026,09:59:16,17_T02,39.121754027,10.187309500,0.2,1667.06,126.24,658.182,2.2,38.53,13.42,1666.03,4337296.87,1781530.94
00:28:24.131,18/01/2026,09:59:17,17_T02,39.121753493,10.187310275,0.2,1667.03,126.43,658.265,2.2,38.53,13.42,1666.00,4337296.94,1781530.88
00:28:25.140,18/01/2026,09:59:18,17_T02,39.121754119,10.187311294,0.2,1666.98,126.71,658.326,2.2,38.53,13.42,1666.00,4337297.03,1781530.95
00:28:26.141,18/01/2026,09:59:19,17_T02,39.121754791,10.187312336,0.2,1666.93,126.92,658.386,2.2,38.53,13.42,1665.94,4337297.12,1781531.03
00:28:27.139,18/01/2026,09:59:20,17_T02,39.121754346,10.187313376,0.2,1666.91,126.55,658.488,2.2,38.53,13.42,1665.94,4337297.21,1781530.98
00:28:28.134,18/01/2026,09:59:21,17_T02,39.121754013,10.187314403,0.2,1666.89,126.20,658.584,2.2,38.53,13.42,1665.86,4337297.30,1781530.94
00:28:29.130,18/01/2026,09:59:22,17_T02,39.121753498,10.187315154,0.2,1666.85,126.33,658.665,2.2,38.53,13.42,1665.86,4337297.36,1781530.89
00:28:30.143,18/01/2026,09:59:23,17_T02,39.121753652,10.187315731,0.2,1666.81,126.73,658.706,2.2,38.53,13.42,1665.80,4337297.41,1781530.90
00:28:31.138,18/01/2026,09:59:24,17_T02,39.121753795,10.187316373,0.2,1666.76,126.88,658.754,2.3,38.53,13.42,1665.80,4337297.47,1781530.92
00:28:32.131,18/01/2026,09:59:25,17_T02,39.121753282,10.187317378,0.2,1666.74,126.78,658.855,2.3,38.53,13.42,1665.72,4337297.56,1781530.86
00:28:33.138,18/01/2026,09:59:26,17_T02,39.121752827,10.187318384,0.2,1666.75,126.71,658.954,2.2,38.53,13.42,1665.72,4337297.64,1781530.81
00:28:34.130,18/01/2026,09:59:27,17_T02,39.121752306,10.187319091,0.2,1666.75,126.78,659.032,2.2,38.53,13.42,1665.69,4337297.71,1781530.76
00:28:35.136,18/01/2026,09:59:28,17_T02,39.121751807,10.187319686,0.2,1666.73,126.73,659.099,2.2,38.53,13.42,1665.69,4337297.76,1781530.70
00:28:36.131,18/01/2026,09:59:29,17_T02,39.121750587,10.187319113,0.2,1666.67,126.34,659.097,2.2,38.53,13.42,1665.68,4337297.71,1781530.57
00:28:37.137,18/01/2026,09:59:30,17_T02,39.121749317,10.187318718,0.2,1666.61,126.02,659.112,2.3,38.53,13.42,1665.68,4337297.67,1781530.43
00:28:38.145,18/01/2026,09:59:31,17_T02,39.121748641,10.187319645,0.2,1666.58,126.31,659.213,2.3,38.53,13.42,1665.55,4337297.76,1781530.35
00:28:39.138,18/01/2026,09:59:32,17_T02,39.121747783,10.187320463,0.2,1666.60,126.74,659.312,2.3,38.53,13.42,1665.55,4337297.83,1781530.26
00:28:40.134,18/01/2026,09:59:33,17_T02,39.121747201,10.187321186,0.2,1666.63,126.74,659.393,2.2,38.53,13.42,1665.56,4337297.89,1781530.19
00:28:41.142,18/01/2026,09:59:34,17_T02,39.121745478,10.187321254,0.2,1666.64,126.40,659.463,2.1,38.53,13.42,1665.56,4337297.90,1781530.00
00:28:42.134,18/01/2026,09:59:35,17_T02,39.121744096,10.187321156,0.2,1666.58,126.09,659.506,2.1,38.53,13.42,1665.58,4337297.89,1781529.85
00:28:43.141,18/01/2026,09:59:36,17_T02,39.121743797,10.187321739,0.2,1666.50,126.00,659.565,2.2,38.53,13.42,1665.58,4337297.94,1781529.82
00:28:44.133,18/01/2026,09:59:37,17_T02,39.121743113,10.187322591,0.2,1666.46,126.12,659.660,2.3,38.53,13.42,1665.45,4337298.01,1781529.74
00:28:45.142,18/01/2026,09:59:38,17_T02,39.121742410,10.187323623,0.2,1666.47,126.16,659.771,2.3,38.53,13.42,1665.45,4337298.10,1781529.66
00:28:46.140,18/01/2026,09:59:39,17_T02,39.121741512,10.187325078,0.2,1666.52,126.13,659.924,2.1,38.53,13.42,1665.44,4337298.23,1781529.57
00:28:47.134,18/01/2026,09:59:40,17_T02,39.121740760,10.187326092,0.2,1666.55,126.26,660.035,2.1,38.53,13.42,1665.44,4337298.32,1781529.48
00:28:48.130,18/01/2026,09:59:41,17_T02,39.121740236,10.187326556,0.2,1666.52,126.41,660.092,2.0,38.53,13.42,1665.51,4337298.36,1781529.43
00:28:49.141,18/01/2026,09:59:42,17_T02,39.121739791,10.187327147,0.2,1666.43,126.39,660.157,2.1,38.53,13.42,1665.51,4337298.41,1781529.38
00:28:50.137,18/01/2026,09:59:43,17_T02,39.121739314,10.187327958,0.2,1666.35,126.37,660.241,2.2,38.53,13.41,1665.35,4337298.48,1781529.32
00:28:51.131,18/01/2026,09:59:44,17_T02,39.121738794,10.187328664,0.2,1666.31,126.69,660.318,2.3,38.53,13.41,1665.35,4337298.54,1781529.27
00:28:52.139,18/01/2026,09:59:45,17_T02,39.121737530,10.187328117,0.2,1666.32,127.22,660.321,2.2,38.53,13.42,1665.26,4337298.50,1781529.13
00:28:53.133,18/01/2026,09:59:46,17_T02,39.121736546,10.187327304,0.2,1666.34,127.40,660.291,2.1,38.53,13.42,1665.26,4337298.42,1781529.02
00:28:54.131,18/01/2026,09:59:47,17_T02,39.121736179,10.187328014,0.2,1666.35,127.05,660.363,2.1,38.53,13.42,1665.33,4337298.49,1781528.98
00:28:55.140,18/01/2026,09:59:48,17_T02,39.121735950,10.187328735,0.2,1666.31,126.66,660.430,2.1,38.53,13.42,1665.33,4337298.55,1781528.95
00:28:56.136,18/01/2026,09:59:49,17_T02,39.121735568,10.187329565,0.2,1666.22,126.52,660.512,2.2,38.53,13.42,1665.23,4337298.62,1781528.91
00:28:57.143,18/01/2026,09:59:50,17_T02,39.121735202,10.187330340,0.2,1666.16,126.63,660.589,2.3,38.53,13.42,1665.23,4337298.69,1781528.87
00:28:58.140,18/01/2026,09:59:51,17_T02,39.121734666,10.187331249,0.2,1666.15,126.75,660.684,2.3,38.53,13.42,1665.10,4337298.77,1781528.81
00:28:59.141,18/01/2026,09:59:52,17_T02,39.121733968,10.187332299,0.2,1666.17,126.72,660.796,2.2,38.53,13.42,1665.10,4337298.86,1781528.73
00:29:00.137,18/01/2026,09:59:53,17_T02,39.121733473,10.187333241,0.2,1666.19,126.64,660.891,2.1,38.53,13.42,1665.14,4337298.94,1781528.68
00:29:01.132,18/01/2026,09:59:54,17_T02,39.121733031,10.187333885,0.2,1666.19,126.68,660.961,2.1,38.53,13.42,1665.14,4337299.00,1781528.63
00:29:02.132,18/01/2026,09:59:55,17_T02,39.121731827,10.187333791,0.2,1666.16,126.77,660.998,2.1,38.53,13.42,1665.14,4337298.99,1781528.50
00:29:03.140,18/01/2026,09:59:56,17_T02,39.121730660,10.187333934,0.2,1666.11,126.67,661.053,2.1,38.53,13.42,1665.14,4337299.00,1781528.37
00:29:04.135,18/01/2026,09:59:57,17_T02,39.121730321,10.187334798,0.2,1666.06,126.26,661.136,2.2,38.53,13.42,1665.05,4337299.08,1781528.33
00:29:05.134,18/01/2026,09:59:58,17_T02,39.121729852,10.187335798,0.2,1666.04,126.06,661.236,2.2,38.53,13.42,1665.05,4337299.17,1781528.28
00:29:06.130,18/01/2026,09:59:59,17_T02,39.121729179,10.187336725,0.2,1666.05,126.25,661.336,2.2,38.53,13.42,1665.00,4337299.25,1781528.21
00:29:07.143,18/01/2026,10:00:00,17_T02,39.121727927,10.187337194,0.2,1666.07,126.58,661.422,2.1,38.53,13.42,1665.00,4337299.29,1781528.07
00:29:08.136,18/01/2026,10:00:01,17_T02,39.121726885,10.187337631,0.2,1666.09,126.65,661.496,2.1,38.53,13.42,1665.00,4337299.33,1781527.95
00:29:09.131,18/01/2026,10:00:02,17_T02,39.121726523,10.187338320,0.2,1666.06,126.47,661.566,2.0,38.53,13.41,1665.05,4337299.39,1781527.91
00:29:10.139,18/01/2026,10:00:03,17_T02,39.121726148,10.187339028,0.2,1665.99,126.38,661.638,2.1,38.53,13.41,1665.05,4337299.45,1781527.87
00:29:11.133,18/01/2026,10:00:04,17_T02,39.121725584,10.187339734,0.2,1665.93,126.51,661.717,2.2,38.53,13.41,1664.97,4337299.51,1781527.81
00:29:12.140,18/01/2026,10:00:05,17_T02,39.121724832,10.187340581,0.2,1665.92,126.72,661.814,2.2,38.53,13.41,1664.97,4337299.58,1781527.73
00:29:13.133,18/01/2026,10:00:06,17_T02,39.121723854,10.187342398,0.2,1665.94,126.84,661.999,2.1,38.53,13.42,1664.88,4337299.74,1781527.62
00:29:14.135,18/01/2026,10:00:07,17_T02,39.121723049,10.187344083,0.2,1665.96,126.81,662.167,2.1,38.53,13.42,1664.88,4337299.89,1781527.53
00:29:15.142,18/01/2026,10:00:08,17_T02,39.121722690,10.187344661,0.2,1665.93,126.71,662.228,2.1,38.53,13.42,1664.91,4337299.94,1781527.49
00:29:16.133,18/01/2026,10:00:09,17_T02,39.121722301,10.187345180,0.2,1665.86,126.60,662.285,2.1,38.53,13.42,1664.91,4337299.98,1781527.45
00:29:17.139,18/01/2026,10:00:10,17_T02,39.121721850,10.187346107,0.2,1665.82,126.31,662.378,2.2,38.53,13.41,1664.85,4337300.06,1781527.40
00:29:18.142,18/01/2026,10:00:11,17_T02,39.121720739,10.187345815,0.2,1665.81,126.06,662.395,2.2,38.53,13.41,1664.85,4337300.04,1781527.28
00:29:19.135,18/01/2026,10:00:12,17_T02,39.121719371,10.187345380,0.2,1665.83,126.02,662.410,2.1,38.53,13.41,1664.78,4337300.00,1781527.13
00:29:20.140,18/01/2026,10:00:13,17_T02,39.121718787,10.187346040,0.2,1665.84,126.18,662.486,2.1,38.53,13.41,1664.78,4337300.06,1781527.06
00:29:21.131,18/01/2026,10:00:14,17_T02,39.121718243,10.187346623,0.2,1665.82,126.38,662.554,2.1,38.53,13.41,1664.82,4337300.11,1781527.00
00:29:22.138,18/01/2026,10:00:15,17_T02,39.121717697,10.187347295,0.2,1665.77,126.57,662.629,2.1,38.53,13.41,1664.82,4337300.17,1781526.94
00:29:23.130,18/01/2026,10:00:16,17_T02,39.121717800,10.187349194,0.2,1665.75,126.79,662.781,2.2,38.53,13.41,1664.76,4337300.33,1781526.95
00:29:24.134,18/01/2026,10:00:17,17_T02,39.121717872,10.187351114,0.2,1665.76,127.05,662.936,2.1,38.53,13.41,1664.76,4337300.50,1781526.96
00:29:25.131,18/01/2026,10:00:18,17_T02,39.121717285,10.187351785,0.2,1665.78,127.15,663.013,2.1,38.53,13.42,1664.74,4337300.56,1781526.90
00:29:26.142,18/01/2026,10:00:19,17_T02,39.121716838,10.187352449,0.2,1665.77,127.02,663.084,2.0,38.53,13.42,1664.74,4337300.62,1781526.85
00:29:27.138,18/01/2026,10:00:20,17_T02,39.121716494,10.187353304,0.2,1665.72,126.69,663.166,2.1,38.53,13.42,1664.75,4337300.69,1781526.81
00:29:28.130,18/01/2026,10:00:21,17_T02,39.121716099,10.187354226,0.2,1665.67,126.40,663.257,2.2,38.53,13.42,1664.75,4337300.77,1781526.77
00:29:29.144,18/01/2026,10:00:22,17_T02,39.121716030,10.187355706,0.2,1665.65,126.32,663.380,2.1,38.53,13.42,1664.65,4337300.90,1781526.76
00:29:30.136,18/01/2026,10:00:23,17_T02,39.121715860,10.187357066,0.2,1665.68,126.33,663.498,2.1,38.53,13.42,1664.65,4337301.02,1781526.74
00:29:31.144,18/01/2026,10:00:24,17_T02,39.121715422,10.187357716,0.2,1665.71,126.36,663.568,2.0,38.53,13.42,1664.66,4337301.08,1781526.69
00:29:32.134,18/01/2026,10:00:25,17_T02,39.121715111,10.187358085,0.2,1665.68,126.43,663.609,2.0,38.53,13.42,1664.66,4337301.11,1781526.66
00:29:33.144,18/01/2026,10:00:26,17_T02,39.121714876,10.187358356,0.2,1665.61,126.51,663.640,2.1,38.53,13.41,1664.66,4337301.13,1781526.63
00:29:34.141,18/01/2026,10:00:27,17_T02,39.121713955,10.187358187,0.2,1665.54,126.60,663.661,2.2,38.53,13.41,1664.66,4337301.12,1781526.53
00:29:35.135,18/01/2026,10:00:28,17_T02,39.121712835,10.187358183,0.2,1665.54,126.72,663.702,2.2,38.53,13.42,1664.51,4337301.12,1781526.41
00:29:36.131,18/01/2026,10:00:29,17_T02,39.121712200,10.187359210,0.2,1665.59,126.76,663.810,2.1,38.53,13.42,1664.51,4337301.21,1781526.34
00:29:37.136,18/01/2026,10:00:30,17_T02,39.121711730,10.187359941,0.2,1665.62,126.75,663.887,2.0,38.53,13.42,1664.58,4337301.27,1781526.29
00:29:38.132,18/01/2026,10:00:31,17_T02,39.121711252,10.187360562,0.2,1665.60,126.77,663.956,2.0,38.53,13.42,1664.58,4337301.32,1781526.23
00:29:39.145,18/01/2026,10:00:32,17_T02,39.121711557,10.187362047,0.2,1665.54,126.62,664.066,2.1,38.53,13.41,1664.55,4337301.45,1781526.27
00:29:40.141,18/01/2026,10:00:33,17_T02,39.121711866,10.187363690,0.2,1665.48,126.40,664.189,2.1,38.53,13.41,1664.55,4337301.60,1781526.30
00:29:41.140,18/01/2026,10:00:34,17_T02,39.121711324,10.187364608,0.2,1665.45,126.43,664.285,2.2,38.53,13.42,1664.44,4337301.68,1781526.24
00:29:42.137,18/01/2026,10:00:35,17_T02,39.121710609,10.187365490,0.2,1665.47,126.66,664.383,2.1,38.53,13.42,1664.44,4337301.75,1781526.16
00:29:43.134,18/01/2026,10:00:36,17_T02,39.121710022,10.187366177,0.2,1665.48,126.83,664.462,2.1,38.53,13.42,1664.45,4337301.81,1781526.10
00:29:44.145,18/01/2026,10:00:37,17_T02,39.121709218,10.187365211,0.2,1665.46,126.83,664.412,2.0,38.53,13.42,1664.45,4337301.73,1781526.01
00:29:45.139,18/01/2026,10:00:38,17_T02,39.121708548,10.187364455,0.2,1665.41,126.76,664.375,2.1,38.53,13.42,1664.43,4337301.66,1781525.94
00:29:46.135,18/01/2026,10:00:39,17_T02,39.121708098,10.187365210,0.2,1665.37,126.73,664.454,2.1,38.53,13.42,1664.43,4337301.73,1781525.89
00:29:47.142,18/01/2026,10:00:40,17_T02,39.121707518,10.187366080,0.2,1665.35,126.72,664.547,2.1,38.53,13.42,1664.34,4337301.81,1781525.82
00:29:48.136,18/01/2026,10:00:41,17_T02,39.121706927,10.187366986,0.2,1665.37,126.68,664.643,2.1,38.53,13.42,1664.34,4337301.88,1781525.76
00:29:49.143,18/01/2026,10:00:42,17_T02,39.121706474,10.187367729,0.2,1665.37,126.67,664.721,2.1,38.52,13.42,1664.33,4337301.95,1781525.71
00:29:50.134,18/01/2026,10:00:43,17_T02,39.121705248,10.187367946,0.2,1665.34,126.71,664.784,2.1,38.52,13.42,1664.33,4337301.97,1781525.57
00:29:51.143,18/01/2026,10:00:44,17_T02,39.121704072,10.187368219,0.2,1665.30,126.75,664.850,2.1,38.53,13.42,1664.30,4337301.99,1781525.44
00:29:52.131,18/01/2026,10:00:45,17_T02,39.121703528,10.187369070,0.2,1665.26,126.71,664.940,2.1,38.53,13.42,1664.30,4337302.07,1781525.38
00:29:53.140,18/01/2026,10:00:46,17_T02,39.121702970,10.187370051,0.2,1665.26,126.63,665.041,2.1,38.53,13.42,1664.23,4337302.15,1781525.32
00:29:54.136,18/01/2026,10:00:47,17_T02,39.121702510,10.187370868,0.2,1665.29,126.61,665.125,2.1,38.53,13.42,1664.23,4337302.22,1781525.27
00:29:55.140,18/01/2026,10:00:48,17_T02,39.121702595,10.187373018,0.2,1665.30,126.70,665.298,2.0,38.53,13.42,1664.28,4337302.41,1781525.28
00:29:56.142,18/01/2026,10:00:49,17_T02,39.121702707,10.187375066,0.2,1665.26,126.77,665.462,2.0,38.53,13.42,1664.28,4337302.59,1781525.29
00:29:57.136,18/01/2026,10:00:50,17_T02,39.121702270,10.187375784,0.2,1665.20,126.68,665.537,2.1,38.53,13.42,1664.20,4337302.65,1781525.25
00:29:58.142,18/01/2026,10:00:51,17_T02,39.121701778,10.187376651,0.2,1665.15,126.64,665.626,2.2,38.53,13.42,1664.20,4337302.73,1781525.19
00:29:59.135,18/01/2026,10:00:52,17_T02,39.121701145,10.187377626,0.2,1665.14,126.79,665.730,2.2,38.53,13.42,1664.12,4337302.81,1781525.12
