ASFIndex,Date,Time,Area,Lat,Long,Speed,P,Heading,mp,Altitude,Sal,T,Depth,E,N
00:00:00.187,18/01/2026,09:00:53,17_T02,39.122784603,10.183770014,0.2,1718.60,80.36,327.026,1.3,38.53,13.43,1717.59,4336988.67,1781643.91
00:00:01.192,18/01/2026,09:00:54,17_T02,39.122784589,10.183770968,0.2,1718.57,80.40,327.101,1.3,38.53,13.43,1717.59,4336988.75,1781643.91
00:00:02.185,18/01/2026,09:00:55,17_T02,39.122784685,10.183772067,0.2,1718.56,80.40,327.193,1.3,38.53,13.43,1717.52,4336988.85,1781643.92
00:00:03.193,18/01/2026,09:00:56,17_T02,39.122784524,10.183772661,0.2,1718.58,80.32,327.233,1.3,38.53,13.43,1717.52,4336988.90,1781643.90
00:00:04.186,18/01/2026,09:00:57,17_T02,39.122784373,10.183773288,0.2,1718.60,80.20,327.276,1.2,38.53,13.43,1717.52,4336988.96,1781643.89
00:00:05.197,18/01/2026,09:00:58,17_T02,39.122784337,10.183774314,0.2,1718.60,80.18,327.355,1.2,38.53,13.43,1717.52,4336989.04,1781643.88
00:00:06.197,18/01/2026,09:00:59,17_T02,39.122784173,10.183775159,0.1,1718.56,80.28,327.415,1.2,38.53,13.43,1717.57,4336989.12,1781643.87
00:00:07.192,18/01/2026,09:01:00,17_T02,39.122784056,10.183775902,0.1,1718.51,80.40,327.469,1.2,38.53,13.43,1717.57,4336989.18,1781643.85
00:00:08.189,18/01/2026,09:01:01,17_T02,39.122783339,10.183776549,0.1,1718.48,80.49,327.488,1.3,38.53,13.43,1717.47,4336989.24,1781643.77
00:00:09.200,18/01/2026,09:01:02,17_T02,39.122782858,10.183777532,0.1,1718.48,80.54,327.544,1.3,38.53,13.43,1717.47,4336989.32,1781643.72
00:00:10.196,18/01/2026,09:01:03,17_T02,39.122782920,10.183778953,0.2,1718.50,80.54,327.660,1.2,38.53,13.43,1717.44,4336989.45,1781643.73
00:00:11.195,18/01/2026,09:01:04,17_T02,39.122782974,10.183780283,0.2,1718.51,80.51,327.768,1.2,38.53,13.43,1717.44,4336989.56,1781643.74
00:00:12.191,18/01/2026,09:01:05,17_T02,39.122783070,10.183781418,0.2,1718.48,80.47,327.862,1.2,38.53,13.43,1717.46,4336989.66,1781643.75
00:00:13.200,18/01/2026,09:01:06,17_T02,39.122782064,10.183781811,0.2,1718.44,80.45,327.848,1.2,38.53,13.43,1717.46,4336989.70,1781643.64
00:00:14.199,18/01/2026,09:01:07,17_T02,39.122781329,10.183782439,0.2,1718.42,80.43,327.865,1.3,38.53,13.43,1717.40,4336989.75,1781643.55
00:00:15.199,18/01/2026,09:01:08,17_T02,39.122781449,10.183783688,0.2,1718.41,80.40,327.970,1.3,38.53,13.43,1717.40,4336989.86,1781643.57
00:00:16.198,18/01/2026,09:01:09,17_T02,39.122781555,10.183784999,0.2,1718.42,80.37,328.078,1.2,38.53,13.43,1717.37,4336989.97,1781643.58
00:00:17.193,18/01/2026,09:01:10,17_T02,39.122781657,10.183786256,0.2,1718.42,80.35,328.183,1.2,38.53,13.43,1717.37,4336990.08,1781643.59
00:00:18.191,18/01/2026,09:01:11,17_T02,39.122781753,10.183787446,0.2,1718.40,80.38,328.282,1.2,38.53,13.43,1717.37,4336990.19,1781643.60
00:00:19.190,18/01/2026,09:01:12,17_T02,39.122782297,10.183789178,0.2,1718.37,80.46,328.444,1.2,38.53,13.43,1717.37,4336990.34,1781643.66
00:00:20.187,18/01/2026,09:01:13,17_T02,39.122782807,10.183790935,0.2,1718.35,80.51,328.606,1.2,38.53,13.43,1717.32,4336990.49,1781643.72
00:00:21.199,18/01/2026,09:01:14,17_T02,39.122782961,10.183792228,0.2,1718.35,80.46,328.716,1.2,38.53,13.43,1717.32,4336990.60,1781643.74
00:00:22.198,18/01/2026,09:01:15,17_T02,39.122783127,10.183793408,0.2,1718.36,80.36,328.817,1.2,38.53,13.43,1717.31,4336990.71,1781643.75
00:00:23.195,18/01/2026,09:01:16,17_T02,39.122783221,10.183794486,0.2,1718.34,80.33,328.907,1.2,38.53,13.43,1717.31,4336990.80,1781643.77
00:00:24.193,18/01/2026,09:01:17,17_T02,39.122783192,10.183796849,0.2,1718.31,80.37,329.093,1.2,38.53,13.43,1717.28,4336991.01,1781643.76
00:00:25.186,18/01/2026,09:01:18,17_T02,39.122783223,10.183798941,0.2,1718.28,80.45,329.261,1.3,38.53,13.43,1717.28,4336991.19,1781643.77
00:00:26.197,18/01/2026,09:01:19,17_T02,39.122783352,10.183800148,0.2,1718.27,80.50,329.363,1.3,38.53,13.43,1717.22,4336991.29,1781643.78
00:00:27.189,18/01/2026,09:01:20,17_T02,39.122783500,10.183801516,0.2,1718.28,80.50,329.478,1.2,38.53,13.43,1717.22,4336991.41,1781643.80
00:00:28.196,18/01/2026,09:01:21,17_T02,39.122783615,10.183802750,0.2,1718.29,80.47,329.581,1.2,38.53,13.43,1717.24,4336991.52,1781643.81
00:00:29.190,18/01/2026,09:01:22,17_T02,39.122783679,10.183803920,0.2,1718.28,80.50,329.677,1.2,38.53,13.43,1717.24,4336991.62,1781643.82
00:00:30.198,18/01/2026,09:01:23,17_T02,39.122782123,10.183804676,0.2,1718.25,80.59,329.667,1.2,38.53,13.43,1717.22,4336991.69,1781643.65
00:00:31.190,18/01/2026,09:01:24,17_T02,39.122780887,10.183805487,0.2,1718.21,80.68,329.675,1.2,38.53,13.43,1717.22,4336991.76,1781643.51
00:00:32.194,18/01/2026,09:01:25,17_T02,39.122780988,10.183806626,0.2,1718.20,80.75,329.770,1.2,38.53,13.43,1717.15,4336991.86,1781643.52
00:00:33.200,18/01/2026,09:01:26,17_T02,39.122781153,10.183807976,0.2,1718.22,80.70,329.885,1.2,38.53,13.43,1717.15,4336991.97,1781643.54
00:00:34.192,18/01/2026,09:01:27,17_T02,39.122781338,10.183809272,0.2,1718.24,80.55,329.996,1.2,38.53,13.43,1717.19,4336992.09,1781643.56
00:00:35.193,18/01/2026,09:01:28,17_T02,39.122781195,10.183810811,0.2,1718.24,80.42,330.112,1.1,38.53,13.43,1717.19,4336992.22,1781643.55
00:00:36.199,18/01/2026,09:01:29,17_T02,39.122780997,10.183812296,0.2,1718.21,80.39,330.221,1.2,38.53,13.43,1717.18,4336992.35,1781643.52
00:00:37.205,18/01/2026,09:01:30,17_T02,39.122781032,10.183813172,0.2,1718.16,80.43,330.292,1.2,38.53,13.43,1717.18,4336992.43,1781643.53
00:00:38.196,18/01/2026,09:01:31,17_T02,39.122781117,10.183814242,0.2,1718.14,80.52,330.381,1.2,38.53,13.43,1717.10,4336992.52,1781643.54
00:00:39.199,18/01/2026,09:01:32,17_T02,39.122781257,10.183815476,0.2,1718.15,80.58,330.485,1.2,38.53,13.43,1717.10,4336992.63,1781643.55
00:00:40.190,18/01/2026,09:01:33,17_T02,39.122781399,10.183816784,0.2,1718.18,80.56,330.596,1.2,38.53,13.43,1717.13,4336992.74,1781643.57
00:00:41.187,18/01/2026,09:01:34,17_T02,39.122780673,10.183817736,0.2,1718.19,80.50,330.638,1.1,38.53,13.43,1717.13,4336992.82,1781643.49
00:00:42.186,18/01/2026,09:01:35,17_T02,39.122779983,10.183818443,0.2,1718.17,80.45,330.663,1.1,38.53,13.43,1717.12,4336992.88,1781643.41
00:00:43.186,18/01/2026,09:01:36,17_T02,39.122779979,10.183819228,0.2,1718.13,80.46,330.726,1.2,38.53,13.43,1717.12,4336992.95,1781643.41
00:00:44.199,18/01/2026,09:01:37,17_T02,39.122780003,10.183820128,0.2,1718.09,80.54,330.798,1.2,38.53,13.43,1717.12,4336993.03,1781643.42
00:00:45.191,18/01/2026,09:01:38,17_T02,39.122779829,10.183821337,0.2,1718.09,81.20,330.886,1.2,38.53,13.43,1717.05,4336993.14,1781643.40
00:00:46.187,18/01/2026,09:01:39,17_T02,39.122779210,10.183822747,0.2,1718.11,82.66,330.970,1.2,38.53,13.43,1717.05,4336993.26,1781643.33
00:00:47.199,18/01/2026,09:01:40,17_T02,39.122778532,10.183824102,0.2,1718.13,84.13,331.047,1.1,38.53,13.43,1717.05,4336993.38,1781643.25
00:00:48.191,18/01/2026,09:01:41,17_T02,39.122778013,10.183825163,0.2,1718.12,85.23,331.108,1.1,38.53,13.43,1717.05,4336993.47,1781643.20
00:00:49.185,18/01/2026,09:01:42,17_T02,39.122777638,10.183826046,0.2,1718.09,85.92,331.161,1.1,38.53,13.43,1717.08,4336993.55,1781643.16
00:00:50.198,18/01/2026,09:01:43,17_T02,39.122777462,10.183826914,0.2,1718.06,86.24,331.222,1.2,38.53,13.43,1717.08,4336993.62,1781643.14
00:00:51.197,18/01/2026,09:01:44,17_T02,39.122777509,10.183827908,0.2,1718.04,86.19,331.303,1.2,38.53,13.43,1717.01,4336993.71,1781643.14
00:00:52.189,18/01/2026,09:01:45,17_T02,39.122777759,10.183829015,0.2,1718.04,85.78,331.403,1.2,38.53,13.43,1717.01,4336993.81,1781643.17
00:00:53.199,18/01/2026,09:01:46,17_T02,39.122778139,10.183830300,0.2,1718.06,85.19,331.522,1.2,38.53,13.44,1716.99,4336993.92,1781643.21
00:00:54.198,18/01/2026,09:01:47,17_T02,39.122778469,10.183831456,0.2,1718.06,84.59,331.628,1.2,38.53,13.44,1716.99,4336994.02,1781643.25
00:00:55.194,18/01/2026,09:01:48,17_T02,39.122778677,10.183832480,0.2,1718.04,84.11,331.719,1.2,38.53,13.43,1717.01,4336994.11,1781643.27
00:00:56.185,18/01/2026,09:01:49,17_T02,39.122778737,10.183833446,0.2,1718.01,84.00,331.799,1.2,38.53,13.43,1717.01,4336994.19,1781643.28
00:00:57.194,18/01/2026,09:01:50,17_T02,39.122778737,10.183834173,0.2,1717.99,84.44,331.856,1.2,38.53,13.43,1716.95,4336994.25,1781643.28
00:00:58.187,18/01/2026,09:01:51,17_T02,39.122778605,10.183835077,0.2,1717.99,85.07,331.922,1.2,38.53,13.43,1716.95,4336994.33,1781643.26
00:00:59.199,18/01/2026,09:01:52,17_T02,39.122778337,10.183836291,0.2,1717.99,85.69,332.007,1.2,38.53,13.43,1716.95,4336994.44,1781643.24
00:01:00.190,18/01/2026,09:01:53,17_T02,39.122778109,10.183837476,0.2,1717.99,86.17,332.090,1.2,38.53,13.43,1716.95,4336994.54,1781643.21
00:01:01.185,18/01/2026,09:01:54,17_T02,39.122778031,10.183838586,0.2,1717.99,86.42,332.175,1.2,38.53,13.44,1716.95,4336994.64,1781643.20
00:01:02.189,18/01/2026,09:01:55,17_T02,39.122778185,10.183839748,0.2,1717.99,86.29,332.274,1.1,38.53,13.44,1716.95,4336994.74,1781643.22
00:01:03.208,18/01/2026,09:01:56,17_T02,39.122778522,10.183840744,0.2,1718.03,85.77,332.368,1.1,38.53,13.44,1716.95,4336994.83,1781643.26
00:01:04.194,18/01/2026,09:01:57,17_T02,39.122778688,10.183841515,0.2,1718.06,85.26,332.437,1.1,38.53,13.44,1716.95,4336994.89,1781643.28
00:01:05.186,18/01/2026,09:01:58,17_T02,39.122778584,10.183842045,0.2,1718.05,84.92,332.475,1.1,38.52,13.44,1717.01,4336994.94,1781643.26
00:01:06.190,18/01/2026,09:01:59,17_T02,39.122778494,10.183842527,0.2,1718.04,84.77,332.509,1.1,38.52,13.44,1717.01,4336994.98,1781643.25
00:01:07.197,18/01/2026,09:02:00,17_T02,39.122778582,10.183843210,0.2,1718.05,84.72,332.567,1.1,38.53,13.43,1716.98,4336995.04,1781643.26
00:01:08.190,18/01/2026,09:02:01,17_T02,39.122778645,10.183844212,0.1,1718.09,84.85,332.649,1.0,38.53,13.43,1716.98,4336995.13,1781643.27
00:01:09.197,18/01/2026,09:02:02,17_T02,39.122778548,10.183845387,0.1,1718.16,85.10,332.738,1.0,38.53,13.43,1717.05,4336995.23,1781643.26
00:01:10.190,18/01/2026,09:02:03,17_T02,39.122778300,10.183846218,0.1,1718.22,85.39,332.793,0.9,38.53,13.43,1717.05,4336995.30,1781643.23
00:01:11.197,18/01/2026,09:02:04,17_T02,39.122777845,10.183846682,0.1,1718.21,85.77,332.809,0.8,38.53,13.43,1717.18,4336995.34,1781643.18
00:01:12.189,18/01/2026,09:02:05,17_T02,39.122777415,10.183846824,0.1,1718.13,86.05,332.801,0.9,38.53,13.43,1717.18,4336995.35,1781643.14
00:01:13.195,18/01/2026,09:02:06,17_T02,39.122777909,10.183846055,0.1,1718.06,86.12,332.763,1.0,38.53,13.43,1717.05,4336995.29,1781643.19
00:01:14.191,18/01/2026,09:02:07,17_T02,39.122778571,10.183845839,0.1,1718.05,85.95,332.775,1.0,38.53,13.43,1717.05,4336995.27,1781643.26
00:01:15.198,18/01/2026,09:02:08,17_T02,39.122778733,10.183846949,0.1,1718.10,85.65,332.871,1.0,38.53,13.43,1716.99,4336995.37,1781643.28
00:01:16.188,18/01/2026,09:02:09,17_T02,39.122778787,10.183848107,0.1,1718.16,85.35,332.965,0.9,38.53,13.43,1716.99,4336995.47,1781643.29
00:01:17.198,18/01/2026,09:02:10,17_T02,39.122778704,10.183848981,0.1,1718.19,85.12,333.031,0.9,38.53,13.43,1717.13,4336995.54,1781643.28
00:01:18.193,18/01/2026,09:02:11,17_T02,39.122778602,10.183849443,0.1,1718.17,85.04,333.063,0.9,38.53,13.43,1717.13,4336995.58,1781643.27
00:01:19.189,18/01/2026,09:02:12,17_T02,39.122777949,10.183852146,0.1,1718.13,85.07,333.248,0.9,38.53,13.43,1717.10,4336995.82,1781643.20
00:01:20.197,18/01/2026,09:02:13,17_T02,39.122777393,10.183854722,0.2,1718.11,85.17,333.428,0.9,38.53,13.43,1717.10,4336996.04,1781643.13
00:01:21.197,18/01/2026,09:02:14,17_T02,39.122777300,10.183855643,0.2,1718.14,85.33,333.497,0.9,38.53,13.43,1717.06,4336996.12,1781643.12
00:01:22.193,18/01/2026,09:02:15,17_T02,39.122777205,10.183856765,0.2,1718.20,85.46,333.581,0.9,38.53,13.43,1717.06,4336996.22,1781643.11
00:01:23.188,18/01/2026,09:02:16,17_T02,39.122777149,10.183857805,0.2,1718.24,85.53,333.661,0.8,38.53,13.43,1717.14,4336996.31,1781643.11
00:01:24.199,18/01/2026,09:02:17,17_T02,39.122775574,10.183859866,0.2,1718.26,85.54,333.754,0.8,38.53,13.43,1717.14,4336996.49,1781642.94
00:01:25.197,18/01/2026,09:02:18,17_T02,39.122774209,10.183861499,0.2,1718.24,85.52,333.822,0.9,38.53,13.43,1717.20,4336996.63,1781642.79
00:01:26.194,18/01/2026,09:02:19,17_T02,39.122774137,10.183862030,0.2,1718.22,85.50,333.861,0.9,38.53,13.43,1717.20,4336996.68,1781642.78
00:01:27.191,18/01/2026,09:02:20,17_T02,39.122774119,10.183862807,0.2,1718.22,85.45,333.922,0.9,38.53,13.43,1717.16,4336996.75,1781642.78
00:01:28.198,18/01/2026,09:02:21,17_T02,39.122774190,10.183863828,0.2,1718.26,85.35,334.006,1.0,38.53,13.43,1717.16,4336996.83,1781642.78
00:01:29.194,18/01/2026,09:02:22,17_T02,39.122774268,10.183864930,0.2,1718.30,85.22,334.097,1.0,38.53,13.43,1717.21,4336996.93,1781642.79
00:01:30.190,18/01/2026,09:02:23,17_T02,39.122774509,10.183866148,0.2,1718.34,85.09,334.205,0.9,38.53,13.43,1717.21,4336997.04,1781642.82
00:01:31.200,18/01/2026,09:02:24,17_T02,39.122774647,10.183867022,0.2,1718.38,85.00,334.280,0.9,38.53,13.43,1717.29,4336997.11,1781642.83
00:01:32.199,18/01/2026,09:02:25,17_T02,39.122774604,10.183867505,0.2,1718.42,84.94,334.317,0.8,38.53,13.43,1717.29,4336997.15,1781642.83
00:01:33.196,18/01/2026,09:02:26,17_T02,39.122774608,10.183868167,0.1,1718.46,84.97,334.370,0.8,38.53,13.43,1717.37,4336997.21,1781642.83
00:01:34.191,18/01/2026,09:02:27,17_T02,39.122774585,10.183869097,0.1,1718.53,85.10,334.442,0.7,38.53,13.43,1717.37,4336997.29,1781642.83
00:01:35.187,18/01/2026,09:02:28,17_T02,39.122773428,10.183868998,0.1,1718.61,85.27,334.382,0.7,38.53,13.43,1717.50,4336997.29,1781642.70
00:01:36.194,18/01/2026,09:02:29,17_T02,39.122772175,10.183868841,0.2,1718.67,85.77,334.313,0.7,38.53,13.43,1717.50,4336997.27,1781642.56
00:01:37.187,18/01/2026,09:02:30,17_T02,39.122771489,10.183869485,0.1,1718.69,86.78,334.334,0.6,38.53,13.43,1717.63,4336997.33,1781642.49
00:01:38.194,18/01/2026,09:02:31,17_T02,39.122770796,10.183870094,0.1,1718.65,87.82,334.351,0.7,38.53,13.43,1717.63,4336997.38,1781642.41
00:01:39.186,18/01/2026,09:02:32,17_T02,39.122770390,10.183870770,0.1,1718.61,88.52,334.386,0.7,38.53,13.43,1717.55,4336997.44,1781642.37
00:01:40.190,18/01/2026,09:02:33,17_T02,39.122770227,10.183871634,0.1,1718.58,88.79,334.447,0.8,38.53,13.43,1717.55,4336997.52,1781642.35
00:01:41.200,18/01/2026,09:02:34,17_T02,39.122770252,10.183872586,0.1,1718.58,88.64,334.524,0.8,38.53,13.43,1717.50,4336997.60,1781642.35
00:01:42.187,18/01/2026,09:02:35,17_T02,39.122770390,10.183873555,0.1,1718.60,88.26,334.607,0.7,38.53,13.43,1717.50,4336997.68,1781642.37
00:01:43.195,18/01/2026,09:02:36,17_T02,39.122770493,10.183874345,0.1,1718.61,87.77,334.675,0.7,38.53,13.43,1717.50,4336997.75,1781642.38
00:01:44.188,18/01/2026,09:02:37,17_T02,39.122770564,10.183874958,0.1,1718.60,87.38,334.727,0.8,38.53,13.43,1717.55,4336997.80,1781642.39
00:01:45.199,18/01/2026,09:02:38,17_T02,39.122770656,10.183875552,0.1,1718.59,87.06,334.778,0.8,38.53,13.43,1717.55,4336997.86,1781642.40
00:01:46.195,18/01/2026,09:02:39,17_T02,39.122772127,10.183876958,0.1,1718.61,86.86,334.956,0.8,38.53,13.43,1717.52,4336997.98,1781642.56
00:01:47.199,18/01/2026,09:02:40,17_T02,39.122773059,10.183878348,0.2,1718.65,86.85,335.108,0.7,38.53,13.43,1717.52,4336998.10,1781642.66
00:01:48.193,18/01/2026,09:02:41,17_T02,39.122772956,10.183879350,0.2,1718.73,86.99,335.183,0.7,38.53,13.43,1717.58,4336998.19,1781642.65
00:01:49.187,18/01/2026,09:02:42,17_T02,39.122772862,10.183880115,0.2,1718.80,87.15,335.240,0.6,38.53,13.43,1717.58,4336998.25,1781642.64
00:01:50.197,18/01/2026,09:02:43,17_T02,39.122772661,10.183880674,0.2,1718.85,87.31,335.275,0.6,38.53,13.43,1717.72,4336998.30,1781642.62
00:01:51.191,18/01/2026,09:02:44,17_T02,39.122770986,10.183880112,0.1,1718.87,87.46,335.155,0.5,38.53,13.43,1717.72,4336998.25,1781642.43
00:01:52.190,18/01/2026,09:02:45,17_T02,39.122769473,10.183879778,0.2,1718.89,87.62,335.060,0.5,38.53,13.42,1717.81,4336998.22,1781642.27
00:01:53.186,18/01/2026,09:02:46,17_T02,39.122769387,10.183880581,0.2,1718.94,87.76,335.120,0.5,38.53,13.42,1717.81,4336998.29,1781642.26
00:01:54.198,18/01/2026,09:02:47,17_T02,39.122769335,10.183881579,0.1,1718.99,87.83,335.197,0.7,38.53,13.43,1717.88,4336998.38,1781642.25
00:01:55.204,18/01/2026,09:02:48,17_T02,39.122769287,10.183882492,0.1,1719.03,87.82,335.267,0.5,38.53,13.43,1717.88,4336998.46,1781642.25
00:01:56.191,18/01/2026,09:02:49,17_T02,39.122769133,10.183883147,0.1,1719.04,87.80,335.312,0.6,38.53,13.43,1717.97,4336998.52,1781642.23
00:01:57.186,18/01/2026,09:02:50,17_T02,39.122768482,10.183882698,0.1,1719.03,87.76,335.247,0.5,38.53,13.43,1717.97,4336998.48,1781642.16
00:01:58.194,18/01/2026,09:02:51,17_T02,39.122768071,10.183882531,0.2,1719.02,87.68,335.215,0.7,38.53,13.43,1717.97,4336998.46,1781642.11
00:01:59.189,18/01/2026,09:02:52,17_T02,39.122768063,10.183883430,0.1,1719.02,87.60,335.287,0.7,38.53,13.43,1717.97,4336998.54,1781642.11
00:02:00.195,18/01/2026,09:02:53,17_T02,39.122768000,10.183884529,0.1,1719.04,87.55,335.371,0.7,38.53,13.42,1717.97,4336998.64,1781642.10
00:02:01.188,18/01/2026,09:02:54,17_T02,39.122767950,10.183885472,0.1,1719.04,87.53,335.444,0.8,38.53,13.42,1717.97,4336998.72,1781642.10
00:02:02.199,18/01/2026,09:02:55,17_T02,39.122768698,10.183884721,0.1,1719.04,87.53,335.418,0.8,38.53,13.43,1717.98,4336998.65,1781642.18
00:02:03.192,18/01/2026,09:02:56,17_T02,39.122769269,10.183884262,0.2,1719.02,87.55,335.407,0.9,38.53,13.43,1717.98,4336998.61,1781642.24
00:02:04.198,18/01/2026,09:02:57,17_T02,39.122769277,10.183885097,0.2,1719.02,87.56,335.474,0.9,38.53,13.43,1717.97,4336998.69,1781642.25
00:02:05.193,18/01/2026,09:02:58,17_T02,39.122769256,10.183885980,0.2,1719.03,87.57,335.543,0.9,38.53,13.43,1717.97,4336998.76,1781642.24
00:02:06.188,18/01/2026,09:02:59,17_T02,39.122769214,10.183886948,0.2,1719.05,87.58,335.618,0.9,38.53,13.44,1717.98,4336998.85,1781642.24
00:02:07.196,18/01/2026,09:03:00,17_T02,39.122769250,10.183887930,0.2,1719.08,87.55,335.697,0.9,38.53,13.44,1717.98,4336998.93,1781642.24
00:02:08.190,18/01/2026,09:03:01,17_T02,39.122770690,10.183890345,0.2,1719.11,87.47,335.954,0.9,38.53,13.43,1718.04,4336999.14,1781642.40
00:02:09.189,18/01/2026,09:03:02,17_T02,39.122771990,10.183892559,0.2,1719.15,87.38,336.189,0.9,38.53,13.43,1718.04,4336999.34,1781642.55
00:02:10.196,18/01/2026,09:03:03,17_T02,39.122772029,10.183893424,0.2,1719.18,87.32,336.259,0.8,38.53,13.43,1718.10,4336999.41,1781642.55
00:02:11.189,18/01/2026,09:03:04,17_T02,39.122771985,10.183894276,0.2,1719.21,87.34,336.325,0.8,38.53,13.43,1718.10,4336999.48,1781642.55
00:02:12.184,18/01/2026,09:03:05,17_T02,39.122771985,10.183895194,0.2,1719.23,87.41,336.398,0.8,38.53,13.43,1718.16,4336999.56,1781642.55
00:02:13.188,18/01/2026,09:03:06,17_T02,39.122771877,10.183894512,0.2,1719.24,87.52,336.339,0.8,38.53,13.43,1718.16,4336999.51,1781642.53
00:02:14.185,18/01/2026,09:03:07,17_T02,39.122771790,10.183894063,0.2,1719.26,87.61,336.299,0.8,38.53,13.43,1718.19,4336999.47,1781642.53
00:02:15.192,18/01/2026,09:03:08,17_T02,39.122771771,10.183894980,0.1,1719.28,87.69,336.371,0.8,38.53,13.43,1718.19,4336999.55,1781642.52
00:02:16.197,18/01/2026,09:03:09,17_T02,39.122771716,10.183895864,0.1,1719.30,87.74,336.439,0.8,38.53,13.43,1718.24,4336999.62,1781642.52
00:02:17.189,18/01/2026,09:03:10,17_T02,39.122771719,10.183896799,0.1,1719.31,87.75,336.513,0.8,38.53,13.43,1718.24,4336999.70,1781642.52
00:02:18.196,18/01/2026,09:03:11,17_T02,39.122772908,10.183898799,0.2,1719.33,87.72,336.726,0.8,38.53,13.43,1718.27,4336999.88,1781642.65
00:02:19.188,18/01/2026,09:03:12,17_T02,39.122773916,10.183900715,0.2,1719.34,87.67,336.923,0.8,38.53,13.43,1718.27,4337000.04,1781642.76
00:02:20.192,18/01/2026,09:03:13,17_T02,39.122774006,10.183901662,0.2,1719.36,87.61,337.002,0.8,38.53,13.43,1718.30,4337000.13,1781642.77
00:02:21.184,18/01/2026,09:03:14,17_T02,39.122774084,10.183902642,0.2,1719.38,87.55,337.084,0.8,38.53,13.43,1718.30,4337000.21,1781642.78
00:02:22.192,18/01/2026,09:03:15,17_T02,39.122774151,10.183903527,0.2,1719.39,87.50,337.157,0.8,38.53,13.43,1718.34,4337000.29,1781642.79
00:02:23.194,18/01/2026,09:03:16,17_T02,39.122774203,10.183904429,0.2,1719.39,87.47,337.231,0.8,38.53,13.43,1718.34,4337000.37,1781642.79
00:02:24.185,18/01/2026,09:03:17,17_T02,39.122775080,10.183906529,0.2,1719.40,87.46,337.437,0.8,38.53,13.43,1718.35,4337000.55,1781642.89
00:02:25.195,18/01/2026,09:03:18,17_T02,39.122775837,10.183908546,0.2,1719.43,87.48,337.632,0.9,38.53,13.43,1718.35,4337000.73,1781642.97
00:02:26.187,18/01/2026,09:03:19,17_T02,39.122775904,10.183909610,0.2,1719.46,87.50,337.719,0.8,38.53,13.43,1718.39,4337000.82,1781642.98
00:02:27.197,18/01/2026,09:03:20,17_T02,39.122775926,10.183910605,0.2,1719.48,87.54,337.799,0.8,38.53,13.43,1718.39,4337000.90,1781642.98
00:02:28.193,18/01/2026,09:03:21,17_T02,39.122775932,10.183911459,0.2,1719.49,87.60,337.867,0.8,38.53,13.43,1718.45,4337000.98,1781642.99
00:02:29.187,18/01/2026,09:03:22,17_T02,39.122777450,10.183912581,0.2,1719.50,87.64,338.025,0.8,38.53,13.43,1718.45,4337001.08,1781643.15
00:02:30.198,18/01/2026,09:03:23,17_T02,39.122778847,10.183913732,0.2,1719.51,87.69,338.179,0.8,38.53,13.43,1718.45,4337001.18,1781643.31
00:02:31.203,18/01/2026,09:03:24,17_T02,39.122778916,10.183914766,0.2,1719.52,87.76,338.264,0.8,38.53,13.43,1718.45,4337001.27,1781643.32
00:02:32.188,18/01/2026,09:03:25,17_T02,39.122779014,10.183915833,0.2,1719.54,87.81,338.354,0.8,38.53,13.43,1718.48,4337001.36,1781643.33
00:02:33.197,18/01/2026,09:03:26,17_T02,39.122779139,10.183916979,0.2,1719.57,87.79,338.450,0.8,38.53,13.43,1718.48,4337001.46,1781643.34
00:02:34.193,18/01/2026,09:03:27,17_T02,39.122779292,10.183917931,0.2,1719.60,87.70,338.533,0.8,38.53,13.43,1718.54,4337001.54,1781643.36
00:02:35.192,18/01/2026,09:03:28,17_T02,39.122779638,10.183919558,0.2,1719.62,87.59,338.677,0.8,38.53,13.43,1718.54,4337001.68,1781643.40
00:02:36.186,18/01/2026,09:03:29,17_T02,39.122779787,10.183920826,0.2,1719.62,87.55,338.785,0.8,38.53,13.43,1718.57,4337001.79,1781643.41
00:02:37.196,18/01/2026,09:03:30,17_T02,39.122779756,10.183921461,0.2,1719.60,87.54,338.834,0.8,38.53,13.43,1718.57,4337001.85,1781643.41
00:02:38.192,18/01/2026,09:03:31,17_T02,39.122779892,10.183922304,0.2,1719.61,87.51,338.907,0.8,38.53,13.43,1718.54,4337001.92,1781643.42
00:02:39.188,18/01/2026,09:03:32,17_T02,39.122780049,10.183923445,0.2,1719.64,87.50,339.005,0.8,38.53,13.43,1718.54,4337002.02,1781643.44
00:02:40.200,18/01/2026,09:03:33,17_T02,39.122779439,10.183923794,0.2,1719.67,87.55,338.999,0.8,38.53,13.43,1718.54,4337002.05,1781643.38
00:02:41.194,18/01/2026,09:03:34,17_T02,39.122778784,10.183924152,0.2,1719.70,87.60,339.004,0.8,38.53,13.43,1718.61,4337002.08,1781643.30
00:02:42.192,18/01/2026,09:03:35,17_T02,39.122778805,10.183925075,0.1,1719.71,87.64,339.078,0.8,38.53,13.43,1718.61,4337002.16,1781643.31
00:02:43.185,18/01/2026,09:03:36,17_T02,39.122778904,10.183925865,0.1,1719.71,87.64,339.145,0.8,38.53,13.43,1718.66,4337002.23,1781643.32
00:02:44.198,18/01/2026,09:03:37,17_T02,39.122779039,10.183926797,0.2,1719.72,87.61,339.225,0.8,38.53,13.43,1718.66,4337002.31,1781643.33
00:02:45.195,18/01/2026,09:03:38,17_T02,39.122779118,10.183927781,0.2,1719.74,87.62,339.307,0.8,38.53,13.43,1718.66,4337002.40,1781643.34
00:02:46.194,18/01/2026,09:03:39,17_T02,39.122779537,10.183930413,0.2,1719.78,87.64,339.535,0.8,38.53,13.43,1718.66,4337002.63,1781643.39
00:02:47.189,18/01/2026,09:03:40,17_T02,39.122779984,10.183933059,0.2,1719.80,87.64,339.765,0.8,38.53,13.43,1718.72,4337002.86,1781643.44
00:02:48.200,18/01/2026,09:03:41,17_T02,39.122780093,10.183934156,0.2,1719.81,87.65,339.857,0.8,38.53,13.43,1718.72,4337002.95,1781643.45
00:02:49.196,18/01/2026,09:03:42,17_T02,39.122780151,10.183935127,0.2,1719.80,87.69,339.937,0.8,38.53,13.43,1718.77,4337003.04,1781643.46
00:02:50.189,18/01/2026,09:03:43,17_T02,39.122780170,10.183936081,0.2,1719.79,87.73,340.014,0.8,38.53,13.43,1718.77,4337003.12,1781643.46
00:02:51.197,18/01/2026,09:03:44,17_T02,39.122779537,10.183936066,0.2,1719.77,87.78,339.984,0.9,38.53,13.43,1718.74,4337003.12,1781643.39
00:02:52.191,18/01/2026,09:03:45,17_T02,39.122778932,10.183936217,0.2,1719.75,87.81,339.969,0.9,38.53,13.43,1718.74,4337003.13,1781643.32
00:02:53.194,18/01/2026,09:03:46,17_T02,39.122778999,10.183937333,0.2,1719.73,87.83,340.060,1.0,38.53,13.43,1718.70,4337003.23,1781643.33
00:02:54.190,18/01/2026,09:03:47,17_T02,39.122779104,10.183938533,0.2,1719.70,87.85,340.160,1.0,38.53,13.43,1718.70,4337003.33,1781643.34
00:02:55.196,18/01/2026,09:03:48,17_T02,39.122779180,10.183939727,0.2,1719.68,87.83,340.259,1.1,38.53,13.43,1718.66,4337003.44,1781643.35
00:02:56.186,18/01/2026,09:03:49,17_T02,39.122779269,10.183940813,0.2,1719.66,87.78,340.349,1.1,38.53,13.43,1718.66,4337003.53,1781643.36
00:02:57.195,18/01/2026,09:03:50,17_T02,39.122779363,10.183941962,0.2,1719.62,87.74,340.444,1.1,38.53,13.43,1718.62,4337003.63,1781643.37
00:02:58.186,18/01/2026,09:03:51,17_T02,39.122779379,10.183942997,0.2,1719.56,87.74,340.527,1.2,38.53,13.43,1718.62,4337003.72,1781643.37
00:02:59.192,18/01/2026,09:03:52,17_T02,39.122779400,10.183943847,0.2,1719.49,87.76,340.596,1.3,38.53,13.43,1718.51,4337003.80,1781643.38
00:03:00.187,18/01/2026,09:03:53,17_T02,39.122779505,10.183945061,0.2,1719.43,87.77,340.697,1.4,38.53,13.43,1718.51,4337003.90,1781643.39
00:03:01.196,18/01/2026,09:03:54,17_T02,39.122779638,10.183946316,0.2,1719.40,87.75,340.802,1.4,38.53,13.43,1718.38,4337004.01,1781643.40
00:03:02.193,18/01/2026,09:03:55,17_T02,39.122780940,10.183948718,0.2,1719.40,87.64,341.052,1.4,38.53,13.43,1718.38,4337004.22,1781643.55
00:03:03.192,18/01/2026,09:03:56,17_T02,39.122782092,10.183950497,0.2,1719.43,87.35,341.245,1.4,38.53,13.43,1718.36,4337004.37,1781643.67
00:03:04.189,18/01/2026,09:03:57,17_T02,39.122781893,10.183950915,0.2,1719.38,87.32,341.269,1.5,38.53,13.43,1718.36,4337004.41,1781643.65
00:03:05.186,18/01/2026,09:03:58,17_T02,39.122781666,10.183951177,0.2,1719.28,87.39,341.280,1.6,38.53,13.43,1718.33,4337004.43,1781643.63
00:03:06.186,18/01/2026,09:03:59,17_T02,39.122781620,10.183951589,0.2,1719.18,87.48,341.311,1.7,38.53,13.43,1718.33,4337004.47,1781643.62
00:03:07.185,18/01/2026,09:04:00,17_T02,39.122782871,10.183953088,0.2,1719.13,87.57,341.486,1.7,38.53,13.43,1718.12,4337004.60,1781643.76
00:03:08.184,18/01/2026,09:04:01,17_T02,39.122783783,10.183954732,0.2,1719.12,87.67,341.658,1.8,38.53,13.43,1718.12,4337004.74,1781643.86
00:03:09.195,18/01/2026,09:04:02,17_T02,39.122783762,10.183955942,0.2,1719.12,87.64,341.753,1.8,38.53,13.43,1718.09,4337004.85,1781643.86
00:03:10.193,18/01/2026,09:04:03,17_T02,39.122783731,10.183956719,0.2,1719.08,87.53,341.813,1.8,38.53,13.43,1718.09,4337004.91,1781643.86
00:03:11.189,18/01/2026,09:04:04,17_T02,39.122783677,10.183957133,0.1,1719.01,87.39,341.844,1.9,38.53,13.43,1718.02,4337004.95,1781643.85
00:03:12.184,18/01/2026,09:04:05,17_T02,39.122783653,10.183957499,0.1,1718.93,87.33,341.872,2.0,38.53,13.43,1718.02,4337004.98,1781643.85
00:03:13.198,18/01/2026,09:04:06,17_T02,39.122784110,10.183958264,0.2,1718.89,87.21,341.953,2.0,38.53,13.43,1717.86,4337005.05,1781643.90
00:03:14.190,18/01/2026,09:04:07,17_T02,39.122784575,10.183959094,0.2,1718.96,86.84,342.040,2.0,38.53,13.43,1717.86,4337005.12,1781643.95
00:03:15.185,18/01/2026,09:04:08,17_T02,39.122784793,10.183959950,0.1,1719.08,86.46,342.118,1.9,38.52,13.44,1717.95,4337005.20,1781643.97
00:03:16.196,18/01/2026,09:04:09,17_T02,39.122784959,10.183960714,0.1,1719.21,86.28,342.186,1.8,38.52,13.44,1717.95,4337005.26,1781643.99
00:03:17.189,18/01/2026,09:04:10,17_T02,39.122785022,10.183961269,0.1,1719.34,86.22,342.233,1.7,38.53,13.42,1718.20,4337005.31,1781644.00
00:03:18.187,18/01/2026,09:04:11,17_T02,39.122783381,10.183961827,0.1,1719.42,86.45,342.203,1.6,38.53,13.42,1718.20,4337005.36,1781643.82
00:03:19.187,18/01/2026,09:04:12,17_T02,39.122782009,10.183962281,0.1,1719.47,86.87,342.177,1.6,38.53,13.42,1718.39,4337005.40,1781643.67
00:03:20.188,18/01/2026,09:04:13,17_T02,39.122781775,10.183962760,0.1,1719.51,87.31,342.205,1.5,38.53,13.42,1718.39,4337005.44,1781643.64
00:03:21.185,18/01/2026,09:04:14,17_T02,39.122781565,10.183963383,0.1,1719.55,87.76,342.245,1.5,38.53,13.42,1718.48,4337005.49,1781643.62
00:03:22.198,18/01/2026,09:04:15,17_T02,39.122781434,10.183964149,0.1,1719.60,88.06,342.300,1.4,38.53,13.42,1718.48,4337005.56,1781643.60
00:03:23.188,18/01/2026,09:04:16,17_T02,39.122781394,10.183964909,0.1,1719.64,88.19,342.358,1.4,38.53,13.42,1718.58,4337005.63,1781643.60
00:03:24.199,18/01/2026,09:04:17,17_T02,39.122781204,10.183966333,0.1,1719.67,88.14,342.463,1.3,38.53,13.42,1718.58,4337005.75,1781643.58
00:03:25.194,18/01/2026,09:04:18,17_T02,39.122781111,10.183967404,0.2,1719.68,87.97,342.544,1.3,38.53,13.42,1718.63,4337005.84,1781643.57
00:03:26.184,18/01/2026,09:04:19,17_T02,39.122781179,10.183967915,0.2,1719.67,87.73,342.587,1.3,38.53,13.42,1718.63,4337005.89,1781643.58
00:03:27.187,18/01/2026,09:04:20,17_T02,39.122781267,10.183968562,0.1,1719.65,87.49,342.643,1.4,38.53,13.42,1718.63,4337005.95,1781643.59
00:03:28.194,18/01/2026,09:04:21,17_T02,39.122781406,10.183969375,0.1,1719.65,87.29,342.713,1.4,38.53,13.42,1718.63,4337006.02,1781643.60
00:03:29.187,18/01/2026,09:04:22,17_T02,39.122781508,10.183970442,0.1,1719.67,87.21,342.803,1.3,38.53,13.42,1718.62,4337006.11,1781643.61
00:03:30.191,18/01/2026,09:04:23,17_T02,39.122781519,10.183971439,0.1,1719.68,87.30,342.882,1.4,38.53,13.42,1718.62,4337006.20,1781643.61
00:03:31.197,18/01/2026,09:04:24,17_T02,39.122781521,10.183972397,0.1,1719.69,87.42,342.958,1.4,38.53,13.42,1718.66,4337006.28,1781643.62
00:03:32.195,18/01/2026,09:04:25,17_T02,39.122781519,10.183973254,0.1,1719.67,87.58,343.026,1.4,38.53,13.42,1718.66,4337006.35,1781643.62
00:03:33.189,18/01/2026,09:04:26,17_T02,39.122781507,10.183974082,0.1,1719.65,87.71,343.092,1.4,38.53,13.43,1718.61,4337006.43,1781643.61
00:03:34.196,18/01/2026,09:04:27,17_T02,39.122781558,10.183974981,0.2,1719.63,87.79,343.165,1.4,38.53,13.43,1718.61,4337006.50,1781643.62
00:03:35.190,18/01/2026,09:04:28,17_T02,39.122781206,10.183975932,0.2,1719.63,87.75,343.225,1.4,38.53,13.43,1718.58,4337006.59,1781643.58
00:03:36.185,18/01/2026,09:04:29,17_T02,39.122780983,10.183976963,0.2,1719.64,87.61,343.297,1.5,38.53,13.43,1718.58,4337006.68,1781643.56
00:03:37.196,18/01/2026,09:04:30,17_T02,39.122781134,10.183978114,0.2,1719.66,87.47,343.395,1.4,38.53,13.43,1718.58,4337006.78,1781643.57
00:03:38.188,18/01/2026,09:04:31,17_T02,39.122781244,10.183979013,0.2,1719.66,87.35,343.471,1.4,38.53,13.42,1718.60,4337006.85,1781643.59
00:03:39.187,18/01/2026,09:04:32,17_T02,39.122781306,10.183979840,0.2,1719.63,87.36,343.540,1.4,38.53,13.42,1718.60,4337006.93,1781643.59
00:03:40.196,18/01/2026,09:04:33,17_T02,39.122780090,10.183980629,0.2,1719.59,87.43,343.548,1.4,38.53,13.43,1718.59,4337007.00,1781643.46
00:03:41.195,18/01/2026,09:04:34,17_T02,39.122779182,10.183981580,0.2,1719.56,87.53,343.582,1.5,38.53,13.43,1718.59,4337007.08,1781643.36
00:03:42.191,18/01/2026,09:04:35,17_T02,39.122779248,10.183982664,0.2,1719.54,87.63,343.671,1.5,38.53,13.42,1718.52,4337007.17,1781643.37
00:03:43.187,18/01/2026,09:04:36,17_T02,39.122779324,10.183983842,0.2,1719.52,87.70,343.768,1.5,38.53,13.42,1718.52,4337007.28,1781643.38
00:03:44.196,18/01/2026,09:04:37,17_T02,39.122779379,10.183984924,0.2,1719.49,87.74,343.857,1.5,38.53,13.42,1718.49,4337007.37,1781643.38
00:03:45.190,18/01/2026,09:04:38,17_T02,39.122778851,10.183984445,0.2,1719.44,87.73,343.795,1.6,38.53,13.42,1718.49,4337007.33,1781643.32
00:03:46.190,18/01/2026,09:04:39,17_T02,39.122778450,10.183984248,0.2,1719.39,87.71,343.761,1.6,38.53,13.43,1718.41,4337007.31,1781643.28
00:03:47.199,18/01/2026,09:04:40,17_T02,39.122778579,10.183985299,0.2,1719.34,87.67,343.850,1.6,38.53,13.43,1718.41,4337007.40,1781643.29
00:03:48.194,18/01/2026,09:04:41,17_T02,39.122778716,10.183986464,0.2,1719.29,87.62,343.949,1.7,38.53,13.43,1718.30,4337007.50,1781643.31
00:03:49.190,18/01/2026,09:04:42,17_T02,39.122778847,10.183987596,0.2,1719.25,87.55,344.045,1.7,38.53,13.43,1718.30,4337007.60,1781643.32
00:03:50.192,18/01/2026,09:04:43,17_T02,39.122779033,10.183988727,0.2,1719.21,87.46,344.143,1.8,38.53,13.43,1718.20,4337007.70,1781643.34
00:03:51.185,18/01/2026,09:04:44,17_T02,39.122779617,10.183989442,0.2,1719.16,87.41,344.226,1.8,38.53,13.43,1718.20,4337007.76,1781643.41
00:03:52.196,18/01/2026,09:04:45,17_T02,39.122780068,10.183990275,0.2,1719.11,87.43,344.313,1.9,38.53,13.43,1718.13,4337007.83,1781643.46
00:03:53.189,18/01/2026,09:04:46,17_T02,39.122780108,10.183991362,0.2,1719.05,87.49,344.401,1.9,38.53,13.43,1718.13,4337007.93,1781643.46
00:03:54.190,18/01/2026,09:04:47,17_T02,39.122780226,10.183992395,0.2,1719.02,87.47,344.488,1.9,38.53,13.43,1718.02,4337008.02,1781643.48
00:03:55.186,18/01/2026,09:04:48,17_T02,39.122780432,10.183993525,0.2,1719.02,87.41,344.587,1.9,38.53,13.43,1718.02,4337008.12,1781643.50
00:03:56.194,18/01/2026,09:04:49,17_T02,39.122781818,10.183995173,0.2,1719.04,87.21,344.781,1.9,38.53,13.43,1717.95,4337008.26,1781643.65
00:03:57.186,18/01/2026,09:04:50,17_T02,39.122783137,10.183996719,0.2,1719.11,86.93,344.963,1.8,38.53,13.43,1717.95,4337008.39,1781643.80
00:03:58.196,18/01/2026,09:04:51,17_T02,39.122783396,10.183997628,0.2,1719.20,86.65,345.047,1.7,38.53,13.43,1718.06,4337008.47,1781643.83
00:03:59.190,18/01/2026,09:04:52,17_T02,39.122783547,10.183998492,0.2,1719.28,86.61,345.122,1.4,38.53,13.43,1718.06,4337008.55,1781643.84
00:04:00.194,18/01/2026,09:04:53,17_T02,39.122783537,10.183999364,0.2,1719.34,86.88,345.191,1.7,38.53,13.42,1718.23,4337008.62,1781643.84
00:04:01.197,18/01/2026,09:04:54,17_T02,39.122783517,10.184000207,0.2,1719.39,87.21,345.257,1.6,38.53,13.42,1718.23,4337008.70,1781643.84
00:04:02.189,18/01/2026,09:04:55,17_T02,39.122783343,10.184000946,0.2,1719.45,87.57,345.308,1.5,38.53,13.42,1718.35,4337008.76,1781643.82
00:04:03.193,18/01/2026,09:04:56,17_T02,39.122783223,10.184001660,0.1,1719.51,87.87,345.359,1.4,38.53,13.42,1718.35,4337008.82,1781643.81
00:04:04.186,18/01/2026,09:04:57,17_T02,39.122783230,10.184002312,0.1,1719.58,87.97,345.411,1.4,38.53,13.42,1718.48,4337008.88,1781643.81
00:04:05.195,18/01/2026,09:04:58,17_T02,39.122783266,10.184002917,0.1,1719.65,87.97,345.461,1.2,38.53,13.42,1718.48,4337008.93,1781643.81
00:04:06.185,18/01/2026,09:04:59,17_T02,39.122783413,10.184003501,0.1,1719.71,87.87,345.514,1.1,38.53,13.42,1718.60,4337008.98,1781643.83
00:04:07.194,18/01/2026,09:05:00,17_T02,39.122784903,10.184003047,0.1,1719.80,87.65,345.545,1.0,38.53,13.42,1718.60,4337008.94,1781643.99
00:04:08.188,18/01/2026,09:05:01,17_T02,39.122786367,10.184002862,0.1,1719.90,87.45,345.596,1.0,38.53,13.42,1718.78,4337008.93,1781644.16
00:04:09.186,18/01/2026,09:05:02,17_T02,39.122786523,10.184003619,0.1,1720.00,87.31,345.663,1.0,38.53,13.42,1718.78,4337008.99,1781644.17
00:04:10.193,18/01/2026,09:05:03,17_T02,39.122786629,10.184004174,0.1,1720.10,87.23,345.712,1.0,38.53,13.42,1719.00,4337009.04,1781644.19
00:04:11.191,18/01/2026,09:05:04,17_T02,39.122786670,10.184004534,0.1,1720.19,87.17,345.743,0.9,38.53,13.42,1719.00,4337009.07,1781644.19
00:04:12.188,18/01/2026,09:05:05,17_T02,39.122786739,10.184004823,0.1,1720.28,87.12,345.769,0.8,38.53,13.42,1719.17,4337009.10,1781644.20
00:04:13.198,18/01/2026,09:05:06,17_T02,39.122785571,10.184004705,0.1,1720.38,87.15,345.707,0.7,38.53,13.42,1719.17,4337009.09,1781644.07
00:04:14.200,18/01/2026,09:05:07,17_T02,39.122784651,10.184004825,0.1,1720.49,87.25,345.675,0.6,38.53,13.42,1719.37,4337009.10,1781643.97
00:04:15.198,18/01/2026,09:05:08,17_T02,39.122784684,10.184005457,0.1,1720.62,87.40,345.727,0.4,38.53,13.42,1719.37,4337009.15,1781643.97
00:04:16.194,18/01/2026,09:05:09,17_T02,39.122784697,10.184005993,0.1,1720.72,87.61,345.770,0.5,38.53,13.42,1719.62,4337009.20,1781643.97
00:04:17.193,18/01/2026,09:05:10,17_T02,39.122784668,10.184006330,0.1,1720.79,87.84,345.795,0.4,38.53,13.42,1719.62,4337009.23,1781643.97
00:04:18.187,18/01/2026,09:05:11,17_T02,39.122783107,10.184006082,0.1,1720.80,87.70,345.705,0.4,38.53,13.42,1719.78,4337009.21,1781643.80
00:04:19.187,18/01/2026,09:05:12,17_T02,39.122781537,10.184006249,0.1,1720.81,87.54,345.647,0.3,38.53,13.42,1719.78,4337009.22,1781643.62
00:04:20.199,18/01/2026,09:05:13,17_T02,39.122781412,10.184007109,0.1,1720.82,87.58,345.710,0.5,38.53,13.42,1719.77,4337009.30,1781643.61
00:04:21.192,18/01/2026,09:05:14,17_T02,39.122781659,10.184007866,0.2,1720.82,87.68,345.781,0.5,38.53,13.42,1719.77,4337009.37,1781643.64
00:04:22.186,18/01/2026,09:05:15,17_T02,39.122782086,10.184008815,0.1,1720.85,87.73,345.876,0.5,38.53,13.42,1719.79,4337009.45,1781643.69
00:04:23.183,18/01/2026,09:05:16,17_T02,39.122781198,10.184008358,0.1,1720.86,87.78,345.800,0.5,38.53,13.42,1719.79,4337009.41,1781643.59
00:04:24.192,18/01/2026,09:05:17,17_T02,39.122780573,10.184007958,0.2,1720.84,87.84,345.740,0.5,38.53,13.42,1719.84,4337009.37,1781643.52
00:04:25.189,18/01/2026,09:05:18,17_T02,39.122780726,10.184008481,0.2,1720.79,87.91,345.788,0.5,38.53,13.42,1719.84,4337009.42,1781643.54
00:04:26.185,18/01/2026,09:05:19,17_T02,39.122780810,10.184009100,0.1,1720.75,87.93,345.841,1.1,38.53,13.42,1719.77,4337009.47,1781643.54
00:04:27.192,18/01/2026,09:05:20,17_T02,39.122780924,10.184009931,0.1,1720.72,87.88,345.912,1.0,38.53,13.42,1719.77,4337009.54,1781643.56
00:04:28.183,18/01/2026,09:05:21,17_T02,39.122781091,10.184011016,0.1,1720.72,87.74,346.006,1.1,38.53,13.42,1719.69,4337009.64,1781643.58
00:04:29.189,18/01/2026,09:05:22,17_T02,39.122782047,10.184012728,0.1,1720.71,87.64,346.185,1.1,38.53,13.42,1719.69,4337009.79,1781643.68
00:04:30.185,18/01/2026,09:05:23,17_T02,39.122782837,10.184014285,0.2,1720.70,87.59,346.344,1.3,38.53,13.42,1719.70,4337009.92,1781643.77
00:04:31.197,18/01/2026,09:05:24,17_T02,39.122782997,10.184015234,0.2,1720.66,87.55,346.427,1.3,38.53,13.42,1719.70,4337010.01,1781643.79
00:04:32.193,18/01/2026,09:05:25,17_T02,39.122783136,10.184016177,0.2,1720.61,87.57,346.508,1.3,38.53,13.43,1719.62,4337010.09,1781643.80
00:04:33.198,18/01/2026,09:05:26,17_T02,39.122783223,10.184017148,0.2,1720.56,87.64,346.589,1.4,38.53,13.43,1719.62,4337010.17,1781643.81
00:04:34.189,18/01/2026,09:05:27,17_T02,39.122784224,10.184019045,0.2,1720.53,87.57,346.785,1.5,38.53,13.42,1719.51,4337010.34,1781643.92
00:04:35.192,18/01/2026,09:05:28,17_T02,39.122785344,10.184021108,0.2,1720.55,87.43,346.999,1.5,38.53,13.42,1719.51,4337010.52,1781644.05
00:04:36.199,18/01/2026,09:05:29,17_T02,39.122785544,10.184022311,0.2,1720.59,87.37,347.104,1.5,38.53,13.42,1719.51,4337010.62,1781644.07
00:04:37.191,18/01/2026,09:05:30,17_T02,39.122785732,10.184023421,0.2,1720.63,87.34,347.200,1.5,38.53,13.43,1719.55,4337010.72,1781644.09
00:04:38.195,18/01/2026,09:05:31,17_T02,39.122785818,10.184024443,0.2,1720.65,87.43,347.285,1.5,38.53,13.43,1719.55,4337010.81,1781644.10
00:04:39.188,18/01/2026,09:05:32,17_T02,39.122785828,10.184025222,0.2,1720.65,87.52,347.348,1.6,38.53,13.42,1719.62,4337010.87,1781644.10
00:04:40.195,18/01/2026,09:05:33,17_T02,39.122786158,10.184026614,0.2,1720.63,87.63,347.473,1.6,38.53,13.42,1719.62,4337011.00,1781644.14
00:04:41.187,18/01/2026,09:05:34,17_T02,39.122786504,10.184027914,0.2,1720.63,87.61,347.592,1.6,38.53,13.42,1719.61,4337011.11,1781644.18
00:04:42.195,18/01/2026,09:05:35,17_T02,39.122786663,10.184028896,0.2,1720.65,87.54,347.677,1.6,38.53,13.42,1719.61,4337011.19,1781644.19
00:04:43.202,18/01/2026,09:05:36,17_T02,39.122786831,10.184029979,0.2,1720.70,87.46,347.771,1.6,38.53,13.42,1719.63,4337011.29,1781644.21
00:04:44.191,18/01/2026,09:05:37,17_T02,39.122786976,10.184030993,0.2,1720.75,87.40,347.858,1.6,38.53,13.42,1719.63,4337011.38,1781644.23
00:04:45.186,18/01/2026,09:05:38,17_T02,39.122787619,10.184032506,0.2,1720.80,87.36,348.007,1.6,38.53,13.42,1719.72,4337011.51,1781644.30
00:04:46.198,18/01/2026,09:05:39,17_T02,39.122788151,10.184033876,0.2,1720.83,87.39,348.140,1.6,38.53,13.42,1719.72,4337011.63,1781644.36
00:04:47.192,18/01/2026,09:05:40,17_T02,39.122788223,10.184034679,0.2,1720.87,87.43,348.207,1.5,38.53,13.42,1719.81,4337011.70,1781644.37
00:04:48.191,18/01/2026,09:05:41,17_T02,39.122788313,10.184035546,0.2,1720.91,87.49,348.280,1.5,38.53,13.42,1719.81,4337011.77,1781644.38
00:04:49.184,18/01/2026,09:05:42,17_T02,39.122788422,10.184036413,0.2,1720.97,87.52,348.353,1.5,38.53,13.42,1719.88,4337011.85,1781644.39
00:04:50.195,18/01/2026,09:05:43,17_T02,39.122788505,10.184037362,0.2,1721.02,87.59,348.432,1.5,38.53,13.42,1719.88,4337011.93,1781644.40
00:04:51.190,18/01/2026,09:05:44,17_T02,39.122788517,10.184037461,0.2,1721.07,87.64,348.441,1.4,38.53,13.43,1720.01,4337011.94,1781644.40
00:04:52.186,18/01/2026,09:05:45,17_T02,39.122788542,10.184037662,0.2,1721.11,87.65,348.458,1.4,38.53,13.43,1720.01,4337011.96,1781644.40
00:04:53.184,18/01/2026,09:05:46,17_T02,39.122788655,10.184038398,0.1,1721.18,87.61,348.521,1.4,38.53,13.43,1720.09,4337012.02,1781644.42
00:04:54.196,18/01/2026,09:05:47,17_T02,39.122788781,10.184039281,0.1,1721.23,87.60,348.597,1.3,38.53,13.43,1720.09,4337012.10,1781644.43
00:04:55.188,18/01/2026,09:05:48,17_T02,39.122788878,10.184040148,0.1,1721.30,87.61,348.670,1.3,38.53,13.43,1720.21,4337012.17,1781644.44
00:04:56.183,18/01/2026,09:05:49,17_T02,39.122789450,10.184041780,0.1,1721.37,87.62,348.826,1.3,38.53,13.43,1720.21,4337012.31,1781644.50
00:04:57.196,18/01/2026,09:05:50,17_T02,39.122789923,10.184043344,0.1,1721.43,87.68,348.971,1.2,38.53,13.42,1720.33,4337012.45,1781644.56
00:04:58.196,18/01/2026,09:05:51,17_T02,39.122790008,10.184044162,0.1,1721.49,87.73,349.040,1.2,38.53,13.42,1720.33,4337012.52,1781644.57
00:04:59.191,18/01/2026,09:05:52,17_T02,39.122790116,10.184044948,0.1,1721.55,87.73,349.108,1.1,38.53,13.42,1720.47,4337012.59,1781644.58
00:05:00.191,18/01/2026,09:05:53,17_T02,39.122790222,10.184045749,0.1,1721.60,87.73,349.176,1.1,38.53,13.42,1720.47,4337012.66,1781644.59
00:05:01.186,18/01/2026,09:05:54,17_T02,39.122789279,10.184045232,0.2,1721.65,87.69,349.092,1.1,38.53,13.42,1720.60,4337012.61,1781644.49
00:05:02.196,18/01/2026,09:05:55,17_T02,39.122788474,10.184044897,0.2,1721.71,87.63,349.029,1.1,38.53,13.42,1720.60,4337012.59,1781644.40
00:05:03.189,18/01/2026,09:05:56,17_T02,39.122788583,10.184045772,0.1,1721.79,87.59,349.104,1.1,38.53,13.42,1720.69,4337012.66,1781644.41
00:05:04.184,18/01/2026,09:05:57,17_T02,39.122788636,10.184046527,0.1,1721.85,87.64,349.166,1.0,38.53,13.42,1720.69,4337012.73,1781644.42
00:05:05.193,18/01/2026,09:05:58,17_T02,39.122788575,10.184047040,0.1,1721.88,87.70,349.204,1.0,38.53,13.42,1720.84,4337012.77,1781644.41
00:05:06.196,18/01/2026,09:05:59,17_T02,39.122788512,10.184047449,0.1,1721.87,87.77,349.234,1.0,38.53,13.42,1720.84,4337012.81,1781644.40
00:05:07.189,18/01/2026,09:06:00,17_T02,39.122787594,10.184047025,0.1,1721.87,87.76,349.159,1.0,38.53,13.42,1720.84,4337012.77,1781644.30
00:05:08.196,18/01/2026,09:06:01,17_T02,39.122787038,10.184047160,0.1,1721.90,87.68,349.144,1.0,38.53,13.42,1720.84,4337012.78,1781644.24
00:05:09.184,18/01/2026,09:06:02,17_T02,39.122787207,10.184048214,0.1,1721.94,87.61,349.236,1.0,38.53,13.42,1720.88,4337012.87,1781644.26
00:05:10.189,18/01/2026,09:06:03,17_T02,39.122787299,10.184049210,0.1,1721.99,87.52,349.319,1.0,38.53,13.42,1720.88,4337012.96,1781644.27
00:05:11.193,18/01/2026,09:06:04,17_T02,39.122787363,10.184050067,0.1,1722.03,87.41,349.390,1.0,38.53,13.42,1720.97,4337013.04,1781644.28
00:05:12.185,18/01/2026,09:06:05,17_T02,39.122788116,10.184050957,0.1,1722.04,87.38,349.495,1.0,38.53,13.42,1720.97,4337013.11,1781644.36
00:05:13.193,18/01/2026,09:06:06,17_T02,39.122788851,10.184051841,0.2,1722.05,87.38,349.598,1.0,38.53,13.42,1721.01,4337013.19,1781644.44
00:05:14.189,18/01/2026,09:06:07,17_T02,39.122788974,10.184052637,0.1,1722.08,87.43,349.667,1.0,38.53,13.42,1721.01,4337013.26,1781644.45
00:05:15.197,18/01/2026,09:06:08,17_T02,39.122789099,10.184053729,0.2,1722.15,87.46,349.759,1.0,38.53,13.42,1721.08,4337013.35,1781644.47
00:05:16.189,18/01/2026,09:06:09,17_T02,39.122789165,10.184054726,0.2,1722.23,87.55,349.841,0.9,38.53,13.42,1721.08,4337013.44,1781644.48
00:05:17.195,18/01/2026,09:06:10,17_T02,39.122789142,10.184055485,0.2,1722.30,87.64,349.900,0.9,38.53,13.42,1721.25,4337013.51,1781644.47
00:05:18.184,18/01/2026,09:06:11,17_T02,39.122789668,10.184057329,0.2,1722.32,87.79,350.071,0.9,38.53,13.42,1721.25,4337013.67,1781644.53
00:05:19.193,18/01/2026,09:06:12,17_T02,39.122790182,10.184058867,0.2,1722.32,87.83,350.216,0.9,38.53,13.42,1721.29,4337013.80,1781644.59
00:05:20.184,18/01/2026,09:06:13,17_T02,39.122790315,10.184059453,0.2,1722.34,87.76,350.268,0.9,38.53,13.42,1721.29,4337013.85,1781644.60
00:05:21.197,18/01/2026,09:06:14,17_T02,39.122790506,10.184060411,0.2,1722.39,87.65,350.353,0.9,38.53,13.42,1721.33,4337013.93,1781644.63
00:05:22.188,18/01/2026,09:06:15,17_T02,39.122790654,10.184061561,0.2,1722.46,87.56,350.451,0.9,38.53,13.42,1721.33,4337014.03,1781644.64
00:05:23.187,18/01/2026,09:06:16,17_T02,39.122790967,10.184063798,0.2,1722.53,87.48,350.643,0.8,38.53,13.42,1721.46,4337014.23,1781644.68
00:05:24.197,18/01/2026,09:06:17,17_T02,39.122791256,10.184065631,0.2,1722.57,87.42,350.801,0.8,38.53,13.42,1721.46,4337014.39,1781644.71
00:05:25.196,18/01/2026,09:06:18,17_T02,39.122791426,10.184066243,0.2,1722.62,87.32,350.858,0.8,38.53,13.42,1721.57,4337014.44,1781644.73
00:05:26.195,18/01/2026,09:06:19,17_T02,39.122791599,10.184066905,0.2,1722.67,87.24,350.918,0.7,38.53,13.42,1721.57,4337014.50,1781644.75
00:05:27.188,18/01/2026,09:06:20,17_T02,39.122791783,10.184067720,0.2,1722.75,87.20,350.991,0.7,38.53,13.42,1721.68,4337014.57,1781644.77
00:05:28.187,18/01/2026,09:06:21,17_T02,39.122791892,10.184068759,0.2,1722.83,87.29,351.079,0.6,38.53,13.42,1721.68,4337014.66,1781644.78
00:05:29.196,18/01/2026,09:06:22,17_T02,39.122791289,10.184069157,0.2,1722.93,87.33,351.083,0.6,38.53,13.42,1721.84,4337014.70,1781644.71
00:05:30.196,18/01/2026,09:06:23,17_T02,39.122790917,10.184069540,0.2,1723.04,87.32,351.097,0.5,38.53,13.42,1721.84,4337014.73,1781644.67
00:05:31.189,18/01/2026,09:06:24,17_T02,39.122791085,10.184070357,0.1,1723.11,87.39,351.169,0.4,38.53,13.42,1722.04,4337014.80,1781644.69
00:05:32.188,18/01/2026,09:06:25,17_T02,39.122791210,10.184071193,0.1,1723.16,87.54,351.241,0.4,38.53,13.42,1722.04,4337014.87,1781644.71
00:05:33.198,18/01/2026,09:06:26,17_T02,39.122791298,10.184072047,0.1,1723.20,87.70,351.313,0.3,38.53,13.42,1722.18,4337014.95,1781644.71
00:05:34.195,18/01/2026,09:06:27,17_T02,39.122791392,10.184072398,0.1,1723.22,87.61,351.345,0.3,38.53,13.42,1722.18,4337014.98,1781644.73
00:05:35.191,18/01/2026,09:06:28,17_T02,39.122791509,10.184072962,0.1,1723.24,87.43,351.395,0.3,38.53,13.42,1722.18,4337015.03,1781644.74
00:05:36.185,18/01/2026,09:06:29,17_T02,39.122791653,10.184074125,0.1,1723.26,87.28,351.494,0.3,38.53,13.42,1722.21,4337015.13,1781644.75
00:05:37.197,18/01/2026,09:06:30,17_T02,39.122791776,10.184075363,0.1,1723.28,87.21,351.598,0.4,38.53,13.42,1722.21,4337015.24,1781644.77
00:05:38.188,18/01/2026,09:06:31,17_T02,39.122791886,10.184076378,0.2,1723.28,87.24,351.683,0.4,38.53,13.42,1722.24,4337015.32,1781644.78
00:05:39.207,18/01/2026,09:06:32,17_T02,39.122791933,10.184077322,0.2,1723.26,87.37,351.760,0.4,38.53,13.42,1722.24,4337015.41,1781644.79
00:05:40.187,18/01/2026,09:06:33,17_T02,39.122791932,10.184078213,0.2,1723.24,87.54,351.831,0.4,38.53,13.42,1722.24,4337015.48,1781644.79
00:05:41.183,18/01/2026,09:06:34,17_T02,39.122791885,10.184079132,0.2,1723.22,87.69,351.902,0.5,38.53,13.42,1722.24,4337015.56,1781644.78
00:05:42.185,18/01/2026,09:06:35,17_T02,39.122791984,10.184080182,0.2,1723.21,87.78,351.990,0.5,38.53,13.42,1722.21,4337015.65,1781644.79
00:05:43.189,18/01/2026,09:06:36,17_T02,39.122792262,10.184081244,0.2,1723.20,87.84,352.087,0.6,38.53,13.42,1722.21,4337015.75,1781644.82
00:05:44.195,18/01/2026,09:06:37,17_T02,39.122792520,10.184082225,0.2,1723.17,87.82,352.176,0.6,38.53,13.42,1722.18,4337015.83,1781644.85
00:05:45.187,18/01/2026,09:06:38,17_T02,39.122794078,10.184083311,0.2,1723.14,87.76,352.333,0.7,38.53,13.42,1722.18,4337015.93,1781645.02
00:05:46.192,18/01/2026,09:06:39,17_T02,39.122795477,10.184084398,0.2,1723.10,87.67,352.482,0.8,38.53,13.43,1722.12,4337016.02,1781645.18
00:05:47.198,18/01/2026,09:06:40,17_T02,39.122795762,10.184085327,0.2,1723.10,87.46,352.569,0.8,38.53,13.43,1722.12,4337016.10,1781645.21
00:05:48.190,18/01/2026,09:06:41,17_T02,39.122796062,10.184086356,0.2,1723.13,87.25,352.664,0.8,38.53,13.43,1722.09,4337016.19,1781645.24
00:05:49.194,18/01/2026,09:06:42,17_T02,39.122796360,10.184087574,0.2,1723.15,87.19,352.774,0.8,38.53,13.43,1722.09,4337016.30,1781645.28
00:05:50.187,18/01/2026,09:06:43,17_T02,39.122795830,10.184087632,0.2,1723.18,87.19,352.755,0.8,38.53,13.42,1722.14,4337016.30,1781645.22
00:05:51.184,18/01/2026,09:06:44,17_T02,39.122795306,10.184087799,0.2,1723.18,87.29,352.744,0.8,38.53,13.42,1722.14,4337016.32,1781645.16
00:05:52.195,18/01/2026,09:06:45,17_T02,39.122795402,10.184088759,0.2,1723.18,87.46,352.825,0.9,38.53,13.42,1722.17,4337016.40,1781645.17
00:05:53.186,18/01/2026,09:06:46,17_T02,39.122795526,10.184089681,0.2,1723.16,87.64,352.904,0.9,38.53,13.42,1722.17,4337016.48,1781645.19
00:05:54.191,18/01/2026,09:06:47,17_T02,39.122795711,10.184090816,0.2,1723.16,87.77,353.002,0.9,38.53,13.42,1722.15,4337016.58,1781645.21
00:05:55.189,18/01/2026,09:06:48,17_T02,39.122795870,10.184091965,0.2,1723.15,87.82,353.101,0.9,38.53,13.42,1722.15,4337016.68,1781645.22
00:05:56.199,18/01/2026,09:06:49,17_T02,39.122794421,10.184093029,0.2,1723.14,87.82,353.120,1.0,38.53,13.42,1722.11,4337016.77,1781645.06
00:05:57.195,18/01/2026,09:06:50,17_T02,39.122793323,10.184093931,0.2,1723.16,87.60,353.142,1.0,38.53,13.42,1722.11,4337016.85,1781644.94
00:05:58.193,18/01/2026,09:06:51,17_T02,39.122793627,10.184094912,0.2,1723.16,87.41,353.234,1.0,38.53,13.42,1722.14,4337016.94,1781644.98
00:05:59.187,18/01/2026,09:06:52,17_T02,39.122793924,10.184096057,0.2,1723.17,87.28,353.338,1.0,38.53,13.42,1722.14,4337017.03,1781645.01
00:06:00.193,18/01/2026,09:06:53,17_T02,39.122794108,10.184097237,0.2,1723.16,87.26,353.440,1.1,38.53,13.43,1722.16,4337017.14,1781645.03
00:06:01.193,18/01/2026,09:06:54,17_T02,39.122795345,10.184098856,0.2,1723.15,87.35,353.624,1.1,38.53,13.43,1722.16,4337017.28,1781645.17
00:06:02.185,18/01/2026,09:06:55,17_T02,39.122796366,10.184100278,0.2,1723.13,87.44,353.783,1.1,38.53,13.42,1722.13,4337017.40,1781645.28
00:06:03.183,18/01/2026,09:06:56,17_T02,39.122796576,10.184101192,0.2,1723.17,87.34,353.865,1.1,38.53,13.42,1722.13,4337017.48,1781645.30
00:06:04.197,18/01/2026,09:06:57,17_T02,39.122796875,10.184102119,0.2,1723.23,87.11,353.952,1.1,38.53,13.42,1722.17,4337017.56,1781645.34
00:06:05.197,18/01/2026,09:06:58,17_T02,39.122797181,10.184103083,0.2,1723.32,86.88,354.043,1.0,38.53,13.42,1722.17,4337017.65,1781645.37
00:06:06.193,18/01/2026,09:06:59,17_T02,39.122797384,10.184104048,0.2,1723.41,86.86,354.129,0.9,38.53,13.42,1722.33,4337017.73,1781645.39
00:06:07.191,18/01/2026,09:07:00,17_T02,39.122799148,10.184104823,0.2,1723.47,87.06,354.270,0.9,38.53,13.42,1722.33,4337017.80,1781645.59
00:06:08.187,18/01/2026,09:07:01,17_T02,39.122800659,10.184105477,0.2,1723.51,87.37,354.390,0.9,38.53,13.42,1722.45,4337017.85,1781645.75
00:06:09.196,18/01/2026,09:07:02,17_T02,39.122800654,10.184106293,0.2,1723.52,87.69,354.454,0.8,38.53,13.42,1722.45,4337017.92,1781645.75
00:06:10.188,18/01/2026,09:07:03,17_T02,39.122800704,10.184107134,0.2,1723.52,87.92,354.523,0.9,38.53,13.42,1722.51,4337018.00,1781645.76
00:06:11.195,18/01/2026,09:07:04,17_T02,39.122800802,10.184108102,0.2,1723.53,88.06,354.605,0.8,38.53,13.42,1722.51,4337018.08,1781645.77
00:06:12.189,18/01/2026,09:07:05,17_T02,39.122800954,10.184109050,0.2,1723.55,88.05,354.687,0.8,38.53,13.42,1722.52,4337018.16,1781645.79
00:06:13.196,18/01/2026,09:07:06,17_T02,39.122801187,10.184110162,0.2,1723.55,87.91,354.786,0.9,38.53,13.42,1722.52,4337018.26,1781645.81
00:06:14.190,18/01/2026,09:07:07,17_T02,39.122801433,10.184111175,0.2,1723.55,87.71,354.877,0.9,38.53,13.42,1722.53,4337018.35,1781645.84
00:06:15.184,18/01/2026,09:07:08,17_T02,39.122801683,10.184112142,0.2,1723.53,87.49,354.965,0.9,38.53,13.42,1722.53,4337018.43,1781645.87
00:06:16.193,18/01/2026,09:07:09,17_T02,39.122801918,10.184113160,0.2,1723.51,87.33,355.057,1.0,38.53,13.43,1722.52,4337018.52,1781645.90
00:06:17.193,18/01/2026,09:07:10,17_T02,39.122802113,10.184114109,0.2,1723.51,87.25,355.141,1.0,38.53,13.43,1722.52,4337018.60,1781645.92
00:06:18.188,18/01/2026,09:07:11,17_T02,39.122803139,10.184115342,0.2,1723.53,87.24,355.285,1.0,38.53,13.43,1722.51,4337018.71,1781646.03
00:06:19.194,18/01/2026,09:07:12,17_T02,39.122804024,10.184116642,0.2,1723.56,87.29,355.428,1.0,38.53,13.43,1722.51,4337018.82,1781646.13
00:06:20.185,18/01/2026,09:07:13,17_T02,39.122804176,10.184117669,0.2,1723.60,87.35,355.517,0.9,38.52,13.42,1722.56,4337018.91,1781646.15
00:06:21.194,18/01/2026,09:07:14,17_T02,39.122804298,10.184118619,0.2,1723.62,87.47,355.598,0.9,38.52,13.42,1722.56,4337019.00,1781646.16
00:06:22.189,18/01/2026,09:07:15,17_T02,39.122804348,10.184119428,0.2,1723.62,87.61,355.664,0.9,38.53,13.42,1722.61,4337019.07,1781646.16
00:06:23.183,18/01/2026,09:07:16,17_T02,39.122805793,10.184120399,0.2,1723.61,87.72,355.806,1.0,38.53,13.42,1722.61,4337019.15,1781646.32
00:06:24.193,18/01/2026,09:07:17,17_T02,39.122807065,10.184121483,0.2,1723.60,87.78,355.950,1.0,38.53,13.42,1722.59,4337019.24,1781646.47
00:06:25.186,18/01/2026,09:07:18,17_T02,39.122807252,10.184122584,0.2,1723.59,87.80,356.046,1.0,38.53,13.42,1722.59,4337019.34,1781646.49
00:06:26.193,18/01/2026,09:07:19,17_T02,39.122807446,10.184123798,0.2,1723.59,87.76,356.151,1.0,38.53,13.42,1722.57,4337019.45,1781646.51
00:06:27.193,18/01/2026,09:07:20,17_T02,39.122807718,10.184124965,0.2,1723.59,87.64,356.256,1.0,38.53,13.42,1722.57,4337019.55,1781646.54
00:06:28.185,18/01/2026,09:07:21,17_T02,39.122807969,10.184125947,0.2,1723.57,87.50,356.345,1.1,38.53,13.42,1722.57,4337019.63,1781646.57
00:06:29.196,18/01/2026,09:07:22,17_T02,39.122808818,10.184128252,0.2,1723.52,87.43,356.566,1.1,38.53,13.42,1722.57,4337019.83,1781646.66
00:06:30.192,18/01/2026,09:07:23,17_T02,39.122809513,10.184130278,0.2,1723.45,87.42,356.759,1.2,38.53,13.42,1722.47,4337020.01,1781646.74
00:06:31.189,18/01/2026,09:07:24,17_T02,39.122809702,10.184131355,0.2,1723.40,87.41,356.853,1.3,38.53,13.42,1722.47,4337020.10,1781646.76
00:06:32.184,18/01/2026,09:07:25,17_T02,39.122809933,10.184132661,0.2,1723.37,87.41,356.967,1.3,38.53,13.42,1722.47,4337020.22,1781646.78
00:06:33.196,18/01/2026,09:07:26,17_T02,39.122810133,10.184134049,0.2,1723.37,87.36,357.086,1.3,38.53,13.42,1722.38,4337020.34,1781646.81
00:06:34.196,18/01/2026,09:07:27,17_T02,39.122809989,10.184136186,0.2,1723.35,87.36,357.249,1.4,38.53,13.42,1722.38,4337020.52,1781646.79
00:06:35.191,18/01/2026,09:07:28,17_T02,39.122809815,10.184137844,0.2,1723.28,87.44,357.373,1.5,38.52,13.43,1722.34,4337020.67,1781646.77
00:06:36.184,18/01/2026,09:07:29,17_T02,39.122809885,10.184138697,0.2,1723.19,87.56,357.444,1.6,38.52,13.43,1722.34,4337020.74,1781646.78
00:06:37.194,18/01/2026,09:07:30,17_T02,39.122810074,10.184139838,0.2,1723.11,87.64,357.543,1.6,38.53,13.43,1722.19,4337020.84,1781646.80
00:06:38.187,18/01/2026,09:07:31,17_T02,39.122810273,10.184141140,0.2,1723.08,87.61,357.655,1.7,38.53,13.43,1722.19,4337020.95,1781646.82
00:06:39.198,18/01/2026,09:07:32,17_T02,39.122811260,10.184144146,0.2,1723.08,87.51,357.939,1.7,38.53,13.43,1722.06,4337021.21,1781646.93
00:06:40.188,18/01/2026,09:07:33,17_T02,39.122812096,10.184146848,0.2,1723.08,87.41,358.191,1.8,38.53,13.43,1722.06,4337021.45,1781647.03
00:06:41.184,18/01/2026,09:07:34,17_T02,39.122812322,10.184148032,0.2,1723.06,87.28,358.295,1.8,38.53,13.43,1722.08,4337021.55,1781647.05
00:06:42.186,18/01/2026,09:07:35,17_T02,39.122812587,10.184149007,0.2,1723.03,87.15,358.385,1.8,38.53,13.43,1722.08,4337021.64,1781647.08
00:06:43.190,18/01/2026,09:07:36,17_T02,39.122812733,10.184150058,0.2,1723.01,87.38,358.475,1.8,38.53,13.43,1722.01,4337021.73,1781647.10
00:06:44.194,18/01/2026,09:07:37,17_T02,39.122810440,10.184151152,0.2,1723.00,92.29,358.458,1.8,38.53,13.43,1722.01,4337021.82,1781646.84
00:06:45.198,18/01/2026,09:07:38,17_T02,39.122806426,10.184151708,0.2,1723.00,99.60,358.321,1.8,38.53,13.42,1721.99,4337021.87,1781646.40
00:06:46.190,18/01/2026,09:07:39,17_T02,39.122802840,10.184151624,0.2,1723.01,106.19,358.153,1.7,38.53,13.42,1721.99,4337021.87,1781646.01
00:06:47.194,18/01/2026,09:07:40,17_T02,39.122800540,10.184151469,0.3,1722.98,111.18,358.037,1.7,38.53,13.43,1721.99,4337021.85,1781645.75
00:06:48.187,18/01/2026,09:07:41,17_T02,39.122799006,10.184151655,0.3,1722.96,114.21,357.982,1.7,38.53,13.43,1721.99,4337021.87,1781645.58
00:06:49.195,18/01/2026,09:07:42,17_T02,39.122798263,10.184152367,0.3,1722.93,115.35,358.005,1.7,38.53,13.43,1721.95,4337021.93,1781645.50
00:06:50.187,18/01/2026,09:07:43,17_T02,39.122798257,10.184152367,0.3,1722.90,115.13,358.005,1.8,38.53,13.43,1721.95,4337021.93,1781645.50
00:06:51.196,18/01/2026,09:07:44,17_T02,39.122798651,10.184152684,0.2,1722.93,114.09,358.048,1.8,38.52,13.45,1721.90,4337021.96,1781645.54
00:06:52.191,18/01/2026,09:07:45,17_T02,39.122799134,10.184154030,0.2,1722.97,112.65,358.177,1.8,38.52,13.45,1721.90,4337022.08,1781645.60
00:06:53.188,18/01/2026,09:07:46,17_T02,39.122799624,10.184155400,0.2,1723.05,111.34,358.308,1.8,38.52,13.44,1721.96,4337022.20,1781645.65
00:06:54.182,18/01/2026,09:07:47,17_T02,39.122799882,10.184156541,0.2,1723.15,110.36,358.410,1.7,38.52,13.44,1721.96,4337022.30,1781645.68
00:06:55.197,18/01/2026,09:07:48,17_T02,39.122799972,10.184157688,0.2,1723.24,109.73,358.505,1.7,38.52,13.43,1722.13,4337022.40,1781645.69
00:06:56.190,18/01/2026,09:07:49,17_T02,39.122798785,10.184158054,0.2,1723.31,109.29,358.480,1.6,38.52,13.43,1722.13,4337022.43,1781645.56
00:06:57.184,18/01/2026,09:07:50,17_T02,39.122797760,10.184158375,0.2,1723.37,109.03,358.460,1.6,38.53,13.42,1722.31,4337022.46,1781645.45
00:06:58.192,18/01/2026,09:07:51,17_T02,39.122797581,10.184159247,0.2,1723.42,109.03,358.521,1.6,38.53,13.42,1722.31,4337022.53,1781645.43
00:06:59.187,18/01/2026,09:07:52,17_T02,39.122797339,10.184160038,0.2,1723.46,109.17,358.573,1.6,38.53,13.42,1722.41,4337022.60,1781645.40
00:07:00.194,18/01/2026,09:07:53,17_T02,39.122797067,10.184160854,0.2,1723.52,109.38,358.625,1.5,38.53,13.42,1722.41,4337022.67,1781645.37
00:07:01.187,18/01/2026,09:07:54,17_T02,39.122797451,10.184162780,0.2,1723.58,109.60,358.796,1.5,38.53,13.42,1722.51,4337022.84,1781645.41
00:07:02.187,18/01/2026,09:07:55,17_T02,39.122797748,10.184164600,0.2,1723.64,109.84,358.954,1.5,38.53,13.42,1722.51,4337023.00,1781645.45
00:07:03.197,18/01/2026,09:07:56,17_T02,39.122797492,10.184165390,0.2,1723.71,109.96,359.005,1.4,38.53,13.42,1722.64,4337023.07,1781645.42
00:07:04.189,18/01/2026,09:07:57,17_T02,39.122797303,10.184166189,0.2,1723.77,109.96,359.060,1.4,38.53,13.42,1722.64,4337023.14,1781645.40
00:07:05.184,18/01/2026,09:07:58,17_T02,39.122797192,10.184167050,0.2,1723.83,109.88,359.123,1.4,38.53,13.42,1722.78,4337023.21,1781645.39
00:07:06.195,18/01/2026,09:07:59,17_T02,39.122797075,10.184167998,0.2,1723.89,109.78,359.193,1.3,38.53,13.42,1722.78,4337023.29,1781645.37
00:07:07.195,18/01/2026,09:08:00,17_T02,39.122796874,10.184168897,0.2,1723.94,109.66,359.255,1.3,38.53,13.43,1722.89,4337023.37,1781645.35
00:07:08.189,18/01/2026,09:08:01,17_T02,39.122796708,10.184169556,0.1,1724.01,109.48,359.300,1.3,38.53,13.43,1722.89,4337023.43,1781645.33
00:07:09.187,18/01/2026,09:08:02,17_T02,39.122796533,10.184169962,0.1,1724.10,109.34,359.325,1.2,38.53,13.43,1723.02,4337023.46,1781645.31
00:07:10.198,18/01/2026,09:08:03,17_T02,39.122796356,10.184170439,0.1,1724.17,109.31,359.354,1.1,38.53,13.43,1723.02,4337023.51,1781645.29
00:07:11.190,18/01/2026,09:08:04,17_T02,39.122796193,10.184171167,0.1,1724.24,109.39,359.405,1.1,38.53,13.43,1723.17,4337023.57,1781645.28
00:07:12.184,18/01/2026,09:08:05,17_T02,39.122796751,10.184171863,0.1,1724.32,109.50,359.485,1.0,38.53,13.43,1723.17,4337023.63,1781645.34
00:07:13.194,18/01/2026,09:08:06,17_T02,39.122797140,10.184172500,0.1,1724.39,109.67,359.554,1.0,38.53,13.43,1723.33,4337023.69,1781645.38
00:07:14.187,18/01/2026,09:08:07,17_T02,39.122796791,10.184173183,0.1,1724.44,109.91,359.592,1.0,38.53,13.43,1723.33,4337023.74,1781645.34
00:07:15.190,18/01/2026,09:08:08,17_T02,39.122796421,10.184173845,0.1,1724.47,110.07,359.628,1.0,38.53,13.43,1723.45,4337023.80,1781645.30
00:07:16.194,18/01/2026,09:08:09,17_T02,39.122796244,10.184174541,0.1,1724.48,110.10,359.675,1.0,38.53,13.43,1723.45,4337023.86,1781645.28
00:07:17.187,18/01/2026,09:08:10,17_T02,39.122796522,10.184175948,0.1,1724.48,110.03,359.799,1.0,38.53,13.43,1723.46,4337023.99,1781645.31
00:07:18.192,18/01/2026,09:08:11,17_T02,39.122796711,10.184177401,0.2,1724.50,109.87,359.923,1.0,38.53,13.43,1723.46,4337024.11,1781645.33
00:07:19.189,18/01/2026,09:08:12,17_T02,39.122796557,10.184178392,0.1,1724.55,109.65,362.946,1.0,38.53,13.43,1723.52,4337024.20,1781645.32
00:07:20.185,18/01/2026,09:08:13,17_T02,39.122796360,10.184179465,0.2,1724.60,109.48,363.041,1.0,38.53,13.43,1723.52,4337024.29,1781645.30
00:07:21.206,18/01/2026,09:08:14,17_T02,39.122796206,10.184180474,0.2,1724.64,109.33,363.129,1.0,38.53,13.42,1723.61,4337024.38,1781645.28
00:07:22.190,18/01/2026,09:08:15,17_T02,39.122796065,10.184181372,0.2,1724.68,109.30,363.208,1.0,38.53,13.42,1723.61,4337024.46,1781645.26
00:07:23.185,18/01/2026,09:08:16,17_T02,39.122795068,10.184182828,0.2,1724.70,109.40,363.365,1.0,38.53,13.42,1723.69,4337024.58,1781645.15
00:07:24.184,18/01/2026,09:08:17,17_T02,39.122794168,10.184184131,0.2,1724.74,109.55,363.505,1.0,38.53,13.42,1723.69,4337024.70,1781645.06
00:07:25.195,18/01/2026,09:08:18,17_T02,39.122793934,10.184184980,0.2,1724.79,109.64,363.583,1.0,38.53,13.42,1723.75,4337024.77,1781645.03
00:07:26.191,18/01/2026,09:08:19,17_T02,39.122793712,10.184185902,0.2,1724.84,109.73,363.667,1.0,38.53,13.42,1723.75,4337024.85,1781645.01
00:07:27.197,18/01/2026,09:08:20,17_T02,39.122793534,10.184186877,0.2,1724.90,109.74,363.753,0.9,38.53,13.42,1723.88,4337024.94,1781644.99
00:07:28.194,18/01/2026,09:08:21,17_T02,39.122793226,10.184187791,0.2,1725.00,109.54,363.840,0.9,38.53,13.42,1723.88,4337025.02,1781644.95
00:07:29.189,18/01/2026,09:08:22,17_T02,39.122793021,10.184188569,0.2,1725.10,109.31,363.911,0.8,38.53,13.42,1723.88,4337025.08,1781644.93
00:07:30.185,18/01/2026,09:08:23,17_T02,39.122792884,10.184189232,0.2,1725.17,109.22,363.970,0.8,38.53,13.42,1724.07,4337025.14,1781644.91
00:07:31.197,18/01/2026,09:08:24,17_T02,39.122792769,10.184189927,0.1,1725.24,109.19,364.032,0.7,38.53,13.42,1724.07,4337025.20,1781644.90
00:07:32.194,18/01/2026,09:08:25,17_T02,39.122792662,10.184190600,0.1,1725.31,109.24,364.091,0.6,38.53,13.42,1724.20,4337025.26,1781644.89
00:07:33.190,18/01/2026,09:08:26,17_T02,39.122792575,10.184191257,0.1,1725.40,109.31,364.148,0.6,38.53,13.42,1724.20,4337025.32,1781644.88
00:07:34.188,18/01/2026,09:08:27,17_T02,39.122791386,10.184191572,0.1,1725.50,109.47,364.218,0.5,38.53,13.42,1724.36,4337025.35,1781644.75
00:07:35.195,18/01/2026,09:08:28,17_T02,39.122790308,10.184192014,0.1,1725.56,109.72,364.294,0.4,38.53,13.42,1724.36,4337025.38,1781644.63
00:07:36.188,18/01/2026,09:08:29,17_T02,39.122790198,10.184192654,0.1,1725.58,109.67,364.351,0.4,38.53,13.42,1724.53,4337025.44,1781644.62
00:07:37.194,18/01/2026,09:08:30,17_T02,39.122790259,10.184193265,0.1,1725.57,109.27,364.398,0.4,38.53,13.42,1724.53,4337025.49,1781644.63
00:07:38.186,18/01/2026,09:08:31,17_T02,39.122790046,10.184194013,0.1,1725.58,109.17,364.468,0.4,38.53,13.42,1724.57,4337025.56,1781644.60
00:07:39.192,18/01/2026,09:08:32,17_T02,39.122790739,10.184195222,0.1,1725.59,109.17,364.541,0.5,38.53,13.42,1724.57,4337025.66,1781644.68
00:07:40.197,18/01/2026,09:08:33,17_T02,39.122791257,10.184196443,0.2,1725.62,109.25,364.622,0.5,38.53,13.42,1724.59,4337025.77,1781644.74
00:07:41.187,18/01/2026,09:08:34,17_T02,39.122791210,10.184197223,0.2,1725.59,109.05,364.687,0.5,38.53,13.42,1724.59,4337025.84,1781644.73
00:07:42.195,18/01/2026,09:08:35,17_T02,39.122791134,10.184197863,0.1,1725.58,108.90,364.742,0.5,38.53,13.42,1724.59,4337025.89,1781644.72
00:07:43.184,18/01/2026,09:08:36,17_T02,39.122790863,10.184198706,0.1,1725.57,109.04,364.822,0.6,38.53,13.42,1724.59,4337025.97,1781644.69
00:07:44.203,18/01/2026,09:08:37,17_T02,39.122790560,10.184199817,0.2,1725.57,109.30,364.924,0.6,38.53,13.42,1724.56,4337026.06,1781644.66
00:07:45.197,18/01/2026,09:08:38,17_T02,39.122790866,10.184200955,0.2,1725.58,109.59,365.006,0.6,38.53,13.42,1724.56,4337026.16,1781644.69
00:07:46.188,18/01/2026,09:08:39,17_T02,39.122791119,10.184201929,0.2,1725.56,109.83,365.076,0.6,38.53,13.42,1724.56,4337026.25,1781644.72
00:07:47.197,18/01/2026,09:08:40,17_T02,39.122790869,10.184202769,0.2,1725.51,110.01,365.154,0.7,38.53,13.42,1724.56,4337026.32,1781644.70
00:07:48.188,18/01/2026,09:08:41,17_T02,39.122790680,10.184203618,0.2,1725.46,110.13,365.231,0.8,38.53,13.42,1724.51,4337026.39,1781644.67
00:07:49.194,18/01/2026,09:08:42,17_T02,39.122790537,10.184204628,0.2,1725.41,110.13,365.319,0.9,38.53,13.42,1724.51,4337026.48,1781644.66
00:07:50.192,18/01/2026,09:08:43,17_T02,39.122790088,10.184205106,0.2,1725.38,110.01,365.375,0.9,38.53,13.42,1724.40,4337026.52,1781644.61
00:07:51.183,18/01/2026,09:08:44,17_T02,39.122789689,10.184205753,0.2,1725.36,109.86,365.442,0.9,38.53,13.42,1724.40,4337026.58,1781644.57
00:07:52.198,18/01/2026,09:08:45,17_T02,39.122789509,10.184206991,0.2,1725.32,109.73,365.550,1.0,38.53,13.43,1724.36,4337026.69,1781644.55
00:07:53.195,18/01/2026,09:08:46,17_T02,39.122789350,10.184208107,0.2,1725.27,109.64,365.648,1.1,38.53,13.43,1724.36,4337026.78,1781644.53
00:07:54.193,18/01/2026,09:08:47,17_T02,39.122789233,10.184209179,0.2,1725.21,109.59,365.740,1.1,38.53,13.43,1724.27,4337026.88,1781644.52
00:07:55.193,18/01/2026,09:08:48,17_T02,39.122789573,10.184211116,0.2,1725.17,109.58,365.886,1.2,38.53,13.43,1724.27,4337027.05,1781644.55
00:07:56.190,18/01/2026,09:08:49,17_T02,39.122789794,10.184213018,0.2,1725.13,109.63,366.033,1.3,38.53,13.42,1724.15,4337027.21,1781644.58
00:07:57.190,18/01/2026,09:08:50,17_T02,39.122789533,10.184214204,0.2,1725.12,109.67,366.140,1.3,38.53,13.42,1724.15,4337027.32,1781644.55
00:07:58.189,18/01/2026,09:08:51,17_T02,39.122789374,10.184215400,0.2,1725.11,109.63,366.244,1.3,38.53,13.42,1724.10,4337027.42,1781644.53
00:07:59.187,18/01/2026,09:08:52,17_T02,39.122789371,10.184216573,0.2,1725.13,109.39,366.340,1.4,38.53,13.42,1724.10,4337027.52,1781644.53
00:08:00.187,18/01/2026,09:08:53,17_T02,39.122789451,10.184217718,0.2,1725.20,109.01,366.431,1.4,38.53,13.42,1724.13,4337027.62,1781644.54
00:08:01.186,18/01/2026,09:08:54,17_T02,39.122788720,10.184218463,0.2,1725.31,108.60,366.519,1.3,38.53,13.42,1724.13,4337027.69,1781644.46
00:08:02.186,18/01/2026,09:08:55,17_T02,39.122787883,10.184219123,0.2,1725.44,108.38,366.605,1.2,38.53,13.42,1724.33,4337027.74,1781644.37
00:08:03.198,18/01/2026,09:08:56,17_T02,39.122787756,10.184219735,0.2,1725.56,108.41,366.659,1.1,38.53,13.42,1724.33,4337027.80,1781644.36
00:08:04.183,18/01/2026,09:08:57,17_T02,39.122787534,10.184220387,0.2,1725.65,108.72,366.721,1.0,38.52,13.43,1724.57,4337027.85,1781644.33
00:08:05.193,18/01/2026,09:08:58,17_T02,39.122787330,10.184221074,0.2,1725.73,109.14,366.785,0.9,38.52,13.43,1724.57,4337027.91,1781644.31
00:08:06.186,18/01/2026,09:08:59,17_T02,39.122788083,10.184222404,0.1,1725.83,109.47,366.866,0.8,38.53,13.42,1724.74,4337028.03,1781644.39
00:08:07.184,18/01/2026,09:09:00,17_T02,39.122788692,10.184223606,0.2,1725.94,109.69,366.942,0.8,38.53,13.42,1724.74,4337028.13,1781644.46
00:08:08.196,18/01/2026,09:09:01,17_T02,39.122788479,10.184224188,0.2,1726.03,109.93,366.997,0.7,38.53,13.42,1724.97,4337028.18,1781644.44
00:08:09.191,18/01/2026,09:09:02,17_T02,39.122788167,10.184224534,0.1,1726.06,110.18,367.037,0.7,38.53,13.42,1724.97,4337028.21,1781644.40
00:08:10.186,18/01/2026,09:09:03,17_T02,39.122788008,10.184224897,0.1,1726.08,110.33,367.073,0.7,38.53,13.42,1725.05,4337028.25,1781644.38
00:08:11.196,18/01/2026,09:09:04,17_T02,39.122788013,10.184225495,0.1,1726.10,110.32,367.122,0.6,38.53,13.42,1725.05,4337028.30,1781644.38
00:08:12.189,18/01/2026,09:09:05,17_T02,39.122787527,10.184226056,0.1,1726.14,110.19,367.186,0.6,38.53,13.42,1725.10,4337028.35,1781644.33
00:08:13.184,18/01/2026,09:09:06,17_T02,39.122787054,10.184226770,0.1,1726.19,109.94,367.262,0.6,38.53,13.42,1725.10,4337028.41,1781644.28
00:08:14.194,18/01/2026,09:09:07,17_T02,39.122787000,10.184227732,0.1,1726.25,109.58,367.342,0.6,38.53,13.42,1725.20,4337028.49,1781644.27
00:08:15.197,18/01/2026,09:09:08,17_T02,39.122786899,10.184228555,0.1,1726.28,109.42,367.414,0.6,38.53,13.42,1725.20,4337028.56,1781644.26
00:08:16.186,18/01/2026,09:09:09,17_T02,39.122786819,10.184229276,0.1,1726.29,109.39,367.476,0.6,38.53,13.42,1725.26,4337028.63,1781644.25
00:08:17.191,18/01/2026,09:09:10,17_T02,39.122787764,10.184230178,0.1,1726.28,109.51,367.514,0.6,38.53,13.42,1725.26,4337028.71,1781644.36
00:08:18.198,18/01/2026,09:09:11,17_T02,39.122788514,10.184231253,0.2,1726.29,109.68,367.575,0.6,38.53,13.43,1725.26,4337028.80,1781644.44
00:08:19.187,18/01/2026,09:09:12,17_T02,39.122788327,10.184232210,0.2,1726.32,109.75,367.660,0.6,38.53,13.43,1725.26,4337028.88,1781644.42
00:08:20.197,18/01/2026,09:09:13,17_T02,39.122788151,10.184233153,0.2,1726.37,109.77,367.744,0.6,38.53,13.43,1725.34,4337028.96,1781644.40
00:08:21.188,18/01/2026,09:09:14,17_T02,39.122788063,10.184234034,0.2,1726.42,109.67,367.819,0.6,38.53,13.43,1725.34,4337029.04,1781644.39
00:08:22.192,18/01/2026,09:09:15,17_T02,39.122788088,10.184234848,0.2,1726.49,109.48,367.885,0.6,38.53,13.43,1725.44,4337029.11,1781644.39
00:08:23.194,18/01/2026,09:09:16,17_T02,39.122786963,10.184234868,0.2,1726.57,109.26,367.928,0.5,38.53,13.43,1725.44,4337029.11,1781644.27
00:08:24.192,18/01/2026,09:09:17,17_T02,39.122785898,10.184235042,0.2,1726.67,109.09,367.982,0.4,38.53,13.43,1725.61,4337029.13,1781644.15
00:08:25.186,18/01/2026,09:09:18,17_T02,39.122785955,10.184235811,0.1,1726.77,108.92,368.043,0.3,38.53,13.43,1725.61,4337029.20,1781644.16
00:08:26.193,18/01/2026,09:09:19,17_T02,39.122786431,10.184236410,0.1,1726.79,108.03,368.074,0.3,38.52,13.43,1725.80,4337029.25,1781644.21
00:08:27.187,18/01/2026,09:09:20,17_T02,39.122786607,10.184236940,0.1,1726.80,107.63,368.111,0.3,38.52,13.43,1725.80,4337029.29,1781644.23
00:08:28.185,18/01/2026,09:09:21,17_T02,39.122786493,10.184238943,0.2,1726.84,107.91,368.280,0.3,38.52,13.43,1725.80,4337029.47,1781644.22
00:08:29.197,18/01/2026,09:09:22,17_T02,39.122786215,10.184240719,0.2,1726.88,108.41,368.435,0.3,38.53,13.43,1725.82,4337029.62,1781644.19
00:08:30.193,18/01/2026,09:09:23,17_T02,39.122785799,10.184241389,0.2,1726.90,109.02,368.506,0.4,38.53,13.43,1725.82,4337029.68,1781644.14
00:08:31.192,18/01/2026,09:09:24,17_T02,39.122785407,10.184241902,0.2,1726.90,109.65,368.562,0.4,38.53,13.43,1725.86,4337029.73,1781644.10
00:08:32.186,18/01/2026,09:09:25,17_T02,39.122784997,10.184242216,0.1,1726.86,110.13,368.603,0.4,38.53,13.43,1725.86,4337029.75,1781644.06
00:08:33.183,18/01/2026,09:09:26,17_T02,39.122784606,10.184242572,0.1,1726.83,110.55,368.647,0.5,38.53,13.43,1725.86,4337029.78,1781644.01
00:08:34.199,18/01/2026,09:09:27,17_T02,39.122783606,10.184242461,0.1,1726.82,110.71,368.675,0.5,38.53,13.43,1725.86,4337029.78,1781643.90
00:08:35.195,18/01/2026,09:09:28,17_T02,39.122782803,10.184242732,0.2,1726.83,110.49,368.727,0.6,38.53,13.43,1725.78,4337029.80,1781643.81
00:08:36.194,18/01/2026,09:09:29,17_T02,39.122782880,10.184243685,0.1,1726.87,110.08,368.802,0.6,38.53,13.43,1725.78,4337029.88,1781643.82
00:08:37.189,18/01/2026,09:09:30,17_T02,39.122783060,10.184244135,0.1,1726.87,109.69,368.833,0.6,38.52,13.42,1725.84,4337029.92,1781643.84
00:08:38.184,18/01/2026,09:09:31,17_T02,39.122783152,10.184244371,0.1,1726.88,109.31,368.848,0.6,38.52,13.42,1725.84,4337029.94,1781643.85
00:08:39.194,18/01/2026,09:09:32,17_T02,39.122782887,10.184244309,0.1,1726.88,109.08,368.853,0.6,38.53,13.42,1725.87,4337029.94,1781643.82
00:08:40.193,18/01/2026,09:09:33,17_T02,39.122782668,10.184244562,0.1,1726.90,108.97,368.882,0.6,38.53,13.42,1725.87,4337029.96,1781643.80
00:08:41.190,18/01/2026,09:09:34,17_T02,39.122782599,10.184245305,0.1,1726.97,108.90,368.946,0.6,38.53,13.42,1725.87,4337030.02,1781643.79
00:08:42.189,18/01/2026,09:09:35,17_T02,39.122782528,10.184245936,0.1,1727.03,108.74,369.000,0.5,38.53,13.42,1725.87,4337030.08,1781643.78
00:08:43.183,18/01/2026,09:09:36,17_T02,39.122782766,10.184246366,0.1,1727.05,107.97,369.026,0.5,38.53,13.42,1726.03,4337030.12,1781643.81
00:08:44.189,18/01/2026,09:09:37,17_T02,39.122783138,10.184247328,0.1,1727.09,108.04,369.091,0.6,38.53,13.42,1726.03,4337030.20,1781643.85
00:08:45.196,18/01/2026,09:09:38,17_T02,39.122783201,10.184248233,0.1,1727.14,108.58,369.163,0.5,38.53,13.42,1726.06,4337030.28,1781643.86
00:08:46.189,18/01/2026,09:09:39,17_T02,39.122782737,10.184248754,0.1,1727.18,109.15,369.223,0.5,38.53,13.42,1726.06,4337030.32,1781643.81
00:08:47.185,18/01/2026,09:09:40,17_T02,39.122782362,10.184249181,0.1,1727.19,109.69,369.272,0.5,38.53,13.42,1726.17,4337030.36,1781643.77
00:08:48.188,18/01/2026,09:09:41,17_T02,39.122782227,10.184249420,0.1,1727.21,109.69,369.296,0.5,38.53,13.42,1726.17,4337030.38,1781643.75
00:08:49.196,18/01/2026,09:09:42,17_T02,39.122781965,10.184249843,0.1,1727.22,109.69,369.341,0.5,38.53,13.42,1726.19,4337030.42,1781643.72
00:08:50.186,18/01/2026,09:09:43,17_T02,39.122780712,10.184250613,0.1,1727.27,109.78,369.450,0.5,38.53,13.42,1726.19,4337030.49,1781643.58
00:08:51.188,18/01/2026,09:09:44,17_T02,39.122779653,10.184251531,0.2,1727.32,109.79,369.565,0.5,38.53,13.42,1726.24,4337030.57,1781643.47
00:08:52.185,18/01/2026,09:09:45,17_T02,39.122779395,10.184252344,0.2,1727.36,109.69,369.641,0.5,38.53,13.42,1726.24,4337030.64,1781643.44
00:08:53.193,18/01/2026,09:09:46,17_T02,39.122779275,10.184252909,0.1,1727.36,109.61,369.692,0.5,38.53,13.42,1726.33,4337030.69,1781643.43
00:08:54.183,18/01/2026,09:09:47,17_T02,39.122779149,10.184253262,0.1,1727.36,109.54,369.726,0.6,38.53,13.42,1726.33,4337030.72,1781643.41
00:08:55.196,18/01/2026,09:09:48,17_T02,39.122778513,10.184253618,0.1,1727.39,109.50,369.778,0.5,38.53,13.42,1726.34,4337030.75,1781643.34
00:08:56.189,18/01/2026,09:09:49,17_T02,39.122777824,10.184254299,0.2,1727.45,109.49,369.860,0.5,38.53,13.42,1726.34,4337030.81,1781643.27
00:08:57.184,18/01/2026,09:09:50,17_T02,39.122777529,10.184255177,0.2,1727.50,109.53,369.943,0.5,38.53,13.42,1726.42,4337030.88,1781643.23
00:08:58.192,18/01/2026,09:09:51,17_T02,39.122777248,10.184255950,0.1,1727.52,109.61,370.016,0.5,38.53,13.42,1726.42,4337030.95,1781643.20
00:08:59.188,18/01/2026,09:09:52,17_T02,39.122776923,10.184256465,0.1,1727.52,109.75,370.071,0.6,38.53,13.42,1726.51,4337031.00,1781643.17
00:09:00.185,18/01/2026,09:09:53,17_T02,39.122776585,10.184256896,0.1,1727.49,109.89,370.119,0.6,38.53,13.42,1726.51,4337031.03,1781643.13
00:09:01.184,18/01/2026,09:09:54,17_T02,39.122775757,10.184256839,0.1,1727.48,109.96,370.145,0.7,38.53,13.42,1726.48,4337031.03,1781643.04
00:09:02.194,18/01/2026,09:09:55,17_T02,39.122775045,10.184257073,0.1,1727.49,109.90,370.190,0.7,38.53,13.42,1726.48,4337031.05,1781642.96
00:09:03.187,18/01/2026,09:09:56,17_T02,39.122774826,10.184257934,0.1,1727.53,109.77,370.269,0.7,38.53,13.42,1726.48,4337031.12,1781642.94
00:09:04.195,18/01/2026,09:09:57,17_T02,39.122774596,10.184258821,0.1,1727.57,109.60,370.350,0.7,38.53,13.42,1726.48,4337031.20,1781642.91
00:09:05.186,18/01/2026,09:09:58,17_T02,39.122774499,10.184259409,0.1,1727.64,109.29,370.402,0.7,38.53,13.42,1726.56,4337031.25,1781642.90
00:09:06.196,18/01/2026,09:09:59,17_T02,39.122773723,10.184259552,0.1,1727.71,109.01,370.443,0.7,38.53,13.42,1726.56,4337031.26,1781642.82
00:09:07.198,18/01/2026,09:10:00,17_T02,39.122772970,10.184259651,0.2,1727.79,108.92,370.479,0.6,38.53,13.42,1726.69,4337031.27,1781642.73
00:09:08.192,18/01/2026,09:10:01,17_T02,39.122772738,10.184260070,0.1,1727.86,109.04,370.522,0.6,38.53,13.42,1726.69,4337031.31,1781642.71
00:09:09.192,18/01/2026,09:10:02,17_T02,39.122772432,10.184260619,0.1,1727.93,109.34,370.578,0.5,38.53,13.42,1726.85,4337031.36,1781642.67
00:09:10.187,18/01/2026,09:10:03,17_T02,39.122772116,10.184261252,0.1,1727.98,109.73,370.642,0.5,38.53,13.42,1726.85,4337031.41,1781642.64
00:09:11.183,18/01/2026,09:10:04,17_T02,39.122771839,10.184261797,0.1,1728.04,110.05,370.697,0.4,38.53,13.42,1726.96,4337031.46,1781642.61
00:09:12.196,18/01/2026,09:10:05,17_T02,39.122771346,10.184262456,0.1,1728.10,110.25,370.769,0.4,38.53,13.42,1726.96,4337031.52,1781642.55
00:09:13.195,18/01/2026,09:10:06,17_T02,39.122770989,10.184263187,0.1,1728.16,110.28,370.842,0.4,38.53,13.42,1727.10,4337031.58,1781642.51
00:09:14.196,18/01/2026,09:10:07,17_T02,39.122770874,10.184263697,0.1,1728.21,110.07,370.888,0.3,38.53,13.42,1727.10,4337031.63,1781642.50
00:09:15.191,18/01/2026,09:10:08,17_T02,39.122770819,10.184264093,0.1,1728.22,109.76,370.923,0.3,38.53,13.42,1727.19,4337031.66,1781642.50
00:09:16.186,18/01/2026,09:10:09,17_T02,39.122770560,10.184264721,0.1,1728.22,109.55,370.984,0.3,38.53,13.42,1727.19,4337031.71,1781642.47
00:09:17.195,18/01/2026,09:10:10,17_T02,39.122771679,10.184266616,0.1,1728.26,109.37,371.097,0.4,38.53,13.42,1727.20,4337031.88,1781642.59
00:09:18.184,18/01/2026,09:10:11,17_T02,39.122772731,10.184268317,0.1,1728.32,109.09,371.197,0.4,38.53,13.42,1727.20,4337032.03,1781642.71
00:09:19.194,18/01/2026,09:10:12,17_T02,39.122772688,10.184268995,0.1,1728.37,108.87,371.255,0.3,38.53,13.42,1727.31,4337032.09,1781642.70
00:09:20.186,18/01/2026,09:10:13,17_T02,39.122772391,10.184269374,0.1,1728.38,108.95,371.297,0.3,38.53,13.42,1727.31,4337032.12,1781642.67
00:09:21.191,18/01/2026,09:10:14,17_T02,39.122771904,10.184269572,0.1,1728.36,109.27,371.331,0.4,38.53,13.42,1727.34,4337032.14,1781642.62
00:09:22.205,18/01/2026,09:10:15,17_T02,39.122772272,10.184271035,0.1,1728.34,109.64,371.437,0.4,38.53,13.42,1727.34,4337032.26,1781642.66
00:09:23.185,18/01/2026,09:10:16,17_T02,39.122772678,10.184272790,0.2,1728.35,109.86,371.566,0.4,38.53,13.42,1727.31,4337032.42,1781642.70
00:09:24.189,18/01/2026,09:10:17,17_T02,39.122772435,10.184273701,0.2,1728.38,109.97,371.649,0.4,38.53,13.42,1727.31,4337032.50,1781642.68
00:09:25.196,18/01/2026,09:10:18,17_T02,39.122772123,10.184274468,0.2,1728.40,110.05,371.724,0.5,38.53,13.42,1727.37,4337032.56,1781642.64
00:09:26.187,18/01/2026,09:10:19,17_T02,39.122771790,10.184274989,0.1,1728.37,110.09,371.779,0.5,38.53,13.42,1727.37,4337032.61,1781642.60
00:09:27.196,18/01/2026,09:10:20,17_T02,39.122771564,10.184275458,0.1,1728.33,110.09,371.826,0.6,38.53,13.42,1727.37,4337032.65,1781642.58
00:09:28.189,18/01/2026,09:10:21,17_T02,39.122771477,10.184275956,0.1,1728.28,109.99,371.870,0.7,38.53,13.42,1727.32,4337032.69,1781642.57
00:09:29.183,18/01/2026,09:10:22,17_T02,39.122771383,10.184276734,0.1,1728.27,109.82,371.937,0.7,38.53,13.42,1727.32,4337032.76,1781642.56
00:09:30.192,18/01/2026,09:10:23,17_T02,39.122771213,10.184277675,0.1,1728.27,109.64,372.020,0.7,38.53,13.42,1727.24,4337032.84,1781642.54
00:09:31.184,18/01/2026,09:10:24,17_T02,39.122770980,10.184278520,0.1,1728.26,109.50,372.098,0.8,38.53,13.42,1727.24,4337032.92,1781642.52
00:09:32.192,18/01/2026,09:10:25,17_T02,39.122770770,10.184279194,0.1,1728.21,109.45,372.161,0.9,38.53,13.42,1727.24,4337032.97,1781642.49
00:09:33.189,18/01/2026,09:10:26,17_T02,39.122770413,10.184279018,0.1,1728.15,109.48,372.160,1.0,38.53,13.42,1727.24,4337032.96,1781642.45
00:09:34.182,18/01/2026,09:10:27,17_T02,39.122770146,10.184278861,0.1,1728.11,109.48,372.157,1.1,38.53,13.42,1727.13,4337032.95,1781642.42
00:09:35.192,18/01/2026,09:10:28,17_T02,39.122770057,10.184279723,0.1,1728.11,109.46,372.231,1.1,38.53,13.42,1727.13,4337033.02,1781642.41
00:09:36.193,18/01/2026,09:10:29,17_T02,39.122769918,10.184280573,0.1,1728.12,109.42,372.306,1.1,38.53,13.42,1727.08,4337033.09,1781642.40
00:09:37.186,18/01/2026,09:10:30,17_T02,39.122769613,10.184281215,0.1,1728.11,109.47,372.370,1.2,38.53,13.42,1727.08,4337033.15,1781642.37
00:09:38.184,18/01/2026,09:10:31,17_T02,39.122769324,10.184281663,0.1,1728.05,109.60,372.417,1.3,38.53,13.42,1727.09,4337033.19,1781642.33
00:09:39.193,18/01/2026,09:10:32,17_T02,39.122770374,10.184281342,0.1,1727.97,109.71,372.352,1.4,38.53,13.42,1727.09,4337033.16,1781642.45
00:09:40.193,18/01/2026,09:10:33,17_T02,39.122771381,10.184281224,0.1,1727.93,109.70,372.305,1.4,38.53,13.42,1726.95,4337033.15,1781642.56
00:09:41.192,18/01/2026,09:10:34,17_T02,39.122771338,10.184282052,0.1,1727.95,109.54,372.374,1.5,38.53,13.42,1726.95,4337033.22,1781642.56
00:09:42.188,18/01/2026,09:10:35,17_T02,39.122771280,10.184283027,0.1,1728.01,109.22,372.456,1.5,38.53,13.42,1726.91,4337033.31,1781642.55
00:09:43.188,18/01/2026,09:10:36,17_T02,39.122771127,10.184283688,0.1,1728.05,109.02,372.516,1.5,38.53,13.42,1726.91,4337033.36,1781642.53
00:09:44.185,18/01/2026,09:10:37,17_T02,39.122770237,10.184283954,0.1,1728.04,109.03,372.571,1.6,38.53,13.42,1727.02,4337033.39,1781642.44
00:09:45.197,18/01/2026,09:10:38,17_T02,39.122769493,10.184284099,0.1,1727.99,109.19,372.610,1.6,38.53,13.42,1727.02,4337033.40,1781642.35
00:09:46.194,18/01/2026,09:10:39,17_T02,39.122769430,10.184284411,0.1,1727.97,109.36,372.638,1.6,38.53,13.42,1726.95,4337033.43,1781642.35
00:09:47.186,18/01/2026,09:10:40,17_T02,39.122769261,10.184285082,0.1,1727.98,109.46,372.700,1.6,38.53,13.42,1726.95,4337033.49,1781642.33
00:09:48.191,18/01/2026,09:10:41,17_T02,39.122768998,10.184285911,0.1,1728.03,109.50,372.777,1.6,38.53,13.42,1726.94,4337033.56,1781642.30
00:09:49.184,18/01/2026,09:10:42,17_T02,39.122768707,10.184286610,0.1,1728.08,109.52,372.845,1.6,38.53,13.42,1726.94,4337033.62,1781642.27
00:09:50.194,18/01/2026,09:10:43,17_T02,39.122767323,10.184286303,0.1,1728.10,109.55,372.872,1.7,38.53,13.42,1727.05,4337033.59,1781642.11
00:09:51.189,18/01/2026,09:10:44,17_T02,39.122766110,10.184285875,0.2,1728.09,109.56,372.882,1.7,38.53,13.42,1727.05,4337033.56,1781641.98
00:09:52.186,18/01/2026,09:10:45,17_T02,39.122766129,10.184286136,0.2,1728.10,109.50,372.902,1.6,38.53,13.42,1727.05,4337033.58,1781641.98
00:09:53.192,18/01/2026,09:10:46,17_T02,39.122766066,10.184286673,0.1,1728.12,109.50,372.949,1.6,38.53,13.42,1727.05,4337033.63,1781641.98
00:09:54.184,18/01/2026,09:10:47,17_T02,39.122765896,10.184287435,0.1,1728.15,109.53,373.018,1.6,38.53,13.42,1727.07,4337033.69,1781641.96
00:09:55.183,18/01/2026,09:10:48,17_T02,39.122766500,10.184288675,0.1,1728.18,109.56,373.097,1.7,38.53,13.42,1727.07,4337033.80,1781642.02
00:09:56.190,18/01/2026,09:10:49,17_T02,39.122767109,10.184289808,0.2,1728.18,109.62,373.167,1.7,38.53,13.42,1727.14,4337033.90,1781642.09
00:09:57.197,18/01/2026,09:10:50,17_T02,39.122766899,10.184290183,0.2,1728.15,109.76,373.205,1.7,38.53,13.42,1727.14,4337033.93,1781642.07
00:09:58.184,18/01/2026,09:10:51,17_T02,39.122766691,10.184290483,0.2,1728.11,109.89,373.238,1.8,38.53,13.42,1727.09,4337033.96,1781642.05
00:09:59.195,18/01/2026,09:10:52,17_T02,39.122766503,10.184290974,0.2,1728.09,109.94,373.285,1.8,38.53,13.42,1727.09,4337034.00,1781642.02
00:10:00.190,18/01/2026,09:10:53,17_T02,39.122765428,10.184291026,0.1,1728.09,109.90,373.329,1.8,38.53,13.42,1727.05,4337034.00,1781641.91
00:10:01.192,18/01/2026,09:10:54,17_T02,39.122764615,10.184291316,0.2,1728.11,109.76,373.383,1.9,38.53,13.42,1727.05,4337034.03,1781641.82
00:10:02.184,18/01/2026,09:10:55,17_T02,39.122764516,10.184292124,0.2,1728.10,109.60,373.453,1.8,38.53,13.42,1727.07,4337034.10,1781641.81
00:10:03.192,18/01/2026,09:10:56,17_T02,39.122764441,10.184292743,0.2,1728.08,109.46,373.506,1.8,38.53,13.42,1727.07,4337034.15,1781641.80
00:10:04.188,18/01/2026,09:10:57,17_T02,39.122764346,10.184293218,0.1,1728.04,109.37,373.549,1.9,38.53,13.42,1727.03,4337034.20,1781641.79
00:10:05.183,18/01/2026,09:10:58,17_T02,39.122764225,10.184293779,0.1,1728.02,109.33,373.599,1.9,38.53,13.42,1727.03,4337034.24,1781641.77
00:10:06.191,18/01/2026,09:10:59,17_T02,39.122765509,10.184294281,0.1,1728.02,109.33,373.593,1.9,38.53,13.42,1726.98,4337034.29,1781641.92
00:10:07.189,18/01/2026,09:11:00,17_T02,39.122766390,10.184294914,0.2,1728.04,109.39,373.612,1.9,38.53,13.42,1726.98,4337034.34,1781642.01
00:10:08.183,18/01/2026,09:11:01,17_T02,39.122766179,10.184295692,0.1,1728.05,109.48,373.683,2.0,38.53,13.42,1727.00,4337034.41,1781641.99
00:10:09.190,18/01/2026,09:11:02,17_T02,39.122766030,10.184296255,0.1,1728.05,109.56,373.735,2.0,38.53,13.42,1727.00,4337034.46,1781641.97
00:10:10.197,18/01/2026,09:11:03,17_T02,39.122765877,10.184296842,0.1,1728.03,109.61,373.789,2.4,38.53,13.42,1727.00,4337034.51,1781641.96
00:10:11.189,18/01/2026,09:11:04,17_T02,39.122764460,10.184296218,0.1,1728.01,109.63,373.790,2.4,38.53,13.42,1727.00,4337034.46,1781641.80
00:10:12.183,18/01/2026,09:11:05,17_T02,39.122763094,10.184295801,0.2,1728.00,109.63,373.807,2.5,38.53,13.42,1726.97,4337034.42,1781641.65
00:10:13.195,18/01/2026,09:11:06,17_T02,39.122762877,10.184296554,0.2,1727.98,109.60,373.877,2.5,38.53,13.42,1726.97,4337034.49,1781641.63
00:10:14.195,18/01/2026,09:11:07,17_T02,39.122762665,10.184297317,0.1,1727.96,109.55,373.947,2.6,38.53,13.42,1726.92,4337034.55,1781641.60
00:10:15.189,18/01/2026,09:11:08,17_T02,39.122762474,10.184297952,0.1,1727.92,109.51,374.006,2.7,38.53,13.42,1726.92,4337034.61,1781641.58
00:10:16.188,18/01/2026,09:11:09,17_T02,39.122762344,10.184298500,0.1,1727.88,109.43,374.056,2.8,38.53,13.42,1726.87,4337034.66,1781641.57
00:10:17.185,18/01/2026,09:11:10,17_T02,39.122761489,10.184298135,0.1,1727.86,109.41,374.058,2.8,38.53,13.42,1726.87,4337034.62,1781641.47
00:10:18.196,18/01/2026,09:11:11,17_T02,39.122760714,10.184298178,0.2,1727.85,109.45,374.090,2.9,38.53,13.42,1726.82,4337034.63,1781641.39
00:10:19.195,18/01/2026,09:11:12,17_T02,39.122760492,10.184299185,0.1,1727.85,109.49,374.181,3.0,38.53,13.42,1726.82,4337034.72,1781641.36
00:10:20.191,18/01/2026,09:11:13,17_T02,39.122760263,10.184299847,0.1,1727.85,109.49,374.244,3.0,38.53,13.42,1726.81,4337034.77,1781641.34
00:10:21.189,18/01/2026,09:11:14,17_T02,39.122759969,10.184300272,0.1,1727.81,109.61,374.289,3.1,38.53,13.42,1726.81,4337034.81,1781641.31
00:10:22.183,18/01/2026,09:11:15,17_T02,39.122760934,10.184301171,0.1,1727.74,109.72,374.327,3.1,38.53,13.42,1726.72,4337034.89,1781641.41
00:10:23.194,18/01/2026,09:11:16,17_T02,39.122761895,10.184302201,0.2,1727.68,109.75,374.376,3.2,38.53,13.42,1726.72,4337034.98,1781641.52
00:10:24.189,18/01/2026,09:11:17,17_T02,39.122761789,10.184303043,0.2,1727.65,109.68,374.449,3.2,38.53,13.42,1726.72,4337035.05,1781641.51
00:10:25.184,18/01/2026,09:11:18,17_T02,39.122761645,10.184304067,0.1,1727.66,109.52,374.538,3.3,38.53,13.42,1726.62,4337035.14,1781641.49
00:10:26.194,18/01/2026,09:11:19,17_T02,39.122761424,10.184304987,0.1,1727.66,109.37,374.621,3.4,38.53,13.42,1726.62,4337035.22,1781641.47
00:10:27.188,18/01/2026,09:11:20,17_T02,39.122761166,10.184305536,0.1,1727.62,109.31,374.676,3.6,38.53,13.42,1726.63,4337035.27,1781641.44
00:10:28.186,18/01/2026,09:11:21,17_T02,39.122760164,10.184306025,0.2,1727.56,109.25,374.753,3.6,38.53,13.42,1726.63,4337035.31,1781641.33
00:10:29.192,18/01/2026,09:11:22,17_T02,39.122759385,10.184306609,0.2,1727.50,109.22,374.830,3.6,38.53,13.42,1726.52,4337035.36,1781641.24
00:10:30.186,18/01/2026,09:11:23,17_T02,39.122759350,10.184307283,0.1,1727.49,109.15,374.887,3.6,38.53,13.42,1726.52,4337035.42,1781641.24
00:10:31.190,18/01/2026,09:11:24,17_T02,39.122759228,10.184308086,0.1,1727.55,109.03,374.957,3.6,38.53,13.42,1726.46,4337035.49,1781641.23
00:10:32.183,18/01/2026,09:11:25,17_T02,39.122759072,10.184308869,0.1,1727.64,108.91,375.027,3.7,38.53,13.42,1726.46,4337035.56,1781641.21
00:10:33.188,18/01/2026,09:11:26,17_T02,39.122759467,10.184311037,0.1,1727.77,108.63,375.190,3.6,38.53,13.42,1726.57,4337035.75,1781641.25
00:10:34.197,18/01/2026,09:11:27,17_T02,39.122760058,10.184312698,0.2,1727.97,108.16,375.304,3.5,38.53,13.42,1726.57,4337035.89,1781641.32
00:10:35.184,18/01/2026,09:11:28,17_T02,39.122760343,10.184312871,0.2,1728.18,107.80,375.307,3.2,38.53,13.42,1726.88,4337035.91,1781641.35
00:10:36.192,18/01/2026,09:11:29,17_T02,39.122760336,10.184312852,0.2,1728.38,107.87,375.306,3.0,38.53,13.42,1726.88,4337035.91,1781641.35
00:10:37.200,18/01/2026,09:11:30,17_T02,39.122760301,10.184312723,0.2,1728.59,108.02,375.297,2.8,38.53,13.42,1727.30,4337035.89,1781641.35
00:10:38.186,18/01/2026,09:11:31,17_T02,39.122760396,10.184312546,0.2,1728.81,108.04,375.279,2.6,38.53,13.42,1727.30,4337035.88,1781641.36
00:10:39.183,18/01/2026,09:11:32,17_T02,39.122760187,10.184312233,0.2,1729.02,108.04,375.261,2.3,38.53,13.42,1727.71,4337035.85,1781641.33
00:10:40.203,18/01/2026,09:11:33,17_T02,39.122759813,10.184311960,0.2,1729.21,108.38,375.253,2.1,38.53,13.42,1727.71,4337035.83,1781641.29
00:10:41.193,18/01/2026,09:11:34,17_T02,39.122759660,10.184311744,0.2,1729.38,108.95,375.241,1.9,38.53,13.42,1728.17,4337035.81,1781641.27
00:10:42.193,18/01/2026,09:11:35,17_T02,39.122759474,10.184311372,0.1,1729.51,109.54,375.217,1.8,38.53,13.42,1728.17,4337035.78,1781641.25
00:10:43.187,18/01/2026,09:11:36,17_T02,39.122759327,10.184310980,0.1,1729.61,110.00,375.190,1.7,38.53,13.42,1728.46,4337035.74,1781641.24
00:10:44.184,18/01/2026,09:11:37,17_T02,39.122759366,10.184310743,0.1,1729.70,110.31,375.169,1.5,38.53,13.42,1728.46,4337035.72,1781641.24
00:10:45.195,18/01/2026,09:11:38,17_T02,39.122759475,10.184310744,0.1,1729.79,110.49,375.165,1.4,38.53,13.42,1728.65,4337035.72,1781641.25
00:10:46.187,18/01/2026,09:11:39,17_T02,39.122759567,10.184310908,0.1,1729.90,110.49,375.175,1.3,38.53,13.42,1728.65,4337035.74,1781641.26
00:10:47.182,18/01/2026,09:11:40,17_T02,39.122759745,10.184311058,0.1,1730.04,110.32,375.181,1.1,38.53,13.42,1728.86,4337035.75,1781641.28
00:10:48.197,18/01/2026,09:11:41,17_T02,39.122759895,10.184311131,0.1,1730.14,110.12,375.182,1.1,38.53,13.42,1728.86,4337035.76,1781641.30
00:10:49.194,18/01/2026,09:11:42,17_T02,39.122761033,10.184312617,0.1,1730.21,109.94,375.261,1.0,38.53,13.43,1729.11,4337035.88,1781641.43
00:10:50.190,18/01/2026,09:11:43,17_T02,39.122762009,10.184313808,0.1,1730.26,109.80,375.322,0.9,38.53,13.43,1729.11,4337035.99,1781641.53
00:10:51.187,18/01/2026,09:11:44,17_T02,39.122762211,10.184313927,0.1,1730.31,109.70,375.324,0.8,38.52,13.43,1729.23,4337036.00,1781641.56
00:10:52.184,18/01/2026,09:11:45,17_T02,39.122762330,10.184314128,0.1,1730.38,109.65,375.336,0.7,38.52,13.43,1729.23,4337036.02,1781641.57
00:10:53.194,18/01/2026,09:11:46,17_T02,39.122762293,10.184314407,0.1,1730.45,109.71,375.361,0.7,38.52,13.42,1729.34,4337036.04,1781641.57
00:10:54.187,18/01/2026,09:11:47,17_T02,39.122762241,10.184314649,0.1,1730.51,109.82,375.382,0.6,38.52,13.42,1729.34,4337036.06,1781641.56
00:10:55.199,18/01/2026,09:11:48,17_T02,39.122761507,10.184314310,0.1,1730.55,109.89,375.382,0.6,38.53,13.42,1729.47,4337036.03,1781641.48
00:10:56.189,18/01/2026,09:11:49,17_T02,39.122760956,10.184314079,0.1,1730.58,109.94,375.384,0.6,38.53,13.42,1729.47,4337036.01,1781641.42
00:10:57.197,18/01/2026,09:11:50,17_T02,39.122760994,10.184314309,0.1,1730.62,109.95,375.401,0.5,38.53,13.42,1729.55,4337036.03,1781641.42
00:10:58.192,18/01/2026,09:11:51,17_T02,39.122760982,10.184314571,0.1,1730.66,109.92,375.423,0.5,38.53,13.42,1729.55,4337036.05,1781641.42
00:10:59.187,18/01/2026,09:11:52,17_T02,39.122760937,10.184314964,0.1,1730.69,109.88,375.457,0.5,38.52,13.43,1729.64,4337036.09,1781641.42
00:11:00.195,18/01/2026,09:11:53,17_T02,39.122761844,10.184316258,0.1,1730.74,109.80,375.529,0.4,38.52,13.43,1729.64,4337036.20,1781641.52
00:11:01.183,18/01/2026,09:11:54,17_T02,39.122762608,10.184317292,0.2,1730.81,109.65,375.585,0.4,38.53,13.42,1729.72,4337036.29,1781641.60
00:11:02.194,18/01/2026,09:11:55,17_T02,39.122762726,10.184317642,0.2,1730.89,109.39,375.609,0.3,38.53,13.42,1729.72,4337036.32,1781641.61
00:11:03.192,18/01/2026,09:11:56,17_T02,39.122762886,10.184318020,0.2,1730.98,109.04,375.634,0.2,38.53,13.42,1729.90,4337036.35,1781641.63
00:11:04.185,18/01/2026,09:11:57,17_T02,39.122763075,10.184318367,0.2,1730.99,108.20,375.656,0.2,38.53,13.42,1729.90,4337036.38,1781641.65
00:11:05.184,18/01/2026,09:11:58,17_T02,39.122762860,10.184318428,0.1,1731.00,107.90,375.669,0.2,38.53,13.42,1729.97,4337036.39,1781641.63
00:11:06.199,18/01/2026,09:11:59,17_T02,39.122762260,10.184318800,0.1,1731.01,108.22,375.722,0.2,38.53,13.42,1729.97,4337036.42,1781641.56
00:11:07.195,18/01/2026,09:12:00,17_T02,39.122761439,10.184319455,0.1,1731.03,108.88,375.806,0.3,38.53,13.42,1729.97,4337036.48,1781641.47
00:11:08.187,18/01/2026,09:12:01,17_T02,39.122760767,10.184320112,0.1,1731.04,109.50,375.885,0.3,38.53,13.42,1729.97,4337036.54,1781641.40
00:11:09.185,18/01/2026,09:12:02,17_T02,39.122760464,10.184320786,0.1,1731.04,109.99,375.951,0.4,38.53,13.42,1730.00,4337036.60,1781641.36
00:11:10.194,18/01/2026,09:12:03,17_T02,39.122760427,10.184321207,0.1,1731.02,110.30,375.987,0.4,38.53,13.42,1730.00,4337036.63,1781641.36
00:11:11.188,18/01/2026,09:12:04,17_T02,39.122760226,10.184321410,0.1,1730.99,110.47,376.011,0.4,38.53,13.42,1729.99,4337036.65,1781641.34
00:11:12.183,18/01/2026,09:12:05,17_T02,39.122759843,10.184321381,0.1,1730.94,110.58,376.023,0.5,38.53,13.42,1729.99,4337036.65,1781641.30
00:11:13.193,18/01/2026,09:12:06,17_T02,39.122759522,10.184321351,0.1,1730.87,110.50,376.032,0.5,38.53,13.42,1729.87,4337036.64,1781641.26
00:11:14.183,18/01/2026,09:12:07,17_T02,39.122759566,10.184321700,0.1,1730.82,110.19,376.059,0.6,38.53,13.42,1729.87,4337036.67,1781641.27
00:11:15.194,18/01/2026,09:12:08,17_T02,39.122759792,10.184322389,0.1,1730.80,109.78,376.107,0.6,38.53,13.42,1729.77,4337036.73,1781641.29
00:11:16.189,18/01/2026,09:12:09,17_T02,39.122759763,10.184323190,0.1,1730.79,109.49,376.174,0.7,38.53,13.42,1729.77,4337036.80,1781641.29
00:11:17.183,18/01/2026,09:12:10,17_T02,39.122760753,10.184325344,0.1,1730.77,109.32,376.314,0.8,38.53,13.42,1729.73,4337036.99,1781641.40
00:11:18.193,18/01/2026,09:12:11,17_T02,39.122761638,10.184326999,0.1,1730.72,109.25,376.416,0.8,38.53,13.42,1729.73,4337037.14,1781641.50
00:11:19.186,18/01/2026,09:12:12,17_T02,39.122761596,10.184327202,0.1,1730.64,109.31,376.435,0.9,38.52,13.42,1729.66,4337037.15,1781641.49
00:11:20.193,18/01/2026,09:12:13,17_T02,39.122761577,10.184327354,0.1,1730.57,109.46,376.448,1.0,38.52,13.42,1729.66,4337037.17,1781641.49
00:11:21.194,18/01/2026,09:12:14,17_T02,39.122761478,10.184327590,0.1,1730.54,109.67,376.471,1.0,38.53,13.42,1729.51,4337037.19,1781641.48
00:11:22.191,18/01/2026,09:12:15,17_T02,39.122762022,10.184329086,0.1,1730.53,109.88,376.573,1.1,38.53,13.42,1729.51,4337037.32,1781641.54
00:11:23.199,18/01/2026,09:12:16,17_T02,39.122762642,10.184330757,0.2,1730.56,109.85,376.687,1.1,38.53,13.42,1729.51,4337037.46,1781641.61
00:11:24.187,18/01/2026,09:12:17,17_T02,39.122762714,10.184331259,0.2,1730.62,109.58,376.725,1.1,38.53,13.42,1729.52,4337037.51,1781641.62
00:11:25.196,18/01/2026,09:12:18,17_T02,39.122762820,10.184331655,0.2,1730.66,109.41,376.754,1.0,38.53,13.42,1729.52,4337037.54,1781641.63
00:11:26.195,18/01/2026,09:12:19,17_T02,39.122762662,10.184332101,0.2,1730.68,109.38,376.796,1.0,38.53,13.43,1729.63,4337037.58,1781641.61
00:11:27.188,18/01/2026,09:12:20,17_T02,39.122763063,10.184333135,0.2,1730.72,109.38,376.866,1.1,38.53,13.43,1729.63,4337037.67,1781641.65
00:11:28.182,18/01/2026,09:12:21,17_T02,39.122763437,10.184334073,0.2,1730.77,109.42,376.929,1.1,38.53,13.43,1729.68,4337037.75,1781641.70
00:11:29.191,18/01/2026,09:12:22,17_T02,39.122763328,10.184334642,0.1,1730.81,109.56,376.979,1.0,38.53,13.43,1729.68,4337037.80,1781641.68
00:11:30.187,18/01/2026,09:12:23,17_T02,39.122763255,10.184335113,0.1,1730.87,109.64,377.021,1.0,38.52,13.42,1729.76,4337037.84,1781641.68
00:11:31.193,18/01/2026,09:12:24,17_T02,39.122763189,10.184335393,0.1,1730.95,109.64,377.046,0.9,38.52,13.42,1729.76,4337037.87,1781641.67
00:11:32.188,18/01/2026,09:12:25,17_T02,39.122763069,10.184335572,0.1,1731.01,109.70,377.065,0.8,38.53,13.42,1729.90,4337037.88,1781641.66
00:11:33.194,18/01/2026,09:12:26,17_T02,39.122762292,10.184336079,0.1,1731.04,109.79,377.136,0.8,38.53,13.42,1729.90,4337037.93,1781641.57
00:11:34.187,18/01/2026,09:12:27,17_T02,39.122761588,10.184336664,0.1,1731.06,109.84,377.210,0.8,38.53,13.43,1730.00,4337037.98,1781641.49
00:11:35.196,18/01/2026,09:12:28,17_T02,39.122761565,10.184336970,0.1,1731.08,109.87,377.236,0.9,38.53,13.43,1730.00,4337038.00,1781641.49
00:11:36.184,18/01/2026,09:12:29,17_T02,39.122761478,10.184337383,0.1,1731.09,109.93,377.273,0.8,38.53,13.43,1730.05,4337038.04,1781641.48
00:11:37.193,18/01/2026,09:12:30,17_T02,39.122761301,10.184337816,0.1,1731.11,109.97,377.315,0.8,38.53,13.43,1730.05,4337038.08,1781641.46
00:11:38.185,18/01/2026,09:12:31,17_T02,39.122762116,10.184339573,0.1,1731.11,109.94,377.428,0.9,38.53,13.43,1730.08,4337038.23,1781641.55
00:11:39.194,18/01/2026,09:12:32,17_T02,39.122762873,10.184341090,0.1,1731.11,109.80,377.524,0.9,38.53,13.43,1730.08,4337038.36,1781641.63
00:11:40.192,18/01/2026,09:12:33,17_T02,39.122762911,10.184341535,0.1,1731.13,109.62,377.559,0.9,38.53,13.42,1730.07,4337038.40,1781641.64
00:11:41.183,18/01/2026,09:12:34,17_T02,39.122762962,10.184341992,0.1,1731.18,109.38,377.595,0.8,38.53,13.42,1730.07,4337038.44,1781641.64
00:11:42.182,18/01/2026,09:12:35,17_T02,39.122763024,10.184342497,0.1,1731.26,109.07,377.634,0.8,38.52,13.42,1730.14,4337038.48,1781641.65
00:11:43.191,18/01/2026,09:12:36,17_T02,39.122763083,10.184342982,0.1,1731.35,108.82,377.672,0.7,38.52,13.42,1730.14,4337038.53,1781641.66
00:11:44.189,18/01/2026,09:12:37,17_T02,39.122762206,10.184343250,0.1,1731.43,108.77,377.726,0.7,38.53,13.42,1730.32,4337038.55,1781641.56
00:11:45.195,18/01/2026,09:12:38,17_T02,39.122761380,10.184343488,0.1,1731.51,108.92,377.776,0.5,38.53,13.42,1730.32,4337038.57,1781641.47
00:11:46.191,18/01/2026,09:12:39,17_T02,39.122761256,10.184343829,0.1,1731.59,109.19,377.809,0.5,38.53,13.42,1730.50,4337038.60,1781641.46
00:11:47.185,18/01/2026,09:12:40,17_T02,39.122761133,10.184344119,0.1,1731.67,109.49,377.837,0.5,38.53,13.42,1730.50,4337038.63,1781641.44
00:11:48.196,18/01/2026,09:12:41,17_T02,39.122761047,10.184344401,0.1,1731.75,109.68,377.864,0.4,38.52,13.42,1730.64,4337038.65,1781641.43
00:11:49.195,18/01/2026,09:12:42,17_T02,39.122761147,10.184345251,0.1,1731.83,109.88,377.929,0.3,38.52,13.42,1730.64,4337038.72,1781641.45
00:11:50.191,18/01/2026,09:12:43,17_T02,39.122761400,10.184345951,0.1,1731.86,109.78,377.977,0.2,38.53,13.42,1730.79,4337038.78,1781641.47
00:11:51.185,18/01/2026,09:12:44,17_T02,39.122761545,10.184346360,0.1,1731.86,109.37,378.005,0.2,38.53,13.42,1730.79,4337038.82,1781641.49
00:11:52.203,18/01/2026,09:12:45,17_T02,39.122761776,10.184346736,0.1,1731.88,109.16,378.028,0.3,38.53,13.42,1730.84,4337038.85,1781641.52
00:11:53.185,18/01/2026,09:12:46,17_T02,39.122761931,10.184347058,0.1,1731.91,109.10,378.048,0.3,38.53,13.42,1730.84,4337038.88,1781641.53
00:11:54.197,18/01/2026,09:12:47,17_T02,39.122761818,10.184347595,0.1,1731.93,109.18,378.096,0.3,38.53,13.42,1730.85,4337038.93,1781641.52
00:11:55.183,18/01/2026,09:12:48,17_T02,39.122760951,10.184346502,0.1,1731.95,109.34,378.039,0.3,38.53,13.42,1730.85,4337038.83,1781641.42
00:11:56.195,18/01/2026,09:12:49,17_T02,39.122760095,10.184345271,0.1,1731.93,109.65,377.970,0.3,38.53,13.42,1730.88,4337038.73,1781641.33
00:11:57.189,18/01/2026,09:12:50,17_T02,39.122759886,10.184345562,0.1,1731.90,109.94,378.002,0.3,38.53,13.42,1730.88,4337038.75,1781641.31
00:11:58.182,18/01/2026,09:12:51,17_T02,39.122759629,10.184345959,0.1,1731.86,110.10,378.044,0.4,38.53,13.42,1730.81,4337038.79,1781641.28
00:11:59.191,18/01/2026,09:12:52,17_T02,39.122759432,10.184346585,0.1,1731.83,110.11,378.103,0.5,38.53,13.42,1730.81,4337038.84,1781641.26
00:12:00.182,18/01/2026,09:12:53,17_T02,39.122760200,10.184348862,0.1,1731.82,109.94,378.260,0.5,38.53,13.42,1730.76,4337039.04,1781641.34
00:12:01.193,18/01/2026,09:12:54,17_T02,39.122760801,10.184350828,0.1,1731.83,109.68,378.399,0.6,38.53,13.42,1730.76,4337039.21,1781641.41
00:12:02.186,18/01/2026,09:12:55,17_T02,39.122760792,10.184351628,0.2,1731.83,109.42,378.465,0.6,38.53,13.42,1730.79,4337039.28,1781641.41
00:12:03.194,18/01/2026,09:12:56,17_T02,39.122760744,10.184352248,0.2,1731.84,109.22,378.518,0.6,38.53,13.42,1730.79,4337039.33,1781641.40
00:12:04.194,18/01/2026,09:12:57,17_T02,39.122760648,10.184352893,0.2,1731.84,109.20,378.574,0.7,38.53,13.42,1730.78,4337039.39,1781641.39
00:12:05.197,18/01/2026,09:12:58,17_T02,39.122761186,10.184354154,0.1,1731.86,109.22,378.657,0.7,38.53,13.42,1730.78,4337039.50,1781641.45
00:12:06.189,18/01/2026,09:12:59,17_T02,39.122761776,10.184355350,0.2,1731.93,109.10,378.733,0.6,38.53,13.42,1730.81,4337039.60,1781641.52
00:12:07.182,18/01/2026,09:13:00,17_T02,39.122761835,10.184355923,0.2,1732.02,108.95,378.778,0.5,38.53,13.42,1730.81,4337039.65,1781641.52
00:12:08.188,18/01/2026,09:13:01,17_T02,39.122761791,10.184356512,0.1,1732.12,108.94,378.828,0.4,38.53,13.42,1731.00,4337039.70,1781641.52
00:12:09.185,18/01/2026,09:13:02,17_T02,39.122761725,10.184357016,0.1,1732.21,109.02,378.872,0.4,38.53,13.42,1731.00,4337039.75,1781641.51
00:12:10.192,18/01/2026,09:13:03,17_T02,39.122761599,10.184357346,0.1,1732.28,109.23,378.903,0.3,38.53,13.42,1731.20,4337039.78,1781641.50
00:12:11.186,18/01/2026,09:13:04,17_T02,39.122760702,10.184356388,0.1,1732.30,109.25,378.858,0.3,38.53,13.42,1731.20,4337039.69,1781641.40
00:12:12.191,18/01/2026,09:13:05,17_T02,39.122759878,10.184355682,0.1,1732.30,108.88,378.831,0.3,38.53,13.42,1731.26,4337039.63,1781641.31
00:12:13.195,18/01/2026,09:13:06,17_T02,39.122760029,10.184356098,0.1,1732.32,108.50,378.859,0.3,38.53,13.42,1731.26,4337039.67,1781641.32
00:12:14.193,18/01/2026,09:13:07,17_T02,39.122759981,10.184356581,0.1,1732.33,108.37,378.901,0.3,38.53,13.42,1731.28,4337039.71,1781641.32
00:12:15.186,18/01/2026,09:13:08,17_T02,39.122759572,10.184357191,0.1,1732.36,108.51,378.966,0.3,38.53,13.42,1731.28,4337039.76,1781641.27
00:12:16.183,18/01/2026,09:13:09,17_T02,39.122759655,10.184357599,0.1,1732.38,108.60,378.996,0.3,38.53,13.42,1731.34,4337039.80,1781641.28
00:12:17.192,18/01/2026,09:13:10,17_T02,39.122759976,10.184357839,0.1,1732.40,108.51,379.004,0.3,38.53,13.42,1731.34,4337039.82,1781641.32
00:12:18.184,18/01/2026,09:13:11,17_T02,39.122759918,10.184358262,0.1,1732.43,108.46,379.041,0.3,38.53,13.42,1731.39,4337039.86,1781641.31
00:12:19.183,18/01/2026,09:13:12,17_T02,39.122759594,10.184358676,0.1,1732.45,108.65,379.087,0.3,38.53,13.42,1731.39,4337039.89,1781641.28
00:12:20.190,18/01/2026,09:13:13,17_T02,39.122759054,10.184358959,0.1,1732.47,109.01,379.130,0.3,38.53,13.42,1731.39,4337039.92,1781641.22
00:12:21.187,18/01/2026,09:13:14,17_T02,39.122758699,10.184359219,0.1,1732.49,109.23,379.165,0.3,38.53,13.42,1731.39,4337039.94,1781641.18
00:12:22.184,18/01/2026,09:13:15,17_T02,39.122757445,10.184359125,0.1,1732.50,109.17,379.203,0.3,38.53,13.42,1731.39,4337039.93,1781641.04
00:12:23.193,18/01/2026,09:13:16,17_T02,39.122756341,10.184359147,0.1,1732.52,109.09,379.246,0.3,38.53,13.42,1731.44,4337039.93,1781640.92
00:12:24.188,18/01/2026,09:13:17,17_T02,39.122756167,10.184359567,0.1,1732.55,109.07,379.287,0.3,38.53,13.42,1731.44,4337039.97,1781640.90
00:12:25.184,18/01/2026,09:13:18,17_T02,39.122756055,10.184360152,0.1,1732.57,108.95,379.339,0.3,38.53,13.42,1731.50,4337040.02,1781640.89
00:12:26.195,18/01/2026,09:13:19,17_T02,39.122755672,10.184360849,0.1,1732.59,109.03,379.411,0.3,38.53,13.42,1731.50,4337040.08,1781640.84
00:12:27.181,18/01/2026,09:13:20,17_T02,39.122754956,10.184362325,0.1,1732.62,109.24,379.558,0.3,38.53,13.42,1731.54,4337040.21,1781640.77
00:12:28.192,18/01/2026,09:13:21,17_T02,39.122754383,10.184363429,0.2,1732.64,109.40,379.670,0.3,38.53,13.42,1731.54,4337040.31,1781640.70
00:12:29.189,18/01/2026,09:13:22,17_T02,39.122754223,10.184363524,0.2,1732.65,109.46,379.684,0.3,38.53,13.42,1731.60,4337040.32,1781640.69
00:12:30.187,18/01/2026,09:13:23,17_T02,39.122754013,10.184363682,0.2,1732.64,109.67,379.704,0.3,38.53,13.42,1731.60,4337040.33,1781640.66
00:12:31.182,18/01/2026,09:13:24,17_T02,39.122753766,10.184364003,0.2,1732.66,109.83,379.740,0.3,38.53,13.42,1731.60,4337040.36,1781640.63
00:12:32.195,18/01/2026,09:13:25,17_T02,39.122753480,10.184364692,0.1,1732.68,109.90,379.807,0.3,38.53,13.42,1731.60,4337040.42,1781640.60
00:12:33.181,18/01/2026,09:13:26,17_T02,39.122752328,10.184364719,0.1,1732.70,109.95,379.852,0.3,38.53,13.42,1731.64,4337040.42,1781640.48
00:12:34.194,18/01/2026,09:13:27,17_T02,39.122751380,10.184364709,0.2,1732.71,110.02,379.887,0.3,38.53,13.42,1731.64,4337040.42,1781640.37
00:12:35.193,18/01/2026,09:13:28,17_T02,39.122751118,10.184365120,0.2,1732.68,110.11,379.930,0.4,38.53,13.42,1731.69,4337040.45,1781640.34
00:12:36.192,18/01/2026,09:13:29,17_T02,39.122750879,10.184365450,0.2,1732.63,110.18,379.966,0.4,38.53,13.42,1731.69,4337040.48,1781640.32
00:12:37.192,18/01/2026,09:13:30,17_T02,39.122750711,10.184365853,0.1,1732.58,110.20,380.005,0.5,38.53,13.42,1731.61,4337040.52,1781640.30
00:12:38.185,18/01/2026,09:13:31,17_T02,39.122750933,10.184367740,0.1,1732.55,110.14,380.151,0.5,38.53,13.42,1731.61,4337040.68,1781640.32
00:12:39.193,18/01/2026,09:13:32,17_T02,39.122751109,10.184369642,0.2,1732.53,109.94,380.301,0.6,38.53,13.42,1731.51,4337040.85,1781640.34
00:12:40.188,18/01/2026,09:13:33,17_T02,39.122751007,10.184370597,0.2,1732.51,109.70,380.383,0.7,38.53,13.42,1731.51,4337040.93,1781640.33
00:12:41.186,18/01/2026,09:13:34,17_T02,39.122750878,10.184371414,0.2,1732.46,109.56,380.454,0.8,38.53,13.42,1731.47,4337041.00,1781640.32
00:12:42.189,18/01/2026,09:13:35,17_T02,39.122750727,10.184372107,0.1,1732.40,109.56,380.517,0.8,38.53,13.42,1731.47,4337041.06,1781640.30
00:12:43.183,18/01/2026,09:13:36,17_T02,39.122750000,10.184371738,0.1,1732.34,109.67,380.514,0.9,38.53,13.42,1731.37,4337041.03,1781640.22
00:12:44.190,18/01/2026,09:13:37,17_T02,39.122749318,10.184371671,0.2,1732.28,109.82,380.533,1.0,38.53,13.42,1731.37,4337041.03,1781640.15
00:12:45.196,18/01/2026,09:13:38,17_T02,39.122749061,10.184372610,0.1,1732.24,109.96,380.620,1.1,38.53,13.42,1731.24,4337041.11,1781640.12
00:12:46.189,18/01/2026,09:13:39,17_T02,39.122748852,10.184373568,0.1,1732.19,110.02,380.706,1.2,38.53,13.42,1731.24,4337041.19,1781640.09
00:12:47.190,18/01/2026,09:13:40,17_T02,39.122748696,10.184374471,0.1,1732.13,110.00,380.786,1.3,38.53,13.42,1731.17,4337041.27,1781640.08
00:12:48.193,18/01/2026,09:13:41,17_T02,39.122748569,10.184375394,0.2,1732.06,109.94,380.866,1.4,38.53,13.42,1731.17,4337041.35,1781640.06
00:12:49.200,18/01/2026,09:13:42,17_T02,39.122747586,10.184376181,0.2,1731.99,109.89,380.967,1.5,38.53,13.42,1731.01,4337041.42,1781639.96
00:12:50.182,18/01/2026,09:13:43,17_T02,39.122746842,10.184376872,0.2,1731.96,109.69,381.052,1.6,38.53,13.42,1731.01,4337041.48,1781639.87
00:12:51.196,18/01/2026,09:13:44,17_T02,39.122746950,10.184377626,0.2,1732.00,109.28,381.109,1.5,38.53,13.42,1730.93,4337041.54,1781639.89
00:12:52.193,18/01/2026,09:13:45,17_T02,39.122747164,10.184378462,0.1,1732.07,108.88,381.170,1.5,38.53,13.42,1730.93,4337041.62,1781639.91
00:12:53.187,18/01/2026,09:13:46,17_T02,39.122747378,10.184379243,0.1,1732.19,108.48,381.226,1.4,38.52,13.42,1731.05,4337041.68,1781639.93
00:12:54.182,18/01/2026,09:13:47,17_T02,39.122748045,10.184379775,0.1,1732.34,108.21,381.245,1.3,38.52,13.42,1731.05,4337041.73,1781640.01
00:12:55.192,18/01/2026,09:13:48,17_T02,39.122748561,10.184380096,0.1,1732.50,108.09,381.252,1.2,38.53,13.42,1731.35,4337041.76,1781640.06
00:12:56.182,18/01/2026,09:13:49,17_T02,39.122748611,10.184380453,0.1,1732.65,108.07,381.279,1.0,38.53,13.42,1731.35,4337041.79,1781640.07
00:12:57.194,18/01/2026,09:13:50,17_T02,39.122748799,10.184380606,0.1,1732.84,108.06,381.285,0.8,38.53,13.42,1731.66,4337041.80,1781640.09
00:12:58.190,18/01/2026,09:13:51,17_T02,39.122749148,10.184380609,0.1,1733.06,107.86,381.272,0.6,38.53,13.42,1731.66,4337041.80,1781640.13
00:12:59.188,18/01/2026,09:13:52,17_T02,39.122749532,10.184380596,0.1,1733.31,107.67,381.256,0.3,38.53,13.42,1732.10,4337041.80,1781640.17
00:13:00.182,18/01/2026,09:13:53,17_T02,39.122749513,10.184380700,0.1,1733.36,106.77,381.266,0.2,38.53,13.42,1732.10,4337041.81,1781640.17
00:13:01.182,18/01/2026,09:13:54,17_T02,39.122748524,10.184381320,0.1,1733.35,106.88,381.353,0.2,38.53,13.42,1732.34,4337041.86,1781640.06
00:13:02.196,18/01/2026,09:13:55,17_T02,39.122748083,10.184381779,0.1,1733.36,107.35,381.407,0.3,38.53,13.42,1732.34,4337041.90,1781640.01
00:13:03.195,18/01/2026,09:13:56,17_T02,39.122747568,10.184382010,0.1,1733.35,107.97,381.445,0.3,38.53,13.42,1732.33,4337041.93,1781639.95
00:13:04.191,18/01/2026,09:13:57,17_T02,39.122747101,10.184382228,0.1,1733.35,108.64,381.481,0.2,38.53,13.42,1732.33,4337041.94,1781639.90
00:13:05.192,18/01/2026,09:13:58,17_T02,39.122745471,10.184381796,0.1,1733.35,109.10,381.506,0.3,38.53,13.43,1732.33,4337041.91,1781639.72
00:13:06.189,18/01/2026,09:13:59,17_T02,39.122743886,10.184381695,0.1,1733.35,109.41,381.557,0.3,38.53,13.43,1732.33,4337041.90,1781639.55
00:13:07.192,18/01/2026,09:14:00,17_T02,39.122743526,10.184381921,0.1,1733.35,109.71,381.588,0.3,38.53,13.43,1732.33,4337041.92,1781639.51
00:13:08.185,18/01/2026,09:14:01,17_T02,39.122743177,10.184382161,0.1,1733.34,110.10,381.621,0.3,38.53,13.43,1732.33,4337041.94,1781639.47
00:13:09.194,18/01/2026,09:14:02,17_T02,39.122742945,10.184382501,0.1,1733.33,110.47,381.658,0.3,38.53,13.44,1732.33,4337041.97,1781639.44
00:13:10.188,18/01/2026,09:14:03,17_T02,39.122742862,10.184382898,0.1,1733.32,110.76,381.693,0.3,38.53,13.44,1732.33,4337042.00,1781639.44
00:13:11.196,18/01/2026,09:14:04,17_T02,39.122743486,10.184384275,0.1,1733.30,110.92,381.783,0.3,38.53,13.44,1732.28,4337042.12,1781639.50
00:13:12.188,18/01/2026,09:14:05,17_T02,39.122743847,10.184385423,0.2,1733.28,110.92,381.863,0.3,38.53,13.44,1732.28,4337042.22,1781639.54
00:13:13.194,18/01/2026,09:14:06,17_T02,39.122743833,10.184386210,0.2,1733.26,110.81,381.928,0.3,38.53,13.44,1732.26,4337042.29,1781639.54
00:13:14.184,18/01/2026,09:14:07,17_T02,39.122743879,10.184387110,0.1,1733.24,110.62,382.000,0.3,38.53,13.44,1732.26,4337042.37,1781639.55
00:13:15.188,18/01/2026,09:14:08,17_T02,39.122743941,10.184388023,0.1,1733.22,110.38,382.073,0.3,38.52,13.44,1732.21,4337042.45,1781639.56
00:13:16.195,18/01/2026,09:14:09,17_T02,39.122744824,10.184390448,0.1,1733.19,110.15,382.239,0.3,38.52,13.44,1732.21,4337042.66,1781639.65
00:13:17.185,18/01/2026,09:14:10,17_T02,39.122745252,10.184391994,0.2,1733.14,109.99,382.349,0.3,38.53,13.44,1732.15,4337042.79,1781639.70
00:13:18.194,18/01/2026,09:14:11,17_T02,39.122745259,10.184392792,0.2,1733.09,109.90,382.414,0.3,38.53,13.44,1732.15,4337042.86,1781639.70
00:13:19.190,18/01/2026,09:14:12,17_T02,39.122745244,10.184393726,0.1,1733.05,109.90,382.491,0.3,38.53,13.44,1732.15,4337042.95,1781639.70
00:13:20.195,18/01/2026,09:14:13,17_T02,39.122745206,10.184394676,0.1,1733.03,109.94,382.571,0.3,38.52,13.44,1732.05,4337043.03,1781639.70
00:13:21.187,18/01/2026,09:14:14,17_T02,39.122745179,10.184395382,0.1,1733.03,109.95,382.629,0.3,38.52,13.44,1732.05,4337043.09,1781639.69
00:13:22.192,18/01/2026,09:14:15,17_T02,39.122746026,10.184397206,0.2,1732.99,110.02,382.747,0.3,38.53,13.44,1732.04,4337043.25,1781639.79
00:13:23.188,18/01/2026,09:14:16,17_T02,39.122746331,10.184397927,0.2,1732.90,110.16,382.795,0.3,38.53,13.44,1732.04,4337043.31,1781639.82
00:13:24.182,18/01/2026,09:14:17,17_T02,39.122746347,10.184397992,0.2,1732.79,110.28,382.800,0.3,38.52,13.43,1731.91,4337043.32,1781639.82
00:13:25.193,18/01/2026,09:14:18,17_T02,39.122746487,10.184398549,0.1,1732.72,110.30,382.840,0.3,38.52,13.43,1731.91,4337043.36,1781639.84
00:13:26.199,18/01/2026,09:14:19,17_T02,39.122746515,10.184399417,0.1,1732.69,110.24,382.910,0.3,38.53,13.43,1731.71,4337043.44,1781639.84
00:13:27.189,18/01/2026,09:14:20,17_T02,39.122745969,10.184399613,0.1,1732.73,110.03,382.947,0.8,38.53,13.43,1731.71,4337043.46,1781639.78
00:13:28.184,18/01/2026,09:14:21,17_T02,39.122745747,10.184399849,0.1,1732.79,109.65,382.974,0.8,38.53,13.43,1731.69,4337043.48,1781639.76
00:13:29.194,18/01/2026,09:14:22,17_T02,39.122746021,10.184400270,0.1,1732.85,109.19,382.998,0.8,38.53,13.43,1731.69,4337043.51,1781639.79
00:13:30.191,18/01/2026,09:14:23,17_T02,39.122746429,10.184400559,0.1,1732.93,108.78,383.007,0.8,38.53,13.43,1731.83,4337043.54,1781639.83
00:13:31.187,18/01/2026,09:14:24,17_T02,39.122746708,10.184400717,0.1,1733.05,108.45,383.009,0.8,38.53,13.43,1731.83,4337043.55,1781639.86
00:13:32.186,18/01/2026,09:14:25,17_T02,39.122748572,10.184400595,0.2,1733.19,108.41,382.930,0.8,38.53,13.44,1732.02,4337043.54,1781640.07
00:13:33.184,18/01/2026,09:14:26,17_T02,39.122749477,10.184400675,0.2,1733.34,108.65,382.903,0.8,38.53,13.44,1732.02,4337043.55,1781640.17
00:13:34.193,18/01/2026,09:14:27,17_T02,39.122749788,10.184400780,0.2,1733.55,108.58,382.900,0.8,38.52,13.43,1732.31,4337043.56,1781640.20
00:13:35.185,18/01/2026,09:14:28,17_T02,39.122750211,10.184400578,0.1,1733.71,108.50,382.868,0.8,38.52,13.43,1732.31,4337043.54,1781640.25
00:13:36.195,18/01/2026,09:14:29,17_T02,39.122750327,10.184400761,0.1,1733.70,108.41,382.878,0.8,38.52,13.42,1732.70,4337043.56,1781640.26
00:13:37.194,18/01/2026,09:14:30,17_T02,39.122749807,10.184401159,0.1,1733.67,108.92,382.930,0.8,38.52,13.42,1732.70,4337043.59,1781640.21
00:13:38.188,18/01/2026,09:14:31,17_T02,39.122749228,10.184400171,0.1,1733.68,109.25,382.871,0.8,38.53,13.42,1732.66,4337043.50,1781640.14
00:13:39.197,18/01/2026,09:14:32,17_T02,39.122749001,10.184399822,0.1,1733.68,109.57,382.851,0.8,38.53,13.42,1732.66,4337043.47,1781640.12
00:13:40.187,18/01/2026,09:14:33,17_T02,39.122748997,10.184400351,0.1,1733.68,109.78,382.894,0.8,38.53,13.43,1732.66,4337043.52,1781640.12
00:13:41.183,18/01/2026,09:14:34,17_T02,39.122748881,10.184400870,0.1,1733.70,109.95,382.941,0.8,38.53,13.43,1732.66,4337043.57,1781640.10
00:13:42.190,18/01/2026,09:14:35,17_T02,39.122748592,10.184401299,0.1,1733.70,110.17,382.987,0.8,38.52,13.44,1732.69,4337043.60,1781640.07
00:13:43.187,18/01/2026,09:14:36,17_T02,39.122746232,10.184401182,0.1,1733.69,110.32,383.065,0.8,38.52,13.44,1732.69,4337043.59,1781639.81
00:13:44.191,18/01/2026,09:14:37,17_T02,39.122745182,10.184401550,0.1,1733.68,110.42,383.134,0.3,38.53,13.44,1732.67,4337043.63,1781639.70
00:13:45.181,18/01/2026,09:14:38,17_T02,39.122744930,10.184402531,0.1,1733.68,110.47,383.224,0.3,38.53,13.44,1732.67,4337043.71,1781639.67
00:13:46.190,18/01/2026,09:14:39,17_T02,39.122744458,10.184403610,0.1,1733.68,110.48,383.330,0.4,38.53,13.44,1732.66,4337043.81,1781639.62
00:13:47.183,18/01/2026,09:14:40,17_T02,39.122744278,10.184403778,0.2,1733.68,110.39,383.351,0.4,38.53,13.44,1732.66,4337043.82,1781639.60
00:13:48.202,18/01/2026,09:14:41,17_T02,39.122744322,10.184403949,0.2,1733.69,110.18,383.363,0.3,38.53,13.44,1732.68,4337043.83,1781639.60
00:13:49.186,18/01/2026,09:14:42,17_T02,39.122743667,10.184405924,0.1,1733.66,110.09,383.549,0.3,38.53,13.44,1732.68,4337044.01,1781639.53
00:13:50.191,18/01/2026,09:14:43,17_T02,39.122743076,10.184407817,0.2,1733.63,110.03,383.726,0.3,38.53,13.44,1732.67,4337044.17,1781639.46
00:13:51.197,18/01/2026,09:14:44,17_T02,39.122742977,10.184408750,0.2,1733.61,110.03,383.806,0.3,38.53,13.44,1732.67,4337044.25,1781639.45
00:13:52.194,18/01/2026,09:14:45,17_T02,39.122742800,10.184409812,0.2,1733.59,110.10,383.900,0.3,38.53,13.44,1732.62,4337044.35,1781639.43
00:13:53.192,18/01/2026,09:14:46,17_T02,39.122742662,10.184410987,0.2,1733.58,110.10,384.001,0.3,38.53,13.44,1732.62,4337044.45,1781639.42
00:13:54.189,18/01/2026,09:14:47,17_T02,39.122741932,10.184411151,0.2,1733.58,110.01,384.042,0.3,38.52,13.44,1732.59,4337044.46,1781639.34
00:13:55.186,18/01/2026,09:14:48,17_T02,39.122741501,10.184411442,0.2,1733.55,109.98,384.082,0.3,38.52,13.44,1732.59,4337044.49,1781639.29
00:13:56.183,18/01/2026,09:14:49,17_T02,39.122741306,10.184411978,0.2,1733.48,110.03,384.133,0.3,38.52,13.44,1732.55,4337044.53,1781639.27
00:13:57.193,18/01/2026,09:14:50,17_T02,39.122741213,10.184412595,0.2,1733.40,110.08,384.187,0.3,38.52,13.44,1732.55,4337044.59,1781639.26
00:13:58.189,18/01/2026,09:14:51,17_T02,39.122741201,10.184413553,0.2,1733.36,110.02,384.266,0.3,38.53,13.43,1732.39,4337044.67,1781639.26
00:13:59.184,18/01/2026,09:14:52,17_T02,39.122741159,10.184414900,0.2,1733.35,109.93,384.378,0.3,38.53,13.43,1732.39,4337044.79,1781639.25
00:14:00.183,18/01/2026,09:14:53,17_T02,39.122743138,10.184417525,0.2,1733.36,109.86,384.519,0.3,38.53,13.44,1732.37,4337045.02,1781639.47
00:14:01.192,18/01/2026,09:14:54,17_T02,39.122744065,10.184419262,0.2,1733.35,109.86,384.627,0.3,38.53,13.44,1732.37,4337045.17,1781639.58
00:14:02.192,18/01/2026,09:14:55,17_T02,39.122743943,10.184420161,0.2,1733.29,109.92,384.705,0.3,38.52,13.43,1732.33,4337045.25,1781639.56
00:14:03.186,18/01/2026,09:14:56,17_T02,39.122743923,10.184421082,0.2,1733.21,109.99,384.781,1.3,38.52,13.43,1732.33,4337045.33,1781639.56
00:14:04.183,18/01/2026,09:14:57,17_T02,39.122743910,10.184422146,0.2,1733.15,110.03,384.869,1.3,38.53,13.43,1732.19,4337045.42,1781639.56
00:14:05.182,18/01/2026,09:14:58,17_T02,39.122743142,10.184422589,0.2,1733.12,110.00,384.934,1.3,38.53,13.43,1732.19,4337045.46,1781639.47
00:14:06.194,18/01/2026,09:14:59,17_T02,39.122742372,10.184423229,0.2,1733.11,109.93,385.015,1.4,38.53,13.43,1732.12,4337045.51,1781639.39
00:14:07.193,18/01/2026,09:15:00,17_T02,39.122742302,10.184424397,0.2,1733.11,109.79,385.113,1.4,38.53,13.43,1732.12,4337045.61,1781639.38
00:14:08.190,18/01/2026,09:15:01,17_T02,39.122742317,10.184425569,0.2,1733.08,109.69,385.208,1.6,38.53,13.43,1732.10,4337045.72,1781639.38
00:14:09.188,18/01/2026,09:15:02,17_T02,39.122742179,10.184426761,0.2,1733.04,109.65,385.311,1.6,38.53,13.43,1732.10,4337045.82,1781639.37
00:14:10.183,18/01/2026,09:15:03,17_T02,39.122741440,10.184425645,0.2,1733.02,109.64,385.247,1.6,38.53,13.43,1732.03,4337045.72,1781639.29
00:14:11.189,18/01/2026,09:15:04,17_T02,39.122740738,10.184424864,0.2,1733.03,109.64,385.209,1.7,38.53,13.43,1732.03,4337045.66,1781639.21
00:14:12.195,18/01/2026,09:15:05,17_T02,39.122740588,10.184426086,0.2,1733.06,109.61,385.315,1.8,38.53,13.44,1732.05,4337045.76,1781639.19
00:14:13.186,18/01/2026,09:15:06,17_T02,39.122740441,10.184427109,0.2,1733.10,109.56,385.404,1.7,38.53,13.44,1732.05,4337045.85,1781639.18
00:14:14.192,18/01/2026,09:15:07,17_T02,39.122740358,10.184427896,0.2,1733.13,109.53,385.472,1.7,38.53,13.43,1732.11,4337045.92,1781639.17
00:14:15.186,18/01/2026,09:15:08,17_T02,39.122740301,10.184428736,0.2,1733.15,109.52,385.543,1.7,38.53,13.43,1732.11,4337045.99,1781639.16
00:14:16.194,18/01/2026,09:15:09,17_T02,39.122739517,10.184429696,0.2,1733.20,109.47,385.650,1.7,38.53,13.43,1732.11,4337046.08,1781639.08
00:14:17.189,18/01/2026,09:15:10,17_T02,39.122738775,10.184430859,0.2,1733.28,109.51,385.773,1.6,38.52,13.44,1732.19,4337046.18,1781638.99
00:14:18.197,18/01/2026,09:15:11,17_T02,39.122738602,10.184431900,0.2,1733.37,109.62,385.865,1.6,38.52,13.44,1732.19,4337046.27,1781638.98
00:14:19.189,18/01/2026,09:15:12,17_T02,39.122738452,10.184432755,0.2,1733.46,109.69,385.941,1.5,38.53,13.43,1732.35,4337046.34,1781638.96
00:14:20.196,18/01/2026,09:15:13,17_T02,39.122738475,10.184433441,0.2,1733.55,109.65,385.996,1.4,38.53,13.43,1732.35,4337046.40,1781638.96
00:14:21.191,18/01/2026,09:15:14,17_T02,39.122738636,10.184434121,0.2,1733.65,109.51,386.046,1.3,38.52,13.43,1732.52,4337046.46,1781638.98
00:14:22.186,18/01/2026,09:15:15,17_T02,39.122738783,10.184434844,0.2,1733.78,109.39,386.099,1.2,38.52,13.43,1732.52,4337046.52,1781639.00
00:14:23.181,18/01/2026,09:15:16,17_T02,39.122738769,10.184435761,0.1,1733.89,109.44,386.175,1.1,38.53,13.42,1732.74,4337046.60,1781639.00
00:14:24.192,18/01/2026,09:15:17,17_T02,39.122738594,10.184436529,0.1,1733.99,109.65,386.244,1.1,38.53,13.42,1732.74,4337046.67,1781638.98
00:14:25.189,18/01/2026,09:15:18,17_T02,39.122738405,10.184437147,0.1,1734.04,109.93,386.302,1.0,38.53,13.42,1732.98,4337046.72,1781638.96
00:14:26.188,18/01/2026,09:15:19,17_T02,39.122738295,10.184437674,0.1,1734.06,110.19,386.349,1.0,38.53,13.42,1732.98,4337046.77,1781638.94
00:14:27.187,18/01/2026,09:15:20,17_T02,39.122739279,10.184438857,0.1,1734.06,110.35,386.410,1.0,38.53,13.43,1733.07,4337046.87,1781639.05
00:14:28.183,18/01/2026,09:15:21,17_T02,39.122740014,10.184440049,0.1,1734.06,110.37,386.480,1.0,38.53,13.43,1733.07,4337046.98,1781639.13
00:14:29.193,18/01/2026,09:15:22,17_T02,39.122739922,10.184441093,0.1,1734.06,110.28,386.569,1.0,38.53,13.43,1733.07,4337047.07,1781639.12
00:14:30.189,18/01/2026,09:15:23,17_T02,39.122739900,10.184442119,0.1,1734.06,110.08,386.654,1.0,38.53,13.43,1733.07,4337047.16,1781639.12
00:14:31.187,18/01/2026,09:15:24,17_T02,39.122739961,10.184443101,0.1,1734.07,109.85,386.732,1.1,38.53,13.42,1733.07,4337047.24,1781639.13
00:14:32.185,18/01/2026,09:15:25,17_T02,39.122739486,10.184443525,0.2,1734.07,109.74,386.784,1.1,38.53,13.42,1733.07,4337047.28,1781639.08
00:14:33.196,18/01/2026,09:15:26,17_T02,39.122738997,10.184444019,0.2,1734.07,109.78,386.843,1.1,38.53,13.42,1733.08,4337047.32,1781639.02
00:14:34.182,18/01/2026,09:15:27,17_T02,39.122738876,10.184444901,0.2,1734.06,109.88,386.920,1.1,38.53,13.42,1733.08,4337047.40,1781639.01
00:14:35.192,18/01/2026,09:15:28,17_T02,39.122738774,10.184445916,0.2,1734.07,109.99,387.007,1.1,38.53,13.42,1733.06,4337047.49,1781639.00
00:14:36.196,18/01/2026,09:15:29,17_T02,39.122738717,10.184447076,0.2,1734.10,109.99,387.104,1.1,38.53,13.42,1733.06,4337047.59,1781638.99
00:14:37.192,18/01/2026,09:15:30,17_T02,39.122738710,10.184448165,0.2,1734.13,109.88,387.193,1.1,38.53,13.42,1733.09,4337047.68,1781638.99
00:14:38.189,18/01/2026,09:15:31,17_T02,39.122738640,10.184446900,0.2,1734.14,109.73,387.092,1.1,38.53,13.42,1733.09,4337047.57,1781638.98
00:14:39.189,18/01/2026,09:15:32,17_T02,39.122738541,10.184445508,0.2,1734.14,109.60,386.982,1.1,38.53,13.42,1733.16,4337047.45,1781638.97
00:14:40.193,18/01/2026,09:15:33,17_T02,39.122738560,10.184446374,0.2,1734.15,109.50,387.052,1.2,38.53,13.42,1733.16,4337047.53,1781638.97
00:14:41.191,18/01/2026,09:15:34,17_T02,39.122738574,10.184447406,0.2,1734.18,109.46,387.136,1.2,38.53,13.42,1733.16,4337047.62,1781638.98
00:14:42.197,18/01/2026,09:15:35,17_T02,39.122738489,10.184448565,0.2,1734.23,109.54,387.234,1.1,38.53,13.42,1733.16,4337047.72,1781638.97
00:14:43.185,18/01/2026,09:15:36,17_T02,39.122737576,10.184447874,0.2,1734.28,109.69,387.211,1.1,38.53,13.42,1733.26,4337047.66,1781638.87
00:14:44.190,18/01/2026,09:15:37,17_T02,39.122736754,10.184447195,0.2,1734.31,109.82,387.186,1.1,38.53,13.42,1733.26,4337047.60,1781638.78
00:14:45.186,18/01/2026,09:15:38,17_T02,39.122736727,10.184448064,0.2,1734.33,109.88,387.259,1.1,38.53,13.42,1733.33,4337047.67,1781638.77
00:14:46.195,18/01/2026,09:15:39,17_T02,39.122736775,10.184448909,0.2,1734.35,109.85,387.326,1.1,38.53,13.42,1733.33,4337047.75,1781638.78
00:14:47.185,18/01/2026,09:15:40,17_T02,39.122736761,10.184449843,0.2,1734.37,109.85,387.403,1.1,38.53,13.42,1733.36,4337047.83,1781638.78
00:14:48.192,18/01/2026,09:15:41,17_T02,39.122736655,10.184450824,0.2,1734.40,109.86,387.487,1.1,38.53,13.42,1733.36,4337047.91,1781638.77
00:14:49.187,18/01/2026,09:15:42,17_T02,39.122736967,10.184451979,0.2,1734.42,109.84,387.570,1.1,38.53,13.42,1733.39,4337048.02,1781638.80
00:14:50.183,18/01/2026,09:15:43,17_T02,39.122737288,10.184453190,0.2,1734.44,109.81,387.658,1.1,38.53,13.42,1733.39,4337048.12,1781638.84
00:14:51.193,18/01/2026,09:15:44,17_T02,39.122737267,10.184454320,0.2,1734.47,109.77,387.751,1.1,38.53,13.42,1733.44,4337048.22,1781638.83
00:14:52.189,18/01/2026,09:15:45,17_T02,39.122737254,10.184455419,0.2,1734.51,109.71,387.841,1.1,38.53,13.42,1733.44,4337048.31,1781638.83
00:14:53.188,18/01/2026,09:15:46,17_T02,39.122737107,10.184456296,0.2,1734.54,109.90,387.919,1.1,38.53,13.42,1733.52,4337048.39,1781638.82
00:14:54.184,18/01/2026,09:15:47,17_T02,39.122737545,10.184458816,0.2,1734.57,110.23,388.109,1.1,38.53,13.42,1733.52,4337048.61,1781638.86
00:14:55.193,18/01/2026,09:15:48,17_T02,39.122737922,10.184461168,0.2,1734.60,110.58,388.287,1.1,38.53,13.42,1733.57,4337048.81,1781638.91
00:14:56.187,18/01/2026,09:15:49,17_T02,39.122737760,10.184462265,0.2,1734.64,110.86,388.383,1.1,38.53,13.42,1733.57,4337048.91,1781638.89
00:14:57.195,18/01/2026,09:15:50,17_T02,39.122737551,10.184463340,0.2,1734.70,111.10,388.479,1.1,38.53,13.42,1733.65,4337049.00,1781638.87
00:14:58.192,18/01/2026,09:15:51,17_T02,39.122737397,10.184464270,0.2,1734.74,111.21,388.561,1.1,38.53,13.42,1733.65,4337049.08,1781638.85
00:14:59.187,18/01/2026,09:15:52,17_T02,39.122737561,10.184463201,0.2,1734.77,111.18,388.467,1.0,38.53,13.42,1733.76,4337048.99,1781638.87
00:15:00.182,18/01/2026,09:15:53,17_T02,39.122737742,10.184462609,0.2,1734.78,111.05,388.412,1.1,38.53,13.42,1733.76,4337048.94,1781638.89
00:15:01.183,18/01/2026,09:15:54,17_T02,39.122737803,10.184463525,0.2,1734.79,110.85,388.485,1.0,38.53,13.42,1733.77,4337049.02,1781638.89
00:15:02.194,18/01/2026,09:15:55,17_T02,39.122737844,10.184464660,0.2,1734.82,110.67,388.576,1.1,38.53,13.42,1733.77,4337049.12,1781638.90
00:15:03.200,18/01/2026,09:15:56,17_T02,39.122737748,10.184465825,0.2,1734.87,110.57,388.675,1.1,38.53,13.42,1733.84,4337049.22,1781638.89
00:15:04.188,18/01/2026,09:15:57,17_T02,39.122737620,10.184466816,0.2,1734.90,110.57,388.761,1.1,38.53,13.42,1733.84,4337049.31,1781638.87
00:15:05.184,18/01/2026,09:15:58,17_T02,39.122736074,10.184467934,0.2,1734.91,110.64,388.910,1.1,38.53,13.43,1733.92,4337049.40,1781638.70
00:15:06.180,18/01/2026,09:15:59,17_T02,39.122734838,10.184468956,0.2,1734.92,110.74,389.040,1.1,38.53,13.43,1733.92,4337049.49,1781638.57
00:15:07.193,18/01/2026,09:16:00,17_T02,39.122734770,10.184469868,0.2,1734.93,110.84,389.117,1.1,38.53,13.43,1733.93,4337049.57,1781638.56
00:15:08.189,18/01/2026,09:16:01,17_T02,39.122734672,10.184470970,0.2,1734.97,110.89,389.211,1.1,38.53,13.43,1733.93,4337049.67,1781638.55
00:15:09.191,18/01/2026,09:16:02,17_T02,39.122734569,10.184472132,0.2,1735.01,110.84,389.310,1.1,38.53,13.43,1733.99,4337049.77,1781638.54
00:15:10.187,18/01/2026,09:16:03,17_T02,39.122733846,10.184473021,0.2,1735.05,110.75,389.410,1.1,38.53,13.43,1733.99,4337049.85,1781638.46
00:15:11.181,18/01/2026,09:16:04,17_T02,39.122733231,10.184473823,0.2,1735.06,110.67,389.498,1.1,38.53,13.43,1734.05,4337049.92,1781638.39
00:15:12.193,18/01/2026,09:16:05,17_T02,39.122733203,10.184474740,0.2,1735.07,110.64,389.575,1.1,38.53,13.43,1734.05,4337050.00,1781638.39
00:15:13.187,18/01/2026,09:16:06,17_T02,39.122733163,10.184475810,0.2,1735.09,110.62,389.664,1.1,38.53,13.43,1734.08,4337050.09,1781638.38
00:15:14.188,18/01/2026,09:16:07,17_T02,39.122733050,10.184477022,0.2,1735.13,110.64,389.767,1.1,38.53,13.43,1734.08,4337050.19,1781638.37
00:15:15.191,18/01/2026,09:16:08,17_T02,39.122732937,10.184478222,0.2,1735.18,110.67,389.870,1.1,38.53,13.43,1734.08,4337050.30,1781638.36
00:15:16.185,18/01/2026,09:16:09,17_T02,39.122731381,10.184479186,0.2,1735.24,110.67,390.007,1.1,38.53,13.43,1734.16,4337050.38,1781638.19
00:15:17.191,18/01/2026,09:16:10,17_T02,39.122730017,10.184479843,0.2,1735.26,110.69,390.111,1.1,38.53,13.43,1734.16,4337050.44,1781638.04
00:15:18.207,18/01/2026,09:16:11,17_T02,39.122729963,10.184480351,0.2,1735.26,110.75,390.155,1.1,38.53,13.43,1734.25,4337050.49,1781638.03
00:15:19.187,18/01/2026,09:16:12,17_T02,39.122729961,10.184480999,0.2,1735.26,110.78,390.208,1.1,38.53,13.43,1734.25,4337050.54,1781638.03
00:15:20.189,18/01/2026,09:16:13,17_T02,39.122729943,10.184482017,0.2,1735.28,110.78,390.292,1.0,38.53,13.43,1734.25,4337050.63,1781638.03
00:15:21.195,18/01/2026,09:16:14,17_T02,39.122729403,10.184484592,0.2,1735.34,110.76,390.523,1.1,38.53,13.43,1734.25,4337050.85,1781637.97
00:15:22.185,18/01/2026,09:16:15,17_T02,39.122728976,10.184486529,0.3,1735.39,110.72,390.697,1.1,38.53,13.43,1734.32,4337051.02,1781637.93
00:15:23.191,18/01/2026,09:16:16,17_T02,39.122728864,10.184487207,0.3,1735.41,110.69,390.757,1.1,38.53,13.43,1734.32,4337051.08,1781637.91
00:15:24.182,18/01/2026,09:16:17,17_T02,39.122728832,10.184487703,0.2,1735.39,110.64,390.799,1.1,38.53,13.43,1734.41,4337051.13,1781637.91
00:15:25.189,18/01/2026,09:16:18,17_T02,39.122728898,10.184488301,0.1,1735.38,110.57,390.845,1.1,38.53,13.43,1734.41,4337051.18,1781637.92
00:15:26.196,18/01/2026,09:16:19,17_T02,39.122728900,10.184489242,0.2,1735.40,110.55,390.922,1.1,38.53,13.43,1734.38,4337051.26,1781637.92
00:15:27.186,18/01/2026,09:16:20,17_T02,39.122728490,10.184489543,0.2,1735.44,110.58,390.962,1.1,38.53,13.43,1734.38,4337051.29,1781637.87
00:15:28.185,18/01/2026,09:16:21,17_T02,39.122728036,10.184489929,0.1,1735.48,110.65,391.011,1.1,38.53,13.43,1734.44,4337051.32,1781637.82
00:15:29.195,18/01/2026,09:16:22,17_T02,39.122727889,10.184490943,0.1,1735.50,110.69,391.099,1.1,38.53,13.43,1734.44,4337051.41,1781637.81
00:15:30.188,18/01/2026,09:16:23,17_T02,39.122727858,10.184491873,0.1,1735.51,110.68,391.177,1.1,38.53,13.43,1734.48,4337051.49,1781637.80
00:15:31.185,18/01/2026,09:16:24,17_T02,39.122727845,10.184492794,0.1,1735.52,110.62,391.253,1.1,38.53,13.43,1734.48,4337051.57,1781637.80
00:15:32.194,18/01/2026,09:16:25,17_T02,39.122727868,10.184493070,0.1,1735.54,110.59,391.274,1.1,38.53,13.43,1734.50,4337051.59,1781637.80
00:15:33.189,18/01/2026,09:16:26,17_T02,39.122727777,10.184493628,0.1,1735.57,110.58,391.323,1.1,38.53,13.43,1734.50,4337051.64,1781637.79
00:15:34.182,18/01/2026,09:16:27,17_T02,39.122727619,10.184494947,0.1,1735.62,110.56,391.437,1.1,38.53,13.43,1734.56,4337051.76,1781637.78
00:15:35.193,18/01/2026,09:16:28,17_T02,39.122727517,10.184496100,0.2,1735.65,110.54,391.536,1.1,38.53,13.43,1734.56,4337051.86,1781637.77
00:15:36.189,18/01/2026,09:16:29,17_T02,39.122727431,10.184497218,0.2,1735.68,110.55,391.630,1.1,38.53,13.43,1734.64,4337051.95,1781637.76
00:15:37.181,18/01/2026,09:16:30,17_T02,39.122725972,10.184497775,0.2,1735.70,110.58,391.730,1.1,38.53,13.43,1734.64,4337052.00,1781637.60
00:15:38.194,18/01/2026,09:16:31,17_T02,39.122724764,10.184498421,0.2,1735.73,110.65,391.828,1.1,38.53,13.43,1734.68,4337052.06,1781637.46
00:15:39.190,18/01/2026,09:16:32,17_T02,39.122724671,10.184499506,0.2,1735.77,110.69,391.920,1.1,38.53,13.43,1734.68,4337052.15,1781637.45
00:15:40.187,18/01/2026,09:16:33,17_T02,39.122724566,10.184500720,0.2,1735.82,110.69,392.024,1.1,38.53,13.43,1734.76,4337052.26,1781637.44
00:15:41.187,18/01/2026,09:16:34,17_T02,39.122724523,10.184501940,0.2,1735.88,110.66,392.125,1.1,38.53,13.43,1734.76,4337052.37,1781637.44
00:15:42.188,18/01/2026,09:16:35,17_T02,39.122724482,10.184502933,0.2,1735.95,110.61,392.208,1.0,38.53,13.43,1734.88,4337052.45,1781637.43
00:15:43.196,18/01/2026,09:16:36,17_T02,39.122725742,10.184504989,0.2,1735.98,110.61,392.330,1.0,38.53,13.43,1734.88,4337052.63,1781637.57
00:15:44.193,18/01/2026,09:16:37,17_T02,39.122726852,10.184506837,0.2,1735.98,110.69,392.440,1.0,38.53,13.43,1734.98,4337052.79,1781637.70
00:15:45.188,18/01/2026,09:16:38,17_T02,39.122726835,10.184507601,0.2,1735.98,110.74,392.503,1.0,38.53,13.43,1734.98,4337052.86,1781637.69
00:15:46.185,18/01/2026,09:16:39,17_T02,39.122726789,10.184508668,0.2,1735.99,110.79,392.592,1.0,38.53,13.43,1734.95,4337052.95,1781637.69
00:15:47.181,18/01/2026,09:16:40,17_T02,39.122726636,10.184509969,0.2,1736.02,110.84,392.704,1.0,38.53,13.43,1734.95,4337053.06,1781637.67
00:15:48.192,18/01/2026,09:16:41,17_T02,39.122727714,10.184512682,0.2,1736.04,110.88,392.886,1.1,38.53,13.43,1735.01,4337053.30,1781637.79
00:15:49.187,18/01/2026,09:16:42,17_T02,39.122728706,10.184515090,0.3,1736.05,110.84,393.047,1.1,38.53,13.43,1735.01,4337053.51,1781637.90
00:15:50.182,18/01/2026,09:16:43,17_T02,39.122728678,10.184516173,0.2,1736.04,110.78,393.136,1.1,38.53,13.43,1735.02,4337053.60,1781637.90
00:15:51.186,18/01/2026,09:16:44,17_T02,39.122728655,10.184517297,0.2,1736.03,110.71,393.229,1.1,38.53,13.43,1735.02,4337053.70,1781637.90
00:15:52.180,18/01/2026,09:16:45,17_T02,39.122728586,10.184518530,0.2,1736.05,110.61,393.333,1.1,38.53,13.43,1735.01,4337053.81,1781637.89
00:15:53.186,18/01/2026,09:16:46,17_T02,39.122728471,10.184519809,0.2,1736.07,110.53,393.442,1.1,38.53,13.43,1735.01,4337053.92,1781637.88
00:15:54.193,18/01/2026,09:16:47,17_T02,39.122728569,10.184521771,0.2,1736.11,110.44,393.599,1.1,38.53,13.44,1735.06,4337054.09,1781637.89
00:15:55.204,18/01/2026,09:16:48,17_T02,39.122728676,10.184523329,0.2,1736.15,110.38,393.722,1.1,38.53,13.44,1735.06,4337054.22,1781637.90
00:15:56.190,18/01/2026,09:16:49,17_T02,39.122728618,10.184524345,0.2,1736.17,110.40,393.808,1.1,38.53,13.43,1735.13,4337054.31,1781637.89
00:15:57.180,18/01/2026,09:16:50,17_T02,39.122728527,10.184525246,0.2,1736.18,110.48,393.885,1.1,38.53,13.43,1735.13,4337054.39,1781637.88
00:15:58.193,18/01/2026,09:16:51,17_T02,39.122728431,10.184526252,0.2,1736.19,110.60,393.971,1.2,38.53,13.43,1735.16,4337054.48,1781637.87
00:15:59.186,18/01/2026,09:16:52,17_T02,39.122729087,10.184526854,0.2,1736.22,110.74,393.996,1.1,38.53,13.43,1735.16,4337054.53,1781637.95
00:16:00.184,18/01/2026,09:16:53,17_T02,39.122729669,10.184527661,0.2,1736.26,110.81,394.040,1.1,38.53,13.44,1735.23,4337054.60,1781638.01
00:16:01.192,18/01/2026,09:16:54,17_T02,39.122729535,10.184529039,0.2,1736.30,110.79,394.158,1.1,38.53,13.44,1735.23,4337054.72,1781638.00
00:16:02.185,18/01/2026,09:16:55,17_T02,39.122729452,10.184530220,0.2,1736.32,110.74,394.258,1.1,38.53,13.44,1735.28,4337054.82,1781637.99
00:16:03.181,18/01/2026,09:16:56,17_T02,39.122729403,10.184531294,0.2,1736.32,110.66,394.348,1.1,38.53,13.44,1735.28,4337054.92,1781637.98
00:16:04.193,18/01/2026,09:16:57,17_T02,39.122729371,10.184532350,0.2,1736.32,110.61,394.435,1.2,38.53,13.44,1735.28,4337055.01,1781637.98
00:16:05.189,18/01/2026,09:16:58,17_T02,39.122730335,10.184535206,0.2,1736.33,110.59,394.634,1.2,38.53,13.44,1735.28,4337055.26,1781638.09
00:16:06.190,18/01/2026,09:16:59,17_T02,39.122731043,10.184537810,0.2,1736.35,110.63,394.820,1.2,38.53,13.44,1735.31,4337055.48,1781638.16
00:16:07.185,18/01/2026,09:17:00,17_T02,39.122730895,10.184539147,0.2,1736.38,110.65,394.935,1.2,38.53,13.44,1735.31,4337055.60,1781638.15
00:16:08.184,18/01/2026,09:17:01,17_T02,39.122730793,10.184540415,0.2,1736.40,110.63,395.043,1.2,38.52,13.43,1735.35,4337055.71,1781638.14
00:16:09.181,18/01/2026,09:17:02,17_T02,39.122730737,10.184541537,0.2,1736.42,110.56,395.137,1.2,38.52,13.43,1735.35,4337055.81,1781638.13
00:16:10.189,18/01/2026,09:17:03,17_T02,39.122730718,10.184542580,0.2,1736.42,110.52,395.223,1.2,38.53,13.42,1735.38,4337055.90,1781638.13
00:16:11.187,18/01/2026,09:17:04,17_T02,39.122730661,10.184543588,0.2,1736.42,110.50,395.308,1.2,38.53,13.42,1735.38,4337055.99,1781638.12
00:16:12.181,18/01/2026,09:17:05,17_T02,39.122730577,10.184544745,0.2,1736.43,110.53,395.406,1.2,38.53,13.42,1735.38,4337056.09,1781638.11
00:16:13.193,18/01/2026,09:17:06,17_T02,39.122730449,10.184546081,0.2,1736.45,110.57,395.520,1.2,38.53,13.42,1735.38,4337056.20,1781638.10
00:16:14.192,18/01/2026,09:17:07,17_T02,39.122730349,10.184547426,0.2,1736.48,110.57,395.634,1.2,38.53,13.42,1735.38,4337056.32,1781638.09
00:16:15.188,18/01/2026,09:17:08,17_T02,39.122730252,10.184548693,0.2,1736.51,110.54,395.741,1.2,38.53,13.42,1735.45,4337056.43,1781638.08
00:16:16.182,18/01/2026,09:17:09,17_T02,39.122730928,10.184549519,0.2,1736.52,110.53,395.784,1.2,38.53,13.42,1735.45,4337056.50,1781638.15
00:16:17.181,18/01/2026,09:17:10,17_T02,39.122731544,10.184550362,0.2,1736.51,110.53,395.830,1.2,38.53,13.42,1735.48,4337056.58,1781638.22
00:16:18.191,18/01/2026,09:17:11,17_T02,39.122731480,10.184551512,0.2,1736.51,110.52,395.926,1.2,38.53,13.42,1735.48,4337056.68,1781638.22
00:16:19.183,18/01/2026,09:17:12,17_T02,39.122731390,10.184552859,0.2,1736.53,110.53,396.040,1.2,38.53,13.42,1735.48,4337056.79,1781638.21
00:16:20.193,18/01/2026,09:17:13,17_T02,39.122731260,10.184554269,0.2,1736.56,110.55,396.160,1.2,38.53,13.42,1735.48,4337056.92,1781638.19
00:16:21.188,18/01/2026,09:17:14,17_T02,39.122732444,10.184555671,0.2,1736.59,110.56,396.231,1.2,38.53,13.43,1735.51,4337057.04,1781638.32
00:16:22.185,18/01/2026,09:17:15,17_T02,39.122733437,10.184556841,0.2,1736.61,110.58,396.290,1.2,38.53,13.43,1735.51,4337057.14,1781638.43
00:16:23.191,18/01/2026,09:17:16,17_T02,39.122733223,10.184557838,0.2,1736.61,110.77,396.380,1.2,38.53,13.43,1735.57,4337057.23,1781638.41
00:16:24.195,18/01/2026,09:17:17,17_T02,39.122732978,10.184558711,0.2,1736.60,111.06,396.460,1.2,38.53,13.43,1735.57,4337057.30,1781638.38
00:16:25.190,18/01/2026,09:17:18,17_T02,39.122732734,10.184559705,0.2,1736.60,111.30,396.551,1.2,38.53,13.43,1735.55,4337057.39,1781638.36
00:16:26.185,18/01/2026,09:17:19,17_T02,39.122733676,10.184561049,0.2,1736.62,111.46,396.626,1.2,38.53,13.43,1735.55,4337057.51,1781638.46
00:16:27.183,18/01/2026,09:17:20,17_T02,39.122734417,10.184562447,0.2,1736.65,111.50,396.713,1.2,38.53,13.43,1735.57,4337057.63,1781638.54
00:16:28.194,18/01/2026,09:17:21,17_T02,39.122734170,10.184563611,0.2,1736.68,111.44,396.817,1.2,38.53,13.43,1735.57,4337057.73,1781638.51
00:16:29.194,18/01/2026,09:17:22,17_T02,39.122733976,10.184564715,0.2,1736.69,111.30,396.915,1.3,38.53,13.43,1735.63,4337057.82,1781638.49
00:16:30.186,18/01/2026,09:17:23,17_T02,39.122733818,10.184565804,0.2,1736.70,111.11,397.010,1.2,38.53,13.43,1735.63,4337057.92,1781638.48
00:16:31.186,18/01/2026,09:17:24,17_T02,39.122733707,10.184566811,0.2,1736.71,110.95,397.097,1.3,38.53,13.42,1735.65,4337058.01,1781638.46
00:16:32.183,18/01/2026,09:17:25,17_T02,39.122734148,10.184568574,0.2,1736.74,110.87,397.225,1.2,38.53,13.42,1735.65,4337058.16,1781638.51
00:16:33.194,18/01/2026,09:17:26,17_T02,39.122734403,10.184570141,0.2,1736.77,110.86,397.343,1.2,38.53,13.42,1735.70,4337058.30,1781638.54
00:16:34.191,18/01/2026,09:17:27,17_T02,39.122734072,10.184571210,0.2,1736.79,110.86,397.443,1.2,38.53,13.42,1735.70,4337058.39,1781638.51
00:16:35.187,18/01/2026,09:17:28,17_T02,39.122733781,10.184572216,0.2,1736.81,110.85,397.537,1.3,38.53,13.42,1735.75,4337058.48,1781638.47
00:16:36.183,18/01/2026,09:17:29,17_T02,39.122733481,10.184573259,0.2,1736.83,110.82,397.633,1.2,38.53,13.42,1735.75,4337058.57,1781638.44
00:16:37.183,18/01/2026,09:17:30,17_T02,39.122732522,10.184573711,0.2,1736.87,110.81,397.706,1.2,38.53,13.42,1735.80,4337058.61,1781638.33
00:16:38.194,18/01/2026,09:17:31,17_T02,39.122731443,10.184574184,0.2,1736.90,110.83,397.785,1.3,38.53,13.42,1735.80,4337058.65,1781638.22
00:16:39.192,18/01/2026,09:17:32,17_T02,39.122731056,10.184575106,0.2,1736.92,110.86,397.875,1.3,38.53,13.42,1735.87,4337058.73,1781638.17
00:16:40.190,18/01/2026,09:17:33,17_T02,39.122730670,10.184576059,0.2,1736.93,110.86,397.967,1.3,38.53,13.42,1735.87,4337058.81,1781638.13
00:16:41.188,18/01/2026,09:17:34,17_T02,39.122730353,10.184577003,0.2,1736.95,110.83,398.056,1.3,38.53,13.42,1735.91,4337058.89,1781638.10
00:16:42.184,18/01/2026,09:17:35,17_T02,39.122729969,10.184578045,0.2,1736.97,110.81,398.156,1.3,38.53,13.42,1735.91,4337058.99,1781638.05
00:16:43.184,18/01/2026,09:17:36,17_T02,39.122729556,10.184579121,0.2,1737.00,110.78,398.259,1.3,38.53,13.42,1735.93,4337059.08,1781638.01
00:16:44.181,18/01/2026,09:17:37,17_T02,39.122729144,10.184580114,0.2,1737.02,110.75,398.356,1.3,38.53,13.42,1735.93,4337059.17,1781637.96
00:16:45.191,18/01/2026,09:17:38,17_T02,39.122728685,10.184581136,0.2,1737.04,110.74,398.457,1.3,38.53,13.42,1735.97,4337059.25,1781637.91
00:16:46.187,18/01/2026,09:17:39,17_T02,39.122728308,10.184582073,0.2,1737.06,110.73,398.547,1.3,38.53,13.42,1735.97,4337059.34,1781637.87
00:16:47.184,18/01/2026,09:17:40,17_T02,39.122727881,10.184583093,0.2,1737.09,110.72,398.647,1.3,38.53,13.42,1736.02,4337059.42,1781637.82
00:16:48.194,18/01/2026,09:17:41,17_T02,39.122728265,10.184585583,0.2,1737.11,110.75,398.837,1.3,38.53,13.42,1736.02,4337059.64,1781637.87
00:16:49.192,18/01/2026,09:17:42,17_T02,39.122728550,10.184587851,0.2,1737.13,110.74,399.012,1.3,38.53,13.42,1736.08,4337059.84,1781637.90
00:16:50.188,18/01/2026,09:17:43,17_T02,39.122728143,10.184588784,0.2,1737.15,110.70,399.103,1.3,38.53,13.42,1736.08,4337059.92,1781637.85
00:16:51.184,18/01/2026,09:17:44,17_T02,39.122727710,10.184589819,0.2,1737.17,110.65,399.204,1.3,38.53,13.42,1736.10,4337060.01,1781637.81
00:16:52.193,18/01/2026,09:17:45,17_T02,39.122727272,10.184590891,0.2,1737.20,110.64,399.308,1.3,38.53,13.42,1736.10,4337060.10,1781637.76
00:16:53.188,18/01/2026,09:17:46,17_T02,39.122726821,10.184591895,0.2,1737.24,110.66,399.407,1.3,38.53,13.42,1736.18,4337060.19,1781637.71
00:16:54.182,18/01/2026,09:17:47,17_T02,39.122725188,10.184593706,0.2,1737.27,110.72,399.616,1.3,38.53,13.42,1736.18,4337060.35,1781637.53
00:16:55.180,18/01/2026,09:17:48,17_T02,39.122723592,10.184595444,0.2,1737.28,110.76,399.818,1.3,38.53,13.42,1736.21,4337060.50,1781637.35
00:16:56.186,18/01/2026,09:17:49,17_T02,39.122723152,10.184596312,0.2,1737.30,110.76,399.905,1.3,38.53,13.42,1736.21,4337060.58,1781637.31
00:16:57.191,18/01/2026,09:17:50,17_T02,39.122722703,10.184597272,0.2,1737.31,110.74,400.001,1.3,38.53,13.42,1736.24,4337060.66,1781637.26
00:16:58.180,18/01/2026,09:17:51,17_T02,39.122722263,10.184598194,0.2,1737.34,110.72,400.093,1.4,38.53,13.42,1736.24,4337060.74,1781637.21
00:16:59.189,18/01/2026,09:17:52,17_T02,39.122721547,10.184600125,0.2,1737.37,110.72,400.278,1.3,38.53,13.42,1736.31,4337060.91,1781637.13
00:17:00.181,18/01/2026,09:17:53,17_T02,39.122720846,10.184601972,0.2,1737.39,110.72,400.455,1.3,38.53,13.42,1736.31,4337061.07,1781637.05
00:17:01.187,18/01/2026,09:17:54,17_T02,39.122720414,10.184602916,0.2,1737.41,110.69,400.548,1.3,38.53,13.42,1736.34,4337061.15,1781637.00
00:17:02.192,18/01/2026,09:17:55,17_T02,39.122719949,10.184603911,0.2,1737.43,110.67,400.647,1.4,38.53,13.42,1736.34,4337061.24,1781636.95
00:17:03.186,18/01/2026,09:17:56,17_T02,39.122719470,10.184604864,0.2,1737.45,110.66,400.743,1.4,38.53,13.42,1736.38,4337061.32,1781636.90
00:17:04.184,18/01/2026,09:17:57,17_T02,39.122719020,10.184605831,0.2,1737.47,110.66,400.839,1.4,38.53,13.42,1736.38,4337061.41,1781636.85
00:17:05.182,18/01/2026,09:17:58,17_T02,39.122718539,10.184606865,0.2,1737.49,110.66,400.941,1.4,38.53,13.42,1736.43,4337061.50,1781636.80
00:17:06.191,18/01/2026,09:17:59,17_T02,39.122718038,10.184607865,0.2,1737.51,110.66,401.042,1.4,38.53,13.42,1736.43,4337061.58,1781636.74
00:17:07.188,18/01/2026,09:18:00,17_T02,39.122717571,10.184608780,0.2,1737.54,110.66,401.134,1.4,38.53,13.42,1736.47,4337061.66,1781636.69
00:17:08.186,18/01/2026,09:18:01,17_T02,39.122717059,10.184609750,0.2,1737.56,110.65,401.233,1.4,38.53,13.42,1736.47,4337061.75,1781636.64
00:17:09.184,18/01/2026,09:18:02,17_T02,39.122716583,10.184610654,0.2,1737.57,110.64,401.325,1.4,38.53,13.42,1736.53,4337061.83,1781636.58
00:17:10.192,18/01/2026,09:18:03,17_T02,39.122715622,10.184612132,0.2,1737.59,110.66,401.481,1.4,38.53,13.42,1736.53,4337061.95,1781636.48
00:17:11.186,18/01/2026,09:18:04,17_T02,39.122714719,10.184613537,0.2,1737.62,110.69,401.630,1.4,38.53,13.42,1736.53,4337062.08,1781636.38
00:17:12.180,18/01/2026,09:18:05,17_T02,39.122714268,10.184614383,0.2,1737.64,110.69,401.716,1.4,38.53,13.42,1736.56,4337062.15,1781636.33
00:17:13.193,18/01/2026,09:18:06,17_T02,39.122713782,10.184615227,0.2,1737.67,110.70,401.803,1.4,38.53,13.42,1736.56,4337062.22,1781636.28
00:17:14.184,18/01/2026,09:18:07,17_T02,39.122713281,10.184615921,0.2,1737.69,110.72,401.879,1.4,38.53,13.42,1736.59,4337062.28,1781636.22
00:17:15.181,18/01/2026,09:18:08,17_T02,39.122712986,10.184616205,0.2,1737.69,110.74,401.913,1.4,38.53,13.42,1736.59,4337062.31,1781636.19
00:17:16.192,18/01/2026,09:18:09,17_T02,39.122712683,10.184616653,0.2,1737.70,110.69,401.961,1.4,38.53,13.42,1736.64,4337062.35,1781636.15
00:17:17.186,18/01/2026,09:18:10,17_T02,39.122712209,10.184617625,0.2,1737.72,110.63,402.058,1.4,38.53,13.42,1736.64,4337062.43,1781636.10
00:17:18.195,18/01/2026,09:18:11,17_T02,39.122711633,10.184618753,0.2,1737.77,110.59,402.172,1.4,38.53,13.42,1736.66,4337062.53,1781636.04
00:17:19.185,18/01/2026,09:18:12,17_T02,39.122711125,10.184619584,0.2,1737.83,110.63,402.259,1.4,38.53,13.42,1736.66,4337062.60,1781635.98
00:17:20.192,18/01/2026,09:18:13,17_T02,39.122710617,10.184620066,0.2,1737.86,110.70,402.317,1.3,38.53,13.42,1736.78,4337062.65,1781635.93
00:17:21.186,18/01/2026,09:18:14,17_T02,39.122710859,10.184619860,0.2,1737.84,110.79,402.291,1.4,38.53,13.42,1736.78,4337062.63,1781635.95
00:17:22.193,18/01/2026,09:18:15,17_T02,39.122711135,10.184619702,0.2,1737.81,110.82,402.268,1.4,38.53,13.42,1736.81,4337062.61,1781635.98
00:17:23.184,18/01/2026,09:18:16,17_T02,39.122710787,10.184620250,0.2,1737.82,110.71,402.326,1.4,38.53,13.42,1736.81,4337062.66,1781635.95
00:17:24.187,18/01/2026,09:18:17,17_T02,39.122710306,10.184621253,0.2,1737.86,110.58,402.426,1.4,38.53,13.42,1736.77,4337062.75,1781635.89
00:17:25.183,18/01/2026,09:18:18,17_T02,39.122709725,10.184622339,0.2,1737.92,110.53,402.537,1.4,38.53,13.42,1736.77,4337062.84,1781635.83
00:17:26.194,18/01/2026,09:18:19,17_T02,39.122710210,10.184624750,0.2,1737.96,110.54,402.716,1.4,38.53,13.42,1736.87,4337063.05,1781635.88
00:17:27.186,18/01/2026,09:18:20,17_T02,39.122710553,10.184626694,0.2,1737.97,110.59,402.863,1.4,38.53,13.42,1736.87,4337063.22,1781635.92
00:17:28.192,18/01/2026,09:18:21,17_T02,39.122710122,10.184627275,0.2,1737.96,110.64,402.926,1.4,38.53,13.42,1736.92,4337063.27,1781635.87
00:17:29.183,18/01/2026,09:18:22,17_T02,39.122709685,10.184628007,0.2,1737.96,110.62,403.002,1.4,38.53,13.42,1736.92,4337063.34,1781635.83
00:17:30.184,18/01/2026,09:18:23,17_T02,39.122709170,10.184628920,0.2,1737.99,110.59,403.096,1.4,38.53,13.42,1736.92,4337063.42,1781635.77
00:17:31.193,18/01/2026,09:18:24,17_T02,39.122708597,10.184629971,0.2,1738.04,110.60,403.204,1.4,38.53,13.42,1736.92,4337063.51,1781635.71
00:17:32.186,18/01/2026,09:18:25,17_T02,39.122708162,10.184632111,0.2,1738.08,110.66,403.395,1.4,38.53,13.42,1736.99,4337063.69,1781635.66
00:17:33.193,18/01/2026,09:18:26,17_T02,39.122707773,10.184634078,0.2,1738.11,110.75,403.571,1.4,38.53,13.42,1736.99,4337063.87,1781635.62
00:17:34.192,18/01/2026,09:18:27,17_T02,39.122707315,10.184634898,0.2,1738.12,110.80,403.655,1.4,38.53,13.42,1737.07,4337063.94,1781635.57
00:17:35.189,18/01/2026,09:18:28,17_T02,39.122706873,10.184635655,0.2,1738.12,110.84,403.733,1.4,38.53,13.42,1737.07,4337064.00,1781635.52
00:17:36.182,18/01/2026,09:18:29,17_T02,39.122706349,10.184636617,0.2,1738.14,110.84,403.832,1.4,38.53,13.42,1737.07,4337064.09,1781635.46
00:17:37.191,18/01/2026,09:18:30,17_T02,39.122705225,10.184636248,0.2,1738.17,110.80,403.843,1.4,38.53,13.42,1737.07,4337064.05,1781635.34
00:17:38.187,18/01/2026,09:18:31,17_T02,39.122704238,10.184636069,0.2,1738.20,110.73,403.865,1.4,38.53,13.42,1737.14,4337064.04,1781635.23
00:17:39.183,18/01/2026,09:18:32,17_T02,39.122703745,10.184637070,0.2,1738.22,110.68,403.966,1.4,38.53,13.42,1737.14,4337064.13,1781635.17
00:17:40.192,18/01/2026,09:18:33,17_T02,39.122703257,10.184637962,0.2,1738.23,110.66,404.057,1.4,38.53,13.42,1737.19,4337064.20,1781635.12
00:17:41.187,18/01/2026,09:18:34,17_T02,39.122702763,10.184638819,0.2,1738.23,110.65,404.146,1.4,38.53,13.42,1737.19,4337064.28,1781635.06
00:17:42.186,18/01/2026,09:18:35,17_T02,39.122703476,10.184640219,0.2,1738.24,110.60,404.234,1.4,38.53,13.42,1737.20,4337064.40,1781635.14
00:17:43.184,18/01/2026,09:18:36,17_T02,39.122703991,10.184641468,0.2,1738.27,110.55,404.317,1.4,38.53,13.42,1737.20,4337064.51,1781635.20
00:17:44.192,18/01/2026,09:18:37,17_T02,39.122703495,10.184642441,0.2,1738.30,110.53,404.415,1.4,38.53,13.42,1737.23,4337064.59,1781635.15
00:17:45.189,18/01/2026,09:18:38,17_T02,39.122702925,10.184643355,0.2,1738.33,110.56,404.511,1.4,38.53,13.42,1737.23,4337064.67,1781635.08
00:17:46.183,18/01/2026,09:18:39,17_T02,39.122702447,10.184644019,0.2,1738.34,110.63,404.583,1.4,38.53,13.42,1737.29,4337064.73,1781635.03
00:17:47.193,18/01/2026,09:18:40,17_T02,39.122701969,10.184644630,0.2,1738.34,110.67,404.651,1.4,38.53,13.42,1737.29,4337064.79,1781634.98
00:17:48.187,18/01/2026,09:18:41,17_T02,39.122702118,10.184644313,0.2,1738.35,110.67,404.620,1.4,38.53,13.42,1737.29,4337064.76,1781634.99
00:17:49.196,18/01/2026,09:18:42,17_T02,39.122702245,10.184644169,0.2,1738.38,110.65,404.603,1.4,38.53,13.42,1737.29,4337064.74,1781635.01
00:17:50.192,18/01/2026,09:18:43,17_T02,39.122701749,10.184645054,0.2,1738.41,110.64,404.694,1.4,38.53,13.42,1737.37,4337064.82,1781634.95
00:17:51.184,18/01/2026,09:18:44,17_T02,39.122701256,10.184645980,0.2,1738.44,110.61,404.788,1.4,38.53,13.42,1737.37,4337064.90,1781634.90
00:17:52.194,18/01/2026,09:18:45,17_T02,39.122700781,10.184646842,0.2,1738.46,110.57,404.876,1.4,38.53,13.42,1737.41,4337064.98,1781634.85
00:17:53.182,18/01/2026,09:18:46,17_T02,39.122701153,10.184647454,0.2,1738.48,110.54,404.913,1.4,38.53,13.42,1737.41,4337065.03,1781634.89
00:17:54.187,18/01/2026,09:18:47,17_T02,39.122701375,10.184648016,0.2,1738.50,110.56,404.950,1.4,38.53,13.42,1737.45,4337065.08,1781634.91
00:17:55.190,18/01/2026,09:18:48,17_T02,39.122700856,10.184648800,0.2,1738.52,110.61,405.034,1.4,38.53,13.42,1737.45,4337065.15,1781634.86
00:17:56.190,18/01/2026,09:18:49,17_T02,39.122700343,10.184649585,0.2,1738.53,110.65,405.117,1.4,38.53,13.42,1737.48,4337065.22,1781634.80
00:17:57.182,18/01/2026,09:18:50,17_T02,39.122699866,10.184650463,0.2,1738.54,110.67,405.207,1.4,38.53,13.42,1737.48,4337065.29,1781634.75
00:17:58.195,18/01/2026,09:18:51,17_T02,39.122699370,10.184651431,0.2,1738.57,110.66,405.305,1.4,38.53,13.42,1737.52,4337065.38,1781634.69
00:17:59.188,18/01/2026,09:18:52,17_T02,39.122698638,10.184652297,0.2,1738.61,110.69,405.403,1.4,38.53,13.42,1737.52,4337065.45,1781634.61
00:18:00.183,18/01/2026,09:18:53,17_T02,39.122697987,10.184652954,0.2,1738.64,110.72,405.481,1.4,38.53,13.42,1737.60,4337065.51,1781634.54
00:18:01.181,18/01/2026,09:18:54,17_T02,39.122697652,10.184653392,0.2,1738.65,110.72,405.529,1.4,38.53,13.42,1737.60,4337065.55,1781634.50
00:18:02.193,18/01/2026,09:18:55,17_T02,39.122697201,10.184654014,0.2,1738.64,110.66,405.597,1.4,38.53,13.42,1737.62,4337065.60,1781634.45
00:18:03.190,18/01/2026,09:18:56,17_T02,39.122696841,10.184654655,0.2,1738.64,110.57,405.663,1.4,38.53,13.42,1737.62,4337065.66,1781634.41
00:18:04.184,18/01/2026,09:18:57,17_T02,39.122695226,10.184654200,0.2,1738.67,110.45,405.686,1.4,38.53,13.42,1737.62,4337065.62,1781634.24
00:18:05.184,18/01/2026,09:18:58,17_T02,39.122693863,10.184654131,0.2,1738.71,110.37,405.731,1.4,38.53,13.42,1737.62,4337065.61,1781634.09
00:18:06.191,18/01/2026,09:18:59,17_T02,39.122693344,10.184655054,0.2,1738.76,110.39,405.826,1.4,38.53,13.42,1737.73,4337065.69,1781634.03
00:18:07.186,18/01/2026,09:19:00,17_T02,39.122692863,10.184655690,0.2,1738.79,110.50,405.896,1.4,38.53,13.42,1737.73,4337065.75,1781633.98
00:18:08.195,18/01/2026,09:19:01,17_T02,39.122692392,10.184656200,0.2,1738.78,110.64,405.955,1.4,38.53,13.42,1737.73,4337065.79,1781633.92
00:18:09.193,18/01/2026,09:19:02,17_T02,39.122691976,10.184656700,0.2,1738.77,110.71,406.011,1.4,38.53,13.42,1737.75,4337065.84,1781633.88
00:18:10.187,18/01/2026,09:19:03,17_T02,39.122690236,10.184657031,0.2,1738.77,110.69,406.103,1.4,38.53,13.42,1737.75,4337065.87,1781633.69
00:18:11.183,18/01/2026,09:19:04,17_T02,39.122688690,10.184657641,0.2,1738.80,110.63,406.211,1.4,38.53,13.42,1737.72,4337065.92,1781633.52
00:18:12.183,18/01/2026,09:19:05,17_T02,39.122688134,10.184658868,0.2,1738.85,110.54,406.332,1.4,38.53,13.42,1737.72,4337066.03,1781633.45
00:18:13.181,18/01/2026,09:19:06,17_T02,39.122687656,10.184659817,0.2,1738.89,110.49,406.427,1.4,38.53,13.42,1737.79,4337066.11,1781633.40
00:18:14.192,18/01/2026,09:19:07,17_T02,39.122687171,10.184660704,0.2,1738.90,110.44,406.518,1.4,38.53,13.42,1737.79,4337066.19,1781633.35
00:18:15.187,18/01/2026,09:19:08,17_T02,39.122686993,10.184662703,0.2,1738.90,110.40,406.688,1.4,38.53,13.42,1737.86,4337066.36,1781633.33
00:18:16.183,18/01/2026,09:19:09,17_T02,39.122686756,10.184664794,0.2,1738.90,110.38,406.869,1.4,38.53,13.42,1737.86,4337066.54,1781633.30
00:18:17.195,18/01/2026,09:19:10,17_T02,39.122686271,10.184665801,0.2,1738.92,110.36,406.969,1.4,38.53,13.42,1737.88,4337066.63,1781633.25
00:18:18.187,18/01/2026,09:19:11,17_T02,39.122685729,10.184666981,0.2,1738.96,110.37,407.086,1.4,38.53,13.42,1737.88,4337066.73,1781633.19
00:18:19.181,18/01/2026,09:19:12,17_T02,39.122685231,10.184668067,0.2,1738.99,110.40,407.193,1.4,38.53,13.42,1737.92,4337066.83,1781633.14
00:18:20.190,18/01/2026,09:19:13,17_T02,39.122684686,10.184669166,0.2,1739.02,110.44,407.304,1.3,38.53,13.42,1737.92,4337066.92,1781633.08
00:18:21.186,18/01/2026,09:19:14,17_T02,39.122683371,10.184670622,0.2,1739.03,110.49,407.472,1.4,38.53,13.42,1737.99,4337067.05,1781632.93
00:18:22.182,18/01/2026,09:19:15,17_T02,39.122682283,10.184671940,0.2,1739.04,110.49,407.620,1.4,38.53,13.42,1737.99,4337067.17,1781632.81
00:18:23.190,18/01/2026,09:19:16,17_T02,39.122681804,10.184672968,0.2,1739.06,110.46,407.722,1.4,38.53,13.42,1738.01,4337067.26,1781632.76
00:18:24.180,18/01/2026,09:19:17,17_T02,39.122681368,10.184673965,0.2,1739.08,110.41,407.820,1.4,38.53,13.42,1738.01,4337067.34,1781632.71
00:18:25.188,18/01/2026,09:19:18,17_T02,39.122680878,10.184674951,0.2,1739.10,110.40,407.919,1.3,38.53,13.42,1738.04,4337067.43,1781632.66
00:18:26.180,18/01/2026,09:19:19,17_T02,39.122679301,10.184676331,0.2,1739.11,110.42,408.091,1.4,38.53,13.42,1738.04,4337067.55,1781632.48
00:18:27.182,18/01/2026,09:19:20,17_T02,39.122677935,10.184677576,0.2,1739.12,110.44,408.244,1.4,38.53,13.42,1738.08,4337067.66,1781632.33
00:18:28.190,18/01/2026,09:19:21,17_T02,39.122677489,10.184678536,0.2,1739.14,110.46,408.339,1.4,38.53,13.42,1738.08,4337067.74,1781632.28
00:18:29.181,18/01/2026,09:19:22,17_T02,39.122676997,10.184679580,0.2,1739.16,110.47,408.443,1.4,38.53,13.42,1738.10,4337067.83,1781632.23
00:18:30.189,18/01/2026,09:19:23,17_T02,39.122676627,10.184680731,0.2,1739.20,110.29,408.551,1.4,38.53,13.42,1738.10,4337067.93,1781632.19
00:18:31.181,18/01/2026,09:19:24,17_T02,39.122676298,10.184681981,0.2,1739.23,110.12,408.665,1.4,38.53,13.42,1738.15,4337068.04,1781632.15
00:18:32.191,18/01/2026,09:19:25,17_T02,39.122675943,10.184683104,0.2,1739.23,110.03,408.771,1.4,38.53,13.42,1738.15,4337068.14,1781632.11
00:18:33.187,18/01/2026,09:19:26,17_T02,39.122675692,10.184683692,0.2,1739.21,109.90,408.828,1.4,38.53,13.42,1738.19,4337068.19,1781632.09
00:18:34.182,18/01/2026,09:19:27,17_T02,39.122675475,10.184684422,0.2,1739.19,109.70,408.896,1.4,38.53,13.42,1738.19,4337068.25,1781632.06
00:18:35.194,18/01/2026,09:19:28,17_T02,39.122675264,10.184685376,0.2,1739.20,109.44,408.982,1.5,38.53,13.42,1738.15,4337068.34,1781632.04
00:18:36.187,18/01/2026,09:19:29,17_T02,39.122674957,10.184686398,0.2,1739.23,109.34,409.077,1.4,38.53,13.42,1738.15,4337068.43,1781632.01
00:18:37.192,18/01/2026,09:19:30,17_T02,39.122673950,10.184687357,0.2,1739.27,109.61,409.193,1.4,38.53,13.42,1738.19,4337068.51,1781631.90
00:18:38.188,18/01/2026,09:19:31,17_T02,39.122673021,10.184688063,0.2,1739.30,110.01,409.285,1.4,38.53,13.42,1738.19,4337068.57,1781631.79
00:18:39.183,18/01/2026,09:19:32,17_T02,39.122672513,10.184688707,0.2,1739.29,110.51,409.357,1.4,38.53,13.42,1738.26,4337068.63,1781631.74
00:18:40.181,18/01/2026,09:19:33,17_T02,39.122671917,10.184689479,0.2,1739.29,111.07,409.442,1.4,38.53,13.42,1738.26,4337068.69,1781631.67
00:18:41.193,18/01/2026,09:19:34,17_T02,39.122671273,10.184690518,0.2,1739.30,111.52,409.552,1.4,38.53,13.42,1738.24,4337068.78,1781631.60
00:18:42.186,18/01/2026,09:19:35,17_T02,39.122669936,10.184690347,0.2,1739.34,111.64,409.587,1.4,38.53,13.42,1738.24,4337068.77,1781631.45
00:18:43.181,18/01/2026,09:19:36,17_T02,39.122668904,10.184690347,0.2,1739.39,111.31,409.626,1.3,38.53,13.42,1738.31,4337068.77,1781631.34
00:18:44.187,18/01/2026,09:19:37,17_T02,39.122668793,10.184691362,0.2,1739.43,110.72,409.713,1.3,38.53,13.42,1738.31,4337068.86,1781631.33
00:18:45.186,18/01/2026,09:19:38,17_T02,39.122668739,10.184692280,0.2,1739.44,110.09,409.790,1.3,38.53,13.42,1738.39,4337068.94,1781631.32
00:18:46.180,18/01/2026,09:19:39,17_T02,39.122668676,10.184693248,0.2,1739.43,109.57,409.872,1.3,38.53,13.42,1738.39,4337069.02,1781631.31
00:18:47.187,18/01/2026,09:19:40,17_T02,39.122668447,10.184694289,0.2,1739.42,109.30,409.965,1.4,38.53,13.42,1738.38,4337069.11,1781631.29
00:18:48.180,18/01/2026,09:19:41,17_T02,39.122668270,10.184697074,0.2,1739.43,109.46,410.200,1.4,38.53,13.42,1738.38,4337069.36,1781631.27
00:18:49.202,18/01/2026,09:19:42,17_T02,39.122667917,10.184699604,0.2,1739.46,109.94,410.421,1.4,38.53,13.42,1738.39,4337069.58,1781631.23
00:18:50.183,18/01/2026,09:19:43,17_T02,39.122667246,10.184700565,0.2,1739.49,110.52,410.524,1.3,38.53,13.42,1738.39,4337069.66,1781631.16
00:18:51.188,18/01/2026,09:19:44,17_T02,39.122666623,10.184701453,0.2,1739.51,111.00,410.620,1.3,38.53,13.42,1738.45,4337069.74,1781631.09
00:18:52.188,18/01/2026,09:19:45,17_T02,39.122666119,10.184702249,0.2,1739.52,111.29,410.704,1.3,38.53,13.42,1738.45,4337069.81,1781631.03
00:18:53.181,18/01/2026,09:19:46,17_T02,39.122665358,10.184704353,0.2,1739.52,111.33,410.905,1.3,38.53,13.42,1738.49,4337069.99,1781630.95
00:18:54.181,18/01/2026,09:19:47,17_T02,39.122664641,10.184706572,0.2,1739.51,111.20,411.113,1.4,38.53,13.42,1738.49,4337070.18,1781630.87
00:18:55.192,18/01/2026,09:19:48,17_T02,39.122664353,10.184707698,0.2,1739.52,110.98,411.216,1.4,38.53,13.42,1738.47,4337070.28,1781630.84
00:18:56.194,18/01/2026,09:19:49,17_T02,39.122663959,10.184709008,0.2,1739.54,110.71,411.338,1.4,38.53,13.42,1738.47,4337070.40,1781630.80
00:18:57.185,18/01/2026,09:19:50,17_T02,39.122663621,10.184710259,0.2,1739.57,110.38,411.453,1.4,38.53,13.42,1738.52,4337070.50,1781630.76
00:18:58.190,18/01/2026,09:19:51,17_T02,39.122663376,10.184711349,0.2,1739.59,110.05,411.551,1.4,38.53,13.42,1738.52,4337070.60,1781630.73
00:18:59.181,18/01/2026,09:19:52,17_T02,39.122661768,10.184711023,0.2,1739.61,109.87,411.585,1.4,38.53,13.42,1738.55,4337070.57,1781630.56
00:19:00.190,18/01/2026,09:19:53,17_T02,39.122660278,10.184710802,0.2,1739.62,109.94,411.622,1.4,38.53,13.42,1738.55,4337070.55,1781630.39
00:19:01.186,18/01/2026,09:19:54,17_T02,39.122659754,10.184711668,0.2,1739.61,110.17,411.712,1.4,38.53,13.42,1738.57,4337070.63,1781630.33
00:19:02.184,18/01/2026,09:19:55,17_T02,39.122659257,10.184712653,0.2,1739.61,110.36,411.812,1.4,38.53,13.42,1738.57,4337070.71,1781630.28
00:19:03.181,18/01/2026,09:19:56,17_T02,39.122658798,10.184713784,0.2,1739.61,110.50,411.921,1.4,38.53,13.42,1738.56,4337070.81,1781630.23
00:19:04.193,18/01/2026,09:19:57,17_T02,39.122659270,10.184715614,0.2,1739.63,110.62,412.054,1.4,38.53,13.42,1738.56,4337070.97,1781630.28
00:19:05.187,18/01/2026,09:19:58,17_T02,39.122659673,10.184717297,0.2,1739.67,110.66,412.176,1.4,38.53,13.42,1738.56,4337071.12,1781630.33
00:19:06.185,18/01/2026,09:19:59,17_T02,39.122659229,10.184718408,0.2,1739.69,110.60,412.284,1.4,38.53,13.42,1738.60,4337071.21,1781630.28
00:19:07.181,18/01/2026,09:20:00,17_T02,39.122658873,10.184719445,0.2,1739.69,110.45,412.382,1.4,38.53,13.42,1738.60,4337071.30,1781630.24
00:19:08.194,18/01/2026,09:20:01,17_T02,39.122658534,10.184720610,0.2,1739.69,110.28,412.490,1.4,38.53,13.42,1738.65,4337071.41,1781630.20
00:19:09.189,18/01/2026,09:20:02,17_T02,39.122658085,10.184721818,0.2,1739.69,110.32,412.606,1.4,38.53,13.42,1738.65,4337071.51,1781630.15
00:19:10.186,18/01/2026,09:20:03,17_T02,39.122657508,10.184722969,0.2,1739.70,110.57,412.721,1.4,38.53,13.42,1738.64,4337071.61,1781630.09
00:19:11.181,18/01/2026,09:20:04,17_T02,39.122656955,10.184724087,0.2,1739.72,110.79,412.834,1.4,38.53,13.42,1738.64,4337071.71,1781630.03
00:19:12.189,18/01/2026,09:20:05,17_T02,39.122656438,10.184725262,0.2,1739.74,110.84,412.949,1.4,38.53,13.42,1738.67,4337071.81,1781629.97
00:19:13.188,18/01/2026,09:20:06,17_T02,39.122656100,10.184726300,0.2,1739.74,110.71,413.047,1.4,38.53,13.42,1738.67,4337071.90,1781629.93
00:19:14.183,18/01/2026,09:20:07,17_T02,39.122655750,10.184727433,0.2,1739.73,110.54,413.152,1.4,38.53,13.42,1738.69,4337072.00,1781629.90
00:19:15.193,18/01/2026,09:20:08,17_T02,39.122655428,10.184729488,0.2,1739.71,110.45,413.333,1.5,38.53,13.42,1738.69,4337072.18,1781629.86
00:19:16.195,18/01/2026,09:20:09,17_T02,39.122655070,10.184731477,0.2,1739.70,110.39,413.509,1.5,38.53,13.42,1738.66,4337072.35,1781629.82
00:19:17.187,18/01/2026,09:20:10,17_T02,39.122654691,10.184732614,0.2,1739.70,110.33,413.616,1.5,38.53,13.42,1738.66,4337072.45,1781629.78
00:19:18.181,18/01/2026,09:20:11,17_T02,39.122654260,10.184733831,0.2,1739.71,110.33,413.732,1.5,38.53,13.42,1738.65,4337072.56,1781629.73
00:19:19.183,18/01/2026,09:20:12,17_T02,39.122653775,10.184735002,0.2,1739.73,110.41,413.846,1.5,38.53,13.42,1738.65,4337072.66,1781629.68
00:19:20.186,18/01/2026,09:20:13,17_T02,39.122653057,10.184736243,0.2,1739.74,110.52,413.974,1.5,38.53,13.42,1738.68,4337072.77,1781629.60
00:19:21.184,18/01/2026,09:20:14,17_T02,39.122652282,10.184737589,0.2,1739.76,110.60,414.113,1.5,38.53,13.42,1738.68,4337072.88,1781629.52
00:19:22.193,18/01/2026,09:20:15,17_T02,39.122651889,10.184738543,0.2,1739.76,110.61,414.206,1.5,38.53,13.42,1738.72,4337072.97,1781629.47
00:19:23.184,18/01/2026,09:20:16,17_T02,39.122651528,10.184739671,0.2,1739.75,110.54,414.312,1.5,38.53,13.42,1738.72,4337073.07,1781629.43
00:19:24.186,18/01/2026,09:20:17,17_T02,39.122651098,10.184740980,0.2,1739.75,110.52,414.435,1.5,38.53,13.42,1738.71,4337073.18,1781629.39
00:19:25.192,18/01/2026,09:20:18,17_T02,39.122650621,10.184742259,0.2,1739.77,110.54,414.558,1.5,38.53,13.42,1738.71,4337073.29,1781629.33
00:19:26.190,18/01/2026,09:20:19,17_T02,39.122649234,10.184743436,0.2,1739.79,110.63,414.706,1.5,38.53,13.42,1738.72,4337073.39,1781629.18
00:19:27.183,18/01/2026,09:20:20,17_T02,39.122647824,10.184744517,0.2,1739.81,110.64,414.847,1.5,38.53,13.42,1738.72,4337073.49,1781629.02
00:19:28.192,18/01/2026,09:20:21,17_T02,39.122647417,10.184745538,0.2,1739.79,110.55,414.945,1.5,38.53,13.42,1738.74,4337073.58,1781628.98
00:19:29.195,18/01/2026,09:20:22,17_T02,39.122647038,10.184746583,0.2,1739.73,110.46,415.045,1.6,38.53,13.42,1738.74,4337073.67,1781628.94
00:19:30.190,18/01/2026,09:20:23,17_T02,39.122646607,10.184747846,0.2,1739.69,110.46,415.165,1.6,38.53,13.42,1738.68,4337073.78,1781628.89
00:19:31.182,18/01/2026,09:20:24,17_T02,39.122645901,10.184747766,0.2,1739.68,110.50,415.184,1.6,38.53,13.42,1738.68,4337073.77,1781628.81
00:19:32.192,18/01/2026,09:20:25,17_T02,39.122645206,10.184747857,0.2,1739.72,110.48,415.218,1.6,38.53,13.42,1738.62,4337073.78,1781628.74
00:19:33.186,18/01/2026,09:20:26,17_T02,39.122644719,10.184748890,0.2,1739.75,110.49,415.320,1.6,38.53,13.42,1738.62,4337073.87,1781628.68
00:19:34.183,18/01/2026,09:20:27,17_T02,39.122644314,10.184749775,0.2,1739.73,110.46,415.408,1.6,38.53,13.42,1738.69,4337073.95,1781628.64
00:19:35.180,18/01/2026,09:20:28,17_T02,39.122644001,10.184750852,0.2,1739.68,110.26,415.508,1.6,38.53,13.42,1738.69,4337074.04,1781628.60
00:19:36.190,18/01/2026,09:20:29,17_T02,39.122643585,10.184752089,0.2,1739.66,110.27,415.624,1.6,38.53,13.42,1738.60,4337074.15,1781628.56
00:19:37.184,18/01/2026,09:20:30,17_T02,39.122642465,10.184752951,0.2,1739.67,110.59,415.737,1.6,38.53,13.42,1738.60,4337074.22,1781628.44
00:19:38.189,18/01/2026,09:20:31,17_T02,39.122641270,10.184753893,0.2,1739.70,110.92,415.858,1.6,38.53,13.42,1738.61,4337074.31,1781628.30
00:19:39.195,18/01/2026,09:20:32,17_T02,39.122640751,10.184755019,0.2,1739.73,110.92,415.970,1.6,38.53,13.42,1738.61,4337074.40,1781628.25
00:19:40.184,18/01/2026,09:20:33,17_T02,39.122640338,10.184756157,0.2,1739.71,110.81,416.079,1.6,38.53,13.42,1738.67,4337074.50,1781628.20
00:19:41.184,18/01/2026,09:20:34,17_T02,39.122640031,10.184757167,0.2,1739.67,110.74,416.173,1.6,38.53,13.42,1738.67,4337074.59,1781628.17
00:19:42.190,18/01/2026,09:20:35,17_T02,39.122639200,10.184757692,0.2,1739.63,110.78,416.247,1.6,38.53,13.42,1738.58,4337074.64,1781628.08
00:19:43.187,18/01/2026,09:20:36,17_T02,39.122638260,10.184758397,0.2,1739.62,110.91,416.339,1.6,38.53,13.42,1738.58,4337074.70,1781627.97
00:19:44.182,18/01/2026,09:20:37,17_T02,39.122637739,10.184759692,0.2,1739.62,110.86,416.465,1.6,38.53,13.42,1738.57,4337074.81,1781627.92
00:19:45.192,18/01/2026,09:20:38,17_T02,39.122637381,10.184760934,0.2,1739.62,110.72,416.580,1.6,38.53,13.42,1738.57,4337074.92,1781627.88
00:19:46.186,18/01/2026,09:20:39,17_T02,39.122636964,10.184762130,0.2,1739.61,110.70,416.693,1.6,38.53,13.42,1738.57,4337075.02,1781627.83
00:19:47.182,18/01/2026,09:20:40,17_T02,39.122636449,10.184763285,0.2,1739.59,110.75,416.807,1.6,38.53,13.42,1738.57,4337075.12,1781627.77
00:19:48.192,18/01/2026,09:20:41,17_T02,39.122635008,10.184763234,0.2,1739.58,110.64,416.856,1.7,38.53,13.42,1738.53,4337075.12,1781627.61
00:19:49.184,18/01/2026,09:20:42,17_T02,39.122633711,10.184763364,0.2,1739.57,110.42,416.915,1.7,38.53,13.42,1738.53,4337075.13,1781627.47
00:19:50.192,18/01/2026,09:20:43,17_T02,39.122633329,10.184764666,0.2,1739.57,110.27,417.036,1.7,38.53,13.42,1738.50,4337075.25,1781627.43
00:19:51.184,18/01/2026,09:20:44,17_T02,39.122632840,10.184765912,0.2,1739.58,110.28,417.156,1.6,38.53,13.42,1738.50,4337075.35,1781627.38
00:19:52.190,18/01/2026,09:20:45,17_T02,39.122632561,10.184767400,0.2,1739.59,109.95,417.289,1.6,38.53,13.42,1738.53,4337075.48,1781627.35
00:19:53.196,18/01/2026,09:20:46,17_T02,39.122633509,10.184769466,0.3,1739.59,110.05,417.423,1.6,38.53,13.42,1738.53,4337075.66,1781627.45
00:19:54.188,18/01/2026,09:20:47,17_T02,39.122634169,10.184771286,0.2,1739.56,110.26,417.547,1.6,38.53,13.42,1738.52,4337075.82,1781627.52
00:19:55.189,18/01/2026,09:20:48,17_T02,39.122633606,10.184772336,0.2,1739.50,110.46,417.654,1.7,38.53,13.42,1738.52,4337075.91,1781627.46
00:19:56.194,18/01/2026,09:20:49,17_T02,39.122633088,10.184773528,0.2,1739.46,110.65,417.771,1.7,38.53,13.42,1738.42,4337076.02,1781627.40
00:19:57.182,18/01/2026,09:20:50,17_T02,39.122632491,10.184774884,0.2,1739.45,110.87,417.904,1.7,38.53,13.42,1738.42,4337076.13,1781627.34
00:19:58.192,18/01/2026,09:20:51,17_T02,39.122632153,10.184777382,0.2,1739.48,111.04,418.121,1.7,38.52,13.43,1738.41,4337076.35,1781627.30
00:19:59.184,18/01/2026,09:20:52,17_T02,39.122631872,10.184779426,0.2,1739.50,110.98,418.299,1.6,38.52,13.43,1738.41,4337076.53,1781627.27
00:20:00.190,18/01/2026,09:20:53,17_T02,39.122631504,10.184780551,0.2,1739.49,110.71,418.405,1.6,38.53,13.42,1738.43,4337076.63,1781627.23
00:20:01.183,18/01/2026,09:20:54,17_T02,39.122631226,10.184781752,0.2,1739.45,110.39,418.514,1.7,38.53,13.42,1738.43,4337076.73,1781627.20
00:20:02.181,18/01/2026,09:20:55,17_T02,39.122630856,10.184783026,0.2,1739.42,110.23,418.632,1.7,38.53,13.42,1738.37,4337076.84,1781627.16
00:20:03.182,18/01/2026,09:20:56,17_T02,39.122630352,10.184784223,0.2,1739.43,110.36,418.749,1.7,38.53,13.42,1738.37,4337076.95,1781627.11
00:20:04.193,18/01/2026,09:20:57,17_T02,39.122628746,10.184784328,0.2,1739.45,110.58,418.817,1.7,38.53,13.42,1738.38,4337076.96,1781626.93
00:20:05.188,18/01/2026,09:20:58,17_T02,39.122627518,10.184784511,0.2,1739.47,110.49,418.878,1.6,38.53,13.42,1738.38,4337076.97,1781626.79
00:20:06.195,18/01/2026,09:20:59,17_T02,39.122627329,10.184785776,0.2,1739.46,110.19,418.988,1.6,38.53,13.42,1738.38,4337077.08,1781626.77
00:20:07.191,18/01/2026,09:21:00,17_T02,39.122627046,10.184786953,0.2,1739.44,110.05,419.095,1.6,38.53,13.42,1738.43,4337077.19,1781626.74
00:20:08.182,18/01/2026,09:21:01,17_T02,39.122626551,10.184788136,0.2,1739.41,110.17,419.211,1.6,38.53,13.42,1738.43,4337077.29,1781626.69
00:20:09.180,18/01/2026,09:21:02,17_T02,39.122625533,10.184788902,0.2,1739.38,110.22,419.311,1.6,38.53,13.42,1738.36,4337077.36,1781626.57
00:20:10.194,18/01/2026,09:21:03,17_T02,39.122624582,10.184789776,0.2,1739.36,110.25,419.418,1.6,38.53,13.42,1738.36,4337077.43,1781626.47
00:20:11.189,18/01/2026,09:21:04,17_T02,39.122624092,10.184791195,0.2,1739.36,110.43,419.553,1.6,38.53,13.42,1738.31,4337077.56,1781626.42
00:20:12.185,18/01/2026,09:21:05,17_T02,39.122623549,10.184792446,0.2,1739.37,110.68,419.675,1.6,38.53,13.42,1738.31,4337077.66,1781626.36
00:20:13.195,18/01/2026,09:21:06,17_T02,39.122623000,10.184793690,0.2,1739.38,110.82,419.798,1.6,38.53,13.42,1738.31,4337077.77,1781626.30
00:20:14.189,18/01/2026,09:21:07,17_T02,39.122622619,10.184794934,0.2,1739.38,110.78,419.914,1.6,38.53,13.42,1738.31,4337077.88,1781626.25
00:20:15.188,18/01/2026,09:21:08,17_T02,39.122622593,10.184797184,0.2,1739.38,110.65,420.099,1.6,38.52,13.43,1738.31,4337078.08,1781626.25
00:20:16.181,18/01/2026,09:21:09,17_T02,39.122622443,10.184799235,0.2,1739.39,110.66,420.273,1.6,38.52,13.43,1738.31,4337078.26,1781626.24
00:20:17.193,18/01/2026,09:21:10,17_T02,39.122621936,10.184800462,0.2,1739.41,110.77,420.392,1.5,38.52,13.42,1738.33,4337078.36,1781626.18
00:20:18.186,18/01/2026,09:21:11,17_T02,39.122621504,10.184801692,0.2,1739.43,110.76,420.509,1.5,38.52,13.42,1738.33,4337078.47,1781626.13
00:20:19.192,18/01/2026,09:21:12,17_T02,39.122621189,10.184802955,0.2,1739.44,110.57,420.624,1.5,38.52,13.42,1738.37,4337078.58,1781626.10
00:20:20.182,18/01/2026,09:21:13,17_T02,39.122621718,10.184804883,0.2,1739.45,110.36,420.762,1.5,38.52,13.42,1738.37,4337078.75,1781626.16
00:20:21.179,18/01/2026,09:21:14,17_T02,39.122622059,10.184806664,0.2,1739.46,110.28,420.895,1.5,38.53,13.42,1738.39,4337078.90,1781626.19
00:20:22.190,18/01/2026,09:21:15,17_T02,39.122621605,10.184807900,0.2,1739.48,110.31,421.013,1.4,38.53,13.42,1738.39,4337079.01,1781626.15
00:20:23.192,18/01/2026,09:21:16,17_T02,39.122621149,10.184809111,0.2,1739.49,110.37,421.130,1.4,38.53,13.42,1738.41,4337079.12,1781626.09
00:20:24.192,18/01/2026,09:21:17,17_T02,39.122620800,10.184810331,0.2,1739.49,110.37,421.242,1.4,38.53,13.42,1738.41,4337079.22,1781626.06
00:20:25.187,18/01/2026,09:21:18,17_T02,39.122620799,10.184812008,0.2,1739.50,110.40,421.380,1.4,38.53,13.42,1738.43,4337079.37,1781626.06
00:20:26.193,18/01/2026,09:21:19,17_T02,39.122620668,10.184813642,0.2,1739.51,110.50,421.518,1.5,38.53,13.42,1738.43,4337079.51,1781626.04
00:20:27.190,18/01/2026,09:21:20,17_T02,39.122620218,10.184814922,0.2,1739.53,110.54,421.640,1.4,38.53,13.42,1738.45,4337079.62,1781625.99
00:20:28.181,18/01/2026,09:21:21,17_T02,39.122619817,10.184816161,0.2,1739.55,110.49,421.756,1.4,38.53,13.42,1738.45,4337079.73,1781625.95
00:20:29.190,18/01/2026,09:21:22,17_T02,39.122619513,10.184817261,0.2,1739.57,110.35,421.858,1.4,38.53,13.42,1738.50,4337079.82,1781625.92
00:20:30.182,18/01/2026,09:21:23,17_T02,39.122619243,10.184818473,0.2,1739.56,110.14,421.967,1.4,38.53,13.42,1738.50,4337079.93,1781625.89
00:20:31.201,18/01/2026,09:21:24,17_T02,39.122619004,10.184819480,0.2,1739.56,110.03,422.059,1.4,38.53,13.42,1738.51,4337080.02,1781625.86
00:20:32.188,18/01/2026,09:21:25,17_T02,39.122618666,10.184820520,0.2,1739.57,110.07,422.156,1.4,38.53,13.42,1738.51,4337080.11,1781625.82
00:20:33.182,18/01/2026,09:21:26,17_T02,39.122618201,10.184821788,0.2,1739.60,110.20,422.277,1.4,38.53,13.42,1738.51,4337080.22,1781625.77
00:20:34.190,18/01/2026,09:21:27,17_T02,39.122617727,10.184822931,0.2,1739.62,110.33,422.389,1.4,38.53,13.42,1738.51,4337080.32,1781625.72
00:20:35.184,18/01/2026,09:21:28,17_T02,39.122617356,10.184824080,0.2,1739.62,110.36,422.497,1.4,38.53,13.42,1738.56,4337080.42,1781625.68
00:20:36.180,18/01/2026,09:21:29,17_T02,39.122617635,10.184826218,0.2,1739.61,110.36,422.661,1.4,38.53,13.42,1738.56,4337080.60,1781625.71
00:20:37.192,18/01/2026,09:21:30,17_T02,39.122617787,10.184828251,0.2,1739.61,110.47,422.822,1.4,38.53,13.42,1738.55,4337080.78,1781625.73
00:20:38.187,18/01/2026,09:21:31,17_T02,39.122617281,10.184829537,0.2,1739.63,110.60,422.946,1.3,38.53,13.42,1738.55,4337080.89,1781625.67
00:20:39.183,18/01/2026,09:21:32,17_T02,39.122616813,10.184830890,0.2,1739.64,110.62,423.075,1.4,38.53,13.42,1738.58,4337081.01,1781625.62
00:20:40.179,18/01/2026,09:21:33,17_T02,39.122616457,10.184832077,0.2,1739.65,110.52,423.185,1.4,38.53,13.42,1738.58,4337081.11,1781625.58
00:20:41.190,18/01/2026,09:21:34,17_T02,39.122615756,10.184833383,0.2,1739.64,110.84,423.318,1.4,38.53,13.42,1738.60,4337081.23,1781625.51
00:20:42.184,18/01/2026,09:21:35,17_T02,39.122614502,10.184834195,0.2,1739.64,110.76,423.431,1.5,38.53,13.42,1738.60,4337081.30,1781625.37
00:20:43.181,18/01/2026,09:21:36,17_T02,39.122613502,10.184835122,0.2,1739.64,110.64,423.544,1.5,38.53,13.42,1738.59,4337081.38,1781625.26
00:20:44.188,18/01/2026,09:21:37,17_T02,39.122613158,10.184836425,0.2,1739.65,110.43,423.664,1.5,38.53,13.42,1738.59,4337081.49,1781625.22
00:20:45.193,18/01/2026,09:21:38,17_T02,39.122612821,10.184837725,0.2,1739.65,110.18,423.783,1.5,38.53,13.42,1738.60,4337081.61,1781625.18
00:20:46.191,18/01/2026,09:21:39,17_T02,39.122612493,10.184839074,0.2,1739.64,110.00,423.906,1.5,38.53,13.42,1738.60,4337081.72,1781625.15
00:20:47.193,18/01/2026,09:21:40,17_T02,39.122611430,10.184840409,0.2,1739.64,110.06,424.055,1.5,38.53,13.42,1738.58,4337081.84,1781625.03
00:20:48.186,18/01/2026,09:21:41,17_T02,39.122610371,10.184841598,0.2,1739.65,110.31,424.191,1.5,38.53,13.42,1738.58,4337081.94,1781624.91
00:20:49.180,18/01/2026,09:21:42,17_T02,39.122609829,10.184842599,0.2,1739.66,110.57,424.293,1.5,38.53,13.42,1738.60,4337082.03,1781624.85
00:20:50.192,18/01/2026,09:21:43,17_T02,39.122609395,10.184843605,0.2,1739.63,110.60,424.392,1.5,38.53,13.42,1738.60,4337082.12,1781624.81
00:20:51.194,18/01/2026,09:21:44,17_T02,39.122609041,10.184844836,0.2,1739.59,110.50,424.506,1.6,38.53,13.42,1738.56,4337082.23,1781624.77
00:20:52.190,18/01/2026,09:21:45,17_T02,39.122608678,10.184846243,0.2,1739.57,110.46,424.635,1.6,38.53,13.42,1738.56,4337082.35,1781624.73
00:20:53.182,18/01/2026,09:21:46,17_T02,39.122607564,10.184845797,0.2,1739.59,110.53,424.640,1.6,38.53,13.42,1738.52,4337082.31,1781624.60
00:20:54.192,18/01/2026,09:21:47,17_T02,39.122606581,10.184845391,0.2,1739.64,110.58,424.643,1.5,38.53,13.42,1738.52,4337082.28,1781624.50
00:20:55.185,18/01/2026,09:21:48,17_T02,39.122606255,10.184846309,0.2,1739.65,110.52,424.730,1.5,38.52,13.42,1738.62,4337082.36,1781624.46
00:20:56.180,18/01/2026,09:21:49,17_T02,39.122606017,10.184847317,0.2,1739.61,110.27,424.822,1.6,38.52,13.42,1738.62,4337082.44,1781624.43
00:20:57.185,18/01/2026,09:21:50,17_T02,39.122605774,10.184848388,0.2,1739.55,110.11,424.919,1.6,38.53,13.42,1738.53,4337082.54,1781624.41
00:20:58.195,18/01/2026,09:21:51,17_T02,39.122605849,10.184849780,0.2,1739.52,110.21,425.030,1.6,38.53,13.42,1738.53,4337082.66,1781624.42
00:20:59.189,18/01/2026,09:21:52,17_T02,39.122605754,10.184851280,0.2,1739.54,110.39,425.156,1.6,38.53,13.42,1738.49,4337082.79,1781624.41
00:21:00.185,18/01/2026,09:21:53,17_T02,39.122605179,10.184852779,0.2,1739.57,110.48,425.300,1.6,38.53,13.42,1738.49,4337082.92,1781624.34
00:21:01.183,18/01/2026,09:21:54,17_T02,39.122604728,10.184854062,0.2,1739.59,110.51,425.422,1.6,38.53,13.42,1738.54,4337083.03,1781624.29
00:21:02.180,18/01/2026,09:21:55,17_T02,39.122604331,10.184855217,0.2,1739.57,110.56,425.531,1.6,38.53,13.42,1738.54,4337083.13,1781624.25
00:21:03.200,18/01/2026,09:21:56,17_T02,39.122604003,10.184856154,0.2,1739.53,110.64,425.620,1.6,38.53,13.42,1738.54,4337083.21,1781624.21
00:21:04.187,18/01/2026,09:21:57,17_T02,39.122603311,10.184857290,0.2,1739.49,110.73,425.739,1.6,38.53,13.42,1738.50,4337083.31,1781624.14
00:21:05.184,18/01/2026,09:21:58,17_T02,39.122602556,10.184858744,0.2,1739.48,110.76,425.886,1.6,38.53,13.42,1738.50,4337083.44,1781624.05
00:21:06.182,18/01/2026,09:21:59,17_T02,39.122602065,10.184860176,0.2,1739.49,110.82,426.022,1.6,38.53,13.42,1738.44,4337083.56,1781624.00
00:21:07.194,18/01/2026,09:22:00,17_T02,39.122601601,10.184861463,0.2,1739.50,110.92,426.145,1.6,38.53,13.42,1738.44,4337083.67,1781623.95
00:21:08.193,18/01/2026,09:22:01,17_T02,39.122601155,10.184862612,0.2,1739.50,111.00,426.255,1.6,38.53,13.42,1738.46,4337083.77,1781623.90
00:21:09.192,18/01/2026,09:22:02,17_T02,39.122601628,10.184865617,0.2,1739.48,110.90,426.484,1.6,38.53,13.42,1738.46,4337084.04,1781623.95
00:21:10.189,18/01/2026,09:22:03,17_T02,39.122602015,10.184868227,0.2,1739.45,110.61,426.683,1.6,38.53,13.42,1738.43,4337084.26,1781624.00
00:21:11.187,18/01/2026,09:22:04,17_T02,39.122601753,10.184869544,0.2,1739.43,110.38,426.801,1.6,38.53,13.42,1738.43,4337084.38,1781623.97
00:21:12.186,18/01/2026,09:22:05,17_T02,39.122601352,10.184870902,0.2,1739.42,110.31,426.927,1.6,38.53,13.42,1738.40,4337084.50,1781623.92
00:21:13.181,18/01/2026,09:22:06,17_T02,39.122600899,10.184872310,0.2,1739.41,110.24,427.059,1.6,38.53,13.42,1738.40,4337084.62,1781623.87
00:21:14.192,18/01/2026,09:22:07,17_T02,39.122601669,10.184874710,0.3,1739.41,110.14,427.227,1.6,38.52,13.42,1738.37,4337084.83,1781623.96
00:21:15.183,18/01/2026,09:22:08,17_T02,39.122602359,10.184876984,0.3,1739.41,110.11,427.388,1.6,38.52,13.42,1738.37,4337085.02,1781624.04
00:21:16.189,18/01/2026,09:22:09,17_T02,39.122601915,10.184878185,0.3,1739.40,110.23,427.502,1.6,38.53,13.42,1738.36,4337085.13,1781623.99
00:21:17.192,18/01/2026,09:22:10,17_T02,39.122601405,10.184879286,0.2,1739.39,110.50,427.612,1.6,38.53,13.42,1738.36,4337085.23,1781623.93
00:21:18.186,18/01/2026,09:22:11,17_T02,39.122600935,10.184880414,0.2,1739.36,110.69,427.721,1.6,38.53,13.42,1738.36,4337085.32,1781623.88
00:21:19.191,18/01/2026,09:22:12,17_T02,39.122600597,10.184881569,0.2,1739.32,110.69,427.829,1.6,38.53,13.42,1738.36,4337085.42,1781623.84
00:21:20.189,18/01/2026,09:22:13,17_T02,39.122600301,10.184883285,0.2,1739.30,110.59,427.980,1.7,38.53,13.42,1738.29,4337085.57,1781623.81
00:21:21.182,18/01/2026,09:22:14,17_T02,39.122599930,10.184885029,0.2,1739.30,110.52,428.137,1.7,38.53,13.42,1738.29,4337085.73,1781623.77
00:21:22.185,18/01/2026,09:22:15,17_T02,39.122599518,10.184886395,0.2,1739.31,110.52,428.264,1.6,38.53,13.42,1738.27,4337085.84,1781623.72
00:21:23.194,18/01/2026,09:22:16,17_T02,39.122599078,10.184887729,0.2,1739.31,110.51,428.390,1.6,38.53,13.42,1738.27,4337085.96,1781623.68
00:21:24.181,18/01/2026,09:22:17,17_T02,39.122598705,10.184888900,0.2,1739.29,110.47,428.500,1.6,38.53,13.42,1738.27,4337086.06,1781623.64
00:21:25.189,18/01/2026,09:22:18,17_T02,39.122599623,10.184890912,0.2,1739.24,110.46,428.630,1.6,38.53,13.42,1738.27,4337086.24,1781623.74
00:21:26.183,18/01/2026,09:22:19,17_T02,39.122600458,10.184893100,0.2,1739.18,110.51,428.778,1.7,38.53,13.42,1738.19,4337086.43,1781623.83
00:21:27.182,18/01/2026,09:22:20,17_T02,39.122600020,10.184894500,0.2,1739.16,110.59,428.909,1.7,38.53,13.42,1738.19,4337086.55,1781623.78
00:21:28.195,18/01/2026,09:22:21,17_T02,39.122599545,10.184895944,0.2,1739.17,110.68,429.045,1.7,38.53,13.42,1738.13,4337086.68,1781623.73
00:21:29.190,18/01/2026,09:22:22,17_T02,39.122599079,10.184897326,0.3,1739.19,110.73,429.176,1.7,38.53,13.42,1738.13,4337086.80,1781623.68
00:21:30.188,18/01/2026,09:22:23,17_T02,39.122598707,10.184898531,0.2,1739.18,110.69,429.288,1.6,38.52,13.42,1738.14,4337086.90,1781623.64
00:21:31.193,18/01/2026,09:22:24,17_T02,39.122598195,10.184900114,0.2,1739.14,110.55,429.437,1.7,38.52,13.42,1738.14,4337087.04,1781623.58
00:21:32.190,18/01/2026,09:22:25,17_T02,39.122597699,10.184901707,0.2,1739.11,110.44,429.586,1.7,38.53,13.42,1738.10,4337087.18,1781623.53
00:21:33.183,18/01/2026,09:22:26,17_T02,39.122597237,10.184903103,0.2,1739.09,110.55,429.717,1.7,38.53,13.42,1738.10,4337087.30,1781623.48
00:21:34.194,18/01/2026,09:22:27,17_T02,39.122596656,10.184904565,0.2,1739.09,110.71,429.859,1.7,38.52,13.43,1738.06,4337087.43,1781623.41
00:21:35.184,18/01/2026,09:22:28,17_T02,39.122596189,10.184905884,0.2,1739.10,110.73,429.984,1.7,38.52,13.43,1738.06,4337087.54,1781623.36
00:21:36.185,18/01/2026,09:22:29,17_T02,39.122596169,10.184906414,0.3,1739.09,110.61,430.028,1.7,38.53,13.42,1738.08,4337087.59,1781623.36
00:21:37.192,18/01/2026,09:22:30,17_T02,39.122596059,10.184907016,0.2,1739.05,110.58,430.082,1.7,38.53,13.42,1738.08,4337087.64,1781623.35
00:21:38.190,18/01/2026,09:22:31,17_T02,39.122595598,10.184908295,0.2,1739.00,110.62,430.204,1.7,38.53,13.42,1738.03,4337087.75,1781623.30
00:21:39.189,18/01/2026,09:22:32,17_T02,39.122595120,10.184909732,0.2,1738.95,110.66,430.339,1.7,38.53,13.42,1738.03,4337087.88,1781623.24
00:21:40.187,18/01/2026,09:22:33,17_T02,39.122594704,10.184911091,0.2,1738.92,110.63,430.466,1.7,38.53,13.42,1737.91,4337087.99,1781623.20
00:21:41.182,18/01/2026,09:22:34,17_T02,39.122594325,10.184912476,0.2,1738.90,110.52,430.593,1.7,38.53,13.42,1737.91,4337088.11,1781623.16
00:21:42.190,18/01/2026,09:22:35,17_T02,39.122594131,10.184914182,0.2,1738.89,110.45,430.740,1.7,38.53,13.42,1737.86,4337088.26,1781623.14
00:21:43.188,18/01/2026,09:22:36,17_T02,39.122593880,10.184915783,0.2,1738.86,110.45,430.881,1.7,38.53,13.42,1737.86,4337088.40,1781623.11
00:21:44.184,18/01/2026,09:22:37,17_T02,39.122593472,10.184917059,0.2,1738.82,110.49,431.000,1.8,38.53,13.42,1737.82,4337088.51,1781623.06
00:21:45.181,18/01/2026,09:22:38,17_T02,39.122593042,10.184918361,0.2,1738.79,110.58,431.123,1.8,38.53,13.42,1737.82,4337088.63,1781623.02
00:21:46.190,18/01/2026,09:22:39,17_T02,39.122592554,10.184919689,0.2,1738.77,110.75,431.250,1.8,38.53,13.42,1737.76,4337088.74,1781622.96
00:21:47.182,18/01/2026,09:22:40,17_T02,39.122590963,10.184919539,0.2,1738.76,110.93,431.297,1.8,38.53,13.42,1737.76,4337088.73,1781622.79
00:21:48.190,18/01/2026,09:22:41,17_T02,39.122589718,10.184919544,0.2,1738.75,110.89,431.344,1.8,38.53,13.42,1737.72,4337088.73,1781622.65
00:21:49.182,18/01/2026,09:22:42,17_T02,39.122589362,10.184920816,0.2,1738.73,110.80,431.461,1.7,38.53,13.42,1737.72,4337088.84,1781622.61
00:21:50.187,18/01/2026,09:22:43,17_T02,39.122588991,10.184922101,0.2,1738.69,110.66,431.580,1.7,38.53,13.42,1737.68,4337088.95,1781622.57
00:21:51.192,18/01/2026,09:22:44,17_T02,39.122588635,10.184923422,0.2,1738.63,110.44,431.702,1.8,38.53,13.42,1737.68,4337089.07,1781622.53
00:21:52.192,18/01/2026,09:22:45,17_T02,39.122587711,10.184924090,0.2,1738.58,110.24,431.791,1.8,38.53,13.42,1737.58,4337089.13,1781622.43
00:21:53.180,18/01/2026,09:22:46,17_T02,39.122586691,10.184924859,0.2,1738.54,110.39,431.892,1.9,38.53,13.42,1737.58,4337089.19,1781622.32
00:21:54.187,18/01/2026,09:22:47,17_T02,39.122586063,10.184926171,0.2,1738.53,110.61,432.022,1.8,38.53,13.42,1737.50,4337089.31,1781622.25
00:21:55.181,18/01/2026,09:22:48,17_T02,39.122585565,10.184927535,0.2,1738.54,110.67,432.153,1.8,38.53,13.42,1737.50,4337089.43,1781622.19
00:21:56.186,18/01/2026,09:22:49,17_T02,39.122585193,10.184928702,0.2,1738.53,110.64,432.262,1.8,38.53,13.42,1737.50,4337089.53,1781622.15
00:21:57.191,18/01/2026,09:22:50,17_T02,39.122584942,10.184929985,0.2,1738.50,110.38,432.377,1.7,38.53,13.42,1737.50,4337089.64,1781622.13
00:21:58.181,18/01/2026,09:22:51,17_T02,39.122583859,10.184930515,0.2,1738.44,110.07,432.460,1.8,38.53,13.42,1737.44,4337089.69,1781622.01
00:21:59.191,18/01/2026,09:22:52,17_T02,39.122582670,10.184931289,0.2,1738.39,110.05,432.568,1.8,38.53,13.42,1737.44,4337089.75,1781621.87
00:22:00.189,18/01/2026,09:22:53,17_T02,39.122582170,10.184932773,0.2,1738.38,110.14,432.708,1.8,38.53,13.42,1737.44,4337089.88,1781621.82
00:22:01.183,18/01/2026,09:22:54,17_T02,39.122581649,10.184934266,0.2,1738.38,110.17,432.850,1.8,38.53,13.42,1737.36,4337090.01,1781621.76
00:22:02.180,18/01/2026,09:22:55,17_T02,39.122581200,10.184935512,0.3,1738.38,110.29,432.968,1.7,38.53,13.42,1737.36,4337090.12,1781621.71
00:22:03.188,18/01/2026,09:22:56,17_T02,39.122580046,10.184937041,0.3,1738.34,110.42,433.137,1.7,38.53,13.42,1737.36,4337090.26,1781621.59
00:22:04.184,18/01/2026,09:22:57,17_T02,39.122579059,10.184938279,0.3,1738.26,110.56,433.275,1.8,38.53,13.42,1737.36,4337090.36,1781621.48
00:22:05.182,18/01/2026,09:22:58,17_T02,39.122578649,10.184939487,0.2,1738.18,110.57,433.389,1.9,38.53,13.42,1737.26,4337090.47,1781621.43
00:22:06.187,18/01/2026,09:22:59,17_T02,39.122578288,10.184940974,0.2,1738.15,110.44,433.524,1.9,38.53,13.42,1737.26,4337090.60,1781621.39
00:22:07.181,18/01/2026,09:23:00,17_T02,39.122577750,10.184942331,0.2,1738.17,110.59,433.655,1.8,38.53,13.43,1737.14,4337090.72,1781621.33
00:22:08.201,18/01/2026,09:23:01,17_T02,39.122577076,10.184943625,0.2,1738.18,110.89,433.786,1.8,38.53,13.43,1737.14,4337090.83,1781621.26
00:22:09.183,18/01/2026,09:23:02,17_T02,39.122577651,10.184945637,0.2,1738.16,110.77,433.930,1.8,38.53,13.43,1737.16,4337091.00,1781621.32
00:22:10.194,18/01/2026,09:23:03,17_T02,39.122578235,10.184947734,0.3,1738.12,110.54,434.080,1.8,38.53,13.43,1737.16,4337091.19,1781621.39
00:22:11.192,18/01/2026,09:23:04,17_T02,39.122577882,10.184949007,0.3,1738.07,110.44,434.197,1.8,38.53,13.42,1737.10,4337091.30,1781621.35
00:22:12.188,18/01/2026,09:23:05,17_T02,39.122577398,10.184950325,0.3,1738.04,110.59,434.323,1.8,38.53,13.42,1737.10,4337091.41,1781621.30
00:22:13.182,18/01/2026,09:23:06,17_T02,39.122576749,10.184951818,0.3,1738.02,110.80,434.470,1.8,38.53,13.43,1737.02,4337091.54,1781621.23
00:22:14.180,18/01/2026,09:23:07,17_T02,39.122576292,10.184953193,0.2,1738.02,110.80,434.599,1.8,38.53,13.43,1737.02,4337091.66,1781621.18
00:22:15.193,18/01/2026,09:23:08,17_T02,39.122575937,10.184954504,0.2,1737.99,110.69,434.720,1.8,38.53,13.43,1737.00,4337091.78,1781621.14
00:22:16.190,18/01/2026,09:23:09,17_T02,39.122575536,10.184955748,0.2,1737.94,110.61,434.837,1.8,38.53,13.43,1737.00,4337091.88,1781621.09
00:22:17.183,18/01/2026,09:23:10,17_T02,39.122575366,10.184957347,0.2,1737.89,110.12,434.974,1.8,38.53,13.42,1736.90,4337092.02,1781621.07
00:22:18.188,18/01/2026,09:23:11,17_T02,39.122575083,10.184958854,0.2,1737.83,109.82,435.108,1.8,38.53,13.42,1736.90,4337092.15,1781621.04
00:22:19.194,18/01/2026,09:23:12,17_T02,39.122574620,10.184960181,0.2,1737.78,109.91,435.234,1.8,38.53,13.42,1736.80,4337092.27,1781620.99
00:22:20.186,18/01/2026,09:23:13,17_T02,39.122575109,10.184962233,0.2,1737.74,110.14,435.384,1.9,38.53,13.42,1736.80,4337092.45,1781621.05
00:22:21.191,18/01/2026,09:23:14,17_T02,39.122575371,10.184964006,0.3,1737.72,110.55,435.519,1.8,38.53,13.43,1736.71,4337092.60,1781621.08
00:22:22.187,18/01/2026,09:23:15,17_T02,39.122574864,10.184965241,0.3,1737.71,110.83,435.639,1.8,38.53,13.43,1736.71,4337092.71,1781621.02
00:22:23.187,18/01/2026,09:23:16,17_T02,39.122574511,10.184966564,0.3,1737.67,110.91,435.761,1.8,38.53,13.42,1736.68,4337092.83,1781620.98
00:22:24.191,18/01/2026,09:23:17,17_T02,39.122574062,10.184967877,0.3,1737.60,111.01,435.885,1.8,38.53,13.42,1736.68,4337092.94,1781620.93
00:22:25.182,18/01/2026,09:23:18,17_T02,39.122573683,10.184970188,0.3,1737.53,111.07,436.088,1.9,38.53,13.43,1736.58,4337093.14,1781620.89
00:22:26.194,18/01/2026,09:23:19,17_T02,39.122573228,10.184972661,0.3,1737.47,111.04,436.308,1.9,38.53,13.43,1736.58,4337093.36,1781620.84
00:22:27.190,18/01/2026,09:23:20,17_T02,39.122572910,10.184974168,0.3,1737.41,110.89,436.443,1.9,38.53,13.43,1736.45,4337093.49,1781620.81
00:22:28.186,18/01/2026,09:23:21,17_T02,39.122572507,10.184975497,0.3,1737.33,110.83,436.567,1.9,38.53,13.43,1736.45,4337093.60,1781620.76
00:22:29.181,18/01/2026,09:23:22,17_T02,39.122572292,10.184976938,0.3,1737.22,110.56,436.693,2.0,38.53,13.43,1736.30,4337093.73,1781620.74
00:22:30.195,18/01/2026,09:23:23,17_T02,39.122571990,10.184978260,0.3,1737.11,110.44,436.812,2.1,38.53,13.43,1736.30,4337093.84,1781620.71
00:22:31.191,18/01/2026,09:23:24,17_T02,39.122572093,10.184980353,0.2,1737.05,110.56,436.980,2.2,38.53,13.43,1736.08,4337094.03,1781620.72
00:22:32.182,18/01/2026,09:23:25,17_T02,39.122572214,10.184982596,0.2,1737.04,110.56,437.159,2.2,38.53,13.43,1736.08,4337094.22,1781620.73
00:22:33.179,18/01/2026,09:23:26,17_T02,39.122571962,10.184984092,0.2,1737.05,110.41,437.291,2.1,38.52,13.43,1736.02,4337094.35,1781620.70
00:22:34.190,18/01/2026,09:23:27,17_T02,39.122571564,10.184985204,0.2,1737.02,110.47,437.397,2.0,38.52,13.43,1736.02,4337094.45,1781620.66
00:22:35.184,18/01/2026,09:23:28,17_T02,39.122571379,10.184986337,0.2,1736.94,110.30,437.497,2.0,38.53,13.43,1735.98,4337094.55,1781620.64
00:22:36.179,18/01/2026,09:23:29,17_T02,39.122571147,10.184987607,0.2,1736.84,110.14,437.609,2.1,38.53,13.43,1735.98,4337094.66,1781620.62
00:22:37.188,18/01/2026,09:23:30,17_T02,39.122570631,10.184989082,0.2,1736.79,110.39,437.749,2.2,38.53,13.43,1735.80,4337094.79,1781620.56
00:22:38.186,18/01/2026,09:23:31,17_T02,39.122569971,10.184990495,0.2,1736.80,110.82,437.889,2.1,38.53,13.43,1735.80,4337094.91,1781620.49
00:22:39.186,18/01/2026,09:23:32,17_T02,39.122569147,10.184991634,0.2,1736.79,111.53,438.013,1.9,38.53,13.43,1735.78,4337095.01,1781620.40
00:22:40.194,18/01/2026,09:23:33,17_T02,39.122568450,10.184992387,0.2,1736.72,112.15,438.101,1.9,38.53,13.43,1735.78,4337095.07,1781620.32
00:22:41.187,18/01/2026,09:23:34,17_T02,39.122566714,10.184991850,0.2,1736.61,112.78,438.122,2.1,38.53,13.43,1735.65,4337095.03,1781620.13
00:22:42.181,18/01/2026,09:23:35,17_T02,39.122565174,10.184992139,0.2,1736.51,112.79,438.203,2.1,38.53,13.43,1735.65,4337095.05,1781619.96
00:22:43.181,18/01/2026,09:23:36,17_T02,39.122564978,10.184993741,0.2,1736.44,112.26,438.341,2.2,38.53,13.43,1735.47,4337095.19,1781619.94
00:22:44.193,18/01/2026,09:23:37,17_T02,39.122564748,10.184995377,0.2,1736.38,111.54,438.484,2.1,38.53,13.43,1735.47,4337095.33,1781619.91
00:22:45.199,18/01/2026,09:23:38,17_T02,39.122564783,10.184996830,0.2,1736.30,110.54,438.601,2.2,38.53,13.42,1735.32,4337095.46,1781619.91
00:22:46.187,18/01/2026,09:23:39,17_T02,39.122564684,10.184998109,0.2,1736.21,109.88,438.710,2.3,38.53,13.42,1735.32,4337095.57,1781619.90
00:22:47.185,18/01/2026,09:23:40,17_T02,39.122564995,10.185000252,0.2,1736.12,109.67,438.874,2.4,38.53,13.42,1735.13,4337095.76,1781619.94
00:22:48.195,18/01/2026,09:23:41,17_T02,39.122564905,10.185002285,0.3,1736.09,109.89,439.044,2.4,38.53,13.42,1735.13,4337095.94,1781619.93
00:22:49.190,18/01/2026,09:23:42,17_T02,39.122564277,10.185003777,0.3,1736.11,110.14,439.189,2.3,38.53,13.42,1735.07,4337096.07,1781619.86
00:22:50.180,18/01/2026,09:23:43,17_T02,39.122563568,10.185005172,0.3,1736.11,110.56,439.330,2.1,38.53,13.42,1735.07,4337096.19,1781619.78
00:22:51.184,18/01/2026,09:23:44,17_T02,39.122563202,10.185006303,0.3,1736.10,110.67,439.436,2.0,38.53,13.42,1735.06,4337096.29,1781619.74
00:22:52.193,18/01/2026,09:23:45,17_T02,39.122564533,10.185008071,0.3,1736.05,110.89,439.531,2.1,38.53,13.42,1735.06,4337096.44,1781619.89
00:22:53.182,18/01/2026,09:23:46,17_T02,39.122565362,10.185009960,0.3,1735.99,111.05,439.655,2.1,38.53,13.42,1734.98,4337096.60,1781619.98
00:22:54.188,18/01/2026,09:23:47,17_T02,39.122564817,10.185011280,0.2,1735.97,111.11,439.784,2.1,38.53,13.42,1734.98,4337096.72,1781619.92
00:22:55.193,18/01/2026,09:23:48,17_T02,39.122564492,10.185012821,0.2,1735.99,110.75,439.922,2.1,38.53,13.42,1734.94,4337096.85,1781619.89
00:22:56.181,18/01/2026,09:23:49,17_T02,39.122564412,10.185014348,0.2,1736.02,110.20,440.050,1.9,38.53,13.42,1734.94,4337096.99,1781619.88
00:22:57.185,18/01/2026,09:23:50,17_T02,39.122564125,10.185015752,0.3,1736.02,110.16,440.176,1.9,38.53,13.43,1735.00,4337097.11,1781619.85
00:22:58.189,18/01/2026,09:23:51,17_T02,39.122563363,10.185015831,0.2,1735.98,110.17,440.210,1.8,38.53,13.43,1735.00,4337097.11,1781619.76
00:22:59.180,18/01/2026,09:23:52,17_T02,39.122562749,10.185016184,0.2,1735.92,110.07,440.262,1.9,38.53,13.43,1735.00,4337097.15,1781619.69
00:23:00.194,18/01/2026,09:23:53,17_T02,39.122562286,10.185017630,0.2,1735.87,110.08,440.398,1.9,38.53,13.42,1734.91,4337097.27,1781619.64
00:23:01.188,18/01/2026,09:23:54,17_T02,39.122561781,10.185018791,0.2,1735.84,110.38,440.512,1.9,38.53,13.42,1734.91,4337097.37,1781619.59
00:23:02.184,18/01/2026,09:23:55,17_T02,39.122561171,10.185019995,0.2,1735.81,110.76,440.633,1.9,38.53,13.43,1734.81,4337097.48,1781619.52
00:23:03.184,18/01/2026,09:23:56,17_T02,39.122561379,10.185020728,0.2,1735.79,111.13,440.685,1.9,38.53,13.43,1734.81,4337097.54,1781619.54
00:23:04.181,18/01/2026,09:23:57,17_T02,39.122561663,10.185021562,0.2,1735.75,111.07,440.743,1.9,38.53,13.44,1734.75,4337097.61,1781619.58
00:23:05.190,18/01/2026,09:23:58,17_T02,39.122561254,10.185022839,0.2,1735.71,111.02,440.863,1.9,38.53,13.44,1734.75,4337097.72,1781619.53
00:23:06.188,18/01/2026,09:23:59,17_T02,39.122560977,10.185024088,0.2,1735.67,110.91,440.975,1.9,38.53,13.44,1734.69,4337097.83,1781619.50
00:23:07.182,18/01/2026,09:24:00,17_T02,39.122560674,10.185025516,0.2,1735.65,110.64,441.104,1.9,38.53,13.44,1734.69,4337097.96,1781619.47
00:23:08.191,18/01/2026,09:24:01,17_T02,39.122560301,10.185026780,0.2,1735.63,110.41,441.221,1.9,38.53,13.44,1734.63,4337098.07,1781619.43
00:23:09.191,18/01/2026,09:24:02,17_T02,39.122560949,10.185029726,0.2,1735.60,109.94,441.438,1.9,38.53,13.44,1734.63,4337098.32,1781619.50
00:23:10.189,18/01/2026,09:24:03,17_T02,39.122561361,10.185032302,0.3,1735.58,109.62,441.634,1.9,38.53,13.44,1734.59,4337098.55,1781619.54
00:23:11.179,18/01/2026,09:24:04,17_T02,39.122561072,10.185033823,0.3,1735.57,109.41,441.769,1.9,38.53,13.44,1734.59,4337098.68,1781619.51
00:23:12.191,18/01/2026,09:24:05,17_T02,39.122560507,10.185035110,0.3,1735.58,109.69,441.896,1.8,38.52,13.44,1734.53,4337098.79,1781619.45
00:23:13.185,18/01/2026,09:24:06,17_T02,39.122559860,10.185036017,0.3,1735.57,110.22,441.994,1.8,38.52,13.44,1734.53,4337098.87,1781619.38
00:23:14.180,18/01/2026,09:24:07,17_T02,39.122558846,10.185036171,0.2,1735.54,110.63,442.044,1.8,38.53,13.43,1734.53,4337098.89,1781619.27
00:23:15.185,18/01/2026,09:24:08,17_T02,39.122557978,10.185036685,0.2,1735.50,110.68,442.119,1.9,38.53,13.43,1734.53,4337098.93,1781619.17
00:23:16.193,18/01/2026,09:24:09,17_T02,39.122557728,10.185038054,0.2,1735.48,110.43,442.240,1.9,38.53,13.43,1734.45,4337099.05,1781619.15
00:23:17.191,18/01/2026,09:24:10,17_T02,39.122557347,10.185039323,0.2,1735.51,110.34,442.358,1.8,38.53,13.43,1734.45,4337099.16,1781619.10
00:23:18.189,18/01/2026,09:24:11,17_T02,39.122556782,10.185040670,0.2,1735.55,110.48,442.490,1.8,38.53,13.43,1734.48,4337099.28,1781619.04
00:23:19.183,18/01/2026,09:24:12,17_T02,39.122556805,10.185042533,0.2,1735.57,110.53,442.641,1.7,38.53,13.43,1734.48,4337099.44,1781619.04
00:23:20.192,18/01/2026,09:24:13,17_T02,39.122556738,10.185044268,0.2,1735.56,110.57,442.786,1.7,38.53,13.43,1734.52,4337099.59,1781619.04
00:23:21.182,18/01/2026,09:24:14,17_T02,39.122556151,10.185045302,0.2,1735.52,110.86,442.892,1.7,38.53,13.43,1734.52,4337099.68,1781618.97
00:23:22.186,18/01/2026,09:24:15,17_T02,39.122555562,10.185046595,0.2,1735.49,111.00,443.020,1.7,38.53,13.43,1734.47,4337099.79,1781618.91
00:23:23.181,18/01/2026,09:24:16,17_T02,39.122555052,10.185048049,0.2,1735.49,110.93,443.158,1.7,38.53,13.43,1734.47,4337099.92,1781618.85
00:23:24.186,18/01/2026,09:24:17,17_T02,39.122554740,10.185049480,0.2,1735.49,110.61,443.287,1.7,38.53,13.43,1734.45,4337100.04,1781618.82
00:23:25.186,18/01/2026,09:24:18,17_T02,39.122555261,10.185050848,0.2,1735.47,110.21,443.380,1.7,38.53,13.43,1734.45,4337100.16,1781618.88
00:23:26.192,18/01/2026,09:24:19,17_T02,39.122555545,10.185052351,0.2,1735.43,110.07,443.492,1.8,38.53,13.43,1734.41,4337100.29,1781618.91
00:23:27.181,18/01/2026,09:24:20,17_T02,39.122555150,10.185053542,0.2,1735.41,110.04,443.605,1.8,38.53,13.43,1734.41,4337100.40,1781618.86
00:23:28.185,18/01/2026,09:24:21,17_T02,39.122554820,10.185055080,0.2,1735.43,109.83,443.743,1.8,38.53,13.43,1734.39,4337100.53,1781618.83
00:23:29.189,18/01/2026,09:24:22,17_T02,39.122554382,10.185056453,0.2,1735.46,109.85,443.872,1.8,38.53,13.43,1734.39,4337100.65,1781618.78
00:23:30.181,18/01/2026,09:24:23,17_T02,39.122554288,10.185057504,0.2,1735.47,110.25,443.961,1.7,38.53,13.42,1734.43,4337100.74,1781618.77
00:23:31.192,18/01/2026,09:24:24,17_T02,39.122554479,10.185058812,0.2,1735.45,110.10,444.061,1.7,38.53,13.42,1734.43,4337100.86,1781618.79
00:23:32.192,18/01/2026,09:24:25,17_T02,39.122554170,10.185060104,0.2,1735.41,110.02,444.179,1.7,38.53,13.43,1734.40,4337100.97,1781618.76
00:23:33.183,18/01/2026,09:24:26,17_T02,39.122553637,10.185061378,0.2,1735.38,110.30,444.303,1.8,38.53,13.43,1734.40,4337101.08,1781618.70
00:23:34.194,18/01/2026,09:24:27,17_T02,39.122553192,10.185062829,0.2,1735.36,110.44,444.438,1.8,38.53,13.43,1734.35,4337101.21,1781618.65
00:23:35.187,18/01/2026,09:24:28,17_T02,39.122552456,10.185064074,0.2,1735.34,110.88,444.567,1.7,38.53,13.43,1734.35,4337101.31,1781618.57
00:23:36.182,18/01/2026,09:24:29,17_T02,39.122551989,10.185066086,0.2,1735.31,110.94,444.750,1.8,38.53,13.43,1734.29,4337101.49,1781618.52
00:23:37.191,18/01/2026,09:24:30,17_T02,39.122551691,10.185068055,0.3,1735.27,110.89,444.922,1.8,38.53,13.43,1734.29,4337101.66,1781618.49
00:23:38.186,18/01/2026,09:24:31,17_T02,39.122551317,10.185069080,0.2,1735.22,111.00,445.020,1.8,38.53,13.43,1734.21,4337101.75,1781618.44
00:23:39.182,18/01/2026,09:24:32,17_T02,39.122550719,10.185070285,0.2,1735.16,111.24,445.141,1.9,38.53,13.43,1734.21,4337101.86,1781618.38
00:23:40.181,18/01/2026,09:24:33,17_T02,39.122550081,10.185071477,0.2,1735.13,111.42,445.262,1.9,38.53,13.43,1734.11,4337101.96,1781618.31
00:23:41.194,18/01/2026,09:24:34,17_T02,39.122550019,10.185073444,0.2,1735.11,111.14,445.426,1.9,38.53,13.43,1734.11,4337102.13,1781618.30
00:23:42.189,18/01/2026,09:24:35,17_T02,39.122549944,10.185075145,0.2,1735.09,110.93,445.568,1.9,38.53,13.43,1734.06,4337102.28,1781618.29
00:23:43.184,18/01/2026,09:24:36,17_T02,39.122549469,10.185076405,0.2,1735.05,110.94,445.688,1.9,38.53,13.43,1734.06,4337102.39,1781618.24
00:23:44.182,18/01/2026,09:24:37,17_T02,39.122549070,10.185077655,0.2,1734.99,110.75,445.806,1.9,38.53,13.43,1734.01,4337102.50,1781618.20
00:23:45.192,18/01/2026,09:24:38,17_T02,39.122548754,10.185079034,0.2,1734.93,110.39,445.930,2.0,38.53,13.43,1734.01,4337102.62,1781618.16
00:23:46.188,18/01/2026,09:24:39,17_T02,39.122548651,10.185080497,0.2,1734.88,109.82,446.054,2.0,38.53,13.43,1733.87,4337102.74,1781618.15
00:23:47.183,18/01/2026,09:24:40,17_T02,39.122548653,10.185082723,0.2,1734.84,109.82,446.236,2.0,38.53,13.43,1733.87,4337102.94,1781618.15
00:23:48.194,18/01/2026,09:24:41,17_T02,39.122548282,10.185084607,0.3,1734.81,110.33,446.404,2.0,38.53,13.43,1733.79,4337103.10,1781618.11
00:23:49.190,18/01/2026,09:24:42,17_T02,39.122547692,10.185085799,0.3,1734.76,110.58,446.524,2.0,38.53,13.43,1733.79,4337103.21,1781618.05
00:23:50.184,18/01/2026,09:24:43,17_T02,39.122547340,10.185087083,0.2,1734.70,110.49,446.642,2.1,38.53,13.43,1733.70,4337103.32,1781618.01
00:23:51.191,18/01/2026,09:24:44,17_T02,39.122547151,10.185088181,0.2,1734.63,110.42,446.739,2.1,38.53,13.43,1733.70,4337103.41,1781617.99
00:23:52.183,18/01/2026,09:24:45,17_T02,39.122547121,10.185090358,0.2,1734.56,110.67,446.919,2.1,38.53,13.43,1733.55,4337103.60,1781617.99
00:23:53.192,18/01/2026,09:24:46,17_T02,39.122546654,10.185092752,0.2,1734.52,111.22,447.132,2.1,38.53,13.43,1733.55,4337103.81,1781617.93
00:23:54.188,18/01/2026,09:24:47,17_T02,39.122545978,10.185094041,0.2,1734.49,111.48,447.263,2.1,38.53,13.43,1733.46,4337103.92,1781617.86
00:23:55.192,18/01/2026,09:24:48,17_T02,39.122545729,10.185095513,0.2,1734.48,111.13,447.393,2.1,38.53,13.43,1733.46,4337104.05,1781617.83
00:23:56.183,18/01/2026,09:24:49,17_T02,39.122545487,10.185096808,0.2,1734.45,110.98,447.508,2.0,38.53,13.43,1733.46,4337104.16,1781617.81
00:23:57.187,18/01/2026,09:24:50,17_T02,39.122545137,10.185098175,0.2,1734.37,110.95,447.633,2.0,38.53,13.43,1733.44,4337104.28,1781617.77
00:23:58.199,18/01/2026,09:24:51,17_T02,39.122543663,10.185099398,0.2,1734.29,110.69,447.788,2.0,38.53,13.43,1733.44,4337104.39,1781617.61
00:23:59.191,18/01/2026,09:24:52,17_T02,39.122542289,10.185100614,0.3,1734.17,110.59,447.938,2.2,38.53,13.43,1733.29,4337104.50,1781617.45
00:24:00.184,18/01/2026,09:24:53,17_T02,39.122542012,10.185102090,0.2,1734.06,110.35,448.070,2.3,38.53,13.43,1733.29,4337104.62,1781617.42
00:24:01.189,18/01/2026,09:24:54,17_T02,39.122541615,10.185103441,0.3,1733.96,110.40,448.195,2.3,38.53,13.43,1733.05,4337104.74,1781617.38
00:24:02.193,18/01/2026,09:24:55,17_T02,39.122541072,10.185104647,0.3,1733.90,110.68,448.314,2.3,38.53,13.43,1733.05,4337104.85,1781617.32
00:24:03.182,18/01/2026,09:24:56,17_T02,39.122540929,10.185106537,0.3,1733.89,111.01,448.474,2.3,38.53,13.43,1732.88,4337105.01,1781617.31
00:24:04.192,18/01/2026,09:24:57,17_T02,39.122541038,10.185108356,0.3,1733.89,110.77,448.619,2.3,38.53,13.43,1732.88,4337105.17,1781617.32
00:24:05.190,18/01/2026,09:24:58,17_T02,39.122540940,10.185109455,0.2,1733.88,110.26,448.713,2.3,38.53,13.43,1732.86,4337105.27,1781617.31
00:24:06.187,18/01/2026,09:24:59,17_T02,39.122540949,10.185110703,0.2,1733.90,109.67,448.815,2.3,38.53,13.43,1732.86,4337105.37,1781617.31
00:24:07.185,18/01/2026,09:25:00,17_T02,39.122540644,10.185111830,0.2,1733.96,109.65,448.918,2.2,38.53,13.43,1732.86,4337105.47,1781617.28
00:24:08.182,18/01/2026,09:25:01,17_T02,39.122539495,10.185112318,0.2,1734.06,109.99,449.001,2.0,38.53,13.43,1732.86,4337105.52,1781617.15
00:24:09.178,18/01/2026,09:25:02,17_T02,39.122538501,10.185112433,0.2,1734.16,110.31,449.047,1.7,38.53,13.43,1733.00,4337105.53,1781617.04
00:24:10.192,18/01/2026,09:25:03,17_T02,39.122538033,10.185113145,0.2,1734.18,110.56,449.123,1.7,38.53,13.43,1733.00,4337105.59,1781616.99
00:24:11.189,18/01/2026,09:25:04,17_T02,39.122537785,10.185114003,0.2,1734.13,110.54,449.203,1.7,38.53,13.42,1733.15,4337105.66,1781616.96
00:24:12.187,18/01/2026,09:25:05,17_T02,39.122537362,10.185114935,0.2,1734.04,110.74,449.295,1.8,38.53,13.42,1733.15,4337105.74,1781616.91
00:24:13.183,18/01/2026,09:25:06,17_T02,39.122536712,10.185116175,0.2,1733.99,111.13,449.420,1.9,38.53,13.43,1733.01,4337105.85,1781616.84
00:24:14.181,18/01/2026,09:25:07,17_T02,39.122535385,10.185115798,0.2,1733.98,111.23,449.439,1.9,38.53,13.43,1733.01,4337105.82,1781616.70
00:24:15.190,18/01/2026,09:25:08,17_T02,39.122534023,10.185115548,0.2,1734.00,111.31,449.469,1.8,38.53,13.43,1732.95,4337105.80,1781616.55
00:24:16.182,18/01/2026,09:25:09,17_T02,39.122533891,10.185116801,0.2,1733.97,110.81,449.577,1.7,38.53,13.43,1732.95,4337105.91,1781616.53
00:24:17.193,18/01/2026,09:25:10,17_T02,39.122533704,10.185117992,0.2,1733.89,110.50,449.681,1.8,38.53,13.43,1732.93,4337106.01,1781616.51
00:24:18.187,18/01/2026,09:25:11,17_T02,39.122533162,10.185119039,0.2,1733.78,110.75,449.787,1.9,38.53,13.43,1732.93,4337106.10,1781616.45
00:24:19.185,18/01/2026,09:25:12,17_T02,39.122533344,10.185119683,0.2,1733.70,111.08,449.833,2.0,38.53,13.43,1732.74,4337106.16,1781616.47
00:24:20.194,18/01/2026,09:25:13,17_T02,39.122533226,10.185120415,0.2,1733.67,111.67,449.897,2.0,38.53,13.43,1732.74,4337106.22,1781616.46
00:24:21.189,18/01/2026,09:25:14,17_T02,39.122532469,10.185121633,0.2,1733.67,112.18,450.025,1.9,38.53,13.43,1732.64,4337106.33,1781616.38
00:24:22.184,18/01/2026,09:25:15,17_T02,39.122532160,10.185122756,0.2,1733.67,112.05,450.129,1.9,38.53,13.43,1732.64,4337106.43,1781616.34
00:24:23.193,18/01/2026,09:25:16,17_T02,39.122531872,10.185123627,0.2,1733.64,112.05,450.211,1.9,38.53,13.43,1732.64,4337106.50,1781616.31
00:24:24.189,18/01/2026,09:25:17,17_T02,39.122531526,10.185124461,0.2,1733.57,112.22,450.292,1.9,38.53,13.43,1732.64,4337106.57,1781616.27
00:24:25.181,18/01/2026,09:25:18,17_T02,39.122529915,10.185124615,0.2,1733.49,112.06,450.365,2.0,38.53,13.43,1732.51,4337106.59,1781616.09
00:24:26.188,18/01/2026,09:25:19,17_T02,39.122528597,10.185125347,0.2,1733.46,111.14,450.474,2.0,38.53,13.43,1732.51,4337106.65,1781615.95
00:24:27.180,18/01/2026,09:25:20,17_T02,39.122528447,10.185126890,0.2,1733.47,110.40,450.606,2.0,38.53,13.43,1732.43,4337106.79,1781615.93
00:24:28.187,18/01/2026,09:25:21,17_T02,39.122528397,10.185128248,0.2,1733.48,109.77,450.719,1.9,38.53,13.43,1732.43,4337106.90,1781615.93
00:24:29.180,18/01/2026,09:25:22,17_T02,39.122528076,10.185129173,0.2,1733.46,109.73,450.806,1.9,38.53,13.43,1732.45,4337106.98,1781615.89
00:24:30.187,18/01/2026,09:25:23,17_T02,39.122528279,10.185131129,0.2,1733.41,109.76,450.959,1.9,38.53,13.43,1732.45,4337107.15,1781615.92
00:24:31.181,18/01/2026,09:25:24,17_T02,39.122528236,10.185132783,0.2,1733.37,110.05,451.096,1.9,38.53,13.43,1732.36,4337107.30,1781615.91
00:24:32.178,18/01/2026,09:25:25,17_T02,39.122527609,10.185133903,0.2,1733.33,110.45,451.211,1.9,38.53,13.43,1732.36,4337107.40,1781615.84
00:24:33.187,18/01/2026,09:25:26,17_T02,39.122527054,10.185135114,0.2,1733.29,110.76,451.331,2.0,38.53,13.43,1732.28,4337107.50,1781615.78
00:24:34.178,18/01/2026,09:25:27,17_T02,39.122526710,10.185136365,0.2,1733.26,110.81,451.446,2.0,38.53,13.43,1732.28,4337107.61,1781615.74
00:24:35.186,18/01/2026,09:25:28,17_T02,39.122526274,10.185137528,0.2,1733.24,110.91,451.558,1.9,38.53,13.43,1732.22,4337107.71,1781615.70
00:24:36.178,18/01/2026,09:25:29,17_T02,39.122525058,10.185137274,0.2,1733.23,110.62,451.582,1.9,38.53,13.43,1732.22,4337107.69,1781615.56
00:24:37.185,18/01/2026,09:25:30,17_T02,39.122523880,10.185136761,0.2,1733.22,110.39,451.584,1.9,38.53,13.43,1732.21,4337107.65,1781615.43
00:24:38.192,18/01/2026,09:25:31,17_T02,39.122523803,10.185137930,0.2,1733.17,109.90,451.683,1.9,38.53,13.43,1732.21,4337107.75,1781615.42
00:24:39.187,18/01/2026,09:25:32,17_T02,39.122523657,10.185139033,0.2,1733.08,109.57,451.778,2.0,38.53,13.43,1732.08,4337107.84,1781615.41
00:24:40.183,18/01/2026,09:25:33,17_T02,39.122523348,10.185140274,0.2,1733.01,109.56,451.891,2.0,38.53,13.43,1732.08,4337107.95,1781615.37
00:24:41.182,18/01/2026,09:25:34,17_T02,39.122521783,10.185140228,0.2,1732.99,110.06,451.946,2.1,38.53,13.43,1731.95,4337107.95,1781615.20
00:24:42.179,18/01/2026,09:25:35,17_T02,39.122520519,10.185140401,0.2,1733.00,110.22,452.007,2.0,38.53,13.43,1731.95,4337107.96,1781615.06
00:24:43.179,18/01/2026,09:25:36,17_T02,39.122520018,10.185141439,0.2,1733.00,110.40,452.111,1.9,38.53,13.43,1731.96,4337108.05,1781615.01
00:24:44.187,18/01/2026,09:25:37,17_T02,39.122519668,10.185142438,0.2,1732.96,110.42,452.206,1.9,38.53,13.43,1731.96,4337108.14,1781614.97
00:24:45.187,18/01/2026,09:25:38,17_T02,39.122519244,10.185143462,0.2,1732.88,110.50,452.305,2.0,38.53,13.43,1731.88,4337108.23,1781614.92
00:24:46.187,18/01/2026,09:25:39,17_T02,39.122518950,10.185144582,0.2,1732.79,110.34,452.408,2.1,38.53,13.43,1731.88,4337108.33,1781614.89
00:24:47.182,18/01/2026,09:25:40,17_T02,39.122518380,10.185145871,0.2,1732.74,110.63,452.535,2.1,38.53,13.43,1731.70,4337108.44,1781614.83
00:24:48.180,18/01/2026,09:25:41,17_T02,39.122517730,10.185147348,0.2,1732.74,111.00,452.680,2.1,38.53,13.43,1731.70,4337108.57,1781614.75
00:24:49.192,18/01/2026,09:25:42,17_T02,39.122517091,10.185148601,0.2,1732.75,111.34,452.806,2.0,38.52,13.43,1731.69,4337108.68,1781614.68
00:24:50.187,18/01/2026,09:25:43,17_T02,39.122516683,10.185149846,0.2,1732.74,111.12,452.923,1.9,38.52,13.43,1731.69,4337108.79,1781614.64
00:24:51.186,18/01/2026,09:25:44,17_T02,39.122516527,10.185150982,0.2,1732.69,110.77,453.022,1.9,38.53,13.43,1731.67,4337108.88,1781614.62
00:24:52.184,18/01/2026,09:25:45,17_T02,39.122515185,10.185150502,0.2,1732.60,110.74,453.033,2.0,38.53,13.43,1731.67,4337108.84,1781614.47
00:24:53.179,18/01/2026,09:25:46,17_T02,39.122514049,10.185150526,0.2,1732.53,110.70,453.077,2.1,38.53,13.43,1731.67,4337108.85,1781614.35
00:24:54.179,18/01/2026,09:25:47,17_T02,39.122513629,10.185151970,0.2,1732.50,110.56,453.211,2.1,38.53,13.43,1731.50,4337108.97,1781614.30
00:24:55.187,18/01/2026,09:25:48,17_T02,39.122513361,10.185153481,0.2,1732.50,110.14,453.345,2.0,38.53,13.43,1731.50,4337109.10,1781614.27
00:24:56.185,18/01/2026,09:25:49,17_T02,39.122512937,10.185154793,0.2,1732.49,110.08,453.468,2.0,38.53,13.43,1731.45,4337109.22,1781614.23
00:24:57.193,18/01/2026,09:25:50,17_T02,39.122512196,10.185156228,0.3,1732.44,109.99,453.613,1.9,38.53,13.43,1731.45,4337109.34,1781614.15
00:24:58.187,18/01/2026,09:25:51,17_T02,39.122511369,10.185157766,0.3,1732.34,110.06,453.770,2.0,38.53,13.42,1731.42,4337109.48,1781614.05
00:24:59.180,18/01/2026,09:25:52,17_T02,39.122510876,10.185158818,0.2,1732.25,110.21,453.874,2.1,38.53,13.42,1731.42,4337109.57,1781614.00
00:25:00.193,18/01/2026,09:25:53,17_T02,39.122510293,10.185160193,0.2,1732.19,110.36,454.009,2.2,38.53,13.43,1731.21,4337109.69,1781613.94
00:25:01.187,18/01/2026,09:25:54,17_T02,39.122509715,10.185161371,0.2,1732.18,110.62,454.127,2.1,38.53,13.43,1731.21,4337109.79,1781613.87
00:25:02.178,18/01/2026,09:25:55,17_T02,39.122509016,10.185162451,0.2,1732.17,111.05,454.241,2.1,38.53,13.43,1731.12,4337109.88,1781613.80
00:25:03.187,18/01/2026,09:25:56,17_T02,39.122506677,10.185162800,0.2,1732.13,111.26,454.357,2.0,38.53,13.43,1731.12,4337109.92,1781613.54
00:25:04.179,18/01/2026,09:25:57,17_T02,39.122504531,10.185163084,0.2,1732.05,111.51,454.460,2.1,38.53,13.42,1731.09,4337109.94,1781613.30
00:25:05.185,18/01/2026,09:25:58,17_T02,39.122504052,10.185164186,0.2,1731.97,111.48,454.568,2.1,38.53,13.42,1731.09,4337110.04,1781613.25
00:25:06.180,18/01/2026,09:25:59,17_T02,39.122503542,10.185165300,0.2,1731.92,111.50,454.678,2.2,38.53,13.43,1730.93,4337110.13,1781613.19
00:25:07.190,18/01/2026,09:26:00,17_T02,39.122502879,10.185166527,0.2,1731.91,111.66,454.803,2.2,38.53,13.43,1730.93,4337110.24,1781613.12
00:25:08.185,18/01/2026,09:26:01,17_T02,39.122501171,10.185166755,0.2,1731.90,112.13,454.886,2.1,38.53,13.43,1730.86,4337110.26,1781612.93
00:25:09.190,18/01/2026,09:26:02,17_T02,39.122499731,10.185167071,0.2,1731.83,112.10,454.965,2.1,38.53,13.43,1730.86,4337110.29,1781612.77
00:25:10.191,18/01/2026,09:26:03,17_T02,39.122499360,10.185168235,0.2,1731.72,111.63,455.074,2.2,38.53,13.43,1730.79,4337110.39,1781612.73
00:25:11.186,18/01/2026,09:26:04,17_T02,39.122499030,10.185169312,0.2,1731.62,111.26,455.175,2.3,38.53,13.43,1730.79,4337110.48,1781612.70
00:25:12.180,18/01/2026,09:26:05,17_T02,39.122498559,10.185170381,0.2,1731.57,111.21,455.280,2.4,38.53,13.43,1730.55,4337110.58,1781612.64
00:25:13.192,18/01/2026,09:26:06,17_T02,39.122498019,10.185171516,0.2,1731.56,111.17,455.393,2.4,38.53,13.43,1730.55,4337110.68,1781612.58
00:25:14.188,18/01/2026,09:26:07,17_T02,39.122497544,10.185173042,0.2,1731.57,111.28,455.535,2.3,38.53,13.43,1730.52,4337110.81,1781612.53
00:25:15.182,18/01/2026,09:26:08,17_T02,39.122497047,10.185174524,0.2,1731.57,111.53,455.675,2.2,38.53,13.43,1730.52,4337110.94,1781612.48
00:25:16.193,18/01/2026,09:26:09,17_T02,39.122496542,10.185175149,0.2,1731.52,111.80,455.745,2.2,38.53,13.42,1730.51,4337110.99,1781612.42
00:25:17.189,18/01/2026,09:26:10,17_T02,39.122496126,10.185176146,0.2,1731.47,111.77,455.842,2.3,38.53,13.42,1730.51,4337111.08,1781612.38
00:25:18.186,18/01/2026,09:26:11,17_T02,39.122495767,10.185177550,0.2,1731.44,111.30,455.971,2.3,38.53,13.42,1730.41,4337111.20,1781612.34
00:25:19.182,18/01/2026,09:26:12,17_T02,39.122495849,10.185179349,0.2,1731.44,110.46,456.115,2.1,38.53,13.42,1730.41,4337111.36,1781612.35
00:25:20.191,18/01/2026,09:26:13,17_T02,39.122495792,10.185180770,0.2,1731.45,109.94,456.233,2.1,38.53,13.42,1730.38,4337111.48,1781612.34
00:25:21.182,18/01/2026,09:26:14,17_T02,39.122495306,10.185181844,0.2,1731.38,109.87,456.340,2.1,38.53,13.42,1730.38,4337111.57,1781612.29
00:25:22.180,18/01/2026,09:26:15,17_T02,39.122494824,10.185182790,0.2,1731.23,109.89,456.435,2.2,38.53,13.42,1730.31,4337111.66,1781612.23
00:25:23.189,18/01/2026,09:26:16,17_T02,39.122494282,10.185183791,0.2,1731.06,110.09,456.537,2.4,38.53,13.42,1730.31,4337111.74,1781612.17
00:25:24.181,18/01/2026,09:26:17,17_T02,39.122493671,10.185184883,0.2,1730.90,110.50,456.649,2.5,38.53,13.43,1729.96,4337111.84,1781612.11
00:25:25.193,18/01/2026,09:26:18,17_T02,39.122491853,10.185185468,0.2,1730.79,111.12,456.765,2.6,38.53,13.43,1729.96,4337111.89,1781611.91
00:25:26.186,18/01/2026,09:26:19,17_T02,39.122490030,10.185186048,0.2,1730.73,111.51,456.880,2.6,38.53,13.43,1729.71,4337111.94,1781611.71
00:25:27.182,18/01/2026,09:26:20,17_T02,39.122489465,10.185187130,0.2,1730.67,111.40,456.990,2.5,38.53,13.43,1729.71,4337112.04,1781611.64
00:25:28.193,18/01/2026,09:26:21,17_T02,39.122489118,10.185188265,0.2,1730.61,111.08,457.096,2.6,38.53,13.43,1729.59,4337112.13,1781611.61
00:25:29.182,18/01/2026,09:26:22,17_T02,39.122488811,10.185189240,0.2,1730.58,110.80,457.187,2.7,38.53,13.43,1729.59,4337112.22,1781611.57
00:25:30.193,18/01/2026,09:26:23,17_T02,39.122490115,10.185191146,0.2,1730.61,110.16,457.295,2.7,38.53,13.43,1729.52,4337112.39,1781611.72
00:25:31.190,18/01/2026,09:26:24,17_T02,39.122491373,10.185192814,0.2,1730.69,109.59,457.384,2.5,38.53,13.43,1729.52,4337112.53,1781611.86
00:25:32.187,18/01/2026,09:26:25,17_T02,39.122490833,10.185194243,0.2,1730.81,109.52,457.522,2.4,38.53,13.43,1729.67,4337112.65,1781611.80
00:25:33.181,18/01/2026,09:26:26,17_T02,39.122490249,10.185195414,0.2,1730.93,109.62,457.639,2.1,38.53,13.43,1729.67,4337112.76,1781611.73
00:25:34.187,18/01/2026,09:26:27,17_T02,39.122489805,10.185196344,0.2,1731.00,109.84,457.732,2.0,38.53,13.42,1729.89,4337112.84,1781611.68
00:25:35.189,18/01/2026,09:26:28,17_T02,39.122488727,10.185198264,0.2,1731.03,110.21,457.929,1.8,38.53,13.42,1729.89,4337113.01,1781611.57
00:25:36.179,18/01/2026,09:26:29,17_T02,39.122487340,10.185200372,0.2,1731.01,110.81,458.153,1.8,38.53,13.42,1729.97,4337113.19,1781611.41
00:25:37.186,18/01/2026,09:26:30,17_T02,39.122486639,10.185201396,0.2,1730.96,111.18,458.263,1.8,38.53,13.42,1729.97,4337113.28,1781611.34
00:25:38.191,18/01/2026,09:26:31,17_T02,39.122486027,10.185202487,0.2,1730.91,111.44,458.375,1.8,38.53,13.43,1729.88,4337113.37,1781611.27
00:25:39.181,18/01/2026,09:26:32,17_T02,39.122485417,10.185203631,0.2,1730.87,111.63,458.492,1.8,38.53,13.43,1729.88,4337113.47,1781611.20
00:25:40.179,18/01/2026,09:26:33,17_T02,39.122484935,10.185204802,0.2,1730.81,111.50,458.606,1.8,38.53,13.43,1729.77,4337113.57,1781611.15
00:25:41.189,18/01/2026,09:26:34,17_T02,39.122485553,10.185207860,0.2,1730.76,110.94,458.833,1.9,38.53,13.43,1729.77,4337113.84,1781611.22
00:25:42.180,18/01/2026,09:26:35,17_T02,39.122486038,10.185210575,0.2,1730.70,110.35,459.038,1.9,38.53,13.43,1729.66,4337114.08,1781611.27
00:25:43.193,18/01/2026,09:26:36,17_T02,39.122485686,10.185211897,0.2,1730.64,109.94,459.159,2.0,38.53,13.43,1729.66,4337114.19,1781611.23
00:25:44.187,18/01/2026,09:26:37,17_T02,39.122484977,10.185213091,0.2,1730.61,110.16,459.283,2.0,38.53,13.43,1729.56,4337114.30,1781611.15
00:25:45.186,18/01/2026,09:26:38,17_T02,39.122484244,10.185214354,0.3,1730.60,110.46,459.414,2.0,38.53,13.43,1729.56,4337114.41,1781611.07
00:25:46.194,18/01/2026,09:26:39,17_T02,39.122484468,10.185216187,0.3,1730.61,110.73,459.556,1.9,38.53,13.44,1729.54,4337114.57,1781611.10
00:25:47.191,18/01/2026,09:26:40,17_T02,39.122484648,10.185217603,0.2,1730.60,110.84,459.665,1.9,38.53,13.44,1729.54,4337114.69,1781611.12
00:25:48.188,18/01/2026,09:26:41,17_T02,39.122484167,10.185218438,0.2,1730.55,110.88,459.751,1.9,38.53,13.44,1729.51,4337114.76,1781611.07
00:25:49.188,18/01/2026,09:26:42,17_T02,39.122483745,10.185219391,0.2,1730.49,110.77,459.845,2.0,38.53,13.44,1729.51,4337114.84,1781611.02
00:25:50.184,18/01/2026,09:26:43,17_T02,39.122483121,10.185220370,0.2,1730.46,110.90,459.948,2.1,38.53,13.44,1729.41,4337114.93,1781610.95
00:25:51.180,18/01/2026,09:26:44,17_T02,39.122482541,10.185221450,0.2,1730.47,110.94,460.058,2.0,38.53,13.44,1729.41,4337115.02,1781610.89
00:25:52.193,18/01/2026,09:26:45,17_T02,39.122482115,10.185222245,0.2,1730.50,111.02,460.139,2.0,38.53,13.44,1729.41,4337115.09,1781610.84
00:25:53.189,18/01/2026,09:26:46,17_T02,39.122481849,10.185222886,0.2,1730.51,110.98,460.202,1.9,38.52,13.43,1729.44,4337115.15,1781610.81
00:25:54.183,18/01/2026,09:26:47,17_T02,39.122481457,10.185223679,0.2,1730.49,110.81,460.281,1.9,38.52,13.43,1729.44,4337115.22,1781610.77
00:25:55.181,18/01/2026,09:26:48,17_T02,39.122480872,10.185224494,0.2,1730.45,110.91,460.370,2.0,38.53,13.43,1729.43,4337115.29,1781610.70
00:25:56.180,18/01/2026,09:26:49,17_T02,39.122480362,10.185225474,0.2,1730.43,110.89,460.469,2.0,38.53,13.43,1729.43,4337115.37,1781610.65
00:25:57.178,18/01/2026,09:26:50,17_T02,39.122479500,10.185225101,0.2,1730.45,110.75,460.471,2.0,38.53,13.43,1729.37,4337115.34,1781610.55
00:25:58.186,18/01/2026,09:26:51,17_T02,39.122478554,10.185224654,0.2,1730.48,110.56,460.469,2.0,38.53,13.43,1729.37,4337115.30,1781610.45
00:25:59.180,18/01/2026,09:26:52,17_T02,39.122478198,10.185225643,0.2,1730.49,110.22,460.563,1.9,38.53,13.43,1729.42,4337115.39,1781610.41
00:26:00.192,18/01/2026,09:26:53,17_T02,39.122477752,10.185226343,0.2,1730.48,110.15,460.637,1.9,38.53,13.43,1729.42,4337115.45,1781610.36
00:26:01.191,18/01/2026,09:26:54,17_T02,39.122477290,10.185227006,0.2,1730.44,110.11,460.709,1.9,38.53,13.42,1729.42,4337115.51,1781610.31
00:26:02.188,18/01/2026,09:26:55,17_T02,39.122476664,10.185227924,0.2,1730.42,110.14,460.807,2.0,38.53,13.42,1729.42,4337115.59,1781610.24
00:26:03.180,18/01/2026,09:26:56,17_T02,39.122476257,10.185230222,0.2,1730.42,110.22,461.011,2.0,38.53,13.43,1729.35,4337115.79,1781610.20
00:26:04.190,18/01/2026,09:26:57,17_T02,39.122475882,10.185232480,0.2,1730.44,110.22,461.210,2.0,38.53,13.43,1729.35,4337115.99,1781610.15
00:26:05.185,18/01/2026,09:26:58,17_T02,39.122475355,10.185233277,0.2,1730.45,110.35,461.294,1.9,38.53,13.43,1729.37,4337116.05,1781610.10
00:26:06.184,18/01/2026,09:26:59,17_T02,39.122474635,10.185234046,0.2,1730.43,110.65,461.384,1.9,38.53,13.43,1729.37,4337116.12,1781610.02
00:26:07.192,18/01/2026,09:27:00,17_T02,39.122474078,10.185234927,0.2,1730.40,110.62,461.477,2.0,38.53,13.43,1729.37,4337116.20,1781609.96
00:26:08.179,18/01/2026,09:27:01,17_T02,39.122472965,10.185235650,0.2,1730.38,110.36,461.578,2.0,38.53,13.43,1729.37,4337116.26,1781609.83
00:26:09.184,18/01/2026,09:27:02,17_T02,39.122471798,10.185236364,0.2,1730.40,110.38,461.680,2.0,38.53,13.43,1729.32,4337116.32,1781609.71
00:26:10.193,18/01/2026,09:27:03,17_T02,39.122471153,10.185237126,0.2,1730.41,110.60,461.766,1.9,38.53,13.43,1729.32,4337116.39,1781609.63
00:26:11.190,18/01/2026,09:27:04,17_T02,39.122470508,10.185237779,0.2,1730.39,110.71,461.843,1.9,38.53,13.42,1729.34,4337116.45,1781609.56
00:26:12.183,18/01/2026,09:27:05,17_T02,39.122470003,10.185238648,0.2,1730.35,110.63,461.933,2.0,38.53,13.42,1729.34,4337116.52,1781609.51
00:26:13.192,18/01/2026,09:27:06,17_T02,39.122470254,10.185240525,0.2,1730.32,110.67,462.078,2.0,38.53,13.42,1729.28,4337116.69,1781609.54
00:26:14.192,18/01/2026,09:27:07,17_T02,39.122470371,10.185242254,0.2,1730.33,110.73,462.215,2.0,38.53,13.42,1729.28,4337116.84,1781609.55
00:26:15.183,18/01/2026,09:27:08,17_T02,39.122469826,10.185243376,0.2,1730.37,110.65,462.327,1.9,38.53,13.43,1729.27,4337116.93,1781609.49
00:26:16.190,18/01/2026,09:27:09,17_T02,39.122469350,10.185244231,0.2,1730.38,110.42,462.415,1.9,38.53,13.43,1729.27,4337117.01,1781609.44
00:26:17.180,18/01/2026,09:27:10,17_T02,39.122468972,10.185244859,0.2,1730.35,110.23,462.480,1.9,38.53,13.42,1729.32,4337117.06,1781609.40
00:26:18.190,18/01/2026,09:27:11,17_T02,39.122468565,10.185245427,0.2,1730.30,110.21,462.542,2.0,38.53,13.42,1729.32,4337117.11,1781609.35
00:26:19.184,18/01/2026,09:27:12,17_T02,39.122467345,10.185246492,0.2,1730.27,110.22,462.675,2.1,38.53,13.42,1729.23,4337117.21,1781609.22
00:26:20.189,18/01/2026,09:27:13,17_T02,39.122466322,10.185247729,0.2,1730.28,109.98,462.814,2.0,38.53,13.42,1729.23,4337117.31,1781609.10
00:26:21.184,18/01/2026,09:27:14,17_T02,39.122465753,10.185248642,0.2,1730.31,109.99,462.910,2.0,38.53,13.43,1729.24,4337117.39,1781609.04
00:26:22.182,18/01/2026,09:27:15,17_T02,39.122464962,10.185249399,0.2,1730.33,110.42,463.002,1.9,38.53,13.43,1729.24,4337117.46,1781608.95
00:26:23.182,18/01/2026,09:27:16,17_T02,39.122464424,10.185250130,0.2,1730.32,110.52,463.081,1.9,38.53,13.43,1729.26,4337117.52,1781608.89
00:26:24.182,18/01/2026,09:27:17,17_T02,39.122462512,10.185250012,0.2,1730.28,110.35,463.143,1.9,38.53,13.43,1729.26,4337117.51,1781608.68
00:26:25.192,18/01/2026,09:27:18,17_T02,39.122460827,10.185250132,0.2,1730.25,110.13,463.215,2.0,38.53,13.43,1729.21,4337117.52,1781608.50
00:26:26.195,18/01/2026,09:27:19,17_T02,39.122460015,10.185250896,0.2,1730.23,110.53,463.308,2.0,38.53,13.43,1729.21,4337117.59,1781608.41
00:26:27.192,18/01/2026,09:27:20,17_T02,39.122459284,10.185251869,0.2,1730.24,110.82,463.415,2.0,38.53,13.43,1729.18,4337117.68,1781608.33
00:26:28.187,18/01/2026,09:27:21,17_T02,39.122458599,10.185252881,0.2,1730.25,110.92,463.523,1.9,38.53,13.43,1729.18,4337117.76,1781608.25
00:26:29.182,18/01/2026,09:27:22,17_T02,39.122458182,10.185253763,0.2,1730.24,110.72,463.611,1.9,38.53,13.43,1729.19,4337117.84,1781608.21
00:26:30.178,18/01/2026,09:27:23,17_T02,39.122458122,10.185254894,0.2,1730.21,110.61,463.706,1.9,38.53,13.43,1729.19,4337117.94,1781608.20
00:26:31.193,18/01/2026,09:27:24,17_T02,39.122457867,10.185256072,0.2,1730.17,110.65,463.812,2.0,38.53,13.43,1729.13,4337118.04,1781608.17
00:26:32.189,18/01/2026,09:27:25,17_T02,39.122457279,10.185257035,0.2,1730.16,110.65,463.913,2.0,38.53,13.43,1729.13,4337118.13,1781608.11
00:26:33.181,18/01/2026,09:27:26,17_T02,39.122456769,10.185258065,0.2,1730.16,110.56,464.016,2.0,38.53,13.43,1729.09,4337118.22,1781608.05
00:26:34.191,18/01/2026,09:27:27,17_T02,39.122456127,10.185258961,0.2,1730.17,110.71,464.113,1.9,38.53,13.43,1729.09,4337118.29,1781607.98
00:26:35.190,18/01/2026,09:27:28,17_T02,39.122455760,10.185259336,0.2,1730.16,110.91,464.158,1.9,38.53,13.42,1729.10,4337118.33,1781607.94
00:26:36.187,18/01/2026,09:27:29,17_T02,39.122455461,10.185259707,0.2,1730.14,110.95,464.199,1.9,38.53,13.42,1729.10,4337118.36,1781607.91
00:26:37.185,18/01/2026,09:27:30,17_T02,39.122454953,10.185260536,0.2,1730.12,110.84,464.286,2.0,38.53,13.42,1729.07,4337118.43,1781607.85
00:26:38.181,18/01/2026,09:27:31,17_T02,39.122454439,10.185261382,0.2,1730.10,110.70,464.374,2.0,38.53,13.42,1729.07,4337118.50,1781607.79
00:26:39.180,18/01/2026,09:27:32,17_T02,39.122453802,10.185262279,0.2,1730.10,110.78,464.472,2.0,38.53,13.42,1729.04,4337118.58,1781607.72
00:26:40.187,18/01/2026,09:27:33,17_T02,39.122453323,10.185263325,0.2,1730.10,110.53,464.575,2.0,38.53,13.42,1729.04,4337118.67,1781607.67
00:26:41.191,18/01/2026,09:27:34,17_T02,39.122453443,10.185264734,0.2,1730.11,110.35,464.686,2.0,38.53,13.42,1729.05,4337118.80,1781607.69
00:26:42.185,18/01/2026,09:27:35,17_T02,39.122453518,10.185266032,0.2,1730.10,110.17,464.790,1.9,38.53,13.42,1729.05,4337118.91,1781607.69
00:26:43.187,18/01/2026,09:27:36,17_T02,39.122452965,10.185266883,0.2,1730.08,110.16,464.880,2.0,38.53,13.42,1729.03,4337118.98,1781607.63
00:26:44.191,18/01/2026,09:27:37,17_T02,39.122452625,10.185267749,0.2,1730.07,109.90,464.964,2.0,38.53,13.42,1729.03,4337119.06,1781607.60
00:26:45.187,18/01/2026,09:27:38,17_T02,39.122452040,10.185268657,0.2,1730.06,109.97,465.060,2.0,38.53,13.42,1728.99,4337119.14,1781607.53
00:26:46.202,18/01/2026,09:27:39,17_T02,39.122452528,10.185269289,0.2,1730.05,110.31,465.093,2.0,38.53,13.42,1728.99,4337119.19,1781607.59
00:26:47.181,18/01/2026,09:27:40,17_T02,39.122452936,10.185269893,0.2,1730.04,110.67,465.128,2.0,38.53,13.42,1728.99,4337119.25,1781607.63
00:26:48.186,18/01/2026,09:27:41,17_T02,39.122452259,10.185270615,0.2,1730.03,111.05,465.212,2.0,38.53,13.42,1728.99,4337119.31,1781607.56
00:26:49.180,18/01/2026,09:27:42,17_T02,39.122451651,10.185271281,0.2,1730.00,111.32,465.289,1.9,38.53,13.42,1728.99,4337119.37,1781607.49
00:26:50.185,18/01/2026,09:27:43,17_T02,39.122451098,10.185272068,0.2,1729.99,111.45,465.374,2.0,38.53,13.42,1728.97,4337119.44,1781607.43
00:26:51.192,18/01/2026,09:27:44,17_T02,39.122451222,10.185273131,0.2,1729.98,111.12,465.456,2.0,38.53,13.42,1728.97,4337119.53,1781607.44
00:26:52.182,18/01/2026,09:27:45,17_T02,39.122451197,10.185274059,0.2,1730.00,111.05,465.533,1.9,38.53,13.42,1728.92,4337119.61,1781607.44
00:26:53.192,18/01/2026,09:27:46,17_T02,39.122450682,10.185274885,0.2,1730.00,111.00,465.620,1.9,38.53,13.42,1728.92,4337119.68,1781607.38
00:26:54.187,18/01/2026,09:27:47,17_T02,39.122450165,10.185275648,0.2,1729.99,110.93,465.702,1.9,38.53,13.42,1728.94,4337119.75,1781607.33
00:26:55.182,18/01/2026,09:27:48,17_T02,39.122449248,10.185276252,0.2,1729.97,111.70,465.786,2.0,38.53,13.42,1728.94,4337119.80,1781607.23
00:26:56.178,18/01/2026,09:27:49,17_T02,39.122448033,10.185276764,0.2,1729.95,113.26,465.873,2.0,38.53,13.42,1728.90,4337119.84,1781607.09
00:26:57.191,18/01/2026,09:27:50,17_T02,39.122446380,10.185277063,0.2,1729.95,115.41,465.959,1.9,38.53,13.42,1728.90,4337119.87,1781606.91
00:26:58.190,18/01/2026,09:27:51,17_T02,39.122445048,10.185277592,0.2,1729.96,116.92,466.052,1.9,38.53,13.42,1728.88,4337119.92,1781606.76
00:26:59.188,18/01/2026,09:27:52,17_T02,39.122444211,10.185278290,0.2,1729.96,117.62,466.140,1.8,38.53,13.42,1728.88,4337119.98,1781606.67
00:27:00.186,18/01/2026,09:27:53,17_T02,39.122443488,10.185278838,0.2,1729.94,118.04,466.212,1.9,38.52,13.43,1728.91,4337120.03,1781606.59
00:27:01.179,18/01/2026,09:27:54,17_T02,39.122442913,10.185279642,0.2,1729.90,117.91,466.299,1.9,38.52,13.43,1728.91,4337120.10,1781606.53
00:27:02.193,18/01/2026,09:27:55,17_T02,39.122441813,10.185281679,0.2,1729.88,117.08,466.507,1.9,38.53,13.42,1728.84,4337120.27,1781606.41
00:27:03.188,18/01/2026,09:27:56,17_T02,39.122440706,10.185283384,0.2,1729.88,116.54,466.688,1.9,38.53,13.42,1728.84,4337120.42,1781606.28
00:27:04.183,18/01/2026,09:27:57,17_T02,39.122440342,10.185284399,0.2,1729.88,115.95,466.784,1.9,38.53,13.42,1728.81,4337120.51,1781606.24
00:27:05.180,18/01/2026,09:27:58,17_T02,39.122439915,10.185285341,0.2,1729.88,115.47,466.877,1.9,38.53,13.42,1728.81,4337120.59,1781606.20
00:27:06.178,18/01/2026,09:27:59,17_T02,39.122439585,10.185286263,0.2,1729.87,115.01,466.965,2.0,38.53,13.42,1728.82,4337120.67,1781606.16
00:27:07.192,18/01/2026,09:28:00,17_T02,39.122439028,10.185287089,0.2,1729.85,114.93,467.053,1.9,38.53,13.42,1728.82,4337120.75,1781606.10
00:27:08.186,18/01/2026,09:28:01,17_T02,39.122437113,10.185287539,0.2,1729.84,114.85,467.162,2.0,38.53,13.42,1728.79,4337120.78,1781605.89
00:27:09.180,18/01/2026,09:28:02,17_T02,39.122435187,10.185287943,0.2,1729.85,115.12,467.266,2.0,38.53,13.42,1728.79,4337120.82,1781605.68
00:27:10.193,18/01/2026,09:28:03,17_T02,39.122434355,10.185288586,0.2,1729.86,115.51,467.350,1.9,38.53,13.42,1728.79,4337120.88,1781605.58
00:27:11.186,18/01/2026,09:28:04,17_T02,39.122433491,10.185289252,0.2,1729.86,115.88,467.437,1.9,38.53,13.42,1728.79,4337120.93,1781605.49
00:27:12.178,18/01/2026,09:28:05,17_T02,39.122432777,10.185289847,0.2,1729.85,116.05,467.512,1.9,38.53,13.42,1728.80,4337120.99,1781605.41
00:27:13.181,18/01/2026,09:28:06,17_T02,39.122432015,10.185289783,0.2,1729.83,115.94,467.535,1.9,38.53,13.42,1728.80,4337120.98,1781605.33
00:27:14.193,18/01/2026,09:28:07,17_T02,39.122431214,10.185289821,0.2,1729.82,115.97,467.568,1.9,38.53,13.42,1728.76,4337120.98,1781605.24
00:27:15.183,18/01/2026,09:28:08,17_T02,39.122430529,10.185290576,0.2,1729.83,116.00,467.655,1.9,38.53,13.42,1728.76,4337121.05,1781605.16
00:27:16.188,18/01/2026,09:28:09,17_T02,39.122429780,10.185291239,0.2,1729.84,116.09,467.737,1.9,38.53,13.42,1728.75,4337121.11,1781605.08
00:27:17.179,18/01/2026,09:28:10,17_T02,39.122429226,10.185291947,0.2,1729.85,115.99,467.816,1.9,38.53,13.42,1728.75,4337121.17,1781605.02
00:27:18.188,18/01/2026,09:28:11,17_T02,39.122428797,10.185293013,0.2,1729.84,115.65,467.919,1.9,38.53,13.42,1728.78,4337121.26,1781604.97
00:27:19.190,18/01/2026,09:28:12,17_T02,39.122429728,10.185294644,0.2,1729.83,115.47,468.018,1.9,38.53,13.42,1728.78,4337121.40,1781605.08
00:27:20.193,18/01/2026,09:28:13,17_T02,39.122430187,10.185295997,0.2,1729.82,115.60,468.112,1.9,38.53,13.42,1728.76,4337121.52,1781605.13
00:27:21.186,18/01/2026,09:28:14,17_T02,39.122429431,10.185296749,0.2,1729.81,115.71,468.202,1.9,38.53,13.42,1728.76,4337121.59,1781605.04
00:27:22.193,18/01/2026,09:28:15,17_T02,39.122428749,10.185297700,0.2,1729.82,115.70,468.305,2.0,38.53,13.42,1728.75,4337121.67,1781604.97
00:27:23.181,18/01/2026,09:28:16,17_T02,39.122428179,10.185298602,0.2,1729.83,115.52,468.400,1.9,38.53,13.42,1728.75,4337121.75,1781604.91
00:27:24.190,18/01/2026,09:28:17,17_T02,39.122427072,10.185299343,0.2,1729.83,115.42,468.502,1.9,38.53,13.42,1728.76,4337121.81,1781604.78
00:27:25.184,18/01/2026,09:28:18,17_T02,39.122425902,10.185299944,0.2,1729.83,115.44,468.595,1.9,38.53,13.42,1728.76,4337121.87,1781604.65
00:27:26.181,18/01/2026,09:28:19,17_T02,39.122425536,10.185300886,0.2,1729.80,114.93,468.685,1.9,38.53,13.42,1728.77,4337121.95,1781604.61
00:27:27.193,18/01/2026,09:28:20,17_T02,39.122425148,10.185301986,0.2,1729.78,114.48,468.790,2.0,38.53,13.42,1728.77,4337122.04,1781604.57
00:27:28.190,18/01/2026,09:28:21,17_T02,39.122424311,10.185302743,0.2,1729.77,114.92,468.883,2.0,38.53,13.42,1728.70,4337122.11,1781604.48
00:27:29.187,18/01/2026,09:28:22,17_T02,39.122423876,10.185303438,0.2,1729.79,115.31,468.956,1.9,38.53,13.42,1728.70,4337122.17,1781604.43
00:27:30.185,18/01/2026,09:28:23,17_T02,39.122423578,10.185304219,0.2,1729.81,115.27,469.031,1.9,38.53,13.42,1728.73,4337122.24,1781604.40
00:27:31.180,18/01/2026,09:28:24,17_T02,39.122422889,10.185304990,0.2,1729.81,115.25,469.120,1.9,38.53,13.42,1728.73,4337122.31,1781604.32
00:27:32.194,18/01/2026,09:28:25,17_T02,39.122422321,10.185305828,0.2,1729.78,115.14,469.210,1.9,38.53,13.42,1728.72,4337122.38,1781604.26
00:27:33.187,18/01/2026,09:28:26,17_T02,39.122421501,10.185306594,0.2,1729.76,115.37,469.303,2.0,38.53,13.42,1728.72,4337122.45,1781604.17
00:27:34.184,18/01/2026,09:28:27,17_T02,39.122420510,10.185307146,0.2,1729.76,115.96,469.388,1.9,38.53,13.42,1728.68,4337122.49,1781604.06
00:27:35.182,18/01/2026,09:28:28,17_T02,39.122419743,10.185306861,0.2,1729.76,116.19,469.390,1.9,38.53,13.42,1728.68,4337122.47,1781603.98
00:27:36.178,18/01/2026,09:28:29,17_T02,39.122419108,10.185306694,0.2,1729.76,116.21,469.400,1.9,38.53,13.42,1728.70,4337122.46,1781603.91
00:27:37.192,18/01/2026,09:28:30,17_T02,39.122418475,10.185307377,0.2,1729.76,116.23,469.480,1.9,38.53,13.42,1728.70,4337122.52,1781603.84
00:27:38.191,18/01/2026,09:28:31,17_T02,39.122417840,10.185308236,0.2,1729.74,116.07,469.574,1.9,38.53,13.42,1728.69,4337122.59,1781603.77
00:27:39.189,18/01/2026,09:28:32,17_T02,39.122417244,10.185309169,0.2,1729.73,115.81,469.672,2.0,38.53,13.42,1728.69,4337122.67,1781603.70
00:27:40.182,18/01/2026,09:28:33,17_T02,39.122416482,10.185310028,0.2,1729.73,115.83,469.771,1.9,38.53,13.42,1728.66,4337122.75,1781603.62
00:27:41.190,18/01/2026,09:28:34,17_T02,39.122415813,10.185310819,0.2,1729.73,115.88,469.861,2.0,38.53,13.42,1728.66,4337122.82,1781603.54
00:27:42.191,18/01/2026,09:28:35,17_T02,39.122415184,10.185311597,0.2,1729.74,115.86,469.948,2.0,38.53,13.42,1728.67,4337122.88,1781603.47
00:27:43.186,18/01/2026,09:28:36,17_T02,39.122414430,10.185312253,0.2,1729.73,116.10,470.030,1.9,38.53,13.42,1728.67,4337122.94,1781603.39
00:27:44.187,18/01/2026,09:28:37,17_T02,39.122413330,10.185312626,0.2,1729.71,117.18,470.101,2.0,38.53,13.42,1728.66,4337122.97,1781603.27
00:27:45.186,18/01/2026,09:28:38,17_T02,39.122411710,10.185312706,0.2,1729.70,119.30,470.168,1.9,38.53,13.42,1728.66,4337122.98,1781603.09
00:27:46.178,18/01/2026,09:28:39,17_T02,39.122408575,10.185311882,0.2,1729.69,121.85,470.217,1.9,38.53,13.42,1728.63,4337122.91,1781602.74
00:27:47.186,18/01/2026,09:28:40,17_T02,39.122405371,10.185310771,0.2,1729.69,125.14,470.245,1.9,38.53,13.42,1728.63,4337122.81,1781602.39
00:27:48.178,18/01/2026,09:28:41,17_T02,39.122403473,10.185310464,0.2,1729.69,127.83,470.291,1.8,38.53,13.42,1728.63,4337122.79,1781602.18
00:27:49.188,18/01/2026,09:28:42,17_T02,39.122402199,10.185310716,0.2,1729.69,129.09,470.359,1.8,38.53,13.43,1728.63,4337122.81,1781602.04
00:27:50.184,18/01/2026,09:28:43,17_T02,39.122401384,10.185311254,0.2,1729.67,129.34,470.433,1.8,38.53,13.43,1728.63,4337122.86,1781601.95
00:27:51.177,18/01/2026,09:28:44,17_T02,39.122401217,10.185311498,0.2,1729.66,128.90,470.460,1.8,38.53,13.42,1728.61,4337122.88,1781601.93
00:27:52.186,18/01/2026,09:28:45,17_T02,39.122400998,10.185311993,0.2,1729.65,128.25,470.508,1.9,38.53,13.42,1728.61,4337122.92,1781601.91
00:27:53.179,18/01/2026,09:28:46,17_T02,39.122400251,10.185312649,0.2,1729.67,128.16,470.590,1.9,38.53,13.43,1728.59,4337122.98,1781601.83
00:27:54.182,18/01/2026,09:28:47,17_T02,39.122399386,10.185313307,0.2,1729.69,128.26,470.676,1.8,38.53,13.43,1728.59,4337123.04,1781601.73
00:27:55.188,18/01/2026,09:28:48,17_T02,39.122398416,10.185313605,0.2,1729.70,128.90,470.736,1.8,38.53,13.42,1728.61,4337123.06,1781601.62
00:27:56.181,18/01/2026,09:28:49,17_T02,39.122397343,10.185313853,0.2,1729.70,129.74,470.797,1.8,38.53,13.42,1728.61,4337123.08,1781601.51
00:27:57.190,18/01/2026,09:28:50,17_T02,39.122396495,10.185314559,0.2,1729.69,130.61,470.886,1.8,38.53,13.42,1728.65,4337123.15,1781601.41
00:27:58.180,18/01/2026,09:28:51,17_T02,39.122395657,10.185315007,0.2,1729.69,131.61,470.954,1.8,38.53,13.42,1728.65,4337123.18,1781601.32
00:27:59.191,18/01/2026,09:28:52,17_T02,39.122394509,10.185315107,0.2,1729.71,132.65,471.005,1.8,38.53,13.42,1728.63,4337123.19,1781601.19
00:28:00.185,18/01/2026,09:28:53,17_T02,39.122393602,10.185315407,0.2,1729.73,133.15,471.063,1.8,38.53,13.42,1728.63,4337123.22,1781601.09
00:28:01.180,18/01/2026,09:28:54,17_T02,39.122392776,10.185315804,0.2,1729.76,133.26,471.126,1.7,38.53,13.43,1728.68,4337123.25,1781601.00
00:28:02.190,18/01/2026,09:28:55,17_T02,39.122390951,10.185315112,0.2,1729.77,132.77,471.138,1.7,38.53,13.43,1728.68,4337123.20,1781600.80
00:28:03.185,18/01/2026,09:28:56,17_T02,39.122388956,10.185314438,0.2,1729.77,132.02,471.157,1.8,38.53,13.42,1728.71,4337123.14,1781600.58
00:28:04.181,18/01/2026,09:28:57,17_T02,39.122388526,10.185315311,0.2,1729.78,131.23,471.244,1.8,38.53,13.42,1728.71,4337123.21,1781600.53
00:28:05.190,18/01/2026,09:28:58,17_T02,39.122388038,10.185316433,0.2,1729.80,130.41,471.354,1.8,38.53,13.42,1728.71,4337123.31,1781600.48
00:28:06.185,18/01/2026,09:28:59,17_T02,39.122387257,10.185317095,0.2,1729.84,130.29,471.437,1.7,38.53,13.42,1728.71,4337123.37,1781600.39
00:28:07.180,18/01/2026,09:29:00,17_T02,39.122386534,10.185317650,0.2,1729.87,130.19,471.510,1.7,38.53,13.42,1728.78,4337123.42,1781600.31
00:28:08.179,18/01/2026,09:29:01,17_T02,39.122385742,10.185318195,0.2,1729.88,130.14,471.584,1.7,38.53,13.42,1728.78,4337123.46,1781600.23
00:28:09.188,18/01/2026,09:29:02,17_T02,39.122384986,10.185318689,0.2,1729.87,130.29,471.652,1.7,38.53,13.42,1728.81,4337123.51,1781600.14
00:28:10.190,18/01/2026,09:29:03,17_T02,39.122384112,10.185319265,0.2,1729.87,130.53,471.732,1.7,38.53,13.42,1728.81,4337123.56,1781600.05
00:28:11.189,18/01/2026,09:29:04,17_T02,39.122383192,10.185319699,0.2,1729.87,130.88,471.802,1.7,38.53,13.42,1728.81,4337123.60,1781599.95
00:28:12.186,18/01/2026,09:29:05,17_T02,39.122382150,10.185320050,0.2,1729.89,131.39,471.869,1.7,38.53,13.42,1728.81,4337123.63,1781599.83
00:28:13.184,18/01/2026,09:29:06,17_T02,39.122382082,10.185320946,0.2,1729.91,131.58,471.945,1.7,38.53,13.42,1728.84,4337123.70,1781599.82
00:28:14.180,18/01/2026,09:29:07,17_T02,39.122382199,10.185321981,0.2,1729.92,131.57,472.026,1.7,38.53,13.42,1728.84,4337123.79,1781599.84
00:28:15.186,18/01/2026,09:29:08,17_T02,39.122381496,10.185322560,0.2,1729.92,131.41,472.099,1.7,38.53,13.42,1728.86,4337123.85,1781599.76
00:28:16.181,18/01/2026,09:29:09,17_T02,39.122380931,10.185323092,0.2,1729.92,131.14,472.164,1.8,38.53,13.42,1728.86,4337123.89,1781599.70
00:28:17.189,18/01/2026,09:29:10,17_T02,39.122380136,10.185323803,0.2,1729.93,130.91,472.252,1.8,38.53,13.42,1728.87,4337123.95,1781599.61
00:28:18.186,18/01/2026,09:29:11,17_T02,39.122379599,10.185324484,0.2,1729.96,130.46,472.327,1.8,38.53,13.42,1728.87,4337124.01,1781599.55
00:28:19.192,18/01/2026,09:29:12,17_T02,39.122378864,10.185324994,0.2,1729.99,130.32,472.397,1.7,38.53,13.42,1728.92,4337124.06,1781599.47
00:28:20.184,18/01/2026,09:29:13,17_T02,39.122378238,10.185325496,0.2,1730.01,130.13,472.461,1.7,38.53,13.42,1728.92,4337124.10,1781599.40
00:28:21.191,18/01/2026,09:29:14,17_T02,39.122377421,10.185325889,0.2,1730.01,130.28,472.524,1.8,38.53,13.42,1728.97,4337124.14,1781599.31
00:28:22.186,18/01/2026,09:29:15,17_T02,39.122376546,10.185326241,0.2,1730.01,130.64,472.585,1.8,38.53,13.42,1728.97,4337124.17,1781599.21
00:28:23.191,18/01/2026,09:29:16,17_T02,39.122375530,10.185326588,0.2,1730.03,131.20,472.651,1.8,38.53,13.42,1728.98,4337124.20,1781599.10
00:28:24.181,18/01/2026,09:29:17,17_T02,39.122373669,10.185325751,0.2,1730.05,131.75,472.652,1.7,38.53,13.42,1728.98,4337124.12,1781598.90
00:28:25.189,18/01/2026,09:29:18,17_T02,39.122371993,10.185325201,0.2,1730.08,131.90,472.669,1.7,38.53,13.42,1729.01,4337124.08,1781598.71
00:28:26.181,18/01/2026,09:29:19,17_T02,39.122371285,10.185325738,0.2,1730.09,131.73,472.740,1.7,38.53,13.42,1729.01,4337124.12,1781598.63
00:28:27.191,18/01/2026,09:29:20,17_T02,39.122370489,10.185326297,0.2,1730.09,131.58,472.815,1.7,38.53,13.42,1729.05,4337124.17,1781598.55
00:28:28.192,18/01/2026,09:29:21,17_T02,39.122369776,10.185326955,0.2,1730.10,131.25,472.895,1.7,38.53,13.42,1729.05,4337124.23,1781598.47
00:28:29.180,18/01/2026,09:29:22,17_T02,39.122369096,10.185327823,0.2,1730.09,131.16,472.992,1.8,38.53,13.42,1729.07,4337124.31,1781598.39
00:28:30.186,18/01/2026,09:29:23,17_T02,39.122368483,10.185328674,0.2,1730.09,131.02,473.084,1.8,38.53,13.42,1729.07,4337124.38,1781598.32
00:28:31.190,18/01/2026,09:29:24,17_T02,39.122367645,10.185329221,0.2,1730.09,131.00,473.160,1.8,38.53,13.42,1729.04,4337124.43,1781598.23
00:28:32.182,18/01/2026,09:29:25,17_T02,39.122366895,10.185329927,0.2,1730.11,130.92,473.246,1.9,38.53,13.42,1729.04,4337124.49,1781598.15
00:28:33.185,18/01/2026,09:29:26,17_T02,39.122365977,10.185330519,0.2,1730.14,131.05,473.329,1.8,38.53,13.42,1729.09,4337124.54,1781598.05
00:28:34.179,18/01/2026,09:29:27,17_T02,39.122365306,10.185330657,0.2,1730.17,131.25,473.365,1.8,38.53,13.42,1729.09,4337124.55,1781597.97
00:28:35.185,18/01/2026,09:29:28,17_T02,39.122365242,10.185330556,0.2,1730.15,131.46,473.359,1.8,38.53,13.42,1729.13,4337124.55,1781597.97
00:28:36.177,18/01/2026,09:29:29,17_T02,39.122365231,10.185330312,0.2,1730.10,131.76,473.339,1.9,38.53,13.42,1729.13,4337124.52,1781597.97
00:28:37.190,18/01/2026,09:29:30,17_T02,39.122364631,10.185330289,0.2,1730.05,132.00,473.360,2.0,38.53,13.42,1729.03,4337124.52,1781597.90
00:28:38.188,18/01/2026,09:29:31,17_T02,39.122363785,10.185330795,0.2,1730.05,132.12,473.433,2.0,38.53,13.42,1729.03,4337124.57,1781597.81
00:28:39.190,18/01/2026,09:29:32,17_T02,39.122362849,10.185331418,0.2,1730.11,132.13,473.519,1.9,38.53,13.42,1729.05,4337124.62,1781597.70
00:28:40.186,18/01/2026,09:29:33,17_T02,39.122363045,10.185333958,0.2,1730.19,131.93,473.719,1.9,38.53,13.42,1729.05,4337124.84,1781597.73
00:28:41.185,18/01/2026,09:29:34,17_T02,39.122363226,10.185335835,0.2,1730.26,131.80,473.866,1.8,38.53,13.42,1729.21,4337125.00,1781597.75
00:28:42.180,18/01/2026,09:29:35,17_T02,39.122362765,10.185336140,0.2,1730.22,131.51,473.909,1.8,38.53,13.42,1729.21,4337125.03,1781597.69
00:28:43.192,18/01/2026,09:29:36,17_T02,39.122362210,10.185336624,0.2,1730.14,131.11,473.969,1.9,38.53,13.42,1729.13,4337125.07,1781597.63
00:28:44.186,18/01/2026,09:29:37,17_T02,39.122361528,10.185337242,0.2,1730.09,130.93,474.045,2.1,38.53,13.42,1729.13,4337125.13,1781597.56
00:28:45.180,18/01/2026,09:29:38,17_T02,39.122360695,10.185338201,0.2,1730.12,130.87,474.154,2.1,38.53,13.42,1729.13,4337125.21,1781597.47
00:28:46.191,18/01/2026,09:29:39,17_T02,39.122361056,10.185339887,0.2,1730.18,130.95,474.279,2.0,38.53,13.42,1729.06,4337125.36,1781597.51
00:28:47.185,18/01/2026,09:29:40,17_T02,39.122361410,10.185341222,0.2,1730.27,130.98,474.375,1.8,38.53,13.42,1729.06,4337125.47,1781597.55
00:28:48.183,18/01/2026,09:29:41,17_T02,39.122360780,10.185341411,0.2,1730.28,130.91,474.414,1.8,38.52,13.43,1729.22,4337125.49,1781597.48
00:28:49.180,18/01/2026,09:29:42,17_T02,39.122360461,10.185341808,0.2,1730.20,130.46,474.459,1.9,38.52,13.43,1729.22,4337125.53,1781597.44
00:28:50.190,18/01/2026,09:29:43,17_T02,39.122359920,10.185342223,0.2,1730.10,130.41,474.513,2.0,38.53,13.42,1729.20,4337125.56,1781597.38
00:28:51.184,18/01/2026,09:29:44,17_T02,39.122358398,10.185341204,0.2,1730.06,130.78,474.486,2.1,38.53,13.42,1729.20,4337125.47,1781597.21
00:28:52.183,18/01/2026,09:29:45,17_T02,39.122356843,10.185340704,0.2,1730.13,130.83,474.503,2.0,38.53,13.43,1729.05,4337125.43,1781597.04
00:28:53.190,18/01/2026,09:29:46,17_T02,39.122356047,10.185341151,0.2,1730.24,130.81,474.569,1.8,38.53,13.43,1729.05,4337125.47,1781596.95
00:28:54.186,18/01/2026,09:29:47,17_T02,39.122355793,10.185341190,0.2,1730.30,130.46,474.582,1.7,38.53,13.43,1729.20,4337125.47,1781596.93
00:28:55.179,18/01/2026,09:29:48,17_T02,39.122355577,10.185340877,0.2,1730.24,130.35,474.564,1.8,38.53,13.43,1729.20,4337125.45,1781596.90
00:28:56.189,18/01/2026,09:29:49,17_T02,39.122355530,10.185342111,0.2,1730.13,130.18,474.667,2.0,38.53,13.42,1729.24,4337125.55,1781596.90
00:28:57.177,18/01/2026,09:29:50,17_T02,39.122355211,10.185343229,0.2,1730.08,130.43,474.770,2.1,38.53,13.42,1729.24,4337125.65,1781596.86
00:28:58.183,18/01/2026,09:29:51,17_T02,39.122354069,10.185343740,0.2,1730.12,131.05,474.855,2.1,38.53,13.42,1729.05,4337125.69,1781596.74
00:28:59.188,18/01/2026,09:29:52,17_T02,39.122353068,10.185344239,0.2,1730.20,131.39,474.933,1.9,38.53,13.42,1729.05,4337125.74,1781596.63
00:29:00.178,18/01/2026,09:29:53,17_T02,39.122352273,10.185344587,0.2,1730.26,131.37,474.991,1.8,38.53,13.42,1729.16,4337125.77,1781596.54
00:29:01.186,18/01/2026,09:29:54,17_T02,39.122351891,10.185344994,0.2,1730.27,131.06,475.038,1.8,38.53,13.42,1729.16,4337125.80,1781596.50
00:29:02.178,18/01/2026,09:29:55,17_T02,39.122352307,10.185346692,0.2,1730.23,130.63,475.162,1.8,38.53,13.42,1729.24,4337125.95,1781596.54
00:29:03.185,18/01/2026,09:29:56,17_T02,39.122352343,10.185348086,0.2,1730.17,130.48,475.275,1.9,38.53,13.42,1729.24,4337126.07,1781596.55
00:29:04.189,18/01/2026,09:29:57,17_T02,39.122351726,10.185348599,0.2,1730.10,130.23,475.340,2.1,38.53,13.42,1729.15,4337126.12,1781596.48
00:29:05.182,18/01/2026,09:29:58,17_T02,39.122350981,10.185349240,0.2,1730.08,130.20,475.420,2.2,38.53,13.42,1729.15,4337126.17,1781596.40
00:29:06.186,18/01/2026,09:29:59,17_T02,39.122349889,10.185350047,0.2,1730.12,130.52,475.527,2.1,38.53,13.42,1729.05,4337126.24,1781596.28
00:29:07.192,18/01/2026,09:30:00,17_T02,39.122349185,10.185349740,0.2,1730.17,131.09,475.528,1.9,38.53,13.42,1729.05,4337126.22,1781596.20
00:29:08.188,18/01/2026,09:30:01,17_T02,39.122348651,10.185349258,0.2,1730.20,131.38,475.508,1.9,38.53,13.43,1729.16,4337126.18,1781596.14
00:29:09.181,18/01/2026,09:30:02,17_T02,39.122348119,10.185349820,0.2,1730.18,131.04,475.574,1.9,38.53,13.43,1729.16,4337126.23,1781596.08
00:29:10.190,18/01/2026,09:30:03,17_T02,39.122347552,10.185350353,0.2,1730.12,130.76,475.639,1.9,38.53,13.42,1729.14,4337126.27,1781596.02
00:29:11.184,18/01/2026,09:30:04,17_T02,39.122347033,10.185351124,0.2,1730.06,130.40,475.721,2.1,38.53,13.42,1729.14,4337126.34,1781595.96
00:29:12.179,18/01/2026,09:30:05,17_T02,39.122346062,10.185351895,0.2,1730.05,130.59,475.820,2.1,38.53,13.42,1729.03,4337126.41,1781595.86
00:29:13.191,18/01/2026,09:30:06,17_T02,39.122345402,10.185353070,0.2,1730.09,131.22,475.941,2.0,38.53,13.42,1729.03,4337126.51,1781595.78
00:29:14.188,18/01/2026,09:30:07,17_T02,39.122344897,10.185353990,0.2,1730.14,131.63,476.035,1.9,38.53,13.42,1729.07,4337126.59,1781595.73
00:29:15.185,18/01/2026,09:30:08,17_T02,39.122344187,10.185354383,0.2,1730.17,131.60,476.094,1.8,38.53,13.42,1729.07,4337126.62,1781595.65
00:29:16.181,18/01/2026,09:30:09,17_T02,39.122343578,10.185354856,0.2,1730.13,131.43,476.155,1.8,38.53,13.42,1729.15,4337126.66,1781595.58
00:29:17.178,18/01/2026,09:30:10,17_T02,39.122342943,10.185355521,0.2,1730.05,131.13,476.233,1.9,38.53,13.42,1729.15,4337126.72,1781595.51
00:29:18.191,18/01/2026,09:30:11,17_T02,39.122342544,10.185357658,0.2,1730.00,130.95,476.423,2.0,38.53,13.42,1729.02,4337126.91,1781595.47
00:29:19.186,18/01/2026,09:30:12,17_T02,39.122341844,10.185359551,0.2,1730.02,131.07,476.604,2.0,38.53,13.42,1729.02,4337127.07,1781595.39
00:29:20.183,18/01/2026,09:30:13,17_T02,39.122340771,10.185360304,0.2,1730.07,131.24,476.706,1.9,38.53,13.42,1729.01,4337127.14,1781595.27
00:29:21.182,18/01/2026,09:30:14,17_T02,39.122340009,10.185360806,0.2,1730.10,131.18,476.775,1.9,38.53,13.42,1729.01,4337127.18,1781595.19
00:29:22.179,18/01/2026,09:30:15,17_T02,39.122339459,10.185361302,0.2,1730.08,130.97,476.837,1.9,38.53,13.42,1729.06,4337127.23,1781595.13
00:29:23.189,18/01/2026,09:30:16,17_T02,39.122338851,10.185361780,0.2,1730.02,130.97,476.898,1.9,38.53,13.42,1729.06,4337127.27,1781595.06
00:29:24.180,18/01/2026,09:30:17,17_T02,39.122336473,10.185361080,0.2,1729.99,131.44,476.930,2.0,38.53,13.42,1728.97,4337127.21,1781594.80
00:29:25.189,18/01/2026,09:30:18,17_T02,39.122334137,10.185360632,0.2,1729.99,131.75,476.980,2.0,38.53,13.42,1728.97,4337127.17,1781594.54
00:29:26.186,18/01/2026,09:30:19,17_T02,39.122333173,10.185361367,0.2,1730.01,131.78,477.076,1.9,38.53,13.42,1728.98,4337127.23,1781594.43
00:29:27.180,18/01/2026,09:30:20,17_T02,39.122332268,10.185362041,0.2,1730.02,131.77,477.165,1.9,38.53,13.42,1728.98,4337127.29,1781594.34
00:29:28.180,18/01/2026,09:30:21,17_T02,39.122331481,10.185362666,0.2,1729.99,131.70,477.245,1.9,38.53,13.42,1729.00,4337127.35,1781594.25
00:29:29.188,18/01/2026,09:30:22,17_T02,39.122330048,10.185362064,0.2,1729.96,131.39,477.249,1.9,38.53,13.42,1729.00,4337127.29,1781594.09
00:29:30.183,18/01/2026,09:30:23,17_T02,39.122328609,10.185361502,0.2,1729.94,131.13,477.257,1.9,38.53,13.42,1728.93,4337127.25,1781593.93
00:29:31.189,18/01/2026,09:30:24,17_T02,39.122328030,10.185362196,0.2,1729.93,130.76,477.335,1.9,38.53,13.42,1728.93,4337127.31,1781593.87
00:29:32.181,18/01/2026,09:30:25,17_T02,39.122327190,10.185362731,0.2,1729.91,130.70,477.410,1.9,38.53,13.42,1728.90,4337127.35,1781593.78
00:29:33.177,18/01/2026,09:30:26,17_T02,39.122326622,10.185363458,0.2,1729.87,130.30,477.491,2.0,38.53,13.42,1728.90,4337127.42,1781593.71
00:29:34.183,18/01/2026,09:30:27,17_T02,39.122326128,10.185364138,0.2,1729.83,129.97,477.565,2.1,38.53,13.42,1728.83,4337127.48,1781593.66
00:29:35.192,18/01/2026,09:30:28,17_T02,39.122325618,10.185364905,0.2,1729.81,129.60,477.647,2.1,38.53,13.42,1728.83,4337127.54,1781593.60
00:29:36.187,18/01/2026,09:30:29,17_T02,39.122324531,10.185365388,0.2,1729.83,130.06,477.727,2.0,38.53,13.42,1728.79,4337127.59,1781593.48
00:29:37.179,18/01/2026,09:30:30,17_T02,39.122323601,10.185365865,0.2,1729.85,130.42,477.800,2.0,38.53,13.42,1728.79,4337127.63,1781593.38
00:29:38.186,18/01/2026,09:30:31,17_T02,39.122322806,10.185366190,0.2,1729.84,130.73,477.857,1.9,38.53,13.42,1728.83,4337127.66,1781593.29
00:29:39.191,18/01/2026,09:30:32,17_T02,39.122321858,10.185366398,0.2,1729.78,131.31,477.909,2.0,38.53,13.42,1728.83,4337127.67,1781593.19
00:29:40.185,18/01/2026,09:30:33,17_T02,39.122319866,10.185365746,0.2,1729.72,131.83,477.930,2.1,38.53,13.42,1728.71,4337127.62,1781592.97
00:29:41.181,18/01/2026,09:30:34,17_T02,39.122317738,10.185365228,0.2,1729.70,132.28,477.966,2.1,38.53,13.42,1728.71,4337127.57,1781592.73
00:29:42.185,18/01/2026,09:30:35,17_T02,39.122316840,10.185366126,0.2,1729.73,132.15,478.073,2.0,38.53,13.42,1728.68,4337127.65,1781592.63
00:29:43.181,18/01/2026,09:30:36,17_T02,39.122315643,10.185366259,0.2,1729.77,133.05,478.129,1.9,38.53,13.42,1728.68,4337127.66,1781592.50
00:29:44.189,18/01/2026,09:30:37,17_T02,39.122313652,10.185365098,0.2,1729.77,136.11,478.108,1.9,38.53,13.42,1728.68,4337127.56,1781592.28
00:29:45.184,18/01/2026,09:30:38,17_T02,39.122311601,10.185364336,0.2,1729.71,137.77,478.122,1.9,38.53,13.42,1728.75,4337127.50,1781592.06
00:29:46.183,18/01/2026,09:30:39,17_T02,39.122309762,10.185363908,0.2,1729.65,139.18,478.155,1.9,38.53,13.42,1728.75,4337127.46,1781591.85
00:29:47.178,18/01/2026,09:30:40,17_T02,39.122308485,10.185364012,0.2,1729.62,140.17,478.211,2.0,38.53,13.42,1728.64,4337127.47,1781591.71
00:29:48.190,18/01/2026,09:30:41,17_T02,39.122307403,10.185364539,0.2,1729.63,140.28,478.295,1.9,38.53,13.42,1728.64,4337127.52,1781591.59
00:29:49.187,18/01/2026,09:30:42,17_T02,39.122306485,10.185365185,0.2,1729.65,139.93,478.382,1.9,38.53,13.43,1728.61,4337127.57,1781591.49
00:29:50.181,18/01/2026,09:30:43,17_T02,39.122305950,10.185365958,0.2,1729.63,139.13,478.465,1.9,38.53,13.43,1728.61,4337127.64,1781591.43
00:29:51.192,18/01/2026,09:30:44,17_T02,39.122303891,10.185365557,0.2,1729.58,138.84,478.509,1.9,38.53,13.42,1728.60,4337127.61,1781591.20
00:29:52.187,18/01/2026,09:30:45,17_T02,39.122301916,10.185365558,0.2,1729.54,138.55,478.582,2.0,38.53,13.42,1728.60,4337127.61,1781590.99
00:29:53.182,18/01/2026,09:30:46,17_T02,39.122301131,10.185366465,0.2,1729.53,137.85,478.686,2.1,38.53,13.42,1728.53,4337127.68,1781590.90
00:29:54.177,18/01/2026,09:30:47,17_T02,39.122300429,10.185367346,0.2,1729.54,137.07,478.784,2.0,38.53,13.42,1728.53,4337127.76,1781590.82
00:29:55.189,18/01/2026,09:30:48,17_T02,39.122299545,10.185368081,0.2,1729.56,136.65,478.877,2.0,38.53,13.42,1728.51,4337127.83,1781590.73
00:29:56.187,18/01/2026,09:30:49,17_T02,39.122298143,10.185368908,0.3,1729.56,136.41,478.997,2.0,38.53,13.42,1728.51,4337127.90,1781590.57
00:29:57.180,18/01/2026,09:30:50,17_T02,39.122296555,10.185369613,0.3,1729.55,136.50,479.114,1.9,38.53,13.42,1728.54,4337127.96,1781590.40
00:29:58.192,18/01/2026,09:30:51,17_T02,39.122295486,10.185369820,0.2,1729.53,137.05,479.171,1.9,38.53,13.42,1728.54,4337127.98,1781590.28
00:29:59.187,18/01/2026,09:30:52,17_T02,39.122294381,10.185369954,0.2,1729.51,137.53,479.223,2.0,38.53,13.42,1728.50,4337127.99,1781590.16
