ASFIndex,Date,Time,Area,Lat,Long,Speed,P,Heading,mp,Altitude,Sal,T,Depth,E,N
00:00:00.282,18/01/2026,07:30:53,17_T02,39.121459720,10.180227669,0.2,1452.33,194.66,-14.037,77.2,38.56,13.48,1450.83,4336680.79,1781496.98
00:00:01.277,18/01/2026,07:30:54,17_T02,39.121460442,10.180227951,0.2,1452.67,194.69,-13.982,77.2,38.56,13.48,1450.83,4336680.81,1781497.06
00:00:02.270,18/01/2026,07:30:55,17_T02,39.121460901,10.180227727,0.2,1453.29,195.04,-13.979,77.2,38.56,13.49,1451.55,4336680.79,1781497.11
00:00:03.281,18/01/2026,07:30:56,17_T02,39.121461372,10.180227549,0.2,1454.05,195.38,-13.972,77.2,38.56,13.49,1451.55,4336680.78,1781497.17
00:00:04.280,18/01/2026,07:30:57,17_T02,39.121461692,10.180227540,0.2,1454.58,195.70,-13.958,77.2,38.56,13.49,1452.93,4336680.78,1781497.20
00:00:05.275,18/01/2026,07:30:58,17_T02,39.121463775,10.180232121,0.2,1454.75,195.80,-13.500,77.2,38.56,13.49,1452.93,4336681.17,1781497.43
00:00:06.269,18/01/2026,07:30:59,17_T02,39.121464887,10.180234652,0.2,1454.84,195.80,-13.249,77.2,38.56,13.49,1453.60,4336681.39,1781497.56
00:00:07.281,18/01/2026,07:31:00,17_T02,39.121465214,10.180234557,0.2,1455.29,196.01,-13.242,77.2,38.56,13.49,1453.60,4336681.39,1781497.59
00:00:08.273,18/01/2026,07:31:01,17_T02,39.121465678,10.180234344,0.1,1456.14,196.23,-13.238,77.2,38.57,13.50,1454.23,4336681.37,1781497.64
00:00:09.284,18/01/2026,07:31:02,17_T02,39.121468629,10.180238279,0.2,1457.01,196.48,-12.792,77.2,38.57,13.50,1454.23,4336681.71,1781497.97
00:00:10.279,18/01/2026,07:31:03,17_T02,39.121470463,10.180240832,0.4,1457.51,196.78,-12.507,77.2,38.56,13.49,1455.92,4336681.93,1781498.17
00:00:11.273,18/01/2026,07:31:04,17_T02,39.121470714,10.180241588,0.4,1457.62,196.91,-12.435,77.2,38.56,13.49,1455.92,4336682.00,1781498.20
00:00:12.269,18/01/2026,07:31:05,17_T02,39.121470879,10.180241979,0.4,1457.69,197.00,-12.397,77.2,38.56,13.50,1456.48,4336682.03,1781498.22
00:00:13.269,18/01/2026,07:31:06,17_T02,39.121471153,10.180241873,0.4,1458.08,197.16,-12.393,77.2,38.56,13.50,1456.48,4336682.02,1781498.25
00:00:14.280,18/01/2026,07:31:07,17_T02,39.121470982,10.180241529,0.4,1458.85,197.43,-12.428,77.2,38.57,13.51,1457.07,4336681.99,1781498.23
00:00:15.276,18/01/2026,07:31:08,17_T02,39.121471273,10.180241472,0.4,1459.71,197.76,-12.419,77.2,38.57,13.51,1457.07,4336681.99,1781498.26
00:00:16.276,18/01/2026,07:31:09,17_T02,39.121471902,10.180241855,0.2,1460.33,198.25,-12.361,77.2,38.56,13.48,1458.72,4336682.02,1781498.33
00:00:17.277,18/01/2026,07:31:10,17_T02,39.121472236,10.180242534,0.2,1460.60,198.63,-12.292,77.2,38.56,13.48,1458.72,4336682.08,1781498.37
00:00:18.272,18/01/2026,07:31:11,17_T02,39.121472411,10.180242793,0.2,1460.68,198.94,-12.263,77.2,38.56,13.49,1459.48,4336682.10,1781498.39
00:00:19.270,18/01/2026,07:31:12,17_T02,39.121471967,10.180244186,0.1,1460.86,199.14,-12.172,77.2,38.56,13.49,1459.48,4336682.22,1781498.34
00:00:20.269,18/01/2026,07:31:13,17_T02,39.121471988,10.180244618,0.1,1461.42,199.49,-12.137,77.2,38.56,13.49,1459.85,4336682.26,1781498.34
00:00:21.269,18/01/2026,07:31:14,17_T02,39.121472360,10.180244343,0.1,1462.30,199.87,-12.142,77.2,38.56,13.49,1459.85,4336682.24,1781498.38
00:00:22.283,18/01/2026,07:31:15,17_T02,39.121473217,10.180244340,0.1,1463.18,200.37,-12.104,77.2,38.55,13.48,1461.48,4336682.23,1781498.48
00:00:23.278,18/01/2026,07:31:16,17_T02,39.121473805,10.180244867,0.2,1463.72,200.94,-12.036,77.2,38.55,13.48,1461.48,4336682.28,1781498.54
00:00:24.276,18/01/2026,07:31:17,17_T02,39.121474326,10.180245381,0.2,1463.87,201.24,-11.971,77.2,38.56,13.49,1462.63,4336682.33,1781498.60
00:00:25.273,18/01/2026,07:31:18,17_T02,39.121474628,10.180245465,0.2,1463.84,201.43,-11.951,77.2,38.56,13.49,1462.63,4336682.33,1781498.63
00:00:26.269,18/01/2026,07:31:19,17_T02,39.121474784,10.180245364,0.1,1464.02,201.43,-11.952,77.2,38.56,13.49,1462.74,4336682.32,1781498.65
00:00:27.281,18/01/2026,07:31:20,17_T02,39.121475129,10.180245018,0.1,1464.71,201.60,-11.964,77.2,38.56,13.49,1462.74,4336682.29,1781498.69
00:00:28.281,18/01/2026,07:31:21,17_T02,39.121474234,10.180242954,0.1,1465.71,201.92,-12.168,77.2,38.54,13.50,1463.99,4336682.11,1781498.59
00:00:29.281,18/01/2026,07:31:22,17_T02,39.121474272,10.180242137,0.1,1466.60,202.59,-12.231,77.2,38.54,13.50,1463.99,4336682.04,1781498.59
00:00:30.277,18/01/2026,07:31:23,17_T02,39.121474671,10.180242892,0.2,1466.99,203.11,-12.153,77.2,38.56,13.48,1465.63,4336682.11,1781498.64
00:00:31.273,18/01/2026,07:31:24,17_T02,39.121474709,10.180243333,0.2,1466.94,203.49,-12.117,77.2,38.56,13.48,1465.63,4336682.15,1781498.64
00:00:32.270,18/01/2026,07:31:25,17_T02,39.121474699,10.180243278,0.2,1466.84,203.49,-12.121,77.2,38.55,13.48,1465.73,4336682.14,1781498.64
00:00:33.282,18/01/2026,07:31:26,17_T02,39.121474758,10.180243049,0.2,1467.21,203.51,-12.137,77.2,38.55,13.48,1465.73,4336682.12,1781498.65
00:00:34.280,18/01/2026,07:31:27,17_T02,39.121475161,10.180242456,0.1,1468.18,203.79,-12.166,77.2,38.56,13.48,1466.56,4336682.07,1781498.69
00:00:35.273,18/01/2026,07:31:28,17_T02,39.121476078,10.180241666,0.1,1469.35,204.59,-12.187,77.2,38.56,13.48,1466.56,4336682.00,1781498.79
00:00:36.268,18/01/2026,07:31:29,17_T02,39.121477059,10.180241598,0.2,1470.16,205.71,-12.148,77.2,38.56,13.48,1468.65,4336682.00,1781498.90
00:00:37.277,18/01/2026,07:31:30,17_T02,39.121477189,10.180242678,0.2,1470.31,205.97,-12.057,77.2,38.56,13.48,1468.65,4336682.09,1781498.91
00:00:38.272,18/01/2026,07:31:31,17_T02,39.121477049,10.180243674,0.2,1470.07,205.85,-11.984,77.2,38.55,13.49,1469.01,4336682.18,1781498.90
00:00:39.282,18/01/2026,07:31:32,17_T02,39.121477077,10.180243634,0.2,1469.99,205.81,-11.986,77.2,38.55,13.49,1469.01,4336682.17,1781498.90
00:00:40.277,18/01/2026,07:31:33,17_T02,39.121477508,10.180242823,0.1,1470.59,206.23,-12.031,77.2,38.55,13.49,1469.01,4336682.10,1781498.95
00:00:41.274,18/01/2026,07:31:34,17_T02,39.121478269,10.180241849,0.1,1471.67,206.73,-12.074,77.2,38.55,13.48,1469.16,4336682.02,1781499.03
00:00:42.270,18/01/2026,07:31:35,17_T02,39.121479408,10.180241098,0.2,1472.72,207.88,-12.082,77.2,38.55,13.48,1469.16,4336681.95,1781499.16
00:00:43.277,18/01/2026,07:31:36,17_T02,39.121480253,10.180240706,0.2,1473.22,208.40,-12.075,77.2,38.55,13.48,1471.22,4336681.92,1781499.25
00:00:44.268,18/01/2026,07:31:37,17_T02,39.121480382,10.180240961,0.2,1473.16,208.40,-12.049,77.2,38.55,13.48,1471.22,4336681.94,1781499.27
00:00:45.278,18/01/2026,07:31:38,17_T02,39.121480478,10.180240721,0.2,1473.07,208.53,-12.064,77.2,38.55,13.49,1472.00,4336681.92,1781499.28
00:00:46.272,18/01/2026,07:31:39,17_T02,39.121480890,10.180239863,0.1,1473.51,208.98,-12.113,77.2,38.55,13.49,1472.00,4336681.84,1781499.32
00:00:47.269,18/01/2026,07:31:40,17_T02,39.121481361,10.180237641,0.1,1474.47,209.32,-12.269,77.2,38.56,13.48,1472.19,4336681.65,1781499.37
00:00:48.277,18/01/2026,07:31:41,17_T02,39.121482097,10.180236402,0.1,1475.44,209.77,-12.334,77.2,38.56,13.48,1472.19,4336681.54,1781499.45
00:00:49.272,18/01/2026,07:31:42,17_T02,39.121482585,10.180236779,0.1,1475.96,210.06,-12.282,77.2,38.55,13.48,1474.06,4336681.57,1781499.51
00:00:50.271,18/01/2026,07:31:43,17_T02,39.121482627,10.180237377,0.1,1476.03,210.05,-12.232,77.2,38.55,13.48,1474.06,4336681.63,1781499.51
00:00:51.279,18/01/2026,07:31:44,17_T02,39.121482698,10.180237256,0.1,1476.06,210.18,-12.239,77.2,38.55,13.48,1474.84,4336681.62,1781499.52
00:00:52.271,18/01/2026,07:31:45,17_T02,39.121482926,10.180234008,0.1,1476.47,210.55,-12.486,77.2,38.55,13.48,1474.84,4336681.33,1781499.55
00:00:53.281,18/01/2026,07:31:46,17_T02,39.121483325,10.180231849,0.2,1477.25,210.89,-12.640,77.2,38.55,13.48,1475.19,4336681.15,1781499.59
00:00:54.277,18/01/2026,07:31:47,17_T02,39.121483855,10.180231604,0.2,1478.02,211.30,-12.635,77.2,38.55,13.48,1475.19,4336681.12,1781499.65
00:00:55.275,18/01/2026,07:31:48,17_T02,39.121484229,10.180231869,0.2,1478.49,211.69,-12.598,77.2,38.55,13.47,1476.73,4336681.15,1781499.69
00:00:56.272,18/01/2026,07:31:49,17_T02,39.121484420,10.180232304,0.1,1478.74,211.97,-12.554,77.2,38.55,13.47,1476.73,4336681.19,1781499.71
00:00:57.283,18/01/2026,07:31:50,17_T02,39.121486791,10.180235484,0.2,1479.04,212.31,-12.195,77.2,38.56,13.48,1477.54,4336681.46,1781499.97
00:00:58.280,18/01/2026,07:31:51,17_T02,39.121488321,10.180236656,0.2,1479.61,212.78,-12.033,77.2,38.56,13.48,1477.54,4336681.56,1781500.14
00:00:59.278,18/01/2026,07:31:52,17_T02,39.121488839,10.180236514,0.2,1480.37,213.06,-12.021,77.2,38.55,13.50,1478.40,4336681.55,1781500.20
00:01:00.277,18/01/2026,07:31:53,17_T02,39.121489314,10.180236772,0.2,1481.00,213.28,-11.979,77.2,38.55,13.50,1478.40,4336681.57,1781500.25
00:01:01.273,18/01/2026,07:31:54,17_T02,39.121489487,10.180237210,0.2,1481.27,213.42,-11.936,77.2,38.55,13.47,1479.78,4336681.61,1781500.27
00:01:02.283,18/01/2026,07:31:55,17_T02,39.121490590,10.180240308,0.2,1481.33,213.53,-11.640,77.2,38.55,13.47,1479.78,4336681.88,1781500.39
00:01:03.281,18/01/2026,07:31:56,17_T02,39.121491320,10.180241516,0.3,1481.58,213.70,-11.512,77.2,38.55,13.48,1480.16,4336681.98,1781500.47
00:01:04.273,18/01/2026,07:31:57,17_T02,39.121491794,10.180241349,0.3,1482.28,213.98,-11.503,77.2,38.55,13.48,1480.16,4336681.97,1781500.53
00:01:05.271,18/01/2026,07:31:58,17_T02,39.121492486,10.180241292,0.3,1483.18,214.28,-11.477,77.2,38.54,13.50,1481.16,4336681.97,1781500.60
00:01:06.278,18/01/2026,07:31:59,17_T02,39.121493123,10.180241698,0.2,1483.84,214.63,-11.416,77.2,38.54,13.50,1481.16,4336682.00,1781500.67
00:01:07.273,18/01/2026,07:32:00,17_T02,39.121492173,10.180239320,0.1,1484.10,214.70,-11.648,77.2,38.56,13.47,1482.66,4336681.79,1781500.57
00:01:08.283,18/01/2026,07:32:01,17_T02,39.121491609,10.180237848,0.2,1484.24,214.85,-11.790,77.2,38.56,13.47,1482.66,4336681.67,1781500.50
00:01:09.284,18/01/2026,07:32:02,17_T02,39.121491887,10.180237714,0.2,1484.58,215.08,-11.788,77.2,38.55,13.48,1483.09,4336681.65,1781500.54
00:01:10.279,18/01/2026,07:32:03,17_T02,39.121492317,10.180237471,0.2,1485.21,215.41,-11.788,77.2,38.55,13.48,1483.09,4336681.63,1781500.58
00:01:11.280,18/01/2026,07:32:04,17_T02,39.121492801,10.180237527,0.1,1485.99,215.59,-11.762,77.2,38.54,13.49,1484.17,4336681.64,1781500.64
00:01:12.278,18/01/2026,07:32:05,17_T02,39.121491969,10.180236410,0.1,1486.63,215.96,-11.888,77.2,38.54,13.49,1484.17,4336681.54,1781500.54
00:01:13.273,18/01/2026,07:32:06,17_T02,39.121491441,10.180236107,0.2,1486.97,216.30,-11.936,77.2,38.55,13.47,1485.53,4336681.51,1781500.49
00:01:14.270,18/01/2026,07:32:07,17_T02,39.121491613,10.180236452,0.2,1487.10,216.55,-11.901,77.2,38.55,13.47,1485.53,4336681.54,1781500.50
00:01:15.282,18/01/2026,07:32:08,17_T02,39.121491859,10.180236454,0.1,1487.28,216.80,-11.889,77.2,38.55,13.48,1485.95,4336681.54,1781500.53
00:01:16.276,18/01/2026,07:32:09,17_T02,39.121492792,10.180236206,0.1,1487.81,217.25,-11.867,77.2,38.55,13.48,1485.95,4336681.52,1781500.63
00:01:17.270,18/01/2026,07:32:10,17_T02,39.121493729,10.180235991,0.1,1488.67,217.66,-11.842,77.2,38.55,13.49,1486.85,4336681.50,1781500.74
00:01:18.283,18/01/2026,07:32:11,17_T02,39.121494510,10.180236145,0.1,1489.53,218.12,-11.794,77.2,38.55,13.49,1486.85,4336681.52,1781500.82
00:01:19.276,18/01/2026,07:32:12,17_T02,39.121494979,10.180236735,0.1,1490.04,218.59,-11.726,77.2,38.55,13.47,1488.51,4336681.57,1781500.88
00:01:20.274,18/01/2026,07:32:13,17_T02,39.121495043,10.180237308,0.1,1490.12,218.83,-11.678,77.2,38.55,13.47,1488.51,4336681.62,1781500.88
00:01:21.272,18/01/2026,07:32:14,17_T02,39.121495264,10.180238060,0.1,1490.06,218.88,-11.608,77.2,38.55,13.48,1488.90,4336681.68,1781500.91
00:01:22.271,18/01/2026,07:32:15,17_T02,39.121495611,10.180238191,0.1,1490.34,218.78,-11.582,77.2,38.55,13.48,1488.90,4336681.69,1781500.95
00:01:23.284,18/01/2026,07:32:16,17_T02,39.121496117,10.180237928,0.1,1491.17,218.81,-11.580,77.2,38.56,13.47,1489.43,4336681.67,1781501.00
00:01:24.281,18/01/2026,07:32:17,17_T02,39.121496983,10.180237712,0.1,1492.17,219.21,-11.558,77.2,38.56,13.47,1489.43,4336681.65,1781501.10
00:01:25.280,18/01/2026,07:32:18,17_T02,39.121497738,10.180238208,0.1,1492.88,219.66,-11.485,77.2,38.55,13.47,1491.30,4336681.70,1781501.18
00:01:26.274,18/01/2026,07:32:19,17_T02,39.121498900,10.180237053,0.1,1493.16,219.90,-11.524,77.2,38.55,13.47,1491.30,4336681.59,1781501.31
00:01:27.272,18/01/2026,07:32:20,17_T02,39.121499618,10.180236139,0.1,1493.28,220.15,-11.564,77.2,38.55,13.48,1492.03,4336681.52,1781501.39
00:01:28.282,18/01/2026,07:32:21,17_T02,39.121499972,10.180235719,0.1,1493.54,220.37,-11.582,77.2,38.55,13.48,1492.03,4336681.48,1781501.43
00:01:29.273,18/01/2026,07:32:22,17_T02,39.121500482,10.180235173,0.1,1494.01,220.70,-11.602,77.2,38.56,13.48,1492.57,4336681.43,1781501.48
00:01:30.272,18/01/2026,07:32:23,17_T02,39.121501019,10.180234844,0.1,1494.58,220.97,-11.604,77.2,38.56,13.48,1492.57,4336681.40,1781501.54
00:01:31.282,18/01/2026,07:32:24,17_T02,39.121502501,10.180238678,0.1,1495.18,221.14,-11.233,77.2,38.55,13.47,1493.71,4336681.74,1781501.71
00:01:32.278,18/01/2026,07:32:25,17_T02,39.121503521,10.180241046,0.2,1495.80,221.29,-10.999,77.2,38.55,13.47,1493.71,4336681.94,1781501.82
00:01:33.269,18/01/2026,07:32:26,17_T02,39.121504142,10.180241478,0.2,1496.42,221.60,-10.936,77.2,38.55,13.47,1494.98,4336681.98,1781501.89
00:01:34.280,18/01/2026,07:32:27,17_T02,39.121504715,10.180241739,0.2,1496.92,222.02,-10.890,77.2,38.55,13.47,1494.98,4336682.00,1781501.95
00:01:35.277,18/01/2026,07:32:28,17_T02,39.121505149,10.180241883,0.1,1497.18,222.39,-10.859,77.2,38.55,13.47,1495.91,4336682.01,1781502.00
00:01:36.271,18/01/2026,07:32:29,17_T02,39.121502501,10.180239550,0.1,1497.28,222.67,-11.163,77.2,38.55,13.47,1495.91,4336681.81,1781501.71
00:01:37.274,18/01/2026,07:32:30,17_T02,39.121501262,10.180238167,0.3,1497.53,222.88,-11.329,77.2,38.55,13.48,1496.22,4336681.69,1781501.57
00:01:38.282,18/01/2026,07:32:31,17_T02,39.121501927,10.180237897,0.3,1498.21,223.25,-11.321,77.2,38.55,13.48,1496.22,4336681.67,1781501.64
00:01:39.275,18/01/2026,07:32:32,17_T02,39.121502733,10.180237836,0.2,1499.17,223.54,-11.289,77.2,38.55,13.47,1497.66,4336681.66,1781501.73
00:01:40.273,18/01/2026,07:32:33,17_T02,39.121503659,10.180238190,0.1,1500.00,224.06,-11.219,77.2,38.55,13.47,1497.66,4336681.69,1781501.83
00:01:41.274,18/01/2026,07:32:34,17_T02,39.121504359,10.180240465,0.2,1500.35,224.31,-11.007,77.2,38.55,13.47,1497.66,4336681.89,1781501.91
00:01:42.271,18/01/2026,07:32:35,17_T02,39.121504578,10.180241714,0.2,1500.32,224.34,-10.898,77.2,38.55,13.47,1499.05,4336682.00,1781501.94
00:01:43.279,18/01/2026,07:32:36,17_T02,39.121504688,10.180241715,0.2,1500.37,224.18,-10.893,77.2,38.55,13.47,1499.05,4336682.00,1781501.95
00:01:44.275,18/01/2026,07:32:37,17_T02,39.121505175,10.180241484,0.2,1500.94,224.21,-10.889,77.2,38.55,13.47,1499.17,4336681.98,1781502.00
00:01:45.274,18/01/2026,07:32:38,17_T02,39.121505884,10.180241237,0.2,1501.94,224.38,-10.877,77.2,38.55,13.47,1499.17,4336681.96,1781502.08
00:01:46.271,18/01/2026,07:32:39,17_T02,39.121507043,10.180240078,0.1,1502.82,224.82,-10.917,77.2,38.54,13.48,1500.54,4336681.86,1781502.21
00:01:47.281,18/01/2026,07:32:40,17_T02,39.121507545,10.180240098,0.2,1503.16,224.99,-10.892,77.2,38.54,13.48,1500.54,4336681.86,1781502.26
00:01:48.274,18/01/2026,07:32:41,17_T02,39.121507562,10.180240530,0.2,1503.11,224.92,-10.857,77.2,38.56,13.47,1501.91,4336681.90,1781502.27
00:01:49.269,18/01/2026,07:32:42,17_T02,39.121507725,10.180240432,0.2,1503.19,224.74,-10.858,77.2,38.56,13.47,1501.91,4336681.89,1781502.28
00:01:50.274,18/01/2026,07:32:43,17_T02,39.121508884,10.180241592,0.2,1503.76,224.78,-10.713,77.2,38.55,13.47,1502.01,4336681.99,1781502.41
00:01:51.274,18/01/2026,07:32:44,17_T02,39.121509905,10.180241950,0.2,1504.66,225.10,-10.639,77.2,38.55,13.47,1502.01,4336682.02,1781502.52
00:01:52.273,18/01/2026,07:32:45,17_T02,39.121510670,10.180241997,0.1,1505.43,225.66,-10.601,77.2,38.55,13.47,1503.37,4336682.02,1781502.61
00:01:53.269,18/01/2026,07:32:46,17_T02,39.121511007,10.180242543,0.1,1505.78,225.95,-10.542,77.2,38.55,13.47,1503.37,4336682.07,1781502.65
00:01:54.278,18/01/2026,07:32:47,17_T02,39.121511139,10.180242888,0.1,1505.91,226.01,-10.509,77.2,38.55,13.47,1504.55,4336682.10,1781502.66
00:01:55.279,18/01/2026,07:32:48,17_T02,39.121511158,10.180241890,0.1,1506.18,226.03,-10.587,77.2,38.55,13.47,1504.55,4336682.01,1781502.66
00:01:56.275,18/01/2026,07:32:49,17_T02,39.121511547,10.180240976,0.1,1506.74,226.29,-10.642,77.2,38.55,13.47,1505.00,4336681.93,1781502.71
00:01:57.282,18/01/2026,07:32:50,17_T02,39.121512133,10.180240777,0.1,1507.42,226.59,-10.631,77.2,38.55,13.47,1505.00,4336681.92,1781502.77
00:01:58.273,18/01/2026,07:32:51,17_T02,39.121512638,10.180240918,0.1,1508.03,226.87,-10.598,77.2,38.54,13.47,1506.23,4336681.93,1781502.83
00:01:59.269,18/01/2026,07:32:52,17_T02,39.121513019,10.180241308,0.1,1508.55,227.11,-10.549,77.2,38.54,13.47,1506.23,4336681.96,1781502.87
00:02:00.280,18/01/2026,07:32:53,17_T02,39.121514531,10.180242328,0.1,1509.08,227.46,-10.400,77.2,38.55,13.47,1507.38,4336682.05,1781503.03
00:02:01.275,18/01/2026,07:32:54,17_T02,39.121515513,10.180242706,0.1,1509.53,227.87,-10.326,77.2,38.55,13.47,1507.38,4336682.08,1781503.14
00:02:02.270,18/01/2026,07:32:55,17_T02,39.121515860,10.180242688,0.1,1509.80,228.13,-10.312,77.2,38.55,13.47,1508.35,4336682.08,1781503.18
00:02:03.268,18/01/2026,07:32:56,17_T02,39.121516088,10.180242787,0.1,1509.98,228.21,-10.293,77.2,38.55,13.47,1508.35,4336682.09,1781503.21
00:02:04.281,18/01/2026,07:32:57,17_T02,39.121516481,10.180242788,0.1,1510.34,228.34,-10.276,77.2,38.55,13.47,1508.83,4336682.09,1781503.25
00:02:05.273,18/01/2026,07:32:58,17_T02,39.121517286,10.180240591,0.1,1511.02,228.55,-10.414,77.2,38.55,13.47,1508.83,4336681.90,1781503.34
00:02:06.274,18/01/2026,07:32:59,17_T02,39.121518084,10.180239589,0.2,1511.85,228.77,-10.457,77.2,38.54,13.48,1509.95,4336681.81,1781503.43
00:02:07.271,18/01/2026,07:33:00,17_T02,39.121518799,10.180239930,0.2,1512.55,229.21,-10.398,77.2,38.54,13.48,1509.95,4336681.84,1781503.51
00:02:08.269,18/01/2026,07:33:01,17_T02,39.121519059,10.180240308,0.2,1512.92,229.53,-10.356,77.2,38.55,13.46,1511.41,4336681.87,1781503.53
00:02:09.279,18/01/2026,07:33:02,17_T02,39.121519169,10.180240363,0.2,1513.02,229.73,-10.347,77.2,38.55,13.46,1511.41,4336681.88,1781503.55
00:02:10.276,18/01/2026,07:33:03,17_T02,39.121517736,10.180241798,0.1,1513.08,229.82,-10.298,77.2,38.54,13.47,1511.83,4336682.00,1781503.39
00:02:11.269,18/01/2026,07:33:04,17_T02,39.121517339,10.180242304,0.2,1513.43,229.95,-10.275,77.2,38.54,13.47,1511.83,4336682.05,1781503.34
00:02:12.281,18/01/2026,07:33:05,17_T02,39.121518018,10.180241903,0.2,1514.25,230.23,-10.277,77.2,38.56,13.48,1512.39,4336682.01,1781503.42
00:02:13.272,18/01/2026,07:33:06,17_T02,39.121518980,10.180241674,0.1,1515.28,230.71,-10.251,77.2,38.56,13.48,1512.39,4336681.99,1781503.53
00:02:14.272,18/01/2026,07:33:07,17_T02,39.121519988,10.180241926,0.1,1516.10,231.68,-10.186,77.2,38.55,13.46,1514.31,4336682.01,1781503.64
00:02:15.270,18/01/2026,07:33:08,17_T02,39.121518197,10.180241966,0.2,1516.42,232.10,-10.264,77.2,38.55,13.46,1514.31,4336682.02,1781503.44
00:02:16.276,18/01/2026,07:33:09,17_T02,39.121517269,10.180241682,0.2,1516.31,232.28,-10.328,77.2,38.55,13.47,1515.21,4336681.99,1781503.34
00:02:17.274,18/01/2026,07:33:10,17_T02,39.121517370,10.180241350,0.2,1516.18,232.12,-10.350,77.2,38.55,13.47,1515.21,4336681.96,1781503.35
00:02:18.274,18/01/2026,07:33:11,17_T02,39.121517758,10.180240793,0.1,1516.49,232.11,-10.376,77.2,38.55,13.46,1515.06,4336681.92,1781503.39
00:02:19.284,18/01/2026,07:33:12,17_T02,39.121518488,10.180240166,0.2,1517.39,232.32,-10.393,77.2,38.55,13.46,1515.06,4336681.86,1781503.47
00:02:20.282,18/01/2026,07:33:13,17_T02,39.121520441,10.180241578,0.2,1518.50,233.09,-10.193,77.2,38.55,13.47,1516.59,4336681.98,1781503.69
00:02:21.275,18/01/2026,07:33:14,17_T02,39.121521790,10.180242955,0.2,1519.33,234.07,-10.023,77.2,38.55,13.47,1516.59,4336682.10,1781503.84
00:02:22.283,18/01/2026,07:33:15,17_T02,39.121521787,10.180243742,0.2,1519.64,234.52,-9.961,77.2,38.55,13.46,1518.26,4336682.17,1781503.84
00:02:23.280,18/01/2026,07:33:16,17_T02,39.121521898,10.180243664,0.2,1519.63,234.91,-9.962,77.2,38.55,13.46,1518.26,4336682.16,1781503.85
00:02:24.277,18/01/2026,07:33:17,17_T02,39.121522404,10.180242802,0.2,1519.68,235.30,-10.007,77.2,38.55,13.47,1518.44,4336682.09,1781503.90
00:02:25.273,18/01/2026,07:33:18,17_T02,39.121523552,10.180243266,0.2,1520.08,235.77,-9.919,77.2,38.55,13.47,1518.44,4336682.13,1781504.03
00:02:26.269,18/01/2026,07:33:19,17_T02,39.121524559,10.180243434,0.2,1520.84,236.14,-9.860,77.2,38.55,13.46,1519.18,4336682.14,1781504.14
00:02:27.282,18/01/2026,07:33:20,17_T02,39.121525417,10.180243183,0.2,1521.69,236.73,-9.841,77.2,38.55,13.46,1519.18,4336682.12,1781504.24
00:02:28.275,18/01/2026,07:33:21,17_T02,39.121526032,10.180243513,0.2,1522.39,237.49,-9.787,77.2,38.55,13.46,1520.85,4336682.15,1781504.30
00:02:29.282,18/01/2026,07:33:22,17_T02,39.121526405,10.180243960,0.1,1522.83,238.14,-9.735,77.2,38.55,13.46,1520.85,4336682.19,1781504.35
00:02:30.272,18/01/2026,07:33:23,17_T02,39.121526877,10.180242626,0.1,1523.04,238.85,-9.820,77.2,38.55,13.47,1521.77,4336682.07,1781504.40
00:02:31.281,18/01/2026,07:33:24,17_T02,39.121527663,10.180241161,0.1,1523.18,239.69,-9.900,77.2,38.55,13.47,1521.77,4336681.95,1781504.48
00:02:32.275,18/01/2026,07:33:25,17_T02,39.121528411,10.180240299,0.1,1523.38,240.45,-9.935,77.2,38.55,13.47,1522.09,4336681.87,1781504.57
00:02:33.268,18/01/2026,07:33:26,17_T02,39.121529301,10.180239518,0.1,1523.85,241.27,-9.957,77.2,38.55,13.47,1522.09,4336681.80,1781504.66
00:02:34.273,18/01/2026,07:33:27,17_T02,39.121530265,10.180238873,0.1,1524.68,242.02,-9.965,77.2,38.53,13.48,1523.10,4336681.75,1781504.77
00:02:35.270,18/01/2026,07:33:28,17_T02,39.121531679,10.180242501,0.1,1525.67,242.68,-9.613,77.2,38.53,13.48,1523.10,4336682.06,1781504.93
00:02:36.277,18/01/2026,07:33:29,17_T02,39.121532645,10.180245286,0.2,1526.47,243.41,-9.348,77.2,38.55,13.46,1524.96,4336682.30,1781505.03
00:02:37.272,18/01/2026,07:33:30,17_T02,39.121532541,10.180245929,0.2,1526.75,243.56,-9.302,77.2,38.55,13.46,1524.96,4336682.36,1781505.02
00:02:38.282,18/01/2026,07:33:31,17_T02,39.121532532,10.180245893,0.2,1526.58,243.65,-9.305,77.2,38.55,13.47,1525.45,4336682.36,1781505.02
00:02:39.275,18/01/2026,07:33:32,17_T02,39.121532769,10.180245537,0.2,1526.38,243.66,-9.323,77.2,38.55,13.47,1525.45,4336682.32,1781505.05
00:02:40.272,18/01/2026,07:33:33,17_T02,39.121533215,10.180246236,0.2,1526.70,243.91,-9.247,77.2,38.55,13.47,1525.45,4336682.39,1781505.10
00:02:41.280,18/01/2026,07:33:34,17_T02,39.121534034,10.180246630,0.2,1527.66,244.23,-9.179,77.2,38.55,13.46,1525.33,4336682.42,1781505.19
00:02:42.277,18/01/2026,07:33:35,17_T02,39.121535312,10.180246599,0.2,1528.85,244.89,-9.124,77.2,38.55,13.46,1525.33,4336682.42,1781505.33
00:02:43.270,18/01/2026,07:33:36,17_T02,39.121536312,10.180247134,0.2,1529.71,245.72,-9.036,77.2,38.54,13.47,1527.31,4336682.46,1781505.44
00:02:44.283,18/01/2026,07:33:37,17_T02,39.121535906,10.180247852,0.2,1529.90,245.89,-8.997,77.2,38.54,13.47,1527.31,4336682.53,1781505.39
00:02:45.274,18/01/2026,07:33:38,17_T02,39.121535968,10.180247676,0.2,1529.74,246.05,-9.008,77.2,38.55,13.47,1528.63,4336682.51,1781505.40
00:02:46.272,18/01/2026,07:33:39,17_T02,39.121536647,10.180246998,0.1,1529.85,246.44,-9.032,77.2,38.55,13.47,1528.63,4336682.45,1781505.48
00:02:47.283,18/01/2026,07:33:40,17_T02,39.121537488,10.180246472,0.1,1530.54,246.98,-9.035,77.2,38.55,13.46,1528.60,4336682.41,1781505.57
00:02:48.281,18/01/2026,07:33:41,17_T02,39.121538357,10.180246319,0.1,1531.50,247.38,-9.008,77.2,38.55,13.46,1528.60,4336682.39,1781505.66
00:02:49.280,18/01/2026,07:33:42,17_T02,39.121539074,10.180246628,0.1,1532.26,248.02,-8.952,77.2,38.55,13.47,1530.10,4336682.42,1781505.74
00:02:50.277,18/01/2026,07:33:43,17_T02,39.121537147,10.180250704,0.1,1532.59,248.44,-8.715,77.2,38.55,13.47,1530.10,4336682.77,1781505.53
00:02:51.272,18/01/2026,07:33:44,17_T02,39.121536273,10.180252508,0.2,1532.74,248.75,-8.611,77.2,38.55,13.46,1531.30,4336682.93,1781505.44
00:02:52.270,18/01/2026,07:33:45,17_T02,39.121536739,10.180252298,0.2,1533.06,249.24,-8.607,77.2,38.55,13.46,1531.30,4336682.91,1781505.49
00:02:53.280,18/01/2026,07:33:46,17_T02,39.121537360,10.180252078,0.2,1533.56,249.80,-8.596,77.2,38.55,13.47,1531.80,4336682.89,1781505.56
00:02:54.273,18/01/2026,07:33:47,17_T02,39.121537866,10.180252018,0.2,1534.05,250.32,-8.578,77.2,38.55,13.47,1531.80,4336682.89,1781505.61
00:02:55.271,18/01/2026,07:33:48,17_T02,39.121534927,10.180251544,0.2,1534.47,250.69,-8.748,77.2,38.54,13.47,1532.80,4336682.85,1781505.29
00:02:56.280,18/01/2026,07:33:49,17_T02,39.121533489,10.180251490,0.3,1535.05,251.10,-8.817,77.2,38.54,13.47,1532.80,4336682.84,1781505.13
00:02:57.277,18/01/2026,07:33:50,17_T02,39.121533967,10.180251904,0.3,1535.86,251.67,-8.763,77.2,38.55,13.47,1533.80,4336682.88,1781505.18
00:02:58.277,18/01/2026,07:33:51,17_T02,39.121534427,10.180252439,0.3,1536.60,252.30,-8.700,77.2,38.55,13.47,1533.80,4336682.93,1781505.23
00:02:59.275,18/01/2026,07:33:52,17_T02,39.121533151,10.180254259,0.3,1536.91,252.79,-8.613,77.2,38.55,13.46,1535.34,4336683.08,1781505.09
00:03:00.272,18/01/2026,07:33:53,17_T02,39.121532298,10.180255261,0.3,1536.87,253.02,-8.572,77.2,38.55,13.46,1535.34,4336683.17,1781505.00
00:03:01.273,18/01/2026,07:33:54,17_T02,39.121532175,10.180255427,0.3,1536.87,253.05,-8.564,77.2,38.54,13.46,1535.64,4336683.19,1781504.98
00:03:02.281,18/01/2026,07:33:55,17_T02,39.121532501,10.180255508,0.3,1537.36,253.27,-8.543,77.2,38.54,13.46,1535.64,4336683.19,1781505.02
00:03:03.275,18/01/2026,07:33:56,17_T02,39.121533049,10.180255687,0.2,1538.34,253.58,-8.504,77.2,38.55,13.47,1536.22,4336683.21,1781505.08
00:03:04.274,18/01/2026,07:33:57,17_T02,39.121532879,10.180257433,0.3,1539.35,254.11,-8.373,77.2,38.55,13.47,1536.22,4336683.36,1781505.06
00:03:05.269,18/01/2026,07:33:58,17_T02,39.121532477,10.180258913,0.3,1539.87,254.54,-8.274,77.2,38.55,13.46,1538.15,4336683.49,1781505.02
00:03:06.282,18/01/2026,07:33:59,17_T02,39.121531946,10.180259476,0.2,1539.90,254.52,-8.253,77.2,38.55,13.46,1538.15,4336683.54,1781504.96
00:03:07.277,18/01/2026,07:34:00,17_T02,39.121531676,10.180259578,0.2,1539.85,254.28,-8.257,77.2,38.54,13.47,1538.65,4336683.55,1781504.93
00:03:08.272,18/01/2026,07:34:01,17_T02,39.121531837,10.180259564,0.2,1540.16,254.17,-8.251,77.2,38.54,13.47,1538.65,4336683.55,1781504.95
00:03:09.272,18/01/2026,07:34:02,17_T02,39.121531052,10.180257947,0.2,1540.94,254.23,-8.415,77.2,38.55,13.46,1539.05,4336683.41,1781504.86
00:03:10.283,18/01/2026,07:34:03,17_T02,39.121530797,10.180257201,0.2,1541.84,254.53,-8.485,77.2,38.55,13.46,1539.05,4336683.34,1781504.83
00:03:11.281,18/01/2026,07:34:04,17_T02,39.121530936,10.180257893,0.2,1542.54,255.03,-8.424,77.2,38.55,13.46,1540.75,4336683.40,1781504.85
00:03:12.277,18/01/2026,07:34:05,17_T02,39.121530641,10.180258575,0.2,1542.95,255.31,-8.383,77.2,38.55,13.46,1540.75,4336683.46,1781504.82
00:03:13.271,18/01/2026,07:34:06,17_T02,39.121530466,10.180258941,0.1,1543.20,255.57,-8.362,77.2,38.55,13.47,1541.78,4336683.49,1781504.80
00:03:14.271,18/01/2026,07:34:07,17_T02,39.121531682,10.180258460,0.1,1543.40,255.85,-8.345,77.2,38.55,13.47,1541.78,4336683.45,1781504.93
00:03:15.277,18/01/2026,07:34:08,17_T02,39.121532476,10.180258112,0.1,1543.60,256.04,-8.337,77.2,38.54,13.47,1542.24,4336683.42,1781505.02
00:03:16.272,18/01/2026,07:34:09,17_T02,39.121532709,10.180258140,0.1,1543.96,256.26,-8.324,77.2,38.54,13.47,1542.24,4336683.42,1781505.04
00:03:17.271,18/01/2026,07:34:10,17_T02,39.121533190,10.180258235,0.1,1544.65,256.64,-8.295,77.2,38.54,13.48,1542.89,4336683.43,1781505.10
00:03:18.279,18/01/2026,07:34:11,17_T02,39.121533759,10.180258564,0.1,1545.58,257.01,-8.244,77.2,38.54,13.48,1542.89,4336683.46,1781505.16
00:03:19.276,18/01/2026,07:34:12,17_T02,39.121535032,10.180260684,0.1,1546.47,257.54,-8.018,77.2,38.54,13.45,1544.67,4336683.64,1781505.30
00:03:20.272,18/01/2026,07:34:13,17_T02,39.121535299,10.180262234,0.2,1546.94,257.90,-7.883,77.2,38.54,13.45,1544.67,4336683.78,1781505.33
00:03:21.283,18/01/2026,07:34:14,17_T02,39.121534776,10.180262641,0.2,1546.89,257.97,-7.874,77.2,38.55,13.46,1545.70,4336683.81,1781505.27
00:03:22.277,18/01/2026,07:34:15,17_T02,39.121534769,10.180262678,0.2,1546.65,258.08,-7.871,77.2,38.55,13.46,1545.70,4336683.82,1781505.27
00:03:23.273,18/01/2026,07:34:16,17_T02,39.121535196,10.180262645,0.2,1546.86,258.29,-7.855,77.2,38.54,13.46,1545.46,4336683.81,1781505.32
00:03:24.268,18/01/2026,07:34:17,17_T02,39.121536224,10.180260068,0.2,1547.75,258.43,-8.013,77.2,38.54,13.46,1545.46,4336683.59,1781505.43
00:03:25.280,18/01/2026,07:34:18,17_T02,39.121537541,10.180259092,0.2,1548.93,258.94,-8.031,77.2,38.54,13.46,1547.07,4336683.50,1781505.58
00:03:26.268,18/01/2026,07:34:19,17_T02,39.121538418,10.180259962,0.2,1549.88,259.89,-7.922,77.2,38.54,13.46,1547.07,4336683.58,1781505.67
00:03:27.278,18/01/2026,07:34:20,17_T02,39.121537814,10.180260624,0.2,1550.12,260.29,-7.897,77.2,38.55,13.45,1548.77,4336683.64,1781505.61
00:03:28.268,18/01/2026,07:34:21,17_T02,39.121537533,10.180260550,0.2,1549.85,260.56,-7.916,77.2,38.55,13.45,1548.77,4336683.63,1781505.58
00:03:29.282,18/01/2026,07:34:22,17_T02,39.121536920,10.180258453,0.2,1549.71,260.75,-8.110,77.2,38.54,13.46,1548.53,4336683.45,1781505.51
00:03:30.274,18/01/2026,07:34:23,17_T02,39.121537242,10.180257362,0.2,1550.24,261.29,-8.182,77.2,38.54,13.46,1548.53,4336683.35,1781505.54
00:03:31.269,18/01/2026,07:34:24,17_T02,39.121538080,10.180257294,0.2,1551.31,261.93,-8.149,77.2,38.54,13.46,1549.53,4336683.35,1781505.64
00:03:32.288,18/01/2026,07:34:25,17_T02,39.121539867,10.180257956,0.2,1552.47,263.20,-8.016,77.2,38.54,13.46,1549.53,4336683.40,1781505.83
00:03:33.277,18/01/2026,07:34:26,17_T02,39.121540160,10.180258821,0.2,1553.14,264.30,-7.934,77.2,38.55,13.45,1551.62,4336683.48,1781505.87
00:03:34.269,18/01/2026,07:34:27,17_T02,39.121537230,10.180256300,0.2,1553.14,264.47,-8.267,77.2,38.55,13.45,1551.62,4336683.26,1781505.54
00:03:35.279,18/01/2026,07:34:28,17_T02,39.121536422,10.180254505,0.2,1552.88,264.99,-8.446,77.2,38.54,13.46,1551.77,4336683.10,1781505.45
00:03:36.275,18/01/2026,07:34:29,17_T02,39.121537410,10.180253914,0.2,1552.98,265.99,-8.448,77.2,38.54,13.46,1551.77,4336683.05,1781505.56
00:03:37.270,18/01/2026,07:34:30,17_T02,39.121538563,10.180253568,0.2,1553.76,266.89,-8.423,77.2,38.54,13.46,1551.77,4336683.02,1781505.69
00:03:38.282,18/01/2026,07:34:31,17_T02,39.121539732,10.180253804,0.2,1554.92,267.69,-8.352,77.2,38.54,13.46,1552.22,4336683.04,1781505.82
00:03:39.268,18/01/2026,07:34:32,17_T02,39.121540810,10.180256491,0.2,1555.92,268.82,-8.090,77.2,38.54,13.46,1552.22,4336683.28,1781505.94
00:03:40.279,18/01/2026,07:34:33,17_T02,39.121540252,10.180258267,0.3,1556.26,269.08,-7.974,77.2,38.54,13.45,1554.38,4336683.43,1781505.88
00:03:41.275,18/01/2026,07:34:34,17_T02,39.121539764,10.180258193,0.2,1556.06,269.26,-8.002,77.2,38.54,13.45,1554.38,4336683.42,1781505.82
00:03:42.271,18/01/2026,07:34:35,17_T02,39.121540429,10.180257798,0.2,1555.96,269.83,-8.003,77.2,38.54,13.46,1554.90,4336683.39,1781505.90
00:03:43.270,18/01/2026,07:34:36,17_T02,39.121541362,10.180257642,0.2,1556.53,270.68,-7.974,77.2,38.54,13.46,1554.90,4336683.38,1781506.00
00:03:44.282,18/01/2026,07:34:37,17_T02,39.121542993,10.180257983,0.2,1557.61,271.33,-7.873,77.2,38.55,13.46,1555.13,4336683.41,1781506.18
00:03:45.272,18/01/2026,07:34:38,17_T02,39.121544132,10.180258699,0.2,1558.58,272.20,-7.765,77.2,38.55,13.46,1555.13,4336683.47,1781506.30
00:03:46.282,18/01/2026,07:34:39,17_T02,39.121543562,10.180259113,0.2,1558.91,272.44,-7.758,77.2,38.54,13.45,1557.14,4336683.50,1781506.24
00:03:47.277,18/01/2026,07:34:40,17_T02,39.121543173,10.180259029,0.2,1558.78,272.61,-7.782,77.2,38.54,13.45,1557.14,4336683.50,1781506.20
00:03:48.270,18/01/2026,07:34:41,17_T02,39.121543537,10.180258745,0.2,1558.83,273.00,-7.788,77.2,38.54,13.46,1557.59,4336683.47,1781506.24
00:03:49.279,18/01/2026,07:34:42,17_T02,39.121546428,10.180257894,0.1,1559.46,273.71,-7.725,77.2,38.54,13.46,1557.59,4336683.40,1781506.56
00:03:50.274,18/01/2026,07:34:43,17_T02,39.121548257,10.180257775,0.2,1560.43,274.50,-7.652,77.2,38.54,13.45,1558.12,4336683.39,1781506.76
00:03:51.271,18/01/2026,07:34:44,17_T02,39.121548816,10.180258214,0.2,1561.24,275.56,-7.592,77.2,38.54,13.45,1558.12,4336683.42,1781506.82
00:03:52.268,18/01/2026,07:34:45,17_T02,39.121548840,10.180258653,0.2,1561.57,276.36,-7.556,77.2,38.54,13.45,1559.90,4336683.46,1781506.82
00:03:53.281,18/01/2026,07:34:46,17_T02,39.121548806,10.180258659,0.1,1561.57,277.02,-7.557,77.2,38.54,13.45,1559.90,4336683.46,1781506.82
00:03:54.276,18/01/2026,07:34:47,17_T02,39.121549222,10.180257596,0.1,1561.64,277.60,-7.623,77.2,38.54,13.46,1560.35,4336683.37,1781506.87
00:03:55.283,18/01/2026,07:34:48,17_T02,39.121550028,10.180257194,0.1,1562.17,278.42,-7.618,77.2,38.54,13.46,1560.35,4336683.34,1781506.95
00:03:56.279,18/01/2026,07:34:49,17_T02,39.121550823,10.180257517,0.1,1563.07,279.16,-7.557,77.2,38.55,13.46,1560.92,4336683.36,1781507.04
00:03:57.272,18/01/2026,07:34:50,17_T02,39.121551137,10.180258138,0.1,1563.92,279.81,-7.493,77.2,38.55,13.46,1560.92,4336683.42,1781507.08
00:03:58.267,18/01/2026,07:34:51,17_T02,39.121550604,10.180258548,0.1,1564.32,280.10,-7.485,77.2,38.54,13.45,1562.65,4336683.45,1781507.02
00:03:59.276,18/01/2026,07:34:52,17_T02,39.121552167,10.180261286,0.1,1564.36,280.37,-7.197,77.2,38.54,13.45,1562.65,4336683.69,1781507.19
00:04:00.273,18/01/2026,07:34:53,17_T02,39.121553489,10.180262759,0.1,1564.49,280.77,-7.020,77.2,38.54,13.45,1563.15,4336683.82,1781507.34
00:04:01.280,18/01/2026,07:34:54,17_T02,39.121554032,10.180262922,0.1,1565.04,281.26,-6.983,77.2,38.54,13.45,1563.15,4336683.83,1781507.40
00:04:02.276,18/01/2026,07:34:55,17_T02,39.121554418,10.180263217,0.1,1565.85,281.67,-6.942,77.2,38.55,13.46,1563.88,4336683.86,1781507.44
00:04:03.270,18/01/2026,07:34:56,17_T02,39.121554431,10.180263670,0.1,1566.52,282.05,-6.906,77.2,38.55,13.46,1563.88,4336683.90,1781507.44
00:04:04.280,18/01/2026,07:34:57,17_T02,39.121553463,10.180264736,0.2,1566.86,282.23,-6.864,77.2,38.54,13.44,1565.33,4336683.99,1781507.34
00:04:05.279,18/01/2026,07:34:58,17_T02,39.121552672,10.180265362,0.2,1567.10,282.34,-6.850,77.2,38.54,13.44,1565.33,4336684.05,1781507.25
00:04:06.271,18/01/2026,07:34:59,17_T02,39.121552681,10.180265506,0.2,1567.46,282.65,-6.839,77.2,38.54,13.45,1565.92,4336684.06,1781507.25
00:04:07.267,18/01/2026,07:35:00,17_T02,39.121552773,10.180265688,0.2,1567.96,283.03,-6.820,77.2,38.54,13.45,1565.92,4336684.07,1781507.26
00:04:08.274,18/01/2026,07:35:01,17_T02,39.121552681,10.180265868,0.2,1568.44,283.28,-6.810,77.2,38.52,13.46,1566.83,4336684.09,1781507.25
00:04:09.270,18/01/2026,07:35:02,17_T02,39.121552280,10.180266058,0.2,1568.85,283.45,-6.813,77.2,38.52,13.46,1566.83,4336684.11,1781507.21
00:04:10.279,18/01/2026,07:35:03,17_T02,39.121554247,10.180269523,0.1,1569.32,283.64,-6.449,77.2,38.54,13.45,1567.72,4336684.41,1781507.42
00:04:11.272,18/01/2026,07:35:04,17_T02,39.121555211,10.180271444,0.2,1569.93,284.06,-6.253,77.2,38.54,13.45,1567.72,4336684.57,1781507.53
00:04:12.281,18/01/2026,07:35:05,17_T02,39.121555080,10.180271946,0.2,1570.56,284.54,-6.219,77.2,38.54,13.44,1568.89,4336684.62,1781507.52
00:04:13.274,18/01/2026,07:35:06,17_T02,39.121554862,10.180272238,0.2,1570.98,284.88,-6.206,77.2,38.54,13.44,1568.89,4336684.64,1781507.49
00:04:14.276,18/01/2026,07:35:07,17_T02,39.121554446,10.180272357,0.1,1571.11,285.01,-6.215,77.2,38.54,13.44,1569.82,4336684.65,1781507.45
00:04:15.273,18/01/2026,07:35:08,17_T02,39.121557000,10.180277126,0.2,1571.19,285.09,-5.721,77.2,38.54,13.44,1569.82,4336685.07,1781507.73
00:04:16.268,18/01/2026,07:35:09,17_T02,39.121558795,10.180280281,0.4,1571.63,285.32,-5.390,77.2,38.54,13.45,1570.09,4336685.34,1781507.93
00:04:17.277,18/01/2026,07:35:10,17_T02,39.121558973,10.180280929,0.3,1572.51,285.49,-5.330,77.2,38.54,13.45,1570.09,4336685.40,1781507.95
00:04:18.277,18/01/2026,07:35:11,17_T02,39.121559173,10.180281885,0.2,1573.49,285.85,-5.245,77.2,38.53,13.44,1571.65,4336685.48,1781507.97
00:04:19.271,18/01/2026,07:35:12,17_T02,39.121559007,10.180282808,0.2,1574.06,286.36,-5.179,77.2,38.53,13.44,1571.65,4336685.56,1781507.95
00:04:20.281,18/01/2026,07:35:13,17_T02,39.121557727,10.180282521,0.2,1574.11,286.46,-5.260,77.2,38.55,13.45,1572.87,4336685.54,1781507.81
00:04:21.280,18/01/2026,07:35:14,17_T02,39.121557066,10.180282297,0.2,1573.99,286.22,-5.307,77.2,38.55,13.45,1572.87,4336685.52,1781507.74
00:04:22.281,18/01/2026,07:35:15,17_T02,39.121557054,10.180282434,0.2,1574.21,285.96,-5.297,77.2,38.54,13.44,1572.85,4336685.53,1781507.74
00:04:23.280,18/01/2026,07:35:16,17_T02,39.121557182,10.180282725,0.2,1574.95,285.83,-5.268,77.2,38.54,13.44,1572.85,4336685.55,1781507.75
00:04:24.274,18/01/2026,07:35:17,17_T02,39.121557341,10.180283342,0.1,1575.85,285.92,-5.212,77.2,38.54,13.45,1574.15,4336685.61,1781507.77
00:04:25.269,18/01/2026,07:35:18,17_T02,39.121557059,10.180284824,0.1,1576.54,286.13,-5.107,77.2,38.54,13.45,1574.15,4336685.74,1781507.74
00:04:26.281,18/01/2026,07:35:19,17_T02,39.121556355,10.180285660,0.2,1576.87,286.14,-5.072,77.2,38.54,13.44,1575.51,4336685.81,1781507.66
00:04:27.280,18/01/2026,07:35:20,17_T02,39.121556038,10.180285896,0.2,1577.02,286.23,-5.068,77.2,38.54,13.44,1575.51,4336685.83,1781507.62
00:04:28.271,18/01/2026,07:35:21,17_T02,39.121556216,10.180286127,0.2,1577.27,286.42,-5.042,77.2,38.54,13.45,1575.95,4336685.85,1781507.64
00:04:29.281,18/01/2026,07:35:22,17_T02,39.121556627,10.180286536,0.2,1577.75,286.75,-4.991,77.2,38.54,13.45,1575.95,4336685.89,1781507.69
00:04:30.276,18/01/2026,07:35:23,17_T02,39.121559779,10.180289339,0.1,1578.40,287.06,-4.626,77.2,38.54,13.45,1576.92,4336686.13,1781508.04
00:04:31.277,18/01/2026,07:35:24,17_T02,39.121561327,10.180291251,0.2,1579.04,287.33,-4.404,77.2,38.54,13.45,1576.92,4336686.30,1781508.21
00:04:32.270,18/01/2026,07:35:25,17_T02,39.121561209,10.180292069,0.2,1579.56,287.68,-4.345,77.2,38.54,13.44,1578.16,4336686.37,1781508.20
00:04:33.280,18/01/2026,07:35:26,17_T02,39.121561105,10.180292679,0.2,1579.91,288.09,-4.301,77.2,38.54,13.44,1578.16,4336686.42,1781508.18
00:04:34.275,18/01/2026,07:35:27,17_T02,39.121561255,10.180293155,0.2,1580.20,288.51,-4.256,77.2,38.54,13.44,1578.93,4336686.46,1781508.20
00:04:35.277,18/01/2026,07:35:28,17_T02,39.121560465,10.180292979,0.1,1580.58,288.92,-4.306,77.2,38.54,13.44,1578.93,4336686.45,1781508.11
00:04:36.275,18/01/2026,07:35:29,17_T02,39.121560250,10.180293216,0.2,1581.12,289.30,-4.297,77.2,38.54,13.45,1579.73,4336686.47,1781508.09
00:04:37.271,18/01/2026,07:35:30,17_T02,39.121560333,10.180293848,0.2,1581.72,289.53,-4.243,77.2,38.54,13.45,1579.73,4336686.52,1781508.10
00:04:38.281,18/01/2026,07:35:31,17_T02,39.121560138,10.180294421,0.2,1582.16,289.69,-4.206,77.2,38.54,13.45,1579.73,4336686.57,1781508.08
00:04:39.288,18/01/2026,07:35:32,17_T02,39.121559793,10.180294870,0.1,1582.42,289.82,-4.186,77.2,38.54,13.44,1580.86,4336686.61,1781508.04
00:04:40.275,18/01/2026,07:35:33,17_T02,39.121559889,10.180296958,0.1,1582.73,290.05,-4.016,77.2,38.54,13.44,1580.86,4336686.79,1781508.05
00:04:41.271,18/01/2026,07:35:34,17_T02,39.121560249,10.180298558,0.2,1583.27,290.45,-3.873,77.2,38.55,13.45,1581.48,4336686.93,1781508.09
00:04:42.283,18/01/2026,07:35:35,17_T02,39.121560438,10.180299339,0.2,1584.00,290.71,-3.802,77.2,38.55,13.45,1581.48,4336687.00,1781508.11
00:04:43.277,18/01/2026,07:35:36,17_T02,39.121560472,10.180300081,0.2,1584.65,290.97,-3.742,77.2,38.53,13.44,1582.66,4336687.06,1781508.12
00:04:44.277,18/01/2026,07:35:37,17_T02,39.121560296,10.180300622,0.1,1585.04,291.26,-3.707,77.2,38.53,13.44,1582.66,4336687.11,1781508.10
00:04:45.270,18/01/2026,07:35:38,17_T02,39.121556184,10.180299859,0.2,1585.19,291.46,-3.953,77.2,38.54,13.44,1583.81,4336687.05,1781507.64
00:04:46.281,18/01/2026,07:35:39,17_T02,39.121554052,10.180299603,0.2,1585.36,291.69,-4.069,77.2,38.54,13.44,1583.81,4336687.02,1781507.41
00:04:47.275,18/01/2026,07:35:40,17_T02,39.121554277,10.180300126,0.2,1585.78,292.03,-4.017,77.2,38.53,13.45,1584.18,4336687.07,1781507.43
00:04:48.280,18/01/2026,07:35:41,17_T02,39.121554482,10.180300767,0.2,1586.47,292.36,-3.957,77.2,38.53,13.45,1584.18,4336687.13,1781507.46
00:04:49.276,18/01/2026,07:35:42,17_T02,39.121554451,10.180301498,0.2,1587.22,292.62,-3.901,77.2,38.52,13.46,1585.22,4336687.19,1781507.45
00:04:50.273,18/01/2026,07:35:43,17_T02,39.121552327,10.180301840,0.2,1587.77,292.99,-3.969,77.2,38.52,13.46,1585.22,4336687.22,1781507.22
00:04:51.270,18/01/2026,07:35:44,17_T02,39.121550921,10.180301981,0.3,1588.05,293.19,-4.021,77.2,38.54,13.44,1586.54,4336687.23,1781507.06
00:04:52.281,18/01/2026,07:35:45,17_T02,39.121550711,10.180302207,0.3,1588.23,293.40,-4.013,77.2,38.54,13.44,1586.54,4336687.25,1781507.04
00:04:53.275,18/01/2026,07:35:46,17_T02,39.121550861,10.180302593,0.3,1588.59,293.70,-3.976,77.2,38.54,13.45,1587.08,4336687.28,1781507.06
00:04:54.273,18/01/2026,07:35:47,17_T02,39.121551113,10.180303195,0.2,1589.24,294.08,-3.917,77.2,38.54,13.45,1587.08,4336687.34,1781507.08
00:04:55.279,18/01/2026,07:35:48,17_T02,39.121549977,10.180300800,0.2,1589.96,294.39,-4.158,77.2,38.52,13.46,1588.06,4336687.13,1781506.96
00:04:56.280,18/01/2026,07:35:49,17_T02,39.121549058,10.180299866,0.2,1590.43,294.69,-4.274,77.2,38.52,13.46,1588.06,4336687.05,1781506.86
00:04:57.276,18/01/2026,07:35:50,17_T02,39.121548491,10.180300097,0.2,1590.65,294.88,-4.281,77.2,38.54,13.44,1589.25,4336687.07,1781506.79
00:04:58.271,18/01/2026,07:35:51,17_T02,39.121548320,10.180300362,0.2,1590.92,295.14,-4.267,77.2,38.54,13.44,1589.25,4336687.09,1781506.78
00:04:59.269,18/01/2026,07:35:52,17_T02,39.121548500,10.180300937,0.2,1591.47,295.60,-4.214,77.2,38.54,13.45,1589.82,4336687.14,1781506.80
00:05:00.280,18/01/2026,07:35:53,17_T02,39.121548495,10.180303255,0.2,1592.16,295.94,-4.030,77.2,38.54,13.45,1589.82,4336687.34,1781506.79
00:05:01.276,18/01/2026,07:35:54,17_T02,39.121548253,10.180304870,0.2,1592.68,296.21,-3.913,77.2,38.53,13.44,1591.07,4336687.48,1781506.77
00:05:02.272,18/01/2026,07:35:55,17_T02,39.121547723,10.180305132,0.2,1592.93,296.35,-3.916,77.2,38.53,13.44,1591.07,4336687.51,1781506.71
00:05:03.282,18/01/2026,07:35:56,17_T02,39.121547362,10.180305390,0.2,1593.16,296.49,-3.911,77.2,38.54,13.44,1591.82,4336687.53,1781506.67
00:05:04.272,18/01/2026,07:35:57,17_T02,39.121547417,10.180305989,0.2,1593.65,296.88,-3.861,77.2,38.54,13.44,1591.82,4336687.58,1781506.68
00:05:05.281,18/01/2026,07:35:58,17_T02,39.121545520,10.180308081,0.2,1594.37,297.28,-3.781,77.2,38.53,13.46,1592.62,4336687.76,1781506.47
00:05:06.276,18/01/2026,07:35:59,17_T02,39.121544365,10.180309481,0.2,1595.00,297.63,-3.722,77.2,38.53,13.46,1592.62,4336687.89,1781506.34
00:05:07.269,18/01/2026,07:36:00,17_T02,39.121543932,10.180309861,0.2,1595.36,297.89,-3.711,77.2,38.54,13.44,1593.92,4336687.92,1781506.29
00:05:08.272,18/01/2026,07:36:01,17_T02,39.121543463,10.180310130,0.2,1595.57,298.12,-3.711,77.2,38.54,13.44,1593.92,4336687.94,1781506.24
00:05:09.272,18/01/2026,07:36:02,17_T02,39.121543334,10.180310542,0.1,1595.90,298.46,-3.684,77.2,38.54,13.45,1594.52,4336687.98,1781506.23
00:05:10.280,18/01/2026,07:36:03,17_T02,39.121543374,10.180311263,0.1,1596.49,298.88,-3.625,77.2,38.54,13.45,1594.52,4336688.04,1781506.23
00:05:11.271,18/01/2026,07:36:04,17_T02,39.121541697,10.180311238,0.1,1597.19,299.07,-3.702,77.2,38.52,13.45,1595.56,4336688.04,1781506.05
00:05:12.275,18/01/2026,07:36:05,17_T02,39.121540382,10.180311442,0.2,1597.70,299.21,-3.746,77.2,38.52,13.45,1595.56,4336688.06,1781505.90
00:05:13.270,18/01/2026,07:36:06,17_T02,39.121539680,10.180311677,0.1,1597.91,299.23,-3.759,77.2,38.54,13.44,1596.67,4336688.08,1781505.82
00:05:14.280,18/01/2026,07:36:07,17_T02,39.121539234,10.180311886,0.1,1598.05,299.30,-3.762,77.2,38.54,13.44,1596.67,4336688.10,1781505.77
00:05:15.274,18/01/2026,07:36:08,17_T02,39.121539192,10.180312437,0.1,1598.51,299.57,-3.720,77.2,38.54,13.45,1597.06,4336688.14,1781505.77
00:05:16.268,18/01/2026,07:36:09,17_T02,39.121540036,10.180312369,0.1,1599.34,299.87,-3.688,77.2,38.54,13.45,1597.06,4336688.14,1781505.86
00:05:17.279,18/01/2026,07:36:10,17_T02,39.121540298,10.180312840,0.1,1600.20,300.26,-3.638,77.2,38.53,13.44,1598.56,4336688.18,1781505.89
00:05:18.270,18/01/2026,07:36:11,17_T02,39.121539694,10.180313323,0.1,1600.59,300.52,-3.627,77.2,38.53,13.44,1598.56,4336688.22,1781505.83
00:05:19.282,18/01/2026,07:36:12,17_T02,39.121538969,10.180313286,0.1,1600.50,300.50,-3.663,77.2,38.54,13.45,1599.47,4336688.22,1781505.75
00:05:20.277,18/01/2026,07:36:13,17_T02,39.121538596,10.180313231,0.1,1600.43,300.29,-3.684,77.2,38.54,13.45,1599.47,4336688.21,1781505.70
00:05:21.275,18/01/2026,07:36:14,17_T02,39.121539210,10.180313240,0.1,1600.94,300.29,-3.656,77.2,38.54,13.44,1599.48,4336688.21,1781505.77
00:05:22.273,18/01/2026,07:36:15,17_T02,39.121539768,10.180313947,0.1,1602.02,300.56,-3.574,77.2,38.54,13.44,1599.48,4336688.28,1781505.83
00:05:23.271,18/01/2026,07:36:16,17_T02,39.121539848,10.180315236,0.1,1603.08,301.15,-3.468,77.2,38.53,13.44,1601.43,4336688.39,1781505.84
00:05:24.271,18/01/2026,07:36:17,17_T02,39.121539226,10.180315742,0.2,1603.51,301.57,-3.456,77.2,38.53,13.44,1601.43,4336688.43,1781505.77
00:05:25.282,18/01/2026,07:36:18,17_T02,39.121538548,10.180315533,0.2,1603.33,301.49,-3.503,77.2,38.54,13.45,1602.33,4336688.41,1781505.70
00:05:26.276,18/01/2026,07:36:19,17_T02,39.121537478,10.180315895,0.1,1603.08,301.34,-3.523,77.2,38.54,13.45,1602.33,4336688.45,1781505.58
00:05:27.273,18/01/2026,07:36:20,17_T02,39.121537290,10.180316444,0.2,1603.41,301.43,-3.488,77.2,38.54,13.44,1602.11,4336688.49,1781505.56
00:05:28.268,18/01/2026,07:36:21,17_T02,39.121537670,10.180317205,0.1,1604.38,301.58,-3.410,77.2,38.54,13.44,1602.11,4336688.56,1781505.60
00:05:29.268,18/01/2026,07:36:22,17_T02,39.121538066,10.180318702,0.2,1605.55,302.20,-3.274,77.2,38.54,13.44,1603.91,4336688.69,1781505.65
00:05:30.281,18/01/2026,07:36:23,17_T02,39.121537875,10.180319832,0.2,1606.39,303.03,-3.192,77.2,38.54,13.44,1603.91,4336688.79,1781505.63
00:05:31.282,18/01/2026,07:36:24,17_T02,39.121537202,10.180319081,0.2,1606.51,303.01,-3.282,77.2,38.54,13.44,1605.40,4336688.72,1781505.55
00:05:32.280,18/01/2026,07:36:25,17_T02,39.121537333,10.180318786,0.2,1606.21,303.28,-3.300,77.2,38.54,13.44,1605.40,4336688.70,1781505.57
00:05:33.272,18/01/2026,07:36:26,17_T02,39.121538066,10.180319273,0.2,1606.15,303.85,-3.228,77.2,38.54,13.44,1605.06,4336688.74,1781505.65
00:05:34.282,18/01/2026,07:36:27,17_T02,39.121538885,10.180320049,0.2,1606.76,304.71,-3.130,77.2,38.54,13.44,1605.06,4336688.81,1781505.74
00:05:35.268,18/01/2026,07:36:28,17_T02,39.121539708,10.180321321,0.2,1607.84,305.57,-2.992,77.2,38.54,13.44,1605.06,4336688.92,1781505.83
00:05:36.277,18/01/2026,07:36:29,17_T02,39.121540711,10.180321282,0.1,1608.88,306.95,-2.949,77.2,38.54,13.44,1606.36,4336688.91,1781505.94
00:05:37.272,18/01/2026,07:36:30,17_T02,39.121540356,10.180320966,0.2,1609.35,307.66,-2.990,77.2,38.54,13.44,1606.36,4336688.89,1781505.90
00:05:38.276,18/01/2026,07:36:31,17_T02,39.121539852,10.180320848,0.2,1609.27,307.94,-3.023,77.2,38.54,13.44,1608.13,4336688.88,1781505.84
00:05:39.275,18/01/2026,07:36:32,17_T02,39.121540299,10.180321207,0.2,1609.11,308.57,-2.974,77.2,38.54,13.44,1608.13,4336688.91,1781505.89
00:05:40.268,18/01/2026,07:36:33,17_T02,39.121541328,10.180322177,0.2,1609.40,309.60,-2.850,77.2,38.54,13.44,1608.07,4336688.99,1781506.01
00:05:41.268,18/01/2026,07:36:34,17_T02,39.121542037,10.180323156,0.1,1610.28,310.41,-2.741,77.2,38.54,13.44,1608.07,4336689.08,1781506.09
00:05:42.277,18/01/2026,07:36:35,17_T02,39.121544616,10.180324989,0.1,1611.31,311.21,-2.479,77.2,38.53,13.44,1608.97,4336689.23,1781506.37
00:05:43.268,18/01/2026,07:36:36,17_T02,39.121545682,10.180326215,0.2,1612.01,311.88,-2.333,77.2,38.53,13.44,1608.97,4336689.34,1781506.49
00:05:44.275,18/01/2026,07:36:37,17_T02,39.121545135,10.180326219,0.2,1612.25,312.09,-2.358,77.2,38.54,13.44,1610.75,4336689.34,1781506.43
00:05:45.270,18/01/2026,07:36:38,17_T02,39.121545177,10.180326319,0.2,1612.29,312.41,-2.348,77.2,38.54,13.44,1610.75,4336689.35,1781506.43
00:05:46.279,18/01/2026,07:36:39,17_T02,39.121545665,10.180326735,0.2,1612.49,312.86,-2.293,77.2,38.53,13.45,1611.22,4336689.39,1781506.49
00:05:47.275,18/01/2026,07:36:40,17_T02,39.121545783,10.180323175,0.2,1613.00,313.39,-2.570,77.2,38.53,13.45,1611.22,4336689.08,1781506.50
00:05:48.267,18/01/2026,07:36:41,17_T02,39.121545842,10.180321502,0.2,1613.71,313.84,-2.700,77.2,38.54,13.44,1611.84,4336688.93,1781506.51
00:05:49.272,18/01/2026,07:36:42,17_T02,39.121545741,10.180321988,0.2,1614.37,314.30,-2.666,77.2,38.54,13.44,1611.84,4336688.97,1781506.50
00:05:50.278,18/01/2026,07:36:43,17_T02,39.121545346,10.180322256,0.2,1614.84,314.76,-2.663,77.2,38.54,13.44,1613.22,4336689.00,1781506.45
00:05:51.273,18/01/2026,07:36:44,17_T02,39.121545016,10.180322396,0.2,1615.21,315.20,-2.667,77.2,38.54,13.44,1613.22,4336689.01,1781506.42
00:05:52.267,18/01/2026,07:36:45,17_T02,39.121545002,10.180322685,0.1,1615.58,315.68,-2.644,77.2,38.54,13.44,1614.11,4336689.03,1781506.41
00:05:53.276,18/01/2026,07:36:46,17_T02,39.121545105,10.180322993,0.1,1615.98,316.10,-2.615,77.2,38.54,13.44,1614.11,4336689.06,1781506.42
00:05:54.280,18/01/2026,07:36:47,17_T02,39.121545048,10.180323134,0.1,1616.35,316.33,-2.607,77.2,38.53,13.45,1614.89,4336689.07,1781506.42
00:05:55.272,18/01/2026,07:36:48,17_T02,39.121544791,10.180323065,0.1,1616.75,316.34,-2.624,77.2,38.53,13.45,1614.89,4336689.07,1781506.39
00:05:56.278,18/01/2026,07:36:49,17_T02,39.121544443,10.180323104,0.1,1617.30,316.28,-2.636,77.2,38.56,13.44,1615.69,4336689.07,1781506.35
00:05:57.270,18/01/2026,07:36:50,17_T02,39.121544415,10.180322334,0.1,1618.03,316.23,-2.699,77.2,38.56,13.44,1615.69,4336689.00,1781506.35
00:05:58.278,18/01/2026,07:36:51,17_T02,39.121544098,10.180321906,0.1,1618.73,316.20,-2.747,77.2,38.54,13.44,1617.01,4336688.97,1781506.31
00:05:59.276,18/01/2026,07:36:52,17_T02,39.121543584,10.180321827,0.1,1619.23,316.17,-2.776,77.2,38.54,13.44,1617.01,4336688.96,1781506.26
00:06:00.268,18/01/2026,07:36:53,17_T02,39.121543160,10.180321435,0.1,1619.51,316.03,-2.827,77.2,38.54,13.44,1618.18,4336688.93,1781506.21
00:06:01.277,18/01/2026,07:36:54,17_T02,39.121542772,10.180321023,0.1,1619.74,315.78,-2.877,77.2,38.54,13.44,1618.18,4336688.89,1781506.17
00:06:02.271,18/01/2026,07:36:55,17_T02,39.121546738,10.180322784,0.1,1620.15,315.50,-2.558,77.2,38.54,13.46,1618.72,4336689.04,1781506.61
00:06:03.271,18/01/2026,07:36:56,17_T02,39.121549065,10.180323971,0.1,1620.79,315.29,-2.359,77.2,38.54,13.46,1618.72,4336689.15,1781506.86
00:06:04.278,18/01/2026,07:36:57,17_T02,39.121548654,10.180323925,0.1,1621.51,315.01,-2.381,77.2,38.53,13.44,1619.84,4336689.14,1781506.82
00:06:05.275,18/01/2026,07:36:58,17_T02,39.121548123,10.180323956,0.1,1622.09,314.92,-2.403,77.2,38.53,13.44,1619.84,4336689.14,1781506.76
00:06:06.271,18/01/2026,07:36:59,17_T02,39.121547643,10.180323736,0.1,1622.53,314.93,-2.442,77.2,38.54,13.44,1621.09,4336689.13,1781506.71
00:06:07.267,18/01/2026,07:37:00,17_T02,39.121544634,10.180321173,0.2,1622.89,314.98,-2.781,77.2,38.54,13.44,1621.09,4336688.90,1781506.37
00:06:08.277,18/01/2026,07:37:01,17_T02,39.121542776,10.180319572,0.3,1623.27,315.05,-2.992,77.2,38.54,13.45,1621.91,4336688.76,1781506.17
00:06:09.275,18/01/2026,07:37:02,17_T02,39.121542620,10.180319491,0.3,1623.71,315.11,-3.006,77.2,38.54,13.45,1621.91,4336688.76,1781506.15
00:06:10.272,18/01/2026,07:37:03,17_T02,39.121542306,10.180319466,0.3,1624.23,315.15,-3.022,77.2,38.52,13.45,1622.81,4336688.75,1781506.12
00:06:11.269,18/01/2026,07:37:04,17_T02,39.121541859,10.180319462,0.3,1624.76,315.19,-3.042,77.2,38.52,13.45,1622.81,4336688.75,1781506.07
00:06:12.268,18/01/2026,07:37:05,17_T02,39.121541398,10.180319499,0.2,1625.26,315.32,-3.060,77.2,38.54,13.44,1623.87,4336688.76,1781506.02
00:06:13.279,18/01/2026,07:37:06,17_T02,39.121540949,10.180319984,0.1,1625.67,315.58,-3.042,77.2,38.54,13.44,1623.87,4336688.80,1781505.97
00:06:14.277,18/01/2026,07:37:07,17_T02,39.121540721,10.180320214,0.1,1626.07,315.93,-3.034,77.2,38.54,13.44,1624.74,4336688.82,1781505.94
00:06:15.267,18/01/2026,07:37:08,17_T02,39.121540642,10.180320312,0.1,1626.58,316.33,-3.030,77.2,38.54,13.44,1624.74,4336688.83,1781505.93
00:06:16.276,18/01/2026,07:37:09,17_T02,39.121540465,10.180320451,0.1,1627.16,316.67,-3.026,77.2,38.53,13.44,1625.75,4336688.84,1781505.91
00:06:17.270,18/01/2026,07:37:10,17_T02,39.121540140,10.180320509,0.1,1627.66,316.88,-3.036,77.2,38.53,13.44,1625.75,4336688.85,1781505.88
00:06:18.270,18/01/2026,07:37:11,17_T02,39.121539663,10.180320307,0.1,1627.93,316.96,-3.074,77.2,38.54,13.44,1626.76,4336688.83,1781505.82
00:06:19.268,18/01/2026,07:37:12,17_T02,39.121539247,10.180320043,0.1,1628.07,316.96,-3.114,77.2,38.54,13.44,1626.76,4336688.81,1781505.78
00:06:20.267,18/01/2026,07:37:13,17_T02,39.121539052,10.180320045,0.1,1628.41,317.05,-3.122,77.2,38.54,13.45,1627.15,4336688.81,1781505.76
00:06:21.273,18/01/2026,07:37:14,17_T02,39.121538940,10.180320363,0.1,1629.12,317.27,-3.102,77.2,38.54,13.45,1627.15,4336688.83,1781505.74
00:06:22.267,18/01/2026,07:37:15,17_T02,39.121538736,10.180320729,0.1,1629.94,317.54,-3.082,77.2,38.53,13.44,1628.47,4336688.87,1781505.72
00:06:23.279,18/01/2026,07:37:16,17_T02,39.121537972,10.180324487,0.1,1630.54,317.93,-2.818,77.2,38.53,13.44,1628.47,4336689.19,1781505.64
00:06:24.276,18/01/2026,07:37:17,17_T02,39.121537280,10.180326395,0.1,1630.83,318.19,-2.698,77.2,38.54,13.44,1629.65,4336689.36,1781505.56
00:06:25.269,18/01/2026,07:37:18,17_T02,39.121537067,10.180326293,0.1,1630.99,318.41,-2.716,77.2,38.54,13.44,1629.65,4336689.35,1781505.54
00:06:26.281,18/01/2026,07:37:19,17_T02,39.121537042,10.180326374,0.1,1631.25,318.66,-2.710,77.2,38.53,13.45,1630.08,4336689.36,1781505.54
00:06:27.276,18/01/2026,07:37:20,17_T02,39.121537134,10.180326770,0.1,1631.73,319.10,-2.675,77.2,38.53,13.45,1630.08,4336689.39,1781505.55
00:06:28.271,18/01/2026,07:37:21,17_T02,39.121537553,10.180331008,0.2,1632.38,319.34,-2.319,77.2,38.52,13.45,1631.04,4336689.76,1781505.59
00:06:29.268,18/01/2026,07:37:22,17_T02,39.121537482,10.180333696,0.3,1633.04,319.44,-2.109,77.2,38.52,13.45,1631.04,4336689.99,1781505.59
00:06:30.280,18/01/2026,07:37:23,17_T02,39.121537035,10.180333955,0.3,1633.57,319.69,-2.109,77.2,38.54,13.44,1632.33,4336690.02,1781505.54
00:06:31.276,18/01/2026,07:37:24,17_T02,39.121536654,10.180334082,0.3,1633.95,320.00,-2.116,77.2,38.54,13.44,1632.33,4336690.03,1781505.49
00:06:32.272,18/01/2026,07:37:25,17_T02,39.121536566,10.180334229,0.3,1634.21,320.33,-2.108,77.2,38.54,13.45,1633.09,4336690.04,1781505.49
00:06:33.270,18/01/2026,07:37:26,17_T02,39.121534916,10.180331937,0.2,1634.48,320.61,-2.365,77.2,38.54,13.45,1633.09,4336689.84,1781505.30
00:06:34.281,18/01/2026,07:37:27,17_T02,39.121534049,10.180330872,0.3,1634.89,320.92,-2.488,77.2,38.54,13.45,1633.69,4336689.75,1781505.21
00:06:35.280,18/01/2026,07:37:28,17_T02,39.121533980,10.180331147,0.3,1635.49,321.17,-2.470,77.2,38.54,13.45,1633.69,4336689.77,1781505.20
00:06:36.269,18/01/2026,07:37:29,17_T02,39.121533627,10.180331327,0.3,1636.17,321.27,-2.471,77.2,38.54,13.45,1633.69,4336689.79,1781505.16
00:06:37.279,18/01/2026,07:37:30,17_T02,39.121533215,10.180331583,0.3,1636.76,321.58,-2.469,77.2,38.54,13.44,1634.95,4336689.81,1781505.11
00:06:38.278,18/01/2026,07:37:31,17_T02,39.121532830,10.180331572,0.2,1637.14,321.89,-2.488,77.2,38.54,13.44,1634.95,4336689.81,1781505.07
00:06:39.268,18/01/2026,07:37:32,17_T02,39.121534105,10.180333651,0.2,1637.37,322.13,-2.265,77.2,38.54,13.44,1636.02,4336689.99,1781505.21
00:06:40.277,18/01/2026,07:37:33,17_T02,39.121534988,10.180334963,0.2,1637.63,322.37,-2.121,77.2,38.54,13.44,1636.02,4336690.10,1781505.31
00:06:41.270,18/01/2026,07:37:34,17_T02,39.121535136,10.180335270,0.2,1638.11,322.71,-2.090,77.2,38.54,13.46,1636.53,4336690.13,1781505.33
00:06:42.279,18/01/2026,07:37:35,17_T02,39.121535117,10.180335511,0.2,1638.77,322.93,-2.072,77.2,38.54,13.46,1636.53,4336690.15,1781505.33
00:06:43.275,18/01/2026,07:37:36,17_T02,39.121534819,10.180335607,0.2,1639.38,323.06,-2.078,77.2,38.53,13.45,1637.60,4336690.16,1781505.29
00:06:44.268,18/01/2026,07:37:37,17_T02,39.121532051,10.180331684,0.2,1639.74,323.10,-2.514,77.2,38.53,13.45,1637.60,4336689.82,1781504.99
00:06:45.275,18/01/2026,07:37:38,17_T02,39.121530529,10.180329444,0.3,1639.93,323.14,-2.760,77.2,38.54,13.44,1638.66,4336689.63,1781504.82
00:06:46.274,18/01/2026,07:37:39,17_T02,39.121530481,10.180329340,0.3,1640.22,323.31,-2.771,77.2,38.54,13.44,1638.66,4336689.62,1781504.81
00:06:47.282,18/01/2026,07:37:40,17_T02,39.121530560,10.180329682,0.3,1640.79,323.74,-2.740,77.2,38.54,13.45,1639.15,4336689.65,1781504.82
00:06:48.275,18/01/2026,07:37:41,17_T02,39.121530503,10.180329913,0.3,1641.53,324.03,-2.724,77.2,38.54,13.45,1639.15,4336689.67,1781504.82
00:06:49.282,18/01/2026,07:37:42,17_T02,39.121532670,10.180333109,0.4,1642.12,324.30,-2.373,77.2,38.53,13.44,1640.42,4336689.94,1781505.05
00:06:50.277,18/01/2026,07:37:43,17_T02,39.121533634,10.180334492,0.4,1642.42,324.36,-2.220,77.2,38.53,13.44,1640.42,4336690.06,1781505.16
00:06:51.267,18/01/2026,07:37:44,17_T02,39.121533399,10.180334149,0.4,1642.61,324.40,-2.257,77.2,38.54,13.44,1641.37,4336690.03,1781505.14
00:06:52.281,18/01/2026,07:37:45,17_T02,39.121533454,10.180334227,0.4,1642.96,324.58,-2.249,77.2,38.54,13.44,1641.37,4336690.04,1781505.14
00:06:53.276,18/01/2026,07:37:46,17_T02,39.121533539,10.180334470,0.4,1643.56,324.83,-2.226,77.2,38.55,13.47,1641.94,4336690.06,1781505.15
00:06:54.271,18/01/2026,07:37:47,17_T02,39.121533446,10.180334546,0.4,1644.20,324.97,-2.224,77.2,38.55,13.47,1641.94,4336690.07,1781505.14
00:06:55.280,18/01/2026,07:37:48,17_T02,39.121534374,10.180337640,0.3,1644.63,325.00,-1.936,77.2,38.53,13.44,1643.17,4336690.34,1781505.24
00:06:56.273,18/01/2026,07:37:49,17_T02,39.121534653,10.180338889,0.4,1644.92,324.99,-1.824,77.2,38.53,13.44,1643.17,4336690.45,1781505.27
00:06:57.273,18/01/2026,07:37:50,17_T02,39.121534589,10.180338856,0.4,1645.27,325.15,-1.830,77.2,38.54,13.45,1643.91,4336690.44,1781505.27
00:06:58.270,18/01/2026,07:37:51,17_T02,39.121534646,10.180339061,0.4,1645.76,325.45,-1.811,77.2,38.54,13.45,1643.91,4336690.46,1781505.27
00:06:59.282,18/01/2026,07:37:52,17_T02,39.121534690,10.180339245,0.3,1646.30,325.76,-1.794,77.2,38.52,13.46,1644.78,4336690.48,1781505.28
00:07:00.276,18/01/2026,07:37:53,17_T02,39.121536551,10.180340751,0.2,1646.77,326.01,-1.591,77.2,38.52,13.46,1644.78,4336690.61,1781505.48
00:07:01.272,18/01/2026,07:37:54,17_T02,39.121537279,10.180341361,0.3,1647.22,326.22,-1.510,77.2,38.54,13.44,1645.78,4336690.66,1781505.57
00:07:02.270,18/01/2026,07:37:55,17_T02,39.121537218,10.180341499,0.3,1647.73,326.59,-1.501,77.2,38.54,13.44,1645.78,4336690.67,1781505.56
00:07:03.268,18/01/2026,07:37:56,17_T02,39.121537207,10.180341695,0.2,1648.20,327.04,-1.486,77.2,38.53,13.44,1646.78,4336690.69,1781505.56
00:07:04.278,18/01/2026,07:37:57,17_T02,39.121537222,10.180341703,0.2,1648.54,327.40,-1.485,77.2,38.53,13.44,1646.78,4336690.69,1781505.56
00:07:05.283,18/01/2026,07:37:58,17_T02,39.121533303,10.180343393,0.2,1648.78,327.66,-1.528,77.2,38.54,13.44,1647.56,4336690.84,1781505.13
00:07:06.275,18/01/2026,07:37:59,17_T02,39.121531289,10.180344293,0.3,1649.10,327.88,-1.547,77.2,38.54,13.44,1647.56,4336690.92,1781504.90
00:07:07.281,18/01/2026,07:38:00,17_T02,39.121531256,10.180344619,0.3,1649.65,328.22,-1.523,77.2,38.54,13.47,1648.18,4336690.95,1781504.90
00:07:08.276,18/01/2026,07:38:01,17_T02,39.121531064,10.180344903,0.2,1650.37,328.42,-1.509,77.2,38.54,13.47,1648.18,4336690.97,1781504.88
00:07:09.269,18/01/2026,07:38:02,17_T02,39.121530754,10.180345085,0.2,1650.95,328.68,-1.508,77.2,38.53,13.44,1649.51,4336690.99,1781504.85
00:07:10.282,18/01/2026,07:38:03,17_T02,39.121532671,10.180350752,0.3,1651.25,328.88,-0.972,77.2,38.53,13.44,1649.51,4336691.48,1781505.06
00:07:11.280,18/01/2026,07:38:04,17_T02,39.121533704,10.180353582,0.4,1651.43,329.01,-0.700,77.2,38.54,13.44,1650.29,4336691.73,1781505.17
00:07:12.275,18/01/2026,07:38:05,17_T02,39.121533818,10.180353910,0.4,1651.81,329.29,-0.669,77.2,38.54,13.44,1650.29,4336691.75,1781505.19
00:07:13.274,18/01/2026,07:38:06,17_T02,39.121533940,10.180354422,0.4,1652.44,329.64,-0.623,77.2,38.53,13.47,1650.98,4336691.80,1781505.20
00:07:14.269,18/01/2026,07:38:07,17_T02,39.121533846,10.180354758,0.4,1653.09,329.83,-0.601,77.2,38.53,13.47,1650.98,4336691.83,1781505.19
00:07:15.280,18/01/2026,07:38:08,17_T02,39.121533559,10.180354844,0.3,1653.53,329.98,-0.607,77.2,38.53,13.43,1652.23,4336691.84,1781505.16
00:07:16.273,18/01/2026,07:38:09,17_T02,39.121530464,10.180350291,0.5,1653.80,330.10,-1.108,77.2,38.53,13.43,1652.23,4336691.44,1781504.82
00:07:17.266,18/01/2026,07:38:10,17_T02,39.121528745,10.180347847,0.5,1654.11,330.34,-1.380,77.2,38.54,13.45,1652.90,4336691.23,1781504.62
00:07:18.279,18/01/2026,07:38:11,17_T02,39.121528744,10.180348202,0.5,1654.60,330.68,-1.351,77.2,38.54,13.45,1652.90,4336691.26,1781504.62
00:07:19.276,18/01/2026,07:38:12,17_T02,39.121528689,10.180348482,0.5,1655.21,330.95,-1.332,77.2,38.52,13.45,1653.84,4336691.28,1781504.62
00:07:20.273,18/01/2026,07:38:13,17_T02,39.121528465,10.180348689,0.4,1655.78,331.19,-1.325,77.2,38.52,13.45,1653.84,4336691.30,1781504.59
00:07:21.268,18/01/2026,07:38:14,17_T02,39.121524727,10.180348747,0.5,1656.21,331.43,-1.489,77.2,38.54,13.43,1654.96,4336691.31,1781504.18
00:07:22.276,18/01/2026,07:38:15,17_T02,39.121522557,10.180348777,0.5,1656.52,331.73,-1.585,77.2,38.54,13.43,1654.96,4336691.31,1781503.94
00:07:23.271,18/01/2026,07:38:16,17_T02,39.121522421,10.180348959,0.4,1656.79,332.14,-1.577,77.2,38.55,13.45,1655.63,4336691.33,1781503.93
00:07:24.281,18/01/2026,07:38:17,17_T02,39.121522326,10.180349213,0.4,1657.12,332.57,-1.561,77.2,38.55,13.45,1655.63,4336691.35,1781503.92
00:07:25.280,18/01/2026,07:38:18,17_T02,39.121522235,10.180349610,0.3,1657.62,333.01,-1.533,77.2,38.53,13.47,1656.33,4336691.38,1781503.91
00:07:26.273,18/01/2026,07:38:19,17_T02,39.121522046,10.180348499,0.3,1658.28,333.33,-1.630,77.2,38.53,13.47,1656.33,4336691.29,1781503.89
00:07:27.269,18/01/2026,07:38:20,17_T02,39.121521637,10.180348025,0.2,1658.98,333.63,-1.686,77.2,38.53,13.44,1657.68,4336691.24,1781503.84
00:07:28.280,18/01/2026,07:38:21,17_T02,39.121521214,10.180348163,0.1,1659.49,334.02,-1.694,77.2,38.53,13.44,1657.68,4336691.26,1781503.79
00:07:29.272,18/01/2026,07:38:22,17_T02,39.121520894,10.180347936,0.1,1659.71,334.30,-1.727,77.2,38.54,13.44,1658.61,4336691.24,1781503.76
00:07:30.272,18/01/2026,07:38:23,17_T02,39.121520759,10.180347828,0.1,1659.81,334.50,-1.741,77.2,38.54,13.44,1658.61,4336691.23,1781503.74
00:07:31.280,18/01/2026,07:38:24,17_T02,39.121520088,10.180345194,0.1,1660.08,334.64,-1.981,77.2,38.53,13.45,1658.94,4336691.00,1781503.67
00:07:32.272,18/01/2026,07:38:25,17_T02,39.121519745,10.180344286,0.1,1660.71,335.02,-2.068,77.2,38.53,13.45,1658.94,4336690.92,1781503.63
00:07:33.280,18/01/2026,07:38:26,17_T02,39.121519548,10.180344813,0.1,1661.59,335.32,-2.035,77.2,38.53,13.45,1658.94,4336690.97,1781503.61
00:07:34.272,18/01/2026,07:38:27,17_T02,39.121519061,10.180345304,0.1,1662.39,335.87,-2.018,77.2,38.52,13.45,1660.27,4336691.01,1781503.56
00:07:35.281,18/01/2026,07:38:28,17_T02,39.121518493,10.180345217,0.1,1662.79,336.34,-2.051,77.2,38.52,13.45,1660.27,4336691.00,1781503.49
00:07:36.270,18/01/2026,07:38:29,17_T02,39.121518212,10.180344835,0.1,1662.82,336.53,-2.094,77.2,38.54,13.44,1661.65,4336690.97,1781503.46
00:07:37.281,18/01/2026,07:38:30,17_T02,39.121517629,10.180343278,0.2,1662.90,336.54,-2.244,77.2,38.54,13.44,1661.65,4336690.83,1781503.40
00:07:38.278,18/01/2026,07:38:31,17_T02,39.121517374,10.180342926,0.2,1663.44,336.70,-2.283,77.2,38.53,13.44,1661.86,4336690.80,1781503.37
00:07:39.268,18/01/2026,07:38:32,17_T02,39.121517345,10.180343531,0.2,1664.40,336.97,-2.237,77.2,38.53,13.44,1661.86,4336690.85,1781503.37
00:07:40.270,18/01/2026,07:38:33,17_T02,39.121516982,10.180344248,0.1,1665.38,337.44,-2.196,77.2,38.51,13.46,1663.18,4336690.92,1781503.33
00:07:41.277,18/01/2026,07:38:34,17_T02,39.121516321,10.180344405,0.1,1665.97,337.97,-2.213,77.2,38.51,13.46,1663.18,4336690.93,1781503.25
00:07:42.270,18/01/2026,07:38:35,17_T02,39.121515135,10.180345440,0.2,1666.14,338.17,-2.185,77.2,38.54,13.44,1664.82,4336691.02,1781503.12
00:07:43.275,18/01/2026,07:38:36,17_T02,39.121514630,10.180346100,0.2,1666.19,338.25,-2.155,77.2,38.54,13.44,1664.82,4336691.08,1781503.07
00:07:44.280,18/01/2026,07:38:37,17_T02,39.121514740,10.180346485,0.2,1666.49,338.40,-2.119,77.2,38.53,13.44,1665.16,4336691.11,1781503.08
00:07:45.276,18/01/2026,07:38:38,17_T02,39.121514786,10.180347077,0.2,1667.26,338.64,-2.070,77.2,38.53,13.44,1665.16,4336691.16,1781503.08
00:07:46.270,18/01/2026,07:38:39,17_T02,39.121514597,10.180347773,0.1,1668.23,338.95,-2.024,77.2,38.53,13.45,1666.15,4336691.22,1781503.06
00:07:47.267,18/01/2026,07:38:40,17_T02,39.121514368,10.180349226,0.1,1669.00,339.35,-1.919,77.2,38.53,13.45,1666.15,4336691.35,1781503.04
00:07:48.273,18/01/2026,07:38:41,17_T02,39.121513927,10.180349628,0.1,1669.34,339.66,-1.907,77.2,38.53,13.44,1667.89,4336691.39,1781502.99
00:07:49.267,18/01/2026,07:38:42,17_T02,39.121513690,10.180349503,0.1,1669.44,339.86,-1.927,77.2,38.53,13.44,1667.89,4336691.38,1781502.96
00:07:50.274,18/01/2026,07:38:43,17_T02,39.121513709,10.180349640,0.1,1669.65,339.88,-1.915,77.2,38.53,13.45,1668.42,4336691.39,1781502.97
00:07:51.279,18/01/2026,07:38:44,17_T02,39.121513750,10.180350277,0.1,1670.24,340.13,-1.863,77.2,38.53,13.45,1668.42,4336691.44,1781502.97
00:07:52.275,18/01/2026,07:38:45,17_T02,39.121513633,10.180350929,0.1,1671.12,340.41,-1.816,77.2,38.54,13.46,1669.19,4336691.50,1781502.96
00:07:53.267,18/01/2026,07:38:46,17_T02,39.121514401,10.180356672,0.1,1671.95,340.66,-1.326,77.2,38.54,13.46,1669.19,4336692.00,1781503.04
00:07:54.279,18/01/2026,07:38:47,17_T02,39.121514431,10.180359613,0.1,1672.47,340.92,-1.091,77.2,38.53,13.44,1670.90,4336692.25,1781503.05
00:07:55.276,18/01/2026,07:38:48,17_T02,39.121514025,10.180359447,0.1,1672.67,341.06,-1.122,77.2,38.53,13.44,1670.90,4336692.24,1781503.00
00:07:56.272,18/01/2026,07:38:49,17_T02,39.121513939,10.180359505,0.1,1672.77,341.09,-1.122,77.2,38.54,13.45,1671.65,4336692.25,1781502.99
00:07:57.277,18/01/2026,07:38:50,17_T02,39.121513981,10.180359865,0.1,1673.08,341.02,-1.091,77.2,38.54,13.45,1671.65,4336692.28,1781503.00
00:07:58.274,18/01/2026,07:38:51,17_T02,39.121515389,10.180362395,0.1,1673.79,341.20,-0.827,77.2,38.54,13.44,1672.10,4336692.50,1781503.15
00:07:59.271,18/01/2026,07:38:52,17_T02,39.121515914,10.180364117,0.2,1674.74,341.41,-0.666,77.2,38.54,13.44,1672.10,4336692.65,1781503.21
00:08:00.280,18/01/2026,07:38:53,17_T02,39.121515253,10.180364822,0.3,1675.60,341.69,-0.640,77.2,38.53,13.44,1673.84,4336692.71,1781503.14
00:08:01.277,18/01/2026,07:38:54,17_T02,39.121514599,10.180364843,0.2,1676.13,341.83,-0.668,77.2,38.53,13.44,1673.84,4336692.71,1781503.07
00:08:02.275,18/01/2026,07:38:55,17_T02,39.121514278,10.180364496,0.1,1676.31,341.72,-0.710,77.2,38.54,13.44,1675.12,4336692.68,1781503.03
00:08:03.271,18/01/2026,07:38:56,17_T02,39.121513142,10.180364606,0.1,1676.35,341.58,-0.753,77.2,38.54,13.44,1675.12,4336692.69,1781502.91
00:08:04.270,18/01/2026,07:38:57,17_T02,39.121512564,10.180365047,0.2,1676.60,341.41,-0.744,77.2,38.53,13.44,1675.36,4336692.73,1781502.84
00:08:05.268,18/01/2026,07:38:58,17_T02,39.121512557,10.180365757,0.2,1677.34,341.44,-0.688,77.2,38.53,13.44,1675.36,4336692.79,1781502.84
00:08:06.268,18/01/2026,07:38:59,17_T02,39.121512318,10.180366624,0.1,1678.33,341.58,-0.629,77.2,38.52,13.45,1676.56,4336692.86,1781502.82
00:08:07.276,18/01/2026,07:39:00,17_T02,39.121511607,10.180367231,0.1,1679.14,341.87,-0.613,77.2,38.52,13.45,1676.56,4336692.92,1781502.74
00:08:08.275,18/01/2026,07:39:01,17_T02,39.121510843,10.180367078,0.1,1679.54,341.96,-0.660,77.2,38.53,13.43,1678.21,4336692.90,1781502.65
00:08:09.270,18/01/2026,07:39:02,17_T02,39.121510507,10.180366963,0.1,1679.70,341.95,-0.684,77.2,38.53,13.43,1678.21,4336692.89,1781502.62
00:08:10.268,18/01/2026,07:39:03,17_T02,39.121510492,10.180367217,0.1,1679.93,341.88,-0.665,77.2,38.53,13.44,1678.75,4336692.92,1781502.61
00:08:11.275,18/01/2026,07:39:04,17_T02,39.121510514,10.180367906,0.1,1680.43,341.97,-0.609,77.2,38.53,13.44,1678.75,4336692.98,1781502.62
00:08:12.267,18/01/2026,07:39:05,17_T02,39.121510431,10.180368522,0.1,1681.14,342.05,-0.564,77.2,38.52,13.46,1679.63,4336693.03,1781502.61
00:08:13.272,18/01/2026,07:39:06,17_T02,39.121510012,10.180368814,0.1,1681.85,342.04,-0.560,77.2,38.52,13.46,1679.63,4336693.06,1781502.56
00:08:14.269,18/01/2026,07:39:07,17_T02,39.121508973,10.180369496,0.1,1682.39,342.11,-0.552,77.2,38.53,13.43,1681.03,4336693.12,1781502.45
00:08:15.278,18/01/2026,07:39:08,17_T02,39.121508148,10.180369895,0.1,1682.85,342.28,-0.558,77.2,38.53,13.43,1681.03,4336693.15,1781502.36
00:08:16.277,18/01/2026,07:39:09,17_T02,39.121507790,10.180370318,0.1,1683.37,342.57,-0.540,77.2,38.53,13.44,1682.03,4336693.19,1781502.32
00:08:17.275,18/01/2026,07:39:10,17_T02,39.121507557,10.180370824,0.1,1683.90,342.80,-0.510,77.2,38.53,13.44,1682.03,4336693.23,1781502.29
00:08:18.271,18/01/2026,07:39:11,17_T02,39.121507333,10.180371066,0.1,1684.30,342.82,-0.502,77.2,38.53,13.43,1683.05,4336693.25,1781502.27
00:08:19.281,18/01/2026,07:39:12,17_T02,39.121505911,10.180370597,0.1,1684.57,342.60,-0.603,77.2,38.53,13.43,1683.05,4336693.21,1781502.11
00:08:20.276,18/01/2026,07:39:13,17_T02,39.121504848,10.180370350,0.2,1684.97,342.30,-0.670,77.2,38.54,13.44,1683.69,4336693.19,1781501.99
00:08:21.268,18/01/2026,07:39:14,17_T02,39.121504378,10.180370733,0.2,1685.70,342.13,-0.661,77.2,38.54,13.44,1683.69,4336693.22,1781501.94
00:08:22.276,18/01/2026,07:39:15,17_T02,39.121503746,10.180371299,0.1,1686.60,342.17,-0.645,77.2,38.53,13.44,1685.13,4336693.27,1781501.87
00:08:23.272,18/01/2026,07:39:16,17_T02,39.121503043,10.180371810,0.1,1687.32,342.56,-0.636,77.2,38.53,13.44,1685.13,4336693.32,1781501.79
00:08:24.272,18/01/2026,07:39:17,17_T02,39.121502568,10.180371645,0.1,1687.61,342.76,-0.670,77.2,38.54,13.43,1686.45,4336693.30,1781501.74
00:08:25.267,18/01/2026,07:39:18,17_T02,39.121501446,10.180364889,0.2,1687.58,342.77,-1.258,77.2,38.54,13.43,1686.45,4336692.72,1781501.62
00:08:26.276,18/01/2026,07:39:19,17_T02,39.121500819,10.180361496,0.2,1687.65,342.60,-1.555,77.2,38.53,13.44,1686.55,4336692.42,1781501.55
00:08:27.272,18/01/2026,07:39:20,17_T02,39.121500600,10.180361865,0.2,1688.31,342.66,-1.536,77.2,38.53,13.44,1686.55,4336692.45,1781501.52
00:08:28.267,18/01/2026,07:39:21,17_T02,39.121500285,10.180362725,0.1,1689.45,342.93,-1.482,77.2,38.52,13.44,1687.96,4336692.53,1781501.49
00:08:29.277,18/01/2026,07:39:22,17_T02,39.121499593,10.180364009,0.2,1690.55,343.83,-1.411,77.2,38.52,13.44,1687.96,4336692.64,1781501.41
00:08:30.270,18/01/2026,07:39:23,17_T02,39.121499875,10.180367101,0.2,1691.07,344.60,-1.153,77.2,38.54,13.43,1689.84,4336692.91,1781501.44
00:08:31.278,18/01/2026,07:39:24,17_T02,39.121500058,10.180368141,0.3,1690.98,344.72,-1.062,77.2,38.54,13.43,1689.84,4336693.00,1781501.46
00:08:32.273,18/01/2026,07:39:25,17_T02,39.121500007,10.180368122,0.3,1690.76,344.61,-1.066,77.2,38.54,13.43,1689.84,4336693.00,1781501.46
00:08:33.268,18/01/2026,07:39:26,17_T02,39.121500016,10.180368735,0.3,1691.07,344.77,-1.017,77.2,38.53,13.44,1689.81,4336693.05,1781501.46
00:08:34.272,18/01/2026,07:39:27,17_T02,39.121499894,10.180369711,0.3,1692.02,345.01,-0.945,77.2,38.53,13.44,1689.81,4336693.14,1781501.45
00:08:35.281,18/01/2026,07:39:28,17_T02,39.121499403,10.180371058,0.1,1693.19,345.58,-0.860,77.2,38.53,13.43,1690.67,4336693.25,1781501.39
00:08:36.272,18/01/2026,07:39:29,17_T02,39.121499985,10.180374181,0.2,1694.05,346.45,-0.586,77.2,38.53,13.43,1690.67,4336693.53,1781501.46
00:08:37.279,18/01/2026,07:39:30,17_T02,39.121500044,10.180374832,0.2,1694.30,346.69,-0.531,77.2,38.53,13.43,1692.77,4336693.58,1781501.46
00:08:38.271,18/01/2026,07:39:31,17_T02,39.121500009,10.180374732,0.2,1694.23,346.99,-0.541,77.2,38.53,13.43,1692.77,4336693.57,1781501.46
00:08:39.279,18/01/2026,07:39:32,17_T02,39.121500337,10.180375676,0.2,1694.36,347.55,-0.451,77.2,38.53,13.44,1693.20,4336693.66,1781501.50
00:08:40.272,18/01/2026,07:39:33,17_T02,39.121500509,10.180376885,0.2,1695.00,348.30,-0.347,77.2,38.53,13.44,1693.20,4336693.76,1781501.52
00:08:41.267,18/01/2026,07:39:34,17_T02,39.121502149,10.180380205,0.2,1695.97,349.04,-0.010,77.2,38.53,13.43,1693.82,4336694.05,1781501.70
00:08:42.273,18/01/2026,07:39:35,17_T02,39.121502598,10.180382243,0.2,1696.87,349.79,0.172,77.2,38.53,13.43,1693.82,4336694.23,1781501.75
00:08:43.277,18/01/2026,07:39:36,17_T02,39.121501969,10.180382494,0.2,1697.41,350.28,0.164,77.2,38.53,13.43,1695.69,4336694.25,1781501.68
00:08:44.271,18/01/2026,07:39:37,17_T02,39.121501640,10.180382464,0.2,1697.59,350.62,0.147,77.2,38.53,13.43,1695.69,4336694.25,1781501.64
00:08:45.280,18/01/2026,07:39:38,17_T02,39.121501731,10.180382951,0.2,1697.69,351.11,0.190,77.2,38.53,13.44,1696.53,4336694.29,1781501.65
00:08:46.271,18/01/2026,07:39:39,17_T02,39.121501937,10.180383874,0.2,1698.03,351.64,0.272,77.2,38.53,13.44,1696.53,4336694.37,1781501.67
00:08:47.280,18/01/2026,07:39:40,17_T02,39.121502015,10.180385046,0.2,1698.76,352.32,0.369,77.2,38.53,13.44,1696.96,4336694.47,1781501.68
00:08:48.273,18/01/2026,07:39:41,17_T02,39.121501822,10.180386049,0.2,1699.66,352.86,0.440,77.2,38.53,13.44,1696.96,4336694.56,1781501.66
00:08:49.268,18/01/2026,07:39:42,17_T02,39.121501262,10.180386543,0.1,1700.39,353.33,0.454,77.2,38.53,13.43,1698.56,4336694.60,1781501.60
00:08:50.278,18/01/2026,07:39:43,17_T02,39.121500811,10.180386352,0.1,1700.72,353.60,0.418,77.2,38.53,13.43,1698.56,4336694.58,1781501.55
00:08:51.273,18/01/2026,07:39:44,17_T02,39.121500742,10.180386226,0.1,1700.80,353.77,0.405,77.2,38.54,13.44,1699.63,4336694.57,1781501.54
00:08:52.267,18/01/2026,07:39:45,17_T02,39.121502437,10.180388179,0.1,1701.08,354.03,0.637,77.2,38.54,13.44,1699.63,4336694.74,1781501.73
00:08:53.276,18/01/2026,07:39:46,17_T02,39.121503266,10.180389743,0.1,1701.81,354.49,0.798,77.2,38.54,13.44,1700.06,4336694.88,1781501.82
00:08:54.269,18/01/2026,07:39:47,17_T02,39.121503084,10.180390528,0.1,1702.76,354.82,0.852,77.2,38.54,13.44,1700.06,4336694.95,1781501.80
00:08:55.279,18/01/2026,07:39:48,17_T02,39.121502630,10.180390968,0.1,1703.44,355.28,0.867,77.2,38.53,13.43,1701.74,4336694.99,1781501.75
00:08:56.273,18/01/2026,07:39:49,17_T02,39.121502292,10.180390720,0.1,1703.62,355.57,0.832,77.2,38.53,13.43,1701.74,4336694.96,1781501.71
00:08:57.270,18/01/2026,07:39:50,17_T02,39.121501320,10.180384768,0.1,1703.63,355.77,0.315,77.2,38.53,13.44,1702.55,4336694.45,1781501.61
00:08:58.292,18/01/2026,07:39:51,17_T02,39.121500853,10.180381973,0.2,1703.98,356.00,0.072,77.2,38.53,13.44,1702.55,4336694.20,1781501.55
00:08:59.271,18/01/2026,07:39:52,17_T02,39.121500785,10.180382630,0.2,1704.86,356.36,0.121,77.2,38.55,13.44,1703.04,4336694.26,1781501.55
00:09:00.281,18/01/2026,07:39:53,17_T02,39.121500416,10.180383448,0.2,1705.86,356.94,0.170,77.2,38.55,13.44,1703.04,4336694.33,1781501.51
00:09:01.269,18/01/2026,07:39:54,17_T02,39.121499914,10.180383730,0.1,1706.52,357.59,0.170,77.2,38.53,13.43,1704.93,4336694.36,1781501.45
00:09:02.276,18/01/2026,07:39:55,17_T02,39.121499658,10.180383284,0.1,1706.67,357.95,0.123,77.2,38.53,13.43,1704.93,4336694.32,1781501.42
00:09:03.274,18/01/2026,07:39:56,17_T02,39.121498416,10.180381753,0.2,1706.68,358.05,-0.055,77.2,38.53,13.44,1705.62,4336694.18,1781501.29
00:09:04.269,18/01/2026,07:39:57,17_T02,39.121497825,10.180381488,0.2,1707.02,358.18,-0.103,77.2,38.53,13.44,1705.62,4336694.16,1781501.22
00:09:05.280,18/01/2026,07:39:58,17_T02,39.121497697,10.180382120,0.2,1707.86,358.56,-0.058,77.2,38.54,13.44,1706.14,4336694.22,1781501.21
00:09:06.280,18/01/2026,07:39:59,17_T02,39.121497312,10.180382805,0.2,1708.84,359.10,-0.021,77.2,38.54,13.44,1706.14,4336694.28,1781501.16
00:09:07.275,18/01/2026,07:40:00,17_T02,39.121496731,10.180382955,0.1,1709.48,359.63,-0.036,77.2,38.53,13.43,1707.98,4336694.29,1781501.10
00:09:08.268,18/01/2026,07:40:01,17_T02,39.121495581,10.180386621,0.2,1709.67,359.89,0.204,77.2,38.53,13.43,1707.98,4336694.61,1781500.97
00:09:09.280,18/01/2026,07:40:02,17_T02,39.121495103,10.180388488,0.2,1709.74,359.91,0.330,77.2,38.53,13.44,1708.64,4336694.77,1781500.92
00:09:10.276,18/01/2026,07:40:03,17_T02,39.121495046,10.180388787,0.2,1710.10,359.86,0.352,77.2,38.53,13.44,1708.64,4336694.80,1781500.91
00:09:11.270,18/01/2026,07:40:04,17_T02,39.121494931,10.180389353,0.2,1710.81,0.04,0.391,77.2,38.54,13.45,1709.28,4336694.85,1781500.90
00:09:12.267,18/01/2026,07:40:05,17_T02,39.121494660,10.180389828,0.2,1711.64,0.30,0.417,77.2,38.54,13.45,1709.28,4336694.89,1781500.87
00:09:13.270,18/01/2026,07:40:06,17_T02,39.121494383,10.180392031,0.2,1712.33,0.64,0.579,77.2,38.53,13.43,1710.86,4336695.08,1781500.84
00:09:14.278,18/01/2026,07:40:07,17_T02,39.121493981,10.180392874,0.2,1712.81,0.97,0.628,77.2,38.53,13.43,1710.86,4336695.15,1781500.80
00:09:15.276,18/01/2026,07:40:08,17_T02,39.121493685,10.180392871,0.2,1713.11,1.32,0.614,77.2,38.53,13.44,1711.90,4336695.15,1781500.77
00:09:16.270,18/01/2026,07:40:09,17_T02,39.121493557,10.180393174,0.2,1713.32,1.75,0.633,77.2,38.53,13.44,1711.90,4336695.18,1781500.75
00:09:17.280,18/01/2026,07:40:10,17_T02,39.121493443,10.180393722,0.2,1713.63,2.17,0.671,77.2,38.54,13.45,1712.39,4336695.23,1781500.74
00:09:18.277,18/01/2026,07:40:11,17_T02,39.121493179,10.180394617,0.2,1714.26,2.79,0.730,77.2,38.54,13.45,1712.39,4336695.31,1781500.71
00:09:19.267,18/01/2026,07:40:12,17_T02,39.121492804,10.180395653,0.2,1715.16,3.23,0.796,77.2,38.53,13.44,1713.65,4336695.40,1781500.67
00:09:20.278,18/01/2026,07:40:13,17_T02,39.121492037,10.180396345,0.1,1716.02,3.89,0.816,77.2,38.53,13.44,1713.65,4336695.46,1781500.58
00:09:21.272,18/01/2026,07:40:14,17_T02,39.121491473,10.180396093,0.1,1716.47,4.27,0.771,77.2,38.53,13.43,1715.21,4336695.43,1781500.52
00:09:22.267,18/01/2026,07:40:15,17_T02,39.121491325,10.180395613,0.1,1716.50,4.27,0.726,77.2,38.53,13.43,1715.21,4336695.39,1781500.51
00:09:23.268,18/01/2026,07:40:16,17_T02,39.121491333,10.180395554,0.1,1716.51,4.13,0.721,77.2,38.53,13.44,1715.46,4336695.39,1781500.51
00:09:24.273,18/01/2026,07:40:17,17_T02,39.121490305,10.180394812,0.1,1716.98,4.14,0.616,77.2,38.53,13.44,1715.46,4336695.32,1781500.39
00:09:25.267,18/01/2026,07:40:18,17_T02,39.121489516,10.180394905,0.1,1717.96,4.29,0.588,77.2,38.53,13.45,1716.51,4336695.33,1781500.31
00:09:26.275,18/01/2026,07:40:19,17_T02,39.121488796,10.180395746,0.1,1719.01,4.74,0.622,77.2,38.53,13.45,1716.51,4336695.40,1781500.23
00:09:27.281,18/01/2026,07:40:20,17_T02,39.121488080,10.180395684,0.1,1719.64,5.13,0.585,77.2,38.53,13.43,1718.36,4336695.40,1781500.15
00:09:28.273,18/01/2026,07:40:21,17_T02,39.121487814,10.180395002,0.1,1719.76,5.18,0.519,77.2,38.53,13.43,1718.36,4336695.34,1781500.12
00:09:29.276,18/01/2026,07:40:22,17_T02,39.121487800,10.180394828,0.1,1719.70,5.06,0.504,77.2,38.53,13.43,1718.36,4336695.32,1781500.12
00:09:30.281,18/01/2026,07:40:23,17_T02,39.121489442,10.180398184,0.1,1719.94,4.93,0.845,77.2,38.53,13.44,1718.68,4336695.62,1781500.30
00:09:31.271,18/01/2026,07:40:24,17_T02,39.121490154,10.180400484,0.2,1720.74,5.06,1.060,77.2,38.53,13.44,1718.68,4336695.82,1781500.38
00:09:32.268,18/01/2026,07:40:25,17_T02,39.121489643,10.180401585,0.1,1721.78,5.59,1.124,77.2,38.54,13.44,1719.44,4336695.91,1781500.32
00:09:33.276,18/01/2026,07:40:26,17_T02,39.121488888,10.180402262,0.1,1722.62,6.46,1.144,77.2,38.54,13.44,1719.44,4336695.97,1781500.24
00:09:34.281,18/01/2026,07:40:27,17_T02,39.121488409,10.180402062,0.1,1723.01,7.01,1.106,77.2,38.53,13.43,1721.34,4336695.95,1781500.19
00:09:35.278,18/01/2026,07:40:28,17_T02,39.121486721,10.180403036,0.2,1723.07,7.38,1.108,77.2,38.53,13.43,1721.34,4336696.04,1781500.00
00:09:36.272,18/01/2026,07:40:29,17_T02,39.121486015,10.180403945,0.2,1723.14,7.56,1.148,77.2,38.52,13.45,1722.01,4336696.12,1781499.92
00:09:37.279,18/01/2026,07:40:30,17_T02,39.121485879,10.180404838,0.2,1723.55,7.80,1.213,77.2,38.52,13.45,1722.01,4336696.20,1781499.91
00:09:38.271,18/01/2026,07:40:31,17_T02,39.121485644,10.180405820,0.1,1724.38,8.14,1.280,77.2,38.53,13.44,1722.40,4336696.28,1781499.88
00:09:39.275,18/01/2026,07:40:32,17_T02,39.121485055,10.180406918,0.1,1725.37,8.69,1.341,77.2,38.53,13.44,1722.40,4336696.38,1781499.82
00:09:40.281,18/01/2026,07:40:33,17_T02,39.121484200,10.180407453,0.1,1726.16,9.47,1.345,77.2,38.53,13.43,1724.17,4336696.42,1781499.72
00:09:41.272,18/01/2026,07:40:34,17_T02,39.121485787,10.180407986,0.2,1726.56,10.01,1.458,77.2,38.53,13.43,1724.17,4336696.47,1781499.90
00:09:42.268,18/01/2026,07:40:35,17_T02,39.121486700,10.180408395,0.2,1726.60,10.38,1.532,77.2,38.53,13.44,1725.45,4336696.51,1781500.00
00:09:43.277,18/01/2026,07:40:36,17_T02,39.121486692,10.180408974,0.2,1726.61,10.62,1.578,77.2,38.53,13.44,1725.45,4336696.56,1781500.00
00:09:44.271,18/01/2026,07:40:37,17_T02,39.121486546,10.180409993,0.1,1726.99,10.86,1.652,77.2,38.53,13.44,1725.57,4336696.64,1781499.98
00:09:45.270,18/01/2026,07:40:38,17_T02,39.121486244,10.180411138,0.1,1727.89,11.22,1.732,77.2,38.53,13.44,1725.57,4336696.74,1781499.95
00:09:46.267,18/01/2026,07:40:39,17_T02,39.121486209,10.180413903,0.2,1728.98,11.95,1.947,77.2,38.53,13.44,1726.80,4336696.98,1781499.94
00:09:47.279,18/01/2026,07:40:40,17_T02,39.121485605,10.180415057,0.2,1729.77,12.75,2.012,77.2,38.53,13.44,1726.80,4336697.09,1781499.88
00:09:48.273,18/01/2026,07:40:41,17_T02,39.121485271,10.180414423,0.2,1729.96,12.98,1.946,77.2,38.53,13.43,1728.66,4336697.03,1781499.84
00:09:49.268,18/01/2026,07:40:42,17_T02,39.121485285,10.180414564,0.2,1729.83,13.12,1.958,77.2,38.53,13.43,1728.66,4336697.04,1781499.84
00:09:50.278,18/01/2026,07:40:43,17_T02,39.121485260,10.180415423,0.2,1729.91,13.19,2.025,77.2,38.53,13.44,1728.80,4336697.12,1781499.84
00:09:51.267,18/01/2026,07:40:44,17_T02,39.121485036,10.180416501,0.1,1730.63,13.56,2.101,77.2,38.53,13.44,1728.80,4336697.21,1781499.82
00:09:52.276,18/01/2026,07:40:45,17_T02,39.121483480,10.180418112,0.2,1731.78,14.24,2.159,77.2,38.54,13.43,1729.66,4336697.35,1781499.64
00:09:53.276,18/01/2026,07:40:46,17_T02,39.121481935,10.180419369,0.2,1732.82,15.14,2.189,77.2,38.54,13.43,1729.66,4336697.46,1781499.47
00:09:54.270,18/01/2026,07:40:47,17_T02,39.121481333,10.180419138,0.2,1733.24,15.66,2.143,77.2,38.53,13.43,1731.76,4336697.44,1781499.41
00:09:55.276,18/01/2026,07:40:48,17_T02,39.121481233,10.180418959,0.2,1733.14,15.78,2.124,77.2,38.53,13.43,1731.76,4336697.43,1781499.40
00:09:56.271,18/01/2026,07:40:49,17_T02,39.121481263,10.180419504,0.2,1733.07,15.83,2.169,77.2,38.53,13.44,1732.07,4336697.47,1781499.40
00:09:57.282,18/01/2026,07:40:50,17_T02,39.121481063,10.180419641,0.1,1733.58,16.19,2.171,77.2,38.53,13.44,1732.07,4336697.49,1781499.38
00:09:58.273,18/01/2026,07:40:51,17_T02,39.121480514,10.180420510,0.1,1734.64,16.75,2.215,77.2,38.53,13.43,1732.68,4336697.56,1781499.32
00:09:59.271,18/01/2026,07:40:52,17_T02,39.121479582,10.180421826,0.1,1735.69,17.84,2.278,77.2,38.53,13.43,1732.68,4336697.68,1781499.22
00:10:00.268,18/01/2026,07:40:53,17_T02,39.121478919,10.180421866,0.1,1736.18,18.46,2.251,77.2,38.53,13.43,1734.73,4336697.68,1781499.14
00:10:01.280,18/01/2026,07:40:54,17_T02,39.121478793,10.180421457,0.1,1736.16,18.45,2.213,77.2,38.53,13.43,1734.73,4336697.64,1781499.13
00:10:02.271,18/01/2026,07:40:55,17_T02,39.121478767,10.180421809,0.1,1736.18,18.41,2.239,77.2,38.53,13.44,1735.10,4336697.67,1781499.13
00:10:03.267,18/01/2026,07:40:56,17_T02,39.121479734,10.180424224,0.1,1736.72,18.58,2.475,77.2,38.53,13.44,1735.10,4336697.88,1781499.23
00:10:04.272,18/01/2026,07:40:57,17_T02,39.121479836,10.180425871,0.1,1737.70,18.78,2.610,77.2,38.53,13.43,1735.95,4336698.03,1781499.24
00:10:05.278,18/01/2026,07:40:58,17_T02,39.121479145,10.180426650,0.1,1738.65,19.27,2.641,77.2,38.53,13.43,1735.95,4336698.10,1781499.17
00:10:06.271,18/01/2026,07:40:59,17_T02,39.121478685,10.180426879,0.1,1739.12,19.71,2.638,77.2,38.53,13.43,1737.73,4336698.12,1781499.12
00:10:07.269,18/01/2026,07:41:00,17_T02,39.121478624,10.180426906,0.1,1739.17,19.88,2.638,77.2,38.53,13.43,1737.73,4336698.12,1781499.11
00:10:08.277,18/01/2026,07:41:01,17_T02,39.121478410,10.180427843,0.1,1739.20,20.09,2.703,77.2,38.53,13.44,1738.11,4336698.20,1781499.09
00:10:09.271,18/01/2026,07:41:02,17_T02,39.121478097,10.180429091,0.1,1739.65,20.48,2.788,77.2,38.53,13.44,1738.11,4336698.31,1781499.05
00:10:10.277,18/01/2026,07:41:03,17_T02,39.121477646,10.180430286,0.1,1740.55,20.99,2.862,77.2,38.53,13.43,1738.90,4336698.41,1781499.00
00:10:11.270,18/01/2026,07:41:04,17_T02,39.121476985,10.180431226,0.1,1741.52,21.57,2.907,77.2,38.53,13.43,1738.90,4336698.49,1781498.93
00:10:12.276,18/01/2026,07:41:05,17_T02,39.121476407,10.180431419,0.1,1742.12,22.09,2.896,77.2,38.53,13.43,1740.71,4336698.51,1781498.87
00:10:13.270,18/01/2026,07:41:06,17_T02,39.121476282,10.180431150,0.1,1742.24,22.24,2.869,77.2,38.53,13.43,1740.71,4336698.49,1781498.85
00:10:14.279,18/01/2026,07:41:07,17_T02,39.121475294,10.180428531,0.1,1742.22,22.33,2.617,77.2,38.53,13.44,1741.15,4336698.26,1781498.74
00:10:15.272,18/01/2026,07:41:08,17_T02,39.121474614,10.180427937,0.1,1742.54,22.54,2.539,77.2,38.53,13.44,1741.15,4336698.21,1781498.67
00:10:16.281,18/01/2026,07:41:09,17_T02,39.121474202,10.180428936,0.1,1743.38,22.94,2.600,77.2,38.54,13.43,1741.83,4336698.30,1781498.62
00:10:17.268,18/01/2026,07:41:10,17_T02,39.121473492,10.180429957,0.1,1744.40,23.57,2.649,77.2,38.54,13.43,1741.83,4336698.38,1781498.54
00:10:18.272,18/01/2026,07:41:11,17_T02,39.121472785,10.180430331,0.1,1745.13,24.34,2.646,77.2,38.53,13.43,1743.73,4336698.42,1781498.47
00:10:19.279,18/01/2026,07:41:12,17_T02,39.121472605,10.180432100,0.1,1745.33,24.79,2.779,77.2,38.53,13.43,1743.73,4336698.57,1781498.45
00:10:20.267,18/01/2026,07:41:13,17_T02,39.121472547,10.180433327,0.2,1745.25,25.09,2.874,77.2,38.52,13.44,1744.22,4336698.68,1781498.44
00:10:21.281,18/01/2026,07:41:14,17_T02,39.121472368,10.180433993,0.2,1745.39,25.16,2.918,77.2,38.52,13.44,1744.22,4336698.74,1781498.42
00:10:22.269,18/01/2026,07:41:15,17_T02,39.121471995,10.180434910,0.2,1746.12,25.40,2.974,77.2,38.53,13.43,1744.70,4336698.82,1781498.38
00:10:23.277,18/01/2026,07:41:16,17_T02,39.121471162,10.180436150,0.1,1747.21,26.06,3.035,77.2,38.53,13.43,1744.70,4336698.92,1781498.29
00:10:24.271,18/01/2026,07:41:17,17_T02,39.121470213,10.180436874,0.1,1748.17,26.96,3.050,77.2,38.52,13.42,1746.74,4336698.99,1781498.18
00:10:25.269,18/01/2026,07:41:18,17_T02,39.121469526,10.180436207,0.1,1748.62,27.53,2.966,77.2,38.52,13.42,1746.74,4336698.93,1781498.11
00:10:26.282,18/01/2026,07:41:19,17_T02,39.121469309,10.180435789,0.2,1748.65,27.86,2.923,77.2,38.53,13.44,1747.56,4336698.89,1781498.08
00:10:27.277,18/01/2026,07:41:20,17_T02,39.121469199,10.180436243,0.2,1748.69,28.06,2.954,77.2,38.53,13.44,1747.56,4336698.93,1781498.07
00:10:28.272,18/01/2026,07:41:21,17_T02,39.121468812,10.180437213,0.1,1749.15,28.37,3.014,77.2,38.53,13.44,1747.56,4336699.02,1781498.03
00:10:29.281,18/01/2026,07:41:22,17_T02,39.121468281,10.180438144,0.1,1750.01,28.75,3.064,77.2,38.53,13.43,1747.90,4336699.10,1781497.97
00:10:30.274,18/01/2026,07:41:23,17_T02,39.121468941,10.180438210,0.1,1750.90,29.32,3.099,77.2,38.53,13.43,1747.90,4336699.10,1781498.04
00:10:31.269,18/01/2026,07:41:24,17_T02,39.121469042,10.180437932,0.1,1751.48,29.91,3.081,77.2,38.52,13.42,1749.59,4336699.08,1781498.06
00:10:32.282,18/01/2026,07:41:25,17_T02,39.121468756,10.180437767,0.1,1751.80,30.38,3.055,77.2,38.52,13.42,1749.59,4336699.07,1781498.02
00:10:33.272,18/01/2026,07:41:26,17_T02,39.121468467,10.180438151,0.1,1752.07,30.97,3.073,77.2,38.53,13.43,1750.65,4336699.10,1781497.99
00:10:34.273,18/01/2026,07:41:27,17_T02,39.121468050,10.180439030,0.1,1752.49,31.76,3.124,77.2,38.53,13.43,1750.65,4336699.18,1781497.95
00:10:35.281,18/01/2026,07:41:28,17_T02,39.121467494,10.180439950,0.1,1753.05,32.68,3.172,77.2,38.53,13.44,1751.32,4336699.26,1781497.89
00:10:36.277,18/01/2026,07:41:29,17_T02,39.121467963,10.180440407,0.1,1753.70,33.36,3.229,77.2,38.53,13.44,1751.32,4336699.29,1781497.94
00:10:37.271,18/01/2026,07:41:30,17_T02,39.121467922,10.180440536,0.1,1754.39,33.80,3.237,77.2,38.52,13.42,1752.52,4336699.31,1781497.93
00:10:38.278,18/01/2026,07:41:31,17_T02,39.121467305,10.180440549,0.1,1755.04,34.24,3.211,77.2,38.52,13.42,1752.52,4336699.31,1781497.86
00:10:39.273,18/01/2026,07:41:32,17_T02,39.121466870,10.180440597,0.1,1755.52,34.69,3.195,77.2,38.53,13.42,1753.88,4336699.31,1781497.82
00:10:40.269,18/01/2026,07:41:33,17_T02,39.121466691,10.180440652,0.1,1755.80,35.01,3.191,77.2,38.53,13.42,1753.88,4336699.32,1781497.80
00:10:41.268,18/01/2026,07:41:34,17_T02,39.121467834,10.180445267,0.1,1756.05,35.23,3.609,77.2,38.53,13.43,1754.70,4336699.72,1781497.92
00:10:42.278,18/01/2026,07:41:35,17_T02,39.121468159,10.180448021,0.1,1756.51,35.49,3.842,77.2,38.53,13.43,1754.70,4336699.96,1781497.96
00:10:43.283,18/01/2026,07:41:36,17_T02,39.121467723,10.180448371,0.1,1757.20,35.64,3.851,77.2,38.52,13.43,1755.39,4336699.99,1781497.91
00:10:44.281,18/01/2026,07:41:37,17_T02,39.121467233,10.180448307,0.1,1757.90,35.69,3.823,77.2,38.52,13.43,1755.39,4336699.98,1781497.86
00:10:45.277,18/01/2026,07:41:38,17_T02,39.121466801,10.180448086,0.1,1758.44,35.87,3.786,77.2,38.53,13.42,1756.80,4336699.96,1781497.81
00:10:46.266,18/01/2026,07:41:39,17_T02,39.121466607,10.180447846,0.1,1758.91,36.04,3.759,77.2,38.53,13.42,1756.80,4336699.94,1781497.79
00:10:47.276,18/01/2026,07:41:40,17_T02,39.121465522,10.180446601,0.1,1759.41,36.35,3.611,77.2,38.53,13.42,1757.83,4336699.83,1781497.67
00:10:48.267,18/01/2026,07:41:41,17_T02,39.121464818,10.180446237,0.2,1759.97,36.68,3.550,77.2,38.53,13.42,1757.83,4336699.80,1781497.59
00:10:49.279,18/01/2026,07:41:42,17_T02,39.121464475,10.180446351,0.2,1760.43,36.92,3.544,77.2,38.53,13.42,1758.91,4336699.81,1781497.55
00:10:50.271,18/01/2026,07:41:43,17_T02,39.121464236,10.180446173,0.2,1760.77,37.04,3.519,77.2,38.53,13.42,1758.91,4336699.80,1781497.53
00:10:51.281,18/01/2026,07:41:44,17_T02,39.121463968,10.180445978,0.2,1761.17,37.12,3.491,77.2,38.53,13.43,1759.71,4336699.78,1781497.50
00:10:52.278,18/01/2026,07:41:45,17_T02,39.121462370,10.180442627,0.1,1761.78,37.34,3.153,77.2,38.53,13.43,1759.71,4336699.49,1781497.32
00:10:53.277,18/01/2026,07:41:46,17_T02,39.121461238,10.180440834,0.2,1762.53,37.58,2.960,77.2,38.50,13.44,1760.79,4336699.33,1781497.20
00:10:54.269,18/01/2026,07:41:47,17_T02,39.121460675,10.180440708,0.2,1763.18,37.94,2.924,77.2,38.50,13.44,1760.79,4336699.32,1781497.13
00:10:55.276,18/01/2026,07:41:48,17_T02,39.121460471,10.180440441,0.2,1763.59,38.20,2.894,77.2,38.53,13.42,1762.14,4336699.30,1781497.11
00:10:56.270,18/01/2026,07:41:49,17_T02,39.121460393,10.180440183,0.2,1763.84,38.27,2.870,77.2,38.53,13.42,1762.14,4336699.28,1781497.10
00:10:57.267,18/01/2026,07:41:50,17_T02,39.121460187,10.180440081,0.2,1764.11,38.36,2.852,77.2,38.54,13.44,1762.80,4336699.27,1781497.08
00:10:58.266,18/01/2026,07:41:51,17_T02,39.121458393,10.180433150,0.2,1764.59,38.54,2.221,77.2,38.54,13.44,1762.80,4336698.67,1781496.88
00:10:59.275,18/01/2026,07:41:52,17_T02,39.121457094,10.180429173,0.3,1765.33,38.56,1.847,77.2,38.51,13.44,1763.65,4336698.32,1781496.74
00:11:00.267,18/01/2026,07:41:53,17_T02,39.121456436,10.180428762,0.3,1766.16,38.58,1.784,77.2,38.51,13.44,1763.65,4336698.28,1781496.66
00:11:01.276,18/01/2026,07:41:54,17_T02,39.121455723,10.180428204,0.1,1766.82,38.86,1.708,77.2,38.52,13.42,1765.24,4336698.24,1781496.58
00:11:02.269,18/01/2026,07:41:55,17_T02,39.121455494,10.180427626,0.1,1767.22,39.11,1.652,77.2,38.52,13.42,1765.24,4336698.19,1781496.56
00:11:03.275,18/01/2026,07:41:56,17_T02,39.121455349,10.180427298,0.1,1767.47,39.30,1.619,77.2,38.53,13.43,1766.17,4336698.16,1781496.54
00:11:04.271,18/01/2026,07:41:57,17_T02,39.121454281,10.180424999,0.2,1767.82,39.48,1.388,77.2,38.53,13.43,1766.17,4336697.96,1781496.42
00:11:05.277,18/01/2026,07:41:58,17_T02,39.121453365,10.180423838,0.2,1768.36,39.72,1.255,77.2,38.53,13.44,1766.89,4336697.86,1781496.32
00:11:06.271,18/01/2026,07:41:59,17_T02,39.121452868,10.180423482,0.1,1768.99,39.79,1.204,77.2,38.53,13.44,1766.89,4336697.83,1781496.27
00:11:07.278,18/01/2026,07:42:00,17_T02,39.121452377,10.180422852,0.1,1769.58,39.80,1.132,77.2,38.52,13.42,1768.11,4336697.77,1781496.21
00:11:08.270,18/01/2026,07:42:01,17_T02,39.121451939,10.180422172,0.1,1770.10,39.94,1.058,77.2,38.52,13.42,1768.11,4336697.71,1781496.17
00:11:09.278,18/01/2026,07:42:02,17_T02,39.121450227,10.180418156,0.2,1770.61,40.27,0.662,77.2,38.53,13.42,1769.19,4336697.36,1781495.98
00:11:10.274,18/01/2026,07:42:03,17_T02,39.121449173,10.180416191,0.3,1771.11,40.72,0.458,77.2,38.53,13.42,1769.19,4336697.19,1781495.86
00:11:11.266,18/01/2026,07:42:04,17_T02,39.121448793,10.180415887,0.2,1771.55,41.09,0.417,77.2,38.52,13.42,1770.21,4336697.17,1781495.82
00:11:12.272,18/01/2026,07:42:05,17_T02,39.121448399,10.180415462,0.2,1771.96,41.42,0.366,77.2,38.52,13.42,1770.21,4336697.13,1781495.77
00:11:13.277,18/01/2026,07:42:06,17_T02,39.121447933,10.180414943,0.2,1772.44,41.69,0.303,77.2,38.53,13.42,1771.06,4336697.08,1781495.72
00:11:14.274,18/01/2026,07:42:07,17_T02,39.121447231,10.180414479,0.2,1773.08,42.09,0.235,77.2,38.53,13.42,1771.06,4336697.04,1781495.64
00:11:15.269,18/01/2026,07:42:08,17_T02,39.121448096,10.180413315,0.2,1773.81,42.57,0.181,77.2,38.52,13.42,1772.34,4336696.94,1781495.74
00:11:16.279,18/01/2026,07:42:09,17_T02,39.121448229,10.180412479,0.2,1774.46,43.29,0.121,77.2,38.52,13.42,1772.34,4336696.87,1781495.75
00:11:17.273,18/01/2026,07:42:10,17_T02,39.121447861,10.180412034,0.1,1774.85,43.94,0.069,77.2,38.53,13.42,1773.58,4336696.83,1781495.71
00:11:18.280,18/01/2026,07:42:11,17_T02,39.121447665,10.180411558,0.1,1775.04,44.34,0.023,77.2,38.53,13.42,1773.58,4336696.79,1781495.69
00:11:19.270,18/01/2026,07:42:12,17_T02,39.121447323,10.180411190,0.1,1775.32,44.60,-0.022,77.2,38.53,13.44,1774.07,4336696.76,1781495.65
00:11:20.268,18/01/2026,07:42:13,17_T02,39.121447677,10.180415860,0.2,1775.91,45.11,0.365,77.2,38.53,13.44,1774.07,4336697.16,1781495.69
00:11:21.276,18/01/2026,07:42:14,17_T02,39.121447550,10.180418087,0.3,1776.72,45.42,0.536,77.2,38.51,13.43,1775.29,4336697.36,1781495.68
00:11:22.268,18/01/2026,07:42:15,17_T02,39.121446846,10.180417522,0.2,1777.45,45.80,0.459,77.2,38.51,13.43,1775.29,4336697.31,1781495.60
00:11:23.278,18/01/2026,07:42:16,17_T02,39.121446366,10.180416771,0.2,1777.92,46.22,0.378,77.2,38.53,13.42,1776.65,4336697.24,1781495.55
00:11:24.275,18/01/2026,07:42:17,17_T02,39.121446203,10.180416231,0.2,1778.19,46.49,0.328,77.2,38.53,13.42,1776.65,4336697.20,1781495.53
00:11:25.270,18/01/2026,07:42:18,17_T02,39.121445926,10.180416030,0.2,1778.50,46.80,0.299,77.2,38.53,13.42,1776.65,4336697.18,1781495.50
00:11:26.280,18/01/2026,07:42:19,17_T02,39.121446209,10.180413746,0.2,1779.01,47.22,0.131,77.2,38.53,13.43,1777.29,4336696.98,1781495.53
00:11:27.272,18/01/2026,07:42:20,17_T02,39.121445996,10.180412514,0.2,1779.74,47.54,0.023,77.2,38.53,13.43,1777.29,4336696.87,1781495.51
00:11:28.280,18/01/2026,07:42:21,17_T02,39.121445334,10.180412025,0.1,1780.50,47.91,-0.046,77.2,38.52,13.42,1778.41,4336696.83,1781495.43
00:11:29.273,18/01/2026,07:42:22,17_T02,39.121444732,10.180411451,0.1,1781.07,48.48,-0.118,77.2,38.52,13.42,1778.41,4336696.78,1781495.37
00:11:30.269,18/01/2026,07:42:23,17_T02,39.121444550,10.180410884,0.1,1781.38,48.88,-0.172,77.2,38.52,13.42,1779.80,4336696.73,1781495.35
00:11:31.278,18/01/2026,07:42:24,17_T02,39.121441619,10.180407022,0.2,1781.61,49.20,-0.610,77.2,38.52,13.42,1779.80,4336696.40,1781495.02
00:11:32.273,18/01/2026,07:42:25,17_T02,39.121439798,10.180405091,0.3,1782.01,49.55,-0.846,77.2,38.53,13.43,1780.43,4336696.23,1781494.82
00:11:33.282,18/01/2026,07:42:26,17_T02,39.121439230,10.180404883,0.2,1782.60,49.89,-0.888,77.2,38.53,13.43,1780.43,4336696.21,1781494.76
00:11:34.276,18/01/2026,07:42:27,17_T02,39.121438743,10.180404422,0.1,1783.28,50.08,-0.947,77.2,38.51,13.43,1781.37,4336696.17,1781494.71
00:11:35.272,18/01/2026,07:42:28,17_T02,39.121438177,10.180403718,0.1,1783.96,50.32,-1.028,77.2,38.51,13.43,1781.37,4336696.11,1781494.64
00:11:36.268,18/01/2026,07:42:29,17_T02,39.121437586,10.180402995,0.1,1784.60,50.69,-1.112,77.2,38.52,13.42,1782.74,4336696.05,1781494.58
00:11:37.275,18/01/2026,07:42:30,17_T02,39.121437799,10.180406098,0.1,1785.14,51.09,-0.856,77.2,38.52,13.42,1782.74,4336696.32,1781494.60
00:11:38.269,18/01/2026,07:42:31,17_T02,39.121437876,10.180407529,0.2,1785.51,51.34,-0.739,77.2,38.52,13.42,1783.94,4336696.44,1781494.61
00:11:39.277,18/01/2026,07:42:32,17_T02,39.121437674,10.180407132,0.1,1785.72,51.45,-0.780,77.2,38.52,13.42,1783.94,4336696.41,1781494.59
00:11:40.275,18/01/2026,07:42:33,17_T02,39.121437386,10.180406720,0.1,1785.97,51.49,-0.825,77.2,38.53,13.43,1784.58,4336696.37,1781494.56
00:11:41.272,18/01/2026,07:42:34,17_T02,39.121436697,10.180406485,0.1,1786.55,51.74,-0.875,77.2,38.53,13.43,1784.58,4336696.35,1781494.48
00:11:42.267,18/01/2026,07:42:35,17_T02,39.121435936,10.180406154,0.1,1787.45,51.94,-0.936,77.2,38.52,13.43,1785.41,4336696.32,1781494.40
00:11:43.279,18/01/2026,07:42:36,17_T02,39.121434765,10.180399034,0.2,1788.34,52.50,-1.554,77.2,38.52,13.43,1785.41,4336695.70,1781494.27
00:11:44.276,18/01/2026,07:42:37,17_T02,39.121434306,10.180394935,0.3,1788.85,52.96,-1.900,77.2,38.52,13.42,1787.18,4336695.35,1781494.21
00:11:45.269,18/01/2026,07:42:38,17_T02,39.121434470,10.180394132,0.2,1788.93,53.05,-1.957,77.2,38.52,13.42,1787.18,4336695.28,1781494.23
00:11:46.281,18/01/2026,07:42:39,17_T02,39.121434400,10.180393658,0.2,1788.95,53.01,-1.997,77.2,38.52,13.43,1787.77,4336695.24,1781494.22
00:11:47.276,18/01/2026,07:42:40,17_T02,39.121433838,10.180393503,0.2,1789.39,53.15,-2.035,77.2,38.52,13.43,1787.77,4336695.22,1781494.16
00:11:48.269,18/01/2026,07:42:41,17_T02,39.121435436,10.180397022,0.3,1790.33,53.23,-1.683,77.2,38.53,13.42,1788.31,4336695.53,1781494.34
00:11:49.269,18/01/2026,07:42:42,17_T02,39.121435721,10.180398659,0.3,1791.35,53.67,-1.541,77.2,38.53,13.42,1788.31,4336695.67,1781494.37
00:11:50.277,18/01/2026,07:42:43,17_T02,39.121435089,10.180397766,0.2,1791.98,54.21,-1.640,79.6,38.52,13.42,1790.26,4336695.59,1781494.30
00:11:51.270,18/01/2026,07:42:44,17_T02,39.121433826,10.180399121,0.2,1792.13,54.45,-1.589,78.6,38.52,13.42,1790.26,4336695.71,1781494.16
00:11:52.269,18/01/2026,07:42:45,17_T02,39.121432631,10.180399535,0.2,1792.13,54.55,-1.610,78.8,38.52,13.43,1791.01,4336695.75,1781494.03
00:11:53.277,18/01/2026,07:42:46,17_T02,39.121429478,10.180400463,0.3,1792.40,54.55,-1.679,78.1,38.52,13.43,1791.01,4336695.83,1781493.68
00:11:54.268,18/01/2026,07:42:47,17_T02,39.121427481,10.180404196,0.3,1793.14,54.61,-1.473,77.5,38.53,13.42,1791.49,4336696.15,1781493.46
00:11:55.276,18/01/2026,07:42:48,17_T02,39.121426658,10.180406333,0.4,1794.04,54.86,-1.340,77.0,38.53,13.42,1791.49,4336696.34,1781493.37
00:11:56.282,18/01/2026,07:42:49,17_T02,39.121424431,10.180402782,0.5,1794.67,55.38,-1.722,76.5,38.52,13.41,1793.26,4336696.03,1781493.13
00:11:57.274,18/01/2026,07:42:50,17_T02,39.121422449,10.180399674,0.6,1794.89,55.72,-2.059,75.8,38.52,13.41,1793.26,4336695.76,1781492.91
00:11:58.267,18/01/2026,07:42:51,17_T02,39.121421062,10.180398928,0.6,1794.95,55.92,-2.180,76.2,38.52,13.42,1794.05,4336695.70,1781492.75
00:11:59.277,18/01/2026,07:42:52,17_T02,39.121419135,10.180398262,0.4,1795.22,56.00,-2.320,75.6,38.52,13.42,1794.05,4336695.64,1781492.54
00:12:00.271,18/01/2026,07:42:53,17_T02,39.121417629,10.180398888,0.4,1795.97,56.18,-2.338,75.3,38.53,13.42,1794.56,4336695.69,1781492.37
00:12:01.280,18/01/2026,07:42:54,17_T02,39.121415720,10.180399361,0.4,1796.89,56.50,-2.387,75.0,38.53,13.42,1794.56,4336695.74,1781492.16
00:12:02.273,18/01/2026,07:42:55,17_T02,39.121414115,10.180399006,0.3,1797.62,57.14,-2.488,73.8,38.52,13.41,1796.39,4336695.71,1781491.99
00:12:03.266,18/01/2026,07:42:56,17_T02,39.121413877,10.180398500,0.3,1797.95,57.56,-2.539,73.8,38.52,13.41,1796.39,4336695.66,1781491.96
00:12:04.277,18/01/2026,07:42:57,17_T02,39.121413112,10.180397212,0.3,1798.01,57.83,-2.675,73.4,38.52,13.43,1797.24,4336695.55,1781491.88
00:12:05.271,18/01/2026,07:42:58,17_T02,39.121415293,10.180398411,0.3,1798.13,57.97,-2.482,73.6,38.52,13.43,1797.24,4336695.65,1781492.12
00:12:06.280,18/01/2026,07:42:59,17_T02,39.121416541,10.180400073,0.3,1798.65,58.28,-2.293,72.9,38.53,13.42,1797.53,4336695.80,1781492.25
00:12:07.274,18/01/2026,07:43:00,17_T02,39.121415136,10.180399618,0.3,1799.59,58.68,-2.393,72.7,38.53,13.42,1797.53,4336695.76,1781492.10
00:12:08.280,18/01/2026,07:43:01,17_T02,39.121413819,10.180398297,0.3,1800.61,59.43,-2.557,71.8,38.52,13.42,1799.37,4336695.64,1781491.95
00:12:09.272,18/01/2026,07:43:02,17_T02,39.121413106,10.180397251,0.3,1801.30,60.28,-2.672,70.9,38.52,13.42,1799.37,4336695.55,1781491.87
00:12:10.281,18/01/2026,07:43:03,17_T02,39.121413402,10.180396545,0.3,1801.47,60.60,-2.715,71.0,38.53,13.42,1800.71,4336695.49,1781491.91
00:12:11.276,18/01/2026,07:43:04,17_T02,39.121415634,10.180396968,0.2,1801.40,60.81,-2.581,71.0,38.53,13.42,1800.71,4336695.53,1781492.15
00:12:12.275,18/01/2026,07:43:05,17_T02,39.121416825,10.180397410,0.3,1801.60,61.07,-2.492,70.9,38.52,13.42,1800.76,4336695.57,1781492.29
00:12:13.268,18/01/2026,07:43:06,17_T02,39.121416367,10.180397533,0.2,1802.37,61.36,-2.503,70.0,38.52,13.42,1800.76,4336695.58,1781492.23
00:12:14.281,18/01/2026,07:43:07,17_T02,39.121415584,10.180397402,0.2,1803.42,61.64,-2.549,69.3,38.52,13.42,1802.28,4336695.57,1781492.15
00:12:15.277,18/01/2026,07:43:08,17_T02,39.121414869,10.180396883,0.2,1804.24,62.19,-2.622,68.3,38.52,13.42,1802.28,4336695.52,1781492.07
00:12:16.276,18/01/2026,07:43:09,17_T02,39.121414804,10.180396182,0.1,1804.52,62.44,-2.681,67.8,38.53,13.42,1803.74,4336695.46,1781492.06
00:12:17.280,18/01/2026,07:43:10,17_T02,39.121415664,10.180398085,0.1,1804.50,62.60,-2.491,67.8,38.53,13.42,1803.74,4336695.63,1781492.16
00:12:18.276,18/01/2026,07:43:11,17_T02,39.121416037,10.180399873,0.2,1804.68,62.70,-2.332,67.9,38.52,13.42,1803.90,4336695.78,1781492.20
00:12:19.268,18/01/2026,07:43:12,17_T02,39.121415407,10.180399975,0.2,1805.35,62.98,-2.352,67.3,38.52,13.42,1803.90,4336695.79,1781492.13
00:12:20.280,18/01/2026,07:43:13,17_T02,39.121414374,10.180400224,0.1,1806.33,63.56,-2.379,66.4,38.52,13.42,1805.29,4336695.81,1781492.02
00:12:21.271,18/01/2026,07:43:14,17_T02,39.121413392,10.180399864,0.1,1807.26,64.37,-2.452,65.3,38.52,13.42,1805.29,4336695.78,1781491.91
00:12:22.274,18/01/2026,07:43:15,17_T02,39.121413293,10.180399008,0.1,1807.78,64.95,-2.525,64.6,38.52,13.42,1805.29,4336695.71,1781491.90
00:12:23.269,18/01/2026,07:43:16,17_T02,39.121413547,10.180398674,0.2,1807.86,65.19,-2.540,64.7,38.52,13.42,1806.91,4336695.68,1781491.92
00:12:24.278,18/01/2026,07:43:17,17_T02,39.121413381,10.180398753,0.2,1807.86,65.31,-2.541,64.5,38.52,13.42,1806.91,4336695.68,1781491.91
00:12:25.272,18/01/2026,07:43:18,17_T02,39.121412916,10.180398937,0.2,1808.25,65.52,-2.547,64.3,38.52,13.42,1807.15,4336695.70,1781491.85
00:12:26.267,18/01/2026,07:43:19,17_T02,39.121412388,10.180399116,0.1,1809.16,65.65,-2.557,63.5,38.52,13.42,1807.15,4336695.72,1781491.80
00:12:27.279,18/01/2026,07:43:20,17_T02,39.121411505,10.180399036,0.1,1810.18,66.18,-2.603,62.6,38.52,13.42,1808.22,4336695.71,1781491.70
00:12:28.272,18/01/2026,07:43:21,17_T02,39.121412293,10.180400824,0.1,1810.81,66.75,-2.425,61.8,38.52,13.42,1808.22,4336695.86,1781491.79
00:12:29.271,18/01/2026,07:43:22,17_T02,39.121413516,10.180402220,0.2,1810.92,67.04,-2.259,61.6,38.53,13.42,1809.96,4336695.99,1781491.92
00:12:30.270,18/01/2026,07:43:23,17_T02,39.121413422,10.180402154,0.2,1810.93,67.30,-2.269,61.7,38.53,13.42,1809.96,4336695.98,1781491.91
00:12:31.266,18/01/2026,07:43:24,17_T02,39.121412885,10.180402268,0.2,1811.39,67.62,-2.284,61.4,38.52,13.42,1810.21,4336695.99,1781491.85
00:12:32.281,18/01/2026,07:43:25,17_T02,39.121412079,10.180402281,0.1,1812.36,68.00,-2.319,60.5,38.52,13.42,1810.21,4336695.99,1781491.76
00:12:33.272,18/01/2026,07:43:26,17_T02,39.121411148,10.180401973,0.1,1813.38,68.66,-2.386,59.6,38.51,13.43,1811.52,4336695.96,1781491.66
00:12:34.279,18/01/2026,07:43:27,17_T02,39.121410868,10.180399582,0.1,1813.95,69.29,-2.588,58.8,38.51,13.43,1811.52,4336695.76,1781491.63
00:12:35.273,18/01/2026,07:43:28,17_T02,39.121411188,10.180397745,0.2,1814.00,69.52,-2.720,58.5,38.52,13.42,1813.14,4336695.60,1781491.66
00:12:36.267,18/01/2026,07:43:29,17_T02,39.121411161,10.180397693,0.2,1813.97,69.64,-2.725,58.7,38.52,13.42,1813.14,4336695.59,1781491.66
00:12:37.274,18/01/2026,07:43:30,17_T02,39.121410661,10.180397787,0.2,1814.41,69.87,-2.740,58.4,38.52,13.42,1813.24,4336695.60,1781491.61
00:12:38.272,18/01/2026,07:43:31,17_T02,39.121409953,10.180397823,0.2,1815.38,70.18,-2.769,57.4,38.52,13.42,1813.24,4336695.60,1781491.53
00:12:39.266,18/01/2026,07:43:32,17_T02,39.121409174,10.180397047,0.2,1816.46,70.95,-2.866,56.5,38.52,13.42,1814.64,4336695.54,1781491.44
00:12:40.274,18/01/2026,07:43:33,17_T02,39.121408910,10.180395955,0.2,1817.13,71.79,-2.965,55.8,38.52,13.42,1814.64,4336695.44,1781491.41
00:12:41.280,18/01/2026,07:43:34,17_T02,39.121409160,10.180395332,0.2,1817.22,72.14,-3.003,55.6,38.53,13.42,1816.31,4336695.39,1781491.44
00:12:42.271,18/01/2026,07:43:35,17_T02,39.121409113,10.180395198,0.2,1817.13,72.29,-3.016,55.7,38.53,13.42,1816.31,4336695.38,1781491.43
00:12:43.277,18/01/2026,07:43:36,17_T02,39.121408614,10.180395312,0.2,1817.44,72.54,-3.029,55.4,38.52,13.42,1816.39,4336695.39,1781491.38
00:12:44.270,18/01/2026,07:43:37,17_T02,39.121407988,10.180395234,0.2,1818.35,72.88,-3.064,54.6,38.52,13.42,1816.39,4336695.38,1781491.31
00:12:45.266,18/01/2026,07:43:38,17_T02,39.121407944,10.180394683,0.1,1819.43,73.55,-3.109,53.6,38.52,13.42,1817.69,4336695.33,1781491.30
00:12:46.272,18/01/2026,07:43:39,17_T02,39.121408247,10.180393883,0.1,1820.14,74.27,-3.159,52.8,38.52,13.42,1817.69,4336695.26,1781491.34
00:12:47.280,18/01/2026,07:43:40,17_T02,39.121408480,10.180393283,0.1,1820.30,74.54,-3.196,52.5,38.53,13.41,1819.36,4336695.21,1781491.36
00:12:48.268,18/01/2026,07:43:41,17_T02,39.121408366,10.180393132,0.1,1820.28,74.88,-3.213,52.6,38.53,13.41,1819.36,4336695.20,1781491.35
00:12:49.275,18/01/2026,07:43:42,17_T02,39.121407723,10.180393168,0.1,1820.63,75.37,-3.240,52.3,38.52,13.42,1819.53,4336695.20,1781491.28
00:12:50.272,18/01/2026,07:43:43,17_T02,39.121407001,10.180393062,0.1,1821.51,75.82,-3.281,51.6,38.52,13.42,1819.53,4336695.19,1781491.20
00:12:51.278,18/01/2026,07:43:44,17_T02,39.121406245,10.180391658,0.1,1822.52,76.39,-3.426,50.7,38.52,13.42,1820.92,4336695.07,1781491.12
00:12:52.275,18/01/2026,07:43:45,17_T02,39.121405928,10.180390177,0.2,1823.18,77.00,-3.558,50.0,38.52,13.42,1820.92,4336694.94,1781491.08
00:12:53.266,18/01/2026,07:43:46,17_T02,39.121406141,10.180389596,0.2,1823.35,77.27,-3.595,49.6,38.52,13.41,1822.41,4336694.89,1781491.10
00:12:54.275,18/01/2026,07:43:47,17_T02,39.121406119,10.180389335,0.1,1823.37,77.44,-3.616,49.6,38.52,13.41,1822.41,4336694.87,1781491.10
00:12:55.270,18/01/2026,07:43:48,17_T02,39.121405720,10.180389231,0.1,1823.68,77.53,-3.643,49.4,38.52,13.42,1822.62,4336694.86,1781491.06
00:12:56.277,18/01/2026,07:43:49,17_T02,39.121405188,10.180388964,0.1,1824.47,77.70,-3.688,48.7,38.52,13.42,1822.62,4336694.83,1781491.00
00:12:57.271,18/01/2026,07:43:50,17_T02,39.121404575,10.180389086,0.1,1825.42,78.05,-3.706,47.9,38.51,13.42,1823.95,4336694.84,1781490.93
00:12:58.279,18/01/2026,07:43:51,17_T02,39.121404261,10.180388824,0.1,1826.14,78.43,-3.741,47.0,38.51,13.42,1823.95,4336694.82,1781490.90
00:12:59.276,18/01/2026,07:43:52,17_T02,39.121404562,10.180388153,0.1,1826.49,78.55,-3.780,46.6,38.52,13.41,1825.44,4336694.76,1781490.93
00:13:00.271,18/01/2026,07:43:53,17_T02,39.121404764,10.180387747,0.1,1826.68,78.58,-3.804,46.5,38.52,13.41,1825.44,4336694.73,1781490.95
00:13:01.276,18/01/2026,07:43:54,17_T02,39.121404505,10.180387477,0.1,1827.04,78.72,-3.837,46.2,38.52,13.42,1825.98,4336694.70,1781490.92
00:13:02.276,18/01/2026,07:43:55,17_T02,39.121404283,10.180387557,0.1,1827.68,79.01,-3.840,45.6,38.52,13.42,1825.98,4336694.71,1781490.90
00:13:03.270,18/01/2026,07:43:56,17_T02,39.121404231,10.180387439,0.1,1828.44,79.10,-3.852,44.8,38.51,13.42,1827.15,4336694.70,1781490.89
00:13:04.266,18/01/2026,07:43:57,17_T02,39.121404137,10.180386666,0.1,1829.02,79.19,-3.918,44.3,38.51,13.42,1827.15,4336694.63,1781490.88
00:13:05.276,18/01/2026,07:43:58,17_T02,39.121404387,10.180385903,0.1,1829.38,79.25,-3.967,43.9,38.52,13.41,1828.35,4336694.57,1781490.91
00:13:06.274,18/01/2026,07:43:59,17_T02,39.121404539,10.180385332,0.1,1829.73,79.32,-4.005,43.5,38.52,13.41,1828.35,4336694.52,1781490.93
00:13:07.268,18/01/2026,07:44:00,17_T02,39.121404290,10.180384799,0.1,1830.31,79.56,-4.059,43.1,38.52,13.42,1829.13,4336694.47,1781490.90
00:13:08.280,18/01/2026,07:44:01,17_T02,39.121405005,10.180384861,0.1,1831.06,79.63,-4.022,42.3,38.52,13.42,1829.13,4336694.48,1781490.98
00:13:09.276,18/01/2026,07:44:02,17_T02,39.121405593,10.180384705,0.1,1831.65,79.74,-4.008,41.6,38.52,13.41,1830.55,4336694.46,1781491.04
00:13:10.275,18/01/2026,07:44:03,17_T02,39.121405912,10.180384006,0.1,1831.90,79.78,-4.049,41.3,38.52,13.41,1830.55,4336694.40,1781491.08
00:13:11.269,18/01/2026,07:44:04,17_T02,39.121406256,10.180383439,0.1,1832.04,79.73,-4.078,41.2,38.52,13.42,1831.12,4336694.35,1781491.12
00:13:12.280,18/01/2026,07:44:05,17_T02,39.121406017,10.180382949,0.1,1832.49,79.92,-4.128,40.9,38.52,13.42,1831.12,4336694.31,1781491.09
00:13:13.278,18/01/2026,07:44:06,17_T02,39.121405561,10.180382382,0.1,1833.41,80.17,-4.194,40.2,38.51,13.43,1832.16,4336694.26,1781491.04
00:13:14.276,18/01/2026,07:44:07,17_T02,39.121405419,10.180382491,0.1,1834.42,80.68,-4.191,39.2,38.51,13.43,1832.16,4336694.27,1781491.02
00:13:15.275,18/01/2026,07:44:08,17_T02,39.121405669,10.180382401,0.1,1835.04,81.22,-4.187,38.4,38.52,13.41,1833.94,4336694.26,1781491.05
00:13:16.270,18/01/2026,07:44:09,17_T02,39.121406211,10.180381849,0.1,1835.13,81.27,-4.207,38.1,38.52,13.41,1833.94,4336694.21,1781491.11
00:13:17.267,18/01/2026,07:44:10,17_T02,39.121406622,10.180381477,0.1,1835.03,80.97,-4.218,38.2,38.52,13.41,1833.94,4336694.18,1781491.16
00:13:18.279,18/01/2026,07:44:11,17_T02,39.121406596,10.180381149,0.1,1835.30,80.67,-4.245,38.2,38.52,13.42,1834.19,4336694.15,1781491.15
00:13:19.276,18/01/2026,07:44:12,17_T02,39.121406378,10.180380731,0.1,1836.19,80.49,-4.288,37.4,38.52,13.42,1834.19,4336694.12,1781491.13
00:13:20.268,18/01/2026,07:44:13,17_T02,39.121406649,10.180382042,0.1,1837.31,80.88,-4.172,36.3,38.52,13.41,1835.00,4336694.23,1781491.16
00:13:21.282,18/01/2026,07:44:14,17_T02,39.121407034,10.180382722,0.1,1838.12,81.75,-4.100,35.4,38.52,13.41,1835.00,4336694.29,1781491.20
00:13:22.275,18/01/2026,07:44:15,17_T02,39.121407591,10.180382090,0.1,1838.38,82.05,-4.125,35.0,38.52,13.41,1837.00,4336694.24,1781491.26
00:13:23.269,18/01/2026,07:44:16,17_T02,39.121407839,10.180381896,0.1,1838.34,82.17,-4.129,35.0,38.52,13.41,1837.00,4336694.22,1781491.29
00:13:24.281,18/01/2026,07:44:17,17_T02,39.121407615,10.180381849,0.1,1838.50,82.14,-4.143,34.9,38.52,13.42,1837.48,4336694.21,1781491.27
00:13:25.281,18/01/2026,07:44:18,17_T02,39.121408250,10.180382682,0.1,1839.22,82.26,-4.049,34.4,38.52,13.42,1837.48,4336694.29,1781491.34
00:13:26.277,18/01/2026,07:44:19,17_T02,39.121408469,10.180383066,0.1,1840.24,82.64,-4.008,33.5,38.53,13.42,1838.14,4336694.32,1781491.36
00:13:27.271,18/01/2026,07:44:20,17_T02,39.121408081,10.180382201,0.1,1840.98,83.24,-4.094,32.6,38.53,13.42,1838.14,4336694.24,1781491.32
00:13:28.270,18/01/2026,07:44:21,17_T02,39.121408544,10.180381379,0.2,1841.00,83.37,-4.139,32.4,38.52,13.41,1839.95,4336694.17,1781491.37
00:13:29.278,18/01/2026,07:44:22,17_T02,39.121408623,10.180381085,0.1,1840.54,83.35,-4.158,32.8,38.52,13.41,1839.95,4336694.15,1781491.38
00:13:30.274,18/01/2026,07:44:23,17_T02,39.121408573,10.180381063,0.1,1840.07,83.31,-4.163,33.2,38.52,13.41,1839.72,4336694.15,1781491.37
00:13:31.270,18/01/2026,07:44:24,17_T02,39.121409365,10.180381569,0.1,1840.09,83.67,-4.087,33.4,38.52,13.41,1839.72,4336694.19,1781491.46
00:13:32.271,18/01/2026,07:44:25,17_T02,39.121409656,10.180381852,0.1,1840.66,84.12,-4.051,33.0,38.53,13.42,1839.16,4336694.21,1781491.49
00:13:33.279,18/01/2026,07:44:26,17_T02,39.121409196,10.180381328,0.1,1841.31,84.50,-4.113,32.5,38.53,13.42,1839.16,4336694.17,1781491.44
00:13:34.274,18/01/2026,07:44:27,17_T02,39.121410127,10.180380471,0.1,1841.45,84.52,-4.139,32.0,38.52,13.42,1840.31,4336694.09,1781491.54
00:13:35.273,18/01/2026,07:44:28,17_T02,39.121410993,10.180379940,0.1,1840.93,84.21,-4.143,32.3,38.52,13.42,1840.31,4336694.05,1781491.64
00:13:36.279,18/01/2026,07:44:29,17_T02,39.121410860,10.180379899,0.1,1840.14,84.24,-4.152,33.1,38.52,13.42,1840.04,4336694.04,1781491.62
00:13:37.274,18/01/2026,07:44:30,17_T02,39.121411005,10.180380673,0.1,1839.70,84.35,-4.084,33.7,38.52,13.42,1840.04,4336694.11,1781491.64
00:13:38.269,18/01/2026,07:44:31,17_T02,39.121410774,10.180381103,0.1,1839.98,84.73,-4.060,33.6,38.52,13.42,1838.80,4336694.15,1781491.61
00:13:39.274,18/01/2026,07:44:32,17_T02,39.121409685,10.180380565,0.1,1840.71,85.26,-4.152,33.1,38.52,13.42,1838.80,4336694.10,1781491.49
00:13:40.266,18/01/2026,07:44:33,17_T02,39.121409480,10.180379842,0.2,1841.37,85.66,-4.219,32.5,38.52,13.42,1839.78,4336694.04,1781491.47
00:13:41.279,18/01/2026,07:44:34,17_T02,39.121411110,10.180379293,0.2,1841.40,85.29,-4.189,32.0,38.52,13.42,1839.78,4336693.99,1781491.65
00:13:42.271,18/01/2026,07:44:35,17_T02,39.121411859,10.180379142,0.2,1840.82,84.95,-4.167,32.5,38.52,13.42,1840.43,4336693.98,1781491.73
00:13:43.276,18/01/2026,07:44:36,17_T02,39.121411636,10.180379285,0.2,1840.09,84.81,-4.166,33.1,38.52,13.42,1840.43,4336693.99,1781491.71
00:13:44.271,18/01/2026,07:44:37,17_T02,39.121411289,10.180379369,0.2,1839.77,84.67,-4.175,33.7,38.52,13.42,1839.15,4336694.00,1781491.67
00:13:45.266,18/01/2026,07:44:38,17_T02,39.121410707,10.180379327,0.1,1840.12,84.74,-4.204,33.5,38.52,13.42,1839.15,4336693.99,1781491.61
00:13:46.276,18/01/2026,07:44:39,17_T02,39.121410127,10.180378994,0.1,1840.79,84.74,-4.257,33.0,38.52,13.42,1839.28,4336693.97,1781491.54
00:13:47.273,18/01/2026,07:44:40,17_T02,39.121410617,10.180378337,0.1,1841.30,84.66,-4.287,32.4,38.52,13.42,1839.28,4336693.91,1781491.60
00:13:48.266,18/01/2026,07:44:41,17_T02,39.121412609,10.180377650,0.2,1841.25,83.75,-4.251,32.2,38.52,13.42,1840.37,4336693.85,1781491.82
00:13:49.280,18/01/2026,07:44:42,17_T02,39.121413028,10.180376258,0.2,1840.72,83.08,-4.343,32.6,38.52,13.42,1840.37,4336693.73,1781491.86
00:13:50.277,18/01/2026,07:44:43,17_T02,39.121412697,10.180375444,0.2,1840.10,82.71,-4.423,33.3,38.52,13.42,1839.66,4336693.66,1781491.83
00:13:51.272,18/01/2026,07:44:44,17_T02,39.121412546,10.180375590,0.2,1839.86,82.40,-4.418,33.6,38.52,13.42,1839.66,4336693.67,1781491.81
00:13:52.269,18/01/2026,07:44:45,17_T02,39.121412329,10.180375600,0.2,1840.20,82.28,-4.427,33.4,38.53,13.42,1838.97,4336693.67,1781491.78
00:13:53.267,18/01/2026,07:44:46,17_T02,39.121412092,10.180375323,0.2,1840.85,82.18,-4.460,33.0,38.53,13.42,1838.97,4336693.65,1781491.76
00:13:54.275,18/01/2026,07:44:47,17_T02,39.121413193,10.180374759,0.2,1841.32,81.94,-4.455,32.3,38.52,13.42,1840.07,4336693.60,1781491.88
00:13:55.272,18/01/2026,07:44:48,17_T02,39.121415287,10.180374257,0.2,1841.22,81.03,-4.400,32.1,38.52,13.42,1840.07,4336693.55,1781492.11
00:13:56.266,18/01/2026,07:44:49,17_T02,39.121416059,10.180374237,0.2,1840.65,80.50,-4.367,32.7,38.52,13.42,1840.11,4336693.55,1781492.20
00:13:57.277,18/01/2026,07:44:50,17_T02,39.121416223,10.180374472,0.2,1840.06,80.13,-4.341,33.3,38.52,13.42,1840.11,4336693.57,1781492.21
00:13:58.274,18/01/2026,07:44:51,17_T02,39.121416097,10.180374667,0.2,1839.91,80.03,-4.331,33.5,38.52,13.42,1839.01,4336693.59,1781492.20
00:13:59.267,18/01/2026,07:44:52,17_T02,39.121415940,10.180374794,0.2,1840.29,80.08,-4.328,33.4,38.52,13.42,1839.01,4336693.60,1781492.18
00:14:00.278,18/01/2026,07:44:53,17_T02,39.121416209,10.180375053,0.2,1840.89,80.14,-4.295,32.8,38.52,13.42,1839.57,4336693.62,1781492.21
00:14:01.277,18/01/2026,07:44:54,17_T02,39.121417234,10.180374855,0.1,1841.27,80.06,-4.265,32.3,38.52,13.42,1839.57,4336693.60,1781492.33
00:14:02.278,18/01/2026,07:44:55,17_T02,39.121418709,10.180374299,0.1,1841.14,79.26,-4.242,32.3,38.52,13.42,1840.30,4336693.55,1781492.49
00:14:03.271,18/01/2026,07:44:56,17_T02,39.121419437,10.180374198,0.1,1840.64,78.64,-4.218,32.7,38.52,13.42,1840.30,4336693.55,1781492.57
00:14:04.267,18/01/2026,07:44:57,17_T02,39.121419768,10.180374406,0.1,1840.17,78.09,-4.186,33.2,38.52,13.42,1839.46,4336693.56,1781492.61
00:14:05.278,18/01/2026,07:44:58,17_T02,39.121419887,10.180374616,0.1,1840.14,77.72,-4.164,33.5,38.52,13.42,1839.46,4336693.58,1781492.62
00:14:06.275,18/01/2026,07:44:59,17_T02,39.121420075,10.180374627,0.1,1840.54,77.38,-4.155,33.1,38.51,13.43,1839.36,4336693.58,1781492.64
00:14:07.272,18/01/2026,07:45:00,17_T02,39.121420548,10.180374346,0.1,1841.02,77.00,-4.156,32.6,38.51,13.43,1839.36,4336693.56,1781492.69
00:14:08.270,18/01/2026,07:45:01,17_T02,39.121421802,10.180373777,0.1,1841.14,76.30,-4.144,32.4,38.52,13.42,1840.15,4336693.51,1781492.83
00:14:09.267,18/01/2026,07:45:02,17_T02,39.121423155,10.180373325,0.1,1840.84,75.34,-4.119,32.6,38.52,13.42,1840.15,4336693.47,1781492.98
00:14:10.269,18/01/2026,07:45:03,17_T02,39.121423906,10.180373323,0.1,1840.43,74.61,-4.085,33.0,38.52,13.42,1839.63,4336693.47,1781493.06
00:14:11.278,18/01/2026,07:45:04,17_T02,39.121424401,10.180373507,0.1,1840.26,73.92,-4.049,33.3,38.52,13.42,1839.63,4336693.48,1781493.12
00:14:12.275,18/01/2026,07:45:05,17_T02,39.121425069,10.180374275,0.1,1840.43,73.35,-3.957,33.1,38.52,13.44,1839.37,4336693.55,1781493.19
00:14:13.272,18/01/2026,07:45:06,17_T02,39.121425978,10.180374769,0.1,1840.74,72.72,-3.877,32.9,38.52,13.44,1839.37,4336693.59,1781493.29
00:14:14.271,18/01/2026,07:45:07,17_T02,39.121426966,10.180374419,0.1,1840.92,72.04,-3.860,32.6,38.52,13.44,1839.37,4336693.56,1781493.40
00:14:15.268,18/01/2026,07:45:08,17_T02,39.121428237,10.180373931,0.1,1840.86,71.28,-3.842,32.6,38.52,13.43,1839.91,4336693.52,1781493.54
00:14:16.276,18/01/2026,07:45:09,17_T02,39.121429202,10.180373707,0.1,1840.67,70.63,-3.816,32.8,38.52,13.43,1839.91,4336693.50,1781493.65
00:14:17.269,18/01/2026,07:45:10,17_T02,39.121429904,10.180373723,0.1,1840.54,70.07,-3.783,33.0,38.52,13.43,1839.79,4336693.50,1781493.72
00:14:18.281,18/01/2026,07:45:11,17_T02,39.121430251,10.180374527,0.1,1840.62,69.59,-3.704,33.0,38.52,13.43,1839.79,4336693.57,1781493.76
00:14:19.276,18/01/2026,07:45:12,17_T02,39.121430820,10.180375020,0.1,1840.86,69.07,-3.639,32.8,38.52,13.43,1839.62,4336693.61,1781493.82
00:14:20.271,18/01/2026,07:45:13,17_T02,39.121431830,10.180374749,0.1,1840.96,68.44,-3.615,32.6,38.52,13.43,1839.62,4336693.59,1781493.94
00:14:21.280,18/01/2026,07:45:14,17_T02,39.121433078,10.180374276,0.1,1840.77,67.69,-3.596,32.8,38.52,13.43,1839.98,4336693.55,1781494.07
00:14:22.276,18/01/2026,07:45:15,17_T02,39.121434032,10.180374055,0.1,1840.44,67.11,-3.571,33.0,38.52,13.43,1839.98,4336693.53,1781494.18
00:14:23.266,18/01/2026,07:45:16,17_T02,39.121434416,10.180373432,0.1,1840.32,66.64,-3.603,33.2,38.52,13.43,1839.54,4336693.48,1781494.22
00:14:24.268,18/01/2026,07:45:17,17_T02,39.121434716,10.180372913,0.1,1840.55,66.28,-3.630,33.1,38.52,13.43,1839.54,4336693.43,1781494.25
00:14:25.272,18/01/2026,07:45:18,17_T02,39.121435482,10.180372816,0.1,1840.92,65.81,-3.604,32.8,38.52,13.43,1839.51,4336693.42,1781494.34
00:14:26.269,18/01/2026,07:45:19,17_T02,39.121436534,10.180372449,0.1,1841.04,65.29,-3.585,32.5,38.52,13.43,1839.51,4336693.39,1781494.46
00:14:27.279,18/01/2026,07:45:20,17_T02,39.121437804,10.180372000,0.1,1840.81,64.65,-3.564,32.7,38.52,13.43,1840.06,4336693.35,1781494.60
00:14:28.269,18/01/2026,07:45:21,17_T02,39.121438634,10.180371958,0.1,1840.52,64.22,-3.530,33.0,38.52,13.43,1840.06,4336693.35,1781494.69
00:14:29.277,18/01/2026,07:45:22,17_T02,39.121439143,10.180372104,0.1,1840.48,63.98,-3.495,33.1,38.52,13.43,1839.58,4336693.36,1781494.74
00:14:30.267,18/01/2026,07:45:23,17_T02,39.121439717,10.180372164,0.1,1840.68,63.74,-3.464,32.9,38.52,13.43,1839.58,4336693.36,1781494.81
00:14:31.275,18/01/2026,07:45:24,17_T02,39.121440576,10.180372027,0.1,1840.85,63.35,-3.436,32.8,38.52,13.43,1839.67,4336693.35,1781494.90
00:14:32.280,18/01/2026,07:45:25,17_T02,39.121441725,10.180371630,0.1,1840.80,62.81,-3.416,32.7,38.52,13.43,1839.67,4336693.32,1781495.03
00:14:33.273,18/01/2026,07:45:26,17_T02,39.121442709,10.180371359,0.1,1840.68,62.33,-3.393,32.9,38.52,13.43,1839.82,4336693.29,1781495.14
00:14:34.270,18/01/2026,07:45:27,17_T02,39.121443395,10.180371365,0.1,1840.70,62.03,-3.362,33.0,38.52,13.43,1839.82,4336693.29,1781495.21
00:14:35.267,18/01/2026,07:45:28,17_T02,39.121443925,10.180371239,0.1,1840.85,61.80,-3.348,32.8,38.52,13.43,1839.72,4336693.28,1781495.27
00:14:36.285,18/01/2026,07:45:29,17_T02,39.121444597,10.180371067,0.1,1840.88,61.50,-3.331,32.7,38.52,13.43,1839.72,4336693.27,1781495.34
00:14:37.275,18/01/2026,07:45:30,17_T02,39.121445589,10.180370864,0.1,1840.68,61.10,-3.303,32.8,38.52,13.43,1839.88,4336693.25,1781495.45
00:14:38.272,18/01/2026,07:45:31,17_T02,39.121446478,10.180370713,0.1,1840.45,60.76,-3.275,33.1,38.52,13.43,1839.88,4336693.24,1781495.55
00:14:39.267,18/01/2026,07:45:32,17_T02,39.121447000,10.180370786,0.1,1840.47,60.62,-3.245,33.2,38.52,13.43,1839.47,4336693.24,1781495.61
00:14:40.279,18/01/2026,07:45:33,17_T02,39.121447559,10.180370848,0.1,1840.76,60.44,-3.215,32.9,38.52,13.43,1839.47,4336693.25,1781495.67
00:14:41.275,18/01/2026,07:45:34,17_T02,39.121447815,10.180370325,0.1,1841.05,60.20,-3.245,32.6,38.52,13.43,1839.83,4336693.20,1781495.70
00:14:42.271,18/01/2026,07:45:35,17_T02,39.121448358,10.180369722,0.1,1841.06,59.87,-3.268,32.5,38.52,13.43,1839.83,4336693.15,1781495.76
00:14:43.267,18/01/2026,07:45:36,17_T02,39.121449266,10.180369482,0.1,1840.81,59.51,-3.247,32.7,38.52,13.43,1840.04,4336693.13,1781495.86
00:14:44.275,18/01/2026,07:45:37,17_T02,39.121449903,10.180369531,0.1,1840.54,59.31,-3.214,33.0,38.52,13.43,1840.04,4336693.13,1781495.93
00:14:45.268,18/01/2026,07:45:38,17_T02,39.121450422,10.180369786,0.1,1840.45,59.22,-3.170,33.1,38.52,13.43,1839.51,4336693.15,1781495.99
00:14:46.280,18/01/2026,07:45:39,17_T02,39.121451087,10.180370576,0.1,1840.58,59.19,-3.078,33.1,38.52,13.43,1839.51,4336693.22,1781496.06
00:14:47.275,18/01/2026,07:45:40,17_T02,39.121451895,10.180370964,0.1,1840.77,59.01,-3.010,32.8,38.52,13.44,1839.64,4336693.26,1781496.15
00:14:48.272,18/01/2026,07:45:41,17_T02,39.121452736,10.180370676,0.1,1840.84,58.70,-2.995,32.8,38.52,13.44,1839.64,4336693.23,1781496.24
00:14:49.270,18/01/2026,07:45:42,17_T02,39.121453667,10.180370324,0.1,1840.80,58.31,-2.981,32.8,38.52,13.43,1839.85,4336693.20,1781496.35
00:14:50.279,18/01/2026,07:45:43,17_T02,39.121454364,10.180370238,0.1,1840.77,58.02,-2.957,32.9,38.52,13.43,1839.85,4336693.19,1781496.42
00:14:51.275,18/01/2026,07:45:44,17_T02,39.121454910,10.180370343,0.1,1840.83,57.81,-2.924,32.9,38.52,13.44,1839.79,4336693.20,1781496.48
00:14:52.276,18/01/2026,07:45:45,17_T02,39.121455188,10.180369979,0.1,1840.88,57.59,-2.940,32.8,38.52,13.44,1839.79,4336693.17,1781496.51
00:14:53.267,18/01/2026,07:45:46,17_T02,39.121455742,10.180369455,0.1,1840.76,57.28,-2.957,32.9,38.52,13.43,1839.86,4336693.12,1781496.57
00:14:54.280,18/01/2026,07:45:47,17_T02,39.121456563,10.180369225,0.1,1840.54,56.96,-2.938,33.0,38.52,13.43,1839.86,4336693.10,1781496.66
00:14:55.279,18/01/2026,07:45:48,17_T02,39.121457080,10.180369225,0.1,1840.48,56.83,-2.915,33.1,38.52,13.43,1839.48,4336693.10,1781496.72
00:14:56.278,18/01/2026,07:45:49,17_T02,39.121457440,10.180369321,0.1,1840.75,56.79,-2.891,33.0,38.52,13.43,1839.48,4336693.11,1781496.76
00:14:57.272,18/01/2026,07:45:50,17_T02,39.121457891,10.180369299,0.1,1841.15,56.71,-2.872,32.6,38.52,13.42,1839.90,4336693.11,1781496.81
00:14:58.272,18/01/2026,07:45:51,17_T02,39.121458571,10.180369019,0.1,1841.23,56.54,-2.864,32.4,38.52,13.42,1839.90,4336693.09,1781496.89
00:14:59.270,18/01/2026,07:45:52,17_T02,39.121459333,10.180368705,0.1,1840.83,56.33,-2.854,32.7,38.52,13.42,1840.09,4336693.06,1781496.97
00:15:00.265,18/01/2026,07:45:53,17_T02,39.121459816,10.180368814,0.1,1840.29,56.39,-2.824,33.1,38.52,13.42,1840.09,4336693.07,1781497.02
00:15:01.294,18/01/2026,07:45:54,17_T02,39.121459966,10.180369249,0.1,1840.15,56.59,-2.782,33.5,38.52,13.43,1839.15,4336693.11,1781497.04
00:15:02.289,18/01/2026,07:45:55,17_T02,39.121460038,10.180369573,0.1,1840.57,56.80,-2.753,33.3,38.52,13.43,1839.15,4336693.13,1781497.05
00:15:03.272,18/01/2026,07:45:56,17_T02,39.121460103,10.180369617,0.1,1841.18,56.99,-2.747,32.7,38.51,13.43,1839.88,4336693.14,1781497.06
00:15:04.268,18/01/2026,07:45:57,17_T02,39.121461592,10.180369752,0.1,1841.40,56.99,-2.669,32.3,38.51,13.43,1839.88,4336693.15,1781497.22
00:15:05.281,18/01/2026,07:45:58,17_T02,39.121463181,10.180369857,0.1,1841.02,56.76,-2.589,32.5,38.52,13.42,1840.21,4336693.16,1781497.39
00:15:06.280,18/01/2026,07:45:59,17_T02,39.121463584,10.180370140,0.1,1840.46,56.79,-2.548,33.1,38.52,13.42,1840.21,4336693.18,1781497.44
00:15:07.273,18/01/2026,07:46:00,17_T02,39.121463563,10.180370735,0.1,1840.30,57.12,-2.502,33.3,38.52,13.43,1839.28,4336693.23,1781497.44
00:15:08.272,18/01/2026,07:46:01,17_T02,39.121463511,10.180371210,0.1,1840.68,57.47,-2.467,33.2,38.52,13.43,1839.28,4336693.28,1781497.43
00:15:09.268,18/01/2026,07:46:02,17_T02,39.121463663,10.180371295,0.1,1841.14,57.69,-2.453,32.7,38.52,13.43,1839.28,4336693.28,1781497.45
00:15:10.279,18/01/2026,07:46:03,17_T02,39.121464279,10.180368858,0.1,1841.09,57.63,-2.619,32.5,38.51,13.43,1839.95,4336693.07,1781497.52
00:15:11.271,18/01/2026,07:46:04,17_T02,39.121464891,10.180366823,0.2,1840.63,57.48,-2.753,32.9,38.51,13.43,1839.95,4336692.89,1781497.58
00:15:12.266,18/01/2026,07:46:05,17_T02,39.121465111,10.180367236,0.2,1840.30,57.57,-2.710,33.3,38.53,13.43,1839.78,4336692.93,1781497.61
00:15:13.271,18/01/2026,07:46:06,17_T02,39.121465078,10.180367714,0.2,1840.47,57.87,-2.674,33.3,38.53,13.43,1839.78,4336692.97,1781497.60
00:15:14.269,18/01/2026,07:46:07,17_T02,39.121465099,10.180368036,0.1,1840.95,58.05,-2.647,32.8,38.52,13.44,1839.38,4336693.00,1781497.61
00:15:15.276,18/01/2026,07:46:08,17_T02,39.121464794,10.180367434,0.1,1841.23,58.08,-2.709,32.5,38.52,13.44,1839.38,4336692.95,1781497.57
00:15:16.268,18/01/2026,07:46:09,17_T02,39.121465015,10.180366647,0.1,1841.02,57.78,-2.761,32.6,38.52,13.43,1840.16,4336692.88,1781497.60
00:15:17.280,18/01/2026,07:46:10,17_T02,39.121465461,10.180366700,0.1,1840.59,57.67,-2.737,33.0,38.52,13.43,1840.16,4336692.88,1781497.65
00:15:18.273,18/01/2026,07:46:11,17_T02,39.121465607,10.180367153,0.1,1840.39,57.74,-2.694,33.2,38.52,13.43,1839.66,4336692.92,1781497.66
00:15:19.269,18/01/2026,07:46:12,17_T02,39.121465601,10.180367621,0.1,1840.62,57.91,-2.658,33.2,38.52,13.43,1839.66,4336692.96,1781497.66
00:15:20.279,18/01/2026,07:46:13,17_T02,39.121465760,10.180367827,0.1,1841.05,57.92,-2.634,32.8,38.52,13.43,1839.56,4336692.98,1781497.68
00:15:21.276,18/01/2026,07:46:14,17_T02,39.121466212,10.180367658,0.1,1841.21,57.80,-2.627,32.5,38.52,13.43,1839.56,4336692.97,1781497.73
00:15:22.270,18/01/2026,07:46:15,17_T02,39.121466940,10.180367335,0.1,1840.91,57.46,-2.620,32.7,38.52,13.42,1840.16,4336692.94,1781497.81
00:15:23.297,18/01/2026,07:46:16,17_T02,39.121467317,10.180367499,0.1,1840.41,57.39,-2.590,33.2,38.52,13.42,1840.16,4336692.95,1781497.85
00:15:24.275,18/01/2026,07:46:17,17_T02,39.121467415,10.180367948,0.1,1840.16,57.50,-2.550,33.5,38.52,13.43,1839.45,4336692.99,1781497.86
00:15:25.270,18/01/2026,07:46:18,17_T02,39.121467354,10.180368414,0.1,1840.41,57.72,-2.516,33.4,38.52,13.43,1839.45,4336693.03,1781497.85
00:15:26.279,18/01/2026,07:46:19,17_T02,39.121467251,10.180368683,0.1,1840.97,57.83,-2.499,32.9,38.52,13.43,1839.39,4336693.05,1781497.84
00:15:27.272,18/01/2026,07:46:20,17_T02,39.121468012,10.180367029,0.1,1841.38,57.78,-2.596,32.4,38.52,13.43,1839.39,4336692.91,1781497.93
00:15:28.280,18/01/2026,07:46:21,17_T02,39.121469222,10.180365261,0.1,1841.30,57.37,-2.682,32.3,38.52,13.42,1840.33,4336692.76,1781498.06
00:15:29.277,18/01/2026,07:46:22,17_T02,39.121469642,10.180365258,0.1,1840.84,57.21,-2.663,32.7,38.52,13.42,1840.33,4336692.76,1781498.11
00:15:30.277,18/01/2026,07:46:23,17_T02,39.121469854,10.180365695,0.1,1840.36,57.20,-2.619,33.2,38.52,13.43,1839.81,4336692.79,1781498.13
00:15:31.271,18/01/2026,07:46:24,17_T02,39.121469747,10.180366344,0.1,1840.22,57.43,-2.572,33.5,38.52,13.43,1839.81,4336692.85,1781498.12
00:15:32.281,18/01/2026,07:46:25,17_T02,39.121469627,10.180366930,0.1,1840.53,57.80,-2.531,33.4,38.54,13.44,1839.19,4336692.90,1781498.11
00:15:33.271,18/01/2026,07:46:26,17_T02,39.121470208,10.180367983,0.1,1841.03,57.98,-2.421,32.9,38.54,13.44,1839.19,4336692.99,1781498.17
00:15:34.281,18/01/2026,07:46:27,17_T02,39.121471076,10.180368261,0.1,1841.37,57.91,-2.360,32.4,38.51,13.43,1840.01,4336693.02,1781498.27
00:15:35.276,18/01/2026,07:46:28,17_T02,39.121471888,10.180367569,0.2,1841.27,57.56,-2.378,32.3,38.51,13.43,1840.01,4336692.96,1781498.36
00:15:36.270,18/01/2026,07:46:29,17_T02,39.121472234,10.180367630,0.2,1840.81,57.44,-2.358,32.8,38.52,13.42,1840.18,4336692.96,1781498.39
00:15:37.266,18/01/2026,07:46:30,17_T02,39.121472382,10.180368141,0.1,1840.31,57.48,-2.310,33.3,38.52,13.42,1840.18,4336693.01,1781498.41
00:15:38.278,18/01/2026,07:46:31,17_T02,39.121472294,10.180368845,0.1,1840.17,57.69,-2.258,33.5,38.52,13.43,1839.23,4336693.07,1781498.40
00:15:39.276,18/01/2026,07:46:32,17_T02,39.121472209,10.180368260,0.1,1840.52,57.93,-2.309,33.4,38.52,13.43,1839.23,4336693.02,1781498.39
00:15:40.276,18/01/2026,07:46:33,17_T02,39.121472126,10.180367449,0.1,1841.09,58.09,-2.377,33.0,38.52,13.44,1839.57,4336692.95,1781498.38
00:15:41.275,18/01/2026,07:46:34,17_T02,39.121472496,10.180366959,0.1,1841.46,58.02,-2.399,32.3,38.52,13.44,1839.57,4336692.90,1781498.42
00:15:42.298,18/01/2026,07:46:35,17_T02,39.121473316,10.180366197,0.1,1841.33,57.58,-2.423,32.3,38.52,13.42,1840.40,4336692.84,1781498.51
00:15:43.278,18/01/2026,07:46:36,17_T02,39.121473704,10.180366199,0.1,1840.80,57.34,-2.405,32.8,38.52,13.42,1840.40,4336692.84,1781498.56
00:15:44.279,18/01/2026,07:46:37,17_T02,39.121473865,10.180365547,0.1,1840.24,57.31,-2.449,33.4,38.52,13.43,1839.62,4336692.78,1781498.57
00:15:45.274,18/01/2026,07:46:38,17_T02,39.121473749,10.180365182,0.1,1840.05,57.53,-2.484,33.7,38.52,13.43,1839.62,4336692.75,1781498.56
00:15:46.271,18/01/2026,07:46:39,17_T02,39.121473556,10.180365919,0.1,1840.38,57.86,-2.434,33.4,38.52,13.43,1839.06,4336692.81,1781498.54
00:15:47.265,18/01/2026,07:46:40,17_T02,39.121473197,10.180366418,0.1,1840.96,58.13,-2.410,33.1,38.52,13.43,1839.06,4336692.86,1781498.50
00:15:48.280,18/01/2026,07:46:41,17_T02,39.121473371,10.180365848,0.1,1841.44,58.04,-2.448,32.4,38.51,13.43,1840.09,4336692.81,1781498.52
00:15:49.278,18/01/2026,07:46:42,17_T02,39.121474349,10.180364569,0.1,1841.38,57.34,-2.505,32.2,38.51,13.43,1840.09,4336692.70,1781498.63
00:15:50.277,18/01/2026,07:46:43,17_T02,39.121475220,10.180365172,0.1,1840.85,57.10,-2.418,32.7,38.52,13.42,1840.16,4336692.75,1781498.72
00:15:51.277,18/01/2026,07:46:44,17_T02,39.121475738,10.180366566,0.1,1840.24,57.23,-2.284,33.3,38.52,13.42,1840.16,4336692.87,1781498.78
00:15:52.296,18/01/2026,07:46:45,17_T02,39.121475598,10.180367484,0.1,1840.00,57.54,-2.218,33.7,38.52,13.43,1839.04,4336692.95,1781498.76
00:15:53.267,18/01/2026,07:46:46,17_T02,39.121475397,10.180368624,0.1,1840.35,57.85,-2.136,33.6,38.52,13.43,1839.04,4336693.05,1781498.74
00:15:54.275,18/01/2026,07:46:47,17_T02,39.121475018,10.180369544,0.2,1840.99,57.98,-2.080,33.3,38.52,13.44,1839.56,4336693.13,1781498.70
00:15:55.272,18/01/2026,07:46:48,17_T02,39.121474835,10.180369448,0.2,1841.49,58.30,-2.096,32.6,38.52,13.44,1839.56,4336693.12,1781498.68
00:15:56.272,18/01/2026,07:46:49,17_T02,39.121475504,10.180367276,0.2,1841.44,58.60,-2.238,32.2,38.52,13.42,1840.44,4336692.93,1781498.75
00:15:57.267,18/01/2026,07:46:50,17_T02,39.121476141,10.180365924,0.2,1840.92,58.57,-2.317,32.5,38.52,13.42,1840.44,4336692.81,1781498.82
00:15:58.279,18/01/2026,07:46:51,17_T02,39.121476308,10.180366648,0.2,1840.29,58.64,-2.252,33.3,38.52,13.43,1839.56,4336692.88,1781498.84
00:15:59.271,18/01/2026,07:46:52,17_T02,39.121476241,10.180367662,0.2,1839.99,58.76,-2.174,33.7,38.52,13.43,1839.56,4336692.96,1781498.84
00:16:00.266,18/01/2026,07:46:53,17_T02,39.121476146,10.180368922,0.2,1840.34,58.90,-2.079,33.6,38.53,13.43,1839.06,4336693.07,1781498.83
00:16:01.264,18/01/2026,07:46:54,17_T02,39.121475735,10.180370038,0.2,1841.08,58.85,-2.009,33.2,38.53,13.43,1839.06,4336693.17,1781498.78
00:16:02.274,18/01/2026,07:46:55,17_T02,39.121476016,10.180369204,0.2,1841.81,58.49,-2.062,32.4,38.52,13.43,1840.44,4336693.10,1781498.81
00:16:03.276,18/01/2026,07:46:56,17_T02,39.121476916,10.180366954,0.2,1842.11,58.01,-2.200,31.7,38.52,13.43,1840.44,4336692.90,1781498.91
00:16:04.269,18/01/2026,07:46:57,17_T02,39.121477538,10.180365458,0.2,1842.08,57.56,-2.291,31.7,38.52,13.42,1841.07,4336692.77,1781498.98
00:16:05.279,18/01/2026,07:46:58,17_T02,39.121478137,10.180366159,0.2,1842.02,57.56,-2.208,31.9,38.52,13.42,1841.07,4336692.83,1781499.04
00:16:06.273,18/01/2026,07:46:59,17_T02,39.121479168,10.180368464,0.2,1842.06,58.00,-1.979,31.7,38.52,13.42,1841.07,4336693.03,1781499.16
00:16:07.272,18/01/2026,07:47:00,17_T02,39.121480320,10.180371174,0.3,1842.25,58.91,-1.711,31.6,38.52,13.42,1840.98,4336693.27,1781499.29
00:16:08.267,18/01/2026,07:47:01,17_T02,39.121482171,10.180374548,0.3,1842.51,59.43,-1.360,31.4,38.52,13.42,1840.98,4336693.56,1781499.49
00:16:09.275,18/01/2026,07:47:02,17_T02,39.121484072,10.180377971,0.4,1842.82,59.49,-1.002,31.1,38.52,13.45,1841.39,4336693.86,1781499.70
00:16:10.272,18/01/2026,07:47:03,17_T02,39.121485771,10.180381356,0.5,1843.00,59.53,-0.657,30.9,38.52,13.45,1841.39,4336694.15,1781499.89
00:16:11.269,18/01/2026,07:47:04,17_T02,39.121487150,10.180384766,0.6,1842.94,59.82,-0.324,31.1,38.52,13.44,1841.93,4336694.45,1781500.04
00:16:12.266,18/01/2026,07:47:05,17_T02,39.121488531,10.180388411,0.7,1842.84,60.04,0.028,31.1,38.52,13.44,1841.93,4336694.77,1781500.20
00:16:13.277,18/01/2026,07:47:06,17_T02,39.121490422,10.180391595,0.7,1842.88,59.83,0.366,30.9,38.52,13.42,1841.82,4336695.04,1781500.41
00:16:14.274,18/01/2026,07:47:07,17_T02,39.121492669,10.180395003,0.7,1843.07,59.20,0.738,30.8,38.52,13.42,1841.82,4336695.34,1781500.65
00:16:15.268,18/01/2026,07:47:08,17_T02,39.121494834,10.180398855,0.7,1843.30,58.74,1.141,30.6,38.52,13.42,1841.98,4336695.67,1781500.89
00:16:16.278,18/01/2026,07:47:09,17_T02,39.121495973,10.180400765,0.6,1843.38,58.48,1.344,30.9,38.52,13.42,1841.98,4336695.84,1781501.02
00:16:17.273,18/01/2026,07:47:10,17_T02,39.121496417,10.180401287,0.6,1843.33,58.23,1.406,31.2,38.52,13.42,1842.35,4336695.88,1781501.07
00:16:18.272,18/01/2026,07:47:11,17_T02,39.121496665,10.180401843,0.6,1843.08,58.31,1.461,31.1,38.52,13.42,1842.35,4336695.93,1781501.10
00:16:19.269,18/01/2026,07:47:12,17_T02,39.121498369,10.180402522,0.5,1842.79,57.74,1.592,31.1,38.52,13.41,1842.09,4336695.99,1781501.28
00:16:20.270,18/01/2026,07:47:13,17_T02,39.121500019,10.180404495,0.5,1842.62,57.98,1.823,31.2,38.52,13.41,1842.09,4336696.16,1781501.47
00:16:21.266,18/01/2026,07:47:14,17_T02,39.121501375,10.180407453,0.4,1842.67,58.28,2.119,31.3,38.52,13.41,1841.56,4336696.42,1781501.62
00:16:22.276,18/01/2026,07:47:15,17_T02,39.121503384,10.180411049,0.4,1842.91,58.09,2.495,31.1,38.52,13.41,1841.56,4336696.73,1781501.84
00:16:23.274,18/01/2026,07:47:16,17_T02,39.121505768,10.180415335,0.5,1843.09,58.34,2.943,30.7,38.53,13.42,1841.81,4336697.10,1781502.10
00:16:24.270,18/01/2026,07:47:17,17_T02,39.121507916,10.180419315,0.6,1843.17,58.62,3.356,30.9,38.53,13.42,1841.81,4336697.45,1781502.34
00:16:25.267,18/01/2026,07:47:18,17_T02,39.121510089,10.180423325,0.7,1843.16,58.89,3.773,30.8,38.52,13.42,1842.12,4336697.80,1781502.58
00:16:26.274,18/01/2026,07:47:19,17_T02,39.121512235,10.180427555,0.8,1843.11,59.23,4.205,30.7,38.52,13.42,1842.12,4336698.17,1781502.82
00:16:27.271,18/01/2026,07:47:20,17_T02,39.121514689,10.180432494,0.8,1843.11,59.55,4.724,30.7,38.52,13.42,1842.05,4336698.60,1781503.09
00:16:28.272,18/01/2026,07:47:21,17_T02,39.121517221,10.180437623,0.9,1843.14,60.03,5.230,30.8,38.52,13.42,1842.05,4336699.04,1781503.37
00:16:29.266,18/01/2026,07:47:22,17_T02,39.121519378,10.180441652,0.9,1843.02,60.31,5.647,30.9,38.53,13.43,1842.07,4336699.39,1781503.61
00:16:30.279,18/01/2026,07:47:23,17_T02,39.121521345,10.180445528,0.9,1842.74,60.40,6.044,31.0,38.53,13.43,1842.07,4336699.73,1781503.83
00:16:31.277,18/01/2026,07:47:24,17_T02,39.121521776,10.180449030,0.8,1842.38,60.53,6.341,31.3,38.52,13.42,1841.66,4336700.03,1781503.88
00:16:32.273,18/01/2026,07:47:25,17_T02,39.121522642,10.180452385,0.7,1842.04,60.38,6.647,31.6,38.52,13.42,1841.66,4336700.32,1781503.97
00:16:33.275,18/01/2026,07:47:26,17_T02,39.121524941,10.180455900,0.7,1841.81,59.90,7.030,32.1,38.52,13.42,1840.97,4336700.63,1781504.23
00:16:34.279,18/01/2026,07:47:27,17_T02,39.121527441,10.180459336,0.7,1841.73,58.71,7.415,32.2,38.52,13.42,1840.97,4336700.93,1781504.50
00:16:35.273,18/01/2026,07:47:28,17_T02,39.121530054,10.180463406,0.7,1841.71,57.83,7.856,32.2,38.52,13.41,1840.69,4336701.28,1781504.79
00:16:36.267,18/01/2026,07:47:29,17_T02,39.121532285,10.180466846,0.7,1841.74,57.13,8.230,32.0,38.52,13.41,1840.69,4336701.58,1781505.04
00:16:37.278,18/01/2026,07:47:30,17_T02,39.121533417,10.180469465,0.7,1841.67,56.64,8.489,31.7,38.52,13.42,1840.70,4336701.81,1781505.17
00:16:38.275,18/01/2026,07:47:31,17_T02,39.121534118,10.180471660,0.7,1841.49,56.52,8.695,31.6,38.52,13.42,1840.70,4336702.00,1781505.24
00:16:39.273,18/01/2026,07:47:32,17_T02,39.121535144,10.180473319,0.6,1841.34,56.21,8.873,31.8,38.52,13.41,1840.41,4336702.14,1781505.36
00:16:40.271,18/01/2026,07:47:33,17_T02,39.121536170,10.180473934,0.4,1841.27,55.51,8.968,32.1,38.52,13.41,1840.41,4336702.20,1781505.47
00:16:41.276,18/01/2026,07:47:34,17_T02,39.121537164,10.180474687,0.3,1841.24,55.06,9.073,32.7,38.52,13.41,1840.20,4336702.26,1781505.58
00:16:42.270,18/01/2026,07:47:35,17_T02,39.121538316,10.180476343,0.3,1841.29,54.96,9.256,32.6,38.52,13.41,1840.20,4336702.40,1781505.71
00:16:43.268,18/01/2026,07:47:36,17_T02,39.121540237,10.180479653,0.3,1841.39,54.38,9.606,32.2,38.52,13.41,1840.29,4336702.69,1781505.92
00:16:44.265,18/01/2026,07:47:37,17_T02,39.121542863,10.180481468,0.3,1841.45,52.53,9.868,31.7,38.52,13.41,1840.29,4336702.85,1781506.21
00:16:45.271,18/01/2026,07:47:38,17_T02,39.121546014,10.180480692,0.3,1841.45,49.79,9.949,31.6,38.52,13.41,1840.39,4336702.78,1781506.56
00:16:46.279,18/01/2026,07:47:39,17_T02,39.121549099,10.180479019,0.4,1841.41,47.14,9.955,31.7,38.52,13.41,1840.39,4336702.64,1781506.90
00:16:47.275,18/01/2026,07:47:40,17_T02,39.121551413,10.180477439,0.4,1841.36,45.70,9.934,31.8,38.52,13.42,1840.34,4336702.50,1781507.15
00:16:48.269,18/01/2026,07:47:41,17_T02,39.121553047,10.180476130,0.4,1841.32,45.51,9.904,32.0,38.52,13.42,1840.34,4336702.38,1781507.33
00:16:49.271,18/01/2026,07:47:42,17_T02,39.121553687,10.180475690,0.4,1841.29,47.21,9.898,32.0,38.52,13.42,1840.27,4336702.34,1781507.40
00:16:50.269,18/01/2026,07:47:43,17_T02,39.121553435,10.180476146,0.4,1841.27,50.12,9.923,32.1,38.52,13.42,1840.27,4336702.38,1781507.38
00:16:51.264,18/01/2026,07:47:44,17_T02,39.121553892,10.180475841,0.4,1841.25,50.67,9.919,32.2,38.52,13.42,1840.24,4336702.36,1781507.43
00:16:52.275,18/01/2026,07:47:45,17_T02,39.121554825,10.180475153,0.3,1841.23,49.88,9.906,32.2,38.52,13.42,1840.24,4336702.30,1781507.53
00:16:53.269,18/01/2026,07:47:46,17_T02,39.121556056,10.180474182,0.3,1841.20,48.06,9.885,32.1,38.52,13.42,1840.18,4336702.21,1781507.66
00:16:54.276,18/01/2026,07:47:47,17_T02,39.121556003,10.180473790,0.3,1841.13,45.93,9.851,32.1,38.52,13.42,1840.18,4336702.18,1781507.66
00:16:55.274,18/01/2026,07:47:48,17_T02,39.121555708,10.180473619,0.2,1841.05,44.61,9.824,32.3,38.52,13.42,1840.06,4336702.16,1781507.63
00:16:56.271,18/01/2026,07:47:49,17_T02,39.121555979,10.180473564,0.2,1840.97,44.30,9.832,32.4,38.52,13.42,1840.06,4336702.16,1781507.66
00:16:57.266,18/01/2026,07:47:50,17_T02,39.121556229,10.180473548,0.2,1840.94,44.02,9.842,32.6,38.52,13.41,1839.90,4336702.16,1781507.68
00:16:58.268,18/01/2026,07:47:51,17_T02,39.121557983,10.180472159,0.2,1840.96,41.69,9.811,32.3,38.52,13.41,1839.90,4336702.04,1781507.88
00:16:59.275,18/01/2026,07:47:52,17_T02,39.121560724,10.180469371,0.1,1841.02,37.81,9.713,32.2,38.52,13.41,1839.93,4336701.79,1781508.18
00:17:00.271,18/01/2026,07:47:53,17_T02,39.121564881,10.180467059,0.1,1841.09,33.30,9.717,32.2,38.52,13.41,1839.93,4336701.59,1781508.64
00:17:01.271,18/01/2026,07:47:54,17_T02,39.121567925,10.180465909,0.2,1841.15,31.21,9.763,32.3,38.52,13.41,1840.10,4336701.49,1781508.97
00:17:02.266,18/01/2026,07:47:55,17_T02,39.121569150,10.180464666,0.2,1841.18,30.58,9.720,32.3,38.52,13.41,1840.10,4336701.38,1781509.11
00:17:03.289,18/01/2026,07:47:56,17_T02,39.121570548,10.180461771,0.2,1841.22,29.09,9.553,32.1,38.52,13.41,1840.10,4336701.13,1781509.26
00:17:04.269,18/01/2026,07:47:57,17_T02,39.121572316,10.180457371,0.3,1841.24,26.11,9.283,32.0,38.52,13.42,1840.17,4336700.75,1781509.46
00:17:05.265,18/01/2026,07:47:58,17_T02,39.121574260,10.180451990,0.3,1841.24,22.85,8.944,32.1,38.52,13.42,1840.17,4336700.28,1781509.67
00:17:06.279,18/01/2026,07:47:59,17_T02,39.121577046,10.180448208,0.3,1841.24,20.11,8.769,32.2,38.52,13.43,1840.18,4336699.95,1781509.98
00:17:07.278,18/01/2026,07:48:00,17_T02,39.121578991,10.180444903,0.4,1841.23,18.59,8.594,32.2,38.52,13.43,1840.18,4336699.66,1781510.19
00:17:08.265,18/01/2026,07:48:01,17_T02,39.121579855,10.180440136,0.5,1841.23,17.27,8.255,32.2,38.52,13.42,1840.19,4336699.24,1781510.28
00:17:09.277,18/01/2026,07:48:02,17_T02,39.121580634,10.180434823,0.5,1841.23,16.00,7.856,32.2,38.52,13.42,1840.19,4336698.78,1781510.37
00:17:10.271,18/01/2026,07:48:03,17_T02,39.121581232,10.180429258,0.6,1841.21,15.26,7.453,32.3,38.52,13.42,1840.15,4336698.30,1781510.43
00:17:11.270,18/01/2026,07:48:04,17_T02,39.121581563,10.180423919,0.7,1841.19,15.02,7.044,32.3,38.52,13.42,1840.15,4336697.83,1781510.47
00:17:12.268,18/01/2026,07:48:05,17_T02,39.121582145,10.180418098,0.7,1841.18,15.12,6.608,32.4,38.52,13.42,1840.14,4336697.33,1781510.53
00:17:13.277,18/01/2026,07:48:06,17_T02,39.121582556,10.180412551,0.8,1841.16,15.38,6.186,32.5,38.52,13.42,1840.14,4336696.84,1781510.58
00:17:14.271,18/01/2026,07:48:07,17_T02,39.121582992,10.180406021,0.8,1841.18,13.25,5.687,32.4,38.52,13.42,1840.10,4336696.28,1781510.62
00:17:15.268,18/01/2026,07:48:08,17_T02,39.121583314,10.180399290,0.8,1841.30,10.29,5.167,32.4,38.52,13.42,1840.10,4336695.69,1781510.66
00:17:16.277,18/01/2026,07:48:09,17_T02,39.121583676,10.180392588,0.8,1841.43,7.19,4.651,32.4,38.52,13.42,1840.24,4336695.11,1781510.70
00:17:17.275,18/01/2026,07:48:10,17_T02,39.121584286,10.180385233,0.7,1841.51,3.69,4.095,32.3,38.52,13.42,1840.24,4336694.47,1781510.76
00:17:18.273,18/01/2026,07:48:11,17_T02,39.121584686,10.180377471,0.7,1841.55,359.36,3.496,32.4,38.52,13.41,1840.47,4336693.79,1781510.80
00:17:19.274,18/01/2026,07:48:12,17_T02,39.121584632,10.180368231,0.7,1841.52,353.95,2.760,32.4,38.52,13.41,1840.47,4336692.99,1781510.80
00:17:20.271,18/01/2026,07:48:13,17_T02,39.121583934,10.180358963,0.7,1841.46,348.19,1.993,32.6,38.52,13.41,1840.48,4336692.18,1781510.72
00:17:21.268,18/01/2026,07:48:14,17_T02,39.121582504,10.180349675,0.7,1841.37,342.44,1.191,32.6,38.52,13.41,1840.48,4336691.37,1781510.56
00:17:22.266,18/01/2026,07:48:15,17_T02,39.121580391,10.180340279,0.7,1841.29,336.46,0.349,32.7,38.52,13.42,1840.33,4336690.56,1781510.32
00:17:23.278,18/01/2026,07:48:16,17_T02,39.121577596,10.180331039,0.7,1841.21,329.91,-0.511,32.7,38.52,13.42,1840.33,4336689.75,1781510.01
00:17:24.274,18/01/2026,07:48:17,17_T02,39.121575165,10.180324221,0.6,1841.16,323.32,-1.162,32.9,38.52,13.42,1840.17,4336689.16,1781509.74
00:17:25.270,18/01/2026,07:48:18,17_T02,39.121571709,10.180317055,0.5,1841.12,316.25,-1.887,32.8,38.52,13.42,1840.17,4336688.54,1781509.36
00:17:26.268,18/01/2026,07:48:19,17_T02,39.121568715,10.180312026,0.5,1841.08,314.48,-2.421,32.9,38.52,13.41,1840.07,4336688.10,1781509.03
00:17:27.275,18/01/2026,07:48:20,17_T02,39.121564943,10.180307273,0.5,1841.05,312.03,-2.969,32.8,38.52,13.41,1840.07,4336687.69,1781508.61
00:17:28.272,18/01/2026,07:48:21,17_T02,39.121560160,10.180301847,0.5,1841.10,307.30,-3.615,32.8,38.52,13.42,1840.00,4336687.22,1781508.08
00:17:29.273,18/01/2026,07:48:22,17_T02,39.121554472,10.180296671,0.6,1841.22,301.79,-4.283,32.7,38.52,13.42,1840.00,4336686.77,1781507.45
00:17:30.269,18/01/2026,07:48:23,17_T02,39.121549760,10.180293511,0.7,1841.42,298.91,-4.746,32.5,38.52,13.41,1840.19,4336686.49,1781506.93
00:17:31.266,18/01/2026,07:48:24,17_T02,39.121544942,10.180290463,0.7,1841.60,295.97,-5.206,32.3,38.52,13.41,1840.19,4336686.23,1781506.40
00:17:32.279,18/01/2026,07:48:25,17_T02,39.121539331,10.180287214,0.6,1841.87,291.08,-5.717,32.1,38.52,13.41,1840.59,4336685.95,1781505.78
00:17:33.277,18/01/2026,07:48:26,17_T02,39.121533580,10.180284800,0.6,1842.18,285.91,-6.168,31.8,38.52,13.41,1840.59,4336685.74,1781505.15
00:17:34.279,18/01/2026,07:48:27,17_T02,39.121527048,10.180282492,0.5,1842.50,279.09,-6.646,31.5,38.52,13.42,1841.19,4336685.54,1781504.42
00:17:35.272,18/01/2026,07:48:28,17_T02,39.121520937,10.180279701,0.5,1842.86,272.32,-7.143,31.1,38.52,13.42,1841.19,4336685.30,1781503.75
00:17:36.267,18/01/2026,07:48:29,17_T02,39.121515002,10.180275501,0.5,1843.18,264.43,-7.745,30.7,38.52,13.41,1841.88,4336684.94,1781503.09
00:17:37.278,18/01/2026,07:48:30,17_T02,39.121509739,10.180272408,0.5,1843.36,258.67,-8.228,30.6,38.52,13.41,1841.88,4336684.67,1781502.51
00:17:38.275,18/01/2026,07:48:31,17_T02,39.121505974,10.180271061,0.5,1843.51,256.46,-8.504,30.7,38.52,13.42,1842.36,4336684.55,1781502.10
00:17:39.271,18/01/2026,07:48:32,17_T02,39.121504135,10.180270133,0.5,1843.52,256.74,-8.661,30.6,38.52,13.42,1842.36,4336684.47,1781501.89
00:17:40.270,18/01/2026,07:48:33,17_T02,39.121503876,10.180269435,0.5,1843.46,259.27,-8.728,30.4,38.52,13.42,1842.47,4336684.41,1781501.86
00:17:41.266,18/01/2026,07:48:34,17_T02,39.121504019,10.180268570,0.5,1843.43,262.28,-8.790,30.5,38.52,13.42,1842.47,4336684.34,1781501.88
00:17:42.279,18/01/2026,07:48:35,17_T02,39.121503989,10.180267360,0.5,1843.44,265.07,-8.888,30.6,38.52,13.42,1842.38,4336684.23,1781501.88
00:17:43.278,18/01/2026,07:48:36,17_T02,39.121503466,10.180266181,0.4,1843.47,267.00,-9.005,30.4,38.52,13.42,1842.38,4336684.13,1781501.82
00:17:44.275,18/01/2026,07:48:37,17_T02,39.121502846,10.180265223,0.4,1843.47,268.32,-9.109,30.4,38.52,13.42,1842.46,4336684.04,1781501.75
00:17:45.265,18/01/2026,07:48:38,17_T02,39.121502193,10.180264562,0.4,1843.45,269.15,-9.191,30.4,38.52,13.42,1842.46,4336683.99,1781501.68
00:17:46.276,18/01/2026,07:48:39,17_T02,39.121501238,10.180264126,0.4,1843.39,269.38,-9.269,30.5,38.52,13.42,1842.40,4336683.95,1781501.57
00:17:47.269,18/01/2026,07:48:40,17_T02,39.121500699,10.180263385,0.3,1843.29,269.07,-9.352,30.5,38.52,13.42,1842.40,4336683.89,1781501.51
00:17:48.276,18/01/2026,07:48:41,17_T02,39.121499952,10.180262917,0.3,1843.26,268.53,-9.423,30.6,38.52,13.42,1842.25,4336683.84,1781501.43
00:17:49.276,18/01/2026,07:48:42,17_T02,39.121498897,10.180262584,0.2,1843.24,268.32,-9.497,30.6,38.52,13.42,1842.25,4336683.82,1781501.31
00:17:50.272,18/01/2026,07:48:43,17_T02,39.121498656,10.180262135,0.2,1843.27,268.93,-9.543,30.6,38.52,13.42,1842.22,4336683.78,1781501.29
00:17:51.269,18/01/2026,07:48:44,17_T02,39.121498141,10.180261585,0.2,1843.30,269.20,-9.610,30.5,38.52,13.42,1842.22,4336683.73,1781501.23
00:17:52.271,18/01/2026,07:48:45,17_T02,39.121497220,10.180261049,0.2,1843.33,268.86,-9.694,30.5,38.52,13.42,1842.30,4336683.68,1781501.13
00:17:53.265,18/01/2026,07:48:46,17_T02,39.121495651,10.180259298,0.2,1843.35,268.39,-9.904,30.5,38.52,13.42,1842.30,4336683.53,1781500.95
00:17:54.265,18/01/2026,07:48:47,17_T02,39.121494070,10.180257633,0.2,1843.35,267.98,-10.108,30.5,38.52,13.42,1842.32,4336683.39,1781500.78
00:17:55.285,18/01/2026,07:48:48,17_T02,39.121493047,10.180257218,0.2,1843.35,267.69,-10.187,30.5,38.52,13.42,1842.32,4336683.35,1781500.67
00:17:56.275,18/01/2026,07:48:49,17_T02,39.121492163,10.180256787,0.2,1843.35,267.52,-10.261,30.5,38.52,13.42,1842.31,4336683.31,1781500.57
00:17:57.271,18/01/2026,07:48:50,17_T02,39.121491350,10.180256354,0.2,1843.36,267.43,-10.332,30.4,38.52,13.42,1842.31,4336683.28,1781500.48
00:17:58.268,18/01/2026,07:48:51,17_T02,39.121490537,10.180255857,0.2,1843.36,267.35,-10.408,30.5,38.52,13.42,1842.34,4336683.23,1781500.39
00:17:59.265,18/01/2026,07:48:52,17_T02,39.121487059,10.180254699,0.2,1843.36,263.41,-10.657,30.6,38.52,13.42,1842.34,4336683.13,1781500.01
00:18:00.279,18/01/2026,07:48:53,17_T02,39.121484414,10.180253757,0.2,1843.34,261.28,-10.851,30.5,38.52,13.42,1842.34,4336683.05,1781499.71
00:18:01.280,18/01/2026,07:48:54,17_T02,39.121483890,10.180253412,0.2,1843.33,261.54,-10.902,30.4,38.52,13.43,1842.32,4336683.02,1781499.66
00:18:02.274,18/01/2026,07:48:55,17_T02,39.121483661,10.180252896,0.2,1843.33,262.53,-10.953,30.5,38.52,13.43,1842.32,4336682.98,1781499.63
00:18:03.270,18/01/2026,07:48:56,17_T02,39.121483335,10.180252206,0.2,1843.36,263.17,-11.023,30.4,38.52,13.42,1842.30,4336682.92,1781499.59
00:18:04.271,18/01/2026,07:48:57,17_T02,39.121482808,10.180251581,0.2,1843.40,263.43,-11.096,30.4,38.52,13.42,1842.30,4336682.86,1781499.54
00:18:05.266,18/01/2026,07:48:58,17_T02,39.121481528,10.180250598,0.2,1843.45,262.17,-11.232,30.4,38.52,13.42,1842.36,4336682.78,1781499.39
00:18:06.276,18/01/2026,07:48:59,17_T02,39.121478064,10.180250248,0.2,1843.52,256.85,-11.416,30.3,38.52,13.42,1842.36,4336682.75,1781499.01
00:18:07.278,18/01/2026,07:49:00,17_T02,39.121476259,10.180250180,0.2,1843.56,254.56,-11.503,30.3,38.52,13.42,1842.47,4336682.74,1781498.81
00:18:08.274,18/01/2026,07:49:01,17_T02,39.121475551,10.180249918,0.2,1843.58,254.27,-11.556,30.3,38.52,13.42,1842.47,4336682.72,1781498.74
00:18:09.270,18/01/2026,07:49:02,17_T02,39.121475202,10.180249589,0.2,1843.59,254.71,-11.598,30.2,38.52,13.42,1842.55,4336682.69,1781498.70
00:18:10.269,18/01/2026,07:49:03,17_T02,39.121474890,10.180249232,0.2,1843.58,255.30,-11.640,30.3,38.52,13.42,1842.55,4336682.66,1781498.66
00:18:11.269,18/01/2026,07:49:04,17_T02,39.121475108,10.180249494,0.1,1843.57,255.79,-11.609,30.3,38.52,13.42,1842.55,4336682.68,1781498.69
00:18:12.271,18/01/2026,07:49:05,17_T02,39.121475197,10.180249589,0.1,1843.53,256.15,-11.598,30.3,38.52,13.42,1842.55,4336682.69,1781498.70
00:18:13.266,18/01/2026,07:49:06,17_T02,39.121474793,10.180249260,0.1,1843.51,256.37,-11.642,30.4,38.52,13.42,1842.50,4336682.66,1781498.65
00:18:14.276,18/01/2026,07:49:07,17_T02,39.121474323,10.180248921,0.1,1843.47,256.48,-11.690,30.4,38.52,13.42,1842.50,4336682.63,1781498.60
00:18:15.275,18/01/2026,07:49:08,17_T02,39.121473795,10.180248637,0.1,1843.46,256.49,-11.737,30.4,38.52,13.42,1842.45,4336682.61,1781498.54
00:18:16.271,18/01/2026,07:49:09,17_T02,39.121473719,10.180248835,0.1,1843.46,256.50,-11.724,30.3,38.52,13.42,1842.45,4336682.63,1781498.53
00:18:17.269,18/01/2026,07:49:10,17_T02,39.121473523,10.180248843,0.1,1843.45,256.46,-11.732,30.4,38.52,13.42,1842.42,4336682.63,1781498.51
00:18:18.276,18/01/2026,07:49:11,17_T02,39.121472947,10.180248466,0.1,1843.44,256.35,-11.791,30.4,38.52,13.42,1842.42,4336682.59,1781498.45
00:18:19.288,18/01/2026,07:49:12,17_T02,39.121472365,10.180248142,0.1,1843.42,256.20,-11.840,30.3,38.52,13.42,1842.42,4336682.57,1781498.38
00:18:20.269,18/01/2026,07:49:13,17_T02,39.121471846,10.180247694,0.1,1843.33,256.23,-11.899,30.5,38.52,13.42,1842.42,4336682.53,1781498.33
00:18:21.267,18/01/2026,07:49:14,17_T02,39.121471369,10.180247361,0.1,1843.24,256.21,-11.947,30.5,38.52,13.42,1842.32,4336682.50,1781498.27
00:18:22.274,18/01/2026,07:49:15,17_T02,39.121470897,10.180249386,0.1,1843.18,256.05,-11.808,30.7,38.52,13.42,1842.32,4336682.67,1781498.22
00:18:23.268,18/01/2026,07:49:16,17_T02,39.121469991,10.180251372,0.1,1843.16,255.52,-11.691,30.7,38.52,13.42,1842.14,4336682.85,1781498.12
00:18:24.277,18/01/2026,07:49:17,17_T02,39.121469537,10.180250918,0.1,1843.16,255.62,-11.748,30.7,38.52,13.42,1842.14,4336682.81,1781498.07
00:18:25.272,18/01/2026,07:49:18,17_T02,39.121467694,10.180250905,0.1,1843.21,252.61,-11.832,30.6,38.52,13.42,1842.14,4336682.81,1781497.87
00:18:26.266,18/01/2026,07:49:19,17_T02,39.121463838,10.180252096,0.2,1843.29,245.65,-11.911,30.5,38.52,13.42,1842.14,4336682.91,1781497.44
00:18:27.275,18/01/2026,07:49:20,17_T02,39.121460664,10.180253538,0.2,1843.37,239.39,-11.940,30.4,38.51,13.43,1842.29,4336683.04,1781497.09
00:18:28.269,18/01/2026,07:49:21,17_T02,39.121458977,10.180253409,0.2,1843.44,237.50,-12.026,30.4,38.51,13.43,1842.29,4336683.03,1781496.91
00:18:29.265,18/01/2026,07:49:22,17_T02,39.121456933,10.180253768,0.2,1843.48,234.74,-12.090,30.3,38.52,13.42,1842.41,4336683.06,1781496.68
00:18:30.271,18/01/2026,07:49:23,17_T02,39.121453817,10.180256065,0.2,1843.51,228.39,-12.048,30.4,38.52,13.42,1842.41,4336683.26,1781496.34
00:18:31.267,18/01/2026,07:49:24,17_T02,39.121452484,10.180256871,0.2,1843.51,226.22,-12.044,30.3,38.52,13.41,1842.49,4336683.33,1781496.19
00:18:32.274,18/01/2026,07:49:25,17_T02,39.121452155,10.180256520,0.2,1843.49,226.56,-12.087,30.3,38.52,13.41,1842.49,4336683.30,1781496.15
00:18:33.265,18/01/2026,07:49:26,17_T02,39.121450766,10.180257428,0.2,1843.47,224.58,-12.077,30.4,38.52,13.42,1842.47,4336683.38,1781496.00
00:18:34.271,18/01/2026,07:49:27,17_T02,39.121449349,10.180259147,0.2,1843.46,222.09,-12.005,30.4,38.52,13.42,1842.47,4336683.53,1781495.85
00:18:35.264,18/01/2026,07:49:28,17_T02,39.121448095,10.180260382,0.1,1843.46,220.40,-11.963,30.3,38.52,13.42,1842.44,4336683.64,1781495.71
00:18:36.275,18/01/2026,07:49:29,17_T02,39.121446694,10.180260902,0.1,1843.45,219.42,-11.985,30.4,38.52,13.42,1842.44,4336683.68,1781495.55
00:18:37.270,18/01/2026,07:49:30,17_T02,39.121445256,10.180261499,0.1,1843.44,218.55,-12.003,30.4,38.52,13.42,1842.41,4336683.73,1781495.39
00:18:38.265,18/01/2026,07:49:31,17_T02,39.121443510,10.180262980,0.1,1843.45,216.55,-11.964,30.3,38.52,13.42,1842.41,4336683.86,1781495.20
00:18:39.278,18/01/2026,07:49:32,17_T02,39.121441561,10.180264636,0.2,1843.47,214.34,-11.920,30.3,38.52,13.43,1842.44,4336684.01,1781494.99
00:18:40.269,18/01/2026,07:49:33,17_T02,39.121439863,10.180266064,0.2,1843.47,212.84,-11.883,30.3,38.52,13.43,1842.44,4336684.13,1781494.80
00:18:41.277,18/01/2026,07:49:34,17_T02,39.121438612,10.180267185,0.2,1843.47,212.16,-11.851,30.3,38.52,13.42,1842.45,4336684.23,1781494.66
00:18:42.272,18/01/2026,07:49:35,17_T02,39.121437734,10.180267929,0.2,1843.47,212.32,-11.831,30.3,38.52,13.42,1842.45,4336684.30,1781494.57
00:18:43.270,18/01/2026,07:49:36,17_T02,39.121437171,10.180268324,0.2,1843.48,213.06,-11.825,30.3,38.52,13.42,1842.47,4336684.33,1781494.50
00:18:44.264,18/01/2026,07:49:37,17_T02,39.121436212,10.180269493,0.2,1843.48,212.39,-11.776,30.3,38.52,13.42,1842.47,4336684.43,1781494.40
00:18:45.277,18/01/2026,07:49:38,17_T02,39.121433960,10.180270390,0.2,1843.48,209.19,-11.806,30.3,38.52,13.42,1842.47,4336684.51,1781494.15
00:18:46.270,18/01/2026,07:49:39,17_T02,39.121431596,10.180272189,0.2,1843.49,204.84,-11.770,30.3,38.52,13.42,1842.47,4336684.67,1781493.89
00:18:47.269,18/01/2026,07:49:40,17_T02,39.121429850,10.180274936,0.2,1843.49,201.26,-11.630,30.3,38.52,13.43,1842.49,4336684.91,1781493.70
00:18:48.268,18/01/2026,07:49:41,17_T02,39.121428219,10.180277678,0.2,1843.49,198.00,-11.486,30.3,38.52,13.43,1842.49,4336685.15,1781493.52
00:18:49.265,18/01/2026,07:49:42,17_T02,39.121426419,10.180281071,0.2,1843.47,194.12,-11.298,30.3,38.52,13.42,1842.48,4336685.44,1781493.32
00:18:50.279,18/01/2026,07:49:43,17_T02,39.121424688,10.180284221,0.2,1843.46,190.72,-11.126,30.4,38.52,13.42,1842.48,4336685.72,1781493.13
00:18:51.279,18/01/2026,07:49:44,17_T02,39.121424110,10.180287687,0.2,1843.46,189.29,-10.877,30.3,38.52,13.42,1842.45,4336686.02,1781493.07
00:18:52.273,18/01/2026,07:49:45,17_T02,39.121423651,10.180290090,0.2,1843.47,189.09,-10.707,30.3,38.52,13.42,1842.45,4336686.23,1781493.02
00:18:53.274,18/01/2026,07:49:46,17_T02,39.121422612,10.180292519,0.2,1843.48,187.08,-10.561,30.2,38.52,13.42,1842.46,4336686.44,1781492.90
00:18:54.270,18/01/2026,07:49:47,17_T02,39.121421691,10.180295449,0.2,1843.48,184.93,-10.370,30.3,38.52,13.42,1842.46,4336686.69,1781492.80
00:18:55.279,18/01/2026,07:49:48,17_T02,39.121420964,10.180298698,0.2,1843.48,182.97,-10.144,30.3,38.53,13.42,1842.46,4336686.98,1781492.72
00:18:56.265,18/01/2026,07:49:49,17_T02,39.121420488,10.180301798,0.2,1843.47,181.34,-9.920,30.3,38.53,13.42,1842.46,4336687.25,1781492.67
00:18:57.274,18/01/2026,07:49:50,17_T02,39.121420734,10.180305065,0.2,1843.47,180.72,-9.649,30.3,38.53,13.42,1842.46,4336687.53,1781492.70
00:18:58.269,18/01/2026,07:49:51,17_T02,39.121421121,10.180307891,0.3,1843.47,180.86,-9.407,30.3,38.52,13.42,1842.45,4336687.78,1781492.74
00:18:59.275,18/01/2026,07:49:52,17_T02,39.121421126,10.180311034,0.3,1843.47,179.56,-9.157,30.3,38.52,13.42,1842.45,4336688.05,1781492.74
00:19:00.272,18/01/2026,07:49:53,17_T02,39.121421083,10.180315056,0.3,1843.48,176.67,-8.840,30.3,38.52,13.43,1842.45,4336688.40,1781492.74
00:19:01.272,18/01/2026,07:49:54,17_T02,39.121421088,10.180320164,0.3,1843.49,172.39,-8.434,30.2,38.52,13.43,1842.45,4336688.84,1781492.74
00:19:02.268,18/01/2026,07:49:55,17_T02,39.121421286,10.180325378,0.3,1843.50,167.82,-8.011,30.3,38.52,13.42,1842.49,4336689.30,1781492.76
00:19:03.266,18/01/2026,07:49:56,17_T02,39.121421762,10.180329133,0.2,1843.49,163.60,-7.691,30.2,38.52,13.42,1842.49,4336689.62,1781492.82
00:19:04.266,18/01/2026,07:49:57,17_T02,39.121422463,10.180332748,0.2,1843.49,159.81,-7.373,30.3,38.52,13.42,1842.48,4336689.94,1781492.89
00:19:05.274,18/01/2026,07:49:58,17_T02,39.121423296,10.180337111,0.2,1843.49,156.38,-6.989,30.3,38.52,13.42,1842.48,4336690.32,1781492.99
00:19:06.272,18/01/2026,07:49:59,17_T02,39.121424317,10.180341245,0.2,1843.50,153.47,-6.614,30.2,38.52,13.42,1842.48,4336690.68,1781493.10
00:19:07.269,18/01/2026,07:50:00,17_T02,39.121425507,10.180344921,0.2,1843.51,151.38,-6.269,30.2,38.52,13.42,1842.48,4336691.00,1781493.23
00:19:08.280,18/01/2026,07:50:01,17_T02,39.121426674,10.180347960,0.2,1843.52,149.67,-5.975,30.2,38.52,13.42,1842.49,4336691.26,1781493.36
00:19:09.271,18/01/2026,07:50:02,17_T02,39.121428247,10.180351594,0.2,1843.51,146.70,-5.615,30.3,38.52,13.42,1842.49,4336691.58,1781493.54
00:19:10.270,18/01/2026,07:50:03,17_T02,39.121430232,10.180355600,0.3,1843.50,143.90,-5.208,30.2,38.52,13.42,1842.50,4336691.93,1781493.76
00:19:11.269,18/01/2026,07:50:04,17_T02,39.121432326,10.180359648,0.3,1843.49,140.80,-4.792,30.2,38.52,13.42,1842.50,4336692.28,1781493.99
00:19:12.265,18/01/2026,07:50:05,17_T02,39.121434614,10.180363894,0.3,1843.48,137.16,-4.351,30.3,38.52,13.43,1842.48,4336692.65,1781494.24
00:19:13.275,18/01/2026,07:50:06,17_T02,39.121437336,10.180368519,0.3,1843.48,132.97,-3.861,30.3,38.52,13.43,1842.48,4336693.05,1781494.54
00:19:14.272,18/01/2026,07:50:07,17_T02,39.121439332,10.180373065,0.3,1843.48,127.47,-3.410,30.3,38.52,13.42,1842.48,4336693.44,1781494.76
00:19:15.264,18/01/2026,07:50:08,17_T02,39.121442007,10.180377987,0.3,1843.48,121.33,-2.899,30.2,38.52,13.42,1842.48,4336693.87,1781495.06
00:19:16.273,18/01/2026,07:50:09,17_T02,39.121445918,10.180383090,0.3,1843.48,115.82,-2.317,30.2,38.52,13.41,1842.45,4336694.31,1781495.49
00:19:17.270,18/01/2026,07:50:10,17_T02,39.121449710,10.180387617,0.4,1843.47,111.48,-1.786,30.3,38.52,13.41,1842.45,4336694.71,1781495.91
00:19:18.267,18/01/2026,07:50:11,17_T02,39.121451355,10.180391011,0.4,1843.46,110.39,-1.443,30.3,38.52,13.41,1842.47,4336695.00,1781496.09
00:19:19.272,18/01/2026,07:50:12,17_T02,39.121451740,10.180394263,0.5,1843.46,110.96,-1.167,30.3,38.52,13.41,1842.47,4336695.28,1781496.14
00:19:20.267,18/01/2026,07:50:13,17_T02,39.121452619,10.180397887,0.5,1843.49,109.50,-0.840,30.3,38.52,13.42,1842.46,4336695.60,1781496.24
00:19:21.276,18/01/2026,07:50:14,17_T02,39.121456180,10.180402318,0.5,1843.53,104.05,-0.327,30.3,38.52,13.42,1842.46,4336695.98,1781496.63
00:19:22.266,18/01/2026,07:50:15,17_T02,39.121459930,10.180405930,0.5,1843.52,99.22,0.129,30.2,38.52,13.42,1842.52,4336696.30,1781497.04
00:19:23.279,18/01/2026,07:50:16,17_T02,39.121462918,10.180408657,0.5,1843.48,95.94,0.480,30.3,38.52,13.42,1842.52,4336696.53,1781497.37
00:19:24.274,18/01/2026,07:50:17,17_T02,39.121466653,10.180410943,0.4,1843.43,91.78,0.830,30.3,38.52,13.42,1842.46,4336696.73,1781497.79
00:19:25.276,18/01/2026,07:50:18,17_T02,39.121470823,10.180412688,0.4,1843.40,86.80,1.157,30.4,38.52,13.42,1842.46,4336696.88,1781498.25
00:19:26.272,18/01/2026,07:50:19,17_T02,39.121474897,10.180412827,0.4,1843.40,81.84,1.352,30.4,38.52,13.42,1842.38,4336696.89,1781498.70
00:19:27.266,18/01/2026,07:50:20,17_T02,39.121479750,10.180412576,0.3,1843.43,75.82,1.551,30.3,38.52,13.42,1842.38,4336696.87,1781499.23
00:19:28.274,18/01/2026,07:50:21,17_T02,39.121485278,10.180412504,0.3,1843.47,69.44,1.794,30.3,38.52,13.42,1842.42,4336696.86,1781499.84
00:19:29.271,18/01/2026,07:50:22,17_T02,39.121490249,10.180411568,0.3,1843.49,64.31,1.944,30.3,38.52,13.42,1842.42,4336696.78,1781500.39
00:19:30.268,18/01/2026,07:50:23,17_T02,39.121493301,10.180410787,0.3,1843.48,63.53,2.020,30.3,38.52,13.42,1842.44,4336696.71,1781500.73
00:19:31.297,18/01/2026,07:50:24,17_T02,39.121493344,10.180411173,0.3,1843.45,67.42,2.052,30.3,38.52,13.42,1842.44,4336696.75,1781500.73
00:19:32.276,18/01/2026,07:50:25,17_T02,39.121493960,10.180410960,0.4,1843.43,68.33,2.063,30.4,38.52,13.43,1842.42,4336696.73,1781500.80
00:19:33.269,18/01/2026,07:50:26,17_T02,39.121495799,10.180410322,0.4,1843.43,67.27,2.096,30.4,38.52,13.43,1842.42,4336696.67,1781501.00
00:19:34.265,18/01/2026,07:50:27,17_T02,39.121498579,10.180409444,0.4,1843.44,65.31,2.151,30.4,38.52,13.43,1842.42,4336696.59,1781501.31
00:19:35.275,18/01/2026,07:50:28,17_T02,39.121502572,10.180407473,0.3,1843.46,61.96,2.175,30.3,38.52,13.43,1842.42,4336696.42,1781501.75
00:19:36.273,18/01/2026,07:50:29,17_T02,39.121506549,10.180404922,0.3,1843.45,58.87,2.152,30.3,38.53,13.42,1842.41,4336696.20,1781502.19
00:19:37.272,18/01/2026,07:50:30,17_T02,39.121510483,10.180401234,0.4,1843.44,56.84,2.036,30.4,38.53,13.42,1842.41,4336695.88,1781502.62
00:19:38.266,18/01/2026,07:50:31,17_T02,39.121513748,10.180397704,0.5,1843.44,55.67,1.903,30.4,38.51,13.42,1842.39,4336695.57,1781502.98
00:19:39.278,18/01/2026,07:50:32,17_T02,39.121517901,10.180393910,0.5,1843.45,51.96,1.789,30.4,38.51,13.42,1842.39,4336695.24,1781503.44
00:19:40.269,18/01/2026,07:50:33,17_T02,39.121522507,10.180390134,0.5,1843.46,46.43,1.697,30.4,38.52,13.42,1842.45,4336694.91,1781503.95
00:19:41.269,18/01/2026,07:50:34,17_T02,39.121527578,10.180386356,0.5,1843.46,41.10,1.626,30.4,38.52,13.42,1842.45,4336694.58,1781504.50
00:19:42.277,18/01/2026,07:50:35,17_T02,39.121533508,10.180381682,0.5,1843.45,34.35,1.522,30.4,38.52,13.41,1842.42,4336694.17,1781505.16
00:19:43.277,18/01/2026,07:50:36,17_T02,39.121538690,10.180375620,0.5,1843.46,27.13,1.274,30.4,38.52,13.41,1842.42,4336693.64,1781505.73
00:19:44.275,18/01/2026,07:50:37,17_T02,39.121543451,10.180367230,0.5,1843.49,18.91,0.823,30.3,38.52,13.42,1842.46,4336692.91,1781506.25
00:19:45.271,18/01/2026,07:50:38,17_T02,39.121547624,10.180358797,0.5,1843.52,10.90,0.342,30.3,38.52,13.42,1842.46,4336692.18,1781506.71
00:19:46.268,18/01/2026,07:50:39,17_T02,39.121549596,10.180354658,0.6,1843.53,10.24,0.102,30.3,38.52,13.42,1842.49,4336691.82,1781506.93
00:19:47.264,18/01/2026,07:50:40,17_T02,39.121550786,10.180349982,0.6,1843.49,9.09,-0.216,30.4,38.52,13.42,1842.49,4336691.41,1781507.06
00:19:48.266,18/01/2026,07:50:41,17_T02,39.121552039,10.180343938,0.6,1843.46,5.97,-0.639,30.4,38.52,13.42,1842.45,4336690.88,1781507.19
00:19:49.269,18/01/2026,07:50:42,17_T02,39.121552586,10.180340169,0.6,1843.44,3.71,-0.914,30.4,38.52,13.42,1842.45,4336690.55,1781507.25
00:19:50.277,18/01/2026,07:50:43,17_T02,39.121553084,10.180334895,0.5,1843.44,359.68,-1.310,30.5,38.52,13.42,1842.41,4336690.09,1781507.31
00:19:51.273,18/01/2026,07:50:44,17_T02,39.121553750,10.180327667,0.5,1843.46,355.01,-1.854,30.4,38.52,13.42,1842.41,4336689.47,1781507.38
00:19:52.268,18/01/2026,07:50:45,17_T02,39.121553870,10.180321066,0.5,1843.47,351.40,-2.373,30.5,38.52,13.42,1842.41,4336688.89,1781507.39
00:19:53.264,18/01/2026,07:50:46,17_T02,39.121553442,10.180314907,0.5,1843.47,348.85,-2.881,30.4,38.52,13.41,1842.43,4336688.36,1781507.34
00:19:54.275,18/01/2026,07:50:47,17_T02,39.121552524,10.180309077,0.5,1843.45,346.84,-3.386,30.4,38.52,13.41,1842.43,4336687.85,1781507.24
00:19:55.273,18/01/2026,07:50:48,17_T02,39.121551214,10.180303616,0.6,1843.43,345.22,-3.878,30.4,38.52,13.42,1842.41,4336687.37,1781507.10
00:19:56.274,18/01/2026,07:50:49,17_T02,39.121549500,10.180296145,0.6,1843.41,340.51,-4.549,30.5,38.52,13.42,1842.41,4336686.72,1781506.90
00:19:57.272,18/01/2026,07:50:50,17_T02,39.121547601,10.180287858,0.6,1843.42,334.09,-5.293,30.4,38.52,13.42,1842.38,4336686.00,1781506.69
00:19:58.265,18/01/2026,07:50:51,17_T02,39.121545763,10.180280818,0.6,1843.43,328.68,-5.935,30.4,38.52,13.42,1842.38,4336685.39,1781506.49
00:19:59.277,18/01/2026,07:50:52,17_T02,39.121543324,10.180273153,0.5,1843.44,322.66,-6.653,30.5,38.52,13.42,1842.40,4336684.73,1781506.22
00:20:00.270,18/01/2026,07:50:53,17_T02,39.121540403,10.180265351,0.5,1843.45,315.76,-7.405,30.4,38.52,13.42,1842.40,4336684.05,1781505.89
00:20:01.267,18/01/2026,07:50:54,17_T02,39.121537460,10.180258552,0.5,1843.47,309.72,-8.078,30.4,38.52,13.41,1842.41,4336683.46,1781505.57
00:20:02.274,18/01/2026,07:50:55,17_T02,39.121534408,10.180252594,0.5,1843.48,304.84,-8.688,30.4,38.52,13.41,1842.41,4336682.94,1781505.23
00:20:03.271,18/01/2026,07:50:56,17_T02,39.121531566,10.180247441,0.5,1843.48,301.96,-9.226,30.4,38.52,13.41,1842.43,4336682.49,1781504.92
00:20:04.274,18/01/2026,07:50:57,17_T02,39.121528903,10.180243242,0.5,1843.49,300.29,-9.679,30.5,38.52,13.41,1842.43,4336682.13,1781504.62
00:20:05.266,18/01/2026,07:50:58,17_T02,39.121524080,10.180237638,0.5,1843.49,294.07,-10.342,30.5,38.52,13.42,1842.45,4336681.64,1781504.09
00:20:06.278,18/01/2026,07:50:59,17_T02,39.121518794,10.180230882,0.6,1843.51,286.97,-11.117,30.4,38.52,13.42,1842.45,4336681.05,1781503.50
00:20:07.272,18/01/2026,07:51:00,17_T02,39.121513705,10.180225764,0.6,1843.52,280.98,-11.753,30.4,38.52,13.42,1842.48,4336680.61,1781502.94
00:20:08.265,18/01/2026,07:51:01,17_T02,39.121507324,10.180222236,0.6,1843.51,273.93,-12.321,30.5,38.52,13.42,1842.48,4336680.30,1781502.24
00:20:09.278,18/01/2026,07:51:02,17_T02,39.121501712,10.180219870,0.6,1843.50,269.04,-12.762,30.4,38.52,13.42,1842.49,4336680.10,1781501.62
00:20:10.273,18/01/2026,07:51:03,17_T02,39.121498892,10.180218616,0.6,1843.48,268.84,-12.989,30.4,38.52,13.42,1842.49,4336679.99,1781501.30
00:20:11.268,18/01/2026,07:51:04,17_T02,39.121494735,10.180217649,0.6,1843.46,265.89,-13.253,30.4,38.52,13.42,1842.46,4336679.91,1781500.85
00:20:12.265,18/01/2026,07:51:05,17_T02,39.121491055,10.180216844,0.5,1843.47,263.91,-13.483,30.4,38.52,13.42,1842.46,4336679.84,1781500.44
00:20:13.279,18/01/2026,07:51:06,17_T02,39.121487135,10.180216285,0.5,1843.49,260.97,-13.704,30.4,38.52,13.42,1842.46,4336679.79,1781500.01
00:20:14.277,18/01/2026,07:51:07,17_T02,39.121482270,10.180215863,0.5,1843.51,256.89,-13.957,30.4,38.52,13.42,1842.46,4336679.76,1781499.47
00:20:15.274,18/01/2026,07:51:08,17_T02,39.121476839,10.180216241,0.5,1843.53,251.89,-14.172,30.3,38.52,13.41,1842.49,4336679.79,1781498.87
00:20:16.273,18/01/2026,07:51:09,17_T02,39.121471792,10.180217384,0.4,1843.53,247.74,-14.309,30.4,38.52,13.41,1842.49,4336679.89,1781498.31
00:20:17.270,18/01/2026,07:51:10,17_T02,39.121467463,10.180219037,0.5,1843.51,244.99,-14.373,30.4,38.52,13.42,1842.50,4336680.03,1781497.84
00:20:18.269,18/01/2026,07:51:11,17_T02,39.121464068,10.180219280,0.5,1843.49,243.51,-14.507,30.3,38.52,13.42,1842.50,4336680.06,1781497.46
00:20:19.267,18/01/2026,07:51:12,17_T02,39.121459998,10.180220020,0.5,1843.47,241.03,-14.632,30.4,38.52,13.42,1842.46,4336680.12,1781497.01
00:20:20.276,18/01/2026,07:51:13,17_T02,39.121454897,10.180222897,0.5,1843.47,236.14,-14.633,30.3,38.52,13.42,1842.46,4336680.37,1781496.45
00:20:21.271,18/01/2026,07:51:14,17_T02,39.121449876,10.180226221,0.5,1843.49,231.50,-14.596,30.3,38.52,13.42,1842.45,4336680.66,1781495.90
00:20:22.273,18/01/2026,07:51:15,17_T02,39.121445294,10.180229852,0.5,1843.50,227.55,-14.514,30.3,38.52,13.42,1842.45,4336680.98,1781495.39
00:20:23.271,18/01/2026,07:51:16,17_T02,39.121441505,10.180233482,0.5,1843.50,225.35,-14.397,30.3,38.52,13.41,1842.46,4336681.30,1781494.97
00:20:24.266,18/01/2026,07:51:17,17_T02,39.121438629,10.180236112,0.5,1843.50,224.43,-14.318,30.3,38.52,13.41,1842.46,4336681.53,1781494.66
00:20:25.265,18/01/2026,07:51:18,17_T02,39.121435013,10.180239337,0.6,1843.49,221.89,-14.225,30.3,38.52,13.42,1842.46,4336681.81,1781494.26
00:20:26.265,18/01/2026,07:51:19,17_T02,39.121431312,10.180243335,0.6,1843.50,218.33,-14.074,30.3,38.52,13.42,1842.46,4336682.16,1781493.85
00:20:27.287,18/01/2026,07:51:20,17_T02,39.121427936,10.180247346,0.6,1843.53,215.16,-13.908,30.2,38.52,13.42,1842.49,4336682.51,1781493.48
00:20:28.275,18/01/2026,07:51:21,17_T02,39.121424640,10.180251747,0.5,1843.54,211.35,-13.707,30.3,38.52,13.42,1842.49,4336682.89,1781493.12
00:20:29.273,18/01/2026,07:51:22,17_T02,39.121421398,10.180256434,0.5,1843.55,206.99,-13.481,30.3,38.52,13.42,1842.53,4336683.30,1781492.76
00:20:30.272,18/01/2026,07:51:23,17_T02,39.121418540,10.180261587,0.5,1843.55,203.18,-13.201,30.3,38.52,13.42,1842.53,4336683.75,1781492.45
00:20:31.269,18/01/2026,07:51:24,17_T02,39.121415059,10.180267758,0.5,1843.54,197.32,-12.868,30.2,38.52,13.42,1842.52,4336684.29,1781492.06
00:20:32.266,18/01/2026,07:51:25,17_T02,39.121411305,10.180275048,0.5,1843.55,190.03,-12.458,30.2,38.52,13.42,1842.52,4336684.92,1781491.65
00:20:33.268,18/01/2026,07:51:26,17_T02,39.121408544,10.180282287,0.5,1843.56,183.67,-12.008,30.1,38.52,13.41,1842.53,4336685.55,1781491.35
00:20:34.273,18/01/2026,07:51:27,17_T02,39.121406871,10.180289097,0.5,1843.56,178.32,-11.542,30.2,38.52,13.41,1842.53,4336686.14,1781491.16
00:20:35.273,18/01/2026,07:51:28,17_T02,39.121407207,10.180295504,0.5,1843.55,175.98,-11.019,30.2,38.52,13.42,1842.51,4336686.70,1781491.20
00:20:36.267,18/01/2026,07:51:29,17_T02,39.121408079,10.180299916,0.5,1843.53,175.99,-10.629,30.2,38.52,13.42,1842.51,4336687.09,1781491.30
00:20:37.274,18/01/2026,07:51:30,17_T02,39.121408656,10.180304112,0.6,1843.50,175.82,-10.270,30.2,38.51,13.43,1842.47,4336687.45,1781491.36
00:20:38.267,18/01/2026,07:51:31,17_T02,39.121409237,10.180310542,0.6,1843.49,171.95,-9.733,30.2,38.51,13.43,1842.47,4336688.01,1781491.43
00:20:39.267,18/01/2026,07:51:32,17_T02,39.121409808,10.180318574,0.6,1843.49,166.18,-9.069,30.3,38.52,13.42,1842.47,4336688.71,1781491.49
00:20:40.266,18/01/2026,07:51:33,17_T02,39.121410327,10.180325752,0.5,1843.49,161.28,-8.476,30.3,38.52,13.42,1842.47,4336689.33,1781491.55
00:20:41.279,18/01/2026,07:51:34,17_T02,39.121411150,10.180333292,0.5,1843.48,156.80,-7.840,30.2,38.52,13.42,1842.44,4336689.99,1781491.65
00:20:42.274,18/01/2026,07:51:35,17_T02,39.121412528,10.180341808,0.5,1843.47,150.71,-7.101,30.3,38.52,13.42,1842.44,4336690.73,1781491.80
00:20:43.272,18/01/2026,07:51:36,17_T02,39.121414253,10.180349893,0.5,1843.48,144.34,-6.382,30.3,38.52,13.42,1842.44,4336691.43,1781491.99
00:20:44.271,18/01/2026,07:51:37,17_T02,39.121416969,10.180357628,0.5,1843.50,137.99,-5.645,30.2,38.52,13.42,1842.44,4336692.10,1781492.29
00:20:45.279,18/01/2026,07:51:38,17_T02,39.121419883,10.180363906,0.5,1843.51,133.57,-5.015,30.2,38.52,13.41,1842.46,4336692.65,1781492.62
00:20:46.275,18/01/2026,07:51:39,17_T02,39.121422637,10.180368413,0.5,1843.51,131.19,-4.533,30.2,38.52,13.41,1842.46,4336693.04,1781492.92
00:20:47.270,18/01/2026,07:51:40,17_T02,39.121425329,10.180371701,0.5,1843.49,130.44,-4.150,30.1,38.52,13.42,1842.43,4336693.33,1781493.22
00:20:48.270,18/01/2026,07:51:41,17_T02,39.121428920,10.180375416,0.6,1843.48,127.65,-3.693,30.2,38.52,13.42,1842.43,4336693.65,1781493.62
00:20:49.269,18/01/2026,07:51:42,17_T02,39.121433167,10.180379581,0.6,1843.48,123.98,-3.171,30.3,38.52,13.42,1842.43,4336694.01,1781494.08
00:20:50.274,18/01/2026,07:51:43,17_T02,39.121437338,10.180383188,0.6,1843.49,120.62,-2.696,30.2,38.52,13.42,1842.44,4336694.32,1781494.55
00:20:51.266,18/01/2026,07:51:44,17_T02,39.121442200,10.180386976,0.6,1843.51,116.09,-2.176,30.1,38.52,13.42,1842.44,4336694.65,1781495.08
00:20:52.268,18/01/2026,07:51:45,17_T02,39.121447250,10.180390296,0.6,1843.53,112.08,-1.685,30.1,38.52,13.42,1842.47,4336694.94,1781495.64
00:20:53.266,18/01/2026,07:51:46,17_T02,39.121450932,10.180392273,0.5,1843.53,109.28,-1.362,30.3,38.52,13.42,1842.47,4336695.11,1781496.05
00:20:54.279,18/01/2026,07:51:47,17_T02,39.121454516,10.180393497,0.5,1843.52,107.38,-1.103,30.3,38.52,13.41,1842.49,4336695.22,1781496.44
00:20:55.271,18/01/2026,07:51:48,17_T02,39.121458308,10.180394229,0.5,1843.51,106.48,-0.874,30.3,38.52,13.41,1842.49,4336695.28,1781496.86
00:20:56.264,18/01/2026,07:51:49,17_T02,39.121462815,10.180395138,0.5,1843.51,103.96,-0.598,30.3,38.52,13.42,1842.46,4336695.36,1781497.36
00:20:57.272,18/01/2026,07:51:50,17_T02,39.121468316,10.180396507,0.5,1843.51,99.68,-0.241,30.2,38.52,13.42,1842.46,4336695.48,1781497.97
00:20:58.279,18/01/2026,07:51:51,17_T02,39.121474599,10.180397829,0.5,1843.53,94.10,0.147,30.3,38.52,13.42,1842.48,4336695.59,1781498.66
00:20:59.277,18/01/2026,07:51:52,17_T02,39.121479916,10.180398531,0.6,1843.54,88.81,0.443,30.2,38.52,13.42,1842.48,4336695.65,1781499.25
00:21:00.274,18/01/2026,07:51:53,17_T02,39.121485019,10.180398710,0.5,1843.54,84.15,0.687,30.3,38.52,13.42,1842.51,4336695.66,1781499.81
00:21:01.271,18/01/2026,07:51:54,17_T02,39.121490982,10.180398681,0.4,1843.53,78.83,0.954,30.4,38.52,13.42,1842.51,4336695.66,1781500.47
00:21:02.269,18/01/2026,07:51:55,17_T02,39.121496987,10.180398094,0.4,1843.52,73.08,1.178,30.3,38.52,13.42,1842.49,4336695.61,1781501.13
00:21:03.278,18/01/2026,07:51:56,17_T02,39.121502613,10.180396985,0.4,1843.52,68.27,1.344,30.3,38.52,13.42,1842.49,4336695.51,1781501.75
00:21:04.268,18/01/2026,07:51:57,17_T02,39.121506276,10.180393672,0.4,1843.52,64.77,1.246,30.3,38.52,13.41,1842.49,4336695.22,1781502.15
00:21:05.268,18/01/2026,07:51:58,17_T02,39.121510470,10.180389679,0.5,1843.51,60.55,1.118,30.3,38.52,13.41,1842.49,4336694.87,1781502.62
00:21:06.279,18/01/2026,07:51:59,17_T02,39.121514998,10.180387156,0.5,1843.49,56.72,1.122,30.4,38.52,13.42,1842.46,4336694.65,1781503.12
00:21:07.273,18/01/2026,07:52:00,17_T02,39.121518513,10.180384823,0.5,1843.48,54.30,1.095,30.5,38.52,13.42,1842.46,4336694.45,1781503.50
00:21:08.267,18/01/2026,07:52:01,17_T02,39.121521298,10.180382587,0.5,1843.48,53.02,1.043,30.3,38.52,13.42,1842.47,4336694.25,1781503.81
00:21:09.270,18/01/2026,07:52:02,17_T02,39.121523533,10.180380437,0.5,1843.48,52.62,0.973,30.4,38.52,13.42,1842.47,4336694.06,1781504.06
00:21:10.264,18/01/2026,07:52:03,17_T02,39.121526016,10.180379329,0.5,1843.48,52.65,0.997,30.3,38.52,13.42,1842.43,4336693.97,1781504.33
00:21:11.267,18/01/2026,07:52:04,17_T02,39.121529985,10.180376683,0.5,1843.49,49.33,0.966,30.4,38.52,13.42,1842.43,4336693.74,1781504.77
00:21:12.267,18/01/2026,07:52:05,17_T02,39.121533207,10.180373422,0.5,1843.50,46.34,0.853,30.4,38.52,13.42,1842.46,4336693.45,1781505.12
00:21:13.278,18/01/2026,07:52:06,17_T02,39.121535939,10.180370393,0.5,1843.52,43.89,0.735,30.4,38.52,13.42,1842.46,4336693.19,1781505.42
00:21:14.275,18/01/2026,07:52:07,17_T02,39.121537848,10.180368140,0.4,1843.52,42.40,0.643,30.5,38.52,13.42,1842.49,4336692.99,1781505.63
00:21:15.274,18/01/2026,07:52:08,17_T02,39.121539152,10.180366493,0.4,1843.52,41.88,0.571,30.4,38.52,13.42,1842.49,4336692.85,1781505.78
00:21:16.269,18/01/2026,07:52:09,17_T02,39.121540338,10.180366350,0.4,1843.53,40.14,0.613,30.4,38.52,13.42,1842.50,4336692.83,1781505.91
00:21:17.264,18/01/2026,07:52:10,17_T02,39.121541442,10.180365889,0.3,1843.53,38.80,0.626,30.4,38.52,13.42,1842.50,4336692.79,1781506.03
00:21:18.291,18/01/2026,07:52:11,17_T02,39.121542439,10.180364367,0.3,1843.53,38.86,0.550,30.4,38.52,13.42,1842.49,4336692.66,1781506.14
00:21:19.274,18/01/2026,07:52:12,17_T02,39.121543492,10.180362721,0.3,1843.53,38.13,0.467,30.4,38.52,13.42,1842.49,4336692.52,1781506.26
00:21:20.269,18/01/2026,07:52:13,17_T02,39.121544946,10.180360436,0.3,1843.53,35.74,0.351,30.4,38.52,13.41,1842.51,4336692.32,1781506.42
00:21:21.268,18/01/2026,07:52:14,17_T02,39.121546988,10.180356898,0.3,1843.53,30.59,0.162,30.4,38.52,13.41,1842.51,4336692.01,1781506.64
00:21:22.265,18/01/2026,07:52:15,17_T02,39.121551068,10.180351131,0.3,1843.51,20.89,-0.112,30.4,38.52,13.41,1842.51,4336691.51,1781507.09
00:21:23.294,18/01/2026,07:52:16,17_T02,39.121553672,10.180346715,0.3,1843.46,13.40,-0.345,30.5,38.52,13.41,1842.51,4336691.12,1781507.38
00:21:24.276,18/01/2026,07:52:17,17_T02,39.121554620,10.180344545,0.2,1843.40,11.34,-0.475,30.4,38.52,13.41,1842.42,4336690.93,1781507.48
00:21:25.275,18/01/2026,07:52:18,17_T02,39.121555223,10.180343399,0.2,1843.34,10.74,-0.538,30.6,38.52,13.41,1842.42,4336690.83,1781507.55
00:21:26.273,18/01/2026,07:52:19,17_T02,39.121556232,10.180338695,0.1,1843.34,6.39,-0.866,30.6,38.52,13.41,1842.31,4336690.42,1781507.66
00:21:27.268,18/01/2026,07:52:20,17_T02,39.121557103,10.180333611,0.2,1843.37,2.06,-1.231,30.6,38.52,13.41,1842.31,4336689.98,1781507.75
00:21:28.268,18/01/2026,07:52:21,17_T02,39.121557870,10.180330463,0.2,1843.41,359.51,-1.446,30.6,38.52,13.42,1842.35,4336689.71,1781507.84
00:21:29.278,18/01/2026,07:52:22,17_T02,39.121558300,10.180327941,0.2,1843.46,358.27,-1.627,30.5,38.52,13.42,1842.35,4336689.49,1781507.88
00:21:30.274,18/01/2026,07:52:23,17_T02,39.121558282,10.180325480,0.2,1843.50,358.11,-1.823,30.4,38.52,13.41,1842.45,4336689.27,1781507.88
00:21:31.269,18/01/2026,07:52:24,17_T02,39.121558033,10.180322859,0.2,1843.52,358.33,-2.043,30.4,38.52,13.41,1842.45,4336689.05,1781507.85
00:21:32.278,18/01/2026,07:52:25,17_T02,39.121557746,10.180318555,0.3,1843.53,356.51,-2.397,30.3,38.52,13.43,1842.50,4336688.67,1781507.82
00:21:33.267,18/01/2026,07:52:26,17_T02,39.121557464,10.180314748,0.3,1843.54,353.98,-2.712,30.4,38.52,13.43,1842.50,4336688.34,1781507.79
00:21:34.278,18/01/2026,07:52:27,17_T02,39.121556957,10.180310728,0.4,1843.54,351.76,-3.055,30.4,38.52,13.43,1842.52,4336687.99,1781507.73
00:21:35.274,18/01/2026,07:52:28,17_T02,39.121556222,10.180305158,0.4,1843.54,348.65,-3.530,30.4,38.52,13.43,1842.52,4336687.51,1781507.65
00:21:36.266,18/01/2026,07:52:29,17_T02,39.121555300,10.180298182,0.4,1843.52,343.54,-4.126,30.4,38.52,13.42,1842.49,4336686.90,1781507.54
00:21:37.276,18/01/2026,07:52:30,17_T02,39.121554228,10.180290439,0.4,1843.50,337.66,-4.789,30.4,38.52,13.42,1842.49,4336686.23,1781507.43
00:21:38.268,18/01/2026,07:52:31,17_T02,39.121553003,10.180283699,0.4,1843.48,332.57,-5.379,30.5,38.52,13.42,1842.47,4336685.64,1781507.29
00:21:39.278,18/01/2026,07:52:32,17_T02,39.121551126,10.180276154,0.4,1843.47,326.37,-6.063,30.5,38.52,13.42,1842.47,4336684.98,1781507.08
00:21:40.275,18/01/2026,07:52:33,17_T02,39.121549003,10.180269502,0.4,1843.47,321.32,-6.687,30.4,38.52,13.41,1842.43,4336684.41,1781506.84
00:21:41.269,18/01/2026,07:52:34,17_T02,39.121546564,10.180263716,0.4,1843.47,317.10,-7.257,30.4,38.52,13.41,1842.43,4336683.90,1781506.57
00:21:42.275,18/01/2026,07:52:35,17_T02,39.121544122,10.180259077,0.4,1843.47,314.84,-7.735,30.4,38.52,13.41,1842.43,4336683.50,1781506.30
00:21:43.269,18/01/2026,07:52:36,17_T02,39.121541063,10.180254406,0.5,1843.46,311.71,-8.244,30.5,38.52,13.41,1842.43,4336683.09,1781505.96
00:21:44.278,18/01/2026,07:52:37,17_T02,39.121537234,10.180249124,0.5,1843.46,306.97,-8.836,30.5,38.52,13.42,1842.42,4336682.64,1781505.54
00:21:45.272,18/01/2026,07:52:38,17_T02,39.121533599,10.180245563,0.5,1843.46,302.46,-9.283,30.6,38.52,13.42,1842.42,4336682.33,1781505.14
00:21:46.269,18/01/2026,07:52:39,17_T02,39.121529606,10.180242275,0.4,1843.46,297.92,-9.724,30.5,38.52,13.42,1842.42,4336682.04,1781504.70
00:21:47.278,18/01/2026,07:52:40,17_T02,39.121525164,10.180238623,0.4,1843.45,293.68,-10.215,30.4,38.52,13.41,1842.41,4336681.73,1781504.21
00:21:48.270,18/01/2026,07:52:41,17_T02,39.121520484,10.180235349,0.4,1843.45,289.22,-10.686,30.5,38.52,13.41,1842.41,4336681.44,1781503.69
00:21:49.265,18/01/2026,07:52:42,17_T02,39.121516183,10.180232875,0.4,1843.46,285.53,-11.076,30.5,38.52,13.41,1842.41,4336681.23,1781503.22
00:21:50.273,18/01/2026,07:52:43,17_T02,39.121512128,10.180231010,0.4,1843.46,283.24,-11.407,30.4,38.52,13.41,1842.41,4336681.07,1781502.77
00:21:51.265,18/01/2026,07:52:44,17_T02,39.121507511,10.180229369,0.5,1843.47,279.15,-11.746,30.5,38.52,13.41,1842.42,4336680.92,1781502.26
00:21:52.278,18/01/2026,07:52:45,17_T02,39.121502210,10.180227805,0.5,1843.48,273.94,-12.109,30.4,38.52,13.41,1842.42,4336680.79,1781501.67
00:21:53.274,18/01/2026,07:52:46,17_T02,39.121498078,10.180226839,0.4,1843.49,270.70,-12.372,30.4,38.52,13.41,1842.46,4336680.71,1781501.22
00:21:54.269,18/01/2026,07:52:47,17_T02,39.121495035,10.180226383,0.4,1843.49,268.93,-12.546,30.4,38.52,13.41,1842.46,4336680.67,1781500.88
00:21:55.263,18/01/2026,07:52:48,17_T02,39.121491132,10.180226174,0.4,1843.49,266.09,-12.738,30.4,38.52,13.41,1842.48,4336680.65,1781500.45
00:21:56.269,18/01/2026,07:52:49,17_T02,39.121486701,10.180226185,0.4,1843.49,261.98,-12.937,30.4,38.52,13.41,1842.48,4336680.65,1781499.96
00:21:57.264,18/01/2026,07:52:50,17_T02,39.121483035,10.180225046,0.4,1843.49,258.75,-13.193,30.4,38.52,13.42,1842.46,4336680.55,1781499.56
00:21:58.277,18/01/2026,07:52:51,17_T02,39.121479275,10.180224399,0.4,1843.50,255.29,-13.414,30.4,38.52,13.42,1842.46,4336680.50,1781499.14
00:21:59.269,18/01/2026,07:52:52,17_T02,39.121476095,10.180225070,0.4,1843.50,252.88,-13.504,30.4,38.52,13.42,1842.48,4336680.56,1781498.79
00:22:00.277,18/01/2026,07:52:53,17_T02,39.121473592,10.180225793,0.3,1843.51,251.63,-13.560,30.4,38.52,13.42,1842.48,4336680.62,1781498.51
00:22:01.274,18/01/2026,07:52:54,17_T02,39.121471357,10.180226655,0.3,1843.52,250.87,-13.592,30.4,38.52,13.41,1842.48,4336680.70,1781498.27
00:22:02.268,18/01/2026,07:52:55,17_T02,39.121468074,10.180225920,0.3,1843.52,248.30,-13.799,30.3,38.52,13.41,1842.48,4336680.63,1781497.91
00:22:03.269,18/01/2026,07:52:56,17_T02,39.121464455,10.180225717,0.3,1843.52,244.86,-13.978,30.3,38.52,13.42,1842.50,4336680.62,1781497.51
00:22:04.265,18/01/2026,07:52:57,17_T02,39.121461187,10.180227394,0.3,1843.53,242.14,-13.992,30.3,38.52,13.42,1842.50,4336680.76,1781497.15
00:22:05.276,18/01/2026,07:52:58,17_T02,39.121457610,10.180229559,0.3,1843.54,238.71,-13.982,30.3,38.52,13.42,1842.51,4336680.95,1781496.75
00:22:06.272,18/01/2026,07:52:59,17_T02,39.121453813,10.180232118,0.3,1843.53,234.67,-13.950,30.3,38.52,13.42,1842.51,4336681.18,1781496.33
00:22:07.266,18/01/2026,07:53:00,17_T02,39.121450365,10.180234648,0.3,1843.53,231.61,-13.904,30.2,38.52,13.41,1842.50,4336681.40,1781495.95
00:22:08.264,18/01/2026,07:53:01,17_T02,39.121447458,10.180237954,0.3,1843.53,228.04,-13.773,30.3,38.52,13.41,1842.50,4336681.69,1781495.63
00:22:09.272,18/01/2026,07:53:02,17_T02,39.121444634,10.180241395,0.3,1843.53,224.28,-13.627,30.3,38.52,13.42,1842.49,4336681.99,1781495.32
00:22:10.274,18/01/2026,07:53:03,17_T02,39.121441097,10.180245005,0.3,1843.53,220.41,-13.500,30.3,38.52,13.42,1842.49,4336682.30,1781494.93
00:22:11.267,18/01/2026,07:53:04,17_T02,39.121438211,10.180248313,0.3,1843.52,217.33,-13.367,30.3,38.52,13.42,1842.51,4336682.59,1781494.61
00:22:12.265,18/01/2026,07:53:05,17_T02,39.121435860,10.180251330,0.3,1843.52,215.52,-13.234,30.3,38.52,13.42,1842.51,4336682.85,1781494.36
00:22:13.277,18/01/2026,07:53:06,17_T02,39.121433338,10.180255133,0.3,1843.51,212.48,-13.046,30.3,38.52,13.41,1842.50,4336683.18,1781494.08
00:22:14.275,18/01/2026,07:53:07,17_T02,39.121431074,10.180261017,0.4,1843.51,208.33,-12.681,30.3,38.52,13.41,1842.50,4336683.70,1781493.83
00:22:15.268,18/01/2026,07:53:08,17_T02,39.121429443,10.180265882,0.4,1843.51,205.75,-12.368,30.3,38.52,13.41,1842.49,4336684.12,1781493.65
00:22:16.263,18/01/2026,07:53:09,17_T02,39.121428100,10.180268644,0.4,1843.51,204.46,-12.209,30.3,38.52,13.41,1842.49,4336684.36,1781493.50
00:22:17.273,18/01/2026,07:53:10,17_T02,39.121426879,10.180271766,0.4,1843.51,202.89,-12.016,30.3,38.52,13.42,1842.50,4336684.63,1781493.37
00:22:18.272,18/01/2026,07:53:11,17_T02,39.121425268,10.180275997,0.4,1843.51,199.63,-11.753,30.2,38.52,13.42,1842.50,4336685.00,1781493.19
00:22:19.275,18/01/2026,07:53:12,17_T02,39.121423700,10.180280356,0.3,1843.51,196.26,-11.477,30.2,38.52,13.42,1842.49,4336685.38,1781493.02
00:22:20.270,18/01/2026,07:53:13,17_T02,39.121422374,10.180283334,0.3,1843.52,192.64,-11.301,30.3,38.52,13.42,1842.49,4336685.64,1781492.87
00:22:21.274,18/01/2026,07:53:14,17_T02,39.121421323,10.180286501,0.3,1843.52,189.40,-11.097,30.2,38.52,13.42,1842.50,4336685.92,1781492.76
00:22:22.273,18/01/2026,07:53:15,17_T02,39.121420326,10.180291051,0.3,1843.52,185.67,-10.780,30.3,38.52,13.42,1842.50,4336686.31,1781492.65
00:22:23.268,18/01/2026,07:53:16,17_T02,39.121419416,10.180296467,0.2,1843.51,181.12,-10.391,30.2,38.52,13.42,1842.50,4336686.78,1781492.55
00:22:24.265,18/01/2026,07:53:17,17_T02,39.121418755,10.180301905,0.2,1843.51,176.41,-9.989,30.1,38.52,13.42,1842.50,4336687.26,1781492.48
00:22:25.274,18/01/2026,07:53:18,17_T02,39.121418928,10.180307937,0.2,1843.51,173.09,-9.502,30.2,38.52,13.42,1842.50,4336687.78,1781492.50
00:22:26.274,18/01/2026,07:53:19,17_T02,39.121419294,10.180313049,0.3,1843.52,170.76,-9.080,30.2,38.52,13.42,1842.50,4336688.23,1781492.54
00:22:27.267,18/01/2026,07:53:20,17_T02,39.121419466,10.180316555,0.3,1843.51,169.26,-8.794,30.2,38.52,13.42,1842.50,4336688.53,1781492.56
00:22:28.274,18/01/2026,07:53:21,17_T02,39.121419852,10.180322064,0.3,1843.50,165.18,-8.339,30.2,38.52,13.42,1842.50,4336689.01,1781492.60
00:22:29.273,18/01/2026,07:53:22,17_T02,39.121420369,10.180328443,0.3,1843.50,159.85,-7.809,30.2,38.52,13.41,1842.49,4336689.56,1781492.66
00:22:30.264,18/01/2026,07:53:23,17_T02,39.121420838,10.180334891,0.3,1843.50,154.40,-7.276,30.3,38.52,13.41,1842.49,4336690.13,1781492.72
00:22:31.271,18/01/2026,07:53:24,17_T02,39.121420736,10.180339733,0.3,1843.51,150.76,-6.896,30.2,38.52,13.41,1842.48,4336690.55,1781492.71
00:22:32.275,18/01/2026,07:53:25,17_T02,39.121420863,10.180344362,0.3,1843.51,147.49,-6.523,30.2,38.52,13.41,1842.48,4336690.95,1781492.72
00:22:33.267,18/01/2026,07:53:26,17_T02,39.121422621,10.180350870,0.4,1843.53,141.90,-5.926,30.2,38.52,13.41,1842.50,4336691.52,1781492.92
00:22:34.264,18/01/2026,07:53:27,17_T02,39.121425075,10.180357160,0.4,1843.54,136.14,-5.316,30.2,38.52,13.41,1842.50,4336692.06,1781493.19
00:22:35.274,18/01/2026,07:53:28,17_T02,39.121427866,10.180362759,0.4,1843.55,131.63,-4.746,30.1,38.52,13.43,1842.52,4336692.55,1781493.50
00:22:36.266,18/01/2026,07:53:29,17_T02,39.121430587,10.180368093,0.4,1843.54,127.77,-4.199,30.2,38.52,13.43,1842.52,4336693.01,1781493.80
00:22:37.274,18/01/2026,07:53:30,17_T02,39.121434390,10.180374136,0.4,1843.52,122.21,-3.548,30.1,38.52,13.42,1842.49,4336693.54,1781494.22
00:22:38.267,18/01/2026,07:53:31,17_T02,39.121439833,10.180381108,0.4,1843.52,114.14,-2.749,30.2,38.52,13.42,1842.49,4336694.14,1781494.82
00:22:39.278,18/01/2026,07:53:32,17_T02,39.121445662,10.180388101,0.5,1843.52,105.65,-1.931,30.1,38.52,13.42,1842.51,4336694.75,1781495.47
00:22:40.271,18/01/2026,07:53:33,17_T02,39.121450931,10.180394054,0.6,1843.51,99.47,-1.220,30.2,38.52,13.42,1842.51,4336695.27,1781496.05
00:22:41.265,18/01/2026,07:53:34,17_T02,39.121455929,10.180399231,0.6,1843.50,94.57,-0.584,30.2,38.52,13.42,1842.51,4336695.72,1781496.60
00:22:42.275,18/01/2026,07:53:35,17_T02,39.121463612,10.180403069,0.7,1843.52,86.19,0.068,30.2,38.52,13.42,1842.47,4336696.05,1781497.45
00:22:43.269,18/01/2026,07:53:36,17_T02,39.121471563,10.180406245,0.7,1843.55,76.75,0.679,30.3,38.52,13.42,1842.47,4336696.32,1781498.33
00:22:44.275,18/01/2026,07:53:37,17_T02,39.121479128,10.180407111,0.7,1843.55,67.58,1.089,30.3,38.52,13.42,1842.53,4336696.40,1781499.16
00:22:45.273,18/01/2026,07:53:38,17_T02,39.121485750,10.180405344,0.6,1843.52,60.88,1.247,30.2,38.52,13.42,1842.53,4336696.24,1781499.89
00:22:46.271,18/01/2026,07:53:39,17_T02,39.121490769,10.180402769,0.6,1843.48,56.26,1.269,30.2,38.51,13.43,1842.50,4336696.01,1781500.45
00:22:47.269,18/01/2026,07:53:40,17_T02,39.121494345,10.180400020,0.5,1843.45,54.34,1.212,30.3,38.51,13.43,1842.50,4336695.77,1781500.84
00:22:48.267,18/01/2026,07:53:41,17_T02,39.121496871,10.180397333,0.5,1843.44,54.24,1.112,30.2,38.52,13.42,1842.41,4336695.54,1781501.12
00:22:49.279,18/01/2026,07:53:42,17_T02,39.121497322,10.180394561,0.5,1843.44,55.47,0.913,30.2,38.52,13.42,1842.41,4336695.30,1781501.17
00:22:50.273,18/01/2026,07:53:43,17_T02,39.121497733,10.180391949,0.6,1843.45,57.28,0.724,30.3,38.52,13.42,1842.38,4336695.07,1781501.21
00:22:51.268,18/01/2026,07:53:44,17_T02,39.121501667,10.180388505,0.6,1843.45,54.91,0.628,30.3,38.52,13.42,1842.38,4336694.77,1781501.65
00:22:52.290,18/01/2026,07:53:45,17_T02,39.121507515,10.180384123,0.6,1843.46,49.38,0.544,30.3,38.52,13.42,1842.41,4336694.39,1781502.29
00:22:53.276,18/01/2026,07:53:46,17_T02,39.121513507,10.180379435,0.6,1843.46,42.93,0.442,30.4,38.52,13.42,1842.41,4336693.98,1781502.95
00:22:54.274,18/01/2026,07:53:47,17_T02,39.121516289,10.180375477,0.6,1843.46,40.19,0.253,30.4,38.52,13.42,1842.43,4336693.63,1781503.26
00:22:55.268,18/01/2026,07:53:48,17_T02,39.121516924,10.180374005,0.5,1843.45,41.43,0.165,30.4,38.52,13.42,1842.43,4336693.51,1781503.33
00:22:56.278,18/01/2026,07:53:49,17_T02,39.121517641,10.180373747,0.5,1843.45,43.89,0.176,30.4,38.52,13.42,1842.44,4336693.48,1781503.40
00:22:57.275,18/01/2026,07:53:50,17_T02,39.121517776,10.180373908,0.5,1843.46,46.93,0.195,30.4,38.52,13.42,1842.44,4336693.50,1781503.42
00:22:58.272,18/01/2026,07:53:51,17_T02,39.121517808,10.180374089,0.5,1843.48,50.11,0.211,30.4,38.52,13.43,1842.44,4336693.51,1781503.42
00:22:59.272,18/01/2026,07:53:52,17_T02,39.121518093,10.180373941,0.5,1843.49,52.75,0.212,30.3,38.52,13.43,1842.44,4336693.50,1781503.45
00:23:00.267,18/01/2026,07:53:53,17_T02,39.121518492,10.180371799,0.5,1843.51,53.99,0.060,30.4,38.52,13.43,1842.48,4336693.31,1781503.50
00:23:01.278,18/01/2026,07:53:54,17_T02,39.121519190,10.180369990,0.5,1843.52,54.74,-0.052,30.4,38.52,13.43,1842.48,4336693.16,1781503.58
00:23:02.277,18/01/2026,07:53:55,17_T02,39.121520538,10.180369982,0.4,1843.53,55.06,0.008,30.3,38.52,13.42,1842.50,4336693.16,1781503.72
00:23:03.281,18/01/2026,07:53:56,17_T02,39.121522480,10.180369153,0.4,1843.54,54.29,0.030,30.4,38.52,13.42,1842.50,4336693.08,1781503.94
00:23:04.271,18/01/2026,07:53:57,17_T02,39.121524668,10.180367939,0.3,1843.53,53.10,0.032,30.4,38.52,13.42,1842.52,4336692.98,1781504.18
00:23:05.269,18/01/2026,07:53:58,17_T02,39.121526696,10.180366680,0.3,1843.52,52.00,0.024,30.4,38.52,13.42,1842.52,4336692.87,1781504.40
00:23:06.267,18/01/2026,07:53:59,17_T02,39.121528165,10.180365674,0.3,1843.50,51.47,0.010,30.4,38.52,13.42,1842.50,4336692.78,1781504.56
00:23:07.278,18/01/2026,07:54:00,17_T02,39.121529404,10.180364902,0.3,1843.50,51.31,0.005,30.4,38.52,13.42,1842.50,4336692.71,1781504.70
00:23:08.275,18/01/2026,07:54:01,17_T02,39.121531046,10.180363952,0.3,1843.51,50.86,0.003,30.4,38.52,13.41,1842.48,4336692.63,1781504.88
00:23:09.270,18/01/2026,07:54:02,17_T02,39.121534371,10.180361268,0.3,1843.52,45.94,-0.060,30.4,38.52,13.41,1842.48,4336692.39,1781505.25
00:23:10.269,18/01/2026,07:54:03,17_T02,39.121537223,10.180358869,0.3,1843.53,41.50,-0.122,30.4,38.52,13.41,1842.51,4336692.18,1781505.56
00:23:11.265,18/01/2026,07:54:04,17_T02,39.121539367,10.180357062,0.2,1843.52,38.24,-0.169,30.4,38.52,13.41,1842.51,4336692.03,1781505.80
00:23:12.274,18/01/2026,07:54:05,17_T02,39.121542793,10.180356411,0.2,1843.51,35.23,-0.066,30.5,38.52,13.41,1842.51,4336691.97,1781506.18
00:23:13.267,18/01/2026,07:54:06,17_T02,39.121546320,10.180354465,0.2,1843.48,30.60,-0.061,30.5,38.52,13.41,1842.51,4336691.80,1781506.57
00:23:14.264,18/01/2026,07:54:07,17_T02,39.121548545,10.180351950,0.2,1843.43,26.51,-0.161,30.5,38.52,13.41,1842.45,4336691.58,1781506.81
00:23:15.274,18/01/2026,07:54:08,17_T02,39.121550266,10.180350245,0.2,1843.38,23.74,-0.218,30.5,38.52,13.41,1842.45,4336691.43,1781507.00
00:23:16.270,18/01/2026,07:54:09,17_T02,39.121552045,10.180348141,0.2,1843.31,20.55,-0.305,30.6,38.52,13.42,1842.35,4336691.25,1781507.20
00:23:17.266,18/01/2026,07:54:10,17_T02,39.121553724,10.180345344,0.2,1843.29,16.45,-0.452,30.6,38.52,13.42,1842.35,4336691.00,1781507.38
00:23:18.273,18/01/2026,07:54:11,17_T02,39.121554658,10.180343764,0.2,1843.27,13.61,-0.535,30.6,38.52,13.42,1842.28,4336690.87,1781507.48
00:23:19.264,18/01/2026,07:54:12,17_T02,39.121555655,10.180341565,0.2,1843.29,10.59,-0.665,30.7,38.52,13.42,1842.28,4336690.67,1781507.59
00:23:20.273,18/01/2026,07:54:13,17_T02,39.121557056,10.180338184,0.2,1843.34,7.11,-0.870,30.5,38.52,13.42,1842.28,4336690.38,1781507.75
00:23:21.269,18/01/2026,07:54:14,17_T02,39.121558139,10.180335473,0.2,1843.40,4.56,-1.036,30.4,38.52,13.42,1842.28,4336690.14,1781507.87
00:23:22.276,18/01/2026,07:54:15,17_T02,39.121559032,10.180333649,0.2,1843.46,3.53,-1.141,30.5,38.52,13.42,1842.39,4336689.98,1781507.96
00:23:23.272,18/01/2026,07:54:16,17_T02,39.121560350,10.180331646,0.2,1843.52,1.13,-1.240,30.4,38.52,13.42,1842.39,4336689.81,1781508.11
00:23:24.268,18/01/2026,07:54:17,17_T02,39.121561530,10.180328646,0.2,1843.56,357.82,-1.425,30.3,38.52,13.42,1842.52,4336689.55,1781508.24
00:23:25.277,18/01/2026,07:54:18,17_T02,39.121562157,10.180324141,0.2,1843.59,353.89,-1.755,30.3,38.52,13.42,1842.52,4336689.16,1781508.31
00:23:26.271,18/01/2026,07:54:19,17_T02,39.121562559,10.180320371,0.2,1843.59,351.19,-2.036,30.4,38.52,13.42,1842.58,4336688.83,1781508.35
00:23:27.264,18/01/2026,07:54:20,17_T02,39.121562652,10.180316718,0.2,1843.58,349.16,-2.322,30.3,38.52,13.42,1842.58,4336688.51,1781508.36
00:23:28.272,18/01/2026,07:54:21,17_T02,39.121562429,10.180313071,0.3,1843.55,347.68,-2.622,30.4,38.52,13.43,1842.55,4336688.19,1781508.33
00:23:29.265,18/01/2026,07:54:22,17_T02,39.121562044,10.180309957,0.3,1843.52,347.05,-2.886,30.4,38.52,13.43,1842.55,4336687.92,1781508.29
00:23:30.278,18/01/2026,07:54:23,17_T02,39.121561499,10.180307114,0.3,1843.49,347.22,-3.137,30.4,38.52,13.43,1842.49,4336687.68,1781508.23
00:23:31.274,18/01/2026,07:54:24,17_T02,39.121560831,10.180304678,0.4,1843.47,347.82,-3.360,30.4,38.52,13.43,1842.49,4336687.46,1781508.16
00:23:32.269,18/01/2026,07:54:25,17_T02,39.121560063,10.180302423,0.4,1843.46,348.75,-3.574,30.4,38.52,13.42,1842.43,4336687.27,1781508.07
00:23:33.264,18/01/2026,07:54:26,17_T02,39.121559189,10.180299970,0.5,1843.45,349.54,-3.808,30.4,38.52,13.42,1842.43,4336687.05,1781507.97
00:23:34.273,18/01/2026,07:54:27,17_T02,39.121558123,10.180295649,0.5,1843.44,347.03,-4.199,30.5,38.52,13.42,1842.43,4336686.68,1781507.86
00:23:35.270,18/01/2026,07:54:28,17_T02,39.121556841,10.180291250,0.5,1843.45,345.48,-4.607,30.4,38.52,13.42,1842.43,4336686.30,1781507.71
00:23:36.265,18/01/2026,07:54:29,17_T02,39.121555722,10.180287517,0.5,1843.47,344.29,-4.954,30.4,38.52,13.42,1842.45,4336685.97,1781507.59
00:23:37.278,18/01/2026,07:54:30,17_T02,39.121554934,10.180283766,0.4,1843.47,341.33,-5.287,30.5,38.52,13.42,1842.45,4336685.65,1781507.50
00:23:38.275,18/01/2026,07:54:31,17_T02,39.121554193,10.180280545,0.3,1843.47,339.28,-5.576,30.4,38.52,13.42,1842.45,4336685.37,1781507.42
00:23:39.271,18/01/2026,07:54:32,17_T02,39.121553701,10.180278424,0.3,1843.47,338.68,-5.767,30.4,38.52,13.42,1842.47,4336685.18,1781507.36
00:23:40.263,18/01/2026,07:54:33,17_T02,39.121552763,10.180274772,0.2,1843.47,335.72,-6.099,30.5,38.52,13.42,1842.47,4336684.86,1781507.26
00:23:41.277,18/01/2026,07:54:34,17_T02,39.121551737,10.180269370,0.2,1843.47,333.29,-6.574,30.4,38.52,13.42,1842.48,4336684.39,1781507.15
00:23:42.272,18/01/2026,07:54:35,17_T02,39.121550809,10.180264767,0.2,1843.48,330.85,-6.982,30.4,38.52,13.42,1842.48,4336683.99,1781507.04
00:23:43.269,18/01/2026,07:54:36,17_T02,39.121549832,10.180261341,0.2,1843.49,327.86,-7.298,30.4,38.52,13.42,1842.48,4336683.70,1781506.93
00:23:44.269,18/01/2026,07:54:37,17_T02,39.121549162,10.180258821,0.2,1843.50,326.24,-7.528,30.4,38.52,13.42,1842.48,4336683.48,1781506.86
00:23:45.276,18/01/2026,07:54:38,17_T02,39.121548359,10.180256238,0.2,1843.50,324.32,-7.770,30.4,38.52,13.42,1842.50,4336683.25,1781506.77
00:23:46.273,18/01/2026,07:54:39,17_T02,39.121547541,10.180253776,0.2,1843.49,322.30,-8.002,30.4,38.52,13.42,1842.50,4336683.04,1781506.68
00:23:47.268,18/01/2026,07:54:40,17_T02,39.121546801,10.180251972,0.2,1843.49,320.85,-8.179,30.4,38.52,13.41,1842.50,4336682.88,1781506.60
00:23:48.263,18/01/2026,07:54:41,17_T02,39.121545821,10.180249393,0.2,1843.43,318.21,-8.428,30.5,38.52,13.41,1842.50,4336682.66,1781506.49
00:23:49.273,18/01/2026,07:54:42,17_T02,39.121543715,10.180245330,0.2,1843.39,312.93,-8.845,30.5,38.52,13.41,1842.44,4336682.30,1781506.26
00:23:50.276,18/01/2026,07:54:43,17_T02,39.121542188,10.180242492,0.1,1843.33,309.66,-9.140,30.6,38.52,13.41,1842.44,4336682.06,1781506.09
00:23:51.271,18/01/2026,07:54:44,17_T02,39.121540743,10.180239864,0.1,1843.28,306.95,-9.413,30.6,38.52,13.41,1842.35,4336681.83,1781505.93
00:23:52.266,18/01/2026,07:54:45,17_T02,39.121539572,10.180237827,0.1,1843.26,304.52,-9.628,30.7,38.52,13.41,1842.35,4336681.65,1781505.80
00:23:53.266,18/01/2026,07:54:46,17_T02,39.121538810,10.180236054,0.1,1843.28,302.88,-9.803,30.6,38.52,13.42,1842.27,4336681.50,1781505.71
00:23:54.264,18/01/2026,07:54:47,17_T02,39.121537951,10.180233831,0.1,1843.30,301.42,-10.018,30.6,38.52,13.42,1842.27,4336681.31,1781505.62
00:23:55.271,18/01/2026,07:54:48,17_T02,39.121536345,10.180231353,0.2,1843.35,298.84,-10.288,30.6,38.52,13.41,1842.29,4336681.09,1781505.44
00:23:56.267,18/01/2026,07:54:49,17_T02,39.121534544,10.180228912,0.2,1843.40,296.08,-10.563,30.6,38.52,13.41,1842.29,4336680.88,1781505.24
00:23:57.264,18/01/2026,07:54:50,17_T02,39.121532886,10.180226362,0.2,1843.44,293.48,-10.840,30.5,38.52,13.42,1842.40,4336680.66,1781505.06
00:23:58.264,18/01/2026,07:54:51,17_T02,39.121530798,10.180225224,0.2,1843.48,291.46,-11.025,30.5,38.52,13.42,1842.40,4336680.56,1781504.83
00:23:59.275,18/01/2026,07:54:52,17_T02,39.121528461,10.180224003,0.2,1843.51,289.74,-11.227,30.5,38.52,13.42,1842.48,4336680.45,1781504.57
00:24:00.272,18/01/2026,07:54:53,17_T02,39.121526912,10.180222498,0.2,1843.52,289.02,-11.416,30.4,38.52,13.42,1842.48,4336680.32,1781504.40
00:24:01.270,18/01/2026,07:54:54,17_T02,39.121525706,10.180221483,0.3,1843.53,289.31,-11.551,30.4,38.52,13.42,1842.54,4336680.23,1781504.26
00:24:02.266,18/01/2026,07:54:55,17_T02,39.121524755,10.180220825,0.3,1843.52,290.23,-11.646,30.4,38.52,13.42,1842.54,4336680.18,1781504.16
00:24:03.277,18/01/2026,07:54:56,17_T02,39.121523933,10.180220306,0.3,1843.51,291.47,-11.725,30.4,38.52,13.44,1842.51,4336680.13,1781504.07
00:24:04.276,18/01/2026,07:54:57,17_T02,39.121523173,10.180218905,0.3,1843.51,292.77,-11.870,30.4,38.52,13.44,1842.51,4336680.01,1781503.98
00:24:05.268,18/01/2026,07:54:58,17_T02,39.121521803,10.180217344,0.4,1843.50,292.73,-12.056,30.4,38.51,13.43,1842.50,4336679.87,1781503.83
00:24:06.275,18/01/2026,07:54:59,17_T02,39.121519946,10.180216233,0.4,1843.49,291.82,-12.228,30.4,38.51,13.43,1842.50,4336679.78,1781503.63
00:24:07.272,18/01/2026,07:55:00,17_T02,39.121517856,10.180214942,0.3,1843.48,290.20,-12.425,30.4,38.52,13.42,1842.49,4336679.67,1781503.40
00:24:08.265,18/01/2026,07:55:01,17_T02,39.121515787,10.180213668,0.3,1843.47,288.41,-12.619,30.4,38.52,13.42,1842.49,4336679.56,1781503.17
00:24:09.273,18/01/2026,07:55:02,17_T02,39.121513647,10.180212385,0.3,1843.46,286.53,-12.818,30.6,38.52,13.42,1842.47,4336679.45,1781502.93
00:24:10.267,18/01/2026,07:55:03,17_T02,39.121511503,10.180211306,0.2,1843.45,284.31,-13.000,30.4,38.52,13.42,1842.47,4336679.35,1781502.69
00:24:11.277,18/01/2026,07:55:04,17_T02,39.121508579,10.180209361,0.2,1843.45,280.80,-13.287,30.5,38.52,13.42,1842.44,4336679.18,1781502.37
00:24:12.274,18/01/2026,07:55:05,17_T02,39.121504154,10.180206412,0.2,1843.44,275.09,-13.720,30.5,38.52,13.42,1842.44,4336678.93,1781501.88
00:24:13.269,18/01/2026,07:55:06,17_T02,39.121499272,10.180204209,0.2,1843.45,269.62,-14.116,30.4,38.52,13.42,1842.43,4336678.74,1781501.34
00:24:14.265,18/01/2026,07:55:07,17_T02,39.121494358,10.180202831,0.3,1843.46,264.20,-14.447,30.4,38.52,13.42,1842.43,4336678.62,1781500.80
00:24:15.274,18/01/2026,07:55:08,17_T02,39.121489484,10.180202213,0.3,1843.46,259.47,-14.715,30.4,38.52,13.42,1842.44,4336678.57,1781500.26
00:24:16.270,18/01/2026,07:55:09,17_T02,39.121485169,10.180202222,0.3,1843.45,255.10,-14.909,30.4,38.52,13.42,1842.44,4336678.57,1781499.79
00:24:17.278,18/01/2026,07:55:10,17_T02,39.121481236,10.180202847,0.3,1843.44,251.76,-15.037,30.4,38.52,13.41,1842.45,4336678.62,1781499.35
00:24:18.273,18/01/2026,07:55:11,17_T02,39.121477991,10.180203830,0.3,1843.43,249.97,-15.106,30.5,38.52,13.41,1842.45,4336678.71,1781498.99
00:24:19.264,18/01/2026,07:55:12,17_T02,39.121475393,10.180204909,0.4,1843.43,249.51,-15.137,30.5,38.52,13.41,1842.41,4336678.80,1781498.71
00:24:20.274,18/01/2026,07:55:13,17_T02,39.121472577,10.180206360,0.4,1843.43,249.13,-15.149,30.4,38.52,13.41,1842.41,4336678.93,1781498.40
00:24:21.274,18/01/2026,07:55:14,17_T02,39.121470846,10.180208346,0.4,1843.43,248.80,-15.069,30.4,38.52,13.42,1842.41,4336679.10,1781498.21
00:24:22.268,18/01/2026,07:55:15,17_T02,39.121468950,10.180210488,0.5,1843.43,248.88,-14.985,30.4,38.52,13.42,1842.41,4336679.29,1781498.00
00:24:23.263,18/01/2026,07:55:16,17_T02,39.121466298,10.180212508,0.5,1843.43,249.42,-14.944,30.4,38.52,13.42,1842.41,4336679.47,1781497.71
00:24:24.274,18/01/2026,07:55:17,17_T02,39.121463795,10.180214652,0.6,1843.43,250.29,-14.887,30.4,38.52,13.42,1842.41,4336679.65,1781497.43
00:24:25.264,18/01/2026,07:55:18,17_T02,39.121461514,10.180216751,0.6,1843.43,251.47,-14.823,30.3,38.52,13.42,1842.41,4336679.84,1781497.18
00:24:26.262,18/01/2026,07:55:19,17_T02,39.121460745,10.180218421,0.7,1843.43,254.49,-14.725,30.4,38.52,13.42,1842.41,4336679.98,1781497.09
00:24:27.273,18/01/2026,07:55:20,17_T02,39.121461813,10.180220396,0.7,1843.44,258.78,-14.520,30.3,38.52,13.42,1842.43,4336680.15,1781497.21
00:24:28.270,18/01/2026,07:55:21,17_T02,39.121462312,10.180222206,0.7,1843.45,261.43,-14.354,30.3,38.52,13.42,1842.43,4336680.31,1781497.27
00:24:29.266,18/01/2026,07:55:22,17_T02,39.121459873,10.180223854,0.6,1843.46,259.05,-14.333,30.3,38.52,13.42,1842.47,4336680.46,1781497.00
00:24:30.264,18/01/2026,07:55:23,17_T02,39.121456639,10.180225820,0.5,1843.45,254.74,-14.322,30.3,38.52,13.42,1842.47,4336680.63,1781496.64
00:24:31.277,18/01/2026,07:55:24,17_T02,39.121452811,10.180228370,0.3,1843.43,249.44,-14.293,30.3,38.52,13.42,1842.44,4336680.85,1781496.22
00:24:32.273,18/01/2026,07:55:25,17_T02,39.121449585,10.180230909,0.2,1843.42,244.79,-14.236,30.3,38.52,13.42,1842.44,4336681.07,1781495.87
00:24:33.270,18/01/2026,07:55:26,17_T02,39.121449609,10.180233114,0.2,1843.43,243.80,-14.060,30.4,38.52,13.42,1842.42,4336681.26,1781495.87
00:24:34.269,18/01/2026,07:55:27,17_T02,39.121449819,10.180234642,0.2,1843.45,243.90,-13.929,30.3,38.52,13.42,1842.42,4336681.40,1781495.89
00:24:35.277,18/01/2026,07:55:28,17_T02,39.121449070,10.180235514,0.2,1843.48,244.30,-13.894,30.3,38.52,13.42,1842.42,4336681.47,1781495.81
00:24:36.275,18/01/2026,07:55:29,17_T02,39.121448223,10.180236450,0.2,1843.50,244.33,-13.858,30.3,38.52,13.42,1842.48,4336681.55,1781495.72
00:24:37.270,18/01/2026,07:55:30,17_T02,39.121446378,10.180238000,0.2,1843.50,242.12,-13.818,30.2,38.52,13.42,1842.48,4336681.69,1781495.51
00:24:38.268,18/01/2026,07:55:31,17_T02,39.121444423,10.180239722,0.2,1843.50,239.27,-13.770,30.2,38.52,13.42,1842.53,4336681.84,1781495.30
00:24:39.265,18/01/2026,07:55:32,17_T02,39.121441802,10.180240976,0.2,1843.48,235.11,-13.788,30.2,38.52,13.42,1842.53,4336681.95,1781495.01
00:24:40.265,18/01/2026,07:55:33,17_T02,39.121440295,10.180241442,0.2,1843.42,233.47,-13.819,30.3,38.52,13.42,1842.50,4336681.99,1781494.84
00:24:41.276,18/01/2026,07:55:34,17_T02,39.121438191,10.180243516,0.2,1843.35,230.14,-13.749,30.4,38.52,13.42,1842.50,4336682.17,1781494.61
00:24:42.272,18/01/2026,07:55:35,17_T02,39.121436532,10.180245411,0.2,1843.29,227.40,-13.674,30.5,38.52,13.42,1842.36,4336682.34,1781494.43
00:24:43.269,18/01/2026,07:55:36,17_T02,39.121435973,10.180246093,0.1,1843.26,227.29,-13.645,30.5,38.52,13.42,1842.36,4336682.40,1781494.37
00:24:44.266,18/01/2026,07:55:37,17_T02,39.121435043,10.180246969,0.1,1843.26,226.46,-13.617,30.5,38.52,13.42,1842.26,4336682.47,1781494.26
00:24:45.262,18/01/2026,07:55:38,17_T02,39.121433479,10.180248825,0.1,1843.29,223.88,-13.540,30.5,38.52,13.42,1842.26,4336682.63,1781494.09
00:24:46.263,18/01/2026,07:55:39,17_T02,39.121432277,10.180250293,0.1,1843.33,222.25,-13.478,30.4,38.52,13.42,1842.31,4336682.76,1781493.96
00:24:47.275,18/01/2026,07:55:40,17_T02,39.121431517,10.180250927,0.1,1843.37,221.85,-13.462,30.4,38.52,13.42,1842.31,4336682.82,1781493.88
00:24:48.274,18/01/2026,07:55:41,17_T02,39.121431025,10.180251364,0.1,1843.40,221.97,-13.449,30.3,38.52,13.42,1842.36,4336682.86,1781493.82
00:24:49.267,18/01/2026,07:55:42,17_T02,39.121430603,10.180251794,0.1,1843.43,222.24,-13.434,30.3,38.52,13.42,1842.36,4336682.89,1781493.78
00:24:50.274,18/01/2026,07:55:43,17_T02,39.121429819,10.180250845,0.1,1843.47,222.53,-13.545,30.3,38.52,13.42,1842.43,4336682.81,1781493.69
00:24:51.267,18/01/2026,07:55:44,17_T02,39.121428880,10.180250484,0.1,1843.51,222.12,-13.616,30.2,38.52,13.42,1842.43,4336682.78,1781493.59
00:24:52.267,18/01/2026,07:55:45,17_T02,39.121428062,10.180251220,0.1,1843.54,221.35,-13.594,30.2,38.52,13.42,1842.52,4336682.84,1781493.50
00:24:53.267,18/01/2026,07:55:46,17_T02,39.121427359,10.180251853,0.1,1843.55,220.87,-13.576,30.2,38.52,13.42,1842.52,4336682.90,1781493.42
00:24:54.277,18/01/2026,07:55:47,17_T02,39.121426599,10.180252671,0.1,1843.54,220.17,-13.545,30.2,38.52,13.42,1842.54,4336682.97,1781493.33
00:24:55.272,18/01/2026,07:55:48,17_T02,39.121425968,10.180253434,0.1,1843.52,219.61,-13.513,30.2,38.52,13.42,1842.54,4336683.04,1781493.26
00:24:56.267,18/01/2026,07:55:49,17_T02,39.121425243,10.180253837,0.1,1843.51,218.88,-13.514,30.2,38.52,13.42,1842.53,4336683.07,1781493.18
00:24:57.263,18/01/2026,07:55:50,17_T02,39.121424122,10.180254690,0.1,1843.50,217.28,-13.497,30.3,38.52,13.42,1842.53,4336683.15,1781493.06
00:24:58.268,18/01/2026,07:55:51,17_T02,39.121423153,10.180255730,0.1,1843.49,215.83,-13.458,30.3,38.52,13.42,1842.52,4336683.24,1781492.95
00:24:59.265,18/01/2026,07:55:52,17_T02,39.121422190,10.180256977,0.1,1843.47,214.19,-13.402,30.3,38.52,13.42,1842.52,4336683.35,1781492.85
00:25:00.282,18/01/2026,07:55:53,17_T02,39.121421483,10.180257892,0.1,1843.46,213.19,-13.361,30.2,38.52,13.42,1842.48,4336683.43,1781492.77
00:25:01.269,18/01/2026,07:55:54,17_T02,39.121420734,10.180258890,0.1,1843.44,212.05,-13.316,30.3,38.52,13.42,1842.48,4336683.51,1781492.69
00:25:02.263,18/01/2026,07:55:55,17_T02,39.121419800,10.180261893,0.1,1843.43,210.97,-13.120,30.3,38.52,13.42,1842.43,4336683.77,1781492.59
00:25:03.276,18/01/2026,07:55:56,17_T02,39.121419095,10.180264153,0.1,1843.44,210.72,-12.972,30.3,38.52,13.42,1842.43,4336683.97,1781492.51
00:25:04.269,18/01/2026,07:55:57,17_T02,39.121418735,10.180264307,0.1,1843.44,210.88,-12.976,30.3,38.52,13.43,1842.44,4336683.99,1781492.47
00:25:05.275,18/01/2026,07:55:58,17_T02,39.121418388,10.180264466,0.1,1843.44,211.14,-12.979,30.3,38.52,13.43,1842.44,4336684.00,1781492.43
00:25:06.271,18/01/2026,07:55:59,17_T02,39.121418073,10.180264664,0.1,1843.44,211.36,-12.977,30.3,38.52,13.43,1842.44,4336684.02,1781492.40
00:25:07.269,18/01/2026,07:56:00,17_T02,39.121417731,10.180264901,0.1,1843.44,211.46,-12.974,30.3,38.52,13.43,1842.44,4336684.04,1781492.36
00:25:08.277,18/01/2026,07:56:01,17_T02,39.121416753,10.180264541,0.1,1843.45,211.42,-13.047,30.3,38.52,13.42,1842.45,4336684.01,1781492.25
00:25:09.271,18/01/2026,07:56:02,17_T02,39.121415793,10.180264307,0.2,1843.48,211.31,-13.109,30.3,38.52,13.42,1842.45,4336683.99,1781492.14
00:25:10.263,18/01/2026,07:56:03,17_T02,39.121415205,10.180264920,0.2,1843.50,210.73,-13.086,30.2,38.52,13.42,1842.49,4336684.04,1781492.08
00:25:11.274,18/01/2026,07:56:04,17_T02,39.121414723,10.180265511,0.1,1843.51,210.15,-13.061,30.2,38.52,13.42,1842.49,4336684.09,1781492.03
00:25:12.267,18/01/2026,07:56:05,17_T02,39.121414273,10.180266044,0.1,1843.49,209.68,-13.039,30.3,38.52,13.42,1842.52,4336684.14,1781491.98
00:25:13.277,18/01/2026,07:56:06,17_T02,39.121413874,10.180266471,0.1,1843.45,209.42,-13.023,30.2,38.52,13.42,1842.52,4336684.17,1781491.93
00:25:14.272,18/01/2026,07:56:07,17_T02,39.121413896,10.180267113,0.1,1843.42,209.35,-12.971,30.3,38.52,13.43,1842.44,4336684.23,1781491.94
00:25:15.267,18/01/2026,07:56:08,17_T02,39.121413893,10.180267600,0.1,1843.40,209.45,-12.933,30.3,38.52,13.43,1842.44,4336684.27,1781491.94
00:25:16.264,18/01/2026,07:56:09,17_T02,39.121413557,10.180267786,0.1,1843.40,209.47,-12.933,30.3,38.52,13.44,1842.39,4336684.29,1781491.90
00:25:17.272,18/01/2026,07:56:10,17_T02,39.121413070,10.180268266,0.1,1843.40,208.99,-12.917,30.3,38.52,13.44,1842.39,4336684.33,1781491.84
00:25:18.269,18/01/2026,07:56:11,17_T02,39.121412498,10.180268958,0.1,1843.40,208.15,-12.888,30.3,38.52,13.43,1842.41,4336684.39,1781491.78
00:25:19.264,18/01/2026,07:56:12,17_T02,39.121412014,10.180269581,0.1,1843.40,207.42,-12.860,30.4,38.52,13.43,1842.41,4336684.45,1781491.73
00:25:20.276,18/01/2026,07:56:13,17_T02,39.121411577,10.180270077,0.1,1843.39,206.97,-12.841,30.3,38.52,13.43,1842.39,4336684.49,1781491.68
00:25:21.273,18/01/2026,07:56:14,17_T02,39.121410976,10.180270300,0.1,1843.33,206.71,-12.850,30.4,38.52,13.43,1842.39,4336684.51,1781491.61
00:25:22.267,18/01/2026,07:56:15,17_T02,39.121410444,10.180270356,0.1,1843.25,206.66,-12.870,30.4,38.52,13.43,1842.28,4336684.51,1781491.56
00:25:23.265,18/01/2026,07:56:16,17_T02,39.121410084,10.180270529,0.1,1843.21,206.59,-12.872,30.5,38.52,13.43,1842.28,4336684.53,1781491.52
00:25:24.277,18/01/2026,07:56:17,17_T02,39.121409704,10.180270661,0.1,1843.19,206.58,-12.879,30.5,38.52,13.44,1842.19,4336684.54,1781491.47
00:25:25.276,18/01/2026,07:56:18,17_T02,39.121410062,10.180271788,0.1,1843.23,206.44,-12.773,30.5,38.52,13.44,1842.19,4336684.64,1781491.51
00:25:26.272,18/01/2026,07:56:19,17_T02,39.121410161,10.180272709,0.1,1843.29,206.27,-12.695,30.4,38.52,13.44,1842.25,4336684.72,1781491.52
00:25:27.271,18/01/2026,07:56:20,17_T02,39.121409657,10.180272997,0.1,1843.36,206.01,-12.695,30.3,38.52,13.44,1842.25,4336684.74,1781491.47
00:25:28.267,18/01/2026,07:56:21,17_T02,39.121409275,10.180273280,0.1,1843.43,205.82,-12.690,30.3,38.52,13.44,1842.39,4336684.77,1781491.43
00:25:29.266,18/01/2026,07:56:22,17_T02,39.121409029,10.180273492,0.1,1843.48,205.78,-12.684,30.2,38.52,13.44,1842.39,4336684.79,1781491.40
00:25:30.274,18/01/2026,07:56:23,17_T02,39.121408835,10.180273659,0.1,1843.52,205.90,-12.680,30.2,38.52,13.45,1842.51,4336684.80,1781491.38
00:25:31.270,18/01/2026,07:56:24,17_T02,39.121408213,10.180273475,0.1,1843.55,206.09,-12.722,30.2,38.52,13.45,1842.51,4336684.79,1781491.31
00:25:32.266,18/01/2026,07:56:25,17_T02,39.121407621,10.180273260,0.1,1843.56,206.31,-12.766,30.1,38.52,13.45,1842.51,4336684.77,1781491.24
00:25:33.265,18/01/2026,07:56:26,17_T02,39.121407396,10.180273263,0.1,1843.57,206.54,-12.776,30.1,38.52,13.45,1842.54,4336684.77,1781491.22
00:25:34.263,18/01/2026,07:56:27,17_T02,39.121407453,10.180273428,0.1,1843.57,206.73,-12.761,30.1,38.52,13.45,1842.54,4336684.78,1781491.23
00:25:35.275,18/01/2026,07:56:28,17_T02,39.121407988,10.180274182,0.1,1843.58,206.59,-12.677,30.1,38.52,13.45,1842.57,4336684.85,1781491.28
00:25:36.273,18/01/2026,07:56:29,17_T02,39.121408403,10.180274614,0.1,1843.55,206.66,-12.623,30.1,38.52,13.45,1842.57,4336684.88,1781491.33
00:25:37.271,18/01/2026,07:56:30,17_T02,39.121409079,10.180275379,0.1,1843.53,206.82,-12.532,30.1,38.52,13.45,1842.55,4336684.95,1781491.41
00:25:38.273,18/01/2026,07:56:31,17_T02,39.121410466,10.180276626,0.1,1843.54,206.88,-12.371,30.1,38.52,13.45,1842.55,4336685.06,1781491.56
00:25:39.277,18/01/2026,07:56:32,17_T02,39.121411686,10.180277473,0.2,1843.55,206.99,-12.248,30.1,38.52,13.45,1842.53,4336685.13,1781491.69
00:25:40.274,18/01/2026,07:56:33,17_T02,39.121412609,10.180278124,0.2,1843.54,207.01,-12.155,30.2,38.52,13.45,1842.53,4336685.19,1781491.80
00:25:41.273,18/01/2026,07:56:34,17_T02,39.121413438,10.180278639,0.2,1843.52,207.10,-12.077,30.1,38.52,13.43,1842.53,4336685.23,1781491.89
00:25:42.270,18/01/2026,07:56:35,17_T02,39.121414208,10.180278780,0.2,1843.48,207.40,-12.031,30.2,38.52,13.43,1842.53,4336685.25,1781491.97
00:25:43.263,18/01/2026,07:56:36,17_T02,39.121414807,10.180280337,0.2,1843.44,207.69,-11.880,30.3,38.52,13.43,1842.48,4336685.38,1781492.04
00:25:44.273,18/01/2026,07:56:37,17_T02,39.121415519,10.180281261,0.2,1843.41,208.05,-11.775,30.3,38.52,13.43,1842.48,4336685.46,1781492.12
00:25:45.269,18/01/2026,07:56:38,17_T02,39.121416523,10.180280523,0.2,1843.39,208.61,-11.788,30.3,38.52,13.43,1842.40,4336685.40,1781492.23
00:25:46.269,18/01/2026,07:56:39,17_T02,39.121417769,10.180278968,0.2,1843.40,209.83,-11.855,30.3,38.52,13.43,1842.40,4336685.26,1781492.37
00:25:47.265,18/01/2026,07:56:40,17_T02,39.121418477,10.180278430,0.2,1843.41,209.93,-11.866,30.3,38.52,13.43,1842.39,4336685.21,1781492.44
00:25:48.274,18/01/2026,07:56:41,17_T02,39.121419985,10.180276522,0.2,1843.42,209.61,-11.950,30.4,38.52,13.43,1842.39,4336685.05,1781492.61
00:25:49.270,18/01/2026,07:56:42,17_T02,39.121422296,10.180272983,0.2,1843.44,211.03,-12.126,30.3,38.52,13.43,1842.40,4336684.74,1781492.86
00:25:50.264,18/01/2026,07:56:43,17_T02,39.121422938,10.180272437,0.2,1843.44,210.56,-12.141,30.3,38.52,13.43,1842.40,4336684.69,1781492.93
00:25:51.275,18/01/2026,07:56:44,17_T02,39.121423412,10.180272323,0.2,1843.43,209.47,-12.128,30.3,38.52,13.43,1842.44,4336684.68,1781492.99
00:25:52.270,18/01/2026,07:56:45,17_T02,39.121423796,10.180272497,0.2,1843.42,208.32,-12.097,30.3,38.52,13.43,1842.44,4336684.70,1781493.03
00:25:53.263,18/01/2026,07:56:46,17_T02,39.121424072,10.180272894,0.2,1843.43,207.34,-12.053,30.3,38.52,13.42,1842.40,4336684.73,1781493.06
00:25:54.275,18/01/2026,07:56:47,17_T02,39.121423907,10.180272356,0.2,1843.44,206.65,-12.103,30.3,38.52,13.42,1842.40,4336684.68,1781493.04
00:25:55.271,18/01/2026,07:56:48,17_T02,39.121423960,10.180271653,0.2,1843.47,206.28,-12.157,30.3,38.52,13.42,1842.43,4336684.62,1781493.05
00:25:56.266,18/01/2026,07:56:49,17_T02,39.121424505,10.180271314,0.2,1843.49,206.16,-12.159,30.3,38.52,13.42,1842.43,4336684.59,1781493.11
00:25:57.264,18/01/2026,07:56:50,17_T02,39.121425040,10.180271009,0.2,1843.50,206.17,-12.159,30.3,38.52,13.42,1842.46,4336684.57,1781493.17
00:25:58.274,18/01/2026,07:56:51,17_T02,39.121425506,10.180270837,0.2,1843.50,206.21,-12.152,30.2,38.52,13.42,1842.46,4336684.55,1781493.22
00:25:59.272,18/01/2026,07:56:52,17_T02,39.121425965,10.180270680,0.1,1843.50,206.24,-12.144,30.3,38.52,13.42,1842.48,4336684.54,1781493.27
00:26:00.272,18/01/2026,07:56:53,17_T02,39.121426706,10.180270755,0.1,1843.50,206.31,-12.104,30.3,38.52,13.42,1842.48,4336684.54,1781493.35
00:26:01.271,18/01/2026,07:56:54,17_T02,39.121426991,10.180270462,0.1,1843.51,206.37,-12.115,30.3,38.52,13.42,1842.50,4336684.52,1781493.38
00:26:02.270,18/01/2026,07:56:55,17_T02,39.121426818,10.180269806,0.1,1843.49,206.50,-12.175,30.3,38.52,13.42,1842.50,4336684.46,1781493.36
00:26:03.268,18/01/2026,07:56:56,17_T02,39.121426740,10.180269259,0.1,1843.47,206.66,-12.222,30.3,38.52,13.42,1842.47,4336684.41,1781493.35
00:26:04.265,18/01/2026,07:56:57,17_T02,39.121426820,10.180268833,0.1,1843.46,206.75,-12.252,30.3,38.52,13.42,1842.47,4336684.38,1781493.36
00:26:05.277,18/01/2026,07:56:58,17_T02,39.121426977,10.180268412,0.1,1843.47,206.82,-12.278,30.3,38.52,13.42,1842.45,4336684.34,1781493.38
00:26:06.271,18/01/2026,07:56:59,17_T02,39.121427627,10.180268638,0.1,1843.47,206.87,-12.231,30.3,38.52,13.42,1842.45,4336684.36,1781493.45
00:26:07.266,18/01/2026,07:57:00,17_T02,39.121428200,10.180268856,0.1,1843.48,206.89,-12.188,30.3,38.52,13.42,1842.44,4336684.38,1781493.51
00:26:08.275,18/01/2026,07:57:01,17_T02,39.121428319,10.180268640,0.1,1843.49,206.84,-12.199,30.3,38.52,13.42,1842.44,4336684.36,1781493.53
00:26:09.273,18/01/2026,07:57:02,17_T02,39.121428436,10.180268399,0.1,1843.49,206.79,-12.213,30.3,38.52,13.41,1842.47,4336684.34,1781493.54
00:26:10.272,18/01/2026,07:57:03,17_T02,39.121428603,10.180268226,0.1,1843.49,206.70,-12.220,30.3,38.52,13.41,1842.47,4336684.32,1781493.56
00:26:11.266,18/01/2026,07:57:04,17_T02,39.121430188,10.180267268,0.1,1843.49,206.61,-12.224,30.3,38.52,13.41,1842.48,4336684.24,1781493.73
00:26:12.276,18/01/2026,07:57:05,17_T02,39.121431510,10.180266344,0.1,1843.47,206.57,-12.238,30.3,38.52,13.41,1842.48,4336684.16,1781493.88
00:26:13.275,18/01/2026,07:57:06,17_T02,39.121431643,10.180266153,0.1,1843.45,206.52,-12.247,30.3,38.52,13.41,1842.44,4336684.14,1781493.89
00:26:14.273,18/01/2026,07:57:07,17_T02,39.121431799,10.180265960,0.1,1843.43,206.49,-12.255,30.3,38.52,13.41,1842.44,4336684.13,1781493.91
00:26:15.271,18/01/2026,07:57:08,17_T02,39.121431963,10.180265766,0.1,1843.41,206.49,-12.263,30.4,38.52,13.41,1842.40,4336684.11,1781493.93
00:26:16.263,18/01/2026,07:57:09,17_T02,39.121432075,10.180265521,0.1,1843.38,206.52,-12.278,30.4,38.52,13.41,1842.40,4336684.09,1781493.94
00:26:17.276,18/01/2026,07:57:10,17_T02,39.121431746,10.180264929,0.1,1843.37,206.53,-12.340,30.4,38.52,13.41,1842.37,4336684.04,1781493.90
00:26:18.272,18/01/2026,07:57:11,17_T02,39.121431518,10.180264479,0.1,1843.37,206.44,-12.386,30.5,38.52,13.41,1842.37,4336684.00,1781493.88
00:26:19.272,18/01/2026,07:57:12,17_T02,39.121431616,10.180264370,0.1,1843.38,206.30,-12.390,30.4,38.52,13.41,1842.35,4336683.99,1781493.89
00:26:20.272,18/01/2026,07:57:13,17_T02,39.121431710,10.180264291,0.1,1843.39,206.13,-12.392,30.4,38.52,13.41,1842.35,4336683.98,1781493.90
00:26:21.268,18/01/2026,07:57:14,17_T02,39.121431789,10.180264241,0.1,1843.42,205.97,-12.392,30.4,38.52,13.41,1842.38,4336683.98,1781493.91
00:26:22.264,18/01/2026,07:57:15,17_T02,39.121431879,10.180264122,0.1,1843.44,205.88,-12.398,30.3,38.52,13.41,1842.38,4336683.97,1781493.92
00:26:23.276,18/01/2026,07:57:16,17_T02,39.121432307,10.180264219,0.1,1843.48,205.87,-12.371,30.3,38.52,13.41,1842.44,4336683.97,1781493.97
00:26:24.270,18/01/2026,07:57:17,17_T02,39.121432637,10.180264253,0.1,1843.51,205.91,-12.353,30.3,38.52,13.41,1842.44,4336683.98,1781494.00
00:26:25.267,18/01/2026,07:57:18,17_T02,39.121432562,10.180264652,0.1,1843.54,205.53,-12.325,30.3,38.52,13.41,1842.50,4336684.01,1781493.99
00:26:26.264,18/01/2026,07:57:19,17_T02,39.121432426,10.180265257,0.1,1843.54,205.16,-12.283,30.3,38.52,13.41,1842.50,4336684.06,1781493.98
00:26:27.278,18/01/2026,07:57:20,17_T02,39.121432431,10.180265823,0.1,1843.53,205.08,-12.238,30.3,38.52,13.41,1842.50,4336684.11,1781493.98
00:26:28.272,18/01/2026,07:57:21,17_T02,39.121432556,10.180266197,0.1,1843.51,205.31,-12.202,30.3,38.52,13.41,1842.52,4336684.15,1781493.99
00:26:29.272,18/01/2026,07:57:22,17_T02,39.121432368,10.180264952,0.1,1843.51,205.64,-12.310,30.3,38.52,13.41,1842.52,4336684.04,1781493.97
00:26:30.266,18/01/2026,07:57:23,17_T02,39.121431916,10.180264632,0.1,1843.51,204.82,-12.355,30.2,38.52,13.42,1842.48,4336684.01,1781493.92
00:26:31.265,18/01/2026,07:57:24,17_T02,39.121431235,10.180266661,0.1,1843.53,201.85,-12.225,30.3,38.52,13.42,1842.48,4336684.19,1781493.85
00:26:32.273,18/01/2026,07:57:25,17_T02,39.121430966,10.180267676,0.1,1843.53,200.56,-12.157,30.3,38.52,13.42,1842.50,4336684.28,1781493.82
00:26:33.269,18/01/2026,07:57:26,17_T02,39.121430858,10.180268567,0.1,1843.52,199.68,-12.091,30.3,38.52,13.42,1842.50,4336684.35,1781493.81
00:26:34.277,18/01/2026,07:57:27,17_T02,39.121430945,10.180269088,0.1,1843.50,199.64,-12.045,30.3,38.52,13.42,1842.49,4336684.40,1781493.82
00:26:35.272,18/01/2026,07:57:28,17_T02,39.121431373,10.180270803,0.1,1843.45,200.27,-11.890,30.3,38.52,13.42,1842.49,4336684.55,1781493.86
00:26:36.262,18/01/2026,07:57:29,17_T02,39.121431494,10.180272332,0.1,1843.38,200.75,-11.763,30.4,38.53,13.42,1842.43,4336684.68,1781493.88
00:26:37.276,18/01/2026,07:57:30,17_T02,39.121430445,10.180274897,0.1,1843.33,197.63,-11.607,30.4,38.53,13.42,1842.43,4336684.90,1781493.76
00:26:38.267,18/01/2026,07:57:31,17_T02,39.121428745,10.180280180,0.1,1843.30,190.45,-11.264,30.5,38.51,13.43,1842.31,4336685.36,1781493.58
00:26:39.277,18/01/2026,07:57:32,17_T02,39.121427383,10.180284965,0.2,1843.31,185.11,-10.945,30.5,38.51,13.43,1842.31,4336685.78,1781493.43
00:26:40.273,18/01/2026,07:57:33,17_T02,39.121427310,10.180291595,0.1,1843.34,179.55,-10.422,30.5,38.51,13.47,1842.28,4336686.36,1781493.42
00:26:41.271,18/01/2026,07:57:34,17_T02,39.121427603,10.180300119,0.2,1843.39,172.27,-9.732,30.4,38.51,13.47,1842.28,4336687.10,1781493.45
00:26:42.267,18/01/2026,07:57:35,17_T02,39.121428043,10.180308525,0.2,1843.45,164.29,-9.045,30.3,38.51,13.43,1842.33,4336687.83,1781493.50
00:26:43.276,18/01/2026,07:57:36,17_T02,39.121428462,10.180312793,0.2,1843.47,161.05,-8.687,30.3,38.51,13.43,1842.33,4336688.20,1781493.55
00:26:44.271,18/01/2026,07:57:37,17_T02,39.121427999,10.180311487,0.2,1843.48,165.34,-8.811,30.4,38.53,13.42,1842.44,4336688.09,1781493.50
00:26:45.263,18/01/2026,07:57:38,17_T02,39.121427809,10.180310752,0.3,1843.48,167.89,-8.878,30.3,38.53,13.42,1842.44,4336688.02,1781493.48
00:26:46.274,18/01/2026,07:57:39,17_T02,39.121428639,10.180308325,0.3,1843.50,175.61,-9.034,30.3,38.53,13.43,1842.45,4336687.81,1781493.57
00:26:47.264,18/01/2026,07:57:40,17_T02,39.121429700,10.180309143,0.4,1843.49,178.25,-8.921,30.3,38.53,13.43,1842.45,4336687.88,1781493.69
00:26:48.288,18/01/2026,07:57:41,17_T02,39.121429668,10.180310775,0.4,1843.48,178.08,-8.793,30.3,38.52,13.42,1842.45,4336688.03,1781493.68
00:26:49.269,18/01/2026,07:57:42,17_T02,39.121429642,10.180313622,0.4,1843.49,177.40,-8.568,30.3,38.52,13.42,1842.45,4336688.27,1781493.68
00:26:50.264,18/01/2026,07:57:43,17_T02,39.121429362,10.180319119,0.4,1843.50,173.75,-8.144,30.3,38.52,13.43,1842.45,4336688.75,1781493.65
00:26:51.270,18/01/2026,07:57:44,17_T02,39.121429127,10.180326329,0.4,1843.50,169.24,-7.582,30.3,38.52,13.43,1842.45,4336689.38,1781493.63
00:26:52.271,18/01/2026,07:57:45,17_T02,39.121428343,10.180332131,0.4,1843.51,164.90,-7.157,30.3,38.52,13.43,1842.44,4336689.88,1781493.54
00:26:53.265,18/01/2026,07:57:46,17_T02,39.121428175,10.180337050,0.4,1843.52,162.22,-6.773,30.3,38.52,13.43,1842.44,4336690.31,1781493.53
00:26:54.277,18/01/2026,07:57:47,17_T02,39.121429108,10.180342513,0.5,1843.51,160.68,-6.298,30.3,38.52,13.42,1842.46,4336690.79,1781493.63
00:26:55.269,18/01/2026,07:57:48,17_T02,39.121430200,10.180347236,0.5,1843.49,160.18,-5.873,30.3,38.52,13.42,1842.46,4336691.20,1781493.75
00:26:56.265,18/01/2026,07:57:49,17_T02,39.121431073,10.180349730,0.6,1843.48,162.27,-5.636,30.3,38.52,13.44,1842.41,4336691.41,1781493.85
00:26:57.277,18/01/2026,07:57:50,17_T02,39.121431674,10.180349564,0.7,1843.47,167.19,-5.622,30.3,38.52,13.44,1842.41,4336691.40,1781493.91
00:26:58.272,18/01/2026,07:57:51,17_T02,39.121431507,10.180348457,0.7,1843.48,169.62,-5.717,30.3,38.52,13.43,1842.44,4336691.30,1781493.90
00:26:59.272,18/01/2026,07:57:52,17_T02,39.121432004,10.180352313,0.6,1843.51,164.05,-5.389,30.4,38.52,13.43,1842.44,4336691.64,1781493.95
00:27:00.267,18/01/2026,07:57:53,17_T02,39.121432898,10.180354947,0.5,1843.54,162.35,-5.139,30.2,38.52,13.42,1842.48,4336691.87,1781494.05
00:27:01.263,18/01/2026,07:57:54,17_T02,39.121434429,10.180359903,0.4,1843.54,157.33,-4.677,30.3,38.52,13.42,1842.48,4336692.30,1781494.22
00:27:02.272,18/01/2026,07:57:55,17_T02,39.121435937,10.180363837,0.3,1843.52,153.73,-4.296,30.2,38.52,13.42,1842.49,4336692.64,1781494.39
00:27:03.269,18/01/2026,07:57:56,17_T02,39.121437486,10.180367216,0.2,1843.49,150.28,-3.958,30.3,38.52,13.42,1842.49,4336692.93,1781494.56
00:27:04.264,18/01/2026,07:57:57,17_T02,39.121438726,10.180369679,0.2,1843.47,147.99,-3.706,30.2,38.52,13.42,1842.46,4336693.15,1781494.70
00:27:05.267,18/01/2026,07:57:58,17_T02,39.121439495,10.180371266,0.2,1843.47,147.09,-3.546,30.3,38.52,13.42,1842.46,4336693.29,1781494.78
00:27:06.267,18/01/2026,07:57:59,17_T02,39.121440632,10.180373861,0.2,1843.47,144.77,-3.288,30.3,38.52,13.42,1842.42,4336693.51,1781494.91
00:27:07.264,18/01/2026,07:58:00,17_T02,39.121441813,10.180376305,0.1,1843.47,142.81,-3.041,30.3,38.52,13.42,1842.42,4336693.72,1781495.04
00:27:08.277,18/01/2026,07:58:01,17_T02,39.121443207,10.180379057,0.1,1843.41,139.57,-2.760,30.3,38.52,13.42,1842.41,4336693.96,1781495.19
00:27:09.270,18/01/2026,07:58:02,17_T02,39.121444831,10.180383058,0.1,1843.34,137.07,-2.369,30.4,38.52,13.42,1842.41,4336694.31,1781495.37
00:27:10.264,18/01/2026,07:58:03,17_T02,39.121445715,10.180385584,0.2,1843.28,136.79,-2.128,30.5,38.52,13.42,1842.28,4336694.53,1781495.47
00:27:11.276,18/01/2026,07:58:04,17_T02,39.121446205,10.180386405,0.2,1843.26,136.86,-2.041,30.5,38.52,13.42,1842.28,4336694.60,1781495.52
00:27:12.269,18/01/2026,07:58:05,17_T02,39.121447658,10.180388993,0.2,1843.26,133.74,-1.770,30.5,38.52,13.42,1842.21,4336694.83,1781495.69
00:27:13.267,18/01/2026,07:58:06,17_T02,39.121448391,10.180390759,0.2,1843.30,132.41,-1.596,30.5,38.52,13.42,1842.21,4336694.98,1781495.77
00:27:14.265,18/01/2026,07:58:07,17_T02,39.121448805,10.180392334,0.2,1843.34,131.49,-1.453,30.4,38.52,13.42,1842.28,4336695.12,1781495.81
00:27:15.277,18/01/2026,07:58:08,17_T02,39.121448839,10.180392665,0.2,1843.38,130.82,-1.425,30.4,38.52,13.42,1842.28,4336695.15,1781495.82
00:27:16.275,18/01/2026,07:58:09,17_T02,39.121448809,10.180392954,0.2,1843.43,130.79,-1.403,30.3,38.52,13.42,1842.36,4336695.17,1781495.81
00:27:17.271,18/01/2026,07:58:10,17_T02,39.121448756,10.180394040,0.1,1843.48,131.28,-1.319,30.3,38.52,13.42,1842.36,4336695.27,1781495.81
00:27:18.265,18/01/2026,07:58:11,17_T02,39.121448559,10.180394881,0.2,1843.54,132.02,-1.262,30.2,38.52,13.42,1842.48,4336695.34,1781495.79
00:27:19.263,18/01/2026,07:58:12,17_T02,39.121448455,10.180395763,0.2,1843.59,132.61,-1.196,30.2,38.52,13.42,1842.48,4336695.42,1781495.78
00:27:20.272,18/01/2026,07:58:13,17_T02,39.121449561,10.180398062,0.2,1843.61,130.23,-0.964,30.2,38.52,13.42,1842.56,4336695.62,1781495.90
00:27:21.270,18/01/2026,07:58:14,17_T02,39.121450072,10.180400789,0.2,1843.60,130.51,-0.724,30.2,38.52,13.42,1842.56,4336695.85,1781495.95
00:27:22.262,18/01/2026,07:58:15,17_T02,39.121450208,10.180402761,0.2,1843.58,131.44,-0.561,30.2,38.52,13.42,1842.56,4336696.02,1781495.97
00:27:23.273,18/01/2026,07:58:16,17_T02,39.121450265,10.180403767,0.2,1843.57,131.56,-0.479,30.3,38.52,13.42,1842.55,4336696.11,1781495.98
00:27:24.272,18/01/2026,07:58:17,17_T02,39.121450963,10.180405768,0.2,1843.56,129.87,-0.288,30.2,38.52,13.42,1842.55,4336696.29,1781496.05
00:27:25.269,18/01/2026,07:58:18,17_T02,39.121451126,10.180407123,0.2,1843.55,129.47,-0.174,30.3,38.52,13.42,1842.53,4336696.40,1781496.07
00:27:26.271,18/01/2026,07:58:19,17_T02,39.121452099,10.180409189,0.2,1843.54,127.13,0.034,30.2,38.52,13.42,1842.53,4336696.58,1781496.18
00:27:27.266,18/01/2026,07:58:20,17_T02,39.121452101,10.180411016,0.2,1843.52,126.37,0.180,30.2,38.52,13.42,1842.51,4336696.74,1781496.18
00:27:28.276,18/01/2026,07:58:21,17_T02,39.121452840,10.180413438,0.2,1843.50,124.07,0.405,30.3,38.52,13.42,1842.51,4336696.95,1781496.26
00:27:29.266,18/01/2026,07:58:22,17_T02,39.121454242,10.180415607,0.2,1843.48,121.00,0.641,30.3,38.52,13.42,1842.46,4336697.14,1781496.42
00:27:30.276,18/01/2026,07:58:23,17_T02,39.121454458,10.180416658,0.2,1843.47,120.60,0.734,30.3,38.52,13.42,1842.46,4336697.23,1781496.44
00:27:31.273,18/01/2026,07:58:24,17_T02,39.121454790,10.180417720,0.2,1843.47,120.00,0.833,30.3,38.52,13.42,1842.42,4336697.32,1781496.48
00:27:32.266,18/01/2026,07:58:25,17_T02,39.121455343,10.180419000,0.1,1843.47,119.00,0.960,30.3,38.52,13.42,1842.42,4336697.44,1781496.54
00:27:33.289,18/01/2026,07:58:26,17_T02,39.121455865,10.180418791,0.1,1843.47,118.27,0.967,30.3,38.52,13.42,1842.43,4336697.42,1781496.60
00:27:34.265,18/01/2026,07:58:27,17_T02,39.121456030,10.180418616,0.1,1843.47,118.05,0.960,30.4,38.52,13.42,1842.43,4336697.40,1781496.62
00:27:35.272,18/01/2026,07:58:28,17_T02,39.121455882,10.180419535,0.1,1843.42,118.29,1.027,30.3,38.52,13.42,1842.41,4336697.48,1781496.60
00:27:36.268,18/01/2026,07:58:29,17_T02,39.121455944,10.180420566,0.1,1843.33,118.25,1.111,30.4,38.52,13.42,1842.41,4336697.57,1781496.61
00:27:37.274,18/01/2026,07:58:30,17_T02,39.121456210,10.180421459,0.1,1843.27,118.02,1.194,30.5,38.52,13.42,1842.29,4336697.65,1781496.64
00:27:38.272,18/01/2026,07:58:31,17_T02,39.121456401,10.180422050,0.1,1843.22,117.77,1.250,30.6,38.52,13.42,1842.29,4336697.70,1781496.66
00:27:39.275,18/01/2026,07:58:32,17_T02,39.121456806,10.180422913,0.1,1843.22,116.93,1.337,30.6,38.52,13.42,1842.18,4336697.78,1781496.70
00:27:40.268,18/01/2026,07:58:33,17_T02,39.121457082,10.180423886,0.1,1843.26,116.46,1.426,30.5,38.52,13.42,1842.18,4336697.86,1781496.73
00:27:41.264,18/01/2026,07:58:34,17_T02,39.121457179,10.180424791,0.1,1843.31,116.39,1.503,30.5,38.52,13.42,1842.19,4336697.94,1781496.74
00:27:42.263,18/01/2026,07:58:35,17_T02,39.121457284,10.180425601,0.1,1843.35,116.43,1.572,30.4,38.52,13.42,1842.19,4336698.01,1781496.76
00:27:43.272,18/01/2026,07:58:36,17_T02,39.121457532,10.180426395,0.1,1843.38,116.17,1.646,30.4,38.52,13.41,1842.31,4336698.08,1781496.78
00:27:44.267,18/01/2026,07:58:37,17_T02,39.121458482,10.180429296,0.1,1843.39,115.14,1.919,30.4,38.52,13.41,1842.31,4336698.33,1781496.89
00:27:45.263,18/01/2026,07:58:38,17_T02,39.121460589,10.180432489,0.1,1843.40,111.71,2.268,30.3,38.52,13.41,1842.36,4336698.61,1781497.12
00:27:46.282,18/01/2026,07:58:39,17_T02,39.121460990,10.180433346,0.1,1843.37,111.10,2.354,30.4,38.52,13.41,1842.36,4336698.68,1781497.17
00:27:47.268,18/01/2026,07:58:40,17_T02,39.121460808,10.180433805,0.1,1843.32,111.82,2.382,30.5,38.52,13.41,1842.33,4336698.72,1781497.15
00:27:48.265,18/01/2026,07:58:41,17_T02,39.121460964,10.180434232,0.1,1843.29,111.97,2.423,30.5,38.52,13.41,1842.33,4336698.76,1781497.16
00:27:49.264,18/01/2026,07:58:42,17_T02,39.121462712,10.180435620,0.1,1843.27,108.73,2.612,30.5,38.52,13.42,1842.24,4336698.88,1781497.36
00:27:50.276,18/01/2026,07:58:43,17_T02,39.121463107,10.180436125,0.1,1843.27,106.33,2.670,30.5,38.52,13.42,1842.24,4336698.92,1781497.40
00:27:51.275,18/01/2026,07:58:44,17_T02,39.121463033,10.180436430,0.2,1843.31,105.45,2.691,30.4,38.52,13.42,1842.23,4336698.95,1781497.39
00:27:52.277,18/01/2026,07:58:45,17_T02,39.121464416,10.180437500,0.1,1843.35,103.20,2.838,30.4,38.52,13.42,1842.23,4336699.04,1781497.54
00:27:53.270,18/01/2026,07:58:46,17_T02,39.121465769,10.180438446,0.1,1843.41,101.27,2.974,30.3,38.52,13.42,1842.33,4336699.12,1781497.69
00:27:54.271,18/01/2026,07:58:47,17_T02,39.121466715,10.180439283,0.1,1843.46,100.13,3.084,30.3,38.52,13.42,1842.33,4336699.20,1781497.80
00:27:55.269,18/01/2026,07:58:48,17_T02,39.121467971,10.180440416,0.1,1843.49,98.21,3.230,30.3,38.52,13.42,1842.43,4336699.30,1781497.94
00:27:56.276,18/01/2026,07:58:49,17_T02,39.121470707,10.180442989,0.1,1843.52,94.65,3.558,30.1,38.52,13.42,1842.43,4336699.52,1781498.24
00:27:57.271,18/01/2026,07:58:50,17_T02,39.121472778,10.180445076,0.2,1843.54,92.10,3.817,30.2,38.52,13.41,1842.49,4336699.70,1781498.47
00:27:58.268,18/01/2026,07:58:51,17_T02,39.121475544,10.180446736,0.2,1843.55,88.28,4.074,30.2,38.52,13.41,1842.49,4336699.84,1781498.77
00:27:59.267,18/01/2026,07:58:52,17_T02,39.121479004,10.180447974,0.2,1843.55,83.92,4.328,30.1,38.52,13.42,1842.51,4336699.95,1781499.16
00:28:00.265,18/01/2026,07:58:53,17_T02,39.121482725,10.180448632,0.2,1843.57,79.67,4.548,30.2,38.52,13.42,1842.51,4336700.01,1781499.57
00:28:01.274,18/01/2026,07:58:54,17_T02,39.121486054,10.180448672,0.2,1843.58,76.32,4.701,30.2,38.52,13.43,1842.53,4336700.01,1781499.93
00:28:02.270,18/01/2026,07:58:55,17_T02,39.121486235,10.180448805,0.2,1843.56,76.09,4.720,30.2,38.52,13.43,1842.53,4336700.02,1781499.95
00:28:03.269,18/01/2026,07:58:56,17_T02,39.121485402,10.180448891,0.2,1843.53,77.76,4.689,30.2,38.53,13.43,1842.52,4336700.03,1781499.86
00:28:04.266,18/01/2026,07:58:57,17_T02,39.121486614,10.180448600,0.2,1843.51,77.28,4.721,30.3,38.53,13.43,1842.52,4336700.00,1781500.00
00:28:05.264,18/01/2026,07:58:58,17_T02,39.121487966,10.180448398,0.2,1843.50,76.55,4.766,30.2,38.51,13.44,1842.46,4336699.99,1781500.15
00:28:06.276,18/01/2026,07:58:59,17_T02,39.121489225,10.180448348,0.2,1843.50,76.15,4.819,30.3,38.51,13.44,1842.46,4336699.98,1781500.28
00:28:07.272,18/01/2026,07:59:00,17_T02,39.121491669,10.180449552,0.2,1843.50,76.09,5.025,30.2,38.52,13.43,1842.46,4336700.09,1781500.55
00:28:08.268,18/01/2026,07:59:01,17_T02,39.121493617,10.180450459,0.2,1843.50,76.22,5.184,30.2,38.52,13.43,1842.46,4336700.16,1781500.77
00:28:09.262,18/01/2026,07:59:02,17_T02,39.121494235,10.180450408,0.2,1843.50,76.38,5.208,30.2,38.52,13.43,1842.47,4336700.16,1781500.84
00:28:10.275,18/01/2026,07:59:03,17_T02,39.121494840,10.180450355,0.2,1843.50,76.54,5.231,30.2,38.52,13.43,1842.47,4336700.15,1781500.90
00:28:11.272,18/01/2026,07:59:04,17_T02,39.121495428,10.180450326,0.2,1843.49,76.65,5.256,30.2,38.52,13.43,1842.45,4336700.15,1781500.97
00:28:12.267,18/01/2026,07:59:05,17_T02,39.121496070,10.180450266,0.2,1843.50,76.68,5.280,30.2,38.52,13.43,1842.45,4336700.15,1781501.04
00:28:13.276,18/01/2026,07:59:06,17_T02,39.121496214,10.180448285,0.2,1843.50,76.69,5.129,30.3,38.52,13.43,1842.45,4336699.97,1781501.06
00:28:14.270,18/01/2026,07:59:07,17_T02,39.121496459,10.180446681,0.2,1843.50,76.67,5.013,30.3,38.52,13.43,1842.45,4336699.83,1781501.08
00:28:15.270,18/01/2026,07:59:08,17_T02,39.121497040,10.180446607,0.1,1843.50,76.63,5.033,30.2,38.52,13.42,1842.47,4336699.83,1781501.15
00:28:16.262,18/01/2026,07:59:09,17_T02,39.121497589,10.180446650,0.1,1843.46,76.70,5.061,30.3,38.52,13.42,1842.47,4336699.83,1781501.21
00:28:17.272,18/01/2026,07:59:10,17_T02,39.121498071,10.180446753,0.1,1843.37,76.87,5.091,30.4,38.52,13.43,1842.38,4336699.84,1781501.26
00:28:18.265,18/01/2026,07:59:11,17_T02,39.121498556,10.180446529,0.1,1843.30,76.84,5.095,30.5,38.52,13.43,1842.38,4336699.82,1781501.31
00:28:19.275,18/01/2026,07:59:12,17_T02,39.121499939,10.180448307,0.1,1843.25,76.85,5.299,30.6,38.52,13.43,1842.38,4336699.97,1781501.47
00:28:20.273,18/01/2026,07:59:13,17_T02,39.121501116,10.180449914,0.2,1843.23,76.90,5.479,30.6,38.52,13.43,1842.23,4336700.11,1781501.60
00:28:21.267,18/01/2026,07:59:14,17_T02,39.121501528,10.180449958,0.2,1843.25,76.93,5.502,30.5,38.52,13.43,1842.23,4336700.12,1781501.64
00:28:22.264,18/01/2026,07:59:15,17_T02,39.121501988,10.180450022,0.1,1843.28,76.89,5.527,30.5,38.52,13.43,1842.22,4336700.12,1781501.69
00:28:23.265,18/01/2026,07:59:16,17_T02,39.121502533,10.180450031,0.1,1843.31,76.75,5.553,30.5,38.52,13.43,1842.22,4336700.12,1781501.75
00:28:24.276,18/01/2026,07:59:17,17_T02,39.121503069,10.180449873,0.1,1843.36,76.54,5.564,30.4,38.52,13.43,1842.28,4336700.11,1781501.81
00:28:25.267,18/01/2026,07:59:18,17_T02,39.121503513,10.180447418,0.1,1843.50,75.96,5.389,30.3,38.52,13.43,1842.28,4336699.90,1781501.86
00:28:26.263,18/01/2026,07:59:19,17_T02,39.121504238,10.180445133,0.2,1843.71,74.95,5.241,30.1,38.52,13.43,1842.44,4336699.70,1781501.94
00:28:27.269,18/01/2026,07:59:20,17_T02,39.121505237,10.180444226,0.2,1844.04,73.59,5.214,29.9,38.52,13.43,1842.44,4336699.62,1781502.05
00:28:28.276,18/01/2026,07:59:21,17_T02,39.121506377,10.180443075,0.2,1844.45,71.83,5.174,29.5,38.51,13.42,1842.94,4336699.52,1781502.18
00:28:29.269,18/01/2026,07:59:22,17_T02,39.121508543,10.180441383,0.1,1844.91,67.85,5.137,29.0,38.51,13.42,1842.94,4336699.37,1781502.41
00:28:30.263,18/01/2026,07:59:23,17_T02,39.121509070,10.180440658,0.1,1845.21,67.17,5.103,28.7,38.52,13.41,1843.82,4336699.31,1781502.47
00:28:31.275,18/01/2026,07:59:24,17_T02,39.121508719,10.180440449,0.1,1845.38,67.41,5.071,28.5,38.52,13.41,1843.82,4336699.29,1781502.43
00:28:32.263,18/01/2026,07:59:25,17_T02,39.121508071,10.180440132,0.1,1845.43,68.22,5.016,28.5,38.52,13.41,1844.34,4336699.26,1781502.36
00:28:33.275,18/01/2026,07:59:26,17_T02,39.121508523,10.180439041,0.1,1845.38,67.18,4.950,28.5,38.52,13.41,1844.34,4336699.17,1781502.41
00:28:34.272,18/01/2026,07:59:27,17_T02,39.121509102,10.180438033,0.1,1845.29,65.76,4.896,28.5,38.52,13.42,1844.38,4336699.08,1781502.48
00:28:35.267,18/01/2026,07:59:28,17_T02,39.121509612,10.180437214,0.1,1845.20,64.89,4.854,28.5,38.52,13.42,1844.38,4336699.01,1781502.53
00:28:36.273,18/01/2026,07:59:29,17_T02,39.121509354,10.180434027,0.1,1845.29,64.01,4.589,28.5,38.52,13.42,1844.17,4336698.73,1781502.50
00:28:37.267,18/01/2026,07:59:30,17_T02,39.121509825,10.180432321,0.1,1845.46,62.81,4.475,28.5,38.52,13.42,1844.17,4336698.58,1781502.55
00:28:38.261,18/01/2026,07:59:31,17_T02,39.121510533,10.180432960,0.1,1845.72,62.45,4.558,28.3,38.52,13.42,1844.44,4336698.64,1781502.63
00:28:39.271,18/01/2026,07:59:32,17_T02,39.121510708,10.180433609,0.1,1846.09,62.87,4.617,27.9,38.52,13.42,1844.44,4336698.69,1781502.65
00:28:40.268,18/01/2026,07:59:33,17_T02,39.121510994,10.180434015,0.1,1846.55,63.18,4.662,27.5,38.52,13.42,1845.06,4336698.73,1781502.68
00:28:41.276,18/01/2026,07:59:34,17_T02,39.121511514,10.180434073,0.1,1847.07,62.99,4.691,27.0,38.52,13.42,1845.06,4336698.73,1781502.74
00:28:42.270,18/01/2026,07:59:35,17_T02,39.121511239,10.180431829,0.1,1847.64,62.73,4.500,26.4,38.52,13.41,1846.09,4336698.54,1781502.71
00:28:43.261,18/01/2026,07:59:36,17_T02,39.121510830,10.180429770,0.2,1848.24,62.48,4.318,25.8,38.52,13.41,1846.09,4336698.36,1781502.66
00:28:44.274,18/01/2026,07:59:37,17_T02,39.121510831,10.180429116,0.2,1848.84,62.16,4.266,25.2,38.52,13.41,1847.28,4336698.30,1781502.66
00:28:45.268,18/01/2026,07:59:38,17_T02,39.121510956,10.180428493,0.1,1849.45,61.61,4.222,24.6,38.52,13.41,1847.28,4336698.25,1781502.68
00:28:46.262,18/01/2026,07:59:39,17_T02,39.121510965,10.180428464,0.1,1850.08,61.61,4.220,24.0,38.52,13.41,1848.51,4336698.25,1781502.68
00:28:47.272,18/01/2026,07:59:40,17_T02,39.121510639,10.180428828,0.1,1850.73,62.51,4.235,23.4,38.52,13.41,1848.51,4336698.28,1781502.64
00:28:48.275,18/01/2026,07:59:41,17_T02,39.121510970,10.180429935,0.1,1851.40,63.72,4.337,22.7,38.52,13.41,1849.83,4336698.37,1781502.68
00:28:49.275,18/01/2026,07:59:42,17_T02,39.121511335,10.180431281,0.2,1851.92,64.97,4.461,22.1,38.52,13.41,1849.83,4336698.49,1781502.72
00:28:50.272,18/01/2026,07:59:43,17_T02,39.121511214,10.180431992,0.2,1852.49,65.86,4.512,21.6,38.52,13.42,1851.00,4336698.55,1781502.71
00:28:51.266,18/01/2026,07:59:44,17_T02,39.121511266,10.180432354,0.2,1853.06,66.14,4.543,21.2,38.52,13.42,1851.00,4336698.58,1781502.71
00:28:52.266,18/01/2026,07:59:45,17_T02,39.121511651,10.180432363,0.2,1853.64,65.91,4.561,20.5,38.52,13.41,1852.17,4336698.58,1781502.76
00:28:53.264,18/01/2026,07:59:46,17_T02,39.121512177,10.180432180,0.2,1854.26,65.28,4.570,20.0,38.52,13.41,1852.17,4336698.57,1781502.81
00:28:54.262,18/01/2026,07:59:47,17_T02,39.121512746,10.180431961,0.2,1854.91,64.42,4.578,19.3,38.52,13.41,1853.42,4336698.55,1781502.88
00:28:55.271,18/01/2026,07:59:48,17_T02,39.121513209,10.180431729,0.2,1855.57,63.78,4.581,18.7,38.52,13.41,1853.42,4336698.53,1781502.93
00:28:56.267,18/01/2026,07:59:49,17_T02,39.121513487,10.180431772,0.1,1856.23,63.65,4.597,18.0,38.52,13.41,1854.75,4336698.53,1781502.96
00:28:57.265,18/01/2026,07:59:50,17_T02,39.121513813,10.180433434,0.1,1856.77,64.50,4.743,17.4,38.52,13.41,1854.75,4336698.68,1781502.99
00:28:58.264,18/01/2026,07:59:51,17_T02,39.121513948,10.180436679,0.2,1857.09,66.58,5.007,17.1,38.52,13.42,1855.86,4336698.96,1781503.01
00:28:59.263,18/01/2026,07:59:52,17_T02,39.121514224,10.180440147,0.2,1857.27,68.54,5.295,17.1,38.52,13.42,1855.86,4336699.26,1781503.04
00:29:00.277,18/01/2026,07:59:53,17_T02,39.121513951,10.180443094,0.3,1857.29,70.28,5.517,17.1,38.52,13.42,1856.24,4336699.52,1781503.01
00:29:01.277,18/01/2026,07:59:54,17_T02,39.121514323,10.180446154,0.4,1857.19,71.80,5.777,17.2,38.52,13.42,1856.24,4336699.78,1781503.05
00:29:02.271,18/01/2026,07:59:55,17_T02,39.121515891,10.180449813,0.5,1857.02,72.41,6.138,17.3,38.52,13.42,1856.10,4336700.10,1781503.23
00:29:03.270,18/01/2026,07:59:56,17_T02,39.121517738,10.180453244,0.6,1856.81,72.13,6.494,17.4,38.52,13.42,1856.10,4336700.40,1781503.43
00:29:04.268,18/01/2026,07:59:57,17_T02,39.121519683,10.180457137,0.6,1856.58,71.65,6.891,17.6,38.52,13.43,1855.71,4336700.74,1781503.65
00:29:05.274,18/01/2026,07:59:58,17_T02,39.121520899,10.180460168,0.6,1856.36,70.93,7.186,17.8,38.52,13.43,1855.71,4336701.00,1781503.78
00:29:06.269,18/01/2026,07:59:59,17_T02,39.121522242,10.180463392,0.6,1856.18,70.08,7.503,17.9,38.52,13.43,1855.24,4336701.28,1781503.93
00:29:07.268,18/01/2026,08:00:00,17_T02,39.121524196,10.180466623,0.6,1856.15,68.75,7.847,17.9,38.52,13.43,1855.24,4336701.56,1781504.15
00:29:08.265,18/01/2026,08:00:01,17_T02,39.121526263,10.180469411,0.6,1856.27,66.79,8.162,17.9,38.51,13.43,1855.16,4336701.80,1781504.38
00:29:09.272,18/01/2026,08:00:02,17_T02,39.121528441,10.180472291,0.6,1856.55,65.06,8.489,17.7,38.51,13.43,1855.16,4336702.05,1781504.62
00:29:10.265,18/01/2026,08:00:03,17_T02,39.121530352,10.180475001,0.6,1856.96,63.74,8.790,17.3,38.51,13.42,1855.73,4336702.29,1781504.83
00:29:11.263,18/01/2026,08:00:04,17_T02,39.121531709,10.180477223,0.6,1857.38,63.04,9.028,16.8,38.51,13.42,1855.73,4336702.48,1781504.98
00:29:12.271,18/01/2026,08:00:05,17_T02,39.121532337,10.180478800,0.5,1857.80,62.92,9.182,16.5,38.52,13.42,1856.60,4336702.62,1781505.05
00:29:13.265,18/01/2026,08:00:06,17_T02,39.121532688,10.180479574,0.5,1858.23,62.55,9.259,16.1,38.52,13.42,1856.60,4336702.69,1781505.09
00:29:14.261,18/01/2026,08:00:07,17_T02,39.121532947,10.180479710,0.4,1858.68,62.04,9.281,15.6,38.52,13.41,1857.49,4336702.70,1781505.12
00:29:15.274,18/01/2026,08:00:08,17_T02,39.121533290,10.180479405,0.4,1859.19,61.33,9.273,15.1,38.52,13.41,1857.49,4336702.67,1781505.15
00:29:16.267,18/01/2026,08:00:09,17_T02,39.121533563,10.180478890,0.4,1859.74,60.59,9.244,14.6,38.52,13.41,1857.49,4336702.63,1781505.18
00:29:17.265,18/01/2026,08:00:10,17_T02,39.121534408,10.180480551,0.3,1860.34,60.02,9.414,14.0,38.52,13.41,1858.55,4336702.77,1781505.28
00:29:18.263,18/01/2026,08:00:11,17_T02,39.121534989,10.180481749,0.3,1860.96,59.54,9.535,13.4,38.52,13.41,1858.55,4336702.88,1781505.34
00:29:19.272,18/01/2026,08:00:12,17_T02,39.121534747,10.180480813,0.2,1861.60,59.23,9.450,12.8,38.52,13.41,1859.77,4336702.79,1781505.31
00:29:20.268,18/01/2026,08:00:13,17_T02,39.121534467,10.180479755,0.2,1862.24,58.90,9.354,12.2,38.52,13.41,1859.77,4336702.70,1781505.28
00:29:21.265,18/01/2026,08:00:14,17_T02,39.121534103,10.180478537,0.2,1862.90,58.57,9.240,11.6,38.52,13.41,1861.06,4336702.60,1781505.24
00:29:22.261,18/01/2026,08:00:15,17_T02,39.121533591,10.180477329,0.2,1863.56,58.34,9.121,10.9,38.52,13.41,1861.06,4336702.49,1781505.19
00:29:23.272,18/01/2026,08:00:16,17_T02,39.121533358,10.180478233,0.2,1864.24,58.05,9.183,10.3,38.52,13.41,1862.40,4336702.57,1781505.16
00:29:24.263,18/01/2026,08:00:17,17_T02,39.121532864,10.180479085,0.2,1864.85,58.43,9.228,9.6,38.52,13.41,1862.40,4336702.64,1781505.11
00:29:25.274,18/01/2026,08:00:18,17_T02,39.121531513,10.180478726,0.2,1865.24,60.58,9.139,9.2,38.52,13.41,1863.72,4336702.61,1781504.96
00:29:26.267,18/01/2026,08:00:19,17_T02,39.121529555,10.180478192,0.2,1865.66,63.16,9.008,8.8,38.52,13.41,1863.72,4336702.57,1781504.74
00:29:27.274,18/01/2026,08:00:20,17_T02,39.121528205,10.180477025,0.3,1866.12,63.93,8.854,8.4,38.52,13.42,1864.61,4336702.47,1781504.59
00:29:28.262,18/01/2026,08:00:21,17_T02,39.121527760,10.180475749,0.3,1866.56,63.51,8.733,7.9,38.52,13.42,1864.61,4336702.36,1781504.54
00:29:29.261,18/01/2026,08:00:22,17_T02,39.121528165,10.180475725,0.2,1866.99,63.66,8.749,7.5,38.52,13.41,1865.50,4336702.35,1781504.59
00:29:30.269,18/01/2026,08:00:23,17_T02,39.121528857,10.180475388,0.2,1867.53,63.20,8.754,7.0,38.52,13.41,1865.50,4336702.32,1781504.66
00:29:31.275,18/01/2026,08:00:24,17_T02,39.121528819,10.180474819,0.2,1868.00,63.15,8.707,6.5,38.52,13.41,1866.50,4336702.27,1781504.66
00:29:32.276,18/01/2026,08:00:25,17_T02,39.121528281,10.180475095,0.2,1868.31,64.28,8.705,6.2,38.52,13.41,1866.50,4336702.30,1781504.60
00:29:33.283,18/01/2026,08:00:26,17_T02,39.121527223,10.180475601,0.2,1868.47,65.81,8.697,6.0,38.52,13.41,1867.30,4336702.34,1781504.48
00:29:34.278,18/01/2026,08:00:27,17_T02,39.121527258,10.180475698,0.2,1868.50,67.03,8.706,5.9,38.52,13.41,1867.30,4336702.35,1781504.49
00:29:35.276,18/01/2026,08:00:28,17_T02,39.121527310,10.180475513,0.2,1868.44,68.13,8.694,6.0,38.52,13.42,1867.46,4336702.34,1781504.49
00:29:36.271,18/01/2026,08:00:29,17_T02,39.121526864,10.180474922,0.1,1868.43,68.87,8.627,6.0,38.52,13.42,1867.46,4336702.28,1781504.44
00:29:37.263,18/01/2026,08:00:30,17_T02,39.121526750,10.180474532,0.1,1868.42,69.16,8.591,6.0,38.52,13.42,1867.43,4336702.25,1781504.43
00:29:38.274,18/01/2026,08:00:31,17_T02,39.121526725,10.180474741,0.1,1868.45,69.20,8.606,6.0,38.52,13.42,1867.43,4336702.27,1781504.43
00:29:39.269,18/01/2026,08:00:32,17_T02,39.121526777,10.180475054,0.1,1868.52,68.96,8.633,5.9,38.52,13.42,1867.46,4336702.30,1781504.43
00:29:40.267,18/01/2026,08:00:33,17_T02,39.121527492,10.180475855,0.1,1868.65,68.30,8.729,5.8,38.52,13.42,1867.46,4336702.37,1781504.51
00:29:41.263,18/01/2026,08:00:34,17_T02,39.121528314,10.180476221,0.1,1868.82,67.48,8.795,5.6,38.52,13.42,1867.67,4336702.40,1781504.60
00:29:42.264,18/01/2026,08:00:35,17_T02,39.121528688,10.180475470,0.1,1869.07,66.53,8.753,5.5,38.52,13.42,1867.67,4336702.33,1781504.64
00:29:43.271,18/01/2026,08:00:36,17_T02,39.121528994,10.180474461,0.1,1869.43,65.48,8.686,5.1,38.52,13.42,1868.11,4336702.24,1781504.68
00:29:44.267,18/01/2026,08:00:37,17_T02,39.121529327,10.180473903,0.1,1869.78,64.89,8.657,4.7,38.52,13.42,1868.11,4336702.19,1781504.72
00:29:45.290,18/01/2026,08:00:38,17_T02,39.121529436,10.180473768,0.1,1870.03,65.11,8.651,4.5,38.52,13.42,1868.84,4336702.18,1781504.73
00:29:46.275,18/01/2026,08:00:39,17_T02,39.121528538,10.180472833,0.1,1870.16,65.74,8.536,4.3,38.52,13.42,1868.84,4336702.10,1781504.63
00:29:47.272,18/01/2026,08:00:40,17_T02,39.121527302,10.180472100,0.1,1870.17,66.67,8.422,4.3,38.52,13.42,1869.17,4336702.04,1781504.49
00:29:48.269,18/01/2026,08:00:41,17_T02,39.121526740,10.180471376,0.1,1870.24,67.19,8.340,4.2,38.52,13.42,1869.17,4336701.98,1781504.43
00:29:49.269,18/01/2026,08:00:42,17_T02,39.121526502,10.180470389,0.1,1870.36,67.32,8.251,4.1,38.52,13.42,1869.26,4336701.89,1781504.40
00:29:50.267,18/01/2026,08:00:43,17_T02,39.121526451,10.180469979,0.1,1870.50,67.44,8.216,4.0,38.52,13.42,1869.26,4336701.85,1781504.40
00:29:51.266,18/01/2026,08:00:44,17_T02,39.121526404,10.180470136,0.1,1870.71,67.56,8.226,3.8,38.52,13.42,1869.58,4336701.87,1781504.39
00:29:52.263,18/01/2026,08:00:45,17_T02,39.121525915,10.180469846,0.1,1870.95,67.52,8.181,3.6,38.52,13.42,1869.58,4336701.84,1781504.34
00:29:53.284,18/01/2026,08:00:46,17_T02,39.121525603,10.180469544,0.1,1871.16,67.43,8.143,3.3,38.52,13.42,1870.01,4336701.82,1781504.30
00:29:54.271,18/01/2026,08:00:47,17_T02,39.121525737,10.180469518,0.1,1871.38,67.34,8.147,3.1,38.52,13.42,1870.01,4336701.81,1781504.32
00:29:55.272,18/01/2026,08:00:48,17_T02,39.121525730,10.180469496,0.1,1871.57,67.53,8.145,3.0,38.52,13.43,1870.45,4336701.81,1781504.32
00:29:56.263,18/01/2026,08:00:49,17_T02,39.121525591,10.180469560,0.1,1871.76,67.88,8.144,2.8,38.52,13.43,1870.45,4336701.82,1781504.30
00:29:57.274,18/01/2026,08:00:50,17_T02,39.121525434,10.180469861,0.1,1871.95,68.24,8.160,2.6,38.52,13.43,1870.85,4336701.84,1781504.28
00:29:58.273,18/01/2026,08:00:51,17_T02,39.121525018,10.180468950,0.1,1872.15,68.36,8.069,2.4,38.52,13.43,1870.85,4336701.76,1781504.24
00:29:59.266,18/01/2026,08:00:52,17_T02,39.121524826,10.180468285,0.1,1872.32,68.32,8.008,2.2,38.52,13.42,1871.22,4336701.71,1781504.22
