ASFIndex,Date,Time,Area,Lat,Long,Speed,P,Heading,mp,Altitude,Sal,T,Depth,E,N
00:00:00.985,18/01/2026,11:30:54,17_T02,39.121704607,10.189912176,0.1,734.16,354.41,873.183,76.0,38.70,13.96,733.95,4337523.33,1781526.05
00:00:01.987,18/01/2026,11:30:55,17_T02,39.121704512,10.189912152,0.1,733.41,354.67,873.185,76.0,38.70,13.96,733.06,4337523.33,1781526.04
00:00:02.986,18/01/2026,11:30:56,17_T02,39.121704735,10.189913106,0.1,732.93,355.03,873.254,76.0,38.70,13.96,733.06,4337523.41,1781526.06
00:00:03.986,18/01/2026,11:30:57,17_T02,39.121705015,10.189913906,0.1,732.72,355.32,873.310,76.0,38.69,13.97,731.94,4337523.48,1781526.10
00:00:04.983,18/01/2026,11:30:58,17_T02,39.121705150,10.189914077,0.1,732.57,355.48,873.319,76.0,38.69,13.97,731.94,4337523.49,1781526.11
00:00:05.985,18/01/2026,11:30:59,17_T02,39.121705072,10.189913839,0.1,732.20,355.54,873.302,76.0,38.71,13.99,731.53,4337523.47,1781526.10
00:00:06.987,18/01/2026,11:31:00,17_T02,39.121704942,10.189913597,0.1,731.64,355.60,873.287,76.0,38.71,13.99,731.53,4337523.45,1781526.09
00:00:07.985,18/01/2026,11:31:01,17_T02,39.121704915,10.189913756,0.1,731.11,355.83,873.301,76.0,38.70,13.98,730.53,4337523.47,1781526.08
00:00:08.985,18/01/2026,11:31:02,17_T02,39.121705043,10.189914133,0.1,730.71,356.14,873.327,76.0,38.70,13.98,730.53,4337523.50,1781526.10
00:00:09.985,18/01/2026,11:31:03,17_T02,39.121705217,10.189914478,0.1,730.39,356.44,873.349,76.0,38.70,13.98,729.66,4337523.53,1781526.12
00:00:10.985,18/01/2026,11:31:04,17_T02,39.121705286,10.189914586,0.1,730.08,356.62,873.355,76.0,38.70,13.98,729.66,4337523.54,1781526.13
00:00:11.984,18/01/2026,11:31:05,17_T02,39.121705256,10.189914484,0.1,729.71,356.71,873.348,76.0,38.70,13.99,729.00,4337523.53,1781526.12
00:00:12.986,18/01/2026,11:31:06,17_T02,39.121705194,10.189914427,0.1,729.27,356.87,873.346,76.0,38.70,13.99,729.00,4337523.53,1781526.12
00:00:13.996,18/01/2026,11:31:07,17_T02,39.121705148,10.189914563,0.1,728.78,357.13,873.358,76.0,38.72,13.99,728.13,4337523.54,1781526.11
00:00:14.985,18/01/2026,11:31:08,17_T02,39.121705202,10.189914787,0.1,728.37,357.36,873.375,76.0,38.72,13.99,728.13,4337523.56,1781526.12
00:00:15.987,18/01/2026,11:31:09,17_T02,39.121705421,10.189915147,0.1,728.04,357.55,873.396,76.0,38.70,14.00,727.26,4337523.59,1781526.14
00:00:16.985,18/01/2026,11:31:10,17_T02,39.121705605,10.189915276,0.1,727.65,357.66,873.400,76.0,38.70,14.00,727.26,4337523.60,1781526.16
00:00:17.987,18/01/2026,11:31:11,17_T02,39.121705657,10.189915172,0.1,727.16,357.75,873.389,76.0,38.73,14.02,726.46,4337523.59,1781526.17
00:00:18.986,18/01/2026,11:31:12,17_T02,39.121705658,10.189915186,0.1,726.69,357.93,873.390,76.0,38.73,14.02,726.46,4337523.59,1781526.17
00:00:19.987,18/01/2026,11:31:13,17_T02,39.121705976,10.189915708,0.1,726.41,358.21,873.421,76.0,38.71,14.03,725.58,4337523.64,1781526.20
00:00:20.992,18/01/2026,11:31:14,17_T02,39.121706257,10.189916170,0.1,726.34,358.49,873.449,76.0,38.71,14.03,725.58,4337523.68,1781526.23
00:00:21.986,18/01/2026,11:31:15,17_T02,39.121706308,10.189916229,0.1,726.09,358.69,873.452,76.0,38.71,14.03,725.58,4337523.68,1781526.24
00:00:22.992,18/01/2026,11:31:16,17_T02,39.121706205,10.189916014,0.1,725.36,358.89,873.438,76.0,38.69,14.03,725.29,4337523.66,1781526.23
00:00:23.986,18/01/2026,11:31:17,17_T02,39.121706162,10.189916287,0.0,724.45,359.30,873.462,76.0,38.69,14.03,725.29,4337523.69,1781526.22
00:00:24.986,18/01/2026,11:31:18,17_T02,39.121706311,10.189917042,0.0,723.92,359.81,873.518,76.0,38.72,14.04,723.81,4337523.75,1781526.24
00:00:25.986,18/01/2026,11:31:19,17_T02,39.121706502,10.189917940,0.0,723.98,0.38,873.585,76.0,38.72,14.04,723.81,4337523.83,1781526.26
00:00:26.984,18/01/2026,11:31:20,17_T02,39.121706534,10.189918405,0.0,724.09,0.84,873.621,76.0,38.71,14.04,723.01,4337523.87,1781526.26
00:00:27.986,18/01/2026,11:31:21,17_T02,39.121706264,10.189918440,0.0,723.65,1.09,873.634,76.0,38.71,14.04,723.01,4337523.87,1781526.23
00:00:28.984,18/01/2026,11:31:22,17_T02,39.121706043,10.189918509,0.0,722.87,1.33,873.648,76.0,38.72,14.04,722.86,4337523.88,1781526.21
00:00:29.987,18/01/2026,11:31:23,17_T02,39.121706131,10.189918916,0.0,722.26,1.64,873.678,76.0,38.72,14.04,722.86,4337523.92,1781526.22
00:00:30.985,18/01/2026,11:31:24,17_T02,39.121706426,10.189919668,0.0,721.78,2.01,873.729,76.0,38.71,14.03,721.47,4337523.98,1781526.25
00:00:31.986,18/01/2026,11:31:25,17_T02,39.121706716,10.189920112,0.0,721.40,2.28,873.755,76.0,38.71,14.03,721.47,4337524.02,1781526.28
00:00:32.985,18/01/2026,11:31:26,17_T02,39.121706519,10.189920351,0.0,720.96,2.48,873.781,76.0,38.71,14.04,720.52,4337524.04,1781526.26
00:00:33.986,18/01/2026,11:31:27,17_T02,39.121706213,10.189920232,0.0,720.34,2.67,873.783,76.0,38.71,14.04,720.52,4337524.03,1781526.23
00:00:34.987,18/01/2026,11:31:28,17_T02,39.121706114,10.189920235,0.0,719.66,2.94,873.787,76.0,38.71,14.05,719.47,4337524.03,1781526.22
00:00:35.986,18/01/2026,11:31:29,17_T02,39.121706126,10.189920513,0.0,718.98,3.30,873.809,76.0,38.71,14.05,719.47,4337524.05,1781526.22
00:00:36.986,18/01/2026,11:31:30,17_T02,39.121706122,10.189921577,0.0,718.27,3.62,873.897,76.0,38.71,14.05,718.07,4337524.15,1781526.22
00:00:37.986,18/01/2026,11:31:31,17_T02,39.121706173,10.189922143,0.0,717.67,3.88,873.941,76.0,38.71,14.05,718.07,4337524.20,1781526.23
00:00:38.986,18/01/2026,11:31:32,17_T02,39.121706288,10.189922271,0.0,717.22,4.12,873.947,76.0,38.73,14.05,716.76,4337524.21,1781526.24
00:00:39.986,18/01/2026,11:31:33,17_T02,39.121706377,10.189922226,0.0,716.81,4.25,873.940,76.0,38.73,14.05,716.76,4337524.20,1781526.25
00:00:40.986,18/01/2026,11:31:34,17_T02,39.121706595,10.189921502,0.0,716.29,4.25,873.873,76.0,38.74,14.06,715.87,4337524.14,1781526.27
00:00:41.984,18/01/2026,11:31:35,17_T02,39.121706706,10.189921103,0.0,715.91,4.33,873.836,76.0,38.74,14.06,715.87,4337524.11,1781526.28
00:00:42.985,18/01/2026,11:31:36,17_T02,39.121706747,10.189921100,0.0,715.55,4.46,873.834,76.0,38.72,14.05,714.97,4337524.11,1781526.29
00:00:43.985,18/01/2026,11:31:37,17_T02,39.121706753,10.189920891,0.0,714.83,4.62,873.817,76.0,38.72,14.05,714.97,4337524.09,1781526.29
00:00:44.985,18/01/2026,11:31:38,17_T02,39.121706756,10.189920755,0.0,713.95,4.95,873.806,76.0,38.73,14.06,713.76,4337524.08,1781526.29
00:00:45.984,18/01/2026,11:31:39,17_T02,39.121706796,10.189920813,0.0,713.27,5.28,873.809,76.0,38.73,14.06,713.76,4337524.08,1781526.29
00:00:46.986,18/01/2026,11:31:40,17_T02,39.121706515,10.189921225,0.0,712.89,5.67,873.853,76.0,38.73,14.07,712.28,4337524.12,1781526.26
00:00:47.985,18/01/2026,11:31:41,17_T02,39.121706358,10.189921364,0.0,712.60,5.90,873.870,76.0,38.73,14.07,712.28,4337524.13,1781526.25
00:00:48.985,18/01/2026,11:31:42,17_T02,39.121706298,10.189921038,0.0,712.02,6.01,873.846,76.0,38.72,14.07,711.56,4337524.10,1781526.24
00:00:49.985,18/01/2026,11:31:43,17_T02,39.121706145,10.189920705,0.0,711.13,6.19,873.824,76.0,38.72,14.07,711.56,4337524.07,1781526.22
00:00:50.984,18/01/2026,11:31:44,17_T02,39.121705974,10.189920496,0.0,710.17,6.37,873.814,76.0,38.72,14.07,709.93,4337524.05,1781526.20
00:00:51.986,18/01/2026,11:31:45,17_T02,39.121705931,10.189920571,0.0,709.39,6.50,873.821,76.0,38.72,14.07,709.93,4337524.06,1781526.20
00:00:52.983,18/01/2026,11:31:46,17_T02,39.121705938,10.189921089,0.0,708.98,6.80,873.863,76.0,38.73,14.08,708.31,4337524.10,1781526.20
00:00:53.983,18/01/2026,11:31:47,17_T02,39.121705908,10.189921248,0.0,708.81,6.87,873.878,76.0,38.73,14.08,708.31,4337524.12,1781526.20
00:00:54.985,18/01/2026,11:31:48,17_T02,39.121705779,10.189920777,0.0,708.47,6.65,873.844,76.0,38.72,14.07,707.81,4337524.08,1781526.18
00:00:55.985,18/01/2026,11:31:49,17_T02,39.121705493,10.189919895,0.0,707.63,6.33,873.782,76.0,38.72,14.07,707.81,4337524.00,1781526.15
00:00:56.984,18/01/2026,11:31:50,17_T02,39.121705339,10.189919876,0.0,706.57,6.49,873.786,76.0,38.73,14.08,706.27,4337524.00,1781526.13
00:00:57.983,18/01/2026,11:31:51,17_T02,39.121705400,10.189920252,0.0,705.68,6.76,873.815,76.0,38.73,14.08,706.27,4337524.03,1781526.14
00:00:58.984,18/01/2026,11:31:52,17_T02,39.121705440,10.189920907,0.0,705.14,7.08,873.867,76.0,38.73,14.08,704.48,4337524.09,1781526.14
00:00:59.985,18/01/2026,11:31:53,17_T02,39.121705395,10.189921019,0.0,704.86,7.17,873.878,76.0,38.73,14.08,704.48,4337524.10,1781526.14
00:01:00.986,18/01/2026,11:31:54,17_T02,39.121705230,10.189920700,0.0,704.54,7.15,873.858,76.0,38.72,14.08,703.79,4337524.07,1781526.12
00:01:01.983,18/01/2026,11:31:55,17_T02,39.121704999,10.189920004,0.0,703.91,6.96,873.810,76.0,38.72,14.08,703.79,4337524.01,1781526.10
00:01:02.984,18/01/2026,11:31:56,17_T02,39.121704812,10.189919750,0.0,703.02,6.96,873.796,76.0,38.72,14.08,702.50,4337523.99,1781526.07
00:01:03.982,18/01/2026,11:31:57,17_T02,39.121704410,10.189920052,0.1,702.12,7.14,873.835,76.0,38.72,14.08,702.50,4337524.01,1781526.03
00:01:04.984,18/01/2026,11:31:58,17_T02,39.121704210,10.189920771,0.1,701.51,7.50,873.902,76.0,38.72,14.08,702.50,4337524.08,1781526.01
00:01:05.983,18/01/2026,11:31:59,17_T02,39.121704179,10.189921328,0.0,701.23,7.75,873.949,76.0,38.74,14.08,700.80,4337524.13,1781526.00
00:01:06.983,18/01/2026,11:32:00,17_T02,39.121704072,10.189921294,0.0,700.88,7.80,873.950,76.0,38.74,14.08,700.80,4337524.12,1781525.99
00:01:07.984,18/01/2026,11:32:01,17_T02,39.121703728,10.189920891,0.0,700.09,7.74,873.929,76.0,38.73,14.09,700.11,4337524.09,1781525.96
00:01:08.984,18/01/2026,11:32:02,17_T02,39.121703484,10.189921003,0.0,699.13,7.92,873.948,76.0,38.73,14.09,700.11,4337524.10,1781525.93
00:01:09.983,18/01/2026,11:32:03,17_T02,39.121703472,10.189921522,0.0,698.37,8.21,873.991,76.0,38.73,14.08,698.49,4337524.14,1781525.93
00:01:10.984,18/01/2026,11:32:04,17_T02,39.121703490,10.189922239,0.0,697.93,8.59,874.049,76.0,38.73,14.08,698.49,4337524.21,1781525.93
00:01:11.983,18/01/2026,11:32:05,17_T02,39.121703492,10.189922979,0.0,697.66,8.88,874.109,76.0,38.73,14.09,697.09,4337524.27,1781525.93
00:01:12.983,18/01/2026,11:32:06,17_T02,39.121703357,10.189922999,0.0,697.17,9.00,874.116,76.0,38.73,14.09,697.09,4337524.27,1781525.91
00:01:13.984,18/01/2026,11:32:07,17_T02,39.121703022,10.189922572,0.0,696.27,9.10,874.093,76.0,38.73,14.08,696.36,4337524.23,1781525.88
00:01:14.983,18/01/2026,11:32:08,17_T02,39.121702869,10.189922732,0.0,695.31,9.36,874.112,76.0,38.73,14.08,696.36,4337524.25,1781525.86
00:01:15.984,18/01/2026,11:32:09,17_T02,39.121702952,10.189923495,0.0,694.67,9.66,874.172,76.0,38.73,14.09,694.54,4337524.31,1781525.87
00:01:16.983,18/01/2026,11:32:10,17_T02,39.121703006,10.189924315,0.0,694.37,9.98,874.237,76.0,38.73,14.09,694.54,4337524.39,1781525.88
00:01:17.983,18/01/2026,11:32:11,17_T02,39.121703188,10.189924217,0.0,694.08,10.09,874.222,76.0,38.72,14.10,693.48,4337524.38,1781525.90
00:01:18.983,18/01/2026,11:32:12,17_T02,39.121703194,10.189923580,0.0,693.38,10.05,874.170,76.0,38.72,14.10,693.48,4337524.32,1781525.90
00:01:19.984,18/01/2026,11:32:13,17_T02,39.121703074,10.189923519,0.0,692.44,10.27,874.169,76.0,38.72,14.09,692.49,4337524.32,1781525.88
00:01:20.984,18/01/2026,11:32:14,17_T02,39.121703106,10.189924012,0.0,691.60,10.61,874.208,76.0,38.72,14.09,692.49,4337524.36,1781525.89
00:01:21.983,18/01/2026,11:32:15,17_T02,39.121702973,10.189924600,0.0,691.06,10.98,874.261,76.0,38.73,14.09,690.73,4337524.41,1781525.87
00:01:22.984,18/01/2026,11:32:16,17_T02,39.121702933,10.189925081,0.0,690.74,11.21,874.302,76.0,38.73,14.09,690.73,4337524.45,1781525.87
00:01:23.985,18/01/2026,11:32:17,17_T02,39.121702950,10.189925180,0.0,690.33,11.21,874.310,76.0,38.72,14.10,689.81,4337524.46,1781525.87
00:01:24.984,18/01/2026,11:32:18,17_T02,39.121702884,10.189924740,0.0,689.61,11.11,874.276,76.0,38.72,14.10,689.81,4337524.42,1781525.86
00:01:25.984,18/01/2026,11:32:19,17_T02,39.121702679,10.189924540,0.0,688.75,11.12,874.267,76.0,38.73,14.09,688.61,4337524.41,1781525.84
00:01:26.984,18/01/2026,11:32:20,17_T02,39.121702625,10.189924850,0.0,687.93,11.27,874.295,76.0,38.73,14.09,688.61,4337524.43,1781525.83
00:01:27.984,18/01/2026,11:32:21,17_T02,39.121702747,10.189925478,0.0,687.35,11.46,874.342,76.0,38.73,14.09,686.94,4337524.49,1781525.85
00:01:28.983,18/01/2026,11:32:22,17_T02,39.121702804,10.189926107,0.0,687.01,11.72,874.391,76.0,38.73,14.09,686.94,4337524.54,1781525.85
00:01:29.982,18/01/2026,11:32:23,17_T02,39.121702806,10.189926339,0.0,686.67,11.89,874.410,76.0,38.72,14.10,686.06,4337524.56,1781525.85
00:01:30.984,18/01/2026,11:32:24,17_T02,39.121702732,10.189926002,0.0,685.98,11.94,874.385,76.0,38.72,14.10,686.06,4337524.53,1781525.85
00:01:31.984,18/01/2026,11:32:25,17_T02,39.121702424,10.189925192,0.0,685.01,12.14,874.330,76.0,38.73,14.07,684.85,4337524.46,1781525.81
00:01:32.984,18/01/2026,11:32:26,17_T02,39.121702318,10.189925142,0.0,684.11,12.39,874.330,76.0,38.73,14.07,684.85,4337524.46,1781525.80
00:01:33.983,18/01/2026,11:32:27,17_T02,39.121702351,10.189926032,0.0,683.56,12.82,874.402,76.0,38.73,14.09,683.03,4337524.54,1781525.80
00:01:34.983,18/01/2026,11:32:28,17_T02,39.121702344,10.189926857,0.0,683.35,13.31,874.470,76.0,38.73,14.09,683.03,4337524.61,1781525.80
00:01:35.984,18/01/2026,11:32:29,17_T02,39.121702313,10.189926556,0.0,683.06,13.73,874.446,76.0,38.72,14.09,682.38,4337524.58,1781525.80
00:01:36.982,18/01/2026,11:32:30,17_T02,39.121702211,10.189925752,0.0,682.30,13.92,874.384,76.0,38.72,14.09,682.38,4337524.51,1781525.79
00:01:37.985,18/01/2026,11:32:31,17_T02,39.121702094,10.189925798,0.0,681.27,14.21,874.392,76.0,38.73,14.08,681.02,4337524.52,1781525.78
00:01:38.982,18/01/2026,11:32:32,17_T02,39.121702127,10.189926391,0.0,680.36,14.56,874.440,76.0,38.73,14.08,681.02,4337524.57,1781525.78
00:01:39.983,18/01/2026,11:32:33,17_T02,39.121702042,10.189926867,0.0,679.78,14.96,874.482,76.0,38.74,14.09,679.20,4337524.61,1781525.77
00:01:40.982,18/01/2026,11:32:34,17_T02,39.121701956,10.189927253,0.0,679.50,15.19,874.516,76.0,38.74,14.09,679.20,4337524.64,1781525.76
00:01:41.984,18/01/2026,11:32:35,17_T02,39.121701924,10.189927327,0.0,679.26,15.16,874.524,76.0,38.72,14.09,678.51,4337524.65,1781525.76
00:01:42.982,18/01/2026,11:32:36,17_T02,39.121701825,10.189926608,0.0,678.70,14.84,874.469,76.0,38.72,14.09,678.51,4337524.59,1781525.75
00:01:43.984,18/01/2026,11:32:37,17_T02,39.121701903,10.189926069,0.0,677.76,14.66,874.421,76.0,38.73,14.08,677.34,4337524.54,1781525.75
00:01:44.982,18/01/2026,11:32:38,17_T02,39.121702012,10.189926329,0.0,676.72,14.77,874.439,76.0,38.73,14.08,677.34,4337524.56,1781525.77
00:01:45.982,18/01/2026,11:32:39,17_T02,39.121702100,10.189926914,0.0,675.91,14.88,874.483,76.0,38.73,14.10,675.33,4337524.61,1781525.78
00:01:46.983,18/01/2026,11:32:40,17_T02,39.121702149,10.189927677,0.0,675.50,14.98,874.544,76.0,38.73,14.10,675.33,4337524.68,1781525.78
00:01:47.984,18/01/2026,11:32:41,17_T02,39.121702338,10.189927491,0.0,675.40,14.94,874.522,76.0,38.73,14.10,675.33,4337524.66,1781525.80
00:01:48.984,18/01/2026,11:32:42,17_T02,39.121702362,10.189926803,0.0,675.13,14.73,874.464,76.0,38.73,14.10,674.55,4337524.60,1781525.81
00:01:49.984,18/01/2026,11:32:43,17_T02,39.121702234,10.189925858,0.0,674.31,14.32,874.392,76.0,38.73,14.10,674.55,4337524.52,1781525.79
00:01:50.982,18/01/2026,11:32:44,17_T02,39.121702132,10.189925903,0.0,673.26,14.29,874.399,76.0,38.73,14.08,673.73,4337524.52,1781525.78
00:01:51.982,18/01/2026,11:32:45,17_T02,39.121702135,10.189927235,0.0,672.35,14.58,874.508,76.0,38.73,14.08,673.73,4337524.64,1781525.78
00:01:52.983,18/01/2026,11:32:46,17_T02,39.121702238,10.189928300,0.1,671.66,14.79,874.592,76.0,38.73,14.09,671.71,4337524.73,1781525.79
00:01:53.982,18/01/2026,11:32:47,17_T02,39.121702377,10.189928852,0.1,671.19,14.84,874.632,76.0,38.73,14.09,671.71,4337524.78,1781525.81
00:01:54.982,18/01/2026,11:32:48,17_T02,39.121702419,10.189929014,0.1,670.88,14.68,874.644,76.0,38.72,14.11,670.39,4337524.79,1781525.81
00:01:55.982,18/01/2026,11:32:49,17_T02,39.121702691,10.189928232,0.1,670.52,14.26,874.569,76.0,38.72,14.11,670.39,4337524.73,1781525.84
00:01:56.983,18/01/2026,11:32:50,17_T02,39.121702847,10.189927381,0.1,669.90,13.69,874.494,76.0,38.73,14.09,669.71,4337524.65,1781525.86
00:01:57.982,18/01/2026,11:32:51,17_T02,39.121702888,10.189927406,0.1,669.19,13.47,874.494,76.0,38.73,14.09,669.71,4337524.65,1781525.86
00:01:58.982,18/01/2026,11:32:52,17_T02,39.121703001,10.189927970,0.1,668.38,13.51,874.536,76.0,38.73,14.08,668.43,4337524.70,1781525.88
00:01:59.983,18/01/2026,11:32:53,17_T02,39.121703104,10.189928404,0.1,667.46,13.59,874.568,76.0,38.73,14.08,668.43,4337524.74,1781525.89
00:02:00.982,18/01/2026,11:32:54,17_T02,39.121703201,10.189928638,0.1,666.68,13.60,874.584,76.0,38.72,14.09,666.68,4337524.76,1781525.90
00:02:01.982,18/01/2026,11:32:55,17_T02,39.121702965,10.189929195,0.1,666.36,13.63,874.638,76.0,38.72,14.09,666.68,4337524.81,1781525.87
00:02:02.982,18/01/2026,11:32:56,17_T02,39.121702815,10.189929482,0.1,666.26,13.53,874.667,76.0,38.73,14.08,665.52,4337524.84,1781525.86
00:02:03.984,18/01/2026,11:32:57,17_T02,39.121702819,10.189928875,0.1,665.77,13.05,874.617,76.0,38.73,14.08,665.52,4337524.78,1781525.86
00:02:04.981,18/01/2026,11:32:58,17_T02,39.121702809,10.189928283,0.1,664.82,12.56,874.569,76.0,38.72,14.09,664.86,4337524.73,1781525.86
00:02:05.983,18/01/2026,11:32:59,17_T02,39.121702931,10.189928575,0.1,663.76,12.53,874.588,76.0,38.72,14.09,664.86,4337524.76,1781525.87
00:02:06.983,18/01/2026,11:33:00,17_T02,39.121703186,10.189929217,0.1,662.91,12.57,874.632,76.0,38.73,14.09,662.85,4337524.81,1781525.90
00:02:07.981,18/01/2026,11:33:01,17_T02,39.121703477,10.189930372,0.1,662.46,12.64,874.715,76.0,38.73,14.09,662.85,4337524.91,1781525.93
00:02:08.983,18/01/2026,11:33:02,17_T02,39.121703767,10.189931013,0.1,662.31,12.48,874.757,76.0,38.72,14.10,661.61,4337524.97,1781525.96
00:02:09.984,18/01/2026,11:33:03,17_T02,39.121703817,10.189930599,0.1,662.03,12.09,874.721,76.0,38.72,14.10,661.61,4337524.93,1781525.97
00:02:10.982,18/01/2026,11:33:04,17_T02,39.121703791,10.189929615,0.1,661.33,11.41,874.642,76.0,38.73,14.08,661.09,4337524.85,1781525.96
00:02:11.982,18/01/2026,11:33:05,17_T02,39.121703806,10.189929446,0.1,660.36,11.06,874.627,76.0,38.73,14.08,661.09,4337524.83,1781525.97
00:02:12.983,18/01/2026,11:33:06,17_T02,39.121704014,10.189929965,0.1,659.36,10.95,874.662,76.0,38.73,14.08,659.29,4337524.88,1781525.99
00:02:13.981,18/01/2026,11:33:07,17_T02,39.121704198,10.189930408,0.1,658.61,10.91,874.691,76.0,38.73,14.08,659.29,4337524.92,1781526.01
00:02:14.982,18/01/2026,11:33:08,17_T02,39.121704356,10.189930961,0.1,658.25,10.85,874.731,76.0,38.74,14.09,657.65,4337524.96,1781526.03
00:02:15.983,18/01/2026,11:33:09,17_T02,39.121704477,10.189931081,0.1,658.10,10.57,874.736,76.0,38.74,14.09,657.65,4337524.97,1781526.04
00:02:16.982,18/01/2026,11:33:10,17_T02,39.121704447,10.189930373,0.1,657.71,9.99,874.679,76.0,38.72,14.09,657.18,4337524.91,1781526.04
00:02:17.982,18/01/2026,11:33:11,17_T02,39.121704444,10.189929321,0.1,656.87,9.24,874.593,76.0,38.72,14.09,657.18,4337524.82,1781526.04
00:02:18.983,18/01/2026,11:33:12,17_T02,39.121704545,10.189929445,0.1,655.92,9.09,874.600,76.0,38.73,14.08,655.71,4337524.83,1781526.05
00:02:19.983,18/01/2026,11:33:13,17_T02,39.121704779,10.189930141,0.1,655.10,9.18,874.648,76.0,38.73,14.08,655.71,4337524.89,1781526.07
00:02:20.982,18/01/2026,11:33:14,17_T02,39.121705036,10.189930808,0.1,654.48,9.29,874.693,76.0,38.74,14.09,653.99,4337524.95,1781526.10
00:02:21.981,18/01/2026,11:33:15,17_T02,39.121705313,10.189930649,0.1,654.12,9.31,874.670,76.0,38.74,14.09,653.99,4337524.94,1781526.13
00:02:22.982,18/01/2026,11:33:16,17_T02,39.121705442,10.189930240,0.1,653.88,9.19,874.631,76.0,38.72,14.10,653.17,4337524.90,1781526.15
00:02:23.981,18/01/2026,11:33:17,17_T02,39.121705392,10.189929693,0.1,653.40,8.84,874.588,76.0,38.72,14.10,653.17,4337524.85,1781526.14
00:02:24.983,18/01/2026,11:33:18,17_T02,39.121705314,10.189929232,0.1,652.56,8.48,874.554,76.0,38.73,14.08,652.19,4337524.81,1781526.13
00:02:25.981,18/01/2026,11:33:19,17_T02,39.121705030,10.189929627,0.1,651.54,8.60,874.597,76.0,38.73,14.08,652.19,4337524.85,1781526.10
00:02:26.982,18/01/2026,11:33:20,17_T02,39.121704999,10.189930158,0.1,650.60,8.76,874.641,76.0,38.72,14.08,650.19,4337524.89,1781526.10
00:02:27.982,18/01/2026,11:33:21,17_T02,39.121705166,10.189930873,0.1,650.02,8.94,874.694,76.0,38.72,14.08,650.19,4337524.96,1781526.12
00:02:28.981,18/01/2026,11:33:22,17_T02,39.121705265,10.189931397,0.1,649.86,9.07,874.733,76.0,38.74,14.08,649.09,4337525.00,1781526.13
00:02:29.980,18/01/2026,11:33:23,17_T02,39.121705219,10.189931424,0.1,649.69,9.14,874.737,76.0,38.74,14.08,649.09,4337525.00,1781526.12
00:02:30.982,18/01/2026,11:33:24,17_T02,39.121705084,10.189930712,0.1,649.04,8.81,874.683,76.0,38.74,14.08,649.09,4337524.94,1781526.11
00:02:31.982,18/01/2026,11:33:25,17_T02,39.121705075,10.189930192,0.1,648.10,8.46,874.641,76.0,38.73,14.08,648.50,4337524.90,1781526.11
00:02:32.990,18/01/2026,11:33:26,17_T02,39.121705306,10.189930592,0.1,647.15,8.41,874.665,76.0,38.73,14.08,648.50,4337524.93,1781526.13
00:02:33.990,18/01/2026,11:33:27,17_T02,39.121705504,10.189931200,0.1,646.32,8.49,874.708,76.0,38.73,14.08,646.64,4337524.98,1781526.15
00:02:34.980,18/01/2026,11:33:28,17_T02,39.121705455,10.189931379,0.1,645.76,8.50,874.724,76.0,38.73,14.08,646.64,4337525.00,1781526.15
00:02:35.980,18/01/2026,11:33:29,17_T02,39.121705398,10.189931367,0.1,645.50,8.36,874.725,76.0,38.73,14.09,645.06,4337525.00,1781526.14
00:02:36.982,18/01/2026,11:33:30,17_T02,39.121705348,10.189930930,0.1,645.21,7.94,874.691,76.0,38.73,14.09,645.06,4337524.96,1781526.14
00:02:37.981,18/01/2026,11:33:31,17_T02,39.121705199,10.189929883,0.1,644.53,7.23,874.611,76.0,38.72,14.08,644.46,4337524.87,1781526.12
00:02:38.979,18/01/2026,11:33:32,17_T02,39.121704946,10.189929529,0.1,643.68,6.90,874.592,76.0,38.72,14.08,644.46,4337524.84,1781526.09
00:02:39.981,18/01/2026,11:33:33,17_T02,39.121704974,10.189929899,0.1,642.86,6.86,874.621,76.0,38.73,14.08,643.03,4337524.87,1781526.09
00:02:40.981,18/01/2026,11:33:34,17_T02,39.121705155,10.189930459,0.1,642.08,6.92,874.660,76.0,38.73,14.08,643.03,4337524.92,1781526.11
00:02:41.981,18/01/2026,11:33:35,17_T02,39.121705295,10.189930874,0.1,641.49,7.01,874.689,76.0,38.73,14.09,641.37,4337524.96,1781526.13
00:02:42.981,18/01/2026,11:33:36,17_T02,39.121705427,10.189931303,0.1,641.20,7.16,874.719,76.0,38.73,14.09,641.37,4337524.99,1781526.14
00:02:43.979,18/01/2026,11:33:37,17_T02,39.121705434,10.189931150,0.1,640.86,7.07,874.706,76.0,38.73,14.08,640.39,4337524.98,1781526.15
00:02:44.981,18/01/2026,11:33:38,17_T02,39.121705304,10.189930467,0.1,640.14,6.74,874.655,76.0,38.73,14.08,640.39,4337524.92,1781526.13
00:02:45.979,18/01/2026,11:33:39,17_T02,39.121705232,10.189930443,0.1,639.24,6.73,874.656,76.0,38.73,14.09,639.35,4337524.92,1781526.12
00:02:46.980,18/01/2026,11:33:40,17_T02,39.121705331,10.189931248,0.0,638.44,6.96,874.718,76.0,38.73,14.09,639.35,4337524.99,1781526.13
00:02:47.980,18/01/2026,11:33:41,17_T02,39.121705477,10.189932034,0.1,637.82,7.20,874.777,76.0,38.73,14.08,637.63,4337525.06,1781526.15
00:02:48.979,18/01/2026,11:33:42,17_T02,39.121705608,10.189932427,0.1,637.34,7.35,874.804,76.0,38.73,14.08,637.63,4337525.09,1781526.16
00:02:49.981,18/01/2026,11:33:43,17_T02,39.121705641,10.189932440,0.1,636.84,7.33,874.804,76.0,38.73,14.10,636.49,4337525.09,1781526.17
00:02:50.981,18/01/2026,11:33:44,17_T02,39.121705743,10.189932088,0.1,636.27,7.15,874.772,76.0,38.73,14.10,636.49,4337525.06,1781526.18
00:02:51.980,18/01/2026,11:33:45,17_T02,39.121705879,10.189931839,0.1,635.73,7.00,874.746,76.0,38.73,14.08,635.41,4337525.04,1781526.19
00:02:52.979,18/01/2026,11:33:46,17_T02,39.121705949,10.189932041,0.0,635.14,6.98,874.760,76.0,38.73,14.08,635.41,4337525.06,1781526.20
00:02:53.980,18/01/2026,11:33:47,17_T02,39.121706031,10.189932259,0.0,634.45,7.00,874.775,76.0,38.73,14.08,634.24,4337525.08,1781526.21
00:02:54.982,18/01/2026,11:33:48,17_T02,39.121705925,10.189932354,0.0,633.65,7.05,874.787,76.0,38.73,14.08,634.24,4337525.08,1781526.20
00:02:55.981,18/01/2026,11:33:49,17_T02,39.121705865,10.189932347,0.0,632.84,7.14,874.788,76.0,38.73,14.08,632.69,4337525.08,1781526.19
00:02:56.981,18/01/2026,11:33:50,17_T02,39.121705922,10.189932483,0.0,632.23,7.23,874.797,76.0,38.73,14.08,632.69,4337525.10,1781526.20
00:02:57.981,18/01/2026,11:33:51,17_T02,39.121706024,10.189932820,0.0,631.90,7.36,874.821,76.0,38.73,14.08,631.34,4337525.13,1781526.21
00:02:58.980,18/01/2026,11:33:52,17_T02,39.121705947,10.189932847,0.0,631.59,7.27,874.826,76.0,38.73,14.08,631.34,4337525.13,1781526.20
00:02:59.990,18/01/2026,11:33:53,17_T02,39.121705780,10.189932402,0.0,630.98,6.99,874.796,76.0,38.73,14.08,630.65,4337525.09,1781526.18
00:03:00.981,18/01/2026,11:33:54,17_T02,39.121705689,10.189932102,0.0,630.15,6.89,874.775,76.0,38.73,14.08,630.65,4337525.06,1781526.17
00:03:01.980,18/01/2026,11:33:55,17_T02,39.121705688,10.189932137,0.0,629.30,6.90,874.778,76.0,38.73,14.08,629.08,4337525.07,1781526.17
00:03:02.982,18/01/2026,11:33:56,17_T02,39.121705471,10.189932353,0.0,628.50,6.92,874.803,76.0,38.73,14.08,629.08,4337525.08,1781526.15
00:03:03.981,18/01/2026,11:33:57,17_T02,39.121705349,10.189932557,0.0,627.91,6.99,874.825,76.0,38.73,14.08,627.44,4337525.10,1781526.14
00:03:04.980,18/01/2026,11:33:58,17_T02,39.121705339,10.189932722,0.0,627.58,7.04,874.839,76.0,38.73,14.08,627.44,4337525.12,1781526.14
00:03:05.980,18/01/2026,11:33:59,17_T02,39.121705275,10.189932430,0.0,627.21,6.83,874.817,76.0,38.74,14.07,626.65,4337525.09,1781526.13
00:03:06.979,18/01/2026,11:34:00,17_T02,39.121705260,10.189931857,0.0,626.59,6.36,874.771,76.0,38.74,14.07,626.65,4337525.04,1781526.13
00:03:07.980,18/01/2026,11:34:01,17_T02,39.121705188,10.189931523,0.0,625.80,6.07,874.746,76.0,38.73,14.08,625.43,4337525.01,1781526.12
00:03:08.982,18/01/2026,11:34:02,17_T02,39.121705117,10.189931491,0.0,624.96,5.95,874.746,76.0,38.73,14.08,625.43,4337525.01,1781526.11
00:03:09.980,18/01/2026,11:34:03,17_T02,39.121705057,10.189931575,0.0,624.24,5.90,874.755,76.0,38.73,14.08,623.78,4337525.02,1781526.10
00:03:10.979,18/01/2026,11:34:04,17_T02,39.121704803,10.189931856,0.0,623.70,5.94,874.788,76.0,38.73,14.08,623.78,4337525.04,1781526.08
00:03:11.979,18/01/2026,11:34:05,17_T02,39.121704553,10.189931933,0.0,623.22,5.92,874.803,76.0,38.74,14.11,622.63,4337525.05,1781526.05
00:03:12.981,18/01/2026,11:34:06,17_T02,39.121704325,10.189931528,0.0,622.65,5.70,874.778,76.0,38.74,14.11,622.63,4337525.01,1781526.02
00:03:13.980,18/01/2026,11:34:07,17_T02,39.121703911,10.189931186,0.0,622.00,5.49,874.766,76.0,38.72,14.10,621.47,4337524.98,1781525.98
00:03:14.978,18/01/2026,11:34:08,17_T02,39.121703634,10.189931121,0.0,621.39,5.42,874.771,76.0,38.72,14.10,621.47,4337524.98,1781525.95
00:03:15.980,18/01/2026,11:34:09,17_T02,39.121703518,10.189931206,0.0,620.83,5.41,874.782,76.0,38.72,14.10,621.47,4337524.99,1781525.93
00:03:16.979,18/01/2026,11:34:10,17_T02,39.121703369,10.189931235,0.0,620.18,5.40,874.790,76.0,38.73,14.11,620.22,4337524.99,1781525.92
00:03:17.980,18/01/2026,11:34:11,17_T02,39.121703317,10.189931540,0.0,619.35,5.43,874.817,76.0,38.73,14.11,620.22,4337525.01,1781525.91
00:03:18.980,18/01/2026,11:34:12,17_T02,39.121703196,10.189931676,0.0,618.58,5.47,874.833,76.0,38.75,14.12,618.80,4337525.03,1781525.90
00:03:19.980,18/01/2026,11:34:13,17_T02,39.121703024,10.189931855,0.0,618.10,5.54,874.854,76.0,38.75,14.12,618.80,4337525.04,1781525.88
00:03:20.980,18/01/2026,11:34:14,17_T02,39.121702923,10.189931954,0.0,617.85,5.51,874.865,76.0,38.74,14.14,617.41,4337525.05,1781525.87
00:03:21.978,18/01/2026,11:34:15,17_T02,39.121702786,10.189931902,0.0,617.44,5.33,874.866,76.0,38.74,14.14,617.41,4337525.05,1781525.85
00:03:22.981,18/01/2026,11:34:16,17_T02,39.121702438,10.189931459,0.0,616.64,5.17,874.843,76.0,38.71,14.15,616.75,4337525.01,1781525.81
00:03:23.980,18/01/2026,11:34:17,17_T02,39.121702110,10.189931354,0.0,615.70,5.26,874.847,76.0,38.71,14.15,616.75,4337525.00,1781525.78
00:03:24.980,18/01/2026,11:34:18,17_T02,39.121701949,10.189931565,0.0,614.90,5.43,874.870,76.0,38.75,14.15,615.05,4337525.02,1781525.76
00:03:25.979,18/01/2026,11:34:19,17_T02,39.121701882,10.189931511,0.0,614.30,5.65,874.868,76.0,38.75,14.15,615.05,4337525.01,1781525.75
00:03:26.980,18/01/2026,11:34:20,17_T02,39.121701766,10.189931472,0.0,613.87,5.79,874.869,76.0,38.75,14.15,613.59,4337525.01,1781525.74
00:03:27.980,18/01/2026,11:34:21,17_T02,39.121701511,10.189931428,0.0,613.54,5.81,874.875,76.0,38.75,14.15,613.59,4337525.01,1781525.71
00:03:28.978,18/01/2026,11:34:22,17_T02,39.121701135,10.189930838,0.0,613.10,5.56,874.841,76.0,38.74,14.12,612.77,4337524.95,1781525.67
00:03:29.979,18/01/2026,11:34:23,17_T02,39.121700663,10.189930167,0.1,612.38,5.26,874.803,76.0,38.74,14.12,612.77,4337524.90,1781525.62
00:03:30.978,18/01/2026,11:34:24,17_T02,39.121700390,10.189930025,0.1,611.54,5.11,874.802,76.0,38.74,14.13,611.59,4337524.88,1781525.59
00:03:31.980,18/01/2026,11:34:25,17_T02,39.121700138,10.189930078,0.1,610.70,4.97,874.816,76.0,38.74,14.13,611.59,4337524.89,1781525.56
00:03:32.980,18/01/2026,11:34:26,17_T02,39.121699946,10.189930196,0.1,609.95,4.88,874.832,76.0,38.75,14.14,609.88,4337524.90,1781525.54
00:03:33.979,18/01/2026,11:34:27,17_T02,39.121699715,10.189930316,0.1,609.38,4.85,874.851,76.0,38.75,14.14,609.88,4337524.91,1781525.51
00:03:34.981,18/01/2026,11:34:28,17_T02,39.121699434,10.189930343,0.1,609.02,4.79,874.863,76.0,38.75,14.16,608.56,4337524.91,1781525.48
00:03:35.981,18/01/2026,11:34:29,17_T02,39.121699050,10.189930098,0.1,608.74,4.57,874.858,76.0,38.75,14.16,608.56,4337524.89,1781525.44
00:03:36.980,18/01/2026,11:34:30,17_T02,39.121698583,10.189929497,0.1,608.26,4.15,874.826,76.0,38.74,14.16,607.91,4337524.84,1781525.39
00:03:37.980,18/01/2026,11:34:31,17_T02,39.121698134,10.189929024,0.1,607.39,3.90,874.804,76.0,38.74,14.16,607.91,4337524.80,1781525.34
00:03:38.981,18/01/2026,11:34:32,17_T02,39.121697794,10.189929049,0.1,606.30,3.94,874.818,76.0,38.76,14.15,606.39,4337524.80,1781525.30
00:03:39.981,18/01/2026,11:34:33,17_T02,39.121697526,10.189929133,0.1,605.33,3.99,874.835,76.0,38.76,14.15,606.39,4337524.81,1781525.27
00:03:40.979,18/01/2026,11:34:34,17_T02,39.121697191,10.189929477,0.1,604.79,4.32,874.876,76.0,38.76,14.17,604.39,4337524.84,1781525.24
00:03:41.980,18/01/2026,11:34:35,17_T02,39.121696811,10.189929732,0.1,604.65,4.47,874.911,76.0,38.76,14.17,604.39,4337524.86,1781525.19
00:03:42.981,18/01/2026,11:34:36,17_T02,39.121696332,10.189929586,0.1,604.50,4.38,874.917,76.0,38.75,14.17,603.85,4337524.85,1781525.14
00:03:43.979,18/01/2026,11:34:37,17_T02,39.121695736,10.189928755,0.1,603.90,4.12,874.871,76.0,38.75,14.17,603.85,4337524.77,1781525.07
00:03:44.980,18/01/2026,11:34:38,17_T02,39.121695158,10.189928180,0.1,602.93,3.87,874.845,76.0,38.75,14.18,602.80,4337524.72,1781525.01
00:03:45.980,18/01/2026,11:34:39,17_T02,39.121694881,10.189928315,0.1,601.96,3.83,874.867,76.0,38.75,14.18,602.80,4337524.74,1781524.98
00:03:46.981,18/01/2026,11:34:40,17_T02,39.121694760,10.189928667,0.1,601.19,3.77,874.900,76.0,38.75,14.18,600.88,4337524.77,1781524.97
00:03:47.980,18/01/2026,11:34:41,17_T02,39.121695007,10.189929153,0.1,600.63,3.57,874.931,76.0,38.75,14.18,600.88,4337524.81,1781524.99
00:03:48.979,18/01/2026,11:34:42,17_T02,39.121694992,10.189929215,0.1,600.25,3.23,874.936,76.0,38.75,14.18,599.66,4337524.81,1781524.99
00:03:49.979,18/01/2026,11:34:43,17_T02,39.121694564,10.189928798,0.1,599.95,2.86,874.918,76.0,38.75,14.18,599.66,4337524.78,1781524.95
00:03:50.988,18/01/2026,11:34:44,17_T02,39.121694023,10.189928116,0.1,599.47,2.42,874.882,76.0,38.75,14.17,598.97,4337524.72,1781524.89
00:03:51.981,18/01/2026,11:34:45,17_T02,39.121693434,10.189927336,0.1,598.77,2.15,874.840,76.0,38.75,14.17,598.97,4337524.65,1781524.82
00:03:52.979,18/01/2026,11:34:46,17_T02,39.121693117,10.189927269,0.1,597.97,2.17,874.847,76.0,38.75,14.18,597.57,4337524.65,1781524.79
00:03:53.974,18/01/2026,11:34:47,17_T02,39.121692918,10.189927501,0.1,597.05,2.18,874.873,76.0,38.75,14.18,597.57,4337524.67,1781524.76
00:03:54.977,18/01/2026,11:34:48,17_T02,39.121692693,10.189927450,0.1,596.19,2.00,874.877,76.0,38.76,14.18,595.74,4337524.66,1781524.74
00:03:55.977,18/01/2026,11:34:49,17_T02,39.121692618,10.189927776,0.1,595.67,1.85,874.907,76.0,38.76,14.18,595.74,4337524.69,1781524.73
00:03:56.979,18/01/2026,11:34:50,17_T02,39.121692491,10.189927918,0.1,595.45,1.65,874.923,76.0,38.76,14.18,595.74,4337524.70,1781524.72
00:03:57.981,18/01/2026,11:34:51,17_T02,39.121692173,10.189927591,0.1,595.16,1.26,874.908,76.0,38.75,14.18,594.76,4337524.67,1781524.68
00:03:58.979,18/01/2026,11:34:52,17_T02,39.121691957,10.189926833,0.1,594.56,0.71,874.854,76.0,38.75,14.18,594.76,4337524.61,1781524.66
00:03:59.979,18/01/2026,11:34:53,17_T02,39.121691744,10.189926385,0.1,593.72,0.37,874.825,76.0,38.75,14.18,593.99,4337524.57,1781524.63
00:04:00.978,18/01/2026,11:34:54,17_T02,39.121691630,10.189926452,0.1,592.76,0.33,874.835,76.0,38.75,14.18,593.99,4337524.57,1781524.62
00:04:01.979,18/01/2026,11:34:55,17_T02,39.121691600,10.189926681,0.1,591.92,0.38,874.855,76.0,38.76,14.18,592.23,4337524.59,1781524.62
00:04:02.979,18/01/2026,11:34:56,17_T02,39.121691430,10.189927086,0.1,591.41,0.55,874.895,76.0,38.76,14.18,592.23,4337524.63,1781524.60
00:04:03.979,18/01/2026,11:34:57,17_T02,39.121691242,10.189927197,0.1,591.17,0.57,874.911,76.0,38.76,14.19,590.72,4337524.64,1781524.58
00:04:04.979,18/01/2026,11:34:58,17_T02,39.121690949,10.189926830,0.1,590.79,0.35,874.892,76.0,38.76,14.19,590.72,4337524.61,1781524.55
00:04:05.975,18/01/2026,11:34:59,17_T02,39.121690472,10.189925893,0.1,590.01,0.00,874.832,76.0,38.75,14.19,590.09,4337524.53,1781524.49
00:04:06.978,18/01/2026,11:35:00,17_T02,39.121690417,10.189925567,0.1,589.14,359.96,874.808,76.0,38.75,14.19,590.09,4337524.50,1781524.49
00:04:07.979,18/01/2026,11:35:01,17_T02,39.121690524,10.189925712,0.1,588.50,360.00,874.816,76.0,38.75,14.19,588.47,4337524.51,1781524.50
00:04:08.978,18/01/2026,11:35:02,17_T02,39.121690573,10.189926048,0.1,588.00,0.11,874.841,76.0,38.75,14.19,588.47,4337524.54,1781524.50
00:04:09.978,18/01/2026,11:35:03,17_T02,39.121690503,10.189926210,0.1,587.39,0.23,874.857,76.0,38.75,14.19,587.27,4337524.55,1781524.50
00:04:10.978,18/01/2026,11:35:04,17_T02,39.121690353,10.189925969,0.1,586.65,0.31,874.843,76.0,38.75,14.19,587.27,4337524.53,1781524.48
00:04:11.978,18/01/2026,11:35:05,17_T02,39.121690217,10.189925789,0.1,586.02,0.36,874.833,76.0,38.75,14.19,585.87,4337524.52,1781524.47
00:04:12.977,18/01/2026,11:35:06,17_T02,39.121690134,10.189925780,0.1,585.58,0.37,874.836,76.0,38.75,14.19,585.87,4337524.52,1781524.46
00:04:13.979,18/01/2026,11:35:07,17_T02,39.121690369,10.189925920,0.1,585.14,0.27,874.839,76.0,38.76,14.19,584.80,4337524.53,1781524.48
00:04:14.978,18/01/2026,11:35:08,17_T02,39.121690389,10.189925803,0.1,584.51,0.14,874.828,76.0,38.76,14.19,584.80,4337524.52,1781524.48
00:04:15.979,18/01/2026,11:35:09,17_T02,39.121690238,10.189925692,0.1,583.73,0.19,874.825,76.0,38.75,14.19,583.65,4337524.51,1781524.47
00:04:16.977,18/01/2026,11:35:10,17_T02,39.121690133,10.189925664,0.1,582.85,0.32,874.826,76.0,38.75,14.19,583.65,4337524.51,1781524.46
00:04:17.978,18/01/2026,11:35:11,17_T02,39.121690197,10.189925632,0.1,582.12,0.49,874.821,76.0,38.76,14.19,581.97,4337524.50,1781524.46
00:04:18.978,18/01/2026,11:35:12,17_T02,39.121690274,10.189926004,0.1,581.75,0.76,874.849,76.0,38.76,14.19,581.97,4337524.54,1781524.47
00:04:19.976,18/01/2026,11:35:13,17_T02,39.121690283,10.189926168,0.1,581.56,0.92,874.862,76.0,38.75,14.19,580.94,4337524.55,1781524.47
00:04:20.978,18/01/2026,11:35:14,17_T02,39.121690053,10.189925640,0.1,581.08,0.85,874.827,76.0,38.75,14.19,580.94,4337524.50,1781524.45
00:04:21.978,18/01/2026,11:35:15,17_T02,39.121689699,10.189925029,0.1,580.13,0.87,874.790,76.0,38.75,14.19,580.09,4337524.45,1781524.41
00:04:22.978,18/01/2026,11:35:16,17_T02,39.121689570,10.189925049,0.1,579.02,1.04,874.797,76.0,38.75,14.19,580.09,4337524.45,1781524.39
00:04:23.978,18/01/2026,11:35:17,17_T02,39.121689570,10.189925459,0.1,578.21,1.29,874.830,76.0,38.76,14.19,578.01,4337524.49,1781524.39
00:04:24.978,18/01/2026,11:35:18,17_T02,39.121689637,10.189925980,0.1,577.94,1.80,874.871,76.0,38.76,14.19,578.01,4337524.53,1781524.40
00:04:25.978,18/01/2026,11:35:19,17_T02,39.121689551,10.189926218,0.1,577.82,2.22,874.893,76.0,38.75,14.19,577.16,4337524.55,1781524.39
00:04:26.978,18/01/2026,11:35:20,17_T02,39.121689244,10.189925682,0.0,577.26,2.35,874.861,76.0,38.75,14.19,577.16,4337524.51,1781524.36
00:04:27.979,18/01/2026,11:35:21,17_T02,39.121688868,10.189925147,0.1,576.35,2.39,874.831,76.0,38.76,14.19,576.14,4337524.46,1781524.32
00:04:28.977,18/01/2026,11:35:22,17_T02,39.121688753,10.189925402,0.1,575.45,2.68,874.856,76.0,38.76,14.19,576.14,4337524.48,1781524.30
00:04:29.978,18/01/2026,11:35:23,17_T02,39.121688773,10.189926027,0.1,574.73,3.06,874.907,76.0,38.76,14.19,574.36,4337524.54,1781524.31
00:04:30.979,18/01/2026,11:35:24,17_T02,39.121688752,10.189926591,0.1,574.27,3.37,874.954,76.0,38.76,14.19,574.36,4337524.59,1781524.30
00:04:31.979,18/01/2026,11:35:25,17_T02,39.121688955,10.189926636,0.1,573.93,3.53,874.950,76.0,38.75,14.20,573.33,4337524.59,1781524.33
00:04:32.979,18/01/2026,11:35:26,17_T02,39.121688846,10.189926185,0.1,573.39,3.47,874.917,76.0,38.75,14.20,573.33,4337524.55,1781524.31
00:04:33.979,18/01/2026,11:35:27,17_T02,39.121688445,10.189925739,0.0,572.63,3.49,874.895,76.0,38.76,14.20,572.21,4337524.51,1781524.27
00:04:34.978,18/01/2026,11:35:28,17_T02,39.121688158,10.189925879,0.1,571.84,3.75,874.917,76.0,38.76,14.20,572.21,4337524.53,1781524.24
00:04:35.978,18/01/2026,11:35:29,17_T02,39.121688229,10.189926108,0.1,571.20,3.99,874.934,76.0,38.76,14.20,570.67,4337524.55,1781524.25
00:04:36.978,18/01/2026,11:35:30,17_T02,39.121688262,10.189926413,0.1,570.69,4.24,874.957,76.0,38.76,14.20,570.67,4337524.57,1781524.25
00:04:37.979,18/01/2026,11:35:31,17_T02,39.121688112,10.189926560,0.1,570.12,4.46,874.975,76.0,38.76,14.20,570.67,4337524.59,1781524.23
00:04:38.978,18/01/2026,11:35:32,17_T02,39.121688029,10.189926483,0.1,569.38,4.70,874.972,76.0,38.76,14.21,569.56,4337524.58,1781524.22
00:04:39.978,18/01/2026,11:35:33,17_T02,39.121687898,10.189926563,0.1,568.67,5.07,874.983,76.0,38.76,14.21,569.56,4337524.59,1781524.21
00:04:40.978,18/01/2026,11:35:34,17_T02,39.121687791,10.189926948,0.1,568.18,5.57,875.019,76.0,38.76,14.20,568.09,4337524.62,1781524.20
00:04:41.978,18/01/2026,11:35:35,17_T02,39.121687687,10.189927456,0.1,567.73,6.11,875.064,76.0,38.76,14.20,568.09,4337524.66,1781524.19
00:04:42.978,18/01/2026,11:35:36,17_T02,39.121687653,10.189927576,0.1,567.16,6.64,875.075,76.0,38.76,14.20,567.08,4337524.67,1781524.18
00:04:43.978,18/01/2026,11:35:37,17_T02,39.121687489,10.189927527,0.0,566.48,7.11,875.077,76.0,38.76,14.20,567.08,4337524.67,1781524.16
00:04:44.977,18/01/2026,11:35:38,17_T02,39.121687292,10.189927539,0.0,565.70,7.47,875.086,76.0,38.76,14.19,565.86,4337524.67,1781524.14
00:04:45.978,18/01/2026,11:35:39,17_T02,39.121687214,10.189927552,0.0,564.93,7.74,875.090,76.0,38.76,14.19,565.86,4337524.67,1781524.13
00:04:46.978,18/01/2026,11:35:40,17_T02,39.121687305,10.189927748,0.0,564.33,7.97,875.102,76.0,38.76,14.19,564.29,4337524.69,1781524.14
00:04:47.978,18/01/2026,11:35:41,17_T02,39.121687372,10.189927939,0.0,563.91,8.22,875.115,76.0,38.76,14.19,564.29,4337524.71,1781524.15
00:04:48.978,18/01/2026,11:35:42,17_T02,39.121687279,10.189927846,0.0,563.44,8.43,875.111,76.0,38.75,14.19,563.17,4337524.70,1781524.14
00:04:49.978,18/01/2026,11:35:43,17_T02,39.121687164,10.189927434,0.0,562.79,8.56,875.082,76.0,38.75,14.19,563.17,4337524.66,1781524.13
00:04:50.978,18/01/2026,11:35:44,17_T02,39.121687061,10.189927193,0.0,562.03,8.76,875.066,76.0,38.76,14.20,562.06,4337524.64,1781524.12
00:04:51.976,18/01/2026,11:35:45,17_T02,39.121686954,10.189927122,0.0,561.28,9.02,875.064,76.0,38.76,14.20,562.06,4337524.63,1781524.11
00:04:52.977,18/01/2026,11:35:46,17_T02,39.121686926,10.189927189,0.0,560.67,9.24,875.071,76.0,38.76,14.19,560.51,4337524.64,1781524.10
00:04:53.977,18/01/2026,11:35:47,17_T02,39.121687042,10.189927348,0.0,560.21,9.48,875.079,76.0,38.76,14.19,560.51,4337524.65,1781524.12
00:04:54.978,18/01/2026,11:35:48,17_T02,39.121687046,10.189927257,0.0,559.69,9.70,875.072,76.0,38.78,14.20,559.43,4337524.65,1781524.12
00:04:55.978,18/01/2026,11:35:49,17_T02,39.121686853,10.189926925,0.0,559.01,9.88,875.052,76.0,38.78,14.20,559.43,4337524.62,1781524.09
00:04:56.977,18/01/2026,11:35:50,17_T02,39.121686960,10.189926734,0.1,558.29,10.17,875.032,76.0,38.76,14.21,558.19,4337524.60,1781524.11
00:04:57.978,18/01/2026,11:35:51,17_T02,39.121687058,10.189926787,0.1,557.62,10.53,875.033,76.0,38.76,14.21,558.19,4337524.61,1781524.12
00:04:58.978,18/01/2026,11:35:52,17_T02,39.121687020,10.189926930,0.1,557.07,10.90,875.046,76.0,38.77,14.22,556.78,4337524.62,1781524.11
00:04:59.974,18/01/2026,11:35:53,17_T02,39.121686983,10.189927036,0.0,556.57,11.25,875.056,76.0,38.77,14.22,556.78,4337524.63,1781524.11
00:05:00.978,18/01/2026,11:35:54,17_T02,39.121687026,10.189926789,0.1,555.99,11.59,875.034,76.0,38.75,14.20,555.69,4337524.61,1781524.11
00:05:01.978,18/01/2026,11:35:55,17_T02,39.121686931,10.189926555,0.1,555.27,11.97,875.019,76.0,38.75,14.20,555.69,4337524.58,1781524.10
00:05:02.978,18/01/2026,11:35:56,17_T02,39.121686798,10.189926529,0.1,554.52,12.35,875.021,76.0,38.77,14.21,554.32,4337524.58,1781524.09
00:05:03.979,18/01/2026,11:35:57,17_T02,39.121686716,10.189926703,0.1,553.89,12.72,875.039,76.0,38.77,14.21,554.32,4337524.60,1781524.08
00:05:04.978,18/01/2026,11:35:58,17_T02,39.121686831,10.189927012,0.1,553.39,13.13,875.060,76.0,38.77,14.23,552.98,4337524.62,1781524.09
00:05:05.977,18/01/2026,11:35:59,17_T02,39.121686845,10.189927268,0.1,552.91,13.55,875.080,76.0,38.77,14.23,552.98,4337524.65,1781524.09
00:05:06.978,18/01/2026,11:36:00,17_T02,39.121686719,10.189927283,0.1,552.35,13.97,875.086,76.0,38.74,14.22,551.96,4337524.65,1781524.08
00:05:07.978,18/01/2026,11:36:01,17_T02,39.121686601,10.189926945,0.1,551.59,14.40,875.063,76.0,38.74,14.22,551.96,4337524.62,1781524.07
00:05:08.975,18/01/2026,11:36:02,17_T02,39.121686493,10.189926762,0.1,550.73,14.74,875.052,76.0,38.78,14.21,550.49,4337524.60,1781524.05
00:05:09.977,18/01/2026,11:36:03,17_T02,39.121686402,10.189926856,0.1,550.05,15.05,875.063,76.0,38.78,14.21,550.49,4337524.61,1781524.04
00:05:10.978,18/01/2026,11:36:04,17_T02,39.121686333,10.189927175,0.1,549.62,15.40,875.092,76.0,38.78,14.25,549.09,4337524.64,1781524.04
00:05:11.976,18/01/2026,11:36:05,17_T02,39.121686537,10.189927129,0.1,549.28,15.67,875.080,76.0,38.78,14.25,549.09,4337524.63,1781524.06
00:05:12.977,18/01/2026,11:36:06,17_T02,39.121686578,10.189926688,0.1,548.72,15.79,875.043,76.0,38.76,14.21,548.28,4337524.60,1781524.06
00:05:13.978,18/01/2026,11:36:07,17_T02,39.121686364,10.189926323,0.1,547.93,15.93,875.021,76.0,38.76,14.21,548.28,4337524.56,1781524.04
00:05:14.977,18/01/2026,11:36:08,17_T02,39.121686384,10.189926236,0.1,547.10,16.22,875.013,76.0,38.77,14.24,546.74,4337524.56,1781524.04
00:05:15.978,18/01/2026,11:36:09,17_T02,39.121686382,10.189926318,0.1,546.35,16.47,875.020,76.0,38.77,14.24,546.74,4337524.56,1781524.04
00:05:16.978,18/01/2026,11:36:10,17_T02,39.121686291,10.189926538,0.1,545.82,16.72,875.041,76.0,38.77,14.25,545.26,4337524.58,1781524.03
00:05:17.978,18/01/2026,11:36:11,17_T02,39.121686181,10.189926695,0.1,545.52,16.98,875.058,76.0,38.77,14.25,545.26,4337524.60,1781524.02
00:05:18.977,18/01/2026,11:36:12,17_T02,39.121686464,10.189926373,0.1,545.15,17.04,875.021,76.0,38.76,14.22,544.53,4337524.57,1781524.05
00:05:19.977,18/01/2026,11:36:13,17_T02,39.121686485,10.189925632,0.1,544.38,16.96,874.959,76.0,38.76,14.22,544.53,4337524.50,1781524.05
00:05:20.977,18/01/2026,11:36:14,17_T02,39.121686247,10.189925330,0.1,543.43,17.09,874.944,76.0,38.77,14.23,543.02,4337524.48,1781524.03
00:05:21.977,18/01/2026,11:36:15,17_T02,39.121686294,10.189925230,0.1,542.60,17.27,874.934,76.0,38.77,14.23,543.02,4337524.47,1781524.03
00:05:22.977,18/01/2026,11:36:16,17_T02,39.121686283,10.189925411,0.1,541.98,17.56,874.949,76.0,38.77,14.23,543.02,4337524.49,1781524.03
00:05:23.978,18/01/2026,11:36:17,17_T02,39.121686141,10.189925684,0.1,541.56,17.87,874.977,76.0,38.78,14.25,541.37,4337524.51,1781524.02
00:05:24.977,18/01/2026,11:36:18,17_T02,39.121685936,10.189925661,0.1,541.24,18.09,874.982,76.0,38.78,14.25,541.37,4337524.51,1781523.99
00:05:25.977,18/01/2026,11:36:19,17_T02,39.121685920,10.189924966,0.1,540.74,18.08,874.926,76.0,38.77,14.24,540.56,4337524.45,1781523.99
00:05:26.977,18/01/2026,11:36:20,17_T02,39.121685802,10.189924327,0.1,539.97,18.09,874.878,76.0,38.77,14.24,540.56,4337524.39,1781523.98
00:05:27.976,18/01/2026,11:36:21,17_T02,39.121685607,10.189924213,0.1,539.16,18.13,874.876,76.0,38.77,14.23,539.39,4337524.38,1781523.96
00:05:28.977,18/01/2026,11:36:22,17_T02,39.121685689,10.189923974,0.1,538.46,18.23,874.853,76.0,38.77,14.23,539.39,4337524.36,1781523.97
00:05:29.977,18/01/2026,11:36:23,17_T02,39.121685674,10.189923915,0.1,537.77,18.41,874.849,76.0,38.77,14.24,537.82,4337524.36,1781523.96
00:05:30.977,18/01/2026,11:36:24,17_T02,39.121685459,10.189923910,0.1,537.13,18.55,874.857,76.0,38.77,14.24,537.82,4337524.36,1781523.94
00:05:31.977,18/01/2026,11:36:25,17_T02,39.121685252,10.189923867,0.1,536.66,18.57,874.861,76.0,38.78,14.26,536.43,4337524.35,1781523.92
00:05:32.976,18/01/2026,11:36:26,17_T02,39.121685395,10.189923582,0.1,536.28,18.53,874.832,76.0,38.78,14.26,536.43,4337524.33,1781523.93
00:05:33.977,18/01/2026,11:36:27,17_T02,39.121685405,10.189923190,0.1,535.76,18.42,874.800,76.0,38.76,14.26,535.53,4337524.29,1781523.93
00:05:34.977,18/01/2026,11:36:28,17_T02,39.121685185,10.189923001,0.1,535.11,18.44,874.792,76.0,38.76,14.26,535.53,4337524.28,1781523.91
00:05:35.975,18/01/2026,11:36:29,17_T02,39.121685175,10.189923081,0.1,534.29,18.62,874.799,76.0,38.77,14.25,534.36,4337524.28,1781523.91
00:05:36.976,18/01/2026,11:36:30,17_T02,39.121685109,10.189923143,0.1,533.37,18.74,874.807,76.0,38.77,14.25,534.36,4337524.29,1781523.90
00:05:37.976,18/01/2026,11:36:31,17_T02,39.121684898,10.189923223,0.1,532.61,18.85,874.821,76.0,38.77,14.26,532.62,4337524.30,1781523.88
00:05:38.976,18/01/2026,11:36:32,17_T02,39.121684880,10.189923662,0.1,532.20,19.13,874.858,76.0,38.77,14.26,532.62,4337524.33,1781523.88
00:05:39.977,18/01/2026,11:36:33,17_T02,39.121684896,10.189923750,0.1,532.00,19.18,874.864,76.0,38.77,14.27,531.42,4337524.34,1781523.88
00:05:40.976,18/01/2026,11:36:34,17_T02,39.121684714,10.189923346,0.1,531.61,18.98,874.838,76.0,38.77,14.27,531.42,4337524.31,1781523.86
00:05:41.976,18/01/2026,11:36:35,17_T02,39.121684533,10.189922633,0.0,530.88,18.70,874.787,76.0,38.77,14.26,530.78,4337524.24,1781523.84
00:05:42.976,18/01/2026,11:36:36,17_T02,39.121684298,10.189922547,0.0,529.94,18.77,874.788,76.0,38.77,14.26,530.78,4337524.24,1781523.81
00:05:43.976,18/01/2026,11:36:37,17_T02,39.121684103,10.189922804,0.0,528.91,18.95,874.817,76.0,38.78,14.26,529.07,4337524.26,1781523.79
00:05:44.977,18/01/2026,11:36:38,17_T02,39.121683924,10.189923246,0.0,528.14,19.15,874.859,76.0,38.78,14.26,529.07,4337524.30,1781523.77
00:05:45.977,18/01/2026,11:36:39,17_T02,39.121684069,10.189923906,0.0,527.85,19.43,874.908,76.0,38.78,14.26,527.29,4337524.36,1781523.79
00:05:46.976,18/01/2026,11:36:40,17_T02,39.121684026,10.189924107,0.0,527.77,19.44,874.926,76.0,38.78,14.26,527.29,4337524.37,1781523.78
00:05:47.976,18/01/2026,11:36:41,17_T02,39.121683718,10.189923516,0.0,527.35,19.30,874.889,76.0,38.77,14.26,526.89,4337524.32,1781523.75
00:05:48.976,18/01/2026,11:36:42,17_T02,39.121683402,10.189922654,0.0,526.47,18.98,874.830,76.0,38.77,14.26,526.89,4337524.25,1781523.71
00:05:49.975,18/01/2026,11:36:43,17_T02,39.121683287,10.189922746,0.0,525.41,19.02,874.842,76.0,38.78,14.27,525.46,4337524.25,1781523.70
00:05:50.976,18/01/2026,11:36:44,17_T02,39.121683220,10.189923325,0.0,524.50,19.20,874.892,76.0,38.78,14.27,525.46,4337524.30,1781523.69
00:05:51.976,18/01/2026,11:36:45,17_T02,39.121683016,10.189924182,0.0,524.05,19.44,874.970,76.0,38.79,14.28,523.56,4337524.38,1781523.67
00:05:52.975,18/01/2026,11:36:46,17_T02,39.121683048,10.189924560,0.0,523.92,19.37,875.000,76.0,38.79,14.28,523.56,4337524.41,1781523.67
00:05:53.975,18/01/2026,11:36:47,17_T02,39.121682969,10.189924017,0.0,523.55,19.00,874.958,76.0,38.78,14.28,523.05,4337524.37,1781523.67
00:05:54.976,18/01/2026,11:36:48,17_T02,39.121682756,10.189922989,0.0,522.73,18.50,874.882,76.0,38.78,14.28,523.05,4337524.28,1781523.64
00:05:55.976,18/01/2026,11:36:49,17_T02,39.121682534,10.189922894,0.0,521.78,18.38,874.882,76.0,38.78,14.28,521.64,4337524.27,1781523.62
00:05:56.976,18/01/2026,11:36:50,17_T02,39.121682467,10.189923486,0.0,520.93,18.57,874.933,76.0,38.78,14.28,521.64,4337524.32,1781523.61
00:05:57.976,18/01/2026,11:36:51,17_T02,39.121682412,10.189924208,0.0,520.30,18.74,874.994,76.0,38.79,14.29,519.87,4337524.38,1781523.60
00:05:58.975,18/01/2026,11:36:52,17_T02,39.121682295,10.189924721,0.0,519.92,18.78,875.041,76.0,38.79,14.29,519.87,4337524.43,1781523.59
00:05:59.976,18/01/2026,11:36:53,17_T02,39.121682411,10.189924532,0.0,519.62,18.58,875.021,76.0,38.78,14.30,519.01,4337524.41,1781523.60
00:06:00.976,18/01/2026,11:36:54,17_T02,39.121682408,10.189924037,0.0,519.06,18.27,874.981,76.0,38.78,14.30,519.01,4337524.37,1781523.60
00:06:01.976,18/01/2026,11:36:55,17_T02,39.121682115,10.189923676,0.0,518.27,18.28,874.962,76.0,38.78,14.30,517.96,4337524.34,1781523.57
00:06:02.975,18/01/2026,11:36:56,17_T02,39.121681932,10.189924164,0.0,517.47,18.55,875.009,76.0,38.78,14.30,517.96,4337524.38,1781523.55
00:06:03.976,18/01/2026,11:36:57,17_T02,39.121681886,10.189924564,0.0,516.75,18.77,875.043,76.0,38.78,14.30,516.33,4337524.41,1781523.55
00:06:04.976,18/01/2026,11:36:58,17_T02,39.121681851,10.189924959,0.0,516.18,18.91,875.077,76.0,38.78,14.30,516.33,4337524.45,1781523.54
00:06:05.975,18/01/2026,11:36:59,17_T02,39.121681815,10.189925222,0.0,515.66,18.98,875.100,76.0,38.79,14.30,515.13,4337524.47,1781523.54
00:06:06.976,18/01/2026,11:37:00,17_T02,39.121681885,10.189925166,0.0,515.10,18.97,875.093,76.0,38.79,14.30,515.13,4337524.47,1781523.55
00:06:07.975,18/01/2026,11:37:01,17_T02,39.121681885,10.189925113,0.0,514.48,18.97,875.088,76.0,38.78,14.30,513.97,4337524.46,1781523.55
00:06:08.976,18/01/2026,11:37:02,17_T02,39.121681808,10.189925322,0.0,513.88,19.08,875.108,76.0,38.78,14.30,513.97,4337524.48,1781523.54
00:06:09.975,18/01/2026,11:37:03,17_T02,39.121681774,10.189925763,0.0,513.28,19.29,875.146,76.0,38.78,14.30,512.75,4337524.52,1781523.53
00:06:10.975,18/01/2026,11:37:04,17_T02,39.121681792,10.189926128,0.0,512.59,19.53,875.175,76.0,38.78,14.30,512.75,4337524.55,1781523.54
00:06:11.976,18/01/2026,11:37:05,17_T02,39.121681794,10.189926340,0.0,511.90,19.79,875.192,76.0,38.79,14.31,511.36,4337524.57,1781523.54
00:06:12.975,18/01/2026,11:37:06,17_T02,39.121681804,10.189926561,0.0,511.30,20.00,875.210,76.0,38.79,14.31,511.36,4337524.59,1781523.54
00:06:13.976,18/01/2026,11:37:07,17_T02,39.121682089,10.189926552,0.0,510.69,20.18,875.198,76.0,38.79,14.31,511.36,4337524.59,1781523.57
00:06:14.975,18/01/2026,11:37:08,17_T02,39.121682196,10.189926646,0.0,510.02,20.47,875.202,76.0,38.79,14.31,510.11,4337524.59,1781523.58
00:06:15.976,18/01/2026,11:37:09,17_T02,39.121682142,10.189926989,0.0,509.45,20.87,875.232,76.0,38.79,14.31,510.11,4337524.62,1781523.57
00:06:16.975,18/01/2026,11:37:10,17_T02,39.121682279,10.189927137,0.0,508.96,21.27,875.239,76.0,38.79,14.32,508.83,4337524.64,1781523.59
00:06:17.974,18/01/2026,11:37:11,17_T02,39.121682374,10.189927220,0.0,508.43,21.64,875.243,76.0,38.79,14.32,508.83,4337524.64,1781523.60
00:06:18.976,18/01/2026,11:37:12,17_T02,39.121682291,10.189927396,0.0,507.77,22.05,875.260,76.0,38.79,14.32,507.78,4337524.66,1781523.59
00:06:19.974,18/01/2026,11:37:13,17_T02,39.121682203,10.189927644,0.0,507.05,22.51,875.284,76.0,38.79,14.32,507.78,4337524.68,1781523.58
00:06:20.975,18/01/2026,11:37:14,17_T02,39.121682135,10.189927959,0.0,506.35,22.97,875.312,76.0,38.79,14.32,506.44,4337524.71,1781523.57
00:06:21.975,18/01/2026,11:37:15,17_T02,39.121682273,10.189928257,0.0,505.65,23.35,875.331,76.0,38.79,14.32,506.44,4337524.73,1781523.59
00:06:22.976,18/01/2026,11:37:16,17_T02,39.121682304,10.189928535,0.0,504.99,23.73,875.353,76.0,38.79,14.32,505.03,4337524.76,1781523.59
00:06:23.975,18/01/2026,11:37:17,17_T02,39.121682243,10.189928782,0.0,504.46,24.10,875.375,76.0,38.79,14.32,505.03,4337524.78,1781523.59
00:06:24.975,18/01/2026,11:37:18,17_T02,39.121682171,10.189929056,0.0,504.07,24.42,875.400,76.0,38.79,14.32,503.77,4337524.80,1781523.58
00:06:25.975,18/01/2026,11:37:19,17_T02,39.121682411,10.189929025,0.0,503.61,24.66,875.389,76.0,38.79,14.32,503.77,4337524.80,1781523.60
00:06:26.975,18/01/2026,11:37:20,17_T02,39.121682468,10.189928735,0.0,502.89,24.86,875.363,76.0,38.79,14.32,502.89,4337524.78,1781523.61
00:06:27.974,18/01/2026,11:37:21,17_T02,39.121682325,10.189928643,0.0,501.97,25.13,875.361,76.0,38.79,14.32,502.89,4337524.77,1781523.59
00:06:28.975,18/01/2026,11:37:22,17_T02,39.121682250,10.189928578,0.0,501.07,25.35,875.358,76.0,38.79,14.32,501.27,4337524.76,1781523.59
00:06:29.973,18/01/2026,11:37:23,17_T02,39.121682088,10.189928842,0.0,500.49,25.61,875.386,76.0,38.79,14.32,501.27,4337524.79,1781523.57
00:06:30.975,18/01/2026,11:37:24,17_T02,39.121681923,10.189929090,0.0,500.30,25.81,875.413,76.0,38.79,14.32,499.75,4337524.81,1781523.55
00:06:31.975,18/01/2026,11:37:25,17_T02,39.121681845,10.189928772,0.0,500.06,25.68,875.389,76.0,38.79,14.32,499.75,4337524.78,1781523.54
00:06:32.973,18/01/2026,11:37:26,17_T02,39.121681816,10.189927672,0.0,499.34,25.25,875.300,76.0,38.79,14.32,499.27,4337524.68,1781523.54
00:06:33.976,18/01/2026,11:37:27,17_T02,39.121681679,10.189926944,0.0,498.42,25.09,875.246,76.0,38.79,14.32,499.27,4337524.62,1781523.52
00:06:34.974,18/01/2026,11:37:28,17_T02,39.121681560,10.189926969,0.0,497.58,25.23,875.252,76.0,38.79,14.32,497.64,4337524.62,1781523.51
00:06:35.973,18/01/2026,11:37:29,17_T02,39.121681457,10.189927312,0.0,496.85,25.45,875.284,76.0,38.79,14.32,497.64,4337524.65,1781523.50
00:06:36.974,18/01/2026,11:37:30,17_T02,39.121681363,10.189927489,0.0,496.30,25.59,875.302,76.0,38.79,14.33,496.06,4337524.67,1781523.49
00:06:37.974,18/01/2026,11:37:31,17_T02,39.121681244,10.189927308,0.0,495.89,25.58,875.292,76.0,38.79,14.33,496.06,4337524.65,1781523.48
00:06:38.974,18/01/2026,11:37:32,17_T02,39.121681112,10.189926822,0.0,495.50,25.37,875.257,76.0,38.79,14.33,495.10,4337524.61,1781523.46
00:06:39.974,18/01/2026,11:37:33,17_T02,39.121681016,10.189926100,0.1,494.88,24.98,875.201,76.0,38.79,14.33,495.10,4337524.55,1781523.45
00:06:40.975,18/01/2026,11:37:34,17_T02,39.121680907,10.189925671,0.1,494.02,24.79,875.170,76.0,38.79,14.32,494.02,4337524.51,1781523.44
00:06:41.975,18/01/2026,11:37:35,17_T02,39.121680767,10.189925470,0.0,493.17,24.73,875.159,76.0,38.79,14.32,494.02,4337524.49,1781523.42
00:06:42.975,18/01/2026,11:37:36,17_T02,39.121680674,10.189925607,0.0,492.57,24.67,875.174,76.0,38.79,14.34,492.30,4337524.50,1781523.41
00:06:43.974,18/01/2026,11:37:37,17_T02,39.121680560,10.189925748,0.0,492.19,24.66,875.190,76.0,38.79,14.34,492.30,4337524.52,1781523.40
00:06:44.974,18/01/2026,11:37:38,17_T02,39.121680454,10.189925566,0.1,491.75,24.52,875.179,76.0,38.78,14.35,491.35,4337524.50,1781523.39
00:06:45.975,18/01/2026,11:37:39,17_T02,39.121680326,10.189924750,0.1,491.13,24.23,875.116,76.0,38.78,14.35,491.35,4337524.43,1781523.37
00:06:46.974,18/01/2026,11:37:40,17_T02,39.121680160,10.189924383,0.1,490.39,24.12,875.093,76.0,38.80,14.35,490.21,4337524.40,1781523.36
00:06:47.975,18/01/2026,11:37:41,17_T02,39.121680056,10.189924425,0.1,489.54,24.14,875.100,76.0,38.80,14.35,490.21,4337524.40,1781523.34
00:06:48.975,18/01/2026,11:37:42,17_T02,39.121679991,10.189924510,0.0,488.77,24.14,875.109,76.0,38.79,14.35,488.57,4337524.41,1781523.34
00:06:49.974,18/01/2026,11:37:43,17_T02,39.121680032,10.189924724,0.0,488.29,24.17,875.125,76.0,38.79,14.35,488.57,4337524.43,1781523.34
00:06:50.974,18/01/2026,11:37:44,17_T02,39.121680068,10.189924748,0.0,487.98,24.13,875.126,76.0,38.80,14.35,487.42,4337524.43,1781523.35
00:06:51.974,18/01/2026,11:37:45,17_T02,39.121679998,10.189924343,0.0,487.49,23.83,875.095,76.0,38.80,14.35,487.42,4337524.39,1781523.34
00:06:52.972,18/01/2026,11:37:46,17_T02,39.121679879,10.189923786,0.0,486.70,23.63,875.054,76.0,38.79,14.35,486.49,4337524.35,1781523.32
00:06:53.975,18/01/2026,11:37:47,17_T02,39.121679765,10.189923758,0.0,485.85,23.72,875.056,76.0,38.79,14.35,486.49,4337524.34,1781523.31
00:06:54.974,18/01/2026,11:37:48,17_T02,39.121679761,10.189923848,0.0,485.13,23.80,875.064,76.0,38.80,14.35,484.83,4337524.35,1781523.31
00:06:55.974,18/01/2026,11:37:49,17_T02,39.121679733,10.189924098,0.0,484.66,23.90,875.085,76.0,38.80,14.35,484.83,4337524.37,1781523.31
00:06:56.974,18/01/2026,11:37:50,17_T02,39.121679684,10.189924248,0.0,484.35,24.00,875.099,76.0,38.79,14.36,483.79,4337524.39,1781523.30
00:06:57.974,18/01/2026,11:37:51,17_T02,39.121679590,10.189923941,0.0,483.83,23.92,875.078,76.0,38.79,14.36,483.79,4337524.36,1781523.29
00:06:58.974,18/01/2026,11:37:52,17_T02,39.121679426,10.189923431,0.0,482.92,23.91,875.042,76.0,38.80,14.33,482.73,4337524.31,1781523.27
00:06:59.973,18/01/2026,11:37:53,17_T02,39.121679325,10.189923316,0.0,481.99,23.95,875.036,76.0,38.80,14.33,482.73,4337524.30,1781523.26
00:07:00.974,18/01/2026,11:37:54,17_T02,39.121679304,10.189923549,0.0,481.38,24.02,875.056,76.0,38.80,14.36,480.95,4337524.33,1781523.26
00:07:01.974,18/01/2026,11:37:55,17_T02,39.121679569,10.189923853,0.0,481.06,24.11,875.071,76.0,38.80,14.36,480.95,4337524.35,1781523.29
00:07:02.974,18/01/2026,11:37:56,17_T02,39.121679719,10.189923735,0.0,480.68,24.10,875.056,76.0,38.79,14.35,480.14,4337524.34,1781523.31
00:07:03.975,18/01/2026,11:37:57,17_T02,39.121679672,10.189923139,0.0,479.94,23.92,875.009,76.0,38.79,14.35,480.14,4337524.29,1781523.30
00:07:04.973,18/01/2026,11:37:58,17_T02,39.121679584,10.189922838,0.0,479.09,23.87,874.988,76.0,38.80,14.35,478.74,4337524.26,1781523.29
00:07:05.973,18/01/2026,11:37:59,17_T02,39.121679563,10.189922997,0.0,478.40,23.90,875.001,76.0,38.80,14.35,478.74,4337524.28,1781523.29
00:07:06.974,18/01/2026,11:38:00,17_T02,39.121679804,10.189923211,0.0,477.87,24.00,875.010,76.0,38.80,14.36,477.36,4337524.30,1781523.32
00:07:07.973,18/01/2026,11:38:01,17_T02,39.121679889,10.189923369,0.0,477.37,24.15,875.020,76.0,38.80,14.36,477.36,4337524.31,1781523.33
00:07:08.974,18/01/2026,11:38:02,17_T02,39.121679781,10.189923383,0.0,476.79,24.28,875.025,76.0,38.80,14.35,476.29,4337524.31,1781523.31
00:07:09.973,18/01/2026,11:38:03,17_T02,39.121679647,10.189923198,0.0,476.13,24.28,875.015,76.0,38.80,14.35,476.29,4337524.29,1781523.30
00:07:10.973,18/01/2026,11:38:04,17_T02,39.121679561,10.189923108,0.0,475.47,24.23,875.010,76.0,38.80,14.36,474.99,4337524.29,1781523.29
00:07:11.972,18/01/2026,11:38:05,17_T02,39.121679541,10.189923253,0.0,474.85,24.25,875.023,76.0,38.80,14.36,474.99,4337524.30,1781523.29
00:07:12.973,18/01/2026,11:38:06,17_T02,39.121679489,10.189923531,0.0,474.23,24.37,875.048,76.0,38.80,14.36,473.71,4337524.32,1781523.28
00:07:13.972,18/01/2026,11:38:07,17_T02,39.121679391,10.189923741,0.0,473.55,24.52,875.069,76.0,38.80,14.36,473.71,4337524.34,1781523.27
00:07:14.973,18/01/2026,11:38:08,17_T02,39.121679389,10.189924077,0.0,472.90,24.69,875.096,76.0,38.80,14.36,473.71,4337524.37,1781523.27
00:07:15.974,18/01/2026,11:38:09,17_T02,39.121679428,10.189924419,0.0,472.36,24.87,875.123,76.0,38.80,14.37,472.36,4337524.40,1781523.27
00:07:16.974,18/01/2026,11:38:10,17_T02,39.121679453,10.189924717,0.0,471.86,25.05,875.146,76.0,38.80,14.37,472.36,4337524.43,1781523.28
00:07:17.973,18/01/2026,11:38:11,17_T02,39.121679419,10.189924881,0.0,471.24,25.21,875.161,76.0,38.80,14.37,471.26,4337524.44,1781523.27
00:07:18.974,18/01/2026,11:38:12,17_T02,39.121679077,10.189924896,0.0,470.56,25.40,875.175,76.0,38.80,14.37,471.26,4337524.44,1781523.24
00:07:19.973,18/01/2026,11:38:13,17_T02,39.121678848,10.189925067,0.0,469.94,25.58,875.197,76.0,38.80,14.37,469.99,4337524.46,1781523.21
00:07:20.974,18/01/2026,11:38:14,17_T02,39.121678802,10.189925250,0.0,469.31,25.77,875.214,76.0,38.80,14.37,469.99,4337524.47,1781523.21
00:07:21.973,18/01/2026,11:38:15,17_T02,39.121678750,10.189925428,0.0,468.66,25.99,875.231,76.0,38.80,14.37,468.72,4337524.49,1781523.20
00:07:22.973,18/01/2026,11:38:16,17_T02,39.121678708,10.189925338,0.0,468.02,26.26,875.225,76.0,38.80,14.37,468.72,4337524.48,1781523.20
00:07:23.973,18/01/2026,11:38:17,17_T02,39.121678586,10.189925431,0.0,467.42,26.61,875.237,76.0,38.80,14.37,467.40,4337524.49,1781523.18
00:07:24.972,18/01/2026,11:38:18,17_T02,39.121678450,10.189925699,0.0,466.85,26.98,875.264,76.0,38.80,14.37,467.40,4337524.51,1781523.17
00:07:25.973,18/01/2026,11:38:19,17_T02,39.121678290,10.189925944,0.0,466.27,27.33,875.290,76.0,38.80,14.37,466.19,4337524.53,1781523.15
00:07:26.973,18/01/2026,11:38:20,17_T02,39.121678385,10.189925897,0.0,465.58,27.74,875.283,76.0,38.80,14.37,466.19,4337524.53,1781523.16
00:07:27.974,18/01/2026,11:38:21,17_T02,39.121678395,10.189925841,0.0,464.79,28.14,875.278,76.0,38.81,14.38,464.93,4337524.52,1781523.16
00:07:28.973,18/01/2026,11:38:22,17_T02,39.121678288,10.189925954,0.0,464.08,28.47,875.291,76.0,38.81,14.38,464.93,4337524.53,1781523.15
00:07:29.972,18/01/2026,11:38:23,17_T02,39.121678121,10.189926349,0.0,463.65,28.80,875.330,76.0,38.81,14.38,463.42,4337524.57,1781523.13
00:07:30.973,18/01/2026,11:38:24,17_T02,39.121678161,10.189926644,0.0,463.41,29.04,875.352,76.0,38.81,14.38,463.42,4337524.59,1781523.14
00:07:31.973,18/01/2026,11:38:25,17_T02,39.121678128,10.189926569,0.0,462.98,29.13,875.347,76.0,38.80,14.38,462.68,4337524.59,1781523.13
00:07:32.973,18/01/2026,11:38:26,17_T02,39.121677917,10.189926248,0.0,462.05,29.40,875.329,76.0,38.80,14.38,462.68,4337524.56,1781523.11
00:07:33.974,18/01/2026,11:38:27,17_T02,39.121677634,10.189926409,0.0,460.96,29.88,875.353,76.0,38.81,14.39,461.36,4337524.57,1781523.08
00:07:34.973,18/01/2026,11:38:28,17_T02,39.121677445,10.189926884,0.0,460.12,30.21,875.398,76.0,38.81,14.39,461.36,4337524.62,1781523.06
00:07:35.973,18/01/2026,11:38:29,17_T02,39.121677121,10.189927555,0.0,459.78,30.59,875.466,76.0,38.81,14.39,459.39,4337524.67,1781523.02
00:07:36.974,18/01/2026,11:38:30,17_T02,39.121676746,10.189927992,0.0,459.76,30.86,875.515,76.0,38.81,14.39,459.39,4337524.71,1781522.98
00:07:37.973,18/01/2026,11:38:31,17_T02,39.121676527,10.189927599,0.0,459.38,30.99,875.491,76.0,38.81,14.39,458.97,4337524.68,1781522.95
00:07:38.974,18/01/2026,11:38:32,17_T02,39.121676393,10.189926719,0.0,458.43,30.88,875.424,76.0,38.81,14.39,458.97,4337524.60,1781522.94
00:07:39.973,18/01/2026,11:38:33,17_T02,39.121676144,10.189926898,0.0,457.36,31.05,875.448,76.0,38.81,14.39,457.65,4337524.62,1781522.91
00:07:40.972,18/01/2026,11:38:34,17_T02,39.121675879,10.189927589,0.0,456.44,31.41,875.515,76.0,38.81,14.39,457.65,4337524.68,1781522.88
00:07:41.972,18/01/2026,11:38:35,17_T02,39.121675534,10.189928376,0.0,455.83,31.82,875.592,76.0,38.82,14.40,455.67,4337524.75,1781522.85
00:07:42.973,18/01/2026,11:38:36,17_T02,39.121675168,10.189928884,0.0,455.63,32.09,875.647,76.0,38.82,14.40,455.67,4337524.79,1781522.81
00:07:43.972,18/01/2026,11:38:37,17_T02,39.121674904,10.189929058,0.0,455.51,32.15,875.671,76.0,38.80,14.41,454.87,4337524.81,1781522.78
00:07:44.972,18/01/2026,11:38:38,17_T02,39.121674742,10.189928246,0.0,454.97,32.04,875.611,76.0,38.80,14.41,454.87,4337524.73,1781522.76
00:07:45.973,18/01/2026,11:38:39,17_T02,39.121674566,10.189927620,0.1,454.04,31.95,875.566,76.0,38.81,14.40,454.11,4337524.68,1781522.74
00:07:46.973,18/01/2026,11:38:40,17_T02,39.121674335,10.189927949,0.1,452.97,32.16,875.601,76.0,38.81,14.40,454.11,4337524.71,1781522.71
00:07:47.973,18/01/2026,11:38:41,17_T02,39.121674129,10.189928612,0.1,451.96,32.50,875.663,76.0,38.81,14.41,452.10,4337524.77,1781522.69
00:07:48.972,18/01/2026,11:38:42,17_T02,39.121673763,10.189929463,0.1,451.45,32.89,875.747,76.0,38.81,14.41,452.10,4337524.84,1781522.65
00:07:49.973,18/01/2026,11:38:43,17_T02,39.121673245,10.189930103,0.1,451.45,33.09,875.818,76.0,38.80,14.42,450.70,4337524.90,1781522.59
00:07:50.973,18/01/2026,11:38:44,17_T02,39.121672805,10.189929907,0.1,451.39,33.24,875.819,76.0,38.80,14.42,450.70,4337524.88,1781522.54
00:07:51.972,18/01/2026,11:38:45,17_T02,39.121672783,10.189928712,0.1,450.67,33.03,875.722,76.0,38.81,14.42,450.51,4337524.78,1781522.54
00:07:52.971,18/01/2026,11:38:46,17_T02,39.121672641,10.189928391,0.1,449.48,32.92,875.701,76.0,38.81,14.42,450.51,4337524.75,1781522.53
00:07:53.972,18/01/2026,11:38:47,17_T02,39.121672376,10.189929047,0.1,448.28,33.31,875.764,76.0,38.81,14.42,448.49,4337524.81,1781522.50
00:07:54.973,18/01/2026,11:38:48,17_T02,39.121672030,10.189930045,0.1,447.59,33.84,875.859,76.0,38.81,14.42,448.49,4337524.89,1781522.46
00:07:55.972,18/01/2026,11:38:49,17_T02,39.121671484,10.189930708,0.1,447.55,34.21,875.934,76.0,38.81,14.43,446.81,4337524.95,1781522.40
00:07:56.973,18/01/2026,11:38:50,17_T02,39.121670874,10.189930849,0.1,447.53,34.68,875.968,76.0,38.81,14.43,446.81,4337524.96,1781522.33
00:07:57.973,18/01/2026,11:38:51,17_T02,39.121670786,10.189929972,0.1,446.86,34.82,875.899,76.0,38.81,14.42,446.61,4337524.89,1781522.32
00:07:58.972,18/01/2026,11:38:52,17_T02,39.121670747,10.189929538,0.1,445.80,34.76,875.865,76.0,38.81,14.42,446.61,4337524.85,1781522.32
00:07:59.973,18/01/2026,11:38:53,17_T02,39.121670630,10.189930044,0.1,444.83,35.04,875.911,76.0,38.81,14.42,444.74,4337524.89,1781522.30
00:08:00.971,18/01/2026,11:38:54,17_T02,39.121670462,10.189930851,0.1,444.13,35.41,875.983,76.0,38.81,14.42,444.74,4337524.96,1781522.29
00:08:01.975,18/01/2026,11:38:55,17_T02,39.121670200,10.189931763,0.1,443.76,35.64,876.068,76.0,38.81,14.44,443.22,4337525.04,1781522.26
00:08:02.972,18/01/2026,11:38:56,17_T02,39.121670147,10.189931768,0.1,443.45,35.65,876.070,76.0,38.81,14.44,443.22,4337525.04,1781522.25
00:08:03.972,18/01/2026,11:38:57,17_T02,39.121670190,10.189931267,0.1,442.83,35.69,876.027,76.0,38.81,14.42,442.49,4337525.00,1781522.26
00:08:04.972,18/01/2026,11:38:58,17_T02,39.121670263,10.189931072,0.1,442.09,35.91,876.009,76.0,38.81,14.42,442.49,4337524.98,1781522.26
00:08:05.973,18/01/2026,11:38:59,17_T02,39.121670207,10.189931575,0.1,441.39,36.37,876.052,76.0,38.81,14.42,441.09,4337525.03,1781522.26
00:08:06.972,18/01/2026,11:39:00,17_T02,39.121670159,10.189932210,0.1,440.77,36.85,876.106,76.0,38.81,14.42,441.09,4337525.08,1781522.25
00:08:07.972,18/01/2026,11:39:01,17_T02,39.121670137,10.189932734,0.1,440.20,37.26,876.150,76.0,38.81,14.43,439.78,4337525.13,1781522.25
00:08:08.972,18/01/2026,11:39:02,17_T02,39.121670251,10.189933267,0.1,439.56,37.64,876.189,76.0,38.81,14.43,439.78,4337525.17,1781522.26
00:08:09.972,18/01/2026,11:39:03,17_T02,39.121670401,10.189933498,0.1,438.90,37.96,876.202,76.0,38.81,14.43,438.51,4337525.19,1781522.28
00:08:10.973,18/01/2026,11:39:04,17_T02,39.121670489,10.189933684,0.1,438.36,38.31,876.214,76.0,38.81,14.43,438.51,4337525.21,1781522.29
00:08:11.971,18/01/2026,11:39:05,17_T02,39.121670567,10.189934125,0.1,437.85,38.78,876.247,76.0,38.81,14.43,437.37,4337525.25,1781522.30
00:08:12.972,18/01/2026,11:39:06,17_T02,39.121670848,10.189934609,0.1,437.17,39.30,876.277,76.0,38.81,14.43,437.37,4337525.29,1781522.33
00:08:13.972,18/01/2026,11:39:07,17_T02,39.121671047,10.189934913,0.1,436.39,39.80,876.294,76.0,38.81,14.43,436.04,4337525.32,1781522.35
00:08:14.972,18/01/2026,11:39:08,17_T02,39.121671186,10.189935163,0.1,435.71,40.20,876.309,76.0,38.81,14.43,436.04,4337525.34,1781522.37
00:08:15.972,18/01/2026,11:39:09,17_T02,39.121671321,10.189935579,0.1,435.24,40.58,876.339,76.0,38.81,14.43,434.71,4337525.37,1781522.38
00:08:16.984,18/01/2026,11:39:10,17_T02,39.121671382,10.189936222,0.1,434.82,40.94,876.389,76.0,38.81,14.43,434.71,4337525.43,1781522.39
00:08:17.971,18/01/2026,11:39:11,17_T02,39.121671574,10.189936385,0.1,434.19,41.22,876.395,76.0,38.81,14.42,433.76,4337525.44,1781522.41
00:08:18.971,18/01/2026,11:39:12,17_T02,39.121671787,10.189936309,0.1,433.41,41.64,876.381,76.0,38.81,14.42,433.76,4337525.44,1781522.43
00:08:19.971,18/01/2026,11:39:13,17_T02,39.121671947,10.189936432,0.1,432.66,42.15,876.385,76.0,38.81,14.42,432.25,4337525.45,1781522.45
00:08:20.972,18/01/2026,11:39:14,17_T02,39.121671892,10.189936971,0.1,432.02,42.71,876.431,76.0,38.81,14.42,432.25,4337525.49,1781522.45
00:08:21.972,18/01/2026,11:39:15,17_T02,39.121671831,10.189937458,0.1,431.49,43.32,876.473,76.0,38.81,14.42,430.96,4337525.54,1781522.44
00:08:22.972,18/01/2026,11:39:16,17_T02,39.121671899,10.189937838,0.1,431.02,43.89,876.502,76.0,38.81,14.42,430.96,4337525.57,1781522.45
00:08:23.972,18/01/2026,11:39:17,17_T02,39.121672022,10.189937965,0.1,430.48,44.39,876.508,76.0,38.81,14.42,429.97,4337525.58,1781522.46
00:08:24.971,18/01/2026,11:39:18,17_T02,39.121672237,10.189938085,0.1,429.77,44.84,876.510,76.0,38.81,14.42,429.97,4337525.59,1781522.48
00:08:25.972,18/01/2026,11:39:19,17_T02,39.121672422,10.189938147,0.1,428.97,45.32,876.508,76.0,38.82,14.42,428.52,4337525.60,1781522.50
00:08:26.972,18/01/2026,11:39:20,17_T02,39.121672491,10.189938339,0.1,428.23,45.91,876.521,76.0,38.82,14.42,428.52,4337525.61,1781522.51
00:08:27.972,18/01/2026,11:39:21,17_T02,39.121672459,10.189938729,0.1,427.69,46.51,876.554,76.0,38.82,14.42,428.52,4337525.65,1781522.51
00:08:28.971,18/01/2026,11:39:22,17_T02,39.121672148,10.189939285,0.1,427.28,47.08,876.611,76.0,38.82,14.43,427.10,4337525.70,1781522.47
00:08:29.972,18/01/2026,11:39:23,17_T02,39.121672042,10.189939517,0.1,426.80,47.49,876.634,76.0,38.82,14.43,427.10,4337525.72,1781522.46
00:08:30.971,18/01/2026,11:39:24,17_T02,39.121672157,10.189939353,0.1,426.11,47.81,876.617,76.0,38.81,14.43,426.20,4337525.70,1781522.48
00:08:31.972,18/01/2026,11:39:25,17_T02,39.121672252,10.189939240,0.1,425.33,48.19,876.604,76.0,38.81,14.43,426.20,4337525.69,1781522.49
00:08:32.985,18/01/2026,11:39:26,17_T02,39.121672157,10.189939485,0.1,424.61,48.56,876.627,76.0,38.82,14.43,424.79,4337525.71,1781522.48
00:08:33.971,18/01/2026,11:39:27,17_T02,39.121671988,10.189939890,0.1,424.06,48.95,876.667,76.0,38.82,14.43,424.79,4337525.75,1781522.46
00:08:34.970,18/01/2026,11:39:28,17_T02,39.121671865,10.189940240,0.1,423.62,49.35,876.700,76.0,38.81,14.43,423.45,4337525.78,1781522.44
00:08:35.972,18/01/2026,11:39:29,17_T02,39.121671828,10.189940368,0.1,423.10,49.69,876.712,76.0,38.81,14.43,423.45,4337525.79,1781522.44
00:08:36.975,18/01/2026,11:39:30,17_T02,39.121671669,10.189940328,0.1,422.36,49.97,876.714,76.0,38.81,14.43,422.47,4337525.79,1781522.42
00:08:37.970,18/01/2026,11:39:31,17_T02,39.121671618,10.189940292,0.1,421.48,50.27,876.713,76.0,38.81,14.43,422.47,4337525.78,1781522.42
00:08:38.972,18/01/2026,11:39:32,17_T02,39.121671576,10.189940421,0.1,420.74,50.62,876.726,76.0,38.82,14.44,420.94,4337525.80,1781522.41
00:08:39.970,18/01/2026,11:39:33,17_T02,39.121671347,10.189940818,0.1,420.25,51.03,876.767,76.0,38.82,14.44,420.94,4337525.83,1781522.39
00:08:40.970,18/01/2026,11:39:34,17_T02,39.121671097,10.189941131,0.1,419.98,51.38,876.802,76.0,38.82,14.44,419.58,4337525.86,1781522.36
00:08:41.971,18/01/2026,11:39:35,17_T02,39.121670920,10.189941236,0.1,419.61,51.58,876.817,76.0,38.82,14.44,419.58,4337525.87,1781522.34
00:08:42.970,18/01/2026,11:39:36,17_T02,39.121671038,10.189940843,0.1,418.84,51.72,876.780,76.0,38.81,14.43,418.94,4337525.83,1781522.35
00:08:43.970,18/01/2026,11:39:37,17_T02,39.121671034,10.189940709,0.1,417.86,52.08,876.769,76.0,38.81,14.43,418.94,4337525.82,1781522.35
00:08:44.971,18/01/2026,11:39:38,17_T02,39.121670643,10.189940770,0.1,416.93,52.50,876.789,76.0,38.82,14.43,417.26,4337525.83,1781522.31
00:08:45.970,18/01/2026,11:39:39,17_T02,39.121670111,10.189941211,0.1,416.30,52.93,876.845,76.0,38.82,14.43,417.26,4337525.86,1781522.25
00:08:46.971,18/01/2026,11:39:40,17_T02,39.121669678,10.189941677,0.1,416.05,53.31,876.899,76.0,38.82,14.44,415.62,4337525.90,1781522.20
00:08:47.971,18/01/2026,11:39:41,17_T02,39.121669507,10.189941688,0.1,415.81,53.46,876.906,76.0,38.82,14.44,415.62,4337525.91,1781522.18
00:08:48.972,18/01/2026,11:39:42,17_T02,39.121669434,10.189941194,0.1,415.12,53.37,876.869,76.0,38.82,14.44,415.06,4337525.86,1781522.18
00:08:49.970,18/01/2026,11:39:43,17_T02,39.121669318,10.189940904,0.0,414.20,53.48,876.849,76.0,38.82,14.44,415.06,4337525.84,1781522.16
00:08:50.971,18/01/2026,11:39:44,17_T02,39.121669161,10.189941199,0.0,413.39,53.80,876.879,76.0,38.82,14.44,413.54,4337525.86,1781522.15
00:08:51.972,18/01/2026,11:39:45,17_T02,39.121668818,10.189941738,0.0,412.75,54.27,876.936,76.0,38.82,14.44,413.54,4337525.91,1781522.11
00:08:52.985,18/01/2026,11:39:46,17_T02,39.121668242,10.189942216,0.0,412.18,54.67,876.997,76.0,38.83,14.45,412.04,4337525.95,1781522.04
00:08:53.986,18/01/2026,11:39:47,17_T02,39.121667865,10.189942455,0.0,411.68,54.91,877.030,76.0,38.83,14.45,412.04,4337525.97,1781522.00
00:08:54.987,18/01/2026,11:39:48,17_T02,39.121667695,10.189942529,0.0,411.22,55.05,877.043,76.0,38.81,14.45,410.93,4337525.98,1781521.98
00:08:55.971,18/01/2026,11:39:49,17_T02,39.121667598,10.189942468,0.0,410.68,55.12,877.041,76.0,38.81,14.45,410.93,4337525.97,1781521.97
00:08:56.984,18/01/2026,11:39:50,17_T02,39.121667231,10.189942588,0.0,410.01,55.24,877.065,76.0,38.81,14.45,409.90,4337525.98,1781521.93
00:08:57.970,18/01/2026,11:39:51,17_T02,39.121666911,10.189942866,0.0,409.18,55.42,877.099,76.0,38.81,14.45,409.90,4337526.01,1781521.90
00:08:58.972,18/01/2026,11:39:52,17_T02,39.121666720,10.189943219,0.0,408.29,55.63,877.135,76.0,38.82,14.45,408.39,4337526.04,1781521.88
00:08:59.984,18/01/2026,11:39:53,17_T02,39.121666492,10.189943595,0.0,407.49,55.86,877.175,76.0,38.82,14.45,408.39,4337526.07,1781521.85
00:09:00.971,18/01/2026,11:39:54,17_T02,39.121666260,10.189944032,0.0,406.94,56.16,877.219,76.0,38.82,14.46,406.71,4337526.11,1781521.83
00:09:01.987,18/01/2026,11:39:55,17_T02,39.121666009,10.189944458,0.0,406.63,56.34,877.263,76.0,38.82,14.46,406.71,4337526.15,1781521.80
00:09:02.984,18/01/2026,11:39:56,17_T02,39.121665878,10.189944584,0.0,406.33,56.25,877.279,76.0,38.82,14.46,405.86,4337526.16,1781521.78
00:09:03.971,18/01/2026,11:39:57,17_T02,39.121666007,10.189944293,0.0,405.67,56.04,877.250,76.0,38.82,14.46,405.86,4337526.13,1781521.80
00:09:04.972,18/01/2026,11:39:58,17_T02,39.121665747,10.189944383,0.0,404.78,56.11,877.267,76.0,38.83,14.45,404.80,4337526.14,1781521.77
00:09:05.971,18/01/2026,11:39:59,17_T02,39.121665409,10.189944844,0.0,403.89,56.38,877.317,76.0,38.83,14.45,404.80,4337526.18,1781521.73
00:09:06.970,18/01/2026,11:40:00,17_T02,39.121665073,10.189945411,0.0,403.13,56.73,877.376,76.0,38.82,14.46,403.04,4337526.23,1781521.69
00:09:07.972,18/01/2026,11:40:01,17_T02,39.121664715,10.189945970,0.0,402.57,57.03,877.435,76.0,38.82,14.46,403.04,4337526.28,1781521.66
00:09:08.970,18/01/2026,11:40:02,17_T02,39.121664449,10.189946364,0.0,402.16,57.18,877.478,76.0,38.82,14.47,401.73,4337526.31,1781521.63
00:09:09.972,18/01/2026,11:40:03,17_T02,39.121664292,10.189946490,0.0,401.78,57.15,877.494,76.0,38.82,14.47,401.73,4337526.32,1781521.61
00:09:10.985,18/01/2026,11:40:04,17_T02,39.121664345,10.189946336,0.0,401.16,57.01,877.479,76.0,38.82,14.46,400.90,4337526.31,1781521.61
00:09:11.971,18/01/2026,11:40:05,17_T02,39.121664350,10.189946337,0.0,400.30,57.04,877.479,76.0,38.82,14.46,400.90,4337526.31,1781521.62
00:09:12.971,18/01/2026,11:40:06,17_T02,39.121663953,10.189946604,0.0,399.40,57.14,877.516,76.0,38.82,14.46,399.34,4337526.33,1781521.57
00:09:13.970,18/01/2026,11:40:07,17_T02,39.121663507,10.189947021,0.0,398.68,57.28,877.566,76.0,38.82,14.46,399.34,4337526.37,1781521.52
00:09:14.970,18/01/2026,11:40:08,17_T02,39.121663072,10.189947584,0.1,398.22,57.48,877.629,76.0,38.82,14.47,397.77,4337526.42,1781521.47
00:09:15.970,18/01/2026,11:40:09,17_T02,39.121662773,10.189947964,0.1,397.85,57.60,877.671,76.0,38.82,14.47,397.77,4337526.45,1781521.44
00:09:16.971,18/01/2026,11:40:10,17_T02,39.121662539,10.189948010,0.1,397.31,57.63,877.683,76.0,38.82,14.46,396.95,4337526.46,1781521.42
00:09:17.972,18/01/2026,11:40:11,17_T02,39.121662378,10.189947994,0.1,396.57,57.79,877.688,76.0,38.82,14.46,396.95,4337526.46,1781521.40
00:09:18.973,18/01/2026,11:40:12,17_T02,39.121662140,10.189948290,0.1,395.82,58.18,877.721,76.0,38.82,14.47,395.57,4337526.48,1781521.37
00:09:19.986,18/01/2026,11:40:13,17_T02,39.121661765,10.189948805,0.1,395.10,58.67,877.777,76.0,38.82,14.47,395.57,4337526.53,1781521.33
00:09:20.986,18/01/2026,11:40:14,17_T02,39.121661365,10.189949279,0.1,394.42,59.15,877.831,76.0,38.82,14.47,394.11,4337526.57,1781521.29
00:09:21.971,18/01/2026,11:40:15,17_T02,39.121661012,10.189949672,0.1,393.72,59.57,877.876,76.0,38.82,14.47,394.11,4337526.60,1781521.25
00:09:22.970,18/01/2026,11:40:16,17_T02,39.121660718,10.189950000,0.1,393.09,59.99,877.914,76.0,38.82,14.47,392.72,4337526.63,1781521.22
00:09:23.970,18/01/2026,11:40:17,17_T02,39.121660429,10.189950393,0.0,392.64,60.41,877.957,76.0,38.82,14.47,392.72,4337526.67,1781521.18
00:09:24.984,18/01/2026,11:40:18,17_T02,39.121660237,10.189950712,0.0,392.25,60.75,877.990,76.0,38.82,14.47,391.74,4337526.69,1781521.16
00:09:25.971,18/01/2026,11:40:19,17_T02,39.121660129,10.189950874,0.0,391.66,61.05,878.008,76.0,38.82,14.47,391.74,4337526.71,1781521.15
00:09:26.970,18/01/2026,11:40:20,17_T02,39.121659946,10.189951072,0.0,390.83,61.49,878.031,76.0,38.82,14.47,390.56,4337526.72,1781521.13
00:09:27.972,18/01/2026,11:40:21,17_T02,39.121659734,10.189951396,0.0,389.89,61.93,878.065,76.0,38.82,14.47,390.56,4337526.75,1781521.11
00:09:28.970,18/01/2026,11:40:22,17_T02,39.121659332,10.189951808,0.0,389.08,62.32,878.114,76.0,38.82,14.47,388.74,4337526.79,1781521.06
00:09:29.994,18/01/2026,11:40:23,17_T02,39.121658627,10.189952487,0.0,388.63,62.88,878.196,76.0,38.82,14.47,388.74,4337526.85,1781520.99
00:09:30.986,18/01/2026,11:40:24,17_T02,39.121658141,10.189953044,0.0,388.45,63.30,878.259,76.0,38.82,14.47,387.79,4337526.90,1781520.93
00:09:31.993,18/01/2026,11:40:25,17_T02,39.121657919,10.189953148,0.0,388.03,63.56,878.276,76.0,38.82,14.47,387.79,4337526.91,1781520.91
00:09:32.986,18/01/2026,11:40:26,17_T02,39.121657991,10.189952963,0.0,387.15,63.68,878.258,76.0,38.82,14.46,386.83,4337526.89,1781520.92
00:09:33.992,18/01/2026,11:40:27,17_T02,39.121657783,10.189953205,0.0,386.12,64.09,878.286,76.0,38.82,14.46,386.83,4337526.91,1781520.89
00:09:34.986,18/01/2026,11:40:28,17_T02,39.121657323,10.189953805,0.0,385.23,64.64,878.352,76.0,38.82,14.47,384.87,4337526.96,1781520.84
00:09:35.985,18/01/2026,11:40:29,17_T02,39.121656836,10.189954598,0.0,384.63,65.19,878.435,76.0,38.82,14.47,384.87,4337527.03,1781520.79
00:09:36.969,18/01/2026,11:40:30,17_T02,39.121656222,10.189955302,0.1,384.36,65.60,878.516,76.0,38.81,14.48,383.70,4337527.09,1781520.72
00:09:37.970,18/01/2026,11:40:31,17_T02,39.121655803,10.189955530,0.1,384.19,65.72,878.550,76.0,38.81,14.48,383.70,4337527.11,1781520.67
00:09:38.969,18/01/2026,11:40:32,17_T02,39.121655855,10.189955243,0.1,383.66,65.65,878.525,76.0,38.81,14.48,383.70,4337527.09,1781520.68
00:09:39.986,18/01/2026,11:40:33,17_T02,39.121655894,10.189955039,0.1,382.75,65.71,878.506,76.0,38.82,14.47,383.16,4337527.07,1781520.68
00:09:40.970,18/01/2026,11:40:34,17_T02,39.121655593,10.189955376,0.1,381.61,66.09,878.545,76.0,38.82,14.47,383.16,4337527.10,1781520.65
00:09:41.985,18/01/2026,11:40:35,17_T02,39.121654892,10.189956153,0.0,380.55,66.54,878.635,76.0,38.82,14.47,381.28,4337527.17,1781520.57
00:09:42.986,18/01/2026,11:40:36,17_T02,39.121653968,10.189956948,0.1,380.07,66.97,878.734,76.0,38.82,14.47,381.28,4337527.24,1781520.47
00:09:43.984,18/01/2026,11:40:37,17_T02,39.121653354,10.189957598,0.1,380.08,67.17,878.811,76.0,38.82,14.48,379.44,4337527.29,1781520.40
00:09:44.984,18/01/2026,11:40:38,17_T02,39.121653052,10.189957582,0.1,379.93,67.48,878.821,76.0,38.82,14.48,379.44,4337527.29,1781520.37
00:09:45.985,18/01/2026,11:40:39,17_T02,39.121653198,10.189957062,0.1,379.18,67.61,878.772,76.0,38.82,14.48,379.25,4337527.25,1781520.39
00:09:46.985,18/01/2026,11:40:40,17_T02,39.121652869,10.189957209,0.1,378.06,67.89,878.797,76.0,38.82,14.48,379.25,4337527.26,1781520.35
00:09:47.984,18/01/2026,11:40:41,17_T02,39.121652214,10.189957941,0.1,376.94,68.43,878.881,76.0,38.82,14.48,377.61,4337527.32,1781520.28
00:09:48.971,18/01/2026,11:40:42,17_T02,39.121651248,10.189958890,0.1,376.23,69.05,878.995,76.0,38.82,14.48,377.61,4337527.41,1781520.17
00:09:49.970,18/01/2026,11:40:43,17_T02,39.121650234,10.189959633,0.1,376.00,69.55,879.093,76.0,38.83,14.49,375.64,4337527.47,1781520.06
00:09:50.985,18/01/2026,11:40:44,17_T02,39.121649929,10.189959867,0.1,375.80,69.77,879.124,76.0,38.83,14.49,375.64,4337527.49,1781520.03
00:09:51.984,18/01/2026,11:40:45,17_T02,39.121650098,10.189959609,0.1,375.24,69.81,879.096,76.0,38.82,14.48,375.10,4337527.47,1781520.05
00:09:52.970,18/01/2026,11:40:46,17_T02,39.121649983,10.189959560,0.1,374.42,70.04,879.097,76.0,38.82,14.48,375.10,4337527.47,1781520.03
00:09:53.984,18/01/2026,11:40:47,17_T02,39.121649412,10.189960033,0.1,373.48,70.53,879.157,76.0,38.82,14.48,373.82,4337527.51,1781519.97
00:09:54.986,18/01/2026,11:40:48,17_T02,39.121648763,10.189960744,0.1,372.59,71.16,879.239,76.0,38.82,14.48,373.82,4337527.57,1781519.90
00:09:55.975,18/01/2026,11:40:49,17_T02,39.121647915,10.189961511,0.1,371.96,71.85,879.333,76.0,38.82,14.49,371.99,4337527.64,1781519.81
00:09:56.986,18/01/2026,11:40:50,17_T02,39.121646981,10.189962094,0.1,371.64,72.49,879.416,76.0,38.82,14.49,371.99,4337527.69,1781519.70
00:09:57.983,18/01/2026,11:40:51,17_T02,39.121646499,10.189962241,0.1,371.33,72.89,879.446,76.0,38.81,14.49,370.93,4337527.70,1781519.65
00:09:58.986,18/01/2026,11:40:52,17_T02,39.121646666,10.189962131,0.1,370.72,73.12,879.431,76.0,38.81,14.49,370.93,4337527.69,1781519.67
00:09:59.970,18/01/2026,11:40:53,17_T02,39.121646623,10.189962197,0.1,369.92,73.50,879.438,76.0,38.82,14.49,370.06,4337527.70,1781519.66
00:10:00.984,18/01/2026,11:40:54,17_T02,39.121646132,10.189962619,0.1,368.98,74.00,879.491,76.0,38.82,14.49,370.06,4337527.73,1781519.61
00:10:01.983,18/01/2026,11:40:55,17_T02,39.121645483,10.189963130,0.1,368.12,74.61,879.557,76.0,38.82,14.49,368.35,4337527.78,1781519.54
00:10:02.984,18/01/2026,11:40:56,17_T02,39.121644750,10.189963777,0.1,367.64,75.31,879.637,76.0,38.82,14.49,368.35,4337527.83,1781519.46
00:10:03.980,18/01/2026,11:40:57,17_T02,39.121644178,10.189964233,0.1,367.38,75.74,879.695,76.0,38.82,14.49,366.94,4337527.87,1781519.39
00:10:04.984,18/01/2026,11:40:58,17_T02,39.121643926,10.189964245,0.1,366.89,76.03,879.706,76.0,38.82,14.49,366.94,4337527.87,1781519.37
00:10:05.984,18/01/2026,11:40:59,17_T02,39.121644331,10.189963941,0.1,366.06,76.29,879.666,76.0,38.82,14.50,366.17,4337527.85,1781519.41
00:10:06.984,18/01/2026,11:41:00,17_T02,39.121644215,10.189964065,0.1,365.14,76.80,879.680,76.0,38.82,14.50,366.17,4337527.86,1781519.40
00:10:07.984,18/01/2026,11:41:01,17_T02,39.121643659,10.189964500,0.1,364.36,77.44,879.737,76.0,38.82,14.50,364.45,4337527.90,1781519.34
00:10:08.984,18/01/2026,11:41:02,17_T02,39.121642812,10.189965068,0.1,363.88,78.14,879.815,76.0,38.82,14.50,364.45,4337527.95,1781519.24
00:10:09.984,18/01/2026,11:41:03,17_T02,39.121642434,10.189965586,0.1,363.56,78.67,879.871,76.0,38.82,14.50,363.16,4337527.99,1781519.20
00:10:10.985,18/01/2026,11:41:04,17_T02,39.121642353,10.189965749,0.1,363.08,79.06,879.888,76.0,38.82,14.50,363.16,4337528.01,1781519.19
00:10:11.984,18/01/2026,11:41:05,17_T02,39.121642442,10.189965610,0.1,362.33,79.45,879.873,76.0,38.82,14.50,362.33,4337527.99,1781519.20
00:10:12.981,18/01/2026,11:41:06,17_T02,39.121642338,10.189965653,0.1,361.46,79.90,879.880,76.0,38.82,14.50,362.33,4337528.00,1781519.19
00:10:13.992,18/01/2026,11:41:07,17_T02,39.121642372,10.189965989,0.1,360.60,80.43,879.906,76.0,38.82,14.50,360.71,4337528.03,1781519.19
00:10:14.984,18/01/2026,11:41:08,17_T02,39.121642075,10.189966386,0.1,359.89,81.06,879.950,76.0,38.82,14.50,360.71,4337528.06,1781519.16
00:10:15.984,18/01/2026,11:41:09,17_T02,39.121641464,10.189966757,0.1,359.40,81.68,880.003,76.0,38.82,14.50,359.14,4337528.09,1781519.09
00:10:16.983,18/01/2026,11:41:10,17_T02,39.121641028,10.189966967,0.1,359.08,82.17,880.037,76.0,38.82,14.50,359.14,4337528.11,1781519.05
00:10:17.992,18/01/2026,11:41:11,17_T02,39.121641078,10.189967115,0.1,358.70,82.46,880.047,76.0,38.82,14.50,358.34,4337528.13,1781519.05
00:10:18.984,18/01/2026,11:41:12,17_T02,39.121641490,10.189966963,0.1,358.03,82.72,880.019,76.0,38.82,14.50,358.34,4337528.11,1781519.10
00:10:19.983,18/01/2026,11:41:13,17_T02,39.121641636,10.189966895,0.1,357.07,83.12,880.008,76.0,38.82,14.50,357.20,4337528.11,1781519.11
00:10:20.984,18/01/2026,11:41:14,17_T02,39.121641593,10.189966992,0.1,356.05,83.51,880.018,76.0,38.82,14.50,357.20,4337528.11,1781519.11
00:10:21.983,18/01/2026,11:41:15,17_T02,39.121641461,10.189967497,0.1,355.39,83.94,880.064,76.0,38.82,14.50,355.24,4337528.16,1781519.09
00:10:22.984,18/01/2026,11:41:16,17_T02,39.121641140,10.189967865,0.1,355.08,84.25,880.106,76.0,38.82,14.50,355.24,4337528.19,1781519.06
00:10:23.985,18/01/2026,11:41:17,17_T02,39.121640972,10.189967839,0.1,354.77,84.42,880.110,76.0,38.82,14.50,354.33,4337528.19,1781519.04
00:10:24.984,18/01/2026,11:41:18,17_T02,39.121641826,10.189967665,0.1,354.10,84.45,880.064,76.0,38.82,14.50,354.33,4337528.17,1781519.13
00:10:25.984,18/01/2026,11:41:19,17_T02,39.121642570,10.189967452,0.1,353.21,84.58,880.019,76.0,38.82,14.50,353.21,4337528.15,1781519.22
00:10:26.984,18/01/2026,11:41:20,17_T02,39.121642564,10.189967458,0.1,352.43,84.92,880.020,76.0,38.82,14.50,353.21,4337528.15,1781519.22
00:10:27.983,18/01/2026,11:41:21,17_T02,39.121642192,10.189967633,0.1,351.84,85.41,880.048,76.0,38.82,14.51,351.59,4337528.17,1781519.17
00:10:28.983,18/01/2026,11:41:22,17_T02,39.121642174,10.189968133,0.1,351.29,85.91,880.089,76.0,38.82,14.51,351.59,4337528.21,1781519.17
00:10:29.983,18/01/2026,11:41:23,17_T02,39.121642207,10.189968184,0.1,350.69,86.36,880.092,76.0,38.82,14.51,350.44,4337528.22,1781519.18
00:10:30.983,18/01/2026,11:41:24,17_T02,39.121642196,10.189967867,0.1,350.07,86.75,880.067,76.0,38.82,14.51,350.44,4337528.19,1781519.18
00:10:31.984,18/01/2026,11:41:25,17_T02,39.121642797,10.189967760,0.1,349.45,87.11,880.036,76.0,38.82,14.51,349.19,4337528.18,1781519.24
00:10:32.985,18/01/2026,11:41:26,17_T02,39.121643179,10.189967666,0.1,348.82,87.43,880.014,76.0,38.82,14.51,349.19,4337528.17,1781519.28
00:10:33.983,18/01/2026,11:41:27,17_T02,39.121643133,10.189967571,0.1,348.19,87.84,880.008,76.0,38.82,14.51,347.92,4337528.16,1781519.28
00:10:34.984,18/01/2026,11:41:28,17_T02,39.121643035,10.189967473,0.1,347.52,88.32,880.003,76.0,38.82,14.51,347.92,4337528.16,1781519.27
00:10:35.984,18/01/2026,11:41:29,17_T02,39.121643333,10.189967439,0.1,346.84,88.76,879.989,76.0,38.82,14.52,346.60,4337528.15,1781519.30
00:10:36.985,18/01/2026,11:41:30,17_T02,39.121643574,10.189967302,0.1,346.16,89.13,879.969,76.0,38.82,14.52,346.60,4337528.14,1781519.33
00:10:37.982,18/01/2026,11:41:31,17_T02,39.121643743,10.189967081,0.1,345.53,89.45,879.945,76.0,38.82,14.52,345.24,4337528.12,1781519.35
00:10:38.983,18/01/2026,11:41:32,17_T02,39.121644178,10.189967056,0.1,344.99,89.83,879.927,76.0,38.82,14.52,345.24,4337528.12,1781519.39
00:10:39.984,18/01/2026,11:41:33,17_T02,39.121644427,10.189966962,0.1,344.40,90.23,879.910,76.0,38.82,14.53,344.06,4337528.11,1781519.42
00:10:40.984,18/01/2026,11:41:34,17_T02,39.121644644,10.189966702,0.1,343.69,90.60,879.880,76.0,38.82,14.53,344.06,4337528.09,1781519.45
00:10:41.984,18/01/2026,11:41:35,17_T02,39.121644860,10.189966506,0.1,342.97,90.97,879.856,76.0,38.82,14.53,342.70,4337528.07,1781519.47
00:10:42.984,18/01/2026,11:41:36,17_T02,39.121645381,10.189966319,0.1,342.36,91.39,879.822,76.0,38.82,14.53,342.70,4337528.05,1781519.53
00:10:43.985,18/01/2026,11:41:37,17_T02,39.121645632,10.189966178,0.1,341.81,91.86,879.801,76.0,38.82,14.52,341.43,4337528.04,1781519.55
00:10:44.983,18/01/2026,11:41:38,17_T02,39.121645693,10.189966003,0.1,341.25,92.29,879.784,76.0,38.82,14.52,341.43,4337528.03,1781519.56
00:10:45.984,18/01/2026,11:41:39,17_T02,39.121645810,10.189965757,0.1,340.64,92.75,879.760,76.0,38.82,14.53,340.30,4337528.01,1781519.57
00:10:46.983,18/01/2026,11:41:40,17_T02,39.121646168,10.189965688,0.1,339.97,93.22,879.741,76.0,38.82,14.53,340.30,4337528.00,1781519.61
00:10:47.985,18/01/2026,11:41:41,17_T02,39.121646386,10.189965603,0.1,339.24,93.68,879.726,76.0,38.82,14.53,338.97,4337527.99,1781519.64
00:10:48.983,18/01/2026,11:41:42,17_T02,39.121646435,10.189965407,0.1,338.43,94.20,879.708,76.0,38.82,14.53,338.97,4337527.98,1781519.64
00:10:49.985,18/01/2026,11:41:43,17_T02,39.121646592,10.189965144,0.1,337.70,94.83,879.680,76.0,38.82,14.52,337.34,4337527.95,1781519.66
00:10:50.983,18/01/2026,11:41:44,17_T02,39.121646431,10.189964971,0.1,337.21,95.52,879.672,76.0,38.82,14.52,337.34,4337527.94,1781519.64
00:10:51.984,18/01/2026,11:41:45,17_T02,39.121646161,10.189964872,0.1,336.86,96.03,879.674,76.0,38.81,14.52,336.35,4337527.93,1781519.61
00:10:52.983,18/01/2026,11:41:46,17_T02,39.121646190,10.189964662,0.1,336.32,96.37,879.656,76.0,38.81,14.52,336.35,4337527.91,1781519.62
00:10:53.982,18/01/2026,11:41:47,17_T02,39.121646715,10.189964325,0.1,335.60,96.67,879.609,76.0,38.81,14.52,336.35,4337527.88,1781519.67
00:10:54.985,18/01/2026,11:41:48,17_T02,39.121646934,10.189964164,0.1,334.77,97.01,879.587,76.0,38.82,14.51,335.22,4337527.87,1781519.70
00:10:55.983,18/01/2026,11:41:49,17_T02,39.121646887,10.189964065,0.1,333.88,97.36,879.581,76.0,38.82,14.51,335.22,4337527.86,1781519.69
00:10:56.984,18/01/2026,11:41:50,17_T02,39.121646664,10.189963749,0.1,333.19,97.81,879.563,76.0,38.82,14.52,333.50,4337527.83,1781519.67
00:10:57.984,18/01/2026,11:41:51,17_T02,39.121646176,10.189963502,0.1,332.81,98.21,879.561,76.0,38.82,14.52,333.50,4337527.81,1781519.61
00:10:58.982,18/01/2026,11:41:52,17_T02,39.121645945,10.189963377,0.1,332.53,98.35,879.560,76.0,38.81,14.53,332.24,4337527.80,1781519.59
00:10:59.983,18/01/2026,11:41:53,17_T02,39.121646213,10.189963147,0.1,332.00,98.34,879.531,76.0,38.81,14.53,332.24,4337527.78,1781519.62
00:11:00.982,18/01/2026,11:41:54,17_T02,39.121646597,10.189962568,0.1,331.20,98.42,879.469,76.0,38.82,14.52,331.51,4337527.73,1781519.66
00:11:01.983,18/01/2026,11:41:55,17_T02,39.121646558,10.189962255,0.1,330.19,98.70,879.445,76.0,38.82,14.52,331.51,4337527.70,1781519.66
00:11:02.984,18/01/2026,11:41:56,17_T02,39.121646172,10.189962145,0.1,329.18,99.16,879.450,76.0,38.82,14.52,329.77,4337527.69,1781519.61
00:11:03.983,18/01/2026,11:41:57,17_T02,39.121645304,10.189961971,0.1,328.55,99.79,879.468,76.0,38.82,14.52,329.77,4337527.68,1781519.52
00:11:04.983,18/01/2026,11:41:58,17_T02,39.121644547,10.189961608,0.1,328.38,100.29,879.467,76.0,38.83,14.53,328.00,4337527.65,1781519.43
00:11:05.984,18/01/2026,11:41:59,17_T02,39.121644302,10.189961265,0.1,328.23,100.49,879.448,76.0,38.83,14.53,328.00,4337527.62,1781519.41
00:11:06.984,18/01/2026,11:42:00,17_T02,39.121644745,10.189960893,0.1,327.67,100.54,879.401,76.0,38.81,14.53,327.62,4337527.58,1781519.46
00:11:07.983,18/01/2026,11:42:01,17_T02,39.121645039,10.189960357,0.1,326.78,100.80,879.346,76.0,38.81,14.53,327.62,4337527.54,1781519.49
00:11:08.983,18/01/2026,11:42:02,17_T02,39.121644618,10.189960085,0.1,325.71,101.39,879.339,76.0,38.82,14.52,326.29,4337527.51,1781519.44
00:11:09.984,18/01/2026,11:42:03,17_T02,39.121643893,10.189960043,0.1,324.77,102.09,879.363,76.0,38.82,14.52,326.29,4337527.51,1781519.36
00:11:10.984,18/01/2026,11:42:04,17_T02,39.121642834,10.189959899,0.1,324.20,102.92,879.391,76.0,38.81,14.52,324.25,4337527.50,1781519.24
00:11:11.984,18/01/2026,11:42:05,17_T02,39.121642208,10.189959566,0.1,323.96,103.44,879.387,76.0,38.81,14.52,324.25,4337527.47,1781519.17
00:11:12.986,18/01/2026,11:42:06,17_T02,39.121642006,10.189959113,0.1,323.64,103.86,879.357,76.0,38.82,14.53,323.35,4337527.43,1781519.15
00:11:13.983,18/01/2026,11:42:07,17_T02,39.121642297,10.189958758,0.1,323.02,104.08,879.317,76.0,38.82,14.53,323.35,4337527.40,1781519.18
00:11:14.985,18/01/2026,11:42:08,17_T02,39.121642146,10.189958653,0.1,322.22,104.35,879.314,76.0,38.81,14.52,322.43,4337527.39,1781519.17
00:11:15.984,18/01/2026,11:42:09,17_T02,39.121641649,10.189958667,0.1,321.20,104.76,879.334,76.0,38.81,14.52,322.43,4337527.39,1781519.11
00:11:16.984,18/01/2026,11:42:10,17_T02,39.121641038,10.189958695,0.1,320.26,105.24,879.359,76.0,38.82,14.52,320.61,4337527.39,1781519.05
00:11:17.983,18/01/2026,11:42:11,17_T02,39.121640033,10.189958586,0.1,319.72,105.83,879.387,76.0,38.82,14.52,320.61,4337527.38,1781518.93
00:11:18.984,18/01/2026,11:42:12,17_T02,39.121639185,10.189958185,0.1,319.58,106.17,879.386,76.0,38.82,14.53,319.12,4337527.35,1781518.84
00:11:19.983,18/01/2026,11:42:13,17_T02,39.121638897,10.189957756,0.1,319.35,106.39,879.362,76.0,38.82,14.53,319.12,4337527.31,1781518.81
00:11:20.983,18/01/2026,11:42:14,17_T02,39.121639438,10.189957530,0.1,318.68,106.37,879.323,76.0,38.81,14.52,318.69,4337527.29,1781518.87
00:11:21.983,18/01/2026,11:42:15,17_T02,39.121639655,10.189957257,0.1,317.71,106.66,879.292,76.0,38.81,14.52,318.69,4337527.27,1781518.89
00:11:22.983,18/01/2026,11:42:16,17_T02,39.121639165,10.189957165,0.1,316.62,107.31,879.303,76.0,38.81,14.53,317.05,4337527.26,1781518.84
00:11:23.984,18/01/2026,11:42:17,17_T02,39.121638232,10.189957164,0.1,315.82,107.98,879.338,76.0,38.81,14.53,317.05,4337527.26,1781518.74
00:11:24.984,18/01/2026,11:42:18,17_T02,39.121637274,10.189957095,0.1,315.41,108.38,879.368,76.0,38.82,14.53,315.16,4337527.25,1781518.63
00:11:25.984,18/01/2026,11:42:19,17_T02,39.121636917,10.189956874,0.1,315.12,108.60,879.363,76.0,38.82,14.53,315.16,4337527.24,1781518.59
00:11:26.982,18/01/2026,11:42:20,17_T02,39.121637008,10.189956654,0.1,314.62,108.77,879.342,76.0,38.81,14.53,314.43,4337527.22,1781518.60
00:11:27.984,18/01/2026,11:42:21,17_T02,39.121637232,10.189956567,0.1,313.91,108.94,879.326,76.0,38.81,14.53,314.43,4337527.21,1781518.63
00:11:28.982,18/01/2026,11:42:22,17_T02,39.121637279,10.189956462,0.1,313.20,109.32,879.316,76.0,38.81,14.53,313.19,4337527.20,1781518.63
00:11:29.983,18/01/2026,11:42:23,17_T02,39.121636896,10.189956448,0.1,312.50,109.83,879.329,76.0,38.81,14.53,313.19,4337527.20,1781518.59
00:11:30.984,18/01/2026,11:42:24,17_T02,39.121636308,10.189956440,0.1,311.77,110.37,879.350,76.0,38.81,14.53,311.76,4337527.20,1781518.52
00:11:31.984,18/01/2026,11:42:25,17_T02,39.121635985,10.189956135,0.1,311.10,110.95,879.337,76.0,38.81,14.53,311.76,4337527.17,1781518.49
00:11:32.981,18/01/2026,11:42:26,17_T02,39.121635676,10.189955950,0.1,310.57,111.49,879.334,76.0,38.81,14.53,310.36,4337527.16,1781518.45
00:11:33.984,18/01/2026,11:42:27,17_T02,39.121635369,10.189955898,0.1,310.08,111.94,879.341,76.0,38.81,14.53,310.36,4337527.15,1781518.42
00:11:34.983,18/01/2026,11:42:28,17_T02,39.121635294,10.189955973,0.1,309.55,112.23,879.350,76.0,38.80,14.54,309.32,4337527.16,1781518.41
00:11:35.983,18/01/2026,11:42:29,17_T02,39.121635470,10.189956040,0.1,308.88,112.55,879.349,76.0,38.80,14.54,309.32,4337527.16,1781518.43
00:11:36.983,18/01/2026,11:42:30,17_T02,39.121635509,10.189956138,0.1,308.08,112.95,879.355,76.0,38.81,14.53,308.05,4337527.17,1781518.43
00:11:37.982,18/01/2026,11:42:31,17_T02,39.121635346,10.189956232,0.1,307.19,113.34,879.369,76.0,38.81,14.53,308.05,4337527.18,1781518.42
00:11:38.982,18/01/2026,11:42:32,17_T02,39.121635191,10.189956171,0.1,306.40,113.85,879.370,76.0,38.80,14.53,306.29,4337527.17,1781518.40
00:11:39.983,18/01/2026,11:42:33,17_T02,39.121634707,10.189956117,0.1,305.90,114.45,879.383,76.0,38.80,14.53,306.29,4337527.17,1781518.35
00:11:40.982,18/01/2026,11:42:34,17_T02,39.121634225,10.189956217,0.1,305.62,114.89,879.409,76.0,38.81,14.52,305.16,4337527.18,1781518.29
00:11:41.982,18/01/2026,11:42:35,17_T02,39.121634330,10.189956216,0.1,305.22,115.18,879.405,76.0,38.81,14.52,305.16,4337527.18,1781518.30
00:11:42.984,18/01/2026,11:42:36,17_T02,39.121634873,10.189956284,0.1,304.53,115.36,879.391,76.0,38.81,14.52,304.34,4337527.18,1781518.36
00:11:43.983,18/01/2026,11:42:37,17_T02,39.121635090,10.189956435,0.1,303.67,115.62,879.395,76.0,38.81,14.52,304.34,4337527.20,1781518.39
00:11:44.982,18/01/2026,11:42:38,17_T02,39.121634983,10.189956597,0.1,302.76,115.92,879.412,76.0,38.81,14.52,302.66,4337527.21,1781518.38
00:11:45.983,18/01/2026,11:42:39,17_T02,39.121634739,10.189956639,0.1,301.99,116.34,879.425,76.0,38.81,14.52,302.66,4337527.22,1781518.35
00:11:46.981,18/01/2026,11:42:40,17_T02,39.121634294,10.189956595,0.1,301.43,116.80,879.438,76.0,38.81,14.52,301.10,4337527.21,1781518.30
00:11:47.982,18/01/2026,11:42:41,17_T02,39.121633829,10.189956491,0.1,301.06,117.23,879.447,76.0,38.81,14.52,301.10,4337527.20,1781518.25
00:11:48.981,18/01/2026,11:42:42,17_T02,39.121634015,10.189956280,0.1,300.64,117.62,879.422,76.0,38.80,14.52,300.27,4337527.18,1781518.27
00:11:49.983,18/01/2026,11:42:43,17_T02,39.121634471,10.189956226,0.1,300.00,117.99,879.401,76.0,38.80,14.52,300.27,4337527.18,1781518.32
00:11:50.981,18/01/2026,11:42:44,17_T02,39.121634601,10.189956228,0.1,299.22,118.41,879.396,76.0,38.81,14.52,299.01,4337527.18,1781518.33
00:11:51.981,18/01/2026,11:42:45,17_T02,39.121634397,10.189956188,0.1,298.33,118.94,879.401,76.0,38.81,14.52,299.01,4337527.18,1781518.31
00:11:52.982,18/01/2026,11:42:46,17_T02,39.121634183,10.189956184,0.1,297.56,119.56,879.408,76.0,38.80,14.53,297.32,4337527.18,1781518.29
00:11:53.981,18/01/2026,11:42:47,17_T02,39.121633714,10.189955997,0.1,297.04,120.24,879.410,76.0,38.80,14.53,297.32,4337527.16,1781518.24
00:11:54.982,18/01/2026,11:42:48,17_T02,39.121633271,10.189955758,0.1,296.71,120.73,879.407,76.0,38.80,14.53,296.23,4337527.14,1781518.19
00:11:55.982,18/01/2026,11:42:49,17_T02,39.121633419,10.189955514,0.1,296.27,121.11,879.382,76.0,38.80,14.53,296.23,4337527.12,1781518.20
00:11:56.981,18/01/2026,11:42:50,17_T02,39.121633977,10.189955498,0.1,295.54,121.42,879.360,76.0,38.80,14.53,295.23,4337527.12,1781518.27
00:11:57.981,18/01/2026,11:42:51,17_T02,39.121634179,10.189955564,0.1,294.70,121.75,879.358,76.0,38.80,14.53,295.23,4337527.12,1781518.29
00:11:58.982,18/01/2026,11:42:52,17_T02,39.121634051,10.189955635,0.1,293.95,122.09,879.368,76.0,38.81,14.53,293.65,4337527.13,1781518.27
00:11:59.981,18/01/2026,11:42:53,17_T02,39.121633721,10.189955522,0.1,293.27,122.54,879.371,76.0,38.81,14.53,293.65,4337527.12,1781518.24
00:12:00.983,18/01/2026,11:42:54,17_T02,39.121633434,10.189955262,0.1,292.57,123.18,879.361,76.0,38.81,14.53,293.65,4337527.10,1781518.21
00:12:01.983,18/01/2026,11:42:55,17_T02,39.121633236,10.189955038,0.1,291.99,123.86,879.350,76.0,38.81,14.53,292.21,4337527.08,1781518.18
00:12:02.982,18/01/2026,11:42:56,17_T02,39.121633568,10.189954560,0.1,291.60,124.45,879.298,76.0,38.81,14.53,292.21,4337527.03,1781518.22
00:12:03.983,18/01/2026,11:42:57,17_T02,39.121633856,10.189954325,0.1,291.14,124.83,879.268,76.0,38.80,14.54,291.13,4337527.01,1781518.25
00:12:04.982,18/01/2026,11:42:58,17_T02,39.121634184,10.189954452,0.1,290.43,125.17,879.266,76.0,38.80,14.54,291.13,4337527.03,1781518.29
00:12:05.982,18/01/2026,11:42:59,17_T02,39.121634482,10.189954507,0.1,289.63,125.39,879.260,76.0,38.80,14.53,290.07,4337527.03,1781518.32
00:12:06.981,18/01/2026,11:43:00,17_T02,39.121634554,10.189954548,0.1,288.88,125.53,879.260,76.0,38.80,14.53,290.07,4337527.03,1781518.33
00:12:07.981,18/01/2026,11:43:01,17_T02,39.121634411,10.189954540,0.1,288.22,125.69,879.265,76.0,38.80,14.54,288.51,4337527.03,1781518.31
00:12:08.982,18/01/2026,11:43:02,17_T02,39.121634214,10.189954478,0.1,287.64,125.99,879.267,76.0,38.80,14.54,288.51,4337527.03,1781518.29
00:12:09.988,18/01/2026,11:43:03,17_T02,39.121634108,10.189954436,0.1,287.13,126.36,879.268,76.0,38.80,14.54,287.18,4337527.02,1781518.28
00:12:10.982,18/01/2026,11:43:04,17_T02,39.121634200,10.189954493,0.1,286.55,126.70,879.269,76.0,38.80,14.54,287.18,4337527.03,1781518.29
00:12:11.981,18/01/2026,11:43:05,17_T02,39.121634347,10.189954590,0.1,285.89,127.06,879.272,76.0,38.81,14.54,286.10,4337527.04,1781518.31
00:12:12.981,18/01/2026,11:43:06,17_T02,39.121634663,10.189954349,0.1,285.14,127.47,879.240,76.0,38.81,14.54,286.10,4337527.02,1781518.34
00:12:13.982,18/01/2026,11:43:07,17_T02,39.121634753,10.189954179,0.1,284.35,127.89,879.223,76.0,38.81,14.54,284.71,4337527.00,1781518.35
00:12:14.980,18/01/2026,11:43:08,17_T02,39.121634525,10.189954082,0.1,283.73,128.40,879.223,76.0,38.81,14.54,284.71,4337526.99,1781518.33
00:12:15.981,18/01/2026,11:43:09,17_T02,39.121634282,10.189954411,0.1,283.27,128.92,879.259,76.0,38.80,14.54,283.27,4337527.02,1781518.30
00:12:16.989,18/01/2026,11:43:10,17_T02,39.121634216,10.189954688,0.1,282.73,129.28,879.284,76.0,38.80,14.54,283.27,4337527.05,1781518.29
00:12:17.980,18/01/2026,11:43:11,17_T02,39.121634371,10.189954813,0.1,282.07,129.58,879.289,76.0,38.80,14.55,282.24,4337527.06,1781518.31
00:12:18.981,18/01/2026,11:43:12,17_T02,39.121634451,10.189954934,0.1,281.36,129.96,879.296,76.0,38.80,14.55,282.24,4337527.07,1781518.32
00:12:19.980,18/01/2026,11:43:13,17_T02,39.121634334,10.189955105,0.1,280.65,130.31,879.314,76.0,38.80,14.55,280.90,4337527.08,1781518.31
00:12:20.980,18/01/2026,11:43:14,17_T02,39.121634130,10.189955149,0.1,280.00,130.73,879.325,76.0,38.80,14.55,280.90,4337527.09,1781518.28
00:12:21.981,18/01/2026,11:43:15,17_T02,39.121633851,10.189955113,0.1,279.49,131.15,879.333,76.0,38.80,14.55,279.50,4337527.08,1781518.25
00:12:22.981,18/01/2026,11:43:16,17_T02,39.121633692,10.189954795,0.1,279.00,131.50,879.313,76.0,38.80,14.55,279.50,4337527.06,1781518.23
00:12:23.982,18/01/2026,11:43:17,17_T02,39.121633848,10.189954793,0.1,278.33,131.78,879.307,76.0,38.80,14.54,278.45,4337527.05,1781518.25
00:12:24.983,18/01/2026,11:43:18,17_T02,39.121634018,10.189955059,0.1,277.54,131.99,879.322,76.0,38.80,14.54,278.45,4337527.08,1781518.27
00:12:25.980,18/01/2026,11:43:19,17_T02,39.121634170,10.189955301,0.1,276.74,132.21,879.336,76.0,38.80,14.54,277.02,4337527.10,1781518.29
00:12:26.980,18/01/2026,11:43:20,17_T02,39.121634027,10.189955375,0.1,276.03,132.48,879.348,76.0,38.80,14.54,277.02,4337527.11,1781518.27
00:12:27.981,18/01/2026,11:43:21,17_T02,39.121633685,10.189955372,0.1,275.51,132.80,879.360,76.0,38.80,14.55,275.49,4337527.11,1781518.23
00:12:28.980,18/01/2026,11:43:22,17_T02,39.121633776,10.189955137,0.1,275.13,133.05,879.338,76.0,38.80,14.55,275.49,4337527.08,1781518.24
00:12:29.981,18/01/2026,11:43:23,17_T02,39.121634011,10.189955162,0.1,274.66,133.11,879.331,76.0,38.80,14.55,274.56,4337527.09,1781518.27
00:12:30.983,18/01/2026,11:43:24,17_T02,39.121634352,10.189955464,0.1,274.00,133.12,879.343,76.0,38.80,14.55,274.56,4337527.11,1781518.31
00:12:31.982,18/01/2026,11:43:25,17_T02,39.121634532,10.189955277,0.1,273.19,133.27,879.321,76.0,38.80,14.55,273.41,4337527.10,1781518.33
00:12:32.981,18/01/2026,11:43:26,17_T02,39.121634466,10.189955167,0.1,272.31,133.45,879.314,76.0,38.80,14.55,273.41,4337527.09,1781518.32
00:12:33.982,18/01/2026,11:43:27,17_T02,39.121634257,10.189955196,0.1,271.58,133.64,879.325,76.0,38.80,14.55,271.70,4337527.09,1781518.30
00:12:34.981,18/01/2026,11:43:28,17_T02,39.121633474,10.189954802,0.1,271.06,133.91,879.321,76.0,38.80,14.55,271.70,4337527.06,1781518.21
00:12:35.982,18/01/2026,11:43:29,17_T02,39.121632948,10.189954549,0.1,270.61,134.13,879.320,76.0,38.80,14.55,270.45,4337527.03,1781518.15
00:12:36.982,18/01/2026,11:43:30,17_T02,39.121633063,10.189954754,0.1,270.05,134.19,879.333,76.0,38.80,14.55,270.45,4337527.05,1781518.16
00:12:37.981,18/01/2026,11:43:31,17_T02,39.121633319,10.189954971,0.1,269.39,134.28,879.341,76.0,38.80,14.55,269.40,4337527.07,1781518.19
00:12:38.980,18/01/2026,11:43:32,17_T02,39.121633345,10.189955327,0.1,268.62,134.42,879.369,76.0,38.80,14.55,269.40,4337527.10,1781518.20
00:12:39.981,18/01/2026,11:43:33,17_T02,39.121633274,10.189955603,0.1,267.91,134.54,879.394,76.0,38.80,14.55,267.96,4337527.13,1781518.19
00:12:40.980,18/01/2026,11:43:34,17_T02,39.121633125,10.189955621,0.1,267.31,134.71,879.402,76.0,38.80,14.55,267.96,4337527.13,1781518.17
00:12:41.979,18/01/2026,11:43:35,17_T02,39.121632878,10.189955598,0.1,266.73,134.94,879.409,76.0,38.80,14.56,266.64,4337527.13,1781518.14
00:12:42.980,18/01/2026,11:43:36,17_T02,39.121632885,10.189955636,0.1,266.12,135.15,879.412,76.0,38.80,14.56,266.64,4337527.13,1781518.15
00:12:43.981,18/01/2026,11:43:37,17_T02,39.121633091,10.189955745,0.0,265.46,135.34,879.413,76.0,38.80,14.56,265.41,4337527.14,1781518.17
00:12:44.982,18/01/2026,11:43:38,17_T02,39.121633203,10.189956542,0.1,264.79,135.52,879.474,76.0,38.80,14.56,265.41,4337527.21,1781518.18
00:12:45.981,18/01/2026,11:43:39,17_T02,39.121633151,10.189956985,0.1,264.18,135.70,879.512,76.0,38.80,14.56,264.07,4337527.25,1781518.17
00:12:46.981,18/01/2026,11:43:40,17_T02,39.121633045,10.189956997,0.1,263.64,135.83,879.517,76.0,38.80,14.56,264.07,4337527.25,1781518.16
00:12:47.981,18/01/2026,11:43:41,17_T02,39.121632935,10.189957125,0.1,263.00,135.98,879.532,76.0,38.80,14.57,262.91,4337527.26,1781518.15
00:12:48.980,18/01/2026,11:43:42,17_T02,39.121633124,10.189957324,0.1,262.27,136.06,879.541,76.0,38.80,14.57,262.91,4337527.28,1781518.17
00:12:49.981,18/01/2026,11:43:43,17_T02,39.121633316,10.189957488,0.1,261.56,136.03,879.547,76.0,38.80,14.57,261.51,4337527.29,1781518.19
00:12:50.981,18/01/2026,11:43:44,17_T02,39.121633173,10.189958014,0.0,260.89,136.02,879.596,76.0,38.80,14.57,261.51,4337527.34,1781518.18
00:12:51.981,18/01/2026,11:43:45,17_T02,39.121633037,10.189958295,0.1,260.29,136.00,879.624,76.0,38.80,14.57,260.15,4337527.36,1781518.16
00:12:52.981,18/01/2026,11:43:46,17_T02,39.121633036,10.189958315,0.1,259.68,135.97,879.625,76.0,38.80,14.57,260.15,4337527.36,1781518.16
00:12:53.980,18/01/2026,11:43:47,17_T02,39.121633125,10.189958566,0.1,259.10,135.99,879.643,76.0,38.80,14.57,258.93,4337527.38,1781518.17
00:12:54.980,18/01/2026,11:43:48,17_T02,39.121633216,10.189958747,0.1,258.52,136.04,879.654,76.0,38.80,14.57,258.93,4337527.40,1781518.18
00:12:55.979,18/01/2026,11:43:49,17_T02,39.121633327,10.189958832,0.1,257.91,136.09,879.657,76.0,38.80,14.57,257.75,4337527.41,1781518.19
00:12:56.980,18/01/2026,11:43:50,17_T02,39.121633409,10.189958896,0.1,257.22,136.20,879.659,76.0,38.80,14.57,257.75,4337527.41,1781518.20
00:12:57.980,18/01/2026,11:43:51,17_T02,39.121633604,10.189959154,0.1,256.48,136.31,879.673,76.0,38.80,14.57,256.35,4337527.43,1781518.23
00:12:58.979,18/01/2026,11:43:52,17_T02,39.121633662,10.189959289,0.1,255.79,136.43,879.682,76.0,38.80,14.57,256.35,4337527.45,1781518.23
00:12:59.979,18/01/2026,11:43:53,17_T02,39.121633565,10.189959296,0.1,255.18,136.56,879.686,76.0,38.80,14.57,254.96,4337527.45,1781518.22
00:13:00.981,18/01/2026,11:43:54,17_T02,39.121633615,10.189959760,0.1,254.64,136.71,879.722,76.0,38.80,14.57,254.96,4337527.49,1781518.23
00:13:01.981,18/01/2026,11:43:55,17_T02,39.121633688,10.189960110,0.1,254.11,136.88,879.748,76.0,38.80,14.58,253.85,4337527.52,1781518.23
00:13:02.988,18/01/2026,11:43:56,17_T02,39.121633809,10.189960282,0.1,253.52,137.03,879.758,76.0,38.80,14.58,253.85,4337527.53,1781518.25
00:13:03.981,18/01/2026,11:43:57,17_T02,39.121634257,10.189960865,0.1,252.78,137.14,879.789,76.0,38.80,14.56,252.63,4337527.58,1781518.30
00:13:04.981,18/01/2026,11:43:58,17_T02,39.121634505,10.189961298,0.1,251.98,137.14,879.815,76.0,38.80,14.56,252.63,4337527.62,1781518.33
00:13:05.981,18/01/2026,11:43:59,17_T02,39.121634450,10.189961433,0.1,251.23,137.11,879.828,76.0,38.80,14.58,251.03,4337527.63,1781518.32
00:13:06.980,18/01/2026,11:44:00,17_T02,39.121635110,10.189961453,0.1,250.66,137.13,879.805,76.0,38.80,14.58,251.03,4337527.63,1781518.39
00:13:07.979,18/01/2026,11:44:01,17_T02,39.121635402,10.189961480,0.1,250.24,137.15,879.797,76.0,38.80,14.59,249.87,4337527.64,1781518.42
00:13:08.980,18/01/2026,11:44:02,17_T02,39.121635428,10.189961704,0.1,249.75,137.07,879.814,76.0,38.80,14.59,249.87,4337527.66,1781518.43
00:13:09.979,18/01/2026,11:44:03,17_T02,39.121636612,10.189960521,0.1,249.09,136.95,879.673,76.0,38.80,14.59,248.82,4337527.55,1781518.56
00:13:10.980,18/01/2026,11:44:04,17_T02,39.121637368,10.189959789,0.1,248.26,136.93,879.585,76.0,38.80,14.59,248.82,4337527.49,1781518.64
00:13:11.979,18/01/2026,11:44:05,17_T02,39.121637350,10.189959938,0.1,247.46,136.94,879.598,76.0,38.79,14.59,247.22,4337527.50,1781518.64
00:13:12.979,18/01/2026,11:44:06,17_T02,39.121637117,10.189959912,0.1,246.83,136.97,879.604,76.0,38.79,14.59,247.22,4337527.50,1781518.61
00:13:13.980,18/01/2026,11:44:07,17_T02,39.121637381,10.189958492,0.1,246.35,137.02,879.478,76.0,38.81,14.61,245.98,4337527.38,1781518.64
00:13:14.985,18/01/2026,11:44:08,17_T02,39.121637587,10.189957749,0.1,245.86,136.97,879.410,76.0,38.81,14.61,245.98,4337527.31,1781518.66
00:13:15.987,18/01/2026,11:44:09,17_T02,39.121637879,10.189957924,0.1,245.15,136.88,879.413,76.0,38.81,14.61,245.98,4337527.33,1781518.70
00:13:16.979,18/01/2026,11:44:10,17_T02,39.121638176,10.189958625,0.1,244.35,136.88,879.460,76.0,38.80,14.59,244.87,4337527.39,1781518.73
00:13:17.980,18/01/2026,11:44:11,17_T02,39.121638109,10.189958942,0.1,243.67,136.96,879.488,76.0,38.80,14.59,244.87,4337527.41,1781518.72
00:13:18.981,18/01/2026,11:44:12,17_T02,39.121637776,10.189958836,0.1,243.17,137.03,879.492,76.0,38.80,14.60,243.36,4337527.41,1781518.69
00:13:19.981,18/01/2026,11:44:13,17_T02,39.121637555,10.189958919,0.1,242.64,137.05,879.507,76.0,38.80,14.60,243.36,4337527.41,1781518.66
00:13:20.979,18/01/2026,11:44:14,17_T02,39.121637641,10.189959048,0.1,242.02,137.03,879.514,76.0,38.79,14.61,242.28,4337527.42,1781518.67
00:13:21.979,18/01/2026,11:44:15,17_T02,39.121637799,10.189959145,0.1,241.28,137.05,879.516,76.0,38.79,14.61,242.28,4337527.43,1781518.69
00:13:22.978,18/01/2026,11:44:16,17_T02,39.121637611,10.189959706,0.1,240.49,137.05,879.569,76.0,38.80,14.60,240.97,4337527.48,1781518.67
00:13:23.980,18/01/2026,11:44:17,17_T02,39.121637311,10.189959980,0.1,239.81,137.09,879.603,76.0,38.80,14.60,240.97,4337527.51,1781518.63
00:13:24.979,18/01/2026,11:44:18,17_T02,39.121636981,10.189959926,0.1,239.32,137.16,879.611,76.0,38.80,14.62,239.44,4337527.50,1781518.60
00:13:25.979,18/01/2026,11:44:19,17_T02,39.121636536,10.189959989,0.1,238.88,137.16,879.632,76.0,38.80,14.62,239.44,4337527.51,1781518.55
00:13:26.978,18/01/2026,11:44:20,17_T02,39.121636632,10.189960252,0.1,238.23,137.05,879.650,76.0,38.79,14.63,238.46,4337527.53,1781518.56
00:13:27.980,18/01/2026,11:44:21,17_T02,39.121636985,10.189960572,0.1,237.43,136.93,879.663,76.0,38.79,14.63,238.46,4337527.56,1781518.60
00:13:28.972,18/01/2026,11:44:22,17_T02,39.121636626,10.189961551,0.1,236.61,136.92,879.757,76.0,38.81,14.62,237.06,4337527.64,1781518.56
00:13:29.978,18/01/2026,11:44:23,17_T02,39.121636154,10.189962078,0.1,235.97,137.00,879.818,76.0,38.81,14.62,237.06,4337527.69,1781518.51
00:13:30.978,18/01/2026,11:44:24,17_T02,39.121635818,10.189961993,0.1,235.50,137.12,879.823,76.0,38.80,14.63,235.55,4337527.68,1781518.47
00:13:31.980,18/01/2026,11:44:25,17_T02,39.121635922,10.189962680,0.1,235.04,137.08,879.876,76.0,38.80,14.63,235.55,4337527.74,1781518.48
00:13:32.978,18/01/2026,11:44:26,17_T02,39.121636300,10.189963328,0.1,234.40,136.94,879.915,76.0,38.81,14.63,234.58,4337527.80,1781518.52
00:13:33.978,18/01/2026,11:44:27,17_T02,39.121636633,10.189963681,0.1,233.67,136.79,879.931,76.0,38.81,14.63,234.58,4337527.83,1781518.56
00:13:34.978,18/01/2026,11:44:28,17_T02,39.121636158,10.189963950,0.1,232.90,136.67,879.971,76.0,38.80,14.63,233.24,4337527.85,1781518.51
00:13:35.978,18/01/2026,11:44:29,17_T02,39.121635711,10.189964069,0.1,232.17,136.60,879.997,76.0,38.80,14.63,233.24,4337527.86,1781518.46
00:13:36.977,18/01/2026,11:44:30,17_T02,39.121635508,10.189964094,0.1,231.59,136.61,880.007,76.0,38.80,14.64,231.73,4337527.86,1781518.44
00:13:37.978,18/01/2026,11:44:31,17_T02,39.121634897,10.189964267,0.1,231.16,136.64,880.044,76.0,38.80,14.64,231.73,4337527.88,1781518.37
00:13:38.976,18/01/2026,11:44:32,17_T02,39.121634735,10.189964528,0.1,230.65,136.60,880.071,76.0,38.80,14.64,230.65,4337527.90,1781518.35
00:13:39.978,18/01/2026,11:44:33,17_T02,39.121635086,10.189964852,0.1,229.92,136.55,880.085,76.0,38.80,14.64,230.65,4337527.93,1781518.39
00:13:40.978,18/01/2026,11:44:34,17_T02,39.121634965,10.189965295,0.1,229.10,136.66,880.125,76.0,38.80,14.64,229.42,4337527.97,1781518.38
00:13:41.977,18/01/2026,11:44:35,17_T02,39.121634655,10.189965500,0.1,228.37,136.83,880.154,76.0,38.80,14.64,229.42,4337527.99,1781518.34
00:13:42.979,18/01/2026,11:44:36,17_T02,39.121634349,10.189965466,0.1,227.77,137.02,880.162,76.0,38.80,14.66,227.85,4337527.98,1781518.31
00:13:43.976,18/01/2026,11:44:37,17_T02,39.121633923,10.189965448,0.1,227.23,137.18,880.177,76.0,38.80,14.66,227.85,4337527.98,1781518.26
00:13:44.978,18/01/2026,11:44:38,17_T02,39.121633794,10.189965587,0.1,226.70,137.24,880.193,76.0,38.79,14.66,226.68,4337527.99,1781518.25
00:13:45.977,18/01/2026,11:44:39,17_T02,39.121633901,10.189965776,0.1,226.15,137.26,880.204,76.0,38.79,14.66,226.68,4337528.01,1781518.26
00:13:46.979,18/01/2026,11:44:40,17_T02,39.121633848,10.189966103,0.1,225.45,137.30,880.233,76.0,38.79,14.64,225.57,4337528.04,1781518.25
00:13:47.977,18/01/2026,11:44:41,17_T02,39.121633794,10.189966359,0.1,224.68,137.34,880.256,76.0,38.79,14.64,225.57,4337528.06,1781518.25
00:13:48.978,18/01/2026,11:44:42,17_T02,39.121633701,10.189966513,0.1,223.95,137.43,880.272,76.0,38.81,14.66,224.08,4337528.07,1781518.24
00:13:49.977,18/01/2026,11:44:43,17_T02,39.121633374,10.189966462,0.1,223.33,137.68,880.280,76.0,38.81,14.66,224.08,4337528.07,1781518.20
00:13:50.977,18/01/2026,11:44:44,17_T02,39.121633109,10.189966425,0.1,222.80,137.97,880.287,76.0,38.80,14.69,222.73,4337528.07,1781518.17
00:13:51.978,18/01/2026,11:44:45,17_T02,39.121633049,10.189966572,0.1,222.26,138.20,880.301,76.0,38.80,14.69,222.73,4337528.08,1781518.17
00:13:52.978,18/01/2026,11:44:46,17_T02,39.121633321,10.189966891,0.1,221.63,138.44,880.317,76.0,38.79,14.69,221.65,4337528.11,1781518.20
00:13:53.978,18/01/2026,11:44:47,17_T02,39.121633473,10.189967145,0.1,220.95,138.72,880.332,76.0,38.79,14.69,221.65,4337528.13,1781518.21
00:13:54.976,18/01/2026,11:44:48,17_T02,39.121633458,10.189967360,0.1,220.21,138.93,880.351,76.0,38.80,14.67,220.29,4337528.15,1781518.21
00:13:55.977,18/01/2026,11:44:49,17_T02,39.121633264,10.189967286,0.1,219.51,139.18,880.352,76.0,38.80,14.67,220.29,4337528.14,1781518.19
00:13:56.970,18/01/2026,11:44:50,17_T02,39.121632954,10.189967195,0.1,219.00,139.54,880.356,76.0,38.79,14.70,218.88,4337528.13,1781518.16
00:13:57.979,18/01/2026,11:44:51,17_T02,39.121632737,10.189967295,0.1,218.50,139.87,880.372,76.0,38.79,14.70,218.88,4337528.14,1781518.13
00:13:58.978,18/01/2026,11:44:52,17_T02,39.121633096,10.189967609,0.1,217.89,140.11,880.384,76.0,38.78,14.69,217.85,4337528.17,1781518.17
00:13:59.977,18/01/2026,11:44:53,17_T02,39.121633425,10.189967965,0.1,217.15,140.34,880.401,76.0,38.78,14.69,217.85,4337528.20,1781518.21
00:14:00.979,18/01/2026,11:44:54,17_T02,39.121633474,10.189968378,0.1,216.36,140.52,880.433,76.0,38.81,14.68,216.43,4337528.24,1781518.21
00:14:01.977,18/01/2026,11:44:55,17_T02,39.121633554,10.189968677,0.1,215.63,140.69,880.455,76.0,38.81,14.68,216.43,4337528.26,1781518.22
00:14:02.977,18/01/2026,11:44:56,17_T02,39.121633469,10.189968870,0.1,214.98,140.92,880.474,76.0,38.79,14.71,214.92,4337528.28,1781518.21
00:14:03.978,18/01/2026,11:44:57,17_T02,39.121633231,10.189969047,0.1,214.46,141.13,880.497,76.0,38.79,14.71,214.92,4337528.30,1781518.19
00:14:04.978,18/01/2026,11:44:58,17_T02,39.121633219,10.189969290,0.1,214.02,141.20,880.517,76.0,38.79,14.70,213.81,4337528.32,1781518.19
00:14:05.978,18/01/2026,11:44:59,17_T02,39.121633347,10.189969691,0.1,213.52,141.13,880.546,76.0,38.79,14.70,213.81,4337528.35,1781518.20
00:14:06.978,18/01/2026,11:45:00,17_T02,39.121633596,10.189970228,0.1,212.76,141.04,880.580,76.0,38.80,14.67,212.76,4337528.40,1781518.23
00:14:07.979,18/01/2026,11:45:01,17_T02,39.121633693,10.189970739,0.1,211.86,141.00,880.619,76.0,38.80,14.67,212.76,4337528.44,1781518.24
00:14:08.977,18/01/2026,11:45:02,17_T02,39.121633461,10.189971274,0.1,211.06,141.00,880.671,76.0,38.79,14.71,211.08,4337528.49,1781518.21
00:14:09.985,18/01/2026,11:45:03,17_T02,39.121633035,10.189971507,0.1,210.50,141.07,880.706,76.0,38.79,14.71,211.08,4337528.51,1781518.17
00:14:10.978,18/01/2026,11:45:04,17_T02,39.121632686,10.189971594,0.1,210.09,141.08,880.726,76.0,38.78,14.73,209.85,4337528.52,1781518.13
00:14:11.978,18/01/2026,11:45:05,17_T02,39.121632673,10.189971918,0.1,209.61,140.86,880.753,76.0,38.78,14.73,209.85,4337528.55,1781518.13
00:14:12.977,18/01/2026,11:45:06,17_T02,39.121632959,10.189972491,0.1,209.01,140.54,880.789,76.0,38.78,14.72,208.87,4337528.60,1781518.16
00:14:13.978,18/01/2026,11:45:07,17_T02,39.121633120,10.189973005,0.1,208.27,140.34,880.825,76.0,38.78,14.72,208.87,4337528.64,1781518.18
00:14:14.977,18/01/2026,11:45:08,17_T02,39.121633065,10.189973452,0.1,207.42,140.28,880.864,76.0,38.79,14.71,207.42,4337528.68,1781518.17
00:14:15.976,18/01/2026,11:45:09,17_T02,39.121632869,10.189973731,0.1,206.56,140.31,880.894,76.0,38.79,14.71,207.42,4337528.70,1781518.15
00:14:16.977,18/01/2026,11:45:10,17_T02,39.121632520,10.189973785,0.1,205.90,140.47,880.912,76.0,38.79,14.72,205.70,4337528.71,1781518.11
00:14:17.985,18/01/2026,11:45:11,17_T02,39.121632125,10.189973723,0.1,205.56,140.58,880.921,76.0,38.79,14.72,205.70,4337528.70,1781518.07
00:14:18.975,18/01/2026,11:45:12,17_T02,39.121631984,10.189973977,0.1,205.32,140.41,880.947,76.0,38.78,14.73,204.93,4337528.72,1781518.05
00:14:19.976,18/01/2026,11:45:13,17_T02,39.121632386,10.189974503,0.1,204.77,140.03,880.975,76.0,38.78,14.73,204.93,4337528.77,1781518.09
00:14:20.976,18/01/2026,11:45:14,17_T02,39.121633060,10.189975110,0.1,203.90,139.76,881.000,76.0,38.78,14.72,203.81,4337528.82,1781518.17
00:14:21.976,18/01/2026,11:45:15,17_T02,39.121633094,10.189975353,0.1,202.88,139.73,881.019,76.0,38.78,14.72,203.81,4337528.84,1781518.17
00:14:22.976,18/01/2026,11:45:16,17_T02,39.121632724,10.189975376,0.1,202.03,139.81,881.034,76.0,38.78,14.73,201.88,4337528.85,1781518.13
00:14:23.976,18/01/2026,11:45:17,17_T02,39.121632155,10.189975288,0.1,201.56,140.01,881.048,76.0,38.78,14.73,201.88,4337528.84,1781518.07
00:14:24.976,18/01/2026,11:45:18,17_T02,39.121631858,10.189975415,0.1,201.34,139.95,881.070,76.0,38.77,14.74,200.95,4337528.85,1781518.04
00:14:25.976,18/01/2026,11:45:19,17_T02,39.121632152,10.189975724,0.1,200.89,139.72,881.084,76.0,38.77,14.74,200.95,4337528.88,1781518.07
00:14:26.979,18/01/2026,11:45:20,17_T02,39.121632751,10.189976375,0.1,200.10,139.40,881.115,76.0,38.77,14.74,200.95,4337528.93,1781518.14
00:14:27.977,18/01/2026,11:45:21,17_T02,39.121632891,10.189976676,0.1,199.16,139.25,881.135,76.0,38.78,14.74,199.91,4337528.96,1781518.15
00:14:28.979,18/01/2026,11:45:22,17_T02,39.121632653,10.189976782,0.1,198.35,139.19,881.152,76.0,38.78,14.74,199.91,4337528.97,1781518.12
00:14:29.970,18/01/2026,11:45:23,17_T02,39.121632256,10.189976711,0.1,197.74,139.24,881.161,76.0,38.78,14.74,198.12,4337528.96,1781518.08
00:14:30.978,18/01/2026,11:45:24,17_T02,39.121631944,10.189976594,0.1,197.33,139.29,881.163,76.0,38.78,14.74,198.12,4337528.95,1781518.05
00:14:31.977,18/01/2026,11:45:25,17_T02,39.121632014,10.189976581,0.1,196.89,139.21,881.159,76.0,38.78,14.75,196.94,4337528.95,1781518.05
00:14:32.979,18/01/2026,11:45:26,17_T02,39.121632650,10.189976806,0.1,196.25,138.90,881.154,76.0,38.78,14.75,196.94,4337528.97,1781518.12
00:14:33.976,18/01/2026,11:45:27,17_T02,39.121633037,10.189976911,0.1,195.53,138.68,881.148,76.0,38.78,14.75,195.94,4337528.98,1781518.17
00:14:34.970,18/01/2026,11:45:28,17_T02,39.121633042,10.189976859,0.1,194.81,138.56,881.144,76.0,38.78,14.75,195.94,4337528.97,1781518.17
00:14:35.978,18/01/2026,11:45:29,17_T02,39.121633039,10.189976891,0.1,194.12,138.44,881.147,76.0,38.78,14.76,194.48,4337528.98,1781518.17
00:14:36.973,18/01/2026,11:45:30,17_T02,39.121633080,10.189976815,0.1,193.46,138.35,881.139,76.0,38.78,14.76,194.48,4337528.97,1781518.17
00:14:37.973,18/01/2026,11:45:31,17_T02,39.121633116,10.189976611,0.0,192.85,138.31,881.121,76.0,38.78,14.77,193.09,4337528.95,1781518.18
00:14:38.972,18/01/2026,11:45:32,17_T02,39.121633270,10.189976457,0.0,192.20,138.23,881.103,76.0,38.78,14.77,193.09,4337528.94,1781518.19
00:14:39.997,18/01/2026,11:45:33,17_T02,39.121633668,10.189976452,0.0,191.56,138.11,881.087,76.0,38.78,14.77,191.79,4337528.94,1781518.24
00:14:40.971,18/01/2026,11:45:34,17_T02,39.121633895,10.189976370,0.0,191.01,137.99,881.072,76.0,38.78,14.77,191.79,4337528.93,1781518.26
00:14:41.976,18/01/2026,11:45:35,17_T02,39.121633976,10.189976182,0.0,190.44,137.90,881.054,76.0,38.77,14.78,190.58,4337528.92,1781518.27
00:14:42.976,18/01/2026,11:45:36,17_T02,39.121634140,10.189975966,0.0,189.77,137.82,881.030,76.0,38.77,14.78,190.58,4337528.90,1781518.29
00:14:43.977,18/01/2026,11:45:37,17_T02,39.121634446,10.189975801,0.0,189.12,137.73,881.005,76.0,38.77,14.77,189.33,4337528.88,1781518.32
00:14:44.970,18/01/2026,11:45:38,17_T02,39.121634666,10.189975645,0.0,188.53,137.55,880.984,76.0,38.77,14.77,189.33,4337528.87,1781518.35
00:14:45.977,18/01/2026,11:45:39,17_T02,39.121634917,10.189975528,0.0,187.84,137.26,880.965,76.0,38.78,14.77,188.07,4337528.86,1781518.37
00:14:46.971,18/01/2026,11:45:40,17_T02,39.121635306,10.189975671,0.0,187.04,136.89,880.962,76.0,38.78,14.77,188.07,4337528.87,1781518.42
00:14:47.976,18/01/2026,11:45:41,17_T02,39.121635565,10.189975678,0.0,186.29,136.51,880.953,76.0,38.77,14.78,186.57,4337528.87,1781518.45
00:14:48.977,18/01/2026,11:45:42,17_T02,39.121635616,10.189975467,0.0,185.74,136.22,880.934,76.0,38.77,14.78,186.57,4337528.85,1781518.45
00:14:49.978,18/01/2026,11:45:43,17_T02,39.121635828,10.189975352,0.0,185.36,135.92,880.917,76.0,38.77,14.78,185.27,4337528.84,1781518.47
00:14:50.976,18/01/2026,11:45:44,17_T02,39.121636360,10.189975319,0.0,184.82,135.50,880.894,76.0,38.77,14.78,185.27,4337528.84,1781518.53
00:14:51.977,18/01/2026,11:45:45,17_T02,39.121636977,10.189975256,0.0,184.07,135.13,880.866,76.0,38.76,14.78,184.28,4337528.83,1781518.60
00:14:52.977,18/01/2026,11:45:46,17_T02,39.121637487,10.189975107,0.0,183.28,134.94,880.835,76.0,38.76,14.78,184.28,4337528.82,1781518.66
00:14:53.975,18/01/2026,11:45:47,17_T02,39.121637674,10.189974851,0.1,182.58,134.76,880.807,76.0,38.76,14.78,182.72,4337528.80,1781518.68
00:14:54.976,18/01/2026,11:45:48,17_T02,39.121637662,10.189974430,0.1,181.98,134.67,880.773,76.0,38.76,14.78,182.72,4337528.76,1781518.68
00:14:55.977,18/01/2026,11:45:49,17_T02,39.121637749,10.189973952,0.1,181.46,134.63,880.731,76.0,38.77,14.77,181.43,4337528.72,1781518.69
00:14:56.978,18/01/2026,11:45:50,17_T02,39.121637966,10.189973562,0.1,180.95,134.59,880.691,76.0,38.77,14.77,181.43,4337528.69,1781518.71
00:14:58.6,18/01/2026,11:45:51,17_T02,39.121638612,10.189973280,0.1,180.37,134.49,880.644,76.0,38.76,14.76,180.38,4337528.66,1781518.78
00:14:58.978,18/01/2026,11:45:52,17_T02,39.121639074,10.189972977,0.1,179.59,134.43,880.602,76.0,38.76,14.76,180.38,4337528.64,1781518.83
00:14:59.976,18/01/2026,11:45:53,17_T02,39.121639324,10.189972670,0.1,178.69,134.29,880.567,76.0,38.76,14.75,178.92,4337528.61,1781518.86
00:15:00.974,18/01/2026,11:45:54,17_T02,39.121639559,10.189972412,0.1,177.90,134.12,880.537,76.0,38.76,14.75,178.92,4337528.59,1781518.89
00:15:01.976,18/01/2026,11:45:55,17_T02,39.121639637,10.189971827,0.1,177.41,133.97,880.486,76.0,38.75,14.74,177.31,4337528.54,1781518.89
00:15:02.976,18/01/2026,11:45:56,17_T02,39.121639606,10.189971435,0.1,177.14,133.72,880.455,76.0,38.75,14.74,177.31,4337528.50,1781518.89
00:15:03.977,18/01/2026,11:45:57,17_T02,39.121640308,10.189971438,0.1,176.66,133.28,880.430,76.0,38.73,14.73,176.54,4337528.50,1781518.97
00:15:04.978,18/01/2026,11:45:58,17_T02,39.121641247,10.189971520,0.1,175.88,132.75,880.401,76.0,38.73,14.73,176.54,4337528.51,1781519.07
00:15:05.978,18/01/2026,11:45:59,17_T02,39.121641673,10.189971376,0.1,174.98,132.42,880.374,76.0,38.76,14.74,175.15,4337528.50,1781519.12
00:15:06.976,18/01/2026,11:46:00,17_T02,39.121641883,10.189971192,0.1,174.24,132.21,880.351,76.0,38.76,14.74,175.15,4337528.48,1781519.14
00:15:07.977,18/01/2026,11:46:01,17_T02,39.121641867,10.189970852,0.1,173.71,132.02,880.324,76.0,38.74,14.74,173.61,4337528.45,1781519.14
00:15:08.974,18/01/2026,11:46:02,17_T02,39.121641877,10.189970478,0.1,173.24,131.78,880.293,76.0,38.74,14.74,173.61,4337528.42,1781519.14
00:15:09.976,18/01/2026,11:46:03,17_T02,39.121642407,10.189970303,0.1,172.65,131.46,880.259,76.0,38.76,14.75,172.57,4337528.40,1781519.20
00:15:10.977,18/01/2026,11:46:04,17_T02,39.121642927,10.189970191,0.1,171.96,131.18,880.230,76.0,38.76,14.75,172.57,4337528.39,1781519.26
00:15:11.977,18/01/2026,11:46:05,17_T02,39.121643270,10.189970076,0.1,171.22,130.99,880.208,76.0,38.75,14.75,171.24,4337528.38,1781519.29
00:15:12.976,18/01/2026,11:46:06,17_T02,39.121643368,10.189970001,0.1,170.50,130.81,880.198,76.0,38.75,14.75,171.24,4337528.38,1781519.31
00:15:13.978,18/01/2026,11:46:07,17_T02,39.121643495,10.189969935,0.1,169.84,130.67,880.188,76.0,38.74,14.75,169.75,4337528.37,1781519.32
00:15:14.976,18/01/2026,11:46:08,17_T02,39.121643590,10.189969743,0.1,169.26,130.53,880.169,76.0,38.74,14.75,169.75,4337528.35,1781519.33
00:15:15.976,18/01/2026,11:46:09,17_T02,39.121643731,10.189969501,0.1,168.71,130.38,880.144,76.0,38.75,14.77,168.53,4337528.33,1781519.35
00:15:16.978,18/01/2026,11:46:10,17_T02,39.121644138,10.189969473,0.1,168.09,130.24,880.126,76.0,38.75,14.77,168.53,4337528.33,1781519.39
00:15:17.977,18/01/2026,11:46:11,17_T02,39.121644503,10.189969529,0.1,167.48,130.16,880.117,76.0,38.73,14.75,167.34,4337528.33,1781519.43
00:15:18.977,18/01/2026,11:46:12,17_T02,39.121644643,10.189969491,0.1,166.88,130.05,880.109,76.0,38.73,14.75,167.34,4337528.33,1781519.45
00:15:19.975,18/01/2026,11:46:13,17_T02,39.121644958,10.189969591,0.1,166.24,129.77,880.105,76.0,38.74,14.75,166.12,4337528.34,1781519.48
00:15:20.976,18/01/2026,11:46:14,17_T02,39.121645205,10.189969645,0.1,165.54,129.34,880.100,76.0,38.74,14.75,166.12,4337528.34,1781519.51
00:15:21.976,18/01/2026,11:46:15,17_T02,39.121646201,10.189970539,0.1,164.83,127.25,880.137,76.0,38.72,14.74,164.72,4337528.42,1781519.62
00:15:22.977,18/01/2026,11:46:16,17_T02,39.121647386,10.189971858,0.1,164.16,124.03,880.201,76.0,38.72,14.74,164.72,4337528.54,1781519.75
00:15:23.977,18/01/2026,11:46:17,17_T02,39.121649014,10.189973496,0.1,163.55,120.26,880.274,76.0,38.74,14.74,163.36,4337528.68,1781519.93
00:15:24.975,18/01/2026,11:46:18,17_T02,39.121651470,10.189975536,0.1,162.96,114.65,880.350,76.0,38.74,14.74,163.36,4337528.86,1781520.20
00:15:25.974,18/01/2026,11:46:19,17_T02,39.121654187,10.189977265,0.1,162.35,109.25,880.390,76.0,38.72,14.75,162.16,4337529.01,1781520.50
00:15:26.976,18/01/2026,11:46:20,17_T02,39.121656345,10.189978417,0.1,161.70,104.73,880.404,76.0,38.72,14.75,162.16,4337529.10,1781520.74
00:15:27.976,18/01/2026,11:46:21,17_T02,39.121657977,10.189979327,0.1,161.04,101.94,880.418,76.0,38.72,14.75,160.85,4337529.18,1781520.92
00:15:28.975,18/01/2026,11:46:22,17_T02,39.121658578,10.189979902,0.1,160.36,100.82,880.443,76.0,38.72,14.75,160.85,4337529.23,1781520.99
00:15:29.977,18/01/2026,11:46:23,17_T02,39.121658715,10.189980295,0.1,159.72,100.79,880.470,76.0,38.71,14.74,159.51,4337529.27,1781521.00
00:15:30.975,18/01/2026,11:46:24,17_T02,39.121658567,10.189980528,0.1,159.13,101.25,880.495,76.0,38.71,14.74,159.51,4337529.29,1781520.98
00:15:31.977,18/01/2026,11:46:25,17_T02,39.121658053,10.189980841,0.1,158.56,101.93,880.539,76.0,38.71,14.74,159.51,4337529.32,1781520.93
00:15:32.973,18/01/2026,11:46:26,17_T02,39.121657909,10.189981052,0.1,157.90,102.47,880.562,76.0,38.73,14.74,158.34,4337529.33,1781520.91
00:15:33.976,18/01/2026,11:46:27,17_T02,39.121659299,10.189981768,0.1,157.20,99.81,880.569,76.0,38.73,14.74,158.34,4337529.40,1781521.07
00:15:34.976,18/01/2026,11:46:28,17_T02,39.121661296,10.189982704,0.1,156.55,95.51,880.571,76.0,38.72,14.75,156.98,4337529.48,1781521.29
00:15:35.976,18/01/2026,11:46:29,17_T02,39.121664443,10.189983653,0.1,155.93,88.82,880.532,76.0,38.72,14.75,156.98,4337529.56,1781521.63
00:15:36.975,18/01/2026,11:46:30,17_T02,39.121668305,10.189983981,0.2,155.24,80.77,880.415,76.0,38.72,14.75,155.69,4337529.59,1781522.06
00:15:37.976,18/01/2026,11:46:31,17_T02,39.121672941,10.189983361,0.2,154.58,70.97,880.192,76.0,38.72,14.75,155.69,4337529.53,1781522.57
00:15:38.975,18/01/2026,11:46:32,17_T02,39.121677765,10.189981521,0.3,153.97,60.95,879.861,76.0,38.71,14.75,154.30,4337529.37,1781523.10
00:15:39.977,18/01/2026,11:46:33,17_T02,39.121681668,10.189979080,0.4,153.41,51.78,879.516,76.0,38.71,14.75,154.30,4337529.16,1781523.53
00:15:40.975,18/01/2026,11:46:34,17_T02,39.121684811,10.189976370,0.4,152.79,44.04,879.177,76.0,38.71,14.75,153.08,4337528.92,1781523.88
00:15:41.976,18/01/2026,11:46:35,17_T02,39.121687340,10.189973397,0.4,152.08,37.34,878.840,76.0,38.71,14.75,153.08,4337528.66,1781524.16
00:15:42.975,18/01/2026,11:46:36,17_T02,39.121688917,10.189971342,0.4,151.35,32.58,878.613,76.0,38.71,14.75,151.81,4337528.48,1781524.33
00:15:43.977,18/01/2026,11:46:37,17_T02,39.121689771,10.189970332,0.3,150.76,30.36,878.498,76.0,38.71,14.75,151.81,4337528.39,1781524.43
00:15:44.975,18/01/2026,11:46:38,17_T02,39.121689983,10.189970450,0.3,150.29,30.07,878.500,76.0,38.71,14.75,150.44,4337528.40,1781524.45
00:15:45.976,18/01/2026,11:46:39,17_T02,39.121689844,10.189971111,0.3,149.74,30.95,878.559,76.0,38.71,14.75,150.44,4337528.46,1781524.43
00:15:46.974,18/01/2026,11:46:40,17_T02,39.121689461,10.189972170,0.2,149.01,33.20,878.660,76.0,38.72,14.75,149.38,4337528.55,1781524.39
00:15:47.975,18/01/2026,11:46:41,17_T02,39.121688699,10.189973614,0.2,148.14,36.16,878.807,76.0,38.72,14.75,149.38,4337528.68,1781524.31
00:15:48.976,18/01/2026,11:46:42,17_T02,39.121687784,10.189975114,0.2,147.35,38.99,878.964,76.0,38.69,14.75,147.84,4337528.81,1781524.21
00:15:49.975,18/01/2026,11:46:43,17_T02,39.121687214,10.189976489,0.1,146.88,40.93,879.098,76.0,38.69,14.75,147.84,4337528.93,1781524.14
00:15:50.975,18/01/2026,11:46:44,17_T02,39.121687087,10.189977196,0.1,146.60,41.86,879.160,76.0,38.71,14.76,146.51,4337528.99,1781524.13
00:15:51.976,18/01/2026,11:46:45,17_T02,39.121687330,10.189977160,0.1,146.02,42.05,879.148,76.0,38.71,14.76,146.51,4337528.99,1781524.16
00:15:52.974,18/01/2026,11:46:46,17_T02,39.121687702,10.189976714,0.1,145.17,42.24,879.098,76.0,38.71,14.75,145.64,4337528.95,1781524.20
00:15:53.975,18/01/2026,11:46:47,17_T02,39.121687838,10.189976623,0.1,144.24,42.35,879.085,76.0,38.71,14.75,145.64,4337528.94,1781524.21
00:15:54.975,18/01/2026,11:46:48,17_T02,39.121687867,10.189976844,0.1,143.52,42.41,879.102,76.0,38.69,14.75,143.90,4337528.96,1781524.22
00:15:55.975,18/01/2026,11:46:49,17_T02,39.121687831,10.189977387,0.1,143.16,42.51,879.148,76.0,38.69,14.75,143.90,4337529.01,1781524.21
00:15:56.975,18/01/2026,11:46:50,17_T02,39.121688054,10.189977336,0.1,142.88,42.35,879.136,76.0,38.69,14.76,142.76,4337529.00,1781524.24
00:15:57.975,18/01/2026,11:46:51,17_T02,39.121688416,10.189976534,0.1,142.28,42.10,879.056,76.0,38.69,14.76,142.76,4337528.93,1781524.28
00:15:58.977,18/01/2026,11:46:52,17_T02,39.121688707,10.189975786,0.1,141.43,42.02,878.984,76.0,38.68,14.75,141.83,4337528.87,1781524.31
00:15:59.973,18/01/2026,11:46:53,17_T02,39.121688903,10.189975699,0.1,140.44,42.33,878.970,76.0,38.68,14.75,141.83,4337528.86,1781524.33
00:16:00.974,18/01/2026,11:46:54,17_T02,39.121688873,10.189975890,0.1,139.56,42.80,878.987,76.0,38.68,14.75,139.99,4337528.88,1781524.33
00:16:01.975,18/01/2026,11:46:55,17_T02,39.121688515,10.189976388,0.1,139.03,43.18,879.041,76.0,38.68,14.75,139.99,4337528.92,1781524.29
00:16:02.976,18/01/2026,11:46:56,17_T02,39.121688512,10.189976413,0.1,138.75,43.11,879.043,76.0,38.67,14.75,138.59,4337528.92,1781524.29
00:16:03.977,18/01/2026,11:46:57,17_T02,39.121688672,10.189975811,0.1,138.42,42.69,878.988,76.0,38.67,14.75,138.59,4337528.87,1781524.31
00:16:04.977,18/01/2026,11:46:58,17_T02,39.121689081,10.189974466,0.1,137.79,42.10,878.862,76.0,38.67,14.75,137.92,4337528.75,1781524.35
00:16:05.976,18/01/2026,11:46:59,17_T02,39.121689382,10.189973972,0.1,136.89,41.83,878.811,76.0,38.67,14.75,137.92,4337528.71,1781524.38
00:16:06.975,18/01/2026,11:47:00,17_T02,39.121689354,10.189973928,0.1,135.90,41.92,878.808,76.0,38.67,14.75,136.33,4337528.71,1781524.38
00:16:07.975,18/01/2026,11:47:01,17_T02,39.121689075,10.189974079,0.1,135.15,42.15,878.831,76.0,38.67,14.75,136.33,4337528.72,1781524.35
00:16:08.974,18/01/2026,11:47:02,17_T02,39.121688592,10.189974444,0.1,134.77,42.53,878.879,76.0,38.67,14.76,134.64,4337528.75,1781524.30
00:16:09.976,18/01/2026,11:47:03,17_T02,39.121688393,10.189974444,0.1,134.52,42.66,878.886,76.0,38.67,14.76,134.64,4337528.75,1781524.27
00:16:10.975,18/01/2026,11:47:04,17_T02,39.121688400,10.189973866,0.1,133.94,42.58,878.839,76.0,38.66,14.76,133.98,4337528.70,1781524.28
00:16:11.976,18/01/2026,11:47:05,17_T02,39.121688375,10.189972724,0.1,133.07,42.61,878.746,76.0,38.66,14.76,133.98,4337528.60,1781524.27
00:16:12.975,18/01/2026,11:47:06,17_T02,39.121688169,10.189972707,0.1,132.13,42.88,878.752,76.0,38.66,14.75,132.41,4337528.60,1781524.25
00:16:13.974,18/01/2026,11:47:07,17_T02,39.121687785,10.189973171,0.1,131.42,43.27,878.805,76.0,38.66,14.75,132.41,4337528.64,1781524.21
00:16:14.976,18/01/2026,11:47:08,17_T02,39.121687242,10.189973677,0.1,130.99,43.76,878.866,76.0,38.68,14.77,130.88,4337528.68,1781524.15
00:16:15.975,18/01/2026,11:47:09,17_T02,39.121686904,10.189974069,0.1,130.60,44.05,878.911,76.0,38.68,14.77,130.88,4337528.72,1781524.11
00:16:16.975,18/01/2026,11:47:10,17_T02,39.121686809,10.189973699,0.1,129.99,44.17,878.884,76.0,38.66,14.76,130.01,4337528.69,1781524.10
00:16:17.975,18/01/2026,11:47:11,17_T02,39.121686700,10.189973091,0.1,129.23,44.35,878.838,76.0,38.66,14.76,130.01,4337528.63,1781524.09
00:16:18.975,18/01/2026,11:47:12,17_T02,39.121686515,10.189973008,0.1,128.43,44.67,878.838,76.0,38.67,14.76,128.55,4337528.63,1781524.07
00:16:19.975,18/01/2026,11:47:13,17_T02,39.121686275,10.189973178,0.1,127.76,45.04,878.861,76.0,38.67,14.76,128.55,4337528.64,1781524.04
00:16:20.976,18/01/2026,11:47:14,17_T02,39.121685984,10.189973420,0.1,127.22,45.43,878.892,76.0,38.66,14.77,127.16,4337528.66,1781524.01
00:16:21.974,18/01/2026,11:47:15,17_T02,39.121685795,10.189973529,0.1,126.65,45.79,878.908,76.0,38.66,14.77,127.16,4337528.67,1781523.99
00:16:22.975,18/01/2026,11:47:16,17_T02,39.121685698,10.189973585,0.1,126.00,46.08,878.916,76.0,38.64,14.78,125.98,4337528.68,1781523.98
00:16:23.973,18/01/2026,11:47:17,17_T02,39.121685634,10.189973452,0.1,125.31,46.35,878.908,76.0,38.64,14.78,125.98,4337528.67,1781523.97
00:16:24.975,18/01/2026,11:47:18,17_T02,39.121685597,10.189973308,0.1,124.65,46.60,878.897,76.0,38.65,14.77,124.62,4337528.65,1781523.97
00:16:25.976,18/01/2026,11:47:19,17_T02,39.121685495,10.189973389,0.1,124.02,46.96,878.908,76.0,38.65,14.77,124.62,4337528.66,1781523.95
00:16:26.976,18/01/2026,11:47:20,17_T02,39.121685423,10.189973893,0.1,123.42,47.40,878.952,76.0,38.66,14.77,123.34,4337528.70,1781523.95
00:16:27.975,18/01/2026,11:47:21,17_T02,39.121685341,10.189974203,0.1,122.81,47.85,878.980,76.0,38.66,14.77,123.34,4337528.73,1781523.94
00:16:28.973,18/01/2026,11:47:22,17_T02,39.121685287,10.189974160,0.0,122.16,48.26,878.979,76.0,38.65,14.77,122.11,4337528.73,1781523.93
00:16:29.975,18/01/2026,11:47:23,17_T02,39.121685282,10.189974377,0.0,121.48,48.60,878.997,76.0,38.65,14.77,122.11,4337528.75,1781523.93
00:16:30.975,18/01/2026,11:47:24,17_T02,39.121685344,10.189974527,0.1,120.87,48.88,879.006,76.0,38.66,14.77,120.77,4337528.76,1781523.94
00:16:31.975,18/01/2026,11:47:25,17_T02,39.121685425,10.189974588,0.1,120.30,49.13,879.009,76.0,38.66,14.77,120.77,4337528.76,1781523.95
00:16:32.976,18/01/2026,11:47:26,17_T02,39.121685533,10.189974885,0.0,119.69,49.31,879.029,76.0,38.66,14.76,119.61,4337528.79,1781523.96
00:16:33.974,18/01/2026,11:47:27,17_T02,39.121685746,10.189974806,0.0,119.00,49.37,879.014,76.0,38.66,14.76,119.61,4337528.78,1781523.98
00:16:34.974,18/01/2026,11:47:28,17_T02,39.121686031,10.189974467,0.0,118.31,49.37,878.976,76.0,38.66,14.76,118.20,4337528.75,1781524.01
00:16:35.975,18/01/2026,11:47:29,17_T02,39.121686330,10.189974186,0.0,117.64,49.40,878.942,76.0,38.66,14.76,118.20,4337528.73,1781524.05
00:16:36.975,18/01/2026,11:47:30,17_T02,39.121686661,10.189974308,0.0,117.00,49.47,878.940,76.0,38.66,14.77,116.86,4337528.74,1781524.08
00:16:37.974,18/01/2026,11:47:31,17_T02,39.121687000,10.189974356,0.0,116.44,49.55,878.931,76.0,38.66,14.77,116.86,4337528.74,1781524.12
00:16:38.974,18/01/2026,11:47:32,17_T02,39.121687373,10.189974119,0.1,115.84,49.63,878.898,76.0,38.64,14.78,115.68,4337528.72,1781524.16
00:16:39.972,18/01/2026,11:47:33,17_T02,39.121687804,10.189973704,0.1,115.20,49.63,878.848,76.0,38.64,14.78,115.68,4337528.69,1781524.21
00:16:40.975,18/01/2026,11:47:34,17_T02,39.121688218,10.189973555,0.1,114.55,49.55,878.820,76.0,38.64,14.78,115.68,4337528.67,1781524.25
00:16:41.973,18/01/2026,11:47:35,17_T02,39.121688857,10.189973397,0.1,113.94,49.50,878.783,76.0,38.64,14.79,114.37,4337528.66,1781524.33
00:16:42.973,18/01/2026,11:47:36,17_T02,39.121689366,10.189973005,0.1,113.31,49.48,878.732,76.0,38.64,14.79,114.37,4337528.63,1781524.38
00:16:43.975,18/01/2026,11:47:37,17_T02,39.121689866,10.189972886,0.1,112.58,49.40,878.704,76.0,38.63,14.78,113.15,4337528.62,1781524.44
00:16:44.974,18/01/2026,11:47:38,17_T02,39.121690367,10.189972599,0.1,111.81,49.33,878.662,76.0,38.63,14.78,113.15,4337528.59,1781524.49
00:16:45.974,18/01/2026,11:47:39,17_T02,39.121690847,10.189972288,0.1,111.20,49.37,878.618,76.0,38.64,14.79,111.66,4337528.56,1781524.54
00:16:46.974,18/01/2026,11:47:40,17_T02,39.121691277,10.189972126,0.1,110.78,49.41,878.589,76.0,38.64,14.79,111.66,4337528.55,1781524.59
00:16:47.973,18/01/2026,11:47:41,17_T02,39.121691792,10.189972072,0.1,110.32,49.28,878.565,76.0,38.62,14.80,110.50,4337528.54,1781524.65
00:16:48.973,18/01/2026,11:47:42,17_T02,39.121692509,10.189971452,0.1,109.69,49.08,878.488,76.0,38.62,14.80,110.50,4337528.49,1781524.73
00:16:49.974,18/01/2026,11:47:43,17_T02,39.121693175,10.189970680,0.1,108.81,49.02,878.400,76.0,38.63,14.80,109.48,4337528.42,1781524.80
00:16:50.973,18/01/2026,11:47:44,17_T02,39.121693665,10.189970484,0.1,107.91,48.94,878.366,76.0,38.63,14.80,109.48,4337528.41,1781524.86
00:16:51.973,18/01/2026,11:47:45,17_T02,39.121694028,10.189970525,0.1,107.27,48.87,878.356,76.0,38.64,14.81,107.74,4337528.41,1781524.90
00:16:52.975,18/01/2026,11:47:46,17_T02,39.121694287,10.189970467,0.1,106.91,48.84,878.341,76.0,38.64,14.81,107.74,4337528.40,1781524.92
00:16:53.973,18/01/2026,11:47:47,17_T02,39.121694729,10.189970168,0.1,106.52,48.74,878.300,76.0,38.66,14.86,106.62,4337528.38,1781524.97
00:16:54.973,18/01/2026,11:47:48,17_T02,39.121695288,10.189969721,0.1,105.89,48.50,878.243,76.0,38.66,14.86,106.62,4337528.34,1781525.03
00:16:55.972,18/01/2026,11:47:49,17_T02,39.121695716,10.189969201,0.1,105.04,48.37,878.184,76.0,38.61,14.86,105.63,4337528.29,1781525.08
00:16:56.974,18/01/2026,11:47:50,17_T02,39.121696053,10.189968757,0.1,104.13,48.33,878.135,76.0,38.61,14.86,105.63,4337528.25,1781525.12
00:16:57.974,18/01/2026,11:47:51,17_T02,39.121696092,10.189969108,0.1,103.41,48.36,878.163,76.0,38.62,14.88,103.89,4337528.28,1781525.12
00:16:58.973,18/01/2026,11:47:52,17_T02,39.121695946,10.189969611,0.1,103.00,48.47,878.209,76.0,38.62,14.88,103.89,4337528.33,1781525.11
00:16:59.973,18/01/2026,11:47:53,17_T02,39.121696019,10.189969634,0.1,102.65,48.45,878.208,76.0,38.60,14.92,102.66,4337528.33,1781525.11
00:17:00.972,18/01/2026,11:47:54,17_T02,39.121696260,10.189969108,0.1,102.02,48.32,878.156,76.0,38.60,14.92,102.66,4337528.28,1781525.14
00:17:01.972,18/01/2026,11:47:55,17_T02,39.121696365,10.189968978,0.1,101.19,48.22,878.142,76.0,38.61,14.90,101.66,4337528.27,1781525.15
00:17:02.972,18/01/2026,11:47:56,17_T02,39.121696387,10.189969068,0.1,100.39,48.15,878.148,76.0,38.61,14.90,101.66,4337528.28,1781525.16
00:17:03.973,18/01/2026,11:47:57,17_T02,39.121696318,10.189969306,0.1,99.79,48.09,878.170,76.0,38.61,14.92,100.04,4337528.30,1781525.15
00:17:04.973,18/01/2026,11:47:58,17_T02,39.121696033,10.189969932,0.1,99.32,47.97,878.232,76.0,38.61,14.92,100.04,4337528.36,1781525.12
00:17:05.972,18/01/2026,11:47:59,17_T02,39.121695843,10.189970144,0.1,98.76,47.80,878.257,76.0,38.60,14.94,98.94,4337528.38,1781525.10
00:17:06.973,18/01/2026,11:48:00,17_T02,39.121695763,10.189969860,0.1,98.05,47.78,878.236,76.0,38.60,14.94,98.94,4337528.35,1781525.09
00:17:07.973,18/01/2026,11:48:01,17_T02,39.121695629,10.189969599,0.1,97.27,47.90,878.220,76.0,38.60,14.96,97.65,4337528.33,1781525.07
00:17:08.973,18/01/2026,11:48:02,17_T02,39.121695380,10.189969889,0.1,96.60,48.02,878.253,76.0,38.60,14.96,97.65,4337528.35,1781525.04
00:17:09.973,18/01/2026,11:48:03,17_T02,39.121695122,10.189970235,0.1,96.05,48.13,878.291,76.0,38.60,14.95,96.21,4337528.38,1781525.02
00:17:10.972,18/01/2026,11:48:04,17_T02,39.121695004,10.189970316,0.1,95.58,48.10,878.302,76.0,38.60,14.95,96.21,4337528.39,1781525.00
00:17:11.973,18/01/2026,11:48:05,17_T02,39.121694765,10.189970567,0.1,95.02,48.04,878.332,76.0,38.58,15.00,95.15,4337528.41,1781524.98
00:17:12.971,18/01/2026,11:48:06,17_T02,39.121694605,10.189970331,0.1,94.29,48.00,878.318,76.0,38.58,15.00,95.15,4337528.39,1781524.96
00:17:13.972,18/01/2026,11:48:07,17_T02,39.121694517,10.189969865,0.1,93.44,47.98,878.283,76.0,38.57,15.03,93.80,4337528.35,1781524.95
00:17:14.972,18/01/2026,11:48:08,17_T02,39.121694333,10.189969618,0.1,92.65,48.04,878.270,76.0,38.57,15.03,93.80,4337528.33,1781524.93
00:17:15.972,18/01/2026,11:48:09,17_T02,39.121693866,10.189970061,0.0,92.09,48.17,878.324,76.0,38.58,15.00,92.19,4337528.37,1781524.88
00:17:16.972,18/01/2026,11:48:10,17_T02,39.121693433,10.189970327,0.1,91.73,48.22,878.361,76.0,38.58,15.00,92.19,4337528.39,1781524.83
00:17:17.972,18/01/2026,11:48:11,17_T02,39.121693197,10.189970009,0.1,91.28,48.14,878.344,76.0,38.54,15.05,91.27,4337528.36,1781524.80
00:17:18.972,18/01/2026,11:48:12,17_T02,39.121693134,10.189969721,0.1,90.59,48.07,878.323,76.0,38.54,15.05,91.27,4337528.34,1781524.80
00:17:19.972,18/01/2026,11:48:13,17_T02,39.121692976,10.189969509,0.1,89.69,48.14,878.311,76.0,38.65,14.92,90.03,4337528.32,1781524.78
00:17:20.972,18/01/2026,11:48:14,17_T02,39.121692708,10.189969451,0.1,88.81,48.26,878.317,76.0,38.65,14.92,90.03,4337528.32,1781524.75
00:17:21.971,18/01/2026,11:48:15,17_T02,39.121692233,10.189969741,0.1,88.19,48.48,878.358,76.0,38.57,15.02,88.27,4337528.34,1781524.70
00:17:22.972,18/01/2026,11:48:16,17_T02,39.121691706,10.189970502,0.1,87.84,48.54,878.440,76.0,38.57,15.02,88.27,4337528.41,1781524.64
00:17:23.971,18/01/2026,11:48:17,17_T02,39.121691460,10.189970659,0.1,87.47,48.47,878.462,76.0,38.55,15.02,87.36,4337528.42,1781524.61
00:17:24.972,18/01/2026,11:48:18,17_T02,39.121691562,10.189969887,0.1,86.84,48.28,878.395,76.0,38.55,15.02,87.36,4337528.35,1781524.62
00:17:25.971,18/01/2026,11:48:19,17_T02,39.121691533,10.189969790,0.1,85.98,48.22,878.388,76.0,38.56,15.00,86.19,4337528.35,1781524.62
00:17:26.972,18/01/2026,11:48:20,17_T02,39.121691363,10.189970084,0.1,85.08,48.39,878.419,76.0,38.56,15.00,86.19,4337528.37,1781524.60
00:17:27.971,18/01/2026,11:48:21,17_T02,39.121691037,10.189970478,0.1,84.29,48.74,878.463,76.0,38.57,15.01,84.39,4337528.41,1781524.57
00:17:28.971,18/01/2026,11:48:22,17_T02,39.121690718,10.189970910,0.1,83.73,49.08,878.510,76.0,38.57,15.01,84.39,4337528.44,1781524.53
00:17:29.970,18/01/2026,11:48:23,17_T02,39.121690457,10.189971553,0.1,83.37,49.17,878.573,76.0,38.56,15.04,83.20,4337528.50,1781524.50
00:17:30.971,18/01/2026,11:48:24,17_T02,39.121690442,10.189971733,0.1,83.01,49.06,878.588,76.0,38.56,15.04,83.20,4337528.51,1781524.50
00:17:31.972,18/01/2026,11:48:25,17_T02,39.121690816,10.189971091,0.1,82.43,48.92,878.521,76.0,38.54,15.03,82.41,4337528.46,1781524.54
00:17:32.972,18/01/2026,11:48:26,17_T02,39.121691038,10.189971181,0.1,81.58,48.91,878.521,76.0,38.54,15.03,82.41,4337528.47,1781524.57
00:17:33.972,18/01/2026,11:48:27,17_T02,39.121691169,10.189971487,0.1,80.59,49.04,878.541,76.0,38.56,15.03,80.76,4337528.49,1781524.58
00:17:34.972,18/01/2026,11:48:28,17_T02,39.121691201,10.189971761,0.1,79.75,49.13,878.562,76.0,38.56,15.03,80.76,4337528.52,1781524.58
00:17:35.970,18/01/2026,11:48:29,17_T02,39.121690816,10.189972781,0.1,79.32,49.22,878.660,76.0,38.53,15.07,79.11,4337528.61,1781524.54
00:17:36.972,18/01/2026,11:48:30,17_T02,39.121690663,10.189973324,0.1,79.12,49.11,878.710,76.0,38.53,15.07,79.11,4337528.65,1781524.52
00:17:37.970,18/01/2026,11:48:31,17_T02,39.121690954,10.189972899,0.1,78.71,48.91,878.664,76.0,38.50,15.10,78.54,4337528.62,1781524.56
00:17:38.972,18/01/2026,11:48:32,17_T02,39.121691554,10.189971971,0.1,77.93,48.57,878.566,76.0,38.50,15.10,78.54,4337528.54,1781524.62
00:17:39.970,18/01/2026,11:48:33,17_T02,39.121691796,10.189972089,0.1,76.89,48.66,878.567,76.0,38.50,15.10,76.95,4337528.55,1781524.65
00:17:40.971,18/01/2026,11:48:34,17_T02,39.121691795,10.189972587,0.1,75.92,49.05,878.608,76.0,38.50,15.10,76.95,4337528.59,1781524.65
00:17:41.970,18/01/2026,11:48:35,17_T02,39.121691457,10.189973514,0.1,75.31,49.48,878.696,76.0,38.50,15.11,75.15,4337528.67,1781524.61
00:17:42.970,18/01/2026,11:48:36,17_T02,39.121691275,10.189974407,0.1,75.04,49.56,878.776,76.0,38.50,15.11,75.15,4337528.75,1781524.59
00:17:43.971,18/01/2026,11:48:37,17_T02,39.121691379,10.189974516,0.1,74.72,49.48,878.781,76.0,38.50,15.11,75.15,4337528.76,1781524.60
00:17:44.970,18/01/2026,11:48:38,17_T02,39.121691933,10.189973601,0.1,74.12,49.30,878.685,76.0,38.46,15.15,74.48,4337528.68,1781524.66
00:17:45.972,18/01/2026,11:48:39,17_T02,39.121692297,10.189973236,0.1,73.31,49.40,878.642,76.0,38.46,15.15,74.48,4337528.64,1781524.71
00:17:46.970,18/01/2026,11:48:40,17_T02,39.121692432,10.189973459,0.1,72.49,49.68,878.655,76.0,38.43,15.18,73.21,4337528.66,1781524.72
00:17:47.970,18/01/2026,11:48:41,17_T02,39.121692518,10.189973775,0.1,71.74,49.97,878.678,76.0,38.43,15.18,73.21,4337528.69,1781524.73
00:17:48.971,18/01/2026,11:48:42,17_T02,39.121692610,10.189973911,0.1,71.10,50.12,878.686,76.0,38.47,15.14,71.56,4337528.70,1781524.74
00:17:49.972,18/01/2026,11:48:43,17_T02,39.121692760,10.189974161,0.1,70.52,50.11,878.701,76.0,38.47,15.14,71.56,4337528.73,1781524.76
00:17:50.969,18/01/2026,11:48:44,17_T02,39.121693029,10.189974013,0.1,69.93,49.98,878.678,76.0,38.49,15.13,70.28,4337528.71,1781524.79
00:17:51.970,18/01/2026,11:48:45,17_T02,39.121693696,10.189973246,0.1,69.37,49.74,878.591,76.0,38.49,15.13,70.28,4337528.65,1781524.86
00:17:52.969,18/01/2026,11:48:46,17_T02,39.121694227,10.189972992,0.1,68.85,49.48,878.550,76.0,38.47,15.14,69.11,4337528.62,1781524.92
00:17:53.969,18/01/2026,11:48:47,17_T02,39.121694746,10.189972746,0.1,68.28,49.23,878.511,76.0,38.47,15.14,69.11,4337528.60,1781524.98
00:17:54.972,18/01/2026,11:48:48,17_T02,39.121695335,10.189972072,0.1,67.55,49.02,878.434,76.0,38.50,15.13,68.02,4337528.54,1781525.04
00:17:55.972,18/01/2026,11:48:49,17_T02,39.121695890,10.189971366,0.1,66.72,48.91,878.355,76.0,38.50,15.13,68.02,4337528.48,1781525.10
00:17:56.970,18/01/2026,11:48:50,17_T02,39.121696318,10.189971088,0.1,65.96,48.89,878.316,76.0,38.47,15.16,66.49,4337528.46,1781525.15
00:17:57.970,18/01/2026,11:48:51,17_T02,39.121696557,10.189971080,0.1,65.63,48.86,878.307,76.0,38.47,15.16,66.49,4337528.46,1781525.17
00:17:58.969,18/01/2026,11:48:52,17_T02,39.121697023,10.189970710,0.1,65.50,48.58,878.259,76.0,38.42,15.22,65.29,4337528.42,1781525.23
00:17:59.971,18/01/2026,11:48:53,17_T02,39.121697540,10.189970159,0.1,65.25,48.16,878.195,76.0,38.42,15.22,65.29,4337528.38,1781525.28
00:18:00.970,18/01/2026,11:48:54,17_T02,39.121698182,10.189969191,0.1,64.69,47.67,878.092,76.0,38.46,15.16,64.89,4337528.29,1781525.35
00:18:01.970,18/01/2026,11:48:55,17_T02,39.121698945,10.189967927,0.1,63.82,47.59,877.960,76.0,38.46,15.16,64.89,4337528.18,1781525.44
00:18:02.970,18/01/2026,11:48:56,17_T02,39.121699376,10.189967576,0.1,63.00,47.76,877.915,76.0,38.47,15.16,63.54,4337528.15,1781525.48
00:18:03.969,18/01/2026,11:48:57,17_T02,39.121699566,10.189967915,0.1,62.42,47.95,877.936,76.0,38.47,15.16,63.54,4337528.18,1781525.51
00:18:04.969,18/01/2026,11:48:58,17_T02,39.121699795,10.189968026,0.1,62.06,47.92,877.936,76.0,38.46,15.20,62.13,4337528.19,1781525.53
00:18:05.969,18/01/2026,11:48:59,17_T02,39.121700077,10.189967560,0.1,61.63,47.60,877.888,76.0,38.46,15.20,62.13,4337528.15,1781525.56
00:18:06.971,18/01/2026,11:49:00,17_T02,39.121700431,10.189966966,0.1,61.03,47.33,877.826,76.0,38.41,15.24,61.31,4337528.10,1781525.60
00:18:07.970,18/01/2026,11:49:01,17_T02,39.121700643,10.189966565,0.1,60.34,47.26,877.785,76.0,38.41,15.24,61.31,4337528.06,1781525.62
00:18:08.969,18/01/2026,11:49:02,17_T02,39.121700738,10.189966527,0.1,59.69,47.37,877.778,76.0,38.41,15.24,60.07,4337528.06,1781525.63
00:18:09.969,18/01/2026,11:49:03,17_T02,39.121700620,10.189967037,0.1,59.09,47.55,877.825,76.0,38.41,15.24,60.07,4337528.10,1781525.62
00:18:10.968,18/01/2026,11:49:04,17_T02,39.121700445,10.189967401,0.1,58.47,47.71,877.861,76.0,38.36,15.31,58.80,4337528.14,1781525.60
00:18:11.970,18/01/2026,11:49:05,17_T02,39.121700154,10.189967640,0.1,57.85,47.88,877.891,76.0,38.36,15.31,58.80,4337528.16,1781525.57
00:18:12.969,18/01/2026,11:49:06,17_T02,39.121699936,10.189967799,0.1,57.28,48.01,877.912,76.0,38.35,15.34,57.54,4337528.17,1781525.55
00:18:13.968,18/01/2026,11:49:07,17_T02,39.121699769,10.189968217,0.1,56.80,48.03,877.953,76.0,38.35,15.34,57.54,4337528.21,1781525.53
00:18:14.969,18/01/2026,11:49:08,17_T02,39.121699553,10.189968663,0.1,56.32,48.00,877.997,76.0,38.42,15.29,56.48,4337528.25,1781525.50
00:18:15.969,18/01/2026,11:49:09,17_T02,39.121699283,10.189968966,0.1,55.70,47.98,878.032,76.0,38.42,15.29,56.48,4337528.27,1781525.47
00:18:16.969,18/01/2026,11:49:10,17_T02,39.121699026,10.189969539,0.1,54.95,47.93,878.089,76.0,38.41,15.26,55.33,4337528.32,1781525.45
00:18:17.968,18/01/2026,11:49:11,17_T02,39.121698745,10.189970131,0.1,54.25,47.83,878.148,76.0,38.41,15.26,55.33,4337528.37,1781525.42
00:18:18.968,18/01/2026,11:49:12,17_T02,39.121698372,10.189970749,0.1,53.70,47.75,878.212,76.0,38.31,15.47,53.88,4337528.43,1781525.37
00:18:19.969,18/01/2026,11:49:13,17_T02,39.121697994,10.189971384,0.1,53.29,47.62,878.278,76.0,38.31,15.47,53.88,4337528.48,1781525.33
00:18:20.970,18/01/2026,11:49:14,17_T02,39.121697826,10.189971891,0.1,52.81,47.42,878.326,76.0,38.22,15.53,52.91,4337528.53,1781525.31
00:18:21.970,18/01/2026,11:49:15,17_T02,39.121697581,10.189972380,0.1,52.15,47.31,878.375,76.0,38.22,15.53,52.91,4337528.57,1781525.29
00:18:22.970,18/01/2026,11:49:16,17_T02,39.121697149,10.189972888,0.1,51.34,47.47,878.433,76.0,38.36,15.39,51.69,4337528.61,1781525.24
00:18:23.970,18/01/2026,11:49:17,17_T02,39.121696703,10.189973938,0.1,50.63,47.79,878.536,76.0,38.36,15.39,51.69,4337528.70,1781525.19
00:18:24.972,18/01/2026,11:49:18,17_T02,39.121696233,10.189975066,0.1,50.15,47.98,878.645,76.0,38.23,15.57,50.21,4337528.80,1781525.14
00:18:25.970,18/01/2026,11:49:19,17_T02,39.121695866,10.189975899,0.1,49.83,47.82,878.727,76.0,38.23,15.57,50.21,4337528.88,1781525.10
00:18:26.969,18/01/2026,11:49:20,17_T02,39.121695763,10.189976404,0.1,49.33,47.48,878.772,76.0,38.30,15.50,49.40,4337528.92,1781525.09
00:18:27.968,18/01/2026,11:49:21,17_T02,39.121695607,10.189976674,0.1,48.58,47.35,878.800,76.0,38.30,15.50,49.40,4337528.94,1781525.07
00:18:28.968,18/01/2026,11:49:22,17_T02,39.121695265,10.189977337,0.1,47.77,47.43,878.867,76.0,38.26,15.52,48.05,4337529.00,1781525.03
00:18:29.968,18/01/2026,11:49:23,17_T02,39.121694883,10.189978358,0.2,47.14,47.55,878.965,76.0,38.26,15.52,48.05,4337529.09,1781524.99
00:18:30.969,18/01/2026,11:49:24,17_T02,39.121694607,10.189979343,0.2,46.74,47.57,879.056,76.0,38.25,15.57,46.73,4337529.18,1781524.96
00:18:31.969,18/01/2026,11:49:25,17_T02,39.121694307,10.189980298,0.2,46.36,47.35,879.146,76.0,38.25,15.57,46.73,4337529.26,1781524.93
00:18:32.970,18/01/2026,11:49:26,17_T02,39.121694059,10.189980454,0.1,45.78,47.16,879.168,76.0,38.32,15.41,45.89,4337529.27,1781524.90
00:18:33.969,18/01/2026,11:49:27,17_T02,39.121693670,10.189980805,0.1,44.99,47.27,879.211,76.0,38.32,15.41,45.89,4337529.30,1781524.86
00:18:34.968,18/01/2026,11:49:28,17_T02,39.121693205,10.189981604,0.1,44.28,47.55,879.294,76.0,38.28,15.51,44.42,4337529.37,1781524.81
00:18:35.969,18/01/2026,11:49:29,17_T02,39.121692721,10.189982645,0.1,43.74,47.79,879.397,76.0,38.28,15.51,44.42,4337529.46,1781524.75
00:18:36.970,18/01/2026,11:49:30,17_T02,39.121692246,10.189983542,0.1,43.24,47.94,879.488,76.0,38.25,15.57,43.24,4337529.54,1781524.70
00:18:37.968,18/01/2026,11:49:31,17_T02,39.121691938,10.189983861,0.1,42.64,48.02,879.526,76.0,38.25,15.57,43.24,4337529.57,1781524.67
00:18:38.969,18/01/2026,11:49:32,17_T02,39.121691518,10.189984004,0.1,41.97,48.19,879.553,76.0,38.29,15.49,42.05,4337529.58,1781524.62
00:18:39.969,18/01/2026,11:49:33,17_T02,39.121691096,10.189984363,0.1,41.37,48.26,879.598,76.0,38.29,15.49,42.05,4337529.61,1781524.57
00:18:40.968,18/01/2026,11:49:34,17_T02,39.121690829,10.189984820,0.1,40.86,48.25,879.645,76.0,38.27,15.52,40.84,4337529.65,1781524.55
00:18:41.970,18/01/2026,11:49:35,17_T02,39.121690391,10.189985065,0.1,40.24,48.22,879.682,76.0,38.27,15.52,40.84,4337529.67,1781524.50
00:18:42.970,18/01/2026,11:49:36,17_T02,39.121689888,10.189984812,0.1,39.52,48.18,879.680,76.0,38.25,15.56,39.57,4337529.65,1781524.44
00:18:43.969,18/01/2026,11:49:37,17_T02,39.121689569,10.189984786,0.1,38.82,48.21,879.689,76.0,38.25,15.56,39.57,4337529.65,1781524.41
00:18:44.970,18/01/2026,11:49:38,17_T02,39.121689309,10.189984925,0.1,38.22,48.26,879.711,76.0,38.23,15.59,38.21,4337529.66,1781524.38
00:18:45.971,18/01/2026,11:49:39,17_T02,39.121688801,10.189984975,0.1,37.75,48.30,879.734,76.0,38.23,15.59,38.21,4337529.67,1781524.32
00:18:46.969,18/01/2026,11:49:40,17_T02,39.121688210,10.189984804,0.1,37.33,48.32,879.742,76.0,38.23,15.59,38.21,4337529.65,1781524.26
00:18:47.969,18/01/2026,11:49:41,17_T02,39.121687842,10.189984459,0.1,36.79,48.29,879.727,76.0,38.23,15.60,37.22,4337529.62,1781524.22
00:18:48.968,18/01/2026,11:49:42,17_T02,39.121687537,10.189983992,0.1,36.08,48.37,879.700,76.0,38.23,15.60,37.22,4337529.58,1781524.18
00:18:49.969,18/01/2026,11:49:43,17_T02,39.121687251,10.189983632,0.1,35.37,48.46,879.681,76.0,38.19,15.64,36.06,4337529.55,1781524.15
00:18:50.969,18/01/2026,11:49:44,17_T02,39.121686736,10.189983048,0.1,34.86,48.48,879.653,76.0,38.19,15.64,36.06,4337529.50,1781524.09
00:18:51.970,18/01/2026,11:49:45,17_T02,39.121685486,10.189981980,0.1,34.44,48.71,879.612,76.0,38.18,15.67,34.78,4337529.41,1781523.96
00:18:52.968,18/01/2026,11:49:46,17_T02,39.121684791,10.189981439,0.1,34.10,48.75,879.593,76.0,38.18,15.67,34.78,4337529.36,1781523.88
00:18:53.968,18/01/2026,11:49:47,17_T02,39.121684478,10.189980782,0.1,33.71,48.68,879.551,76.0,38.17,15.70,33.94,4337529.30,1781523.84
00:18:54.968,18/01/2026,11:49:48,17_T02,39.121684225,10.189980017,0.1,33.27,48.56,879.498,76.0,38.17,15.70,33.94,4337529.24,1781523.82
00:18:55.968,18/01/2026,11:49:49,17_T02,39.121683935,10.189979369,0.1,32.83,48.46,879.456,76.0,38.16,15.72,33.11,4337529.18,1781523.78
00:18:56.968,18/01/2026,11:49:50,17_T02,39.121683789,10.189978927,0.1,32.38,48.36,879.425,76.0,38.16,15.72,33.11,4337529.14,1781523.77
00:18:57.968,18/01/2026,11:49:51,17_T02,39.121683648,10.189978485,0.1,31.82,48.35,879.394,76.0,38.16,15.70,32.24,4337529.10,1781523.75
00:18:58.968,18/01/2026,11:49:52,17_T02,39.121683200,10.189977720,0.1,31.25,48.42,879.348,76.0,38.16,15.70,32.24,4337529.04,1781523.70
00:18:59.968,18/01/2026,11:49:53,17_T02,39.121682708,10.189977281,0.1,30.81,48.63,879.330,76.0,38.17,15.70,31.12,4337529.00,1781523.65
00:19:00.968,18/01/2026,11:49:54,17_T02,39.121682563,10.189977233,0.1,30.50,48.69,879.332,76.0,38.17,15.70,31.12,4337529.00,1781523.63
00:19:01.971,18/01/2026,11:49:55,17_T02,39.121682515,10.189977166,0.1,30.21,48.68,879.328,76.0,38.18,15.71,30.30,4337528.99,1781523.63
00:19:02.969,18/01/2026,11:49:56,17_T02,39.121682572,10.189976854,0.1,29.81,48.54,879.300,76.0,38.18,15.71,30.30,4337528.96,1781523.63
00:19:03.968,18/01/2026,11:49:57,17_T02,39.121682792,10.189976631,0.1,29.27,48.53,879.274,76.0,38.18,15.69,29.60,4337528.94,1781523.66
00:19:04.968,18/01/2026,11:49:58,17_T02,39.121682783,10.189976971,0.1,28.68,49.17,879.302,76.0,38.18,15.69,29.60,4337528.97,1781523.66
00:19:05.969,18/01/2026,11:49:59,17_T02,39.121682583,10.189977755,0.1,28.15,50.39,879.374,76.0,38.18,15.71,28.49,4337529.04,1781523.63
00:19:06.968,18/01/2026,11:50:00,17_T02,39.121682511,10.189978672,0.1,27.70,51.60,879.451,76.0,38.18,15.71,28.49,4337529.12,1781523.63
00:19:07.968,18/01/2026,11:50:01,17_T02,39.121682621,10.189979302,0.1,27.28,52.56,879.499,76.0,38.17,15.72,27.49,4337529.18,1781523.64
00:19:08.969,18/01/2026,11:50:02,17_T02,39.121682704,10.189979928,0.1,26.96,53.39,879.547,76.0,38.17,15.72,27.49,4337529.23,1781523.65
00:19:09.969,18/01/2026,11:50:03,17_T02,39.121682606,10.189980682,0.1,26.68,54.26,879.613,76.0,38.19,15.71,26.72,4337529.30,1781523.64
00:19:10.968,18/01/2026,11:50:04,17_T02,39.121682665,10.189981294,0.1,26.31,54.93,879.660,76.0,38.19,15.71,26.72,4337529.35,1781523.64
00:19:11.969,18/01/2026,11:50:05,17_T02,39.121683116,10.189982193,0.1,25.70,55.29,879.717,76.0,38.18,15.70,26.06,4337529.43,1781523.69
00:19:12.968,18/01/2026,11:50:06,17_T02,39.121683857,10.189982854,0.1,24.99,55.44,879.744,76.0,38.18,15.70,26.06,4337529.48,1781523.78
00:19:13.969,18/01/2026,11:50:07,17_T02,39.121684603,10.189983601,0.1,24.42,55.39,879.777,76.0,38.17,15.72,24.75,4337529.55,1781523.86
00:19:14.968,18/01/2026,11:50:08,17_T02,39.121684998,10.189984543,0.1,24.14,55.27,879.840,76.0,38.17,15.72,24.75,4337529.63,1781523.90
00:19:15.969,18/01/2026,11:50:09,17_T02,39.121685647,10.189985222,0.2,24.02,54.99,879.871,76.0,38.17,15.72,23.91,4337529.69,1781523.97
00:19:16.969,18/01/2026,11:50:10,17_T02,39.121686453,10.189985433,0.2,23.66,54.60,879.858,76.0,38.17,15.72,23.91,4337529.71,1781524.06
00:19:17.969,18/01/2026,11:50:11,17_T02,39.121687180,10.189985638,0.2,23.06,54.28,879.848,76.0,38.18,15.70,23.36,4337529.73,1781524.14
00:19:18.969,18/01/2026,11:50:12,17_T02,39.121687797,10.189986347,0.2,22.39,54.37,879.883,76.0,38.18,15.70,23.36,4337529.79,1781524.21
00:19:19.969,18/01/2026,11:50:13,17_T02,39.121688222,10.189987422,0.2,21.83,54.55,879.956,76.0,38.17,15.71,22.08,4337529.88,1781524.26
00:19:20.969,18/01/2026,11:50:14,17_T02,39.121688458,10.189988279,0.2,21.42,54.56,880.017,76.0,38.17,15.71,22.08,4337529.95,1781524.28
00:19:21.969,18/01/2026,11:50:15,17_T02,39.121688844,10.189988909,0.2,21.13,54.32,880.054,76.0,38.18,15.69,21.17,4337530.01,1781524.33
00:19:22.969,18/01/2026,11:50:16,17_T02,39.121689332,10.189988869,0.2,20.85,53.95,880.033,76.0,38.18,15.69,21.17,4337530.01,1781524.38
00:19:23.969,18/01/2026,11:50:17,17_T02,39.121689709,10.189988711,0.2,20.48,53.65,880.006,76.0,38.17,15.72,20.57,4337529.99,1781524.42
00:19:24.968,18/01/2026,11:50:18,17_T02,39.121689856,10.189988929,0.1,19.98,53.65,880.018,76.0,38.17,15.72,20.57,4337530.01,1781524.44
00:19:25.968,18/01/2026,11:50:19,17_T02,39.121690021,10.189989530,0.1,19.40,53.88,880.061,76.0,38.16,15.72,19.55,4337530.06,1781524.46
00:19:26.970,18/01/2026,11:50:20,17_T02,39.121690102,10.189990082,0.1,18.86,54.06,880.103,76.0,38.16,15.72,19.55,4337530.11,1781524.47
00:19:27.968,18/01/2026,11:50:21,17_T02,39.121690058,10.189990222,0.1,18.38,54.05,880.116,76.0,38.17,15.72,18.52,4337530.12,1781524.46
00:19:28.968,18/01/2026,11:50:22,17_T02,39.121690129,10.189989911,0.1,17.89,53.87,880.088,76.0,38.17,15.72,18.52,4337530.10,1781524.47
00:19:29.967,18/01/2026,11:50:23,17_T02,39.121690001,10.189989448,0.1,17.43,53.74,880.055,76.0,38.16,15.73,17.57,4337530.06,1781524.46
00:19:30.969,18/01/2026,11:50:24,17_T02,39.121689665,10.189989251,0.1,17.07,53.70,880.052,76.0,38.16,15.73,17.57,4337530.04,1781524.42
00:19:31.967,18/01/2026,11:50:25,17_T02,39.121689050,10.189989283,0.1,16.76,53.67,880.077,76.0,38.16,15.73,16.70,4337530.04,1781524.35
00:19:32.981,18/01/2026,11:50:26,17_T02,39.121688810,10.189989361,0.1,16.37,53.68,880.092,76.0,38.16,15.73,16.70,4337530.05,1781524.32
00:19:33.967,18/01/2026,11:50:27,17_T02,39.121688664,10.189988946,0.1,15.82,53.61,880.064,76.0,38.15,15.74,15.93,4337530.01,1781524.31
00:19:34.968,18/01/2026,11:50:28,17_T02,39.121688491,10.189988331,0.1,15.13,53.63,880.020,76.0,38.15,15.74,15.93,4337529.96,1781524.29
00:19:35.967,18/01/2026,11:50:29,17_T02,39.121688407,10.189987680,0.1,14.46,53.76,879.970,76.0,38.15,15.74,14.71,4337529.90,1781524.28
00:19:36.968,18/01/2026,11:50:30,17_T02,39.121687861,10.189987316,0.1,14.04,54.06,879.960,76.0,38.15,15.74,14.71,4337529.87,1781524.22
00:19:37.969,18/01/2026,11:50:31,17_T02,39.121686850,10.189987498,0.1,13.85,54.26,880.013,76.0,38.15,15.74,13.68,4337529.89,1781524.11
00:19:38.968,18/01/2026,11:50:32,17_T02,39.121686166,10.189987609,0.1,13.67,54.19,880.047,76.0,38.15,15.74,13.68,4337529.90,1781524.03
00:19:39.968,18/01/2026,11:50:33,17_T02,39.121686028,10.189986934,0.1,13.18,53.90,879.997,76.0,38.15,15.74,13.20,4337529.84,1781524.02
00:19:40.968,18/01/2026,11:50:34,17_T02,39.121686278,10.189986048,0.1,12.37,53.68,879.915,76.0,38.15,15.74,13.20,4337529.76,1781524.04
00:19:41.968,18/01/2026,11:50:35,17_T02,39.121687096,10.189985119,0.1,11.50,53.85,879.809,76.0,38.15,15.74,11.75,4337529.68,1781524.13
00:19:42.968,18/01/2026,11:50:36,17_T02,39.121687537,10.189985239,0.2,10.98,54.19,879.802,76.0,38.15,15.74,11.75,4337529.69,1781524.18
00:19:43.968,18/01/2026,11:50:37,17_T02,39.121686554,10.189986172,0.2,10.88,54.38,879.915,76.0,38.15,15.74,11.75,4337529.77,1781524.07
00:19:44.968,18/01/2026,11:50:38,17_T02,39.121684996,10.189986439,0.2,10.83,54.19,879.995,76.0,38.15,15.75,10.63,4337529.80,1781523.90
00:19:45.968,18/01/2026,11:50:39,17_T02,39.121684480,10.189985013,0.2,10.47,53.79,879.897,76.0,38.15,15.75,10.63,4337529.67,1781523.85
00:19:46.982,18/01/2026,11:50:40,17_T02,39.121685525,10.189982789,0.2,9.88,53.33,879.676,76.0,38.15,15.75,10.40,4337529.48,1781523.96
00:19:47.969,18/01/2026,11:50:41,17_T02,39.121687431,10.189981414,0.3,9.16,53.42,879.493,76.0,38.15,15.75,10.40,4337529.36,1781524.17
00:19:48.968,18/01/2026,11:50:42,17_T02,39.121689307,10.189981506,0.4,8.68,53.87,879.431,76.0,38.15,15.75,9.29,4337529.37,1781524.38
00:19:49.983,18/01/2026,11:50:43,17_T02,39.121688679,10.189982814,0.3,8.56,54.15,879.561,76.0,38.15,15.75,9.29,4337529.48,1781524.31
00:19:50.968,18/01/2026,11:50:44,17_T02,39.121686886,10.189983529,0.4,8.60,53.98,879.686,76.0,38.15,15.75,8.29,4337529.54,1781524.11
00:19:51.969,18/01/2026,11:50:45,17_T02,39.121685024,10.189982871,0.4,8.45,53.90,879.702,76.0,38.15,15.75,8.29,4337529.49,1781523.90
00:19:52.968,18/01/2026,11:50:46,17_T02,39.121686305,10.189980144,0.4,7.92,53.85,879.431,76.0,38.15,15.76,8.35,4337529.25,1781524.05
00:19:53.968,18/01/2026,11:50:47,17_T02,39.121689081,10.189977648,0.4,7.23,54.21,879.123,76.0,38.15,15.76,8.35,4337529.03,1781524.35
00:19:54.984,18/01/2026,11:50:48,17_T02,39.121691627,10.189977456,0.5,6.72,54.70,879.013,76.0,38.15,15.76,7.32,4337529.01,1781524.63
00:19:55.986,18/01/2026,11:50:49,17_T02,39.121691096,10.189978930,0.4,6.46,54.91,879.153,76.0,38.15,15.76,7.32,4337529.14,1781524.57
00:19:56.968,18/01/2026,11:50:50,17_T02,39.121689418,10.189979285,0.4,6.41,54.75,879.245,76.0,38.16,15.77,6.15,4337529.17,1781524.39
00:19:57.967,18/01/2026,11:50:51,17_T02,39.121688622,10.189978576,0.4,6.24,54.98,879.216,76.0,38.16,15.77,6.15,4337529.11,1781524.30
00:19:58.967,18/01/2026,11:50:52,17_T02,39.121689437,10.189976823,0.3,5.76,55.07,879.042,76.0,38.15,15.75,6.24,4337528.96,1781524.39
00:19:59.983,18/01/2026,11:50:53,17_T02,39.121691682,10.189974391,0.3,5.23,54.53,878.760,76.0,38.15,15.75,6.24,4337528.75,1781524.64
00:20:00.968,18/01/2026,11:50:54,17_T02,39.121693203,10.189973977,0.3,4.79,54.88,878.669,76.0,38.15,15.76,5.16,4337528.71,1781524.81
00:20:01.984,18/01/2026,11:50:55,17_T02,39.121694601,10.189976077,0.4,4.50,55.41,878.789,76.0,38.15,15.76,5.16,4337528.89,1781524.96
00:20:02.984,18/01/2026,11:50:56,17_T02,39.121695201,10.189976112,0.4,4.30,54.47,878.769,76.0,38.16,15.76,4.23,4337528.89,1781525.03
00:20:03.984,18/01/2026,11:50:57,17_T02,39.121695066,10.189975099,0.3,3.98,53.40,878.692,76.0,38.16,15.76,4.23,4337528.81,1781525.01
00:20:04.983,18/01/2026,11:50:58,17_T02,39.121694896,10.189974925,0.3,3.60,53.31,878.684,76.0,38.15,15.76,3.93,4337528.79,1781524.99
00:20:05.969,18/01/2026,11:50:59,17_T02,39.121696572,10.189973042,0.3,3.30,52.27,878.467,76.0,38.15,15.76,3.93,4337528.63,1781525.18
00:20:06.983,18/01/2026,11:51:00,17_T02,39.121699385,10.189969853,0.3,3.09,52.01,878.101,76.0,38.15,15.75,3.35,4337528.35,1781525.49
00:20:07.967,18/01/2026,11:51:01,17_T02,39.121701044,10.189969755,0.3,2.85,52.30,878.031,76.0,38.15,15.75,3.35,4337528.34,1781525.67
00:20:08.984,18/01/2026,11:51:02,17_T02,39.121697934,10.189974179,0.3,2.60,53.81,878.509,76.0,38.15,15.75,2.50,4337528.73,1781525.33
00:20:09.969,18/01/2026,11:51:03,17_T02,39.121695629,10.189978516,0.5,2.39,53.41,878.950,76.0,38.15,15.75,2.50,4337529.10,1781525.07
00:20:10.984,18/01/2026,11:51:04,17_T02,39.121696152,10.189976053,0.6,2.10,51.17,878.729,76.0,38.15,15.75,2.27,4337528.89,1781525.13
00:20:11.984,18/01/2026,11:51:05,17_T02,39.121698513,10.189971769,0.7,1.91,52.44,878.290,76.0,38.15,15.75,2.27,4337528.52,1781525.39
00:20:12.968,18/01/2026,11:51:06,17_T02,39.121702321,10.189967708,0.7,1.89,50.48,877.816,76.0,38.16,15.75,2.07,4337528.16,1781525.81
00:20:13.984,18/01/2026,11:51:07,17_T02,39.121699738,10.189968274,0.7,1.90,51.85,877.959,76.0,38.16,15.75,2.07,4337528.21,1781525.53
00:20:14.984,18/01/2026,11:51:08,17_T02,39.121695641,10.189975695,0.7,1.95,52.55,878.719,76.0,38.15,15.75,1.47,4337528.86,1781525.07
00:20:15.968,18/01/2026,11:51:09,17_T02,39.121693610,10.189977053,0.7,1.76,52.14,878.906,76.0,38.15,15.75,1.47,4337528.98,1781524.85
00:20:16.982,18/01/2026,11:51:10,17_T02,39.121692615,10.189973207,0.7,1.32,52.84,878.628,76.0,38.15,15.76,1.65,4337528.64,1781524.74
00:20:17.969,18/01/2026,11:51:11,17_T02,39.121693448,10.189970927,0.7,1.06,54.63,878.410,76.0,38.15,15.76,1.65,4337528.44,1781524.83
00:20:18.983,18/01/2026,11:51:12,17_T02,39.121695661,10.189968086,0.7,1.14,53.51,878.095,76.0,38.15,15.76,1.08,4337528.20,1781525.08
00:20:19.966,18/01/2026,11:51:13,17_T02,39.121695398,10.189968034,0.5,1.30,55.38,878.100,76.0,38.15,15.76,1.08,4337528.19,1781525.05
00:20:20.983,18/01/2026,11:51:14,17_T02,39.121693936,10.189972475,0.5,1.40,54.83,878.519,76.0,38.15,15.76,1.01,4337528.58,1781524.89
00:20:21.967,18/01/2026,11:51:15,17_T02,39.121690074,10.189975116,0.6,1.07,55.42,878.879,76.0,38.15,15.76,1.01,4337528.81,1781524.46
00:20:22.968,18/01/2026,11:51:16,17_T02,39.121692180,10.189974520,0.5,0.80,54.83,878.751,76.0,38.15,15.77,0.96,4337528.76,1781524.69
00:20:23.969,18/01/2026,11:51:17,17_T02,39.121694519,10.189969211,0.5,0.58,54.05,878.230,76.0,38.15,15.77,0.96,4337528.29,1781524.95
00:20:24.984,18/01/2026,11:51:18,17_T02,39.121697000,10.189967338,0.6,0.64,54.76,877.984,76.0,38.15,15.77,0.62,4337528.13,1781525.22
00:20:25.967,18/01/2026,11:51:19,17_T02,39.121697414,10.189968047,0.6,0.67,53.35,878.027,76.0,38.15,15.77,0.62,4337528.19,1781525.27
00:20:26.978,18/01/2026,11:51:20,17_T02,39.121694994,10.189968212,0.5,0.62,52.60,878.130,76.0,38.16,15.78,0.40,4337528.21,1781525.00
00:20:27.980,18/01/2026,11:51:21,17_T02,39.121694496,10.189967325,0.6,0.56,55.70,878.076,76.0,38.16,15.78,0.40,4337528.13,1781524.95
00:20:28.982,18/01/2026,11:51:22,17_T02,39.121693302,10.189967307,0.5,0.36,58.61,878.119,76.0,38.15,15.78,0.43,4337528.13,1781524.81
00:20:29.975,18/01/2026,11:51:23,17_T02,39.121691813,10.189967495,0.4,0.25,60.15,878.190,76.0,38.15,15.78,0.43,4337528.15,1781524.65
00:20:30.983,18/01/2026,11:51:24,17_T02,39.121689336,10.189970429,0.4,0.11,61.97,878.522,76.0,38.15,15.78,-0.07,4337528.40,1781524.38
00:20:31.975,18/01/2026,11:51:25,17_T02,39.121688865,10.189972244,0.3,-0.50,62.43,878.688,76.0,38.15,15.78,-0.07,4337528.56,1781524.33
00:20:32.970,18/01/2026,11:51:26,17_T02,39.121689349,10.189972997,0.3,-1.10,62.41,878.732,76.0,38.15,15.78,-0.07,4337528.62,1781524.38
00:20:33.981,18/01/2026,11:51:27,17_T02,39.121691807,10.189970071,0.3,-1.80,61.41,878.401,76.0,38.15,15.78,-0.07,4337528.37,1781524.65
00:20:34.975,18/01/2026,11:51:28,17_T02,39.121694144,10.189966140,0.3,-2.38,58.58,877.992,76.0,38.15,15.78,-0.07,4337528.03,1781524.91
00:20:35.982,18/01/2026,11:51:29,17_T02,39.121693514,10.189964540,0.3,-2.88,55.16,877.884,76.0,38.15,15.78,-0.07,4337527.89,1781524.84
00:20:36.978,18/01/2026,11:51:30,17_T02,39.121692610,10.189966391,0.4,-3.27,51.47,878.070,76.0,38.15,15.78,-0.07,4337528.05,1781524.74
00:20:37.969,18/01/2026,11:51:31,17_T02,39.121692514,10.189967537,0.5,-3.81,47.19,878.167,76.0,38.15,15.78,-0.07,4337528.15,1781524.73
00:20:38.974,18/01/2026,11:51:32,17_T02,39.121695349,10.189964574,0.5,-4.40,42.47,877.819,76.0,38.15,15.78,-0.07,4337527.89,1781525.04
00:20:39.973,18/01/2026,11:51:33,17_T02,39.121698983,10.189958156,0.5,-4.75,37.77,877.158,76.0,38.15,15.78,-0.07,4337527.33,1781525.44
00:20:40.970,18/01/2026,11:51:34,17_T02,39.121701143,10.189954228,0.6,-5.02,33.82,876.756,76.0,38.15,15.78,-0.07,4337526.99,1781525.68
00:20:41.979,18/01/2026,11:51:35,17_T02,39.121701324,10.189956843,0.5,-5.08,31.15,876.963,76.0,38.15,15.78,-0.07,4337527.22,1781525.70
00:20:42.974,18/01/2026,11:51:36,17_T02,39.121700436,10.189960203,0.5,-5.06,29.64,877.272,76.0,38.15,15.78,-0.07,4337527.51,1781525.60
00:20:43.990,18/01/2026,11:51:37,17_T02,39.121699032,10.189957515,0.5,-5.04,28.77,877.104,76.0,38.15,15.78,-0.07,4337527.28,1781525.44
00:20:44.990,18/01/2026,11:51:38,17_T02,39.121697303,10.189953374,0.6,-5.16,28.98,876.829,76.0,38.15,15.78,-0.07,4337526.92,1781525.25
00:20:45.973,18/01/2026,11:51:39,17_T02,39.121696796,10.189954604,0.5,-5.36,30.79,876.949,76.0,38.15,15.78,-0.07,4337527.02,1781525.20
00:20:46.982,18/01/2026,11:51:40,17_T02,39.121698830,10.189957381,0.6,-5.52,32.84,877.100,76.0,38.15,15.78,-0.07,4337527.26,1781525.42
00:20:47.979,18/01/2026,11:51:41,17_T02,39.121713247,10.189974695,0.6,-5.54,32.42,877.982,76.0,38.15,15.78,-0.07,4337528.77,1781527.02
00:20:48.975,18/01/2026,11:51:42,17_T02,39.121716117,10.189983175,0.9,-5.45,32.66,878.570,76.0,38.15,15.78,-0.07,4337529.50,1781527.34
00:20:49.974,18/01/2026,11:51:43,17_T02,39.121712054,10.189984644,1.0,-5.28,31.79,878.841,76.0,38.15,15.78,-0.07,4337529.63,1781526.89
00:20:50.968,18/01/2026,11:51:44,17_T02,39.121712178,10.189986581,0.9,-5.14,31.84,878.995,76.0,38.15,15.78,-0.07,4337529.80,1781526.90
00:20:51.976,18/01/2026,11:51:45,17_T02,39.121714634,10.189986199,1.0,-5.25,32.49,878.872,76.0,38.15,15.78,-0.07,4337529.77,1781527.17
00:20:52.980,18/01/2026,11:51:46,17_T02,39.121716443,10.189983761,0.7,-5.54,32.56,878.605,76.0,38.15,15.78,-0.07,4337529.55,1781527.37
00:20:53.971,18/01/2026,11:51:47,17_T02,39.121717178,10.189982896,0.5,-5.62,32.35,878.507,76.0,38.15,15.78,-0.07,4337529.48,1781527.45
00:20:54.975,18/01/2026,11:51:48,17_T02,39.121715670,10.189984675,0.4,-5.49,32.06,878.709,76.0,38.15,15.78,-0.07,4337529.63,1781527.29
00:20:55.967,18/01/2026,11:51:49,17_T02,39.121713005,10.189986857,0.5,-5.25,31.87,878.987,76.0,38.15,15.78,-0.07,4337529.82,1781526.99
00:20:56.974,18/01/2026,11:51:50,17_T02,39.121712556,10.189987827,0.5,-5.10,32.14,879.083,76.0,38.15,15.78,-0.07,4337529.91,1781526.94
00:20:57.976,18/01/2026,11:51:51,17_T02,39.121714431,10.189986520,0.4,-5.12,32.41,878.906,76.0,38.15,15.78,-0.07,4337529.80,1781527.15
00:20:58.967,18/01/2026,11:51:52,17_T02,39.121715084,10.189984647,0.4,-5.27,32.51,878.728,76.0,38.15,15.78,-0.07,4337529.63,1781527.22
00:20:59.976,18/01/2026,11:51:53,17_T02,39.121713290,10.189983295,0.4,-5.43,32.25,878.685,76.0,38.15,15.78,-0.07,4337529.51,1781527.02
00:21:00.977,18/01/2026,11:51:54,17_T02,39.121711722,10.189982222,0.4,-5.39,31.96,878.655,76.0,38.15,15.78,-0.07,4337529.42,1781526.85
00:21:01.972,18/01/2026,11:51:55,17_T02,39.121711299,10.189983691,0.3,-5.18,31.85,878.791,76.0,38.15,15.78,-0.07,4337529.55,1781526.80
00:21:02.977,18/01/2026,11:51:56,17_T02,39.121711947,10.189986574,0.4,-5.00,32.00,879.003,76.0,38.15,15.78,-0.07,4337529.80,1781526.88
00:21:03.971,18/01/2026,11:51:57,17_T02,39.121713312,10.189985925,0.4,-4.98,32.30,878.899,76.0,38.15,15.78,-0.07,4337529.74,1781527.03
00:21:04.976,18/01/2026,11:51:58,17_T02,39.121712657,10.189982886,0.4,-5.14,32.52,878.675,76.0,38.15,15.78,-0.07,4337529.48,1781526.95
00:21:05.967,18/01/2026,11:51:59,17_T02,39.121710958,10.189982046,0.4,-5.31,32.19,878.669,76.0,38.15,15.78,-0.07,4337529.41,1781526.77
00:21:06.971,18/01/2026,11:52:00,17_T02,39.121712003,10.189983578,0.4,-5.32,31.89,878.756,76.0,38.15,15.78,-0.07,4337529.54,1781526.88
00:21:07.980,18/01/2026,11:52:01,17_T02,39.121713208,10.189986339,0.4,-5.27,31.81,878.937,76.0,38.15,15.78,-0.07,4337529.78,1781527.02
00:21:08.972,18/01/2026,11:52:02,17_T02,39.121712477,10.189986998,0.4,-5.21,32.00,879.018,76.0,38.15,15.78,-0.07,4337529.84,1781526.93
00:21:09.967,18/01/2026,11:52:03,17_T02,39.121711453,10.189984112,0.4,-5.13,32.27,878.820,76.0,38.15,15.78,-0.07,4337529.59,1781526.82
00:21:10.977,18/01/2026,11:52:04,17_T02,39.121711090,10.189982461,0.4,-5.04,32.29,878.698,76.0,38.15,15.78,-0.07,4337529.44,1781526.78
00:21:11.971,18/01/2026,11:52:05,17_T02,39.121711046,10.189984707,0.4,-5.03,32.00,878.884,76.0,38.15,15.78,-0.07,4337529.64,1781526.78
00:21:12.968,18/01/2026,11:52:06,17_T02,39.121712011,10.189985652,0.3,-5.07,31.89,878.925,76.0,38.15,15.78,-0.07,4337529.72,1781526.88
00:21:13.978,18/01/2026,11:52:07,17_T02,39.121711358,10.189983750,0.3,-5.13,32.08,878.794,76.0,38.15,15.78,-0.07,4337529.56,1781526.81
00:21:14.975,18/01/2026,11:52:08,17_T02,39.121708895,10.189981860,0.4,-5.17,32.11,878.731,76.0,38.15,15.78,-0.07,4337529.39,1781526.54
00:21:15.968,18/01/2026,11:52:09,17_T02,39.121708894,10.189982086,0.3,-5.08,32.28,878.749,76.0,38.15,15.78,-0.07,4337529.41,1781526.54
00:21:16.982,18/01/2026,11:52:10,17_T02,39.121711130,10.189985187,0.4,-4.97,32.32,878.920,76.0,38.15,15.78,-0.07,4337529.68,1781526.79
00:21:17.974,18/01/2026,11:52:11,17_T02,39.121712074,10.189987286,0.4,-4.99,32.22,879.057,76.0,38.15,15.78,-0.07,4337529.86,1781526.89
00:21:18.973,18/01/2026,11:52:12,17_T02,39.121711644,10.189984917,0.4,-5.05,32.29,878.879,76.0,38.15,15.78,-0.07,4337529.66,1781526.84
00:21:19.970,18/01/2026,11:52:13,17_T02,39.121710050,10.189982639,0.4,-5.06,32.39,878.751,76.0,38.15,15.78,-0.07,4337529.46,1781526.67
00:21:20.980,18/01/2026,11:52:14,17_T02,39.121708738,10.189983827,0.4,-5.03,32.36,878.898,76.0,38.15,15.78,-0.07,4337529.56,1781526.52
00:21:21.977,18/01/2026,11:52:15,17_T02,39.121709557,10.189985454,0.4,-4.99,32.43,879.000,76.0,38.15,15.78,-0.07,4337529.70,1781526.61
00:21:22.972,18/01/2026,11:52:16,17_T02,39.121710251,10.189984916,0.3,-5.06,32.56,878.930,76.0,38.15,15.78,-0.07,4337529.66,1781526.69
00:21:23.974,18/01/2026,11:52:17,17_T02,39.121709981,10.189983223,0.3,-5.17,32.70,878.802,76.0,38.15,15.78,-0.07,4337529.51,1781526.66
00:21:24.967,18/01/2026,11:52:18,17_T02,39.121710012,10.189983178,0.3,-5.09,32.70,878.797,76.0,38.15,15.78,-0.07,4337529.51,1781526.66
00:21:25.972,18/01/2026,11:52:19,17_T02,39.121709768,10.189985184,0.3,-4.87,32.64,878.970,76.0,38.15,15.78,-0.07,4337529.68,1781526.64
00:21:26.967,18/01/2026,11:52:20,17_T02,39.121708709,10.189985685,0.2,-4.76,32.71,879.051,76.0,38.15,15.78,-0.07,4337529.72,1781526.52
00:21:27.972,18/01/2026,11:52:21,17_T02,39.121707637,10.189984478,0.3,-4.86,32.71,878.992,76.0,38.15,15.78,-0.07,4337529.62,1781526.40
00:21:28.978,18/01/2026,11:52:22,17_T02,39.121708399,10.189984295,0.2,-5.06,32.71,878.948,76.0,38.15,15.78,-0.07,4337529.60,1781526.48
00:21:29.980,18/01/2026,11:52:23,17_T02,39.121710651,10.189985543,0.3,-5.16,32.77,878.967,76.0,38.15,15.78,-0.07,4337529.71,1781526.73
00:21:30.967,18/01/2026,11:52:24,17_T02,39.121711557,10.189985680,0.3,-5.12,32.87,878.944,76.0,38.15,15.78,-0.07,4337529.72,1781526.83
00:21:31.974,18/01/2026,11:52:25,17_T02,39.121709469,10.189983940,0.3,-4.95,32.98,878.880,76.0,38.15,15.78,-0.07,4337529.57,1781526.60
00:21:32.981,18/01/2026,11:52:26,17_T02,39.121706962,10.189983575,0.4,-4.77,32.83,878.943,76.0,38.15,15.78,-0.07,4337529.54,1781526.33
00:21:33.976,18/01/2026,11:52:27,17_T02,39.121707248,10.189986154,0.4,-4.64,32.74,879.144,76.0,38.15,15.78,-0.07,4337529.77,1781526.36
00:21:34.978,18/01/2026,11:52:28,17_T02,39.121709097,10.189987667,0.5,-4.69,32.79,879.199,76.0,38.15,15.78,-0.07,4337529.90,1781526.56
00:21:35.967,18/01/2026,11:52:29,17_T02,39.121709548,10.189985849,0.4,-4.92,32.77,879.033,76.0,38.15,15.78,-0.07,4337529.74,1781526.61
00:21:36.976,18/01/2026,11:52:30,17_T02,39.121708950,10.189982677,0.5,-5.15,32.92,878.795,76.0,38.15,15.78,-0.07,4337529.46,1781526.54
00:21:37.967,18/01/2026,11:52:31,17_T02,39.121709016,10.189982236,0.4,-5.14,33.09,878.757,76.0,38.15,15.78,-0.07,4337529.42,1781526.55
00:21:38.972,18/01/2026,11:52:32,17_T02,39.121709186,10.189985234,0.4,-4.88,33.05,878.996,76.0,38.15,15.78,-0.07,4337529.68,1781526.57
00:21:39.982,18/01/2026,11:52:33,17_T02,39.121708583,10.189988164,0.4,-4.62,32.89,879.258,76.0,38.15,15.78,-0.07,4337529.94,1781526.51
00:21:40.983,18/01/2026,11:52:34,17_T02,39.121707736,10.189987029,0.4,-4.55,32.86,879.197,76.0,38.15,15.78,-0.07,4337529.84,1781526.41
00:21:41.974,18/01/2026,11:52:35,17_T02,39.121707891,10.189983592,0.4,-4.69,33.04,878.910,76.0,38.15,15.78,-0.07,4337529.54,1781526.43
00:21:42.981,18/01/2026,11:52:36,17_T02,39.121709005,10.189981891,0.4,-4.92,33.09,878.729,76.0,38.15,15.78,-0.07,4337529.39,1781526.55
00:21:43.977,18/01/2026,11:52:37,17_T02,39.121709422,10.189983148,0.4,-5.04,33.01,878.816,76.0,38.15,15.78,-0.07,4337529.50,1781526.60
00:21:44.971,18/01/2026,11:52:38,17_T02,39.121708961,10.189984474,0.3,-5.00,32.96,878.942,76.0,38.15,15.78,-0.07,4337529.62,1781526.55
00:21:45.970,18/01/2026,11:52:39,17_T02,39.121708853,10.189984470,0.3,-4.84,33.18,878.946,76.0,38.15,15.78,-0.07,4337529.62,1781526.53
00:21:46.979,18/01/2026,11:52:40,17_T02,39.121709628,10.189984753,0.3,-4.66,33.28,878.940,76.0,38.15,15.78,-0.07,4337529.64,1781526.62
00:21:47.971,18/01/2026,11:52:41,17_T02,39.121710181,10.189984282,0.2,-4.61,33.30,878.881,76.0,38.15,15.78,-0.07,4337529.60,1781526.68
00:21:48.967,18/01/2026,11:52:42,17_T02,39.121709556,10.189982790,0.2,-4.72,33.13,878.782,76.0,38.15,15.78,-0.07,4337529.47,1781526.61
00:21:49.977,18/01/2026,11:52:43,17_T02,39.121708861,10.189982123,0.2,-4.89,33.08,878.753,76.0,38.15,15.78,-0.07,4337529.41,1781526.53
00:21:50.971,18/01/2026,11:52:44,17_T02,39.121710125,10.189983298,0.2,-4.93,33.16,878.803,76.0,38.15,15.78,-0.07,4337529.52,1781526.67
00:21:51.982,18/01/2026,11:52:45,17_T02,39.121711509,10.189985328,0.2,-4.88,33.22,878.917,76.0,38.15,15.78,-0.07,4337529.69,1781526.83
00:21:52.980,18/01/2026,11:52:46,17_T02,39.121711295,10.189984462,0.2,-4.83,33.26,878.854,76.0,38.15,15.78,-0.07,4337529.62,1781526.80
00:21:53.972,18/01/2026,11:52:47,17_T02,39.121710112,10.189980936,0.3,-4.80,33.19,878.610,76.0,38.15,15.78,-0.07,4337529.31,1781526.67
00:21:54.982,18/01/2026,11:52:48,17_T02,39.121708914,10.189980290,0.3,-4.77,33.01,878.601,76.0,38.15,15.78,-0.07,4337529.25,1781526.54
00:21:55.975,18/01/2026,11:52:49,17_T02,39.121710011,10.189982398,0.4,-4.63,32.79,878.733,76.0,38.15,15.78,-0.07,4337529.44,1781526.66
00:21:56.971,18/01/2026,11:52:50,17_T02,39.121711687,10.189984082,0.4,-4.52,32.87,878.809,76.0,38.15,15.78,-0.07,4337529.58,1781526.85
00:21:57.978,18/01/2026,11:52:51,17_T02,39.121711647,10.189984400,0.4,-4.59,32.95,878.836,76.0,38.15,15.78,-0.07,4337529.61,1781526.84
00:21:58.970,18/01/2026,11:52:52,17_T02,39.121711586,10.189983061,0.3,-4.79,33.14,878.729,76.0,38.15,15.78,-0.07,4337529.49,1781526.84
00:21:59.974,18/01/2026,11:52:53,17_T02,39.121712061,10.189981551,0.3,-4.95,33.04,878.587,76.0,38.15,15.78,-0.07,4337529.36,1781526.89
00:22:00.981,18/01/2026,11:52:54,17_T02,39.121711478,10.189982001,0.3,-4.94,32.61,878.646,76.0,38.15,15.78,-0.07,4337529.40,1781526.82
00:22:01.971,18/01/2026,11:52:55,17_T02,39.121711558,10.189983069,0.3,-4.74,32.29,878.731,76.0,38.15,15.78,-0.07,4337529.50,1781526.83
00:22:02.975,18/01/2026,11:52:56,17_T02,39.121712830,10.189984176,0.2,-4.52,32.42,878.774,76.0,38.15,15.78,-0.07,4337529.59,1781526.97
00:22:03.968,18/01/2026,11:52:57,17_T02,39.121713906,10.189984650,0.2,-4.49,32.84,878.773,76.0,38.15,15.78,-0.07,4337529.63,1781527.09
00:22:04.977,18/01/2026,11:52:58,17_T02,39.121713816,10.189984137,0.2,-4.60,32.97,878.734,76.0,38.15,15.78,-0.07,4337529.59,1781527.08
00:22:05.970,18/01/2026,11:52:59,17_T02,39.121712469,10.189982854,0.2,-4.73,32.68,878.679,76.0,38.15,15.78,-0.07,4337529.48,1781526.93
00:22:06.978,18/01/2026,11:53:00,17_T02,39.121711217,10.189981860,0.3,-4.80,32.29,878.644,76.0,38.15,15.78,-0.07,4337529.39,1781526.79
00:22:07.970,18/01/2026,11:53:01,17_T02,39.121712025,10.189981719,0.3,-4.79,32.24,878.603,76.0,38.15,15.78,-0.07,4337529.38,1781526.88
00:22:08.981,18/01/2026,11:53:02,17_T02,39.121714288,10.189982870,0.3,-4.68,32.52,878.613,76.0,38.15,15.78,-0.07,4337529.48,1781527.13
00:22:09.974,18/01/2026,11:53:03,17_T02,39.121714934,10.189984394,0.3,-4.59,32.64,878.713,76.0,38.15,15.78,-0.07,4337529.61,1781527.21
00:22:10.967,18/01/2026,11:53:04,17_T02,39.121714196,10.189984586,0.3,-4.55,32.62,878.757,76.0,38.15,15.78,-0.07,4337529.63,1781527.12
00:22:11.980,18/01/2026,11:53:05,17_T02,39.121713133,10.189983811,0.2,-4.54,32.56,878.733,76.0,38.15,15.78,-0.07,4337529.56,1781527.01
00:22:12.968,18/01/2026,11:53:06,17_T02,39.121712497,10.189984006,0.2,-4.55,32.97,878.772,76.0,38.15,15.78,-0.07,4337529.58,1781526.94
00:22:13.979,18/01/2026,11:53:07,17_T02,39.121712863,10.189984870,0.2,-4.59,35.27,878.829,76.0,38.15,15.78,-0.07,4337529.65,1781526.98
00:22:14.973,18/01/2026,11:53:08,17_T02,39.121712083,10.189986134,0.2,-4.72,39.98,878.962,76.0,38.15,15.78,-0.07,4337529.76,1781526.89
00:22:15.981,18/01/2026,11:53:09,17_T02,39.121708821,10.189989398,0.2,-4.83,46.74,879.351,76.0,38.15,15.78,-0.07,4337530.05,1781526.53
00:22:16.978,18/01/2026,11:53:10,17_T02,39.121707265,10.189991548,0.2,-4.76,50.70,879.585,76.0,38.15,15.78,-0.07,4337530.23,1781526.36
00:22:17.970,18/01/2026,11:53:11,17_T02,39.121707587,10.189992565,0.2,-4.54,49.68,879.656,76.0,38.15,15.78,-0.07,4337530.32,1781526.40
00:22:18.980,18/01/2026,11:53:12,17_T02,39.121706154,10.189992957,0.3,-4.36,50.16,879.741,76.0,38.15,15.78,-0.07,4337530.36,1781526.24
00:22:19.977,18/01/2026,11:53:13,17_T02,39.121705749,10.189991048,0.2,-4.37,50.07,879.600,76.0,38.15,15.78,-0.07,4337530.19,1781526.19
00:22:20.970,18/01/2026,11:53:14,17_T02,39.121706419,10.189991323,0.2,-4.51,50.12,879.598,76.0,38.15,15.78,-0.07,4337530.22,1781526.27
00:22:21.980,18/01/2026,11:53:15,17_T02,39.121707152,10.189993305,0.3,-4.71,50.04,879.733,76.0,38.15,15.78,-0.07,4337530.39,1781526.35
00:22:22.972,18/01/2026,11:53:16,17_T02,39.121707327,10.189993480,0.3,-4.83,49.97,879.741,76.0,38.15,15.78,-0.07,4337530.40,1781526.37
00:22:23.980,18/01/2026,11:53:17,17_T02,39.121705934,10.189993710,0.3,-4.74,49.96,879.811,76.0,38.15,15.78,-0.07,4337530.42,1781526.21
00:22:24.975,18/01/2026,11:53:18,17_T02,39.121704829,10.189994030,0.3,-4.53,50.17,879.879,76.0,38.15,15.78,-0.07,4337530.45,1781526.09
00:22:25.972,18/01/2026,11:53:19,17_T02,39.121705456,10.189993892,0.2,-4.37,50.36,879.844,76.0,38.15,15.78,-0.07,4337530.44,1781526.16
00:22:26.967,18/01/2026,11:53:20,17_T02,39.121705723,10.189994641,0.2,-4.36,50.44,879.895,76.0,38.15,15.78,-0.07,4337530.50,1781526.19
00:22:27.979,18/01/2026,11:53:21,17_T02,39.121705318,10.189996096,0.2,-4.50,50.28,880.030,76.0,38.15,15.78,-0.07,4337530.63,1781526.15
00:22:28.971,18/01/2026,11:53:22,17_T02,39.121705415,10.189996247,0.2,-4.66,50.43,880.038,76.0,38.15,15.78,-0.07,4337530.64,1781526.16
00:22:29.980,18/01/2026,11:53:23,17_T02,39.121705158,10.189995573,0.2,-4.69,50.63,879.993,76.0,38.15,15.78,-0.07,4337530.59,1781526.13
00:22:30.968,18/01/2026,11:53:24,17_T02,39.121703991,10.189996594,0.2,-4.57,50.85,880.120,76.0,38.15,15.78,-0.07,4337530.67,1781526.00
00:22:31.977,18/01/2026,11:53:25,17_T02,39.121704122,10.189998423,0.2,-4.42,51.05,880.265,76.0,38.15,15.78,-0.07,4337530.83,1781526.02
00:22:32.982,18/01/2026,11:53:26,17_T02,39.121704613,10.189999326,0.2,-4.48,51.32,880.320,76.0,38.15,15.78,-0.07,4337530.91,1781526.07
00:22:33.967,18/01/2026,11:53:27,17_T02,39.121704625,10.189998945,0.2,-4.72,51.41,880.289,76.0,38.15,15.78,-0.07,4337530.88,1781526.07
00:22:34.975,18/01/2026,11:53:28,17_T02,39.121704956,10.189999161,0.2,-4.91,51.46,880.294,76.0,38.15,15.78,-0.07,4337530.90,1781526.11
00:22:35.969,18/01/2026,11:53:29,17_T02,39.121705585,10.190002416,0.2,-4.86,51.48,880.537,76.0,38.15,15.78,-0.07,4337531.18,1781526.18
00:22:36.980,18/01/2026,11:53:30,17_T02,39.121705972,10.190005912,0.3,-4.70,51.76,880.809,76.0,38.15,15.78,-0.07,4337531.48,1781526.22
00:22:37.969,18/01/2026,11:53:31,17_T02,39.121705471,10.190005886,0.3,-4.68,52.38,880.826,76.0,38.15,15.78,-0.07,4337531.48,1781526.17
00:22:38.976,18/01/2026,11:53:32,17_T02,39.121704127,10.190004405,0.3,-4.84,52.38,880.755,76.0,38.15,15.78,-0.07,4337531.35,1781526.02
00:22:39.973,18/01/2026,11:53:33,17_T02,39.121704182,10.190004061,0.3,-5.05,52.39,880.724,76.0,38.15,15.78,-0.07,4337531.32,1781526.02
00:22:40.982,18/01/2026,11:53:34,17_T02,39.121705660,10.190005111,0.3,-5.13,52.54,880.755,76.0,38.15,15.78,-0.07,4337531.41,1781526.19
00:22:41.970,18/01/2026,11:53:35,17_T02,39.121706065,10.190007642,0.3,-5.04,52.50,880.947,76.0,38.15,15.78,-0.07,4337531.64,1781526.23
00:22:42.967,18/01/2026,11:53:36,17_T02,39.121705207,10.190010324,0.3,-4.91,52.65,881.199,76.0,38.15,15.78,-0.07,4337531.87,1781526.14
00:22:43.977,18/01/2026,11:53:37,17_T02,39.121704475,10.190010423,0.3,-4.89,53.05,881.234,76.0,38.15,15.78,-0.07,4337531.88,1781526.06
00:22:44.972,18/01/2026,11:53:38,17_T02,39.121704130,10.190009725,0.3,-4.96,53.15,881.190,76.0,38.15,15.78,-0.07,4337531.82,1781526.02
00:22:45.967,18/01/2026,11:53:39,17_T02,39.121704140,10.190009851,0.3,-5.09,53.07,881.200,76.0,38.15,15.78,-0.07,4337531.83,1781526.02
00:22:46.975,18/01/2026,11:53:40,17_T02,39.121705165,10.190010124,0.2,-5.25,53.21,881.184,76.0,38.15,15.78,-0.07,4337531.85,1781526.13
00:22:47.970,18/01/2026,11:53:41,17_T02,39.121705707,10.190010437,0.2,-5.32,53.40,881.190,76.0,38.15,15.78,-0.07,4337531.88,1781526.19
00:22:48.967,18/01/2026,11:53:42,17_T02,39.121704571,10.190011327,0.2,-5.22,53.60,881.305,76.0,38.15,15.78,-0.07,4337531.96,1781526.07
00:22:49.978,18/01/2026,11:53:43,17_T02,39.121703152,10.190012948,0.2,-5.02,53.57,881.490,76.0,38.15,15.78,-0.07,4337532.10,1781525.91
00:22:50.973,18/01/2026,11:53:44,17_T02,39.121702529,10.190013782,0.2,-4.95,53.67,881.582,76.0,38.15,15.78,-0.07,4337532.17,1781525.84
00:22:51.980,18/01/2026,11:53:45,17_T02,39.121702738,10.190013044,0.2,-5.11,53.85,881.514,76.0,38.15,15.78,-0.07,4337532.11,1781525.87
00:22:52.971,18/01/2026,11:53:46,17_T02,39.121704119,10.190011449,0.2,-5.37,54.06,881.332,76.0,38.15,15.78,-0.07,4337531.97,1781526.02
00:22:53.981,18/01/2026,11:53:47,17_T02,39.121704888,10.190009618,0.3,-5.52,54.44,881.153,76.0,38.15,15.78,-0.07,4337531.81,1781526.10
00:22:54.977,18/01/2026,11:53:48,17_T02,39.121703522,10.190009438,0.3,-5.37,54.79,881.189,76.0,38.15,15.78,-0.07,4337531.79,1781525.95
00:22:55.970,18/01/2026,11:53:49,17_T02,39.121701421,10.190012630,0.3,-5.02,54.53,881.529,76.0,38.15,15.78,-0.07,4337532.07,1781525.72
00:22:56.980,18/01/2026,11:53:50,17_T02,39.121700642,10.190016063,0.4,-4.86,54.33,881.839,76.0,38.15,15.78,-0.07,4337532.37,1781525.64
00:22:57.973,18/01/2026,11:53:51,17_T02,39.121701175,10.190013182,0.4,-5.09,54.72,881.583,76.0,38.15,15.78,-0.07,4337532.12,1781525.69
00:22:58.967,18/01/2026,11:53:52,17_T02,39.121701902,10.190005583,0.5,-5.53,55.25,880.934,76.0,38.15,15.78,-0.07,4337531.46,1781525.77
00:22:59.979,18/01/2026,11:53:53,17_T02,39.121702735,10.190003089,0.6,-5.68,55.58,880.699,76.0,38.15,15.78,-0.07,4337531.24,1781525.86
00:23:00.974,18/01/2026,11:53:54,17_T02,39.121703080,10.190006189,0.6,-5.39,55.42,880.940,76.0,38.15,15.78,-0.07,4337531.51,1781525.90
00:23:01.966,18/01/2026,11:53:55,17_T02,39.121700794,10.190007793,0.5,-5.07,55.28,881.156,76.0,38.15,15.78,-0.07,4337531.65,1781525.65
00:23:02.973,18/01/2026,11:53:56,17_T02,39.121697886,10.190006096,0.6,-5.01,55.18,881.125,76.0,38.15,15.78,-0.07,4337531.50,1781525.33
00:23:03.976,18/01/2026,11:53:57,17_T02,39.121698433,10.190003630,0.5,-5.18,55.36,880.903,76.0,38.15,15.78,-0.07,4337531.29,1781525.39
00:23:04.970,18/01/2026,11:53:58,17_T02,39.121702031,10.190001173,0.6,-5.50,55.84,880.568,76.0,38.15,15.78,-0.07,4337531.07,1781525.79
00:23:05.977,18/01/2026,11:53:59,17_T02,39.121703488,10.189999707,0.6,-5.77,55.94,880.393,76.0,38.15,15.78,-0.07,4337530.95,1781525.95
00:23:06.969,18/01/2026,11:54:00,17_T02,39.121702214,10.189998832,0.5,-5.77,55.72,880.369,76.0,38.15,15.78,-0.07,4337530.87,1781525.80
00:23:07.970,18/01/2026,11:54:01,17_T02,39.121700530,10.189998180,0.4,-5.46,55.65,880.379,76.0,38.15,15.78,-0.07,4337530.81,1781525.62
00:23:08.977,18/01/2026,11:54:02,17_T02,39.121698008,10.189996842,0.5,-5.18,55.66,880.363,76.0,38.15,15.78,-0.07,4337530.70,1781525.34
00:23:09.972,18/01/2026,11:54:03,17_T02,39.121697658,10.189995211,0.4,-5.09,55.64,880.242,76.0,38.15,15.78,-0.07,4337530.56,1781525.30
00:23:10.967,18/01/2026,11:54:04,17_T02,39.121700222,10.189992949,0.4,-5.24,55.69,879.962,76.0,38.15,15.78,-0.07,4337530.36,1781525.58
00:23:11.972,18/01/2026,11:54:05,17_T02,39.121701460,10.189991177,0.4,-5.56,55.53,879.770,76.0,38.15,15.78,-0.07,4337530.20,1781525.72
00:23:12.981,18/01/2026,11:54:06,17_T02,39.121700644,10.189990111,0.4,-5.75,55.32,879.713,76.0,38.15,15.78,-0.07,4337530.11,1781525.63
00:23:13.973,18/01/2026,11:54:07,17_T02,39.121699924,10.189989361,0.3,-5.57,55.32,879.679,76.0,38.15,15.78,-0.07,4337530.05,1781525.55
00:23:14.967,18/01/2026,11:54:08,17_T02,39.121698464,10.189990030,0.3,-5.18,55.07,879.788,76.0,38.15,15.78,-0.07,4337530.10,1781525.39
00:23:15.978,18/01/2026,11:54:09,17_T02,39.121697549,10.189989701,0.3,-4.93,54.86,879.795,76.0,38.15,15.78,-0.07,4337530.08,1781525.29
00:23:16.969,18/01/2026,11:54:10,17_T02,39.121697862,10.189987719,0.3,-5.03,54.91,879.621,76.0,38.15,15.78,-0.07,4337529.90,1781525.32
00:23:17.976,18/01/2026,11:54:11,17_T02,39.121698348,10.189985494,0.3,-5.38,54.98,879.421,76.0,38.15,15.78,-0.07,4337529.71,1781525.38
00:23:18.972,18/01/2026,11:54:12,17_T02,39.121698472,10.189983721,0.3,-5.65,55.07,879.271,76.0,38.15,15.78,-0.07,4337529.56,1781525.39
00:23:19.982,18/01/2026,11:54:13,17_T02,39.121698259,10.189983537,0.3,-5.54,54.93,879.264,76.0,38.15,15.78,-0.07,4337529.54,1781525.37
00:23:20.979,18/01/2026,11:54:14,17_T02,39.121696982,10.189984223,0.3,-5.17,54.84,879.367,76.0,38.15,15.78,-0.07,4337529.60,1781525.22
00:23:21.975,18/01/2026,11:54:15,17_T02,39.121695698,10.189983551,0.3,-4.89,55.03,879.360,76.0,38.15,15.78,-0.07,4337529.54,1781525.08
00:23:22.975,18/01/2026,11:54:16,17_T02,39.121695675,10.189982367,0.3,-4.86,55.26,879.264,76.0,38.15,15.78,-0.07,4337529.44,1781525.08
00:23:23.970,18/01/2026,11:54:17,17_T02,39.121696447,10.189981204,0.2,-5.07,55.40,879.140,76.0,38.15,15.78,-0.07,4337529.34,1781525.16
00:23:24.979,18/01/2026,11:54:18,17_T02,39.121697202,10.189979604,0.3,-5.36,55.63,878.981,76.0,38.15,15.78,-0.07,4337529.20,1781525.25
00:23:25.976,18/01/2026,11:54:19,17_T02,39.121697612,10.189979272,0.3,-5.46,55.70,878.939,76.0,38.15,15.78,-0.07,4337529.17,1781525.29
00:23:26.971,18/01/2026,11:54:20,17_T02,39.121697544,10.189979798,0.3,-5.32,55.82,878.984,76.0,38.15,15.78,-0.07,4337529.21,1781525.29
00:23:27.977,18/01/2026,11:54:21,17_T02,39.121696949,10.189979446,0.3,-5.16,56.02,878.977,76.0,38.15,15.78,-0.07,4337529.18,1781525.22
00:23:28.969,18/01/2026,11:54:22,17_T02,39.121697160,10.189978871,0.2,-5.04,56.37,878.923,76.0,38.15,15.78,-0.07,4337529.13,1781525.24
00:23:29.974,18/01/2026,11:54:23,17_T02,39.121698550,10.189978657,0.2,-4.99,56.55,878.853,76.0,38.15,15.78,-0.07,4337529.12,1781525.40
00:23:30.980,18/01/2026,11:54:24,17_T02,39.121698296,10.189978011,0.2,-5.05,56.55,878.810,76.0,38.15,15.78,-0.07,4337529.06,1781525.37
00:23:31.969,18/01/2026,11:54:25,17_T02,39.121697055,10.189976578,0.2,-5.19,56.69,878.739,76.0,38.15,15.78,-0.07,4337528.93,1781525.23
00:23:32.971,18/01/2026,11:54:26,17_T02,39.121697848,10.189976040,0.2,-5.28,57.01,878.665,76.0,38.15,15.78,-0.07,4337528.89,1781525.32
00:23:33.978,18/01/2026,11:54:27,17_T02,39.121699732,10.189977482,0.3,-5.25,57.26,878.713,76.0,38.15,15.78,-0.07,4337529.01,1781525.53
00:23:34.980,18/01/2026,11:54:28,17_T02,39.121700320,10.189978164,0.3,-5.14,57.36,878.747,76.0,38.15,15.78,-0.07,4337529.07,1781525.59
00:23:35.974,18/01/2026,11:54:29,17_T02,39.121699613,10.189978236,0.3,-4.97,57.31,878.779,76.0,38.15,15.78,-0.07,4337529.08,1781525.51
00:23:36.997,18/01/2026,11:54:30,17_T02,39.121698893,10.189979544,0.3,-4.82,57.18,878.913,76.0,38.15,15.78,-0.07,4337529.19,1781525.43
00:23:37.971,18/01/2026,11:54:31,17_T02,39.121698850,10.189980592,0.3,-4.83,57.42,879.001,76.0,38.15,15.78,-0.07,4337529.28,1781525.43
00:23:38.976,18/01/2026,11:54:32,17_T02,39.121699723,10.189979821,0.2,-5.00,57.73,878.905,76.0,38.15,15.78,-0.07,4337529.22,1781525.53
00:23:39.967,18/01/2026,11:54:33,17_T02,39.121701259,10.189978620,0.3,-5.16,57.94,878.749,76.0,38.15,15.78,-0.07,4337529.11,1781525.70
00:23:40.974,18/01/2026,11:54:34,17_T02,39.121701852,10.189979154,0.2,-5.10,57.76,878.771,76.0,38.15,15.78,-0.07,4337529.16,1781525.76
00:23:41.979,18/01/2026,11:54:35,17_T02,39.121700602,10.189981870,0.3,-4.81,57.43,879.040,76.0,38.15,15.78,-0.07,4337529.39,1781525.62
00:23:42.969,18/01/2026,11:54:36,17_T02,39.121699189,10.189984445,0.3,-4.55,57.36,879.304,76.0,38.15,15.78,-0.07,4337529.62,1781525.47
00:23:43.976,18/01/2026,11:54:37,17_T02,39.121699468,10.189983698,0.3,-4.52,57.71,879.232,76.0,38.15,15.78,-0.07,4337529.55,1781525.50
00:23:44.970,18/01/2026,11:54:38,17_T02,39.121700760,10.189981688,0.4,-4.68,58.04,879.019,76.0,38.15,15.78,-0.07,4337529.38,1781525.64
00:23:45.980,18/01/2026,11:54:39,17_T02,39.121701450,10.189982724,0.3,-4.82,57.95,879.078,76.0,38.15,15.78,-0.07,4337529.47,1781525.72
00:23:46.976,18/01/2026,11:54:40,17_T02,39.121701588,10.189984965,0.4,-4.82,57.67,879.257,76.0,38.15,15.78,-0.07,4337529.66,1781525.73
00:23:47.971,18/01/2026,11:54:41,17_T02,39.121700825,10.189985959,0.3,-4.69,57.59,879.367,76.0,38.15,15.78,-0.07,4337529.75,1781525.65
00:23:48.970,18/01/2026,11:54:42,17_T02,39.121699755,10.189986485,0.3,-4.48,57.62,879.449,76.0,38.15,15.78,-0.07,4337529.80,1781525.53
00:23:49.969,18/01/2026,11:54:43,17_T02,39.121700018,10.189986668,0.3,-4.35,57.79,879.455,76.0,38.15,15.78,-0.07,4337529.81,1781525.56
00:23:50.967,18/01/2026,11:54:44,17_T02,39.121700163,10.189987215,0.3,-4.36,57.85,879.494,76.0,38.15,15.78,-0.07,4337529.86,1781525.58
00:23:51.980,18/01/2026,11:54:45,17_T02,39.121700010,10.189987485,0.2,-4.41,57.72,879.522,76.0,38.15,15.78,-0.07,4337529.88,1781525.56
00:23:52.972,18/01/2026,11:54:46,17_T02,39.121700024,10.189988170,0.2,-4.39,57.50,879.578,76.0,38.15,15.78,-0.07,4337529.94,1781525.56
00:23:53.981,18/01/2026,11:54:47,17_T02,39.121699746,10.189989213,0.2,-4.33,57.53,879.673,76.0,38.15,15.78,-0.07,4337530.03,1781525.53
00:23:54.977,18/01/2026,11:54:48,17_T02,39.121699385,10.189989316,0.2,-4.27,57.79,879.695,76.0,38.15,15.78,-0.07,4337530.04,1781525.49
00:23:55.969,18/01/2026,11:54:49,17_T02,39.121698769,10.189990480,0.1,-4.20,57.82,879.813,76.0,38.15,15.78,-0.07,4337530.14,1781525.42
00:23:56.968,18/01/2026,11:54:50,17_T02,39.121698630,10.189991702,0.1,-4.10,57.61,879.919,76.0,38.15,15.78,-0.07,4337530.25,1781525.41
00:23:57.977,18/01/2026,11:54:51,17_T02,39.121698421,10.189991839,0.1,-4.02,57.40,879.938,76.0,38.15,15.78,-0.07,4337530.26,1781525.38
00:23:58.969,18/01/2026,11:54:52,17_T02,39.121698047,10.189991848,0.1,-4.00,57.26,879.952,76.0,38.15,15.78,-0.07,4337530.26,1781525.34
00:23:59.979,18/01/2026,11:54:53,17_T02,39.121698272,10.189992183,0.1,-4.00,57.33,879.971,76.0,38.15,15.78,-0.07,4337530.29,1781525.37
00:24:00.972,18/01/2026,11:54:54,17_T02,39.121697786,10.189992546,0.1,-4.04,57.49,880.019,76.0,38.15,15.78,-0.07,4337530.32,1781525.31
00:24:01.980,18/01/2026,11:54:55,17_T02,39.121697043,10.189992937,0.1,-4.06,57.56,880.079,76.0,38.15,15.78,-0.07,4337530.36,1781525.23
00:24:02.972,18/01/2026,11:54:56,17_T02,39.121696798,10.189994067,0.1,-4.07,57.33,880.181,76.0,38.15,15.78,-0.07,4337530.46,1781525.21
00:24:03.980,18/01/2026,11:54:57,17_T02,39.121696610,10.189995464,0.2,-4.13,57.04,880.302,76.0,38.15,15.78,-0.07,4337530.58,1781525.19
00:24:04.973,18/01/2026,11:54:58,17_T02,39.121696881,10.189995859,0.2,-4.22,57.04,880.324,76.0,38.15,15.78,-0.07,4337530.61,1781525.22
00:24:05.968,18/01/2026,11:54:59,17_T02,39.121697606,10.189995747,0.2,-4.28,57.30,880.288,76.0,38.15,15.78,-0.07,4337530.60,1781525.30
00:24:06.974,18/01/2026,11:55:00,17_T02,39.121697483,10.189996508,0.2,-4.25,57.28,880.355,76.0,38.15,15.78,-0.07,4337530.67,1781525.28
00:24:07.980,18/01/2026,11:55:01,17_T02,39.121696622,10.189997043,0.2,-4.20,57.17,880.431,76.0,38.15,15.78,-0.07,4337530.72,1781525.19
00:24:08.970,18/01/2026,11:55:02,17_T02,39.121696143,10.189998215,0.2,-4.13,56.94,880.545,76.0,38.15,15.78,-0.07,4337530.82,1781525.13
00:24:09.979,18/01/2026,11:55:03,17_T02,39.121695536,10.189998343,0.2,-4.17,56.77,880.578,76.0,38.15,15.78,-0.07,4337530.83,1781525.07
00:24:10.970,18/01/2026,11:55:04,17_T02,39.121695481,10.189998378,0.2,-4.28,56.70,880.583,76.0,38.15,15.78,-0.07,4337530.83,1781525.06
00:24:11.981,18/01/2026,11:55:05,17_T02,39.121696315,10.189998962,0.2,-4.41,56.89,880.599,76.0,38.15,15.78,-0.07,4337530.88,1781525.15
00:24:12.981,18/01/2026,11:55:06,17_T02,39.121696241,10.189998318,0.2,-4.55,57.13,880.549,76.0,38.15,15.78,-0.07,4337530.83,1781525.15
00:24:13.975,18/01/2026,11:55:07,17_T02,39.121695957,10.189999124,0.2,-4.49,57.08,880.626,76.0,38.15,15.78,-0.07,4337530.90,1781525.11
00:24:14.971,18/01/2026,11:55:08,17_T02,39.121695357,10.190000708,0.2,-4.32,56.68,880.778,76.0,38.15,15.78,-0.07,4337531.03,1781525.05
00:24:15.967,18/01/2026,11:55:09,17_T02,39.121695134,10.190002427,0.2,-4.22,56.49,880.927,76.0,38.15,15.78,-0.07,4337531.18,1781525.02
00:24:16.973,18/01/2026,11:55:10,17_T02,39.121695023,10.190001478,0.2,-4.39,56.72,880.854,76.0,38.15,15.78,-0.07,4337531.10,1781525.01
00:24:17.969,18/01/2026,11:55:11,17_T02,39.121695090,10.190000003,0.2,-4.67,57.13,880.730,76.0,38.15,15.78,-0.07,4337530.97,1781525.02
00:24:18.975,18/01/2026,11:55:12,17_T02,39.121695157,10.189999324,0.2,-4.83,57.32,880.672,76.0,38.15,15.78,-0.07,4337530.91,1781525.03
00:24:19.973,18/01/2026,11:55:13,17_T02,39.121694995,10.190000896,0.2,-4.71,57.11,880.807,76.0,38.15,15.78,-0.07,4337531.05,1781525.01
00:24:20.969,18/01/2026,11:55:14,17_T02,39.121694838,10.190003147,0.3,-4.49,56.84,880.997,76.0,38.15,15.78,-0.07,4337531.25,1781524.99
00:24:21.975,18/01/2026,11:55:15,17_T02,39.121694437,10.190003771,0.2,-4.44,56.90,881.063,76.0,38.15,15.78,-0.07,4337531.30,1781524.95
00:24:22.970,18/01/2026,11:55:16,17_T02,39.121694248,10.190002254,0.2,-4.57,57.27,880.946,76.0,38.15,15.78,-0.07,4337531.17,1781524.93
00:24:23.979,18/01/2026,11:55:17,17_T02,39.121694121,10.190000529,0.2,-4.76,57.47,880.809,76.0,38.15,15.78,-0.07,4337531.02,1781524.91
00:24:24.973,18/01/2026,11:55:18,17_T02,39.121694576,10.190001420,0.2,-4.77,57.32,880.865,76.0,38.15,15.78,-0.07,4337531.10,1781524.96
00:24:25.968,18/01/2026,11:55:19,17_T02,39.121694996,10.190002611,0.2,-4.67,57.29,880.947,76.0,38.15,15.78,-0.07,4337531.20,1781525.01
00:24:26.974,18/01/2026,11:55:20,17_T02,39.121694998,10.190003643,0.2,-4.53,57.40,881.032,76.0,38.15,15.78,-0.07,4337531.29,1781525.01
00:24:27.978,18/01/2026,11:55:21,17_T02,39.121694480,10.190003740,0.2,-4.46,57.45,881.059,76.0,38.15,15.78,-0.07,4337531.30,1781524.95
00:24:28.973,18/01/2026,11:55:22,17_T02,39.121693800,10.190003735,0.2,-4.48,57.30,881.084,76.0,38.15,15.78,-0.07,4337531.30,1781524.88
00:24:29.970,18/01/2026,11:55:23,17_T02,39.121693982,10.190003387,0.2,-4.58,57.29,881.049,76.0,38.15,15.78,-0.07,4337531.27,1781524.90
00:24:30.967,18/01/2026,11:55:24,17_T02,39.121694816,10.190003497,0.2,-4.68,57.45,881.027,76.0,38.15,15.78,-0.07,4337531.28,1781524.99
00:24:31.977,18/01/2026,11:55:25,17_T02,39.121695567,10.190004342,0.2,-4.66,57.61,881.068,76.0,38.15,15.78,-0.07,4337531.35,1781525.07
00:24:32.970,18/01/2026,11:55:26,17_T02,39.121695692,10.190005593,0.2,-4.48,57.59,881.166,76.0,38.15,15.78,-0.07,4337531.46,1781525.09
00:24:33.967,18/01/2026,11:55:27,17_T02,39.121695051,10.190005822,0.2,-4.27,57.38,881.208,76.0,38.15,15.78,-0.07,4337531.48,1781525.02
00:24:34.978,18/01/2026,11:55:28,17_T02,39.121694628,10.190006012,0.2,-4.17,57.24,881.240,76.0,38.15,15.78,-0.07,4337531.50,1781524.97
00:24:35.970,18/01/2026,11:55:29,17_T02,39.121695389,10.190007317,0.2,-4.20,57.27,881.318,76.0,38.15,15.78,-0.07,4337531.61,1781525.05
00:24:36.991,18/01/2026,11:55:30,17_T02,39.121697014,10.190009897,0.2,-4.29,57.39,881.469,76.0,38.15,15.78,-0.07,4337531.83,1781525.23
00:24:37.973,18/01/2026,11:55:31,17_T02,39.121697611,10.190010730,0.2,-4.40,57.54,881.515,76.0,38.15,15.78,-0.07,4337531.91,1781525.30
00:24:38.994,18/01/2026,11:55:32,17_T02,39.121697078,10.190009623,0.2,-4.46,57.70,881.444,76.0,38.15,15.78,-0.07,4337531.81,1781525.24
00:24:39.978,18/01/2026,11:55:33,17_T02,39.121696224,10.190008905,0.2,-4.39,57.74,881.417,76.0,38.15,15.78,-0.07,4337531.75,1781525.15
00:24:40.968,18/01/2026,11:55:34,17_T02,39.121696167,10.190010151,0.2,-4.18,57.58,881.521,76.0,38.15,15.78,-0.07,4337531.86,1781525.14
00:24:41.981,18/01/2026,11:55:35,17_T02,39.121696489,10.190012027,0.2,-4.02,57.53,881.663,76.0,38.15,15.78,-0.07,4337532.02,1781525.18
00:24:42.972,18/01/2026,11:55:36,17_T02,39.121696216,10.190011930,0.2,-4.05,57.54,881.665,76.0,38.15,15.78,-0.07,4337532.01,1781525.15
00:24:43.979,18/01/2026,11:55:37,17_T02,39.121695338,10.190008156,0.2,-4.24,57.63,881.389,76.0,38.15,15.78,-0.07,4337531.68,1781525.05
00:24:44.970,18/01/2026,11:55:38,17_T02,39.121694310,10.190003967,0.3,-4.39,57.74,881.084,76.0,38.15,15.78,-0.07,4337531.32,1781524.93
00:24:45.972,18/01/2026,11:55:39,17_T02,39.121693563,10.190003318,0.3,-4.32,57.69,881.059,76.0,38.15,15.78,-0.07,4337531.26,1781524.85
00:24:46.980,18/01/2026,11:55:40,17_T02,39.121694024,10.190006308,0.4,-4.07,57.48,881.286,76.0,38.15,15.78,-0.07,4337531.52,1781524.90
00:24:47.971,18/01/2026,11:55:41,17_T02,39.121694150,10.190008825,0.4,-3.93,57.51,881.488,76.0,38.15,15.78,-0.07,4337531.74,1781524.92
00:24:48.975,18/01/2026,11:55:42,17_T02,39.121693735,10.190007739,0.4,-4.07,57.66,881.414,76.0,38.15,15.78,-0.07,4337531.65,1781524.87
00:24:49.979,18/01/2026,11:55:43,17_T02,39.121694238,10.190004838,0.4,-4.31,57.87,881.158,76.0,38.15,15.78,-0.07,4337531.39,1781524.93
00:24:50.967,18/01/2026,11:55:44,17_T02,39.121694772,10.190002836,0.4,-4.38,57.87,880.974,76.0,38.15,15.78,-0.07,4337531.22,1781524.98
00:24:51.974,18/01/2026,11:55:45,17_T02,39.121693200,10.190002093,0.4,-4.23,57.84,880.972,76.0,38.15,15.78,-0.07,4337531.16,1781524.81
00:24:52.978,18/01/2026,11:55:46,17_T02,39.121691942,10.190003046,0.3,-3.96,57.79,881.097,76.0,38.15,15.78,-0.07,4337531.24,1781524.67
00:24:53.970,18/01/2026,11:55:47,17_T02,39.121692376,10.190005250,0.4,-3.86,57.73,881.261,76.0,38.15,15.78,-0.07,4337531.43,1781524.72
00:24:54.993,18/01/2026,11:55:48,17_T02,39.121693167,10.190004764,0.3,-4.07,57.79,881.192,76.0,38.15,15.78,-0.07,4337531.39,1781524.81
00:24:55.969,18/01/2026,11:55:49,17_T02,39.121693612,10.190002258,0.3,-4.33,57.91,880.970,76.0,38.15,15.78,-0.07,4337531.17,1781524.86
00:24:56.975,18/01/2026,11:55:50,17_T02,39.121693691,10.190001081,0.3,-4.37,57.88,880.871,76.0,38.15,15.78,-0.07,4337531.07,1781524.86
00:24:57.969,18/01/2026,11:55:51,17_T02,39.121693128,10.190001301,0.3,-4.15,57.84,880.910,76.0,38.15,15.78,-0.07,4337531.09,1781524.80
00:24:58.969,18/01/2026,11:55:52,17_T02,39.121691440,10.190001124,0.3,-3.94,57.84,880.958,76.0,38.15,15.78,-0.07,4337531.07,1781524.62
00:24:59.979,18/01/2026,11:55:53,17_T02,39.121690561,10.190000951,0.3,-3.91,57.92,880.976,76.0,38.15,15.78,-0.07,4337531.06,1781524.52
00:25:00.976,18/01/2026,11:55:54,17_T02,39.121692202,10.190001829,0.2,-4.03,57.96,880.987,76.0,38.15,15.78,-0.07,4337531.13,1781524.70
00:25:01.971,18/01/2026,11:55:55,17_T02,39.121694042,10.190001802,0.3,-4.24,57.95,880.917,76.0,38.15,15.78,-0.07,4337531.13,1781524.90
00:25:02.981,18/01/2026,11:55:56,17_T02,39.121693903,10.190000329,0.3,-4.38,57.81,880.801,76.0,38.15,15.78,-0.07,4337531.00,1781524.89
00:25:03.975,18/01/2026,11:55:57,17_T02,39.121692463,10.189999026,0.3,-4.26,57.77,880.748,76.0,38.15,15.78,-0.07,4337530.89,1781524.73
00:25:04.967,18/01/2026,11:55:58,17_T02,39.121691137,10.189999197,0.3,-3.97,57.87,880.811,76.0,38.15,15.78,-0.07,4337530.90,1781524.58
00:25:05.979,18/01/2026,11:55:59,17_T02,39.121691246,10.190000542,0.3,-3.78,57.88,880.918,76.0,38.15,15.78,-0.07,4337531.02,1781524.59
00:25:06.971,18/01/2026,11:56:00,17_T02,39.121692707,10.190001727,0.3,-3.88,57.80,880.960,76.0,38.15,15.78,-0.07,4337531.12,1781524.76
00:25:07.981,18/01/2026,11:56:01,17_T02,39.121694133,10.190001120,0.3,-4.24,57.76,880.857,76.0,38.15,15.78,-0.07,4337531.07,1781524.91
00:25:08.976,18/01/2026,11:56:02,17_T02,39.121693800,10.189998071,0.3,-4.54,57.79,880.620,76.0,38.15,15.78,-0.07,4337530.81,1781524.88
00:25:09.973,18/01/2026,11:56:03,17_T02,39.121692331,10.189995939,0.3,-4.43,57.89,880.500,76.0,38.15,15.78,-0.07,4337530.62,1781524.71
00:25:10.969,18/01/2026,11:56:04,17_T02,39.121691906,10.189997915,0.4,-3.95,57.82,880.678,76.0,38.15,15.78,-0.07,4337530.79,1781524.67
00:25:11.977,18/01/2026,11:56:05,17_T02,39.121693104,10.190001626,0.4,-3.55,57.78,880.937,76.0,38.15,15.78,-0.07,4337531.11,1781524.80
00:25:12.971,18/01/2026,11:56:06,17_T02,39.121693757,10.190002236,0.4,-3.65,57.75,880.963,76.0,38.15,15.78,-0.07,4337531.17,1781524.87
00:25:13.968,18/01/2026,11:56:07,17_T02,39.121693528,10.189999650,0.4,-4.14,57.86,880.760,76.0,38.15,15.78,-0.07,4337530.94,1781524.85
00:25:14.981,18/01/2026,11:56:08,17_T02,39.121693578,10.189996324,0.4,-4.54,58.21,880.485,76.0,38.15,15.78,-0.07,4337530.65,1781524.85
00:25:15.973,18/01/2026,11:56:09,17_T02,39.121693408,10.189995323,0.4,-4.47,58.30,880.410,76.0,38.15,15.78,-0.07,4337530.57,1781524.83
00:25:16.969,18/01/2026,11:56:10,17_T02,39.121693115,10.189997957,0.4,-4.04,58.05,880.636,76.0,38.15,15.78,-0.07,4337530.80,1781524.80
00:25:17.967,18/01/2026,11:56:11,17_T02,39.121693913,10.190000747,0.4,-3.65,58.04,880.835,76.0,38.15,15.78,-0.07,4337531.04,1781524.89
00:25:18.978,18/01/2026,11:56:12,17_T02,39.121694346,10.190000696,0.4,-3.65,58.15,880.815,76.0,38.15,15.78,-0.07,4337531.03,1781524.94
00:25:19.973,18/01/2026,11:56:13,17_T02,39.121693861,10.189998651,0.4,-3.93,58.29,880.665,76.0,38.15,15.78,-0.07,4337530.86,1781524.88
00:25:20.977,18/01/2026,11:56:14,17_T02,39.121693973,10.189995878,0.3,-4.17,58.43,880.434,76.0,38.15,15.78,-0.07,4337530.61,1781524.89
00:25:21.968,18/01/2026,11:56:15,17_T02,39.121693661,10.189995533,0.3,-4.13,58.49,880.417,76.0,38.15,15.78,-0.07,4337530.58,1781524.86
00:25:22.972,18/01/2026,11:56:16,17_T02,39.121693184,10.189998373,0.3,-3.94,58.41,880.668,76.0,38.15,15.78,-0.07,4337530.83,1781524.81
00:25:23.981,18/01/2026,11:56:17,17_T02,39.121694332,10.189999577,0.3,-3.83,58.54,880.724,76.0,38.15,15.78,-0.07,4337530.94,1781524.94
00:25:24.969,18/01/2026,11:56:18,17_T02,39.121694981,10.189997807,0.4,-3.88,58.72,880.554,76.0,38.15,15.78,-0.07,4337530.78,1781525.01
00:25:25.970,18/01/2026,11:56:19,17_T02,39.121694205,10.189995258,0.4,-3.98,58.50,880.375,76.0,38.15,15.78,-0.07,4337530.56,1781524.92
00:25:26.977,18/01/2026,11:56:20,17_T02,39.121694250,10.189994994,0.4,-3.88,58.46,880.351,76.0,38.15,15.78,-0.07,4337530.54,1781524.93
00:25:27.967,18/01/2026,11:56:21,17_T02,39.121694194,10.189996532,0.3,-3.67,58.61,880.479,76.0,38.15,15.78,-0.07,4337530.67,1781524.92
00:25:28.969,18/01/2026,11:56:22,17_T02,39.121693288,10.189997981,0.3,-3.56,58.76,880.632,76.0,38.15,15.78,-0.07,4337530.80,1781524.82
00:25:29.975,18/01/2026,11:56:23,17_T02,39.121693307,10.189997921,0.3,-3.67,58.80,880.626,76.0,38.15,15.78,-0.07,4337530.79,1781524.82
00:25:30.995,18/01/2026,11:56:24,17_T02,39.121694739,10.189996307,0.3,-3.92,58.88,880.441,76.0,38.15,15.78,-0.07,4337530.65,1781524.98
00:25:31.972,18/01/2026,11:56:25,17_T02,39.121695662,10.189994308,0.3,-4.10,58.84,880.243,76.0,38.15,15.78,-0.07,4337530.48,1781525.08
00:25:32.978,18/01/2026,11:56:26,17_T02,39.121695116,10.189993572,0.2,-3.95,58.70,880.203,76.0,38.15,15.78,-0.07,4337530.41,1781525.02
00:25:33.974,18/01/2026,11:56:27,17_T02,39.121693857,10.189995167,0.3,-3.51,58.50,880.380,76.0,38.15,15.78,-0.07,4337530.55,1781524.88
00:25:34.975,18/01/2026,11:56:28,17_T02,39.121692710,10.189996968,0.3,-3.23,58.69,880.570,76.0,38.15,15.78,-0.07,4337530.71,1781524.76
00:25:35.979,18/01/2026,11:56:29,17_T02,39.121692827,10.189996074,0.3,-3.32,58.97,880.493,76.0,38.15,15.78,-0.07,4337530.63,1781524.77
00:25:36.973,18/01/2026,11:56:30,17_T02,39.121694216,10.189993189,0.3,-3.70,59.21,880.205,76.0,38.15,15.78,-0.07,4337530.38,1781524.92
00:25:37.968,18/01/2026,11:56:31,17_T02,39.121695943,10.189990971,0.4,-4.02,59.06,879.959,76.0,38.15,15.78,-0.07,4337530.19,1781525.11
00:25:38.966,18/01/2026,11:56:32,17_T02,39.121696356,10.189991040,0.4,-3.93,58.59,879.949,76.0,38.15,15.78,-0.07,4337530.19,1781525.16
00:25:39.979,18/01/2026,11:56:33,17_T02,39.121694444,10.189993277,0.4,-3.56,58.31,880.203,76.0,38.15,15.78,-0.07,4337530.39,1781524.95
00:25:40.974,18/01/2026,11:56:34,17_T02,39.121692928,10.189993456,0.4,-3.33,58.67,880.275,76.0,38.15,15.78,-0.07,4337530.40,1781524.78
00:25:41.969,18/01/2026,11:56:35,17_T02,39.121693903,10.189991154,0.4,-3.40,59.13,880.050,76.0,38.15,15.78,-0.07,4337530.20,1781524.89
00:25:42.967,18/01/2026,11:56:36,17_T02,39.121695513,10.189990961,0.4,-3.67,59.26,879.974,76.0,38.15,15.78,-0.07,4337530.19,1781525.06
00:25:43.992,18/01/2026,11:56:37,17_T02,39.121697492,10.189991872,0.4,-3.94,58.81,879.975,76.0,38.15,15.78,-0.07,4337530.27,1781525.28
00:25:44.971,18/01/2026,11:56:38,17_T02,39.121697944,10.189991272,0.4,-4.04,58.59,879.909,76.0,38.15,15.78,-0.07,4337530.21,1781525.33
00:25:45.967,18/01/2026,11:56:39,17_T02,39.121695836,10.189988137,0.4,-3.94,58.74,879.731,76.0,38.15,15.78,-0.07,4337529.94,1781525.10
00:25:46.978,18/01/2026,11:56:40,17_T02,39.121693602,10.189984763,0.4,-3.70,58.94,879.538,76.0,38.15,15.78,-0.07,4337529.65,1781524.85
00:25:47.973,18/01/2026,11:56:41,17_T02,39.121693808,10.189985142,0.4,-3.46,58.86,879.561,76.0,38.15,15.78,-0.07,4337529.68,1781524.87
00:25:48.967,18/01/2026,11:56:42,17_T02,39.121695608,10.189988191,0.4,-3.45,58.73,879.744,76.0,38.15,15.78,-0.07,4337529.95,1781525.07
00:25:49.978,18/01/2026,11:56:43,17_T02,39.121696724,10.189987788,0.4,-3.73,58.85,879.669,76.0,38.15,15.78,-0.07,4337529.91,1781525.20
00:25:50.976,18/01/2026,11:56:44,17_T02,39.121696078,10.189983293,0.5,-4.08,59.03,879.325,76.0,38.15,15.78,-0.07,4337529.52,1781525.12
00:25:51.970,18/01/2026,11:56:45,17_T02,39.121694754,10.189979545,0.5,-4.14,58.85,879.067,76.0,38.15,15.78,-0.07,4337529.19,1781524.98
00:25:52.979,18/01/2026,11:56:46,17_T02,39.121694877,10.189980284,0.4,-3.83,58.65,879.123,76.0,38.15,15.78,-0.07,4337529.26,1781524.99
00:25:53.972,18/01/2026,11:56:47,17_T02,39.121695947,10.189983541,0.5,-3.50,58.71,879.350,76.0,38.15,15.78,-0.07,4337529.54,1781525.11
00:25:54.978,18/01/2026,11:56:48,17_T02,39.121696104,10.189985571,0.5,-3.51,58.91,879.511,76.0,38.15,15.78,-0.07,4337529.72,1781525.13
00:25:55.968,18/01/2026,11:56:49,17_T02,39.121696404,10.189984068,0.4,-3.80,59.03,879.376,76.0,38.15,15.78,-0.07,4337529.59,1781525.16
00:25:56.974,18/01/2026,11:56:50,17_T02,39.121697207,10.189981006,0.4,-4.09,59.06,879.096,76.0,38.15,15.78,-0.07,4337529.32,1781525.25
00:25:57.977,18/01/2026,11:56:51,17_T02,39.121698097,10.189979156,0.4,-4.14,58.84,878.911,76.0,38.15,15.78,-0.07,4337529.16,1781525.35
00:25:58.977,18/01/2026,11:56:52,17_T02,39.121697617,10.189979605,0.4,-3.89,58.72,878.966,76.0,38.15,15.78,-0.07,4337529.20,1781525.29
00:25:59.968,18/01/2026,11:56:53,17_T02,39.121696591,10.189981102,0.3,-3.61,58.91,879.126,76.0,38.15,15.78,-0.07,4337529.33,1781525.18
00:26:00.978,18/01/2026,11:56:54,17_T02,39.121696400,10.189981912,0.3,-3.54,59.09,879.200,76.0,38.15,15.78,-0.07,4337529.40,1781525.16
00:26:01.968,18/01/2026,11:56:55,17_T02,39.121697152,10.189980457,0.3,-3.72,59.37,879.053,76.0,38.15,15.78,-0.07,4337529.27,1781525.24
00:26:02.972,18/01/2026,11:56:56,17_T02,39.121698111,10.189977757,0.3,-4.02,59.38,878.796,76.0,38.15,15.78,-0.07,4337529.04,1781525.35
00:26:03.980,18/01/2026,11:56:57,17_T02,39.121699310,10.189977228,0.3,-4.12,59.16,878.708,76.0,38.15,15.78,-0.07,4337528.99,1781525.48
00:26:04.972,18/01/2026,11:56:58,17_T02,39.121699811,10.189979750,0.3,-3.93,59.09,878.896,76.0,38.15,15.78,-0.07,4337529.21,1781525.54
00:26:05.969,18/01/2026,11:56:59,17_T02,39.121699728,10.189981880,0.3,-3.66,59.19,879.073,76.0,38.15,15.78,-0.07,4337529.40,1781525.53
00:26:06.967,18/01/2026,11:57:00,17_T02,39.121699423,10.189982783,0.3,-3.55,59.31,879.159,76.0,38.15,15.78,-0.07,4337529.47,1781525.49
00:26:07.981,18/01/2026,11:57:01,17_T02,39.121699983,10.189982749,0.3,-3.67,59.53,879.135,76.0,38.15,15.78,-0.07,4337529.47,1781525.56
00:26:08.974,18/01/2026,11:57:02,17_T02,39.121701712,10.189981917,0.3,-3.90,59.72,879.003,76.0,38.15,15.78,-0.07,4337529.40,1781525.75
00:26:09.967,18/01/2026,11:57:03,17_T02,39.121702343,10.189981162,0.3,-4.04,59.67,878.917,76.0,38.15,15.78,-0.07,4337529.33,1781525.82
00:26:10.966,18/01/2026,11:57:04,17_T02,39.121701833,10.189981728,0.3,-3.93,59.31,878.983,76.0,38.15,15.78,-0.07,4337529.38,1781525.76
00:26:11.973,18/01/2026,11:57:05,17_T02,39.121701957,10.189983782,0.2,-3.66,59.12,879.146,76.0,38.15,15.78,-0.07,4337529.56,1781525.77
00:26:12.971,18/01/2026,11:57:06,17_T02,39.121702271,10.189985242,0.2,-3.51,59.35,879.254,76.0,38.15,15.78,-0.07,4337529.69,1781525.81
00:26:13.969,18/01/2026,11:57:07,17_T02,39.121701703,10.189983026,0.2,-3.60,59.66,879.094,76.0,38.15,15.78,-0.07,4337529.49,1781525.74
00:26:14.977,18/01/2026,11:57:08,17_T02,39.121700296,10.189978877,0.3,-3.79,59.83,878.806,76.0,38.15,15.78,-0.07,4337529.13,1781525.59
00:26:15.977,18/01/2026,11:57:09,17_T02,39.121700122,10.189978592,0.3,-3.84,59.58,878.789,76.0,38.15,15.78,-0.07,4337529.11,1781525.57
00:26:16.974,18/01/2026,11:57:10,17_T02,39.121702068,10.189982793,0.4,-3.75,59.23,879.061,76.0,38.15,15.78,-0.07,4337529.47,1781525.79
00:26:17.969,18/01/2026,11:57:11,17_T02,39.121702977,10.189984803,0.5,-3.70,59.37,879.192,76.0,38.15,15.78,-0.07,4337529.65,1781525.89
00:26:18.977,18/01/2026,11:57:12,17_T02,39.121701069,10.189981963,0.5,-3.76,59.54,879.030,76.0,38.15,15.78,-0.07,4337529.40,1781525.67
00:26:19.973,18/01/2026,11:57:13,17_T02,39.121699104,10.189979185,0.5,-3.81,59.66,878.876,76.0,38.15,15.78,-0.07,4337529.16,1781525.46
00:26:20.967,18/01/2026,11:57:14,17_T02,39.121700182,10.189981996,0.5,-3.66,59.36,879.066,76.0,38.15,15.78,-0.07,4337529.41,1781525.58
00:26:21.978,18/01/2026,11:57:15,17_T02,39.121701366,10.189984658,0.5,-3.60,59.26,879.240,76.0,38.15,15.78,-0.07,4337529.64,1781525.71
00:26:22.971,18/01/2026,11:57:16,17_T02,39.121700622,10.189983463,0.4,-3.74,59.23,879.170,76.0,38.15,15.78,-0.07,4337529.53,1781525.63
00:26:23.977,18/01/2026,11:57:17,17_T02,39.121699969,10.189981886,0.4,-3.87,59.39,879.065,76.0,38.15,15.78,-0.07,4337529.40,1781525.55
00:26:24.969,18/01/2026,11:57:18,17_T02,39.121699770,10.189981223,0.4,-3.86,59.44,879.018,76.0,38.15,15.78,-0.07,4337529.34,1781525.53
00:26:25.973,18/01/2026,11:57:19,17_T02,39.121698279,10.189980395,0.3,-3.76,59.25,879.006,76.0,38.15,15.78,-0.07,4337529.27,1781525.37
00:26:26.978,18/01/2026,11:57:20,17_T02,39.121697274,10.189981669,0.3,-3.61,59.02,879.147,76.0,38.15,15.78,-0.07,4337529.38,1781525.26
00:26:27.966,18/01/2026,11:57:21,17_T02,39.121698836,10.189984336,0.3,-3.50,58.92,879.308,76.0,38.15,15.78,-0.07,4337529.61,1781525.43
00:26:28.973,18/01/2026,11:57:22,17_T02,39.121699210,10.189983898,0.3,-3.62,59.14,879.258,76.0,38.15,15.78,-0.07,4337529.57,1781525.47
00:26:29.975,18/01/2026,11:57:23,17_T02,39.121697403,10.189981989,0.3,-3.83,59.27,879.169,76.0,38.15,15.78,-0.07,4337529.41,1781525.27
00:26:30.980,18/01/2026,11:57:24,17_T02,39.121696879,10.189982564,0.4,-3.85,59.12,879.235,76.0,38.15,15.78,-0.07,4337529.46,1781525.21
00:26:31.969,18/01/2026,11:57:25,17_T02,39.121697558,10.189984407,0.3,-3.74,58.95,879.361,76.0,38.15,15.78,-0.07,4337529.62,1781525.29
00:26:32.974,18/01/2026,11:57:26,17_T02,39.121697096,10.189985616,0.3,-3.66,58.79,879.477,76.0,38.15,15.78,-0.07,4337529.72,1781525.24
00:26:33.979,18/01/2026,11:57:27,17_T02,39.121696796,10.189985691,0.3,-3.64,58.72,879.495,76.0,38.15,15.78,-0.07,4337529.73,1781525.20
00:26:34.966,18/01/2026,11:57:28,17_T02,39.121696715,10.189985358,0.3,-3.66,58.52,879.470,76.0,38.15,15.78,-0.07,4337529.70,1781525.20
00:26:35.978,18/01/2026,11:57:29,17_T02,39.121695941,10.189985634,0.2,-3.67,58.51,879.522,76.0,38.15,15.78,-0.07,4337529.72,1781525.11
00:26:36.969,18/01/2026,11:57:30,17_T02,39.121695203,10.189986604,0.2,-3.63,58.40,879.629,76.0,38.15,15.78,-0.07,4337529.81,1781525.03
00:26:37.981,18/01/2026,11:57:31,17_T02,39.121694709,10.189987212,0.2,-3.59,58.31,879.697,76.0,38.15,15.78,-0.07,4337529.86,1781524.97
00:26:38.972,18/01/2026,11:57:32,17_T02,39.121694602,10.189986948,0.2,-3.65,58.35,879.679,76.0,38.15,15.78,-0.07,4337529.84,1781524.96
00:26:39.967,18/01/2026,11:57:33,17_T02,39.121694691,10.189986640,0.2,-3.77,58.37,879.651,76.0,38.15,15.78,-0.07,4337529.81,1781524.97
00:26:40.978,18/01/2026,11:57:34,17_T02,39.121694593,10.189987327,0.1,-3.78,58.23,879.711,76.0,38.15,15.78,-0.07,4337529.87,1781524.96
00:26:41.970,18/01/2026,11:57:35,17_T02,39.121694078,10.189988559,0.2,-3.65,58.13,879.831,76.0,38.15,15.78,-0.07,4337529.98,1781524.90
00:26:42.967,18/01/2026,11:57:36,17_T02,39.121693379,10.189989314,0.2,-3.52,58.17,879.918,76.0,38.15,15.78,-0.07,4337530.04,1781524.83
00:26:43.979,18/01/2026,11:57:37,17_T02,39.121693003,10.189989350,0.2,-3.50,58.30,879.935,76.0,38.15,15.78,-0.07,4337530.05,1781524.79
00:26:44.975,18/01/2026,11:57:38,17_T02,39.121693049,10.189988963,0.2,-3.64,58.36,879.902,76.0,38.15,15.78,-0.07,4337530.01,1781524.79
00:26:45.970,18/01/2026,11:57:39,17_T02,39.121693072,10.189988782,0.2,-3.83,58.32,879.886,76.0,38.15,15.78,-0.07,4337530.00,1781524.79
00:26:46.980,18/01/2026,11:57:40,17_T02,39.121692790,10.189989361,0.1,-3.87,58.24,879.944,76.0,38.15,15.78,-0.07,4337530.05,1781524.76
00:26:47.979,18/01/2026,11:57:41,17_T02,39.121692443,10.189990300,0.1,-3.77,58.18,880.034,76.0,38.15,15.78,-0.07,4337530.13,1781524.72
00:26:48.974,18/01/2026,11:57:42,17_T02,39.121692091,10.189990425,0.1,-3.63,58.24,880.057,76.0,38.15,15.78,-0.07,4337530.14,1781524.69
00:26:49.967,18/01/2026,11:57:43,17_T02,39.121691669,10.189989697,0.1,-3.56,58.35,880.014,76.0,38.15,15.78,-0.07,4337530.08,1781524.64
00:26:50.978,18/01/2026,11:57:44,17_T02,39.121691257,10.189989216,0.1,-3.61,58.43,879.989,76.0,38.15,15.78,-0.07,4337530.04,1781524.59
00:26:51.972,18/01/2026,11:57:45,17_T02,39.121690975,10.189989552,0.1,-3.72,58.40,880.028,76.0,38.15,15.78,-0.07,4337530.06,1781524.56
00:26:52.981,18/01/2026,11:57:46,17_T02,39.121690941,10.189990565,0.1,-3.80,58.31,880.112,76.0,38.15,15.78,-0.07,4337530.15,1781524.56
00:26:53.974,18/01/2026,11:57:47,17_T02,39.121690986,10.189991196,0.1,-3.77,58.35,880.162,76.0,38.15,15.78,-0.07,4337530.21,1781524.56
00:26:54.972,18/01/2026,11:57:48,17_T02,39.121690812,10.189990446,0.1,-3.70,58.51,880.107,76.0,38.15,15.78,-0.07,4337530.14,1781524.54
00:26:55.968,18/01/2026,11:57:49,17_T02,39.121690411,10.189989223,0.1,-3.67,58.55,880.022,76.0,38.15,15.78,-0.07,4337530.04,1781524.50
00:26:56.974,18/01/2026,11:57:50,17_T02,39.121690070,10.189989180,0.1,-3.67,58.46,880.031,76.0,38.15,15.78,-0.07,4337530.03,1781524.46
00:26:57.969,18/01/2026,11:57:51,17_T02,39.121689756,10.189989991,0.1,-3.67,58.37,880.109,76.0,38.15,15.78,-0.07,4337530.10,1781524.43
00:26:58.972,18/01/2026,11:57:52,17_T02,39.121689465,10.189990552,0.1,-3.65,58.44,880.166,76.0,38.15,15.78,-0.07,4337530.15,1781524.40
00:26:59.980,18/01/2026,11:57:53,17_T02,39.121689434,10.189990410,0.1,-3.65,58.57,880.155,76.0,38.15,15.78,-0.07,4337530.14,1781524.39
00:27:00.969,18/01/2026,11:57:54,17_T02,39.121689550,10.189989822,0.1,-3.74,58.63,880.103,76.0,38.15,15.78,-0.07,4337530.09,1781524.41
00:27:01.979,18/01/2026,11:57:55,17_T02,39.121689451,10.189989044,0.1,-3.86,58.60,880.043,76.0,38.15,15.78,-0.07,4337530.02,1781524.39
00:27:02.967,18/01/2026,11:57:56,17_T02,39.121688873,10.189988278,0.1,-3.88,58.56,880.001,76.0,38.15,15.78,-0.07,4337529.95,1781524.33
00:27:03.974,18/01/2026,11:57:57,17_T02,39.121688273,10.189988141,0.1,-3.75,58.48,880.013,76.0,38.15,15.78,-0.07,4337529.94,1781524.26
00:27:04.966,18/01/2026,11:57:58,17_T02,39.121688100,10.189988549,0.1,-3.55,58.47,880.052,76.0,38.15,15.78,-0.07,4337529.98,1781524.25
00:27:05.974,18/01/2026,11:57:59,17_T02,39.121688291,10.189988721,0.1,-3.48,58.59,880.059,76.0,38.15,15.78,-0.07,4337529.99,1781524.27
00:27:06.979,18/01/2026,11:58:00,17_T02,39.121688636,10.189988657,0.1,-3.61,58.70,880.041,76.0,38.15,15.78,-0.07,4337529.99,1781524.30
00:27:07.967,18/01/2026,11:58:01,17_T02,39.121688663,10.189988504,0.1,-3.85,58.66,880.028,76.0,38.15,15.78,-0.07,4337529.97,1781524.31
00:27:08.979,18/01/2026,11:58:02,17_T02,39.121688203,10.189988133,0.1,-4.00,58.53,880.014,76.0,38.15,15.78,-0.07,4337529.94,1781524.26
00:27:09.975,18/01/2026,11:58:03,17_T02,39.121687776,10.189987882,0.1,-3.93,58.39,880.010,76.0,38.15,15.78,-0.07,4337529.92,1781524.21
00:27:10.969,18/01/2026,11:58:04,17_T02,39.121687818,10.189988098,0.1,-3.74,58.36,880.026,76.0,38.15,15.78,-0.07,4337529.94,1781524.21
00:27:11.996,18/01/2026,11:58:05,17_T02,39.121688041,10.189988235,0.1,-3.62,58.51,880.029,76.0,38.15,15.78,-0.07,4337529.95,1781524.24
00:27:12.997,18/01/2026,11:58:06,17_T02,39.121688041,10.189988235,0.1,-3.62,58.51,880.029,76.0,38.15,15.78,-0.07,4337529.95,1781524.24
00:27:13.971,18/01/2026,11:58:07,17_T02,39.121688041,10.189988235,0.1,-3.62,58.51,880.029,76.0,38.15,15.78,-0.07,4337529.95,1781524.24
00:27:14.968,18/01/2026,11:58:08,17_T02,39.121688041,10.189988235,0.1,-3.62,58.51,880.029,76.0,38.15,15.78,-0.07,4337529.95,1781524.24
00:27:15.976,18/01/2026,11:58:09,17_T02,39.121688041,10.189988235,0.1,-3.62,58.51,880.029,76.0,38.15,15.78,-0.07,4337529.95,1781524.24
00:27:16.965,18/01/2026,11:58:10,17_T02,39.121688041,10.189988235,0.1,-3.62,58.51,880.029,76.0,38.15,15.78,-0.07,4337529.95,1781524.24
00:27:17.967,18/01/2026,11:58:11,17_T02,39.121688041,10.189988235,0.1,-3.62,58.51,880.029,76.0,38.15,15.78,-0.07,4337529.95,1781524.24
00:27:18.979,18/01/2026,11:58:12,17_T02,,,,-3.62,58.51,,76.0,38.15,15.78,-0.07
00:27:19.979,18/01/2026,11:58:13,17_T02,,,,-3.62,58.51,,76.0,38.15,15.78,-0.07
00:27:20.977,18/01/2026,11:58:14,17_T02,,,,-3.62,58.51,,76.0,38.15,15.78,-0.07
00:27:21.968,18/01/2026,11:58:15,17_T02,,,,-3.62,58.51,,76.0,38.15,15.78,-0.07
00:27:22.979,18/01/2026,11:58:16,17_T02,,,,-3.62,58.51,,76.0,38.15,15.78,-0.07
00:27:23.968,18/01/2026,11:58:17,17_T02,,,,-3.62,58.51,,76.0,38.15,15.78,-0.07
00:27:24.971,18/01/2026,11:58:18,17_T02,,,,-3.62,58.51,,76.0,38.15,15.78,-0.07
00:27:25.976,18/01/2026,11:58:19,17_T02,,,,-3.62,58.51,,76.0,38.15,15.78,-0.07
00:27:26.973,18/01/2026,11:58:20,17_T02,,,,-3.62,58.51,,76.0,38.15,15.78,-0.07
00:27:27.973,18/01/2026,11:58:21,17_T02,,,,-3.62,58.51,,76.0,38.15,15.78,-0.07
00:27:28.980,18/01/2026,11:58:22,17_T02,,,,-3.62,58.51,,76.0,38.15,15.78,-0.07
00:27:29.971,18/01/2026,11:58:23,17_T02,,,,-3.62,58.51,,76.0,38.15,15.78,-0.07
00:27:30.980,18/01/2026,11:58:24,17_T02,,,,-3.62,58.51,,76.0,38.15,15.78,-0.07
00:27:31.971,18/01/2026,11:58:25,17_T02,,,,-3.62,58.51,,76.0,38.15,15.78,-0.07
00:27:32.977,18/01/2026,11:58:26,17_T02,,,,-3.62,58.51,,76.0,38.15,15.78,-0.07
00:27:33.977,18/01/2026,11:58:27,17_T02,,,,-3.62,58.51,,76.0,38.15,15.78,-0.07
00:27:34.980,18/01/2026,11:58:28,17_T02,,,,-3.62,58.51,,76.0,38.15,15.78,-0.07
00:27:35.970,18/01/2026,11:58:29,17_T02,,,,-3.62,58.51,,76.0,38.15,15.78,-0.07
00:27:36.978,18/01/2026,11:58:30,17_T02,,,,-3.62,58.51,,76.0,38.15,15.78,-0.07
00:27:37.979,18/01/2026,11:58:31,17_T02,,,,-3.62,58.51,,76.0,38.15,15.78,-0.07
00:27:38.966,18/01/2026,11:58:32,17_T02,,,,-3.62,58.51,,76.0,38.15,15.78,-0.07
00:27:39.969,18/01/2026,11:58:33,17_T02,,,,-3.62,58.51,,76.0,38.15,15.78,-0.07
00:27:40.978,18/01/2026,11:58:34,17_T02,,,,-3.62,58.51,,76.0,38.15,15.78,-0.07
00:27:41.972,18/01/2026,11:58:35,17_T02,,,,-3.62,58.51,,76.0,38.15,15.78,-0.07
00:27:42.973,18/01/2026,11:58:36,17_T02,,,,-3.62,58.51,,76.0,38.15,15.78,-0.07
00:27:43.967,18/01/2026,11:58:37,17_T02,,,,-3.62,58.51,,76.0,38.15,15.78,-0.07
00:27:44.968,18/01/2026,11:58:38,17_T02,,,,-3.62,58.51,,76.0,38.15,15.78,-0.07
00:27:45.965,18/01/2026,11:58:39,17_T02,,,,-3.62,58.51,,76.0,38.15,15.78,-0.07
00:27:46.972,18/01/2026,11:58:40,17_T02,,,,-3.62,58.51,,76.0,38.15,15.78,-0.07
00:27:47.975,18/01/2026,11:58:41,17_T02,,,,-3.62,58.51,,76.0,38.15,15.78,-0.07
00:27:48.965,18/01/2026,11:58:42,17_T02,,,,-3.62,58.51,,76.0,38.15,15.78,-0.07
00:27:49.975,18/01/2026,11:58:43,17_T02,,,,-3.62,58.51,,76.0,38.15,15.78,-0.07
00:27:50.967,18/01/2026,11:58:44,17_T02,,,,-3.62,58.51,,76.0,38.15,15.78,-0.07
00:27:51.978,18/01/2026,11:58:45,17_T02,,,,-3.62,58.51,,76.0,38.15,15.78,-0.07
00:27:52.980,18/01/2026,11:58:46,17_T02,,,,-3.62,58.51,,76.0,38.15,15.78,-0.07
00:27:53.967,18/01/2026,11:58:47,17_T02,,,,-3.62,58.51,,76.0,38.15,15.78,-0.07
00:27:54.977,18/01/2026,11:58:48,17_T02,,,,-3.62,58.51,,76.0,38.15,15.78,-0.07
00:27:55.968,18/01/2026,11:58:49,17_T02,,,,-3.62,58.51,,76.0,38.15,15.78,-0.07
00:27:56.976,18/01/2026,11:58:50,17_T02,,,,-3.62,58.51,,76.0,38.15,15.78,-0.07
00:27:57.966,18/01/2026,11:58:51,17_T02,,,,-3.62,58.51,,76.0,38.15,15.78,-0.07
00:27:58.977,18/01/2026,11:58:52,17_T02,,,,-3.62,58.51,,76.0,38.15,15.78,-0.07
00:27:59.977,18/01/2026,11:58:53,17_T02,,,,-3.62,58.51,,76.0,38.15,15.78,-0.07
00:28:00.977,18/01/2026,11:58:54,17_T02,,,,-3.62,58.51,,76.0,38.15,15.78,-0.07
00:28:01.977,18/01/2026,11:58:55,17_T02,,,,-3.62,58.51,,76.0,38.15,15.78,-0.07
00:28:02.966,18/01/2026,11:58:56,17_T02,,,,-3.62,58.51,,76.0,38.15,15.78,-0.07
00:28:03.978,18/01/2026,11:58:57,17_T02,,,,-3.62,58.51,,76.0,38.15,15.78,-0.07
00:28:04.965,18/01/2026,11:58:58,17_T02,,,,-3.62,58.51,,76.0,38.15,15.78,-0.07
00:28:05.974,18/01/2026,11:58:59,17_T02,,,,-3.62,58.51,,76.0,38.15,15.78,-0.07
00:28:06.965,18/01/2026,11:59:00,17_T02,,,,-3.62,58.51,,76.0,38.15,15.78,-0.07
00:28:07.968,18/01/2026,11:59:01,17_T02,,,,-3.62,58.51,,76.0,38.15,15.78,-0.07
00:28:08.974,18/01/2026,11:59:02,17_T02,,,,-3.62,58.51,,76.0,38.15,15.78,-0.07
00:28:09.978,18/01/2026,11:59:03,17_T02,,,,-3.62,58.51,,76.0,38.15,15.78,-0.07
00:28:10.980,18/01/2026,11:59:04,17_T02,,,,-3.62,58.51,,76.0,38.15,15.78,-0.07
00:28:11.978,18/01/2026,11:59:05,17_T02,,,,-3.62,58.51,,76.0,38.15,15.78,-0.07
00:28:12.993,18/01/2026,11:59:06,17_T02,,,,-3.62,58.51,,76.0,38.15,15.78,-0.07
00:28:13.976,18/01/2026,11:59:07,17_T02,,,,-3.62,58.51,,76.0,38.15,15.78,-0.07
00:28:14.966,18/01/2026,11:59:08,17_T02,,,,-3.62,58.51,,76.0,38.15,15.78,-0.07
