ASFIndex,Date,Time,Area,Lat,Long,Speed,P,Heading,mp,Altitude,Sal,T,Depth,E,N
00:00:00.51,18/01/2026,10:30:53,17_T02,39.121856622,10.189331214,0.3,1622.53,126.11,819.944,0.7,38.53,13.44,1621.42,4337472.75,1781542.70
00:00:01.60,18/01/2026,10:30:54,17_T02,39.121856549,10.189332420,0.3,1622.57,125.98,820.046,0.7,38.53,13.44,1621.42,4337472.85,1781542.69
00:00:02.52,18/01/2026,10:30:55,17_T02,39.121855611,10.189334284,0.3,1622.60,125.67,820.234,0.7,38.54,13.44,1621.51,4337473.01,1781542.59
00:00:03.60,18/01/2026,10:30:56,17_T02,39.121855005,10.189335874,0.3,1622.62,125.19,820.386,0.8,38.54,13.44,1621.51,4337473.15,1781542.52
00:00:04.57,18/01/2026,10:30:57,17_T02,39.121854400,10.189337527,0.3,1622.65,124.88,820.544,0.8,38.54,13.44,1621.54,4337473.29,1781542.45
00:00:05.50,18/01/2026,10:30:58,17_T02,39.121853973,10.189339404,0.3,1622.69,125.04,820.714,0.8,38.54,13.44,1621.54,4337473.46,1781542.41
00:00:06.63,18/01/2026,10:30:59,17_T02,39.121853301,10.189341225,0.3,1622.72,125.64,820.888,0.8,38.54,13.44,1621.63,4337473.62,1781542.33
00:00:07.56,18/01/2026,10:31:00,17_T02,39.121852217,10.189342543,0.3,1622.75,126.06,821.036,0.8,38.54,13.44,1621.63,4337473.73,1781542.21
00:00:08.61,18/01/2026,10:31:01,17_T02,39.121851368,10.189343962,0.3,1622.77,126.16,821.184,0.8,38.54,13.45,1621.70,4337473.86,1781542.12
00:00:09.53,18/01/2026,10:31:02,17_T02,39.121850692,10.189345470,0.3,1622.79,125.90,821.333,0.8,38.54,13.45,1621.70,4337473.99,1781542.05
00:00:10.61,18/01/2026,10:31:03,17_T02,39.121849298,10.189347556,0.3,1622.81,125.58,821.556,0.8,38.54,13.44,1621.71,4337474.17,1781541.89
00:00:11.53,18/01/2026,10:31:04,17_T02,39.121847864,10.189349503,0.3,1622.84,125.44,821.768,0.8,38.54,13.44,1621.71,4337474.34,1781541.74
00:00:12.60,18/01/2026,10:31:05,17_T02,39.121847001,10.189350991,0.3,1622.86,125.51,821.922,0.8,38.54,13.44,1621.78,4337474.47,1781541.64
00:00:13.50,18/01/2026,10:31:06,17_T02,39.121846005,10.189352202,0.3,1622.88,126.13,822.059,0.9,38.54,13.44,1621.78,4337474.57,1781541.53
00:00:14.58,18/01/2026,10:31:07,17_T02,39.121844806,10.189353349,0.3,1622.90,127.06,822.197,0.9,38.54,13.44,1621.83,4337474.67,1781541.40
00:00:15.53,18/01/2026,10:31:08,17_T02,39.121843959,10.189355272,0.3,1622.92,128.20,822.386,0.8,38.54,13.44,1621.83,4337474.84,1781541.31
00:00:16.49,18/01/2026,10:31:09,17_T02,39.121843086,10.189357119,0.3,1622.95,129.11,822.570,0.8,38.54,13.44,1621.88,4337475.00,1781541.21
00:00:17.69,18/01/2026,10:31:10,17_T02,39.121842012,10.189358299,0.3,1622.97,129.52,822.706,0.8,38.54,13.44,1621.88,4337475.11,1781541.09
00:00:18.58,18/01/2026,10:31:11,17_T02,39.121841161,10.189359593,0.3,1622.99,129.33,822.844,0.8,38.54,13.44,1621.93,4337475.22,1781541.00
00:00:19.63,18/01/2026,10:31:12,17_T02,39.121840481,10.189361291,0.3,1623.00,128.60,823.009,0.9,38.54,13.44,1621.93,4337475.37,1781540.92
00:00:20.61,18/01/2026,10:31:13,17_T02,39.121839940,10.189362862,0.3,1623.01,127.88,823.157,0.9,38.54,13.44,1621.93,4337475.50,1781540.86
00:00:21.59,18/01/2026,10:31:14,17_T02,39.121840347,10.189365561,0.3,1623.04,127.66,823.363,0.9,38.54,13.44,1621.93,4337475.74,1781540.91
00:00:22.52,18/01/2026,10:31:15,17_T02,39.121840519,10.189368104,0.3,1623.07,127.98,823.565,0.9,38.53,13.44,1622.00,4337475.96,1781540.93
00:00:23.63,18/01/2026,10:31:16,17_T02,39.121839452,10.189369223,0.3,1623.11,128.43,823.696,0.9,38.53,13.44,1622.00,4337476.06,1781540.81
00:00:24.58,18/01/2026,10:31:17,17_T02,39.121838444,10.189370492,0.3,1623.13,128.45,823.838,0.9,38.54,13.44,1622.06,4337476.17,1781540.70
00:00:25.60,18/01/2026,10:31:18,17_T02,39.121837770,10.189371867,0.3,1623.13,127.95,823.976,0.9,38.54,13.44,1622.06,4337476.29,1781540.63
00:00:26.52,18/01/2026,10:31:19,17_T02,39.121837779,10.189374715,0.3,1623.13,127.33,824.209,0.9,38.54,13.44,1622.06,4337476.53,1781540.63
00:00:27.59,18/01/2026,10:31:20,17_T02,39.121837620,10.189377455,0.3,1623.14,127.24,824.439,0.9,38.54,13.44,1622.06,4337476.77,1781540.61
00:00:28.56,18/01/2026,10:31:21,17_T02,39.121836479,10.189378839,0.3,1623.18,127.81,824.595,0.9,38.54,13.44,1622.11,4337476.89,1781540.49
00:00:29.50,18/01/2026,10:31:22,17_T02,39.121835245,10.189380092,0.3,1623.21,128.47,824.743,0.9,38.54,13.44,1622.11,4337477.00,1781540.35
00:00:30.58,18/01/2026,10:31:23,17_T02,39.121834261,10.189381380,0.3,1623.26,128.68,824.885,0.9,38.53,13.44,1622.19,4337477.12,1781540.24
00:00:31.53,18/01/2026,10:31:24,17_T02,39.121833097,10.189382883,0.3,1623.28,128.67,825.052,0.8,38.53,13.44,1622.19,4337477.25,1781540.11
00:00:32.48,18/01/2026,10:31:25,17_T02,39.121831936,10.189384242,0.3,1623.27,128.44,825.206,0.9,38.53,13.44,1622.19,4337477.36,1781539.99
00:00:33.58,18/01/2026,10:31:26,17_T02,39.121831412,10.189385896,0.3,1623.23,127.39,825.361,0.9,38.54,13.44,1622.23,4337477.51,1781539.93
00:00:34.54,18/01/2026,10:31:27,17_T02,39.121830966,10.189387871,0.3,1623.22,126.58,825.540,1.0,38.54,13.44,1622.23,4337477.68,1781539.88
00:00:35.51,18/01/2026,10:31:28,17_T02,39.121829979,10.189389425,0.3,1623.25,127.09,825.704,1.0,38.53,13.44,1622.16,4337477.82,1781539.77
00:00:36.62,18/01/2026,10:31:29,17_T02,39.121828174,10.189390621,0.3,1623.31,128.08,825.869,0.9,38.53,13.44,1622.16,4337477.92,1781539.57
00:00:37.55,18/01/2026,10:31:30,17_T02,39.121826616,10.189391394,0.3,1623.37,128.96,825.990,0.9,38.54,13.44,1622.22,4337477.99,1781539.40
00:00:38.63,18/01/2026,10:31:31,17_T02,39.121825591,10.189392161,0.3,1623.40,129.09,826.091,0.8,38.54,13.44,1622.22,4337478.06,1781539.29
00:00:39.52,18/01/2026,10:31:32,17_T02,39.121824927,10.189393305,0.3,1623.35,128.22,826.209,0.9,38.54,13.44,1622.38,4337478.16,1781539.21
00:00:40.62,18/01/2026,10:31:33,17_T02,39.121824628,10.189395034,0.3,1623.30,127.03,826.362,1.0,38.54,13.44,1622.38,4337478.31,1781539.18
00:00:41.54,18/01/2026,10:31:34,17_T02,39.121823072,10.189396386,0.3,1623.30,126.73,826.531,1.0,38.54,13.44,1622.22,4337478.42,1781539.01
00:00:42.48,18/01/2026,10:31:35,17_T02,39.121820656,10.189397087,0.3,1623.35,127.83,826.678,1.0,38.54,13.44,1622.22,4337478.49,1781538.74
00:00:43.54,18/01/2026,10:31:36,17_T02,39.121819056,10.189397967,0.3,1623.41,129.03,826.810,1.0,38.54,13.44,1622.29,4337478.56,1781538.57
00:00:44.51,18/01/2026,10:31:37,17_T02,39.121817902,10.189399283,0.3,1623.43,129.28,826.960,0.9,38.54,13.44,1622.29,4337478.68,1781538.44
00:00:45.57,18/01/2026,10:31:38,17_T02,39.121817089,10.189400828,0.3,1623.42,129.13,827.117,0.9,38.53,13.45,1622.38,4337478.81,1781538.35
00:00:46.50,18/01/2026,10:31:39,17_T02,39.121817071,10.189402641,0.3,1623.40,129.38,827.266,1.0,38.53,13.45,1622.38,4337478.97,1781538.35
00:00:47.53,18/01/2026,10:31:40,17_T02,39.121816646,10.189404371,0.3,1623.40,130.11,827.424,1.0,38.54,13.45,1622.33,4337479.12,1781538.30
00:00:48.56,18/01/2026,10:31:41,17_T02,39.121815281,10.189405866,0.3,1623.42,130.51,827.597,1.0,38.54,13.45,1622.33,4337479.25,1781538.15
00:00:49.60,18/01/2026,10:31:42,17_T02,39.121814223,10.189407684,0.4,1623.45,130.27,827.785,1.0,38.54,13.45,1622.37,4337479.41,1781538.04
00:00:50.57,18/01/2026,10:31:43,17_T02,39.121813451,10.189409406,0.4,1623.47,129.92,827.955,0.9,38.54,13.45,1622.37,4337479.56,1781537.95
00:00:51.52,18/01/2026,10:31:44,17_T02,39.121811899,10.189411371,0.4,1623.47,129.69,828.174,1.0,38.53,13.44,1622.41,4337479.73,1781537.78
00:00:52.60,18/01/2026,10:31:45,17_T02,39.121810315,10.189413174,0.4,1623.45,129.52,828.380,1.0,38.53,13.44,1622.41,4337479.89,1781537.61
00:00:53.51,18/01/2026,10:31:46,17_T02,39.121809273,10.189414977,0.4,1623.44,129.29,828.567,1.0,38.54,13.44,1622.41,4337480.04,1781537.49
00:00:54.61,18/01/2026,10:31:47,17_T02,39.121808209,10.189416890,0.4,1623.46,129.18,828.763,1.0,38.54,13.44,1622.41,4337480.21,1781537.37
00:00:55.55,18/01/2026,10:31:48,17_T02,39.121806883,10.189418340,0.4,1623.49,129.81,828.931,1.0,38.53,13.44,1622.41,4337480.34,1781537.23
00:00:56.49,18/01/2026,10:31:49,17_T02,39.121804353,10.189418789,0.4,1623.51,131.40,829.062,1.0,38.53,13.44,1622.41,4337480.38,1781536.95
00:00:57.60,18/01/2026,10:31:50,17_T02,39.121801859,10.189419197,0.4,1623.51,132.87,829.188,1.0,38.54,13.44,1622.47,4337480.41,1781536.67
00:00:58.50,18/01/2026,10:31:51,17_T02,39.121800439,10.189420220,0.4,1623.49,133.81,829.325,1.0,38.54,13.44,1622.47,4337480.50,1781536.52
00:00:59.58,18/01/2026,10:31:52,17_T02,39.121798970,10.189421458,0.4,1623.48,134.70,829.481,1.0,38.54,13.44,1622.43,4337480.61,1781536.36
00:01:00.55,18/01/2026,10:31:53,17_T02,39.121797483,10.189422737,0.4,1623.49,135.36,829.641,1.0,38.54,13.44,1622.43,4337480.72,1781536.19
00:01:01.53,18/01/2026,10:31:54,17_T02,39.121797117,10.189423991,0.3,1623.51,135.46,829.758,1.0,38.54,13.44,1622.44,4337480.83,1781536.15
00:01:02.48,18/01/2026,10:31:55,17_T02,39.121796934,10.189425566,0.3,1623.53,134.81,829.893,1.0,38.54,13.44,1622.44,4337480.97,1781536.13
00:01:03.62,18/01/2026,10:31:56,17_T02,39.121796086,10.189427575,0.3,1623.52,133.68,830.089,1.0,38.54,13.44,1622.48,4337481.14,1781536.04
00:01:04.62,18/01/2026,10:31:57,17_T02,39.121795386,10.189429592,0.3,1623.50,132.49,830.281,1.0,38.54,13.44,1622.48,4337481.32,1781535.96
00:01:05.67,18/01/2026,10:31:58,17_T02,39.121794545,10.189431485,0.3,1623.49,131.77,830.467,1.1,38.54,13.44,1622.43,4337481.48,1781535.87
00:01:06.54,18/01/2026,10:31:59,17_T02,39.121793386,10.189433116,0.3,1623.50,131.90,830.644,1.1,38.54,13.44,1622.43,4337481.63,1781535.74
00:01:07.50,18/01/2026,10:32:00,17_T02,39.121791225,10.189433259,0.4,1623.52,132.61,830.736,1.1,38.54,13.44,1622.45,4337481.64,1781535.50
00:01:08.59,18/01/2026,10:32:01,17_T02,39.121789168,10.189433332,0.4,1623.54,133.32,830.818,1.0,38.54,13.44,1622.45,4337481.65,1781535.28
00:01:09.55,18/01/2026,10:32:02,17_T02,39.121787822,10.189434624,0.4,1623.55,133.74,830.974,1.0,38.54,13.44,1622.50,4337481.76,1781535.13
00:01:10.52,18/01/2026,10:32:03,17_T02,39.121786622,10.189435936,0.4,1623.55,133.93,831.126,1.0,38.54,13.44,1622.50,4337481.87,1781535.00
00:01:11.53,18/01/2026,10:32:04,17_T02,39.121785421,10.189437275,0.4,1623.53,133.95,831.281,1.0,38.54,13.44,1622.49,4337481.99,1781534.86
00:01:12.62,18/01/2026,10:32:05,17_T02,39.121784218,10.189438980,0.4,1623.52,133.78,831.465,1.0,38.54,13.44,1622.49,4337482.14,1781534.73
00:01:13.61,18/01/2026,10:32:06,17_T02,39.121783113,10.189440615,0.4,1623.52,133.63,831.640,1.1,38.54,13.44,1622.47,4337482.28,1781534.61
00:01:14.61,18/01/2026,10:32:07,17_T02,39.121781842,10.189442281,0.4,1623.54,133.61,831.824,1.0,38.54,13.44,1622.47,4337482.43,1781534.47
00:01:15.54,18/01/2026,10:32:08,17_T02,39.121780637,10.189443784,0.4,1623.55,133.56,831.992,1.0,38.54,13.44,1622.50,4337482.56,1781534.34
00:01:16.55,18/01/2026,10:32:09,17_T02,39.121779416,10.189445414,0.4,1623.54,133.30,832.171,1.0,38.54,13.44,1622.50,4337482.70,1781534.20
00:01:17.56,18/01/2026,10:32:10,17_T02,39.121778145,10.189447243,0.4,1623.52,132.80,832.368,1.1,38.54,13.44,1622.49,4337482.86,1781534.06
00:01:18.55,18/01/2026,10:32:11,17_T02,39.121776839,10.189449190,0.4,1623.49,132.41,832.576,1.1,38.54,13.44,1622.49,4337483.03,1781533.92
00:01:19.52,18/01/2026,10:32:12,17_T02,39.121775561,10.189450846,0.4,1623.49,132.54,832.759,1.1,38.54,13.44,1622.43,4337483.17,1781533.78
00:01:20.50,18/01/2026,10:32:13,17_T02,39.121774151,10.189452203,0.4,1623.50,132.95,832.923,1.1,38.54,13.44,1622.43,4337483.29,1781533.62
00:01:21.63,18/01/2026,10:32:14,17_T02,39.121772840,10.189453527,0.4,1623.51,133.24,833.080,1.1,38.53,13.44,1622.46,4337483.41,1781533.48
00:01:22.62,18/01/2026,10:32:15,17_T02,39.121771734,10.189453900,0.4,1623.52,133.21,833.152,1.1,38.53,13.44,1622.46,4337483.44,1781533.36
00:01:23.56,18/01/2026,10:32:16,17_T02,39.121770690,10.189454210,0.3,1623.51,133.13,833.216,1.1,38.54,13.44,1622.46,4337483.47,1781533.24
00:01:24.50,18/01/2026,10:32:17,17_T02,39.121769462,10.189455753,0.3,1623.50,133.15,833.388,1.1,38.54,13.44,1622.46,4337483.60,1781533.11
00:01:25.61,18/01/2026,10:32:18,17_T02,39.121768112,10.189457367,0.3,1623.49,133.28,833.570,1.0,38.54,13.44,1622.44,4337483.74,1781532.96
00:01:26.52,18/01/2026,10:32:19,17_T02,39.121766942,10.189458866,0.3,1623.50,133.39,833.737,1.1,38.54,13.44,1622.44,4337483.87,1781532.83
00:01:27.55,18/01/2026,10:32:20,17_T02,39.121765821,10.189459907,0.3,1623.51,133.51,833.864,1.0,38.54,13.44,1622.44,4337483.96,1781532.71
00:01:28.60,18/01/2026,10:32:21,17_T02,39.121764636,10.189460823,0.3,1623.51,133.64,833.983,1.0,38.54,13.44,1622.44,4337484.04,1781532.58
00:01:29.54,18/01/2026,10:32:22,17_T02,39.121763387,10.189462319,0.3,1623.49,133.60,834.152,1.0,38.54,13.44,1622.43,4337484.17,1781532.44
00:01:30.50,18/01/2026,10:32:23,17_T02,39.121762268,10.189463931,0.3,1623.46,133.33,834.326,1.1,38.54,13.44,1622.43,4337484.32,1781532.32
00:01:31.60,18/01/2026,10:32:24,17_T02,39.121761198,10.189465635,0.3,1623.44,133.04,834.505,1.1,38.54,13.44,1622.39,4337484.46,1781532.20
00:01:32.51,18/01/2026,10:32:25,17_T02,39.121758977,10.189466475,0.3,1623.44,133.10,834.656,1.1,38.54,13.44,1622.39,4337484.54,1781531.95
00:01:33.61,18/01/2026,10:32:26,17_T02,39.121756654,10.189467060,0.4,1623.45,133.39,834.791,1.1,38.54,13.44,1622.39,4337484.59,1781531.70
00:01:34.61,18/01/2026,10:32:27,17_T02,39.121755273,10.189468479,0.4,1623.46,133.57,834.958,1.1,38.54,13.45,1622.40,4337484.71,1781531.54
00:01:35.51,18/01/2026,10:32:28,17_T02,39.121754100,10.189469951,0.4,1623.44,133.39,835.123,1.1,38.54,13.45,1622.40,4337484.84,1781531.42
00:01:36.62,18/01/2026,10:32:29,17_T02,39.121753051,10.189471676,0.4,1623.40,132.99,835.303,1.1,38.54,13.44,1622.39,4337484.99,1781531.30
00:01:37.55,18/01/2026,10:32:30,17_T02,39.121751401,10.189472826,0.4,1623.38,132.75,835.458,1.1,38.54,13.44,1622.39,4337485.09,1781531.12
00:01:38.50,18/01/2026,10:32:31,17_T02,39.121749508,10.189473872,0.4,1623.37,132.97,835.615,1.1,38.53,13.44,1622.34,4337485.18,1781530.91
00:01:39.64,18/01/2026,10:32:32,17_T02,39.121748050,10.189475256,0.4,1623.38,133.39,835.782,1.1,38.53,13.44,1622.34,4337485.30,1781530.75
00:01:40.58,18/01/2026,10:32:33,17_T02,39.121746750,10.189476872,0.4,1623.39,133.35,835.963,1.1,38.54,13.44,1622.34,4337485.45,1781530.61
00:01:41.58,18/01/2026,10:32:34,17_T02,39.121745688,10.189478384,0.4,1623.37,133.17,836.126,1.1,38.54,13.44,1622.34,4337485.58,1781530.49
00:01:42.63,18/01/2026,10:32:35,17_T02,39.121744562,10.189480021,0.4,1623.34,132.98,836.302,1.1,38.54,13.44,1622.32,4337485.72,1781530.37
00:01:43.58,18/01/2026,10:32:36,17_T02,39.121743769,10.189481007,0.4,1623.31,133.05,836.413,1.1,38.54,13.44,1622.32,4337485.81,1781530.28
00:01:44.55,18/01/2026,10:32:37,17_T02,39.121742799,10.189482026,0.3,1623.29,133.35,836.532,1.1,38.54,13.44,1622.26,4337485.89,1781530.17
00:01:45.52,18/01/2026,10:32:38,17_T02,39.121741424,10.189483447,0.3,1623.29,133.63,836.700,1.1,38.54,13.44,1622.26,4337486.02,1781530.02
00:01:46.51,18/01/2026,10:32:39,17_T02,39.121740055,10.189485038,0.3,1623.29,133.70,836.881,1.1,38.53,13.44,1622.23,4337486.16,1781529.87
00:01:47.49,18/01/2026,10:32:40,17_T02,39.121738888,10.189486562,0.3,1623.28,133.53,837.049,1.1,38.53,13.44,1622.23,4337486.29,1781529.74
00:01:48.52,18/01/2026,10:32:41,17_T02,39.121737664,10.189488368,0.3,1623.25,133.25,837.243,1.1,38.54,13.44,1622.23,4337486.45,1781529.61
00:01:49.50,18/01/2026,10:32:42,17_T02,39.121736276,10.189490585,0.4,1623.20,132.88,837.476,1.2,38.54,13.44,1622.23,4337486.64,1781529.45
00:01:50.52,18/01/2026,10:32:43,17_T02,39.121735179,10.189492323,0.4,1623.17,132.56,837.659,1.2,38.54,13.44,1622.14,4337486.79,1781529.33
00:01:51.49,18/01/2026,10:32:44,17_T02,39.121733930,10.189494002,0.4,1623.16,132.65,837.843,1.2,38.54,13.44,1622.14,4337486.94,1781529.20
00:01:52.62,18/01/2026,10:32:45,17_T02,39.121732479,10.189495505,0.4,1623.17,133.10,838.020,1.2,38.54,13.44,1622.10,4337487.07,1781529.04
00:01:53.55,18/01/2026,10:32:46,17_T02,39.121730409,10.189496618,0.4,1623.19,133.55,838.188,1.1,38.54,13.44,1622.10,4337487.17,1781528.81
00:01:54.54,18/01/2026,10:32:47,17_T02,39.121728474,10.189497749,0.4,1623.17,133.56,838.353,1.1,38.53,13.45,1622.15,4337487.27,1781528.59
00:01:55.55,18/01/2026,10:32:48,17_T02,39.121727401,10.189499419,0.4,1623.11,132.99,838.530,1.1,38.53,13.45,1622.15,4337487.41,1781528.48
00:01:56.51,18/01/2026,10:32:49,17_T02,39.121726480,10.189501381,0.4,1623.05,132.34,838.725,1.2,38.54,13.44,1622.06,4337487.58,1781528.37
00:01:57.60,18/01/2026,10:32:50,17_T02,39.121725280,10.189503153,0.4,1623.02,132.34,838.914,1.2,38.54,13.44,1622.06,4337487.74,1781528.24
00:01:58.61,18/01/2026,10:32:51,17_T02,39.121724170,10.189505467,0.4,1623.04,133.01,839.145,1.1,38.54,13.44,1621.97,4337487.94,1781528.12
00:01:59.56,18/01/2026,10:32:52,17_T02,39.121723109,10.189507531,0.4,1623.07,133.57,839.354,1.1,38.54,13.44,1621.97,4337488.12,1781528.00
00:02:00.52,18/01/2026,10:32:53,17_T02,39.121721842,10.189508813,0.4,1623.07,133.59,839.506,1.1,38.53,13.44,1622.01,4337488.23,1781527.86
00:02:01.50,18/01/2026,10:32:54,17_T02,39.121720870,10.189510335,0.4,1623.01,133.09,839.667,1.1,38.53,13.44,1622.01,4337488.36,1781527.76
00:02:02.58,18/01/2026,10:32:55,17_T02,39.121719934,10.189512122,0.4,1622.94,132.61,839.848,1.2,38.54,13.44,1621.93,4337488.52,1781527.65
00:02:03.51,18/01/2026,10:32:56,17_T02,39.121718595,10.189511934,0.3,1622.91,132.69,839.882,1.2,38.54,13.44,1621.93,4337488.50,1781527.51
00:02:04.48,18/01/2026,10:32:57,17_T02,39.121716895,10.189511622,0.3,1622.92,133.21,839.920,1.2,38.54,13.44,1621.87,4337488.48,1781527.32
00:02:05.57,18/01/2026,10:32:58,17_T02,39.121715389,10.189513135,0.3,1622.94,133.54,840.100,1.1,38.54,13.44,1621.87,4337488.61,1781527.15
00:02:06.51,18/01/2026,10:32:59,17_T02,39.121714201,10.189514424,0.3,1622.95,133.54,840.250,1.1,38.53,13.44,1621.90,4337488.72,1781527.02
00:02:07.53,18/01/2026,10:33:00,17_T02,39.121713181,10.189515443,0.3,1622.90,133.45,840.371,1.1,38.53,13.44,1621.90,4337488.81,1781526.91
00:02:08.62,18/01/2026,10:33:01,17_T02,39.121713089,10.189515690,0.3,1622.82,133.43,840.395,1.2,38.54,13.44,1621.82,4337488.83,1781526.90
00:02:09.52,18/01/2026,10:33:02,17_T02,39.121712674,10.189516529,0.3,1622.76,133.34,840.479,1.3,38.54,13.44,1621.82,4337488.90,1781526.85
00:02:10.58,18/01/2026,10:33:03,17_T02,39.121711422,10.189518275,0.3,1622.75,133.22,840.669,1.3,38.54,13.44,1621.68,4337489.06,1781526.72
00:02:11.55,18/01/2026,10:33:04,17_T02,39.121710003,10.189519896,0.3,1622.78,133.34,840.854,1.2,38.54,13.44,1621.68,4337489.20,1781526.56
00:02:12.62,18/01/2026,10:33:05,17_T02,39.121708707,10.189521235,0.3,1622.79,133.43,841.012,1.1,38.53,13.44,1621.73,4337489.31,1781526.42
00:02:13.49,18/01/2026,10:33:06,17_T02,39.121708682,10.189523447,0.3,1622.75,133.13,841.194,1.1,38.53,13.44,1621.73,4337489.51,1781526.42
00:02:14.60,18/01/2026,10:33:07,17_T02,39.121708681,10.189525765,0.3,1622.68,132.68,841.384,1.2,38.54,13.44,1621.66,4337489.71,1781526.42
00:02:15.55,18/01/2026,10:33:08,17_T02,39.121707656,10.189527296,0.4,1622.64,132.62,841.548,1.2,38.54,13.44,1621.66,4337489.84,1781526.30
00:02:16.61,18/01/2026,10:33:09,17_T02,39.121706061,10.189528937,0.4,1622.63,133.10,841.741,1.2,38.54,13.44,1621.57,4337489.99,1781526.13
00:02:17.60,18/01/2026,10:33:10,17_T02,39.121704543,10.189530270,0.4,1622.63,133.59,841.907,1.2,38.54,13.44,1621.57,4337490.10,1781525.96
00:02:18.53,18/01/2026,10:33:11,17_T02,39.121703839,10.189531748,0.4,1622.63,133.60,842.054,1.2,38.53,13.44,1621.57,4337490.23,1781525.88
00:02:19.50,18/01/2026,10:33:12,17_T02,39.121703281,10.189533375,0.3,1622.60,133.38,842.208,1.1,38.53,13.44,1621.57,4337490.37,1781525.82
00:02:20.51,18/01/2026,10:33:13,17_T02,39.121702092,10.189534968,0.3,1622.56,133.35,842.383,1.2,38.54,13.44,1621.50,4337490.51,1781525.69
00:02:21.62,18/01/2026,10:33:14,17_T02,39.121700792,10.189536379,0.3,1622.52,133.53,842.547,1.2,38.54,13.44,1621.50,4337490.63,1781525.55
00:02:22.58,18/01/2026,10:33:15,17_T02,39.121699423,10.189537874,0.3,1622.50,133.65,842.720,1.2,38.54,13.45,1621.44,4337490.76,1781525.40
00:02:23.55,18/01/2026,10:33:16,17_T02,39.121698112,10.189539616,0.3,1622.48,133.50,842.912,1.2,38.54,13.45,1621.44,4337490.92,1781525.25
00:02:24.52,18/01/2026,10:33:17,17_T02,39.121696625,10.189542259,0.4,1622.45,133.25,843.184,1.2,38.53,13.45,1621.37,4337491.15,1781525.09
00:02:25.59,18/01/2026,10:33:18,17_T02,39.121695098,10.189544804,0.4,1622.42,133.11,843.449,1.2,38.53,13.45,1621.37,4337491.37,1781524.92
00:02:26.58,18/01/2026,10:33:19,17_T02,39.121693899,10.189546315,0.4,1622.38,133.08,843.617,1.2,38.54,13.44,1621.32,4337491.50,1781524.79
00:02:27.54,18/01/2026,10:33:20,17_T02,39.121692614,10.189547867,0.4,1622.34,133.18,843.792,1.2,38.54,13.44,1621.32,4337491.64,1781524.65
00:02:28.55,18/01/2026,10:33:21,17_T02,39.121691216,10.189549546,0.4,1622.30,133.34,843.982,1.2,38.54,13.44,1621.26,4337491.78,1781524.49
00:02:29.51,18/01/2026,10:33:22,17_T02,39.121690501,10.189551192,0.4,1622.28,133.61,844.143,1.2,38.54,13.44,1621.26,4337491.93,1781524.42
00:02:30.60,18/01/2026,10:33:23,17_T02,39.121689671,10.189552881,0.4,1622.25,133.90,844.312,1.2,38.54,13.44,1621.17,4337492.07,1781524.32
00:02:31.61,18/01/2026,10:33:24,17_T02,39.121688377,10.189554362,0.4,1622.22,134.05,844.482,1.2,38.54,13.44,1621.17,4337492.20,1781524.18
00:02:32.55,18/01/2026,10:33:25,17_T02,39.121687139,10.189555931,0.4,1622.18,134.02,844.656,1.2,38.54,13.44,1621.17,4337492.34,1781524.05
00:02:33.53,18/01/2026,10:33:26,17_T02,39.121686027,10.189557459,0.4,1622.15,133.86,844.823,1.2,38.53,13.44,1621.12,4337492.47,1781523.92
00:02:34.51,18/01/2026,10:33:27,17_T02,39.121684170,10.189558243,0.4,1622.12,133.72,844.956,1.2,38.53,13.44,1621.12,4337492.54,1781523.72
00:02:35.49,18/01/2026,10:33:28,17_T02,39.121682475,10.189558903,0.4,1622.09,133.68,845.073,1.2,38.54,13.44,1621.06,4337492.60,1781523.53
00:02:36.57,18/01/2026,10:33:29,17_T02,39.121681136,10.189560386,0.4,1622.06,133.77,845.245,1.2,38.54,13.44,1621.06,4337492.73,1781523.38
00:02:37.55,18/01/2026,10:33:30,17_T02,39.121679938,10.189562225,0.4,1622.03,133.48,845.440,1.2,38.54,13.44,1620.98,4337492.89,1781523.25
00:02:38.50,18/01/2026,10:33:31,17_T02,39.121678808,10.189563833,0.4,1622.01,133.29,845.614,1.2,38.54,13.44,1620.98,4337493.03,1781523.13
00:02:39.57,18/01/2026,10:33:32,17_T02,39.121677041,10.189565683,0.4,1621.98,133.27,845.831,1.2,38.54,13.44,1620.94,4337493.19,1781522.93
00:02:40.56,18/01/2026,10:33:33,17_T02,39.121675380,10.189567417,0.4,1621.94,133.14,846.035,1.2,38.54,13.44,1620.94,4337493.34,1781522.75
00:02:41.48,18/01/2026,10:33:34,17_T02,39.121674255,10.189569137,0.4,1621.89,132.83,846.218,1.2,38.54,13.44,1620.86,4337493.49,1781522.63
00:02:42.54,18/01/2026,10:33:35,17_T02,39.121673064,10.189570964,0.4,1621.86,132.69,846.411,1.3,38.54,13.44,1620.86,4337493.65,1781522.50
00:02:43.56,18/01/2026,10:33:36,17_T02,39.121671663,10.189572531,0.4,1621.85,132.93,846.592,1.2,38.54,13.45,1620.75,4337493.79,1781522.34
00:02:44.65,18/01/2026,10:33:37,17_T02,39.121670539,10.189574753,0.4,1621.85,133.30,846.816,1.2,38.54,13.45,1620.75,4337493.98,1781522.22
00:02:45.56,18/01/2026,10:33:38,17_T02,39.121669552,10.189576871,0.4,1621.82,133.32,847.026,1.2,38.54,13.45,1620.79,4337494.16,1781522.11
00:02:46.62,18/01/2026,10:33:39,17_T02,39.121668471,10.189578521,0.4,1621.75,132.88,847.201,1.2,38.54,13.45,1620.79,4337494.31,1781521.99
00:02:47.49,18/01/2026,10:33:40,17_T02,39.121667487,10.189580537,0.4,1621.69,132.38,847.403,1.3,38.54,13.44,1620.66,4337494.48,1781521.88
00:02:48.52,18/01/2026,10:33:41,17_T02,39.121666233,10.189582286,0.4,1621.66,132.48,847.593,1.3,38.54,13.44,1620.66,4337494.64,1781521.74
00:02:49.60,18/01/2026,10:33:42,17_T02,39.121664449,10.189583378,0.4,1621.66,133.14,847.749,1.2,38.54,13.45,1620.59,4337494.73,1781521.55
00:02:50.54,18/01/2026,10:33:43,17_T02,39.121662774,10.189584500,0.4,1621.67,133.48,847.903,1.2,38.54,13.45,1620.59,4337494.83,1781521.36
00:02:51.61,18/01/2026,10:33:44,17_T02,39.121661610,10.189585944,0.4,1621.64,133.38,848.065,1.2,38.54,13.45,1620.59,4337494.96,1781521.23
00:02:52.50,18/01/2026,10:33:45,17_T02,39.121660520,10.189587477,0.4,1621.58,133.17,848.231,1.2,38.54,13.45,1620.59,4337495.09,1781521.12
00:02:53.50,18/01/2026,10:33:46,17_T02,39.121659401,10.189588979,0.4,1621.51,133.11,848.395,1.3,38.53,13.45,1620.48,4337495.22,1781520.99
00:02:54.62,18/01/2026,10:33:47,17_T02,39.121656931,10.189590247,0.4,1621.46,133.22,848.591,1.3,38.53,13.45,1620.48,4337495.33,1781520.72
00:02:55.49,18/01/2026,10:33:48,17_T02,39.121654804,10.189591482,0.4,1621.44,133.33,848.771,1.3,38.54,13.44,1620.35,4337495.44,1781520.49
00:02:56.63,18/01/2026,10:33:49,17_T02,39.121653440,10.189593216,0.4,1621.44,133.33,848.964,1.2,38.54,13.44,1620.35,4337495.59,1781520.34
00:02:57.48,18/01/2026,10:33:50,17_T02,39.121652262,10.189594781,0.4,1621.44,133.21,849.136,1.2,38.54,13.45,1620.35,4337495.73,1781520.21
00:02:58.59,18/01/2026,10:33:51,17_T02,39.121651172,10.189596352,0.4,1621.41,132.83,849.305,1.2,38.54,13.45,1620.35,4337495.86,1781520.09
00:02:59.58,18/01/2026,10:33:52,17_T02,39.121651439,10.189598907,0.4,1621.35,132.20,849.505,1.2,38.53,13.45,1620.31,4337496.09,1781520.12
00:03:00.54,18/01/2026,10:33:53,17_T02,39.121651629,10.189601464,0.4,1621.28,131.66,849.707,1.3,38.53,13.45,1620.31,4337496.31,1781520.14
00:03:01.51,18/01/2026,10:33:54,17_T02,39.121650452,10.189603180,0.4,1621.24,131.65,849.891,1.3,38.53,13.45,1620.16,4337496.46,1781520.01
00:03:02.60,18/01/2026,10:33:55,17_T02,39.121648875,10.189604672,0.4,1621.24,132.33,850.072,1.3,38.53,13.45,1620.16,4337496.59,1781519.83
00:03:03.56,18/01/2026,10:33:56,17_T02,39.121647238,10.189605896,0.4,1621.24,133.21,850.234,1.2,38.54,13.45,1620.17,4337496.70,1781519.65
00:03:04.51,18/01/2026,10:33:57,17_T02,39.121645803,10.189607150,0.4,1621.22,133.71,850.390,1.2,38.54,13.45,1620.17,4337496.81,1781519.50
00:03:05.60,18/01/2026,10:33:58,17_T02,39.121644676,10.189608637,0.4,1621.19,133.85,850.553,1.2,38.53,13.44,1620.13,4337496.93,1781519.37
00:03:06.57,18/01/2026,10:33:59,17_T02,39.121643520,10.189610268,0.4,1621.12,133.86,850.730,1.3,38.53,13.44,1620.13,4337497.08,1781519.24
00:03:07.55,18/01/2026,10:34:00,17_T02,39.121642362,10.189611831,0.4,1621.06,133.70,850.901,1.3,38.54,13.44,1620.01,4337497.21,1781519.12
00:03:08.51,18/01/2026,10:34:01,17_T02,39.121641203,10.189613610,0.4,1621.02,133.39,851.090,1.3,38.54,13.44,1620.01,4337497.37,1781518.99
00:03:09.61,18/01/2026,10:34:02,17_T02,39.121639936,10.189615451,0.4,1621.01,133.20,851.288,1.3,38.54,13.45,1619.91,4337497.53,1781518.85
00:03:10.59,18/01/2026,10:34:03,17_T02,39.121639512,10.189618443,0.4,1621.01,133.26,851.549,1.3,38.54,13.45,1619.91,4337497.79,1781518.80
00:03:11.54,18/01/2026,10:34:04,17_T02,39.121639297,10.189620715,0.4,1620.99,133.31,851.743,1.2,38.53,13.44,1619.91,4337497.99,1781518.78
00:03:12.51,18/01/2026,10:34:05,17_T02,39.121637957,10.189622337,0.4,1620.97,133.22,851.925,1.2,38.53,13.44,1619.91,4337498.13,1781518.63
00:03:13.61,18/01/2026,10:34:06,17_T02,39.121636832,10.189623830,0.4,1620.92,132.94,852.090,1.2,38.53,13.44,1619.86,4337498.26,1781518.51
00:03:14.51,18/01/2026,10:34:07,17_T02,39.121635766,10.189625431,0.4,1620.86,132.57,852.260,1.3,38.53,13.44,1619.86,4337498.40,1781518.39
00:03:15.62,18/01/2026,10:34:08,17_T02,39.121634867,10.189627978,0.4,1620.81,132.24,852.503,1.3,38.54,13.45,1619.75,4337498.62,1781518.29
00:03:16.59,18/01/2026,10:34:09,17_T02,39.121633768,10.189630389,0.4,1620.79,132.39,852.741,1.3,38.54,13.45,1619.75,4337498.83,1781518.17
00:03:17.61,18/01/2026,10:34:10,17_T02,39.121632231,10.189631781,0.4,1620.80,133.04,852.912,1.2,38.53,13.45,1619.70,4337498.95,1781518.00
00:03:18.57,18/01/2026,10:34:11,17_T02,39.121630797,10.189632904,0.4,1620.81,133.62,853.057,1.2,38.53,13.45,1619.70,4337499.05,1781517.85
00:03:19.59,18/01/2026,10:34:12,17_T02,39.121629550,10.189634078,0.4,1620.77,133.72,853.200,1.2,38.54,13.44,1619.72,4337499.15,1781517.71
00:03:20.50,18/01/2026,10:34:13,17_T02,39.121628219,10.189635286,0.4,1620.70,133.37,853.348,1.2,38.54,13.44,1619.72,4337499.26,1781517.56
00:03:21.55,18/01/2026,10:34:14,17_T02,39.121627021,10.189636741,0.4,1620.62,132.94,853.512,1.3,38.54,13.44,1619.55,4337499.38,1781517.43
00:03:22.59,18/01/2026,10:34:15,17_T02,39.121625762,10.189638486,0.4,1620.58,132.93,853.702,1.3,38.54,13.44,1619.55,4337499.54,1781517.29
00:03:23.50,18/01/2026,10:34:16,17_T02,39.121624232,10.189640120,0.4,1620.59,133.28,853.893,1.3,38.54,13.44,1619.48,4337499.68,1781517.12
00:03:24.59,18/01/2026,10:34:17,17_T02,39.121622813,10.189641500,0.4,1620.61,133.55,854.059,1.2,38.54,13.44,1619.48,4337499.80,1781516.97
00:03:25.58,18/01/2026,10:34:18,17_T02,39.121620750,10.189642973,0.4,1620.59,133.44,854.256,1.2,38.53,13.44,1619.50,4337499.93,1781516.74
00:03:26.50,18/01/2026,10:34:19,17_T02,39.121619161,10.189645054,0.4,1620.52,132.20,854.486,1.2,38.53,13.44,1619.50,4337500.11,1781516.56
00:03:27.57,18/01/2026,10:34:20,17_T02,39.121619018,10.189647767,0.4,1620.43,129.49,854.713,1.3,38.53,13.44,1619.36,4337500.35,1781516.55
00:03:28.52,18/01/2026,10:34:21,17_T02,39.121619459,10.189651124,0.4,1620.37,125.36,854.972,1.3,38.53,13.44,1619.36,4337500.64,1781516.60
00:03:29.51,18/01/2026,10:34:22,17_T02,39.121620416,10.189655106,0.4,1620.37,119.97,855.262,1.3,38.53,13.44,1619.36,4337500.98,1781516.70
00:03:30.63,18/01/2026,10:34:23,17_T02,39.121622571,10.189660479,0.4,1620.38,114.62,855.622,1.3,38.53,13.44,1619.27,4337501.45,1781516.94
00:03:31.62,18/01/2026,10:34:24,17_T02,39.121624862,10.189665161,0.4,1620.37,109.60,855.920,1.3,38.53,13.44,1619.27,4337501.86,1781517.20
00:03:32.54,18/01/2026,10:34:25,17_T02,39.121626299,10.189667903,0.4,1620.32,105.48,856.091,1.3,38.53,13.43,1619.28,4337502.10,1781517.36
00:03:33.52,18/01/2026,10:34:26,17_T02,39.121627394,10.189670274,0.4,1620.23,101.88,856.245,1.3,38.53,13.43,1619.28,4337502.30,1781517.48
00:03:34.52,18/01/2026,10:34:27,17_T02,39.121628349,10.189672679,0.4,1620.16,98.93,856.406,1.4,38.54,13.43,1619.17,4337502.51,1781517.58
00:03:35.57,18/01/2026,10:34:28,17_T02,39.121629037,10.189674816,0.4,1620.12,96.27,856.556,1.4,38.54,13.43,1619.17,4337502.70,1781517.66
00:03:36.53,18/01/2026,10:34:29,17_T02,39.121629867,10.189676910,0.4,1620.10,93.82,856.696,1.3,38.54,13.44,1619.03,4337502.88,1781517.75
00:03:37.48,18/01/2026,10:34:30,17_T02,39.121630808,10.189679081,0.4,1620.08,91.49,856.839,1.3,38.54,13.44,1619.03,4337503.07,1781517.86
00:03:38.61,18/01/2026,10:34:31,17_T02,39.121631573,10.189681075,0.4,1620.03,89.64,856.974,1.3,38.54,13.44,1618.98,4337503.24,1781517.94
00:03:39.54,18/01/2026,10:34:32,17_T02,39.121632217,10.189683038,0.4,1619.95,88.08,857.111,1.3,38.54,13.44,1618.98,4337503.41,1781518.01
00:03:40.54,18/01/2026,10:34:33,17_T02,39.121632720,10.189685085,0.4,1619.88,86.95,857.259,1.4,38.54,13.44,1618.85,4337503.59,1781518.07
00:03:41.60,18/01/2026,10:34:34,17_T02,39.121632877,10.189687210,0.4,1619.81,86.69,857.428,1.4,38.54,13.44,1618.85,4337503.77,1781518.09
00:03:42.54,18/01/2026,10:34:35,17_T02,39.121632623,10.189689439,0.3,1619.76,87.16,857.620,1.4,38.54,13.45,1618.72,4337503.97,1781518.06
00:03:43.58,18/01/2026,10:34:36,17_T02,39.121632188,10.189691614,0.4,1619.72,87.95,857.814,1.4,38.54,13.45,1618.72,4337504.16,1781518.01
00:03:44.62,18/01/2026,10:34:37,17_T02,39.121631783,10.189693723,0.4,1619.68,88.65,858.002,1.4,38.54,13.45,1618.72,4337504.34,1781517.97
00:03:45.57,18/01/2026,10:34:38,17_T02,39.121631433,10.189695478,0.4,1619.62,89.30,858.159,1.3,38.54,13.45,1618.72,4337504.49,1781517.93
00:03:46.60,18/01/2026,10:34:39,17_T02,39.121630313,10.189696737,0.3,1619.56,89.83,858.303,1.4,38.54,13.46,1618.53,4337504.60,1781517.81
00:03:47.65,18/01/2026,10:34:40,17_T02,39.121629307,10.189697902,0.3,1619.49,90.20,858.436,1.4,38.54,13.46,1618.53,4337504.71,1781517.69
00:03:48.53,18/01/2026,10:34:41,17_T02,39.121629080,10.189699118,0.3,1619.43,90.44,858.544,1.4,38.54,13.46,1618.39,4337504.81,1781517.67
00:03:49.58,18/01/2026,10:34:42,17_T02,39.121628997,10.189700136,0.2,1619.38,90.40,858.631,1.5,38.54,13.46,1618.39,4337504.90,1781517.66
00:03:50.62,18/01/2026,10:34:43,17_T02,39.121628984,10.189700939,0.2,1619.34,90.31,858.697,1.5,38.54,13.46,1618.28,4337504.97,1781517.66
00:03:51.54,18/01/2026,10:34:44,17_T02,39.121627893,10.189700153,0.2,1619.32,90.24,858.673,1.5,38.54,13.46,1618.28,4337504.90,1781517.54
00:03:52.49,18/01/2026,10:34:45,17_T02,39.121626906,10.189699369,0.2,1619.30,90.14,858.646,1.5,38.53,13.46,1618.21,4337504.83,1781517.43
00:03:53.52,18/01/2026,10:34:46,17_T02,39.121626996,10.189699727,0.2,1619.27,89.85,858.672,1.5,38.53,13.46,1618.21,4337504.86,1781517.44
00:03:54.64,18/01/2026,10:34:47,17_T02,39.121627074,10.189700037,0.2,1619.24,89.57,858.694,1.5,38.53,13.45,1618.15,4337504.89,1781517.45
00:03:55.52,18/01/2026,10:34:48,17_T02,39.121627090,10.189700343,0.1,1619.21,89.42,858.719,1.6,38.53,13.45,1618.15,4337504.92,1781517.45
00:03:56.63,18/01/2026,10:34:49,17_T02,39.121625654,10.189699942,0.1,1619.19,89.33,858.739,1.6,38.54,13.45,1618.11,4337504.88,1781517.29
00:03:57.54,18/01/2026,10:34:50,17_T02,39.121624263,10.189699577,0.2,1619.19,89.22,858.761,1.5,38.54,13.45,1618.11,4337504.85,1781517.14
00:03:58.48,18/01/2026,10:34:51,17_T02,39.121624237,10.189699914,0.2,1619.21,89.10,858.790,1.6,38.54,13.44,1618.08,4337504.88,1781517.14
00:03:59.61,18/01/2026,10:34:52,17_T02,39.121624155,10.189700155,0.2,1619.24,89.10,858.813,1.5,38.54,13.44,1618.08,4337504.90,1781517.13
00:04:00.57,18/01/2026,10:34:53,17_T02,39.121623986,10.189700277,0.2,1619.27,89.27,858.829,1.5,38.54,13.44,1618.15,4337504.91,1781517.11
00:04:01.51,18/01/2026,10:34:54,17_T02,39.121624400,10.189701632,0.2,1619.27,89.49,858.924,1.5,38.54,13.44,1618.15,4337505.03,1781517.15
00:04:02.65,18/01/2026,10:34:55,17_T02,39.121624751,10.189702905,0.2,1619.26,89.69,859.016,1.5,38.53,13.44,1618.17,4337505.14,1781517.19
00:04:03.59,18/01/2026,10:34:56,17_T02,39.121624651,10.189703118,0.2,1619.25,89.70,859.037,1.5,38.53,13.44,1618.17,4337505.16,1781517.18
00:04:04.51,18/01/2026,10:34:57,17_T02,39.121624642,10.189703422,0.1,1619.26,89.57,859.062,1.5,38.53,13.44,1618.15,4337505.19,1781517.18
00:04:05.63,18/01/2026,10:34:58,17_T02,39.121624618,10.189703689,0.1,1619.29,89.44,859.085,1.4,38.53,13.44,1618.15,4337505.21,1781517.18
00:04:06.60,18/01/2026,10:34:59,17_T02,39.121623933,10.189704466,0.1,1619.32,89.43,859.174,1.4,38.53,13.44,1618.20,4337505.28,1781517.10
00:04:07.54,18/01/2026,10:35:00,17_T02,39.121623326,10.189705034,0.2,1619.32,89.46,859.243,1.4,38.53,13.44,1618.20,4337505.33,1781517.04
00:04:08.52,18/01/2026,10:35:01,17_T02,39.121623199,10.189705071,0.2,1619.29,89.60,859.251,1.4,38.54,13.44,1618.19,4337505.33,1781517.02
00:04:09.49,18/01/2026,10:35:02,17_T02,39.121622996,10.189705233,0.2,1619.26,89.81,859.271,1.5,38.54,13.44,1618.19,4337505.34,1781517.00
00:04:10.60,18/01/2026,10:35:03,17_T02,39.121622846,10.189705546,0.2,1619.25,89.89,859.303,1.5,38.53,13.44,1618.15,4337505.37,1781516.98
00:04:11.55,18/01/2026,10:35:04,17_T02,39.121622504,10.189706070,0.1,1619.27,89.74,859.358,1.4,38.53,13.44,1618.15,4337505.42,1781516.95
00:04:12.62,18/01/2026,10:35:05,17_T02,39.121622247,10.189706443,0.1,1619.28,89.57,859.398,1.4,38.54,13.44,1618.16,4337505.45,1781516.92
00:04:13.54,18/01/2026,10:35:06,17_T02,39.121622180,10.189706505,0.1,1619.27,89.53,859.406,1.4,38.54,13.44,1618.16,4337505.46,1781516.91
00:04:14.64,18/01/2026,10:35:07,17_T02,39.121622028,10.189706551,0.1,1619.24,89.60,859.415,1.4,38.53,13.44,1618.17,4337505.46,1781516.89
00:04:15.54,18/01/2026,10:35:08,17_T02,39.121621919,10.189706656,0.1,1619.22,89.66,859.428,1.5,38.53,13.44,1618.17,4337505.47,1781516.88
00:04:16.58,18/01/2026,10:35:09,17_T02,39.121621875,10.189707536,0.1,1619.20,89.70,859.502,1.5,38.54,13.44,1618.12,4337505.55,1781516.88
00:04:17.61,18/01/2026,10:35:10,17_T02,39.121621835,10.189708388,0.1,1619.21,89.70,859.573,1.5,38.54,13.44,1618.12,4337505.62,1781516.87
00:04:18.49,18/01/2026,10:35:11,17_T02,39.121621747,10.189708638,0.1,1619.22,89.61,859.597,1.4,38.54,13.44,1618.12,4337505.64,1781516.86
00:04:19.50,18/01/2026,10:35:12,17_T02,39.121621687,10.189708951,0.1,1619.22,89.49,859.625,1.4,38.54,13.44,1618.12,4337505.67,1781516.86
00:04:20.57,18/01/2026,10:35:13,17_T02,39.121621617,10.189709383,0.1,1619.22,89.50,859.663,1.4,38.53,13.44,1618.14,4337505.71,1781516.85
00:04:21.50,18/01/2026,10:35:14,17_T02,39.121621663,10.189710137,0.1,1619.22,89.44,859.723,1.4,38.53,13.44,1618.14,4337505.77,1781516.85
00:04:22.60,18/01/2026,10:35:15,17_T02,39.121621176,10.189710718,0.1,1619.21,89.81,859.788,1.4,38.54,13.44,1618.12,4337505.82,1781516.80
00:04:23.62,18/01/2026,10:35:16,17_T02,39.121620584,10.189711474,0.1,1619.19,90.28,859.872,1.4,38.54,13.44,1618.12,4337505.89,1781516.74
00:04:24.53,18/01/2026,10:35:17,17_T02,39.121620358,10.189712401,0.1,1619.18,90.46,859.957,1.4,38.54,13.44,1618.09,4337505.97,1781516.71
00:04:25.49,18/01/2026,10:35:18,17_T02,39.121620383,10.189713440,0.1,1619.17,90.20,860.041,1.4,38.54,13.44,1618.09,4337506.06,1781516.71
00:04:26.61,18/01/2026,10:35:19,17_T02,39.121620560,10.189714515,0.1,1619.16,89.70,860.122,1.4,38.53,13.44,1618.07,4337506.15,1781516.73
00:04:27.60,18/01/2026,10:35:20,17_T02,39.121620416,10.189715084,0.1,1619.13,89.34,860.174,1.3,38.53,13.44,1618.07,4337506.20,1781516.72
00:04:28.55,18/01/2026,10:35:21,17_T02,39.121620172,10.189715722,0.2,1619.10,89.16,860.236,1.4,38.53,13.44,1618.07,4337506.26,1781516.69
00:04:29.50,18/01/2026,10:35:22,17_T02,39.121620139,10.189716844,0.2,1619.06,89.07,860.329,1.4,38.53,13.44,1618.00,4337506.36,1781516.69
00:04:30.48,18/01/2026,10:35:23,17_T02,39.121620096,10.189718080,0.2,1619.01,89.09,860.432,1.4,38.53,13.44,1618.00,4337506.46,1781516.68
00:04:31.60,18/01/2026,10:35:24,17_T02,39.121619992,10.189719346,0.2,1618.97,89.22,860.539,1.4,38.54,13.44,1617.92,4337506.57,1781516.67
00:04:32.55,18/01/2026,10:35:25,17_T02,39.121620997,10.189721660,0.2,1618.93,89.39,860.691,1.4,38.54,13.44,1617.92,4337506.77,1781516.78
00:04:33.50,18/01/2026,10:35:26,17_T02,39.121621880,10.189723774,0.2,1618.91,89.43,860.832,1.4,38.54,13.44,1617.87,4337506.96,1781516.88
00:04:34.62,18/01/2026,10:35:27,17_T02,39.121621954,10.189725122,0.2,1618.88,89.20,860.939,1.4,38.54,13.44,1617.87,4337507.08,1781516.89
00:04:35.54,18/01/2026,10:35:28,17_T02,39.121622087,10.189726421,0.2,1618.85,88.96,861.041,1.4,38.54,13.44,1617.78,4337507.19,1781516.90
00:04:36.49,18/01/2026,10:35:29,17_T02,39.121622016,10.189727641,0.2,1618.81,88.99,861.143,1.4,38.54,13.44,1617.78,4337507.29,1781516.90
00:04:37.50,18/01/2026,10:35:30,17_T02,39.121620883,10.189728646,0.2,1618.76,89.16,861.268,1.4,38.54,13.44,1617.73,4337507.38,1781516.77
00:04:38.56,18/01/2026,10:35:31,17_T02,39.121619828,10.189729711,0.2,1618.71,89.31,861.394,1.4,38.54,13.44,1617.73,4337507.48,1781516.66
00:04:39.55,18/01/2026,10:35:32,17_T02,39.121619701,10.189731127,0.2,1618.67,89.36,861.515,1.4,38.54,13.44,1617.61,4337507.60,1781516.64
00:04:40.53,18/01/2026,10:35:33,17_T02,39.121619664,10.189732528,0.2,1618.65,89.29,861.631,1.4,38.54,13.44,1617.61,4337507.72,1781516.64
00:04:41.49,18/01/2026,10:35:34,17_T02,39.121619632,10.189733821,0.2,1618.63,89.19,861.738,1.4,38.54,13.44,1617.55,4337507.83,1781516.63
00:04:42.55,18/01/2026,10:35:35,17_T02,39.121620339,10.189736582,0.3,1618.60,89.09,861.938,1.4,38.54,13.44,1617.55,4337508.07,1781516.71
00:04:43.60,18/01/2026,10:35:36,17_T02,39.121621047,10.189739121,0.3,1618.56,88.91,862.119,1.4,38.54,13.43,1617.50,4337508.29,1781516.79
00:04:44.51,18/01/2026,10:35:37,17_T02,39.121621091,10.189740332,0.2,1618.50,88.81,862.217,1.4,38.54,13.43,1617.50,4337508.40,1781516.80
00:04:45.55,18/01/2026,10:35:38,17_T02,39.121620956,10.189741631,0.2,1618.45,88.99,862.328,1.4,38.54,13.44,1617.41,4337508.51,1781516.78
00:04:46.60,18/01/2026,10:35:39,17_T02,39.121620739,10.189743061,0.2,1618.41,89.22,862.454,1.4,38.54,13.44,1617.41,4337508.64,1781516.76
00:04:47.50,18/01/2026,10:35:40,17_T02,39.121621048,10.189744378,0.2,1618.40,89.24,862.550,1.4,38.54,13.44,1617.32,4337508.75,1781516.79
00:04:48.52,18/01/2026,10:35:41,17_T02,39.121621452,10.189745562,0.2,1618.39,89.11,862.632,1.4,38.54,13.44,1617.32,4337508.85,1781516.84
00:04:49.66,18/01/2026,10:35:42,17_T02,39.121621460,10.189746825,0.2,1618.35,89.09,862.735,1.4,38.54,13.44,1617.28,4337508.96,1781516.84
00:04:50.54,18/01/2026,10:35:43,17_T02,39.121621318,10.189748044,0.2,1618.29,89.25,862.840,1.4,38.54,13.44,1617.28,4337509.07,1781516.82
00:04:51.48,18/01/2026,10:35:44,17_T02,39.121621181,10.189749343,0.2,1618.23,89.27,862.952,1.4,38.54,13.44,1617.19,4337509.18,1781516.81
00:04:52.58,18/01/2026,10:35:45,17_T02,39.121620527,10.189749662,0.2,1618.20,89.04,863.002,1.5,38.54,13.44,1617.19,4337509.21,1781516.74
00:04:53.49,18/01/2026,10:35:46,17_T02,39.121620064,10.189750148,0.2,1618.19,88.83,863.059,1.4,38.54,13.44,1617.10,4337509.25,1781516.69
00:04:54.59,18/01/2026,10:35:47,17_T02,39.121620042,10.189751465,0.2,1618.17,88.84,863.168,1.4,38.54,13.44,1617.10,4337509.37,1781516.68
00:04:55.60,18/01/2026,10:35:48,17_T02,39.121619869,10.189752566,0.2,1618.13,88.99,863.264,1.4,38.53,13.44,1617.08,4337509.46,1781516.67
00:04:56.53,18/01/2026,10:35:49,17_T02,39.121619666,10.189753563,0.2,1618.06,89.19,863.354,1.4,38.53,13.44,1617.08,4337509.55,1781516.64
00:04:57.48,18/01/2026,10:35:50,17_T02,39.121619318,10.189753972,0.2,1618.00,89.35,863.400,1.5,38.54,13.43,1616.97,4337509.59,1781516.60
00:04:58.58,18/01/2026,10:35:51,17_T02,39.121619128,10.189754722,0.2,1617.97,89.37,863.469,1.5,38.54,13.43,1616.97,4337509.65,1781516.58
00:04:59.56,18/01/2026,10:35:52,17_T02,39.121619049,10.189756072,0.2,1617.98,89.51,863.582,1.5,38.53,13.44,1616.89,4337509.77,1781516.58
00:05:00.52,18/01/2026,10:35:53,17_T02,39.121618894,10.189757269,0.2,1617.98,89.67,863.686,1.4,38.53,13.44,1616.89,4337509.87,1781516.56
00:05:01.49,18/01/2026,10:35:54,17_T02,39.121618801,10.189758326,0.2,1617.94,89.70,863.776,1.4,38.53,13.44,1616.89,4337509.97,1781516.55
00:05:02.57,18/01/2026,10:35:55,17_T02,39.121618818,10.189759339,0.2,1617.87,89.58,863.858,1.4,38.53,13.44,1616.89,4337510.05,1781516.55
00:05:03.52,18/01/2026,10:35:56,17_T02,39.121618216,10.189759300,0.2,1617.81,89.40,863.878,1.5,38.54,13.44,1616.75,4337510.05,1781516.48
00:05:04.49,18/01/2026,10:35:57,17_T02,39.121617445,10.189759320,0.2,1617.79,89.34,863.908,1.5,38.54,13.44,1616.75,4337510.05,1781516.40
00:05:05.62,18/01/2026,10:35:58,17_T02,39.121617364,10.189760691,0.2,1617.80,89.34,864.023,1.4,38.53,13.44,1616.70,4337510.17,1781516.39
00:05:06.57,18/01/2026,10:35:59,17_T02,39.121617393,10.189761871,0.2,1617.80,89.17,864.119,1.3,38.53,13.44,1616.70,4337510.27,1781516.39
00:05:07.54,18/01/2026,10:36:00,17_T02,39.121617403,10.189762909,0.2,1617.76,89.10,864.203,1.3,38.53,13.44,1616.70,4337510.36,1781516.40
00:05:08.63,18/01/2026,10:36:01,17_T02,39.121617385,10.189764445,0.2,1617.68,89.13,864.330,1.4,38.53,13.44,1616.70,4337510.50,1781516.39
00:05:09.56,18/01/2026,10:36:02,17_T02,39.121617299,10.189766004,0.2,1617.62,89.18,864.461,1.5,38.54,13.44,1616.57,4337510.63,1781516.38
00:05:10.52,18/01/2026,10:36:03,17_T02,39.121617222,10.189767386,0.2,1617.59,89.16,864.577,1.5,38.54,13.44,1616.57,4337510.75,1781516.38
00:05:11.62,18/01/2026,10:36:04,17_T02,39.121617219,10.189768813,0.2,1617.59,89.15,864.694,1.5,38.54,13.44,1616.50,4337510.88,1781516.38
00:05:12.55,18/01/2026,10:36:05,17_T02,39.121617246,10.189770045,0.2,1617.59,89.13,864.794,1.4,38.54,13.44,1616.50,4337510.99,1781516.38
00:05:13.51,18/01/2026,10:36:06,17_T02,39.121617529,10.189770065,0.2,1617.56,89.18,864.785,1.3,38.53,13.44,1616.50,4337510.99,1781516.41
00:05:14.53,18/01/2026,10:36:07,17_T02,39.121617760,10.189770099,0.2,1617.50,89.25,864.779,1.4,38.53,13.44,1616.50,4337510.99,1781516.44
00:05:15.59,18/01/2026,10:36:08,17_T02,39.121617742,10.189771263,0.2,1617.43,89.21,864.875,1.4,38.54,13.44,1616.39,4337511.09,1781516.43
00:05:16.48,18/01/2026,10:36:09,17_T02,39.121617713,10.189772523,0.2,1617.38,89.23,864.979,1.5,38.54,13.44,1616.39,4337511.20,1781516.43
00:05:17.58,18/01/2026,10:36:10,17_T02,39.121617626,10.189773908,0.2,1617.36,89.41,865.096,1.5,38.53,13.44,1616.27,4337511.32,1781516.42
00:05:18.61,18/01/2026,10:36:11,17_T02,39.121617933,10.189775353,0.2,1617.35,89.62,865.203,1.4,38.53,13.44,1616.27,4337511.45,1781516.46
00:05:19.55,18/01/2026,10:36:12,17_T02,39.121618306,10.189776588,0.2,1617.33,89.55,865.290,1.4,38.53,13.44,1616.26,4337511.55,1781516.50
00:05:20.50,18/01/2026,10:36:13,17_T02,39.121618397,10.189777678,0.2,1617.29,89.36,865.376,1.4,38.53,13.44,1616.26,4337511.65,1781516.51
00:05:21.64,18/01/2026,10:36:14,17_T02,39.121618461,10.189778828,0.2,1617.22,89.25,865.468,1.4,38.54,13.44,1616.17,4337511.75,1781516.52
00:05:22.60,18/01/2026,10:36:15,17_T02,39.121618450,10.189780044,0.2,1617.17,89.22,865.568,1.5,38.54,13.44,1616.17,4337511.85,1781516.51
00:05:23.58,18/01/2026,10:36:16,17_T02,39.121619233,10.189782079,0.2,1617.15,89.17,865.705,1.4,38.54,13.44,1616.08,4337512.03,1781516.60
00:05:24.53,18/01/2026,10:36:17,17_T02,39.121620133,10.189784263,0.2,1617.14,89.03,865.851,1.4,38.54,13.44,1616.08,4337512.22,1781516.70
00:05:25.61,18/01/2026,10:36:18,17_T02,39.121620199,10.189785488,0.2,1617.12,88.92,865.949,1.4,38.53,13.43,1616.04,4337512.33,1781516.71
00:05:26.56,18/01/2026,10:36:19,17_T02,39.121620172,10.189786638,0.2,1617.08,88.94,866.044,1.4,38.53,13.43,1616.04,4337512.43,1781516.71
00:05:27.53,18/01/2026,10:36:20,17_T02,39.121620101,10.189787796,0.2,1617.03,89.04,866.141,1.4,38.53,13.43,1616.04,4337512.53,1781516.70
00:05:28.50,18/01/2026,10:36:21,17_T02,39.121620777,10.189789248,0.2,1616.98,89.06,866.235,1.4,38.54,13.43,1615.99,4337512.65,1781516.77
00:05:29.56,18/01/2026,10:36:22,17_T02,39.121621472,10.189790731,0.2,1616.96,89.03,866.331,1.4,38.54,13.43,1615.99,4337512.78,1781516.85
00:05:30.54,18/01/2026,10:36:23,17_T02,39.121621463,10.189792030,0.2,1616.94,89.07,866.437,1.4,38.54,13.44,1615.88,4337512.90,1781516.85
00:05:31.48,18/01/2026,10:36:24,17_T02,39.121621410,10.189793305,0.2,1616.91,89.14,866.544,1.4,38.54,13.44,1615.88,4337513.01,1781516.84
00:05:32.56,18/01/2026,10:36:25,17_T02,39.121621316,10.189794456,0.2,1616.87,89.20,866.641,1.4,38.54,13.44,1615.84,4337513.11,1781516.83
00:05:33.53,18/01/2026,10:36:26,17_T02,39.121622458,10.189795613,0.2,1616.82,89.18,866.694,1.4,38.54,13.44,1615.84,4337513.21,1781516.96
00:05:34.62,18/01/2026,10:36:27,17_T02,39.121623468,10.189796863,0.2,1616.78,89.17,866.758,1.4,38.54,13.44,1615.73,4337513.32,1781517.07
00:05:35.59,18/01/2026,10:36:28,17_T02,39.121623139,10.189798153,0.2,1616.76,89.83,866.876,1.4,38.54,13.44,1615.73,4337513.43,1781517.04
00:05:36.53,18/01/2026,10:36:29,17_T02,39.121622006,10.189799470,0.2,1616.74,91.98,867.026,1.4,38.54,13.44,1615.68,4337513.54,1781516.91
00:05:37.59,18/01/2026,10:36:30,17_T02,39.121619980,10.189800378,0.2,1616.72,95.63,867.176,1.4,38.54,13.44,1615.68,4337513.62,1781516.69
00:05:38.51,18/01/2026,10:36:31,17_T02,39.121616718,10.189799919,0.2,1616.68,100.96,867.260,1.4,38.54,13.43,1615.65,4337513.58,1781516.33
00:05:39.62,18/01/2026,10:36:32,17_T02,39.121612901,10.189799027,0.2,1616.63,107.40,867.329,1.4,38.54,13.43,1615.65,4337513.51,1781515.91
00:05:40.51,18/01/2026,10:36:33,17_T02,39.121609581,10.189798496,0.2,1616.59,113.82,867.409,1.4,38.54,13.44,1615.57,4337513.46,1781515.54
00:05:41.61,18/01/2026,10:36:34,17_T02,39.121606923,10.189798194,0.2,1616.56,118.49,867.483,1.4,38.54,13.44,1615.57,4337513.44,1781515.25
00:05:42.63,18/01/2026,10:36:35,17_T02,39.121605462,10.189798630,0.3,1616.54,120.86,867.573,1.4,38.54,13.45,1615.48,4337513.48,1781515.09
00:05:43.52,18/01/2026,10:36:36,17_T02,39.121604726,10.189799527,0.2,1616.52,121.34,867.674,1.3,38.54,13.45,1615.48,4337513.55,1781515.00
00:05:44.62,18/01/2026,10:36:37,17_T02,39.121604220,10.189800324,0.2,1616.49,120.59,867.758,1.3,38.54,13.44,1615.45,4337513.62,1781514.95
00:05:45.52,18/01/2026,10:36:38,17_T02,39.121603999,10.189801254,0.2,1616.45,119.31,867.843,1.3,38.54,13.44,1615.45,4337513.70,1781514.92
00:05:46.51,18/01/2026,10:36:39,17_T02,39.121604232,10.189803013,0.2,1616.41,117.62,867.978,1.4,38.53,13.44,1615.38,4337513.86,1781514.95
00:05:47.58,18/01/2026,10:36:40,17_T02,39.121605120,10.189805115,0.2,1616.38,114.50,868.117,1.4,38.53,13.44,1615.38,4337514.04,1781515.05
00:05:48.52,18/01/2026,10:36:41,17_T02,39.121606819,10.189807510,0.2,1616.36,109.70,868.250,1.4,38.53,13.44,1615.30,4337514.25,1781515.24
00:05:49.50,18/01/2026,10:36:42,17_T02,39.121608604,10.189811125,0.3,1616.33,105.19,868.480,1.4,38.53,13.44,1615.30,4337514.56,1781515.43
00:05:50.58,18/01/2026,10:36:43,17_T02,39.121610001,10.189814079,0.3,1616.30,101.41,868.670,1.4,38.54,13.43,1615.24,4337514.82,1781515.59
00:05:51.52,18/01/2026,10:36:44,17_T02,39.121611443,10.189815771,0.3,1616.26,98.25,868.755,1.4,38.54,13.43,1615.24,4337514.96,1781515.75
00:05:52.63,18/01/2026,10:36:45,17_T02,39.121612550,10.189817348,0.3,1616.23,95.55,868.843,1.4,38.54,13.43,1615.19,4337515.10,1781515.87
00:05:53.67,18/01/2026,10:36:46,17_T02,39.121613236,10.189818702,0.3,1616.20,93.84,868.928,1.4,38.54,13.43,1615.19,4337515.22,1781515.95
00:05:54.56,18/01/2026,10:36:47,17_T02,39.121613954,10.189820981,0.3,1616.17,93.14,869.088,1.4,38.54,13.43,1615.12,4337515.42,1781516.03
00:05:55.53,18/01/2026,10:36:48,17_T02,39.121614354,10.189823239,0.3,1616.13,93.10,869.258,1.4,38.54,13.43,1615.12,4337515.61,1781516.07
00:05:56.50,18/01/2026,10:36:49,17_T02,39.121614087,10.189824466,0.2,1616.08,93.44,869.368,1.5,38.54,13.44,1615.05,4337515.72,1781516.04
00:05:57.48,18/01/2026,10:36:50,17_T02,39.121613970,10.189825714,0.2,1616.04,93.42,869.475,1.4,38.54,13.44,1615.05,4337515.83,1781516.03
00:05:58.61,18/01/2026,10:36:51,17_T02,39.121614144,10.189827103,0.2,1616.01,92.88,869.582,1.4,38.53,13.44,1614.97,4337515.95,1781516.05
00:05:59.57,18/01/2026,10:36:52,17_T02,39.121614399,10.189828294,0.2,1615.98,91.88,869.670,1.4,38.53,13.44,1614.97,4337516.05,1781516.08
00:06:00.50,18/01/2026,10:36:53,17_T02,39.121614971,10.189829546,0.2,1615.94,90.37,869.751,1.4,38.54,13.44,1614.89,4337516.16,1781516.14
00:06:01.62,18/01/2026,10:36:54,17_T02,39.121615671,10.189830796,0.2,1615.89,88.97,869.828,1.4,38.54,13.44,1614.89,4337516.27,1781516.22
00:06:02.58,18/01/2026,10:36:55,17_T02,39.121616176,10.189832100,0.2,1615.84,87.96,869.916,1.5,38.54,13.45,1614.81,4337516.38,1781516.27
00:06:03.52,18/01/2026,10:36:56,17_T02,39.121616533,10.189833391,0.2,1615.80,87.22,870.008,1.5,38.54,13.45,1614.81,4337516.50,1781516.31
00:06:04.51,18/01/2026,10:36:57,17_T02,39.121617785,10.189835716,0.2,1615.77,86.92,870.152,1.5,38.54,13.46,1614.72,4337516.70,1781516.45
00:06:05.54,18/01/2026,10:36:58,17_T02,39.121618806,10.189838018,0.2,1615.75,87.08,870.303,1.4,38.54,13.46,1614.72,4337516.90,1781516.57
00:06:06.49,18/01/2026,10:36:59,17_T02,39.121618521,10.189839227,0.2,1615.71,87.72,870.412,1.4,38.53,13.46,1614.67,4337517.00,1781516.54
00:06:07.57,18/01/2026,10:37:00,17_T02,39.121618101,10.189840432,0.2,1615.67,88.56,870.527,1.4,38.53,13.46,1614.67,4337517.11,1781516.49
00:06:08.48,18/01/2026,10:37:01,17_T02,39.121617674,10.189841643,0.2,1615.63,89.39,870.642,1.4,38.53,13.46,1614.58,4337517.21,1781516.44
00:06:09.53,18/01/2026,10:37:02,17_T02,39.121616806,10.189842147,0.2,1615.60,89.98,870.715,1.5,38.53,13.46,1614.58,4337517.26,1781516.35
00:06:10.55,18/01/2026,10:37:03,17_T02,39.121616166,10.189842703,0.2,1615.58,90.31,870.785,1.4,38.53,13.45,1614.53,4337517.31,1781516.28
00:06:11.50,18/01/2026,10:37:04,17_T02,39.121616120,10.189843800,0.2,1615.55,90.37,870.876,1.4,38.53,13.45,1614.53,4337517.40,1781516.27
00:06:12.60,18/01/2026,10:37:05,17_T02,39.121616170,10.189845073,0.2,1615.51,90.20,870.979,1.4,38.54,13.45,1614.46,4337517.51,1781516.28
00:06:13.61,18/01/2026,10:37:06,17_T02,39.121616331,10.189846317,0.2,1615.49,89.81,871.074,1.4,38.54,13.45,1614.46,4337517.62,1781516.30
00:06:14.56,18/01/2026,10:37:07,17_T02,39.121617802,10.189848576,0.2,1615.46,89.27,871.205,1.4,38.54,13.45,1614.40,4337517.82,1781516.46
00:06:15.49,18/01/2026,10:37:08,17_T02,39.121619180,10.189850777,0.2,1615.44,88.85,871.334,1.4,38.54,13.45,1614.40,4337518.01,1781516.61
00:06:16.56,18/01/2026,10:37:09,17_T02,39.121619298,10.189851979,0.2,1615.42,88.66,871.428,1.4,38.53,13.44,1614.36,4337518.11,1781516.62
00:06:17.61,18/01/2026,10:37:10,17_T02,39.121619315,10.189853217,0.2,1615.38,88.62,871.529,1.4,38.53,13.44,1614.36,4337518.22,1781516.63
00:06:18.62,18/01/2026,10:37:11,17_T02,39.121619291,10.189854468,0.2,1615.34,88.63,871.632,1.4,38.54,13.44,1614.27,4337518.33,1781516.62
00:06:19.56,18/01/2026,10:37:12,17_T02,39.121620286,10.189856017,0.2,1615.31,88.74,871.722,1.4,38.54,13.44,1614.27,4337518.46,1781516.73
00:06:20.49,18/01/2026,10:37:13,17_T02,39.121621061,10.189857446,0.2,1615.29,88.93,871.810,1.4,38.53,13.44,1614.23,4337518.59,1781516.82
00:06:21.62,18/01/2026,10:37:14,17_T02,39.121620982,10.189858687,0.2,1615.27,89.16,871.914,1.4,38.53,13.44,1614.23,4337518.70,1781516.81
00:06:22.55,18/01/2026,10:37:15,17_T02,39.121620891,10.189859837,0.2,1615.22,89.36,872.012,1.4,38.54,13.44,1614.18,4337518.80,1781516.80
00:06:23.51,18/01/2026,10:37:16,17_T02,39.121620851,10.189861075,0.2,1615.17,89.45,872.115,1.4,38.54,13.44,1614.18,4337518.90,1781516.80
00:06:24.60,18/01/2026,10:37:17,17_T02,39.121620835,10.189862375,0.2,1615.12,89.50,872.222,1.4,38.54,13.44,1614.09,4337519.02,1781516.80
00:06:25.55,18/01/2026,10:37:18,17_T02,39.121621497,10.189864592,0.2,1615.09,89.47,872.379,1.4,38.54,13.44,1614.09,4337519.21,1781516.87
00:06:26.63,18/01/2026,10:37:19,17_T02,39.121622134,10.189866774,0.2,1615.07,89.38,872.534,1.4,38.54,13.44,1614.09,4337519.40,1781516.94
00:06:27.53,18/01/2026,10:37:20,17_T02,39.121622199,10.189867954,0.2,1615.04,89.24,872.628,1.4,38.54,13.44,1614.00,4337519.50,1781516.95
00:06:28.54,18/01/2026,10:37:21,17_T02,39.121622271,10.189869191,0.2,1614.99,89.17,872.727,1.4,38.54,13.44,1614.00,4337519.61,1781516.96
00:06:29.50,18/01/2026,10:37:22,17_T02,39.121622288,10.189870362,0.2,1614.94,89.22,872.822,1.4,38.53,13.44,1613.93,4337519.71,1781516.96
00:06:30.58,18/01/2026,10:37:23,17_T02,39.121622080,10.189872913,0.2,1614.90,89.21,873.039,1.5,38.53,13.44,1613.93,4337519.93,1781516.94
00:06:31.52,18/01/2026,10:37:24,17_T02,39.121621852,10.189875245,0.2,1614.88,89.26,873.238,1.5,38.53,13.44,1613.85,4337520.14,1781516.91
00:06:32.63,18/01/2026,10:37:25,17_T02,39.121621881,10.189876558,0.2,1614.85,89.27,873.345,1.4,38.53,13.44,1613.85,4337520.25,1781516.91
00:06:33.59,18/01/2026,10:37:26,17_T02,39.121621928,10.189877806,0.2,1614.82,89.30,873.445,1.4,38.54,13.44,1613.78,4337520.36,1781516.92
00:06:34.55,18/01/2026,10:37:27,17_T02,39.121621894,10.189879008,0.2,1614.78,89.42,873.545,1.4,38.54,13.44,1613.78,4337520.46,1781516.92
00:06:35.51,18/01/2026,10:37:28,17_T02,39.121622207,10.189881443,0.2,1614.74,89.44,873.733,1.4,38.53,13.44,1613.73,4337520.68,1781516.95
00:06:36.56,18/01/2026,10:37:29,17_T02,39.121622604,10.189883878,0.2,1614.71,89.30,873.917,1.4,38.53,13.44,1613.73,4337520.89,1781517.00
00:06:37.60,18/01/2026,10:37:30,17_T02,39.121622719,10.189885194,0.2,1614.69,89.12,874.021,1.4,38.54,13.44,1613.64,4337521.00,1781517.01
00:06:38.60,18/01/2026,10:37:31,17_T02,39.121622788,10.189886320,0.2,1614.68,89.05,874.110,1.4,38.54,13.44,1613.64,4337521.10,1781517.02
00:06:39.47,18/01/2026,10:37:32,17_T02,39.121622805,10.189887557,0.2,1614.64,89.00,874.211,1.4,38.53,13.43,1613.61,4337521.21,1781517.02
00:06:40.50,18/01/2026,10:37:33,17_T02,39.121622712,10.189888799,0.2,1614.59,88.90,874.316,1.4,38.53,13.43,1613.61,4337521.32,1781517.01
00:06:41.60,18/01/2026,10:37:34,17_T02,39.121622695,10.189890066,0.2,1614.54,88.76,874.421,1.4,38.54,13.43,1613.54,4337521.43,1781517.01
00:06:42.53,18/01/2026,10:37:35,17_T02,39.121622719,10.189891450,0.2,1614.51,88.75,874.533,1.4,38.54,13.43,1613.54,4337521.55,1781517.01
00:06:43.60,18/01/2026,10:37:36,17_T02,39.121622679,10.189892808,0.2,1614.50,88.86,874.646,1.4,38.54,13.44,1613.45,4337521.66,1781517.01
00:06:44.49,18/01/2026,10:37:37,17_T02,39.121622579,10.189893948,0.2,1614.49,89.05,874.743,1.4,38.54,13.44,1613.45,4337521.76,1781516.99
00:06:45.61,18/01/2026,10:37:38,17_T02,39.121623020,10.189895172,0.2,1614.44,89.25,874.827,1.4,38.53,13.44,1613.42,4337521.87,1781517.04
00:06:46.58,18/01/2026,10:37:39,17_T02,39.121623406,10.189896392,0.2,1614.37,89.45,874.912,1.4,38.53,13.44,1613.42,4337521.98,1781517.09
00:06:47.52,18/01/2026,10:37:40,17_T02,39.121623293,10.189897679,0.2,1614.31,89.65,875.022,1.5,38.54,13.44,1613.31,4337522.09,1781517.07
00:06:48.52,18/01/2026,10:37:41,17_T02,39.121623244,10.189899031,0.2,1614.29,89.68,875.135,1.5,38.54,13.44,1613.31,4337522.21,1781517.07
00:06:49.63,18/01/2026,10:37:42,17_T02,39.121623361,10.189900474,0.2,1614.29,89.44,875.248,1.4,38.53,13.44,1613.23,4337522.33,1781517.08
00:06:50.61,18/01/2026,10:37:43,17_T02,39.121622884,10.189901203,0.2,1614.28,89.16,875.326,1.4,38.53,13.44,1613.23,4337522.40,1781517.03
00:06:51.57,18/01/2026,10:37:44,17_T02,39.121622359,10.189901887,0.2,1614.24,89.04,875.401,1.4,38.54,13.44,1613.21,4337522.45,1781516.97
00:06:52.54,18/01/2026,10:37:45,17_T02,39.121622327,10.189902745,0.2,1614.17,89.12,875.473,1.4,38.54,13.44,1613.21,4337522.53,1781516.97
00:06:53.54,18/01/2026,10:37:46,17_T02,39.121622332,10.189904025,0.2,1614.11,89.08,875.577,1.5,38.54,13.44,1613.11,4337522.64,1781516.97
00:06:54.54,18/01/2026,10:37:47,17_T02,39.121622236,10.189905437,0.2,1614.08,89.22,875.697,1.5,38.54,13.44,1613.11,4337522.76,1781516.96
00:06:55.51,18/01/2026,10:37:48,17_T02,39.121621898,10.189907095,0.2,1614.08,89.30,875.845,1.4,38.54,13.44,1613.02,4337522.91,1781516.92
00:06:56.48,18/01/2026,10:37:49,17_T02,39.121621514,10.189908542,0.2,1614.07,89.46,875.978,1.4,38.54,13.44,1613.02,4337523.03,1781516.88
00:06:57.47,18/01/2026,10:37:50,17_T02,39.121621474,10.189909700,0.2,1614.03,89.56,876.074,1.4,38.53,13.43,1613.01,4337523.13,1781516.88
00:06:58.59,18/01/2026,10:37:51,17_T02,39.121621482,10.189910819,0.2,1613.97,89.52,876.165,1.4,38.53,13.43,1613.01,4337523.23,1781516.88
00:06:59.55,18/01/2026,10:37:52,17_T02,39.121621599,10.189912044,0.2,1613.91,89.31,876.261,1.4,38.54,13.44,1612.89,4337523.34,1781516.89
00:07:00.50,18/01/2026,10:37:53,17_T02,39.121621709,10.189912680,0.2,1613.87,89.06,876.309,1.5,38.54,13.44,1612.89,4337523.39,1781516.90
00:07:01.53,18/01/2026,10:37:54,17_T02,39.121621784,10.189913449,0.2,1613.86,88.89,876.370,1.4,38.54,13.45,1612.81,4337523.46,1781516.91
00:07:02.50,18/01/2026,10:37:55,17_T02,39.121621797,10.189914676,0.2,1613.84,88.85,876.470,1.4,38.54,13.45,1612.81,4337523.57,1781516.91
00:07:03.52,18/01/2026,10:37:56,17_T02,39.121621806,10.189915926,0.2,1613.80,88.86,876.572,1.4,38.53,13.44,1612.78,4337523.68,1781516.91
00:07:04.52,18/01/2026,10:37:57,17_T02,39.121621838,10.189917114,0.2,1613.76,88.86,876.668,1.4,38.53,13.44,1612.78,4337523.78,1781516.92
00:07:05.48,18/01/2026,10:37:58,17_T02,39.121621807,10.189918298,0.2,1613.72,88.96,876.766,1.4,38.54,13.44,1612.69,4337523.88,1781516.91
00:07:06.51,18/01/2026,10:37:59,17_T02,39.121622319,10.189920093,0.2,1613.69,89.22,876.894,1.4,38.54,13.44,1612.69,4337524.04,1781516.97
00:07:07.48,18/01/2026,10:38:00,17_T02,39.121622794,10.189921688,0.2,1613.66,89.40,877.007,1.4,38.54,13.44,1612.64,4337524.18,1781517.02
00:07:08.65,18/01/2026,10:38:01,17_T02,39.121622701,10.189922769,0.2,1613.62,89.67,877.099,1.4,38.54,13.44,1612.64,4337524.27,1781517.01
00:07:09.58,18/01/2026,10:38:02,17_T02,39.121622629,10.189924002,0.2,1613.58,89.81,877.203,1.5,38.54,13.43,1612.55,4337524.38,1781517.01
00:07:10.58,18/01/2026,10:38:03,17_T02,39.121622695,10.189925305,0.2,1613.53,89.66,877.307,1.4,38.54,13.43,1612.55,4337524.49,1781517.01
00:07:11.53,18/01/2026,10:38:04,17_T02,39.121622827,10.189926643,0.2,1613.51,89.38,877.411,1.5,38.54,13.43,1612.48,4337524.61,1781517.03
00:07:12.67,18/01/2026,10:38:05,17_T02,39.121623008,10.189927974,0.2,1613.49,89.03,877.514,1.4,38.54,13.43,1612.48,4337524.72,1781517.05
00:07:13.50,18/01/2026,10:38:06,17_T02,39.121623151,10.189929162,0.2,1613.47,88.87,877.606,1.4,38.54,13.43,1612.44,4337524.83,1781517.07
00:07:14.61,18/01/2026,10:38:07,17_T02,39.121623150,10.189930262,0.2,1613.43,88.92,877.696,1.4,38.54,13.43,1612.44,4337524.92,1781517.07
00:07:15.53,18/01/2026,10:38:08,17_T02,39.121623087,10.189931362,0.2,1613.37,89.03,877.788,1.4,38.54,13.43,1612.36,4337525.02,1781517.06
00:07:16.59,18/01/2026,10:38:09,17_T02,39.121624338,10.189933277,0.2,1613.31,89.12,877.899,1.5,38.54,13.43,1612.36,4337525.19,1781517.20
00:07:17.47,18/01/2026,10:38:10,17_T02,39.121625553,10.189935255,0.2,1613.27,89.15,878.015,1.5,38.54,13.43,1612.24,4337525.36,1781517.33
00:07:18.53,18/01/2026,10:38:11,17_T02,39.121625616,10.189936663,0.2,1613.26,89.13,878.128,1.5,38.54,13.43,1612.24,4337525.48,1781517.34
00:07:19.50,18/01/2026,10:38:12,17_T02,39.121625614,10.189937996,0.2,1613.27,89.16,878.238,1.4,38.53,13.44,1612.20,4337525.60,1781517.34
00:07:20.58,18/01/2026,10:38:13,17_T02,39.121625617,10.189939071,0.2,1613.25,89.20,878.325,1.4,38.53,13.44,1612.20,4337525.69,1781517.34
00:07:21.46,18/01/2026,10:38:14,17_T02,39.121625315,10.189939909,0.2,1613.19,89.30,878.405,1.4,38.54,13.43,1612.18,4337525.76,1781517.31
00:07:22.57,18/01/2026,10:38:15,17_T02,39.121624684,10.189941293,0.2,1613.11,89.41,878.542,1.5,38.54,13.43,1612.18,4337525.88,1781517.24
00:07:23.54,18/01/2026,10:38:16,17_T02,39.121624645,10.189942605,0.2,1613.05,89.49,878.651,1.5,38.54,13.43,1612.04,4337526.00,1781517.23
00:07:24.48,18/01/2026,10:38:17,17_T02,39.121624636,10.189944051,0.2,1613.04,89.54,878.770,1.5,38.54,13.43,1612.04,4337526.12,1781517.23
00:07:25.60,18/01/2026,10:38:18,17_T02,39.121624672,10.189945464,0.2,1613.05,89.51,878.884,1.4,38.53,13.44,1611.99,4337526.25,1781517.24
00:07:26.55,18/01/2026,10:38:19,17_T02,39.121624050,10.189945133,0.2,1613.05,89.40,878.880,1.3,38.53,13.44,1611.99,4337526.22,1781517.17
00:07:27.50,18/01/2026,10:38:20,17_T02,39.121623358,10.189944589,0.2,1612.99,89.40,878.861,1.3,38.53,13.44,1611.99,4337526.17,1781517.09
00:07:28.61,18/01/2026,10:38:21,17_T02,39.121623306,10.189945458,0.2,1612.90,89.54,878.935,1.4,38.54,13.44,1611.98,4337526.25,1781517.09
00:07:29.58,18/01/2026,10:38:22,17_T02,39.121623304,10.189946766,0.2,1612.84,89.51,879.042,1.5,38.54,13.44,1611.98,4337526.36,1781517.09
00:07:30.54,18/01/2026,10:38:23,17_T02,39.121623433,10.189948232,0.2,1612.83,89.26,879.157,1.5,38.54,13.44,1611.82,4337526.49,1781517.10
00:07:31.52,18/01/2026,10:38:24,17_T02,39.121624655,10.189949510,0.2,1612.84,89.09,879.216,1.4,38.54,13.44,1611.82,4337526.60,1781517.24
00:07:32.50,18/01/2026,10:38:25,17_T02,39.121625697,10.189950520,0.2,1612.85,89.08,879.260,1.4,38.53,13.44,1611.81,4337526.69,1781517.35
00:07:33.60,18/01/2026,10:38:26,17_T02,39.121625682,10.189951574,0.2,1612.80,89.13,879.347,1.4,38.53,13.44,1611.81,4337526.78,1781517.35
00:07:34.62,18/01/2026,10:38:27,17_T02,39.121625692,10.189952645,0.2,1612.72,89.11,879.434,1.4,38.54,13.43,1611.76,4337526.87,1781517.35
00:07:35.55,18/01/2026,10:38:28,17_T02,39.121625769,10.189953823,0.2,1612.65,89.03,879.528,1.5,38.54,13.43,1611.76,4337526.97,1781517.36
00:07:36.49,18/01/2026,10:38:29,17_T02,39.121625604,10.189955735,0.2,1612.62,89.13,879.691,1.5,38.54,13.43,1611.62,4337527.14,1781517.34
00:07:37.47,18/01/2026,10:38:30,17_T02,39.121625341,10.189957644,0.2,1612.63,89.38,879.857,1.4,38.54,13.43,1611.62,4337527.31,1781517.31
00:07:38.59,18/01/2026,10:38:31,17_T02,39.121625228,10.189958874,0.2,1612.63,89.55,879.962,1.4,38.54,13.43,1611.59,4337527.41,1781517.30
00:07:39.64,18/01/2026,10:38:32,17_T02,39.121625258,10.189959875,0.2,1612.62,89.51,880.043,1.4,38.54,13.43,1611.59,4337527.50,1781517.30
00:07:40.53,18/01/2026,10:38:33,17_T02,39.121625328,10.189960808,0.2,1612.57,89.51,880.117,1.4,38.53,13.43,1611.59,4337527.58,1781517.31
00:07:41.56,18/01/2026,10:38:34,17_T02,39.121624787,10.189961840,0.2,1612.48,89.61,880.221,1.4,38.53,13.43,1611.59,4337527.67,1781517.25
00:07:42.53,18/01/2026,10:38:35,17_T02,39.121624226,10.189963002,0.2,1612.41,89.77,880.337,1.5,38.54,13.43,1611.46,4337527.77,1781517.19
00:07:43.52,18/01/2026,10:38:36,17_T02,39.121624179,10.189964394,0.2,1612.41,89.80,880.453,1.5,38.54,13.43,1611.46,4337527.89,1781517.19
00:07:44.49,18/01/2026,10:38:37,17_T02,39.121624290,10.189965713,0.2,1612.43,89.61,880.557,1.4,38.53,13.44,1611.36,4337528.01,1781517.20
00:07:45.56,18/01/2026,10:38:38,17_T02,39.121624479,10.189966827,0.2,1612.43,89.39,880.641,1.3,38.53,13.44,1611.36,4337528.10,1781517.22
00:07:46.52,18/01/2026,10:38:39,17_T02,39.121624533,10.189967565,0.2,1612.37,89.44,880.699,1.3,38.54,13.43,1611.40,4337528.17,1781517.23
00:07:47.63,18/01/2026,10:38:40,17_T02,39.121623601,10.189967690,0.2,1612.29,89.59,880.744,1.4,38.54,13.43,1611.40,4337528.18,1781517.12
00:07:48.54,18/01/2026,10:38:41,17_T02,39.121622939,10.189968217,0.2,1612.23,89.45,880.812,1.5,38.54,13.43,1611.25,4337528.23,1781517.05
00:07:49.60,18/01/2026,10:38:42,17_T02,39.121623136,10.189969578,0.2,1612.22,89.10,880.916,1.5,38.54,13.43,1611.25,4337528.34,1781517.07
00:07:50.53,18/01/2026,10:38:43,17_T02,39.121623339,10.189970959,0.2,1612.23,88.89,881.022,1.4,38.54,13.43,1611.19,4337528.46,1781517.10
00:07:51.52,18/01/2026,10:38:44,17_T02,39.121623323,10.189972110,0.2,1612.21,88.98,881.117,1.4,38.54,13.43,1611.19,4337528.56,1781517.09
00:07:52.48,18/01/2026,10:38:45,17_T02,39.121624041,10.189973984,0.2,1612.16,89.19,881.244,1.4,38.53,13.43,1611.17,4337528.73,1781517.17
00:07:53.64,18/01/2026,10:38:46,17_T02,39.121624724,10.189975844,0.2,1612.09,89.30,881.370,1.4,38.53,13.43,1611.17,4337528.89,1781517.25
00:07:54.56,18/01/2026,10:38:47,17_T02,39.121624758,10.189977077,0.2,1612.05,89.35,881.470,1.5,38.54,13.43,1611.07,4337529.00,1781517.25
00:07:55.54,18/01/2026,10:38:48,17_T02,39.121624716,10.189978375,0.2,1612.02,89.53,881.578,1.5,38.54,13.43,1611.07,4337529.11,1781517.25
00:07:56.53,18/01/2026,10:38:49,17_T02,39.121624595,10.189979687,0.2,1612.00,89.67,881.690,1.4,38.54,13.44,1611.00,4337529.22,1781517.24
00:07:57.49,18/01/2026,10:38:50,17_T02,39.121625075,10.189982003,0.2,1611.97,89.53,881.862,1.4,38.54,13.44,1611.00,4337529.42,1781517.29
00:07:58.49,18/01/2026,10:38:51,17_T02,39.121625659,10.189984276,0.2,1611.93,89.18,882.026,1.4,38.53,13.43,1610.92,4337529.62,1781517.35
00:07:59.49,18/01/2026,10:38:52,17_T02,39.121625861,10.189985497,0.2,1611.89,88.90,882.119,1.4,38.53,13.43,1610.92,4337529.73,1781517.38
00:08:00.59,18/01/2026,10:38:53,17_T02,39.121625916,10.189986781,0.2,1611.86,88.83,882.222,1.4,38.53,13.43,1610.85,4337529.84,1781517.38
00:08:01.55,18/01/2026,10:38:54,17_T02,39.121625896,10.189988030,0.2,1611.83,88.81,882.325,1.4,38.53,13.43,1610.85,4337529.95,1781517.38
00:08:02.57,18/01/2026,10:38:55,17_T02,39.121624873,10.189988015,0.2,1611.79,88.72,882.362,1.4,38.54,13.43,1610.78,4337529.95,1781517.27
00:08:03.55,18/01/2026,10:38:56,17_T02,39.121623962,10.189988167,0.2,1611.75,88.65,882.408,1.4,38.54,13.43,1610.78,4337529.96,1781517.17
00:08:04.51,18/01/2026,10:38:57,17_T02,39.121623972,10.189989467,0.2,1611.71,88.73,882.514,1.4,38.54,13.43,1610.70,4337530.07,1781517.17
00:08:05.50,18/01/2026,10:38:58,17_T02,39.121623858,10.189990732,0.2,1611.68,88.92,882.622,1.4,38.54,13.43,1610.70,4337530.18,1781517.16
00:08:06.61,18/01/2026,10:38:59,17_T02,39.121623767,10.189992013,0.2,1611.64,89.01,882.730,1.4,38.54,13.43,1610.64,4337530.30,1781517.15
00:08:07.56,18/01/2026,10:39:00,17_T02,39.121622265,10.189992393,0.2,1611.61,89.01,882.817,1.4,38.54,13.43,1610.64,4337530.33,1781516.98
00:08:08.49,18/01/2026,10:39:01,17_T02,39.121621037,10.189992822,0.2,1611.58,89.11,882.898,1.4,38.54,13.43,1610.59,4337530.37,1781516.85
00:08:09.59,18/01/2026,10:39:02,17_T02,39.121620950,10.189994005,0.2,1611.55,89.30,882.998,1.4,38.54,13.43,1610.59,4337530.47,1781516.84
00:08:10.61,18/01/2026,10:39:03,17_T02,39.121620898,10.189995175,0.2,1611.50,89.36,883.096,1.4,38.54,13.43,1610.50,4337530.57,1781516.83
00:08:11.55,18/01/2026,10:39:04,17_T02,39.121620944,10.189996378,0.2,1611.46,89.27,883.193,1.4,38.54,13.43,1610.50,4337530.68,1781516.84
00:08:12.52,18/01/2026,10:39:05,17_T02,39.121621277,10.189997915,0.2,1611.43,89.03,883.306,1.4,38.54,13.44,1610.42,4337530.81,1781516.87
00:08:13.50,18/01/2026,10:39:06,17_T02,39.121621525,10.189999548,0.2,1611.41,88.93,883.431,1.4,38.54,13.44,1610.42,4337530.95,1781516.90
00:08:14.49,18/01/2026,10:39:07,17_T02,39.121621508,10.190000728,0.2,1611.38,88.90,883.528,1.4,38.53,13.43,1610.37,4337531.05,1781516.90
00:08:15.60,18/01/2026,10:39:08,17_T02,39.121621524,10.190002044,0.2,1611.34,88.86,883.635,1.4,38.53,13.43,1610.37,4337531.17,1781516.90
00:08:16.57,18/01/2026,10:39:09,17_T02,39.121621556,10.190003248,0.2,1611.29,88.84,883.733,1.4,38.54,13.43,1610.28,4337531.27,1781516.91
00:08:17.54,18/01/2026,10:39:10,17_T02,39.121620721,10.190003432,0.2,1611.24,88.99,883.779,1.4,38.54,13.43,1610.28,4337531.29,1781516.81
00:08:18.50,18/01/2026,10:39:11,17_T02,39.121619892,10.190003780,0.2,1611.21,89.19,883.838,1.5,38.54,13.44,1610.20,4337531.32,1781516.72
00:08:19.59,18/01/2026,10:39:12,17_T02,39.121619876,10.190005044,0.2,1611.19,89.20,883.942,1.4,38.54,13.44,1610.20,4337531.43,1781516.72
00:08:20.55,18/01/2026,10:39:13,17_T02,39.121619939,10.190006308,0.2,1611.16,89.11,884.044,1.4,38.54,13.44,1610.13,4337531.54,1781516.73
00:08:21.61,18/01/2026,10:39:14,17_T02,39.121619983,10.190007510,0.2,1611.12,89.06,884.140,1.4,38.54,13.44,1610.13,4337531.65,1781516.73
00:08:22.51,18/01/2026,10:39:15,17_T02,39.121619697,10.190008631,0.2,1611.07,88.89,884.243,1.4,38.54,13.44,1610.05,4337531.74,1781516.70
00:08:23.60,18/01/2026,10:39:16,17_T02,39.121619456,10.190009650,0.2,1611.02,88.76,884.335,1.5,38.54,13.44,1610.05,4337531.83,1781516.68
00:08:24.60,18/01/2026,10:39:17,17_T02,39.121619494,10.190010901,0.2,1610.98,88.71,884.436,1.5,38.53,13.44,1609.96,4337531.94,1781516.68
00:08:25.47,18/01/2026,10:39:18,17_T02,39.121619529,10.190012166,0.2,1610.96,88.72,884.539,1.5,38.53,13.44,1609.96,4337532.05,1781516.68
00:08:26.55,18/01/2026,10:39:19,17_T02,39.121619359,10.190013491,0.2,1610.94,89.02,884.653,1.4,38.53,13.44,1609.96,4337532.17,1781516.67
00:08:27.62,18/01/2026,10:39:20,17_T02,39.121619206,10.190014721,0.2,1610.90,89.32,884.760,1.4,38.54,13.44,1609.92,4337532.27,1781516.65
00:08:28.54,18/01/2026,10:39:21,17_T02,39.121618558,10.190015941,0.2,1610.86,89.49,884.884,1.4,38.54,13.44,1609.92,4337532.38,1781516.58
00:08:29.57,18/01/2026,10:39:22,17_T02,39.121617971,10.190017256,0.2,1610.81,89.59,885.013,1.5,38.54,13.44,1609.83,4337532.49,1781516.51
00:08:30.66,18/01/2026,10:39:23,17_T02,39.121617997,10.190018623,0.2,1610.78,89.52,885.124,1.5,38.54,13.44,1609.83,4337532.61,1781516.52
00:08:31.53,18/01/2026,10:39:24,17_T02,39.121618102,10.190019978,0.2,1610.76,89.28,885.231,1.4,38.53,13.44,1609.76,4337532.73,1781516.53
00:08:32.52,18/01/2026,10:39:25,17_T02,39.121618240,10.190021265,0.2,1610.75,89.00,885.332,1.4,38.53,13.44,1609.76,4337532.84,1781516.54
00:08:33.47,18/01/2026,10:39:26,17_T02,39.121618036,10.190022337,0.2,1610.72,88.81,885.427,1.4,38.54,13.44,1609.71,4337532.94,1781516.52
00:08:34.56,18/01/2026,10:39:27,17_T02,39.121617750,10.190023540,0.2,1610.67,88.75,885.536,1.4,38.54,13.44,1609.71,4337533.04,1781516.49
00:08:35.53,18/01/2026,10:39:28,17_T02,39.121617723,10.190024750,0.2,1610.61,88.80,885.636,1.5,38.54,13.44,1609.66,4337533.15,1781516.49
00:08:36.51,18/01/2026,10:39:29,17_T02,39.121617643,10.190026031,0.2,1610.57,88.88,885.744,1.4,38.54,13.44,1609.66,4337533.26,1781516.48
00:08:37.46,18/01/2026,10:39:30,17_T02,39.121617661,10.190027348,0.2,1610.56,88.90,885.852,1.4,38.54,13.44,1609.55,4337533.37,1781516.48
00:08:38.57,18/01/2026,10:39:31,17_T02,39.121616931,10.190027261,0.2,1610.56,88.97,885.872,1.4,38.54,13.44,1609.55,4337533.36,1781516.40
00:08:39.59,18/01/2026,10:39:32,17_T02,39.121616276,10.190027218,0.2,1610.52,89.17,885.892,1.4,38.53,13.44,1609.53,4337533.36,1781516.33
00:08:40.57,18/01/2026,10:39:33,17_T02,39.121616146,10.190028264,0.2,1610.47,89.42,885.983,1.4,38.53,13.44,1609.53,4337533.45,1781516.31
00:08:41.54,18/01/2026,10:39:34,17_T02,39.121616068,10.190029386,0.2,1610.43,89.52,886.078,1.4,38.54,13.43,1609.44,4337533.55,1781516.31
00:08:42.50,18/01/2026,10:39:35,17_T02,39.121616121,10.190030441,0.2,1610.42,89.49,886.162,1.4,38.54,13.43,1609.44,4337533.64,1781516.31
00:08:43.48,18/01/2026,10:39:36,17_T02,39.121615640,10.190030463,0.2,1610.41,89.59,886.182,1.4,38.53,13.43,1609.39,4337533.64,1781516.26
00:08:44.59,18/01/2026,10:39:37,17_T02,39.121615030,10.190030477,0.2,1610.37,89.90,886.206,1.4,38.53,13.43,1609.39,4337533.64,1781516.19
00:08:45.60,18/01/2026,10:39:38,17_T02,39.121614871,10.190031403,0.2,1610.31,90.20,886.287,1.4,38.54,13.44,1609.35,4337533.73,1781516.17
00:08:46.48,18/01/2026,10:39:39,17_T02,39.121614840,10.190032489,0.2,1610.25,90.20,886.378,1.5,38.54,13.44,1609.35,4337533.82,1781516.17
00:08:47.59,18/01/2026,10:39:40,17_T02,39.121615046,10.190033811,0.2,1610.22,89.82,886.478,1.5,38.54,13.44,1609.23,4337533.93,1781516.19
00:08:48.48,18/01/2026,10:39:41,17_T02,39.121614005,10.190033860,0.2,1610.21,89.35,886.521,1.4,38.54,13.44,1609.23,4337533.94,1781516.08
00:08:49.47,18/01/2026,10:39:42,17_T02,39.121613032,10.190033985,0.2,1610.21,89.06,886.567,1.4,38.54,13.44,1609.18,4337533.95,1781515.97
00:08:50.56,18/01/2026,10:39:43,17_T02,39.121613087,10.190035095,0.2,1610.17,88.96,886.656,1.4,38.54,13.44,1609.18,4337534.05,1781515.98
00:08:51.58,18/01/2026,10:39:44,17_T02,39.121613066,10.190036175,0.2,1610.12,88.99,886.745,1.4,38.54,13.44,1609.15,4337534.14,1781515.98
00:08:52.51,18/01/2026,10:39:45,17_T02,39.121613033,10.190037448,0.2,1610.05,89.06,886.851,1.4,38.54,13.44,1609.15,4337534.25,1781515.97
00:08:53.51,18/01/2026,10:39:46,17_T02,39.121612344,10.190038878,0.2,1610.01,89.21,886.994,1.5,38.54,13.44,1609.02,4337534.38,1781515.90
00:08:54.60,18/01/2026,10:39:47,17_T02,39.121611602,10.190040527,0.2,1609.98,89.39,887.156,1.5,38.54,13.44,1609.02,4337534.52,1781515.82
00:08:55.55,18/01/2026,10:39:48,17_T02,39.121611564,10.190041824,0.2,1609.97,89.41,887.264,1.4,38.53,13.44,1608.95,4337534.63,1781515.81
00:08:56.46,18/01/2026,10:39:49,17_T02,39.121611606,10.190043082,0.2,1609.94,89.28,887.365,1.4,38.53,13.44,1608.95,4337534.74,1781515.82
00:08:57.57,18/01/2026,10:39:50,17_T02,39.121611670,10.190044207,0.2,1609.91,89.17,887.455,1.4,38.54,13.44,1608.92,4337534.84,1781515.82
00:08:58.49,18/01/2026,10:39:51,17_T02,39.121612542,10.190046151,0.2,1609.87,89.14,887.582,1.4,38.54,13.44,1608.92,4337535.01,1781515.92
00:08:59.58,18/01/2026,10:39:52,17_T02,39.121613414,10.190048263,0.2,1609.81,89.15,887.722,1.4,38.54,13.44,1608.83,4337535.19,1781516.02
00:09:00.54,18/01/2026,10:39:53,17_T02,39.121613410,10.190049497,0.2,1609.77,89.11,887.824,1.5,38.54,13.44,1608.83,4337535.30,1781516.02
00:09:01.51,18/01/2026,10:39:54,17_T02,39.121613457,10.190050614,0.2,1609.74,89.00,887.913,1.5,38.54,13.44,1608.74,4337535.40,1781516.02
00:09:02.57,18/01/2026,10:39:55,17_T02,39.121613556,10.190052199,0.2,1609.72,88.86,888.040,1.4,38.54,13.44,1608.74,4337535.53,1781516.03
00:09:03.52,18/01/2026,10:39:56,17_T02,39.121613878,10.190053647,0.2,1609.69,88.76,888.146,1.4,38.54,13.44,1608.69,4337535.66,1781516.07
00:09:04.49,18/01/2026,10:39:57,17_T02,39.121614173,10.190055271,0.2,1609.67,88.72,888.268,1.4,38.54,13.44,1608.69,4337535.80,1781516.10
00:09:05.59,18/01/2026,10:39:58,17_T02,39.121614124,10.190056305,0.2,1609.66,88.79,888.355,1.4,38.54,13.43,1608.63,4337535.89,1781516.10
00:09:06.49,18/01/2026,10:39:59,17_T02,39.121614127,10.190057204,0.2,1609.63,88.92,888.428,1.3,38.54,13.43,1608.63,4337535.97,1781516.10
00:09:07.60,18/01/2026,10:40:00,17_T02,39.121614000,10.190058167,0.2,1609.56,89.31,888.512,1.4,38.54,13.44,1608.57,4337536.05,1781516.08
00:09:08.53,18/01/2026,10:40:01,17_T02,39.121613706,10.190059247,0.2,1609.49,89.81,888.611,1.5,38.54,13.44,1608.57,4337536.15,1781516.05
00:09:09.50,18/01/2026,10:40:02,17_T02,39.121612657,10.190059697,0.2,1609.45,89.88,888.687,1.5,38.54,13.44,1608.45,4337536.19,1781515.94
00:09:10.60,18/01/2026,10:40:03,17_T02,39.121611881,10.190060375,0.2,1609.45,89.37,888.772,1.5,38.54,13.44,1608.45,4337536.25,1781515.85
00:09:11.55,18/01/2026,10:40:04,17_T02,39.121612122,10.190061457,0.2,1609.45,88.89,888.851,1.4,38.53,13.44,1608.41,4337536.34,1781515.88
00:09:12.46,18/01/2026,10:40:05,17_T02,39.121612249,10.190062825,0.2,1609.43,88.76,888.958,1.4,38.53,13.44,1608.41,4337536.46,1781515.89
00:09:13.58,18/01/2026,10:40:06,17_T02,39.121612184,10.190063678,0.2,1609.38,88.85,889.031,1.4,38.54,13.44,1608.38,4337536.53,1781515.88
00:09:14.54,18/01/2026,10:40:07,17_T02,39.121612961,10.190065798,0.2,1609.30,89.00,889.176,1.5,38.54,13.44,1608.38,4337536.72,1781515.97
00:09:15.61,18/01/2026,10:40:08,17_T02,39.121613826,10.190068384,0.2,1609.24,89.02,889.355,1.5,38.54,13.44,1608.25,4337536.94,1781516.07
00:09:16.59,18/01/2026,10:40:09,17_T02,39.121613780,10.190069787,0.2,1609.22,89.11,889.472,1.5,38.54,13.44,1608.25,4337537.06,1781516.06
00:09:17.51,18/01/2026,10:40:10,17_T02,39.121613635,10.190071277,0.2,1609.23,89.34,889.599,1.5,38.54,13.44,1608.20,4337537.19,1781516.05
00:09:18.60,18/01/2026,10:40:11,17_T02,39.121613522,10.190072503,0.2,1609.23,89.49,889.704,1.4,38.54,13.44,1608.20,4337537.30,1781516.03
00:09:19.57,18/01/2026,10:40:12,17_T02,39.121614089,10.190074606,0.2,1609.20,89.51,889.855,1.4,38.54,13.44,1608.19,4337537.48,1781516.10
00:09:20.58,18/01/2026,10:40:13,17_T02,39.121614711,10.190076550,0.2,1609.16,89.34,889.991,1.4,38.54,13.44,1608.19,4337537.65,1781516.17
00:09:21.50,18/01/2026,10:40:14,17_T02,39.121614875,10.190077560,0.2,1609.11,89.06,890.068,1.4,38.54,13.44,1608.09,4337537.74,1781516.18
00:09:22.56,18/01/2026,10:40:15,17_T02,39.121614958,10.190078781,0.2,1609.05,88.95,890.165,1.4,38.54,13.44,1608.09,4337537.85,1781516.19
00:09:23.49,18/01/2026,10:40:16,17_T02,39.121614962,10.190080145,0.2,1609.02,88.89,890.276,1.5,38.54,13.44,1608.00,4337537.97,1781516.19
00:09:24.48,18/01/2026,10:40:17,17_T02,39.121614276,10.190080533,0.2,1609.00,88.72,890.333,1.4,38.54,13.44,1608.00,4337538.00,1781516.12
00:09:25.58,18/01/2026,10:40:18,17_T02,39.121613713,10.190080930,0.2,1608.98,88.55,890.387,1.4,38.54,13.44,1608.00,4337538.03,1781516.06
00:09:26.57,18/01/2026,10:40:19,17_T02,39.121613718,10.190082177,0.2,1608.96,88.62,890.489,1.4,38.53,13.44,1607.95,4337538.14,1781516.06
00:09:27.52,18/01/2026,10:40:20,17_T02,39.121613569,10.190083203,0.2,1608.95,88.90,890.578,1.4,38.53,13.44,1607.95,4337538.23,1781516.04
00:09:28.60,18/01/2026,10:40:21,17_T02,39.121613470,10.190084043,0.2,1608.92,89.16,890.651,1.3,38.54,13.43,1607.91,4337538.31,1781516.03
00:09:29.60,18/01/2026,10:40:22,17_T02,39.121612944,10.190084372,0.2,1608.85,89.53,890.697,1.4,38.54,13.43,1607.91,4337538.33,1781515.97
00:09:30.54,18/01/2026,10:40:23,17_T02,39.121612331,10.190084938,0.2,1608.77,90.17,890.766,1.5,38.54,13.44,1607.85,4337538.38,1781515.91
00:09:31.47,18/01/2026,10:40:24,17_T02,39.121612071,10.190086300,0.2,1608.72,90.58,890.888,1.5,38.54,13.44,1607.85,4337538.50,1781515.88
00:09:32.52,18/01/2026,10:40:25,17_T02,39.121612133,10.190087815,0.2,1608.72,90.28,891.010,1.5,38.54,13.44,1607.69,4337538.63,1781515.88
00:09:33.60,18/01/2026,10:40:26,17_T02,39.121612520,10.190089194,0.2,1608.74,89.50,891.108,1.4,38.54,13.44,1607.69,4337538.75,1781515.93
00:09:34.47,18/01/2026,10:40:27,17_T02,39.121612664,10.190090317,0.2,1608.74,89.05,891.195,1.3,38.54,13.44,1607.70,4337538.85,1781515.94
00:09:35.53,18/01/2026,10:40:28,17_T02,39.121612647,10.190091046,0.2,1608.69,89.02,891.255,1.3,38.54,13.44,1607.70,4337538.91,1781515.94
00:09:36.59,18/01/2026,10:40:29,17_T02,39.121612619,10.190091863,0.2,1608.59,89.13,891.323,1.4,38.54,13.44,1607.67,4337538.99,1781515.94
00:09:37.49,18/01/2026,10:40:30,17_T02,39.121612601,10.190093073,0.2,1608.52,89.09,891.423,1.6,38.54,13.44,1607.67,4337539.09,1781515.94
00:09:38.53,18/01/2026,10:40:31,17_T02,39.121612737,10.190094523,0.2,1608.50,88.85,891.536,1.5,38.54,13.44,1607.49,4337539.22,1781515.95
00:09:39.59,18/01/2026,10:40:32,17_T02,39.121612122,10.190095200,0.2,1608.51,88.75,891.615,1.5,38.54,13.44,1607.49,4337539.28,1781515.88
00:09:40.49,18/01/2026,10:40:33,17_T02,39.121611545,10.190095775,0.2,1608.52,88.87,891.683,1.4,38.53,13.44,1607.47,4337539.33,1781515.82
00:09:41.62,18/01/2026,10:40:34,17_T02,39.121611382,10.190096856,0.2,1608.51,89.23,891.778,1.4,38.53,13.44,1607.47,4337539.42,1781515.80
00:09:42.60,18/01/2026,10:40:35,17_T02,39.121611258,10.190097838,0.2,1608.46,89.51,891.863,1.3,38.54,13.44,1607.47,4337539.51,1781515.79
00:09:43.54,18/01/2026,10:40:36,17_T02,39.121611235,10.190098853,0.2,1608.37,89.67,891.947,1.4,38.54,13.44,1607.47,4337539.59,1781515.79
00:09:44.46,18/01/2026,10:40:37,17_T02,39.121610683,10.190099550,0.2,1608.30,89.93,892.025,1.5,38.54,13.44,1607.34,4337539.66,1781515.73
00:09:45.55,18/01/2026,10:40:38,17_T02,39.121610074,10.190100606,0.2,1608.28,90.14,892.134,1.5,38.54,13.44,1607.34,4337539.75,1781515.66
00:09:46.52,18/01/2026,10:40:39,17_T02,39.121610101,10.190102099,0.2,1608.28,89.92,892.255,1.5,38.54,13.44,1607.25,4337539.88,1781515.66
00:09:47.59,18/01/2026,10:40:40,17_T02,39.121610371,10.190103367,0.2,1608.29,89.31,892.349,1.4,38.54,13.44,1607.25,4337539.99,1781515.69
00:09:48.53,18/01/2026,10:40:41,17_T02,39.121610625,10.190104505,0.2,1608.26,88.93,892.433,1.3,38.54,13.43,1607.24,4337540.09,1781515.72
00:09:49.48,18/01/2026,10:40:42,17_T02,39.121610657,10.190105553,0.2,1608.20,88.93,892.517,1.4,38.54,13.43,1607.24,4337540.18,1781515.73
00:09:50.48,18/01/2026,10:40:43,17_T02,39.121611407,10.190107366,0.2,1608.12,88.93,892.638,1.4,38.54,13.43,1607.15,4337540.34,1781515.81
00:09:51.48,18/01/2026,10:40:44,17_T02,39.121612154,10.190109305,0.2,1608.06,88.76,892.769,1.5,38.54,13.43,1607.15,4337540.50,1781515.89
00:09:52.55,18/01/2026,10:40:45,17_T02,39.121612269,10.190110758,0.2,1608.03,88.53,892.883,1.5,38.54,13.44,1607.00,4337540.63,1781515.90
00:09:53.52,18/01/2026,10:40:46,17_T02,39.121612389,10.190112251,0.2,1608.02,88.42,893.001,1.5,38.54,13.44,1607.00,4337540.76,1781515.92
00:09:54.49,18/01/2026,10:40:47,17_T02,39.121612345,10.190113513,0.2,1608.01,88.56,893.106,1.4,38.54,13.44,1606.96,4337540.87,1781515.91
00:09:55.57,18/01/2026,10:40:48,17_T02,39.121611437,10.190114811,0.2,1608.00,88.78,893.246,1.4,38.54,13.44,1606.96,4337540.98,1781515.81
00:09:56.54,18/01/2026,10:40:49,17_T02,39.121610732,10.190115866,0.2,1607.95,88.93,893.359,1.4,38.54,13.44,1606.94,4337541.07,1781515.74
00:09:57.49,18/01/2026,10:40:50,17_T02,39.121610689,10.190116947,0.2,1607.86,89.15,893.449,1.4,38.54,13.44,1606.94,4337541.17,1781515.73
00:09:58.59,18/01/2026,10:40:51,17_T02,39.121610428,10.190118164,0.2,1607.79,89.74,893.559,1.5,38.54,13.44,1606.79,4337541.27,1781515.70
00:09:59.52,18/01/2026,10:40:52,17_T02,39.121610150,10.190119688,0.2,1607.76,90.15,893.694,1.5,38.54,13.44,1606.79,4337541.41,1781515.67
00:10:00.49,18/01/2026,10:40:53,17_T02,39.121609435,10.190120481,0.2,1607.78,89.96,893.785,1.5,38.54,13.44,1606.71,4337541.48,1781515.59
00:10:01.61,18/01/2026,10:40:54,17_T02,39.121609076,10.190121081,0.2,1607.78,89.37,893.848,1.4,38.54,13.44,1606.71,4337541.53,1781515.55
00:10:02.57,18/01/2026,10:40:55,17_T02,39.121609319,10.190122096,0.2,1607.74,89.02,893.922,1.4,38.54,13.44,1606.71,4337541.62,1781515.58
00:10:03.56,18/01/2026,10:40:56,17_T02,39.121609407,10.190122827,0.2,1607.66,88.95,893.978,1.4,38.54,13.44,1606.71,4337541.68,1781515.59
00:10:04.51,18/01/2026,10:40:57,17_T02,39.121609381,10.190124074,0.2,1607.59,88.86,894.082,1.5,38.54,13.44,1606.59,4337541.79,1781515.59
00:10:05.48,18/01/2026,10:40:58,17_T02,39.121608856,10.190124824,0.2,1607.56,88.48,894.163,1.5,38.54,13.44,1606.59,4337541.85,1781515.53
00:10:06.54,18/01/2026,10:40:59,17_T02,39.121608575,10.190125650,0.2,1607.56,88.03,894.241,1.5,38.54,13.44,1606.49,4337541.93,1781515.50
00:10:07.49,18/01/2026,10:41:00,17_T02,39.121608704,10.190126985,0.2,1607.55,87.89,894.345,1.4,38.54,13.44,1606.49,4337542.04,1781515.51
00:10:08.48,18/01/2026,10:41:01,17_T02,39.121608545,10.190128182,0.2,1607.51,88.20,894.449,1.4,38.54,13.44,1606.49,4337542.15,1781515.50
00:10:09.58,18/01/2026,10:41:02,17_T02,39.121608302,10.190129392,0.2,1607.46,88.58,894.557,1.4,38.54,13.44,1606.49,4337542.25,1781515.47
00:10:10.51,18/01/2026,10:41:03,17_T02,39.121608152,10.190131194,0.2,1607.42,88.85,894.710,1.5,38.54,13.44,1606.38,4337542.41,1781515.45
00:10:11.58,18/01/2026,10:41:04,17_T02,39.121607999,10.190132859,0.2,1607.38,89.31,894.852,1.4,38.54,13.44,1606.38,4337542.55,1781515.44
00:10:12.49,18/01/2026,10:41:05,17_T02,39.121607694,10.190134016,0.2,1607.33,89.97,894.959,1.4,38.54,13.44,1606.29,4337542.65,1781515.40
00:10:13.57,18/01/2026,10:41:06,17_T02,39.121607388,10.190135337,0.2,1607.29,90.36,895.078,1.5,38.54,13.44,1606.29,4337542.77,1781515.37
00:10:14.46,18/01/2026,10:41:07,17_T02,39.121607421,10.190136678,0.2,1607.26,90.08,895.187,1.5,38.54,13.44,1606.23,4337542.89,1781515.37
00:10:15.53,18/01/2026,10:41:08,17_T02,39.121608782,10.190138573,0.2,1607.25,89.34,895.291,1.4,38.54,13.44,1606.23,4337543.05,1781515.53
00:10:16.59,18/01/2026,10:41:09,17_T02,39.121609972,10.190140182,0.2,1607.23,88.78,895.379,1.4,38.54,13.44,1606.18,4337543.19,1781515.66
00:10:17.56,18/01/2026,10:41:10,17_T02,39.121610073,10.190141385,0.2,1607.19,88.58,895.474,1.4,38.54,13.44,1606.18,4337543.30,1781515.67
00:10:18.50,18/01/2026,10:41:11,17_T02,39.121610116,10.190142549,0.2,1607.13,88.37,895.567,1.4,38.53,13.44,1606.10,4337543.40,1781515.67
00:10:19.60,18/01/2026,10:41:12,17_T02,39.121610218,10.190143817,0.2,1607.08,88.12,895.667,1.5,38.53,13.44,1606.10,4337543.51,1781515.68
00:10:20.60,18/01/2026,10:41:13,17_T02,39.121610435,10.190146383,0.2,1607.05,88.32,895.869,1.5,38.54,13.44,1606.01,4337543.73,1781515.71
00:10:21.55,18/01/2026,10:41:14,17_T02,39.121610467,10.190148749,0.2,1607.03,88.88,896.062,1.4,38.54,13.44,1606.01,4337543.94,1781515.71
00:10:22.51,18/01/2026,10:41:15,17_T02,39.121610184,10.190150086,0.2,1607.01,89.40,896.182,1.4,38.53,13.44,1605.96,4337544.05,1781515.68
00:10:23.49,18/01/2026,10:41:16,17_T02,39.121610038,10.190151259,0.2,1606.98,89.58,896.284,1.4,38.53,13.44,1605.96,4337544.15,1781515.67
00:10:24.50,18/01/2026,10:41:17,17_T02,39.121610100,10.190152366,0.2,1606.93,89.44,896.372,1.4,38.53,13.44,1605.96,4337544.25,1781515.67
00:10:25.50,18/01/2026,10:41:18,17_T02,39.121610602,10.190153995,0.2,1606.87,89.28,896.487,1.4,38.54,13.43,1605.89,4337544.39,1781515.73
00:10:26.47,18/01/2026,10:41:19,17_T02,39.121610950,10.190155611,0.2,1606.83,89.27,896.606,1.5,38.54,13.43,1605.89,4337544.53,1781515.77
00:10:27.59,18/01/2026,10:41:20,17_T02,39.121610935,10.190156963,0.2,1606.80,89.18,896.717,1.5,38.54,13.44,1605.77,4337544.65,1781515.77
00:10:28.60,18/01/2026,10:41:21,17_T02,39.121611072,10.190158296,0.2,1606.78,88.88,896.821,1.4,38.54,13.44,1605.77,4337544.77,1781515.78
00:10:29.47,18/01/2026,10:41:22,17_T02,39.121611266,10.190159492,0.2,1606.75,88.53,896.912,1.4,38.54,13.44,1605.73,4337544.87,1781515.80
00:10:30.58,18/01/2026,10:41:23,17_T02,39.121611365,10.190160811,0.2,1606.71,88.43,897.017,1.4,38.54,13.44,1605.73,4337544.99,1781515.82
00:10:31.55,18/01/2026,10:41:24,17_T02,39.121611934,10.190162733,0.2,1606.66,88.58,897.153,1.4,38.54,13.44,1605.66,4337545.15,1781515.88
00:10:32.52,18/01/2026,10:41:25,17_T02,39.121612576,10.190164951,0.2,1606.62,88.65,897.311,1.4,38.54,13.44,1605.66,4337545.35,1781515.95
00:10:33.49,18/01/2026,10:41:26,17_T02,39.121612613,10.190166284,0.2,1606.59,88.67,897.418,1.4,38.54,13.44,1605.57,4337545.46,1781515.95
00:10:34.51,18/01/2026,10:41:27,17_T02,39.121612595,10.190167649,0.2,1606.56,88.84,897.531,1.4,38.54,13.44,1605.57,4337545.58,1781515.95
00:10:35.61,18/01/2026,10:41:28,17_T02,39.121612433,10.190168892,0.2,1606.53,89.18,897.639,1.4,38.53,13.44,1605.50,4337545.69,1781515.93
00:10:36.58,18/01/2026,10:41:29,17_T02,39.121612744,10.190171052,0.2,1606.50,89.37,897.804,1.4,38.53,13.44,1605.50,4337545.88,1781515.97
00:10:37.58,18/01/2026,10:41:30,17_T02,39.121613148,10.190173088,0.2,1606.46,89.36,897.956,1.4,38.54,13.43,1605.44,4337546.05,1781516.01
00:10:38.54,18/01/2026,10:41:31,17_T02,39.121613207,10.190174243,0.2,1606.41,89.36,898.048,1.4,38.54,13.43,1605.44,4337546.15,1781516.02
00:10:39.54,18/01/2026,10:41:32,17_T02,39.121613174,10.190175559,0.2,1606.37,89.45,898.157,1.5,38.54,13.44,1605.35,4337546.27,1781516.02
00:10:40.51,18/01/2026,10:41:33,17_T02,39.121613137,10.190176959,0.2,1606.33,89.44,898.273,1.5,38.54,13.44,1605.35,4337546.39,1781516.01
00:10:41.51,18/01/2026,10:41:34,17_T02,39.121613575,10.190178993,0.2,1606.31,89.25,898.423,1.4,38.54,13.44,1605.27,4337546.57,1781516.06
00:10:42.49,18/01/2026,10:41:35,17_T02,39.121614087,10.190181026,0.2,1606.28,88.95,898.571,1.4,38.54,13.44,1605.27,4337546.74,1781516.12
00:10:43.46,18/01/2026,10:41:36,17_T02,39.121614204,10.190182260,0.2,1606.24,88.79,898.667,1.4,38.54,13.44,1605.22,4337546.85,1781516.13
00:10:44.58,18/01/2026,10:41:37,17_T02,39.121614236,10.190183514,0.2,1606.20,88.75,898.769,1.4,38.54,13.44,1605.22,4337546.96,1781516.14
00:10:45.52,18/01/2026,10:41:38,17_T02,39.121614276,10.190184767,0.2,1606.16,88.67,898.870,1.4,38.53,13.45,1605.13,4337547.07,1781516.14
00:10:46.50,18/01/2026,10:41:39,17_T02,39.121613473,10.190185334,0.2,1606.12,88.63,898.947,1.4,38.53,13.45,1605.13,4337547.12,1781516.05
00:10:47.47,18/01/2026,10:41:40,17_T02,39.121612716,10.190186000,0.2,1606.09,88.79,899.029,1.4,38.54,13.44,1605.05,4337547.18,1781515.97
00:10:48.59,18/01/2026,10:41:41,17_T02,39.121612556,10.190187294,0.2,1606.06,89.08,899.141,1.4,38.54,13.44,1605.05,4337547.29,1781515.95
00:10:49.58,18/01/2026,10:41:42,17_T02,39.121612429,10.190188568,0.2,1606.03,89.30,899.250,1.4,38.53,13.43,1604.98,4337547.40,1781515.94
00:10:50.54,18/01/2026,10:41:43,17_T02,39.121612409,10.190189752,0.2,1605.99,89.37,899.348,1.4,38.53,13.43,1604.98,4337547.50,1781515.94
00:10:51.47,18/01/2026,10:41:44,17_T02,39.121613115,10.190190842,0.2,1605.94,89.39,899.411,1.4,38.54,13.43,1604.92,4337547.60,1781516.01
00:10:52.58,18/01/2026,10:41:45,17_T02,39.121614525,10.190192676,0.2,1605.90,89.42,899.509,1.4,38.54,13.43,1604.92,4337547.76,1781516.17
00:10:53.46,18/01/2026,10:41:46,17_T02,39.121614558,10.190193961,0.2,1605.87,89.33,899.613,1.4,38.54,13.44,1604.83,4337547.87,1781516.17
00:10:54.58,18/01/2026,10:41:47,17_T02,39.121614693,10.190195378,0.2,1605.85,89.08,899.724,1.4,38.54,13.44,1604.83,4337547.99,1781516.19
00:10:55.56,18/01/2026,10:41:48,17_T02,39.121614841,10.190196625,0.2,1605.82,88.88,899.820,1.4,38.53,13.44,1604.77,4337548.10,1781516.21
00:10:56.58,18/01/2026,10:41:49,17_T02,39.121614314,10.190196277,0.2,1605.78,88.85,899.811,1.4,38.53,13.44,1604.77,4337548.07,1781516.15
00:10:57.53,18/01/2026,10:41:50,17_T02,39.121613722,10.190196097,0.2,1605.74,88.94,899.819,1.4,38.54,13.43,1604.71,4337548.05,1781516.08
00:10:58.58,18/01/2026,10:41:51,17_T02,39.121613568,10.190197463,0.2,1605.70,89.15,899.936,1.4,38.54,13.43,1604.71,4337548.17,1781516.07
00:10:59.51,18/01/2026,10:41:52,17_T02,39.121613561,10.190198779,0.2,1605.66,89.23,900.044,1.4,38.54,13.43,1604.63,4337548.29,1781516.07
00:11:00.60,18/01/2026,10:41:53,17_T02,39.121613573,10.190200093,0.2,1605.63,89.31,900.152,1.4,38.54,13.43,1604.63,4337548.40,1781516.07
00:11:01.52,18/01/2026,10:41:54,17_T02,39.121613170,10.190200308,0.2,1605.60,89.33,900.184,1.4,38.54,13.44,1604.57,4337548.42,1781516.02
00:11:02.46,18/01/2026,10:41:55,17_T02,39.121612866,10.190200625,0.2,1605.57,89.21,900.221,1.4,38.54,13.44,1604.57,4337548.45,1781515.99
00:11:03.54,18/01/2026,10:41:56,17_T02,39.121613012,10.190201894,0.2,1605.53,88.98,900.320,1.4,38.54,13.44,1604.48,4337548.56,1781516.01
00:11:04.49,18/01/2026,10:41:57,17_T02,39.121613125,10.190203113,0.2,1605.50,88.88,900.416,1.4,38.54,13.44,1604.48,4337548.67,1781516.02
00:11:05.57,18/01/2026,10:41:58,17_T02,39.121613113,10.190204398,0.2,1605.46,88.92,900.521,1.4,38.53,13.43,1604.41,4337548.78,1781516.02
00:11:06.54,18/01/2026,10:41:59,17_T02,39.121612964,10.190205730,0.2,1605.42,89.09,900.636,1.4,38.53,13.43,1604.41,4337548.89,1781516.00
00:11:07.50,18/01/2026,10:42:00,17_T02,39.121613779,10.190206863,0.2,1605.39,89.13,900.698,1.4,38.54,13.43,1604.33,4337548.99,1781516.09
00:11:08.48,18/01/2026,10:42:01,17_T02,39.121614564,10.190208011,0.2,1605.36,89.11,900.763,1.4,38.54,13.43,1604.33,4337549.09,1781516.18
00:11:09.46,18/01/2026,10:42:02,17_T02,39.121614594,10.190209255,0.2,1605.32,89.14,900.864,1.4,38.54,13.44,1604.28,4337549.20,1781516.18
00:11:10.56,18/01/2026,10:42:03,17_T02,39.121614584,10.190210439,0.2,1605.28,89.20,900.961,1.4,38.54,13.44,1604.28,4337549.30,1781516.18
00:11:11.53,18/01/2026,10:42:04,17_T02,39.121614587,10.190211663,0.2,1605.23,89.14,901.061,1.4,38.54,13.44,1604.20,4337549.41,1781516.18
00:11:12.60,18/01/2026,10:42:05,17_T02,39.121615711,10.190214232,0.2,1605.19,88.95,901.230,1.4,38.54,13.44,1604.20,4337549.63,1781516.31
00:11:13.58,18/01/2026,10:42:06,17_T02,39.121616728,10.190216750,0.2,1605.16,88.81,901.398,1.5,38.54,13.44,1604.10,4337549.85,1781516.42
00:11:14.54,18/01/2026,10:42:07,17_T02,39.121616747,10.190218030,0.2,1605.14,88.86,901.502,1.4,38.54,13.44,1604.10,4337549.96,1781516.42
00:11:15.51,18/01/2026,10:42:08,17_T02,39.121616679,10.190219221,0.2,1605.12,88.98,901.603,1.4,38.53,13.44,1604.04,4337550.07,1781516.41
00:11:16.48,18/01/2026,10:42:09,17_T02,39.121616646,10.190220452,0.2,1605.08,89.06,901.705,1.4,38.53,13.44,1604.04,4337550.17,1781516.41
00:11:17.59,18/01/2026,10:42:10,17_T02,39.121616466,10.190221644,0.2,1605.03,89.16,901.809,1.4,38.54,13.43,1603.97,4337550.28,1781516.39
00:11:18.54,18/01/2026,10:42:11,17_T02,39.121616245,10.190222927,0.2,1604.97,89.35,901.922,1.4,38.54,13.43,1603.97,4337550.39,1781516.37
00:11:19.55,18/01/2026,10:42:12,17_T02,39.121616139,10.190224257,0.2,1604.94,89.52,902.035,1.5,38.53,13.44,1603.88,4337550.50,1781516.36
00:11:20.49,18/01/2026,10:42:13,17_T02,39.121616180,10.190225558,0.2,1604.93,89.44,902.140,1.4,38.53,13.44,1603.88,4337550.62,1781516.36
00:11:21.59,18/01/2026,10:42:14,17_T02,39.121616312,10.190226874,0.2,1604.92,89.22,902.243,1.4,38.54,13.43,1603.85,4337550.73,1781516.38
00:11:22.53,18/01/2026,10:42:15,17_T02,39.121616251,10.190228709,0.2,1604.89,89.10,902.396,1.4,38.54,13.43,1603.85,4337550.89,1781516.37
00:11:23.46,18/01/2026,10:42:16,17_T02,39.121616149,10.190230337,0.2,1604.83,89.15,902.533,1.4,38.54,13.43,1603.85,4337551.03,1781516.36
00:11:24.52,18/01/2026,10:42:17,17_T02,39.121616114,10.190231174,0.2,1604.75,89.27,902.603,1.5,38.54,13.43,1603.77,4337551.11,1781516.35
00:11:25.47,18/01/2026,10:42:18,17_T02,39.121616115,10.190232544,0.2,1604.70,89.21,902.715,1.5,38.54,13.43,1603.77,4337551.23,1781516.35
00:11:26.56,18/01/2026,10:42:19,17_T02,39.121616244,10.190234064,0.2,1604.70,89.02,902.834,1.5,38.54,13.44,1603.64,4337551.36,1781516.37
00:11:27.48,18/01/2026,10:42:20,17_T02,39.121616488,10.190235246,0.2,1604.72,88.91,902.922,1.4,38.54,13.44,1603.64,4337551.46,1781516.40
00:11:28.58,18/01/2026,10:42:21,17_T02,39.121616508,10.190236265,0.2,1604.70,89.12,903.005,1.4,38.53,13.43,1603.62,4337551.55,1781516.40
00:11:29.50,18/01/2026,10:42:22,17_T02,39.121616374,10.190237330,0.2,1604.63,89.35,903.097,1.4,38.53,13.43,1603.62,4337551.64,1781516.38
00:11:30.60,18/01/2026,10:42:23,17_T02,39.121616370,10.190238493,0.2,1604.56,89.30,903.192,1.4,38.54,13.43,1603.57,4337551.74,1781516.38
00:11:31.54,18/01/2026,10:42:24,17_T02,39.121616469,10.190239569,0.2,1604.51,89.14,903.277,1.5,38.54,13.43,1603.57,4337551.84,1781516.40
00:11:32.53,18/01/2026,10:42:25,17_T02,39.121616140,10.190242047,0.2,1604.50,89.12,903.492,1.5,38.54,13.44,1603.43,4337552.05,1781516.36
00:11:33.58,18/01/2026,10:42:26,17_T02,39.121615664,10.190244045,0.2,1604.51,89.28,903.673,1.4,38.54,13.44,1603.43,4337552.23,1781516.31
00:11:34.49,18/01/2026,10:42:27,17_T02,39.121615596,10.190245176,0.2,1604.49,89.34,903.769,1.4,38.53,13.43,1603.43,4337552.32,1781516.30
00:11:35.57,18/01/2026,10:42:28,17_T02,39.121615612,10.190246259,0.2,1604.42,89.31,903.857,1.4,38.53,13.43,1603.43,4337552.42,1781516.30
00:11:36.53,18/01/2026,10:42:29,17_T02,39.121615679,10.190247460,0.2,1604.34,89.27,903.953,1.5,38.54,13.43,1603.37,4337552.52,1781516.31
00:11:37.53,18/01/2026,10:42:30,17_T02,39.121615992,10.190248378,0.2,1604.29,89.35,904.016,1.5,38.54,13.43,1603.37,4337552.60,1781516.34
00:11:38.61,18/01/2026,10:42:31,17_T02,39.121616279,10.190249441,0.2,1604.28,89.41,904.092,1.5,38.54,13.43,1603.21,4337552.70,1781516.38
00:11:39.53,18/01/2026,10:42:32,17_T02,39.121616355,10.190250812,0.2,1604.29,89.29,904.202,1.4,38.54,13.43,1603.21,4337552.81,1781516.39
00:11:40.50,18/01/2026,10:42:33,17_T02,39.121616513,10.190251947,0.2,1604.27,89.05,904.289,1.4,38.54,13.43,1603.20,4337552.91,1781516.40
00:11:41.48,18/01/2026,10:42:34,17_T02,39.121616579,10.190252817,0.2,1604.21,88.99,904.358,1.4,38.54,13.43,1603.20,4337552.99,1781516.41
00:11:42.61,18/01/2026,10:42:35,17_T02,39.121616341,10.190254015,0.2,1604.13,89.00,904.465,1.5,38.54,13.43,1603.13,4337553.09,1781516.38
00:11:43.61,18/01/2026,10:42:36,17_T02,39.121616131,10.190255203,0.2,1604.07,88.94,904.570,1.5,38.54,13.43,1603.13,4337553.20,1781516.36
00:11:44.58,18/01/2026,10:42:37,17_T02,39.121616209,10.190256630,0.2,1604.05,88.81,904.684,1.5,38.54,13.43,1602.99,4337553.32,1781516.37
00:11:45.50,18/01/2026,10:42:38,17_T02,39.121616324,10.190258077,0.2,1604.05,88.80,904.798,1.4,38.54,13.43,1602.99,4337553.45,1781516.38
00:11:46.49,18/01/2026,10:42:39,17_T02,39.121616258,10.190259268,0.2,1604.03,89.03,904.898,1.4,38.54,13.43,1602.97,4337553.55,1781516.38
00:11:47.61,18/01/2026,10:42:40,17_T02,39.121616136,10.190260374,0.2,1603.98,89.30,904.993,1.4,38.54,13.43,1602.97,4337553.65,1781516.36
00:11:48.55,18/01/2026,10:42:41,17_T02,39.121615087,10.190261493,0.2,1603.91,89.38,905.124,1.4,38.54,13.43,1602.91,4337553.74,1781516.25
00:11:49.47,18/01/2026,10:42:42,17_T02,39.121614257,10.190262657,0.2,1603.86,89.35,905.250,1.5,38.54,13.43,1602.91,4337553.85,1781516.16
00:11:50.58,18/01/2026,10:42:43,17_T02,39.121614285,10.190264108,0.2,1603.83,89.38,905.368,1.5,38.54,13.43,1602.77,4337553.97,1781516.16
00:11:51.52,18/01/2026,10:42:44,17_T02,39.121614288,10.190265475,0.2,1603.82,89.40,905.480,1.4,38.54,13.43,1602.77,4337554.09,1781516.16
00:11:52.50,18/01/2026,10:42:45,17_T02,39.121614300,10.190266714,0.2,1603.80,89.25,905.581,1.4,38.54,13.43,1602.76,4337554.20,1781516.16
00:11:53.47,18/01/2026,10:42:46,17_T02,39.121615079,10.190269017,0.2,1603.76,89.01,905.740,1.4,38.54,13.43,1602.76,4337554.40,1781516.25
00:11:54.55,18/01/2026,10:42:47,17_T02,39.121615900,10.190271297,0.2,1603.71,88.77,905.897,1.4,38.54,13.43,1602.68,4337554.60,1781516.34
00:11:55.48,18/01/2026,10:42:48,17_T02,39.121615976,10.190272534,0.2,1603.67,88.72,905.995,1.5,38.54,13.43,1602.68,4337554.70,1781516.35
00:11:56.55,18/01/2026,10:42:49,17_T02,39.121615942,10.190273933,0.2,1603.64,88.82,906.111,1.5,38.54,13.43,1602.59,4337554.83,1781516.34
00:11:57.58,18/01/2026,10:42:50,17_T02,39.121615898,10.190275198,0.2,1603.62,88.87,906.216,1.4,38.54,13.43,1602.59,4337554.94,1781516.34
00:11:58.49,18/01/2026,10:42:51,17_T02,39.121616574,10.190275660,0.2,1603.60,88.79,906.229,1.4,38.54,13.44,1602.54,4337554.98,1781516.41
00:11:59.56,18/01/2026,10:42:52,17_T02,39.121617201,10.190276111,0.2,1603.56,88.73,906.242,1.4,38.54,13.44,1602.54,4337555.02,1781516.48
00:12:00.48,18/01/2026,10:42:53,17_T02,39.121617189,10.190277331,0.2,1603.52,88.80,906.343,1.4,38.54,13.43,1602.47,4337555.12,1781516.48
00:12:01.55,18/01/2026,10:42:54,17_T02,39.121617093,10.190278682,0.2,1603.48,88.91,906.457,1.4,38.54,13.43,1602.47,4337555.24,1781516.47
00:12:02.46,18/01/2026,10:42:55,17_T02,39.121617081,10.190279865,0.2,1603.44,88.94,906.554,1.4,38.54,13.43,1602.38,4337555.34,1781516.47
00:12:03.57,18/01/2026,10:42:56,17_T02,39.121617258,10.190280878,0.2,1603.41,89.00,906.631,1.4,38.54,13.43,1602.38,4337555.43,1781516.49
00:12:04.54,18/01/2026,10:42:57,17_T02,39.121617350,10.190281776,0.2,1603.38,89.14,906.701,1.4,38.54,13.43,1602.33,4337555.51,1781516.50
00:12:05.49,18/01/2026,10:42:58,17_T02,39.121617279,10.190282943,0.2,1603.33,89.25,906.799,1.4,38.54,13.43,1602.33,4337555.61,1781516.49
00:12:06.46,18/01/2026,10:42:59,17_T02,39.121617294,10.190284212,0.2,1603.29,89.22,906.902,1.4,38.54,13.43,1602.24,4337555.72,1781516.50
00:12:07.57,18/01/2026,10:43:00,17_T02,39.121617380,10.190285563,0.2,1603.25,89.13,907.010,1.4,38.54,13.43,1602.24,4337555.84,1781516.51
00:12:08.53,18/01/2026,10:43:01,17_T02,39.121617302,10.190287113,0.2,1603.22,89.10,907.140,1.4,38.54,13.43,1602.15,4337555.97,1781516.50
00:12:09.50,18/01/2026,10:43:02,17_T02,39.121617168,10.190288543,0.2,1603.19,89.12,907.262,1.4,38.54,13.43,1602.15,4337556.10,1781516.48
00:12:10.47,18/01/2026,10:43:03,17_T02,39.121617178,10.190289722,0.2,1603.15,89.08,907.358,1.4,38.54,13.43,1602.10,4337556.20,1781516.48
00:12:11.60,18/01/2026,10:43:04,17_T02,39.121617277,10.190290957,0.2,1603.12,88.99,907.456,1.4,38.54,13.43,1602.10,4337556.31,1781516.50
00:12:12.56,18/01/2026,10:43:05,17_T02,39.121617338,10.190292180,0.2,1603.07,89.03,907.553,1.4,38.54,13.44,1602.02,4337556.41,1781516.50
00:12:13.55,18/01/2026,10:43:06,17_T02,39.121617779,10.190292632,0.2,1603.02,88.99,907.574,1.4,38.54,13.44,1602.02,4337556.45,1781516.55
00:12:14.51,18/01/2026,10:43:07,17_T02,39.121618121,10.190293148,0.2,1602.98,89.00,907.604,1.5,38.53,13.44,1601.92,4337556.50,1781516.59
00:12:15.60,18/01/2026,10:43:08,17_T02,39.121618127,10.190294457,0.2,1602.98,89.02,907.711,1.4,38.53,13.44,1601.92,4337556.61,1781516.59
00:12:16.60,18/01/2026,10:43:09,17_T02,39.121618130,10.190295448,0.2,1603.01,89.09,907.792,1.4,38.54,13.43,1601.92,4337556.70,1781516.59
00:12:17.59,18/01/2026,10:43:10,17_T02,39.121618100,10.190296279,0.2,1602.98,89.39,907.861,1.3,38.54,13.43,1601.92,4337556.77,1781516.59
00:12:18.51,18/01/2026,10:43:11,17_T02,39.121617941,10.190297451,0.2,1602.89,89.96,907.963,1.4,38.54,13.43,1601.86,4337556.87,1781516.57
00:12:19.50,18/01/2026,10:43:12,17_T02,39.121617726,10.190298807,0.2,1602.81,90.40,908.082,1.5,38.54,13.43,1601.86,4337556.99,1781516.55
00:12:20.48,18/01/2026,10:43:13,17_T02,39.121617750,10.190300205,0.2,1602.77,90.29,908.195,1.6,38.54,13.44,1601.71,4337557.11,1781516.55
00:12:21.59,18/01/2026,10:43:14,17_T02,39.121618107,10.190301817,0.2,1602.77,89.71,908.314,1.5,38.54,13.44,1601.71,4337557.25,1781516.59
00:12:22.52,18/01/2026,10:43:15,17_T02,39.121618444,10.190303102,0.2,1602.80,89.24,908.407,1.4,38.54,13.44,1601.70,4337557.36,1781516.63
00:12:23.63,18/01/2026,10:43:16,17_T02,39.121618147,10.190304442,0.2,1602.83,89.20,908.528,1.3,38.54,13.44,1601.70,4337557.48,1781516.59
00:12:24.56,18/01/2026,10:43:17,17_T02,39.121617748,10.190305159,0.2,1602.78,89.52,908.601,1.3,38.54,13.44,1601.70,4337557.54,1781516.55
00:12:25.58,18/01/2026,10:43:18,17_T02,39.121617631,10.190305209,0.2,1602.67,89.99,908.610,1.4,38.54,13.44,1601.73,4337557.55,1781516.54
00:12:26.50,18/01/2026,10:43:19,17_T02,39.121617559,10.190306032,0.2,1602.57,90.25,908.680,1.6,38.54,13.44,1601.73,4337557.62,1781516.53
00:12:27.58,18/01/2026,10:43:20,17_T02,39.121617558,10.190307488,0.2,1602.55,90.23,908.799,1.6,38.53,13.44,1601.53,4337557.75,1781516.53
00:12:28.55,18/01/2026,10:43:21,17_T02,39.121617702,10.190309046,0.2,1602.60,89.96,908.921,1.5,38.53,13.44,1601.53,4337557.88,1781516.55
00:12:29.62,18/01/2026,10:43:22,17_T02,39.121619247,10.190310474,0.2,1602.64,89.55,908.981,1.4,38.54,13.44,1601.50,4337558.00,1781516.72
00:12:30.49,18/01/2026,10:43:23,17_T02,39.121620785,10.190311738,0.2,1602.62,89.38,909.027,1.3,38.54,13.44,1601.50,4337558.11,1781516.89
00:12:31.50,18/01/2026,10:43:24,17_T02,39.121620805,10.190312721,0.2,1602.54,89.37,909.107,1.3,38.54,13.43,1601.57,4337558.20,1781516.89
00:12:32.60,18/01/2026,10:43:25,17_T02,39.121620929,10.190313579,0.2,1602.46,89.20,909.172,1.4,38.54,13.43,1601.57,4337558.27,1781516.90
00:12:33.54,18/01/2026,10:43:26,17_T02,39.121621014,10.190314065,0.2,1602.43,88.99,909.209,1.5,38.54,13.44,1601.40,4337558.32,1781516.91
00:12:34.49,18/01/2026,10:43:27,17_T02,39.121622541,10.190314709,0.2,1602.46,88.88,909.205,1.4,38.54,13.44,1601.40,4337558.37,1781517.08
00:12:35.49,18/01/2026,10:43:28,17_T02,39.121624055,10.190315044,0.2,1602.47,88.97,909.176,1.4,38.54,13.44,1601.40,4337558.40,1781517.25
00:12:36.55,18/01/2026,10:43:29,17_T02,39.121623925,10.190314976,0.2,1602.43,89.31,909.175,1.4,38.54,13.44,1601.40,4337558.40,1781517.23
00:12:37.63,18/01/2026,10:43:30,17_T02,39.121623698,10.190314916,0.2,1602.39,89.76,909.179,1.5,38.54,13.44,1601.38,4337558.39,1781517.21
00:12:38.51,18/01/2026,10:43:31,17_T02,39.121623616,10.190315000,0.2,1602.38,89.94,909.189,1.5,38.54,13.44,1601.38,4337558.40,1781517.20
00:12:39.48,18/01/2026,10:43:32,17_T02,39.121623682,10.190316119,0.2,1602.38,89.87,909.278,1.5,38.54,13.44,1601.30,4337558.49,1781517.21
00:12:40.59,18/01/2026,10:43:33,17_T02,39.121623698,10.190317077,0.2,1602.39,89.97,909.356,1.5,38.54,13.44,1601.30,4337558.58,1781517.21
00:12:41.53,18/01/2026,10:43:34,17_T02,39.121623600,10.190317104,0.1,1602.38,90.30,909.362,1.5,38.54,13.44,1601.31,4337558.58,1781517.20
00:12:42.48,18/01/2026,10:43:35,17_T02,39.121623517,10.190317201,0.1,1602.37,90.38,909.373,1.5,38.54,13.44,1601.31,4337558.59,1781517.19
00:12:43.58,18/01/2026,10:43:36,17_T02,39.121623732,10.190317413,0.1,1602.36,89.94,909.382,1.5,38.54,13.44,1601.30,4337558.61,1781517.21
00:12:44.53,18/01/2026,10:43:37,17_T02,39.121623808,10.190318005,0.1,1602.36,89.38,909.428,1.5,38.54,13.44,1601.30,4337558.66,1781517.22
00:12:45.49,18/01/2026,10:43:38,17_T02,39.121623806,10.190318582,0.1,1602.38,88.92,909.475,1.5,38.53,13.44,1601.28,4337558.71,1781517.22
00:12:46.47,18/01/2026,10:43:39,17_T02,39.121623916,10.190318848,0.1,1602.40,88.65,909.493,1.5,38.53,13.44,1601.28,4337558.73,1781517.23
00:12:47.57,18/01/2026,10:43:40,17_T02,39.121623994,10.190319011,0.1,1602.41,88.48,909.503,1.4,38.54,13.44,1601.32,4337558.75,1781517.24
00:12:48.60,18/01/2026,10:43:41,17_T02,39.121624010,10.190319298,0.1,1602.40,88.51,909.526,1.4,38.54,13.44,1601.32,4337558.77,1781517.24
00:12:49.49,18/01/2026,10:43:42,17_T02,39.121623699,10.190320267,0.1,1602.39,88.67,909.617,1.4,38.54,13.43,1601.31,4337558.86,1781517.21
00:12:50.48,18/01/2026,10:43:43,17_T02,39.121623349,10.190321231,0.1,1602.38,88.89,909.709,1.4,38.54,13.43,1601.31,4337558.94,1781517.17
00:12:51.48,18/01/2026,10:43:44,17_T02,39.121623236,10.190321562,0.1,1602.37,89.04,909.740,1.4,38.54,13.43,1601.30,4337558.97,1781517.16
00:12:52.60,18/01/2026,10:43:45,17_T02,39.121623167,10.190321929,0.1,1602.36,89.11,909.773,1.4,38.54,13.43,1601.30,4337559.00,1781517.15
00:12:53.59,18/01/2026,10:43:46,17_T02,39.121623165,10.190322347,0.1,1602.34,89.11,909.807,1.4,38.54,13.44,1601.29,4337559.04,1781517.15
00:12:54.54,18/01/2026,10:43:47,17_T02,39.121622839,10.190322214,0.1,1602.32,89.07,909.809,1.4,38.54,13.44,1601.29,4337559.03,1781517.12
00:12:55.47,18/01/2026,10:43:48,17_T02,39.121622575,10.190322131,0.1,1602.32,88.94,909.812,1.5,38.54,13.44,1601.25,4337559.02,1781517.09
00:12:56.57,18/01/2026,10:43:49,17_T02,39.121622666,10.190322580,0.1,1602.31,88.72,909.845,1.4,38.54,13.44,1601.25,4337559.06,1781517.10
00:12:57.56,18/01/2026,10:43:50,17_T02,39.121622781,10.190323130,0.1,1602.30,88.55,909.886,1.4,38.54,13.44,1601.24,4337559.10,1781517.11
00:12:58.47,18/01/2026,10:43:51,17_T02,39.121622818,10.190323750,0.1,1602.28,88.50,909.935,1.4,38.54,13.44,1601.24,4337559.16,1781517.11
00:12:59.57,18/01/2026,10:43:52,17_T02,39.121623043,10.190323801,0.1,1602.25,88.49,909.931,1.5,38.54,13.44,1601.20,4337559.16,1781517.14
00:13:00.50,18/01/2026,10:43:53,17_T02,39.121623230,10.190323968,0.1,1602.24,88.48,909.938,1.4,38.54,13.44,1601.20,4337559.18,1781517.16
00:13:01.54,18/01/2026,10:43:54,17_T02,39.121623247,10.190324679,0.1,1602.24,88.48,909.995,1.4,38.53,13.44,1601.16,4337559.24,1781517.16
00:13:02.47,18/01/2026,10:43:55,17_T02,39.121623222,10.190325335,0.1,1602.23,88.61,910.050,1.4,38.53,13.44,1601.16,4337559.30,1781517.16
00:13:03.47,18/01/2026,10:43:56,17_T02,39.121623107,10.190325923,0.1,1602.21,88.88,910.102,1.4,38.54,13.43,1601.14,4337559.35,1781517.15
00:13:04.52,18/01/2026,10:43:57,17_T02,39.121622195,10.190325831,0.1,1602.17,89.09,910.129,1.4,38.54,13.43,1601.14,4337559.34,1781517.05
00:13:05.58,18/01/2026,10:43:58,17_T02,39.121621570,10.190326012,0.1,1602.13,89.07,910.167,1.5,38.54,13.43,1601.08,4337559.36,1781516.98
00:13:06.53,18/01/2026,10:43:59,17_T02,39.121621604,10.190327015,0.1,1602.13,89.05,910.248,1.4,38.54,13.43,1601.08,4337559.44,1781516.98
00:13:07.48,18/01/2026,10:44:00,17_T02,39.121621505,10.190327903,0.1,1602.13,89.19,910.324,1.4,38.54,13.43,1601.05,4337559.52,1781516.97
00:13:08.58,18/01/2026,10:44:01,17_T02,39.121621437,10.190328666,0.1,1602.12,89.27,910.389,1.4,38.54,13.43,1601.05,4337559.59,1781516.96
00:13:09.52,18/01/2026,10:44:02,17_T02,39.121621302,10.190329161,0.1,1602.08,89.48,910.435,1.4,38.54,13.43,1601.03,4337559.63,1781516.95
00:13:10.54,18/01/2026,10:44:03,17_T02,39.121620303,10.190328686,0.1,1602.01,89.78,910.433,1.4,38.54,13.43,1601.03,4337559.59,1781516.84
00:13:11.49,18/01/2026,10:44:04,17_T02,39.121619557,10.190328676,0.1,1601.97,89.69,910.460,1.5,38.54,13.43,1600.90,4337559.59,1781516.76
00:13:12.56,18/01/2026,10:44:05,17_T02,39.121619705,10.190329674,0.1,1601.97,89.38,910.536,1.5,38.54,13.43,1600.90,4337559.68,1781516.77
00:13:13.51,18/01/2026,10:44:06,17_T02,39.121619839,10.190330573,0.1,1601.98,89.08,910.605,1.4,38.54,13.44,1600.89,4337559.75,1781516.79
00:13:14.50,18/01/2026,10:44:07,17_T02,39.121619988,10.190331285,0.1,1601.98,88.81,910.658,1.4,38.54,13.44,1600.89,4337559.82,1781516.80
00:13:15.60,18/01/2026,10:44:08,17_T02,39.121619031,10.190332500,0.1,1601.94,88.76,910.793,1.4,38.54,13.43,1600.90,4337559.92,1781516.70
00:13:16.57,18/01/2026,10:44:09,17_T02,39.121618124,10.190333349,0.2,1601.89,88.74,910.896,1.4,38.54,13.43,1600.90,4337560.00,1781516.60
00:13:17.53,18/01/2026,10:44:10,17_T02,39.121618104,10.190333666,0.2,1601.85,88.68,910.923,1.5,38.54,13.43,1600.78,4337560.02,1781516.60
00:13:18.51,18/01/2026,10:44:11,17_T02,39.121618118,10.190334033,0.2,1601.84,88.61,910.952,1.5,38.54,13.43,1600.78,4337560.05,1781516.60
00:13:19.47,18/01/2026,10:44:12,17_T02,39.121618169,10.190334384,0.2,1601.84,88.56,910.979,1.5,38.54,13.43,1600.75,4337560.09,1781516.60
00:13:20.57,18/01/2026,10:44:13,17_T02,39.121618253,10.190335095,0.1,1601.84,88.64,911.034,1.5,38.54,13.43,1600.75,4337560.15,1781516.61
00:13:21.54,18/01/2026,10:44:14,17_T02,39.121618245,10.190335679,0.1,1601.82,88.77,911.082,1.5,38.54,13.43,1600.75,4337560.20,1781516.61
00:13:22.53,18/01/2026,10:44:15,17_T02,39.121618159,10.190335866,0.1,1601.80,88.84,911.101,1.5,38.54,13.43,1600.75,4337560.21,1781516.60
00:13:23.55,18/01/2026,10:44:16,17_T02,39.121618185,10.190336083,0.1,1601.79,88.82,911.118,1.5,38.54,13.43,1600.75,4337560.23,1781516.61
00:13:24.52,18/01/2026,10:44:17,17_T02,39.121618274,10.190336333,0.1,1601.80,88.82,911.135,1.5,38.54,13.44,1600.70,4337560.25,1781516.62
00:13:25.49,18/01/2026,10:44:18,17_T02,39.121618678,10.190337082,0.1,1601.80,88.90,911.181,1.5,38.54,13.44,1600.70,4337560.32,1781516.66
00:13:26.47,18/01/2026,10:44:19,17_T02,39.121619075,10.190337882,0.1,1601.80,88.95,911.232,1.5,38.54,13.44,1600.71,4337560.39,1781516.70
00:13:27.60,18/01/2026,10:44:20,17_T02,39.121619093,10.190338083,0.1,1601.80,88.87,911.248,1.5,38.54,13.44,1600.71,4337560.41,1781516.71
00:13:28.52,18/01/2026,10:44:21,17_T02,39.121619178,10.190338284,0.1,1601.81,88.76,911.261,1.5,38.54,13.43,1600.72,4337560.42,1781516.72
00:13:29.46,18/01/2026,10:44:22,17_T02,39.121619229,10.190338482,0.1,1601.82,88.79,911.275,1.5,38.54,13.43,1600.72,4337560.44,1781516.72
00:13:30.54,18/01/2026,10:44:23,17_T02,39.121618941,10.190339297,0.1,1601.83,88.96,911.353,1.4,38.54,13.43,1600.74,4337560.51,1781516.69
00:13:31.50,18/01/2026,10:44:24,17_T02,39.121618643,10.190340013,0.1,1601.82,89.12,911.422,1.4,38.54,13.43,1600.74,4337560.57,1781516.66
00:13:32.59,18/01/2026,10:44:25,17_T02,39.121618630,10.190340181,0.1,1601.81,89.11,911.437,1.4,38.54,13.43,1600.74,4337560.59,1781516.66
00:13:33.52,18/01/2026,10:44:26,17_T02,39.121618698,10.190340331,0.1,1601.80,89.09,911.446,1.4,38.54,13.43,1600.74,4337560.60,1781516.66
00:13:34.45,18/01/2026,10:44:27,17_T02,39.121618692,10.190340530,0.1,1601.80,89.19,911.463,1.5,38.54,13.43,1600.71,4337560.62,1781516.66
00:13:35.54,18/01/2026,10:44:28,17_T02,39.121617746,10.190339877,0.1,1601.80,89.39,911.445,1.4,38.54,13.43,1600.71,4337560.56,1781516.56
00:13:36.48,18/01/2026,10:44:29,17_T02,39.121616971,10.190339307,0.1,1601.80,89.47,911.427,1.4,38.54,13.44,1600.70,4337560.51,1781516.47
00:13:37.53,18/01/2026,10:44:30,17_T02,39.121617089,10.190339393,0.1,1601.80,89.27,911.429,1.4,38.54,13.44,1600.70,4337560.52,1781516.49
00:13:38.46,18/01/2026,10:44:31,17_T02,39.121617194,10.190339463,0.1,1601.78,89.18,911.431,1.4,38.54,13.44,1600.70,4337560.53,1781516.50
00:13:39.61,18/01/2026,10:44:32,17_T02,39.121617159,10.190339561,0.1,1601.77,89.28,911.441,1.5,38.54,13.44,1600.70,4337560.54,1781516.49
00:13:40.58,18/01/2026,10:44:33,17_T02,39.121618123,10.190341107,0.1,1601.75,89.33,911.531,1.5,38.54,13.44,1600.68,4337560.67,1781516.60
00:13:41.50,18/01/2026,10:44:34,17_T02,39.121619105,10.190342543,0.1,1601.75,89.15,911.612,1.5,38.54,13.44,1600.68,4337560.79,1781516.71
00:13:42.54,18/01/2026,10:44:35,17_T02,39.121619258,10.190342732,0.1,1601.76,88.92,911.622,1.5,38.54,13.43,1600.66,4337560.81,1781516.73
00:13:43.46,18/01/2026,10:44:36,17_T02,39.121619347,10.190342865,0.1,1601.77,88.90,911.630,1.4,38.54,13.43,1600.66,4337560.82,1781516.74
00:13:44.58,18/01/2026,10:44:37,17_T02,39.121619252,10.190342948,0.1,1601.76,89.07,911.640,1.4,38.54,13.43,1600.67,4337560.83,1781516.73
00:13:45.57,18/01/2026,10:44:38,17_T02,39.121619418,10.190343779,0.1,1601.75,89.12,911.702,1.5,38.54,13.43,1600.67,4337560.90,1781516.74
00:13:46.49,18/01/2026,10:44:39,17_T02,39.121619709,10.190344560,0.2,1601.74,89.02,911.755,1.5,38.54,13.44,1600.67,4337560.97,1781516.78
00:13:47.46,18/01/2026,10:44:40,17_T02,39.121619747,10.190344707,0.2,1601.73,89.04,911.766,1.5,38.54,13.44,1600.67,4337560.98,1781516.78
00:13:48.58,18/01/2026,10:44:41,17_T02,39.121619624,10.190344856,0.2,1601.73,89.24,911.783,1.5,38.54,13.44,1600.64,4337561.00,1781516.77
00:13:49.51,18/01/2026,10:44:42,17_T02,39.121619600,10.190345011,0.2,1601.74,89.16,911.796,1.5,38.54,13.44,1600.64,4337561.01,1781516.76
00:13:50.47,18/01/2026,10:44:43,17_T02,39.121619739,10.190345116,0.1,1601.74,88.91,911.799,1.4,38.54,13.43,1600.65,4337561.02,1781516.78
00:13:51.60,18/01/2026,10:44:44,17_T02,39.121619745,10.190344700,0.1,1601.74,88.76,911.765,1.5,38.54,13.43,1600.65,4337560.98,1781516.78
00:13:52.54,18/01/2026,10:44:45,17_T02,39.121619573,10.190344282,0.1,1601.73,88.86,911.737,1.4,38.54,13.43,1600.64,4337560.95,1781516.76
00:13:53.49,18/01/2026,10:44:46,17_T02,39.121619443,10.190344345,0.1,1601.72,89.00,911.747,1.5,38.54,13.43,1600.64,4337560.95,1781516.75
00:13:54.47,18/01/2026,10:44:47,17_T02,39.121619451,10.190344462,0.1,1601.71,88.94,911.757,1.5,38.54,13.43,1600.62,4337560.96,1781516.75
00:13:55.57,18/01/2026,10:44:48,17_T02,39.121619564,10.190344597,0.1,1601.71,88.80,911.764,1.5,38.54,13.43,1600.62,4337560.97,1781516.76
00:13:56.54,18/01/2026,10:44:49,17_T02,39.121619424,10.190344882,0.1,1601.72,88.86,911.792,1.5,38.54,13.43,1600.62,4337561.00,1781516.74
00:13:57.52,18/01/2026,10:44:50,17_T02,39.121619117,10.190345064,0.1,1601.73,89.11,911.818,1.5,38.54,13.43,1600.62,4337561.01,1781516.71
00:13:58.49,18/01/2026,10:44:51,17_T02,39.121619027,10.190345074,0.1,1601.75,89.20,911.823,1.4,38.54,13.43,1600.64,4337561.02,1781516.70
00:13:59.48,18/01/2026,10:44:52,17_T02,39.121619098,10.190344970,0.1,1601.75,89.15,911.811,1.4,38.54,13.43,1600.64,4337561.01,1781516.71
00:14:00.61,18/01/2026,10:44:53,17_T02,39.121619130,10.190344828,0.1,1601.74,89.28,911.799,1.4,38.54,13.44,1600.66,4337560.99,1781516.71
00:14:01.55,18/01/2026,10:44:54,17_T02,39.121619444,10.190344794,0.1,1601.71,89.70,911.784,1.5,38.54,13.44,1600.66,4337560.99,1781516.75
00:14:02.54,18/01/2026,10:44:55,17_T02,39.121619729,10.190344939,0.1,1601.69,89.90,911.785,1.5,38.54,13.44,1600.61,4337561.00,1781516.78
00:14:03.60,18/01/2026,10:44:56,17_T02,39.121619857,10.190345197,0.1,1601.71,89.55,911.802,1.5,38.54,13.44,1600.61,4337561.03,1781516.79
00:14:04.74,18/01/2026,10:44:57,17_T02,39.121620161,10.190345380,0.1,1601.74,89.12,911.805,1.4,38.54,13.44,1600.64,4337561.04,1781516.83
00:14:05.58,18/01/2026,10:44:58,17_T02,39.121620283,10.190345409,0.1,1601.75,89.04,911.803,1.4,38.54,13.44,1600.64,4337561.04,1781516.84
00:14:06.54,18/01/2026,10:44:59,17_T02,39.121619926,10.190345512,0.1,1601.73,89.19,911.825,1.4,38.54,13.44,1600.67,4337561.05,1781516.80
00:14:07.59,18/01/2026,10:45:00,17_T02,39.121619651,10.190345675,0.1,1601.70,89.09,911.849,1.5,38.54,13.44,1600.67,4337561.07,1781516.77
00:14:08.54,18/01/2026,10:45:01,17_T02,39.121619889,10.190345816,0.1,1601.68,88.68,911.851,1.5,38.54,13.44,1600.60,4337561.08,1781516.80
00:14:09.48,18/01/2026,10:45:02,17_T02,39.121620162,10.190346023,0.1,1601.69,88.34,911.858,1.5,38.54,13.44,1600.60,4337561.10,1781516.83
00:14:10.56,18/01/2026,10:45:03,17_T02,39.121620100,10.190346167,0.1,1601.70,88.51,911.872,1.5,38.54,13.43,1600.62,4337561.11,1781516.82
00:14:11.48,18/01/2026,10:45:04,17_T02,39.121620237,10.190346165,0.1,1601.71,88.68,911.867,1.4,38.54,13.43,1600.62,4337561.11,1781516.83
00:14:12.58,18/01/2026,10:45:05,17_T02,39.121620506,10.190346032,0.1,1601.71,88.68,911.846,1.4,38.54,13.43,1600.63,4337561.10,1781516.86
00:14:13.59,18/01/2026,10:45:06,17_T02,39.121620597,10.190345982,0.1,1601.68,88.67,911.839,1.5,38.54,13.43,1600.63,4337561.09,1781516.87
00:14:14.49,18/01/2026,10:45:07,17_T02,39.121620548,10.190346045,0.0,1601.65,88.96,911.845,1.5,38.54,13.43,1600.58,4337561.10,1781516.87
00:14:15.47,18/01/2026,10:45:08,17_T02,39.121620269,10.190346211,0.0,1601.64,89.41,911.870,1.6,38.54,13.43,1600.58,4337561.11,1781516.84
00:14:16.54,18/01/2026,10:45:09,17_T02,39.121620474,10.190346260,0.0,1601.66,89.55,911.866,1.5,38.54,13.44,1600.57,4337561.12,1781516.86
00:14:17.46,18/01/2026,10:45:10,17_T02,39.121621024,10.190346245,0.0,1601.69,89.30,911.844,1.5,38.54,13.44,1600.57,4337561.12,1781516.92
00:14:18.54,18/01/2026,10:45:11,17_T02,39.121621197,10.190346236,0.0,1601.71,89.23,911.837,1.4,38.54,13.43,1600.62,4337561.12,1781516.94
00:14:19.51,18/01/2026,10:45:12,17_T02,39.121621065,10.190346082,0.0,1601.71,89.63,911.829,1.4,38.54,13.43,1600.62,4337561.10,1781516.93
00:14:20.47,18/01/2026,10:45:13,17_T02,39.121620803,10.190345944,0.0,1601.67,90.06,911.828,1.4,38.54,13.44,1600.61,4337561.09,1781516.90
00:14:21.59,18/01/2026,10:45:14,17_T02,39.121621096,10.190346201,0.0,1601.64,89.98,911.838,1.5,38.54,13.44,1600.61,4337561.11,1781516.93
00:14:22.56,18/01/2026,10:45:15,17_T02,39.121621662,10.190346608,0.0,1601.64,89.44,911.850,1.5,38.54,13.44,1600.55,4337561.15,1781516.99
00:14:23.50,18/01/2026,10:45:16,17_T02,39.121621997,10.190346841,0.0,1601.66,88.96,911.857,1.5,38.54,13.44,1600.55,4337561.17,1781517.03
00:14:24.49,18/01/2026,10:45:17,17_T02,39.121622044,10.190346933,0.0,1601.69,88.81,911.863,1.4,38.54,13.44,1600.55,4337561.18,1781517.03
00:14:25.58,18/01/2026,10:45:18,17_T02,39.121621993,10.190346895,0.0,1601.70,88.77,911.861,1.4,38.54,13.43,1600.61,4337561.17,1781517.03
00:14:26.57,18/01/2026,10:45:19,17_T02,39.121622030,10.190347001,0.0,1601.68,88.64,911.869,1.4,38.54,13.43,1600.61,4337561.18,1781517.03
00:14:27.49,18/01/2026,10:45:20,17_T02,39.121622043,10.190347157,0.0,1601.65,88.67,911.881,1.5,38.54,13.43,1600.60,4337561.20,1781517.03
00:14:28.60,18/01/2026,10:45:21,17_T02,39.121621958,10.190347256,0.0,1601.63,88.91,911.892,1.5,38.54,13.43,1600.60,4337561.20,1781517.02
00:14:29.56,18/01/2026,10:45:22,17_T02,39.121621783,10.190347446,0.0,1601.64,89.16,911.914,1.5,38.54,13.43,1600.56,4337561.22,1781517.01
00:14:30.53,18/01/2026,10:45:23,17_T02,39.121621712,10.190347595,0.0,1601.66,89.16,911.929,1.5,38.54,13.43,1600.56,4337561.23,1781517.00
00:14:31.52,18/01/2026,10:45:24,17_T02,39.121621761,10.190347630,0.0,1601.67,89.11,911.930,1.4,38.54,13.43,1600.58,4337561.24,1781517.00
00:14:32.47,18/01/2026,10:45:25,17_T02,39.121621134,10.190345878,0.0,1601.66,89.31,911.810,1.4,38.54,13.43,1600.58,4337561.08,1781516.93
00:14:33.46,18/01/2026,10:45:26,17_T02,39.121620358,10.190344169,0.0,1601.64,89.66,911.699,1.5,38.54,13.43,1600.59,4337560.94,1781516.85
00:14:34.56,18/01/2026,10:45:27,17_T02,39.121620160,10.190344190,0.0,1601.63,89.83,911.708,1.5,38.54,13.43,1600.59,4337560.94,1781516.83
00:14:35.54,18/01/2026,10:45:28,17_T02,39.121620340,10.190344297,0.0,1601.63,89.45,911.710,1.5,38.54,13.43,1600.56,4337560.95,1781516.85
00:14:36.47,18/01/2026,10:45:29,17_T02,39.121620628,10.190344426,0.0,1601.64,89.00,911.710,1.5,38.54,13.43,1600.56,4337560.96,1781516.88
00:14:37.48,18/01/2026,10:45:30,17_T02,39.121621061,10.190344315,0.0,1601.65,88.81,911.685,1.5,38.54,13.43,1600.57,4337560.95,1781516.92
00:14:38.59,18/01/2026,10:45:31,17_T02,39.121621371,10.190344117,0.0,1601.65,88.72,911.657,1.4,38.54,13.43,1600.57,4337560.93,1781516.96
00:14:39.53,18/01/2026,10:45:32,17_T02,39.121621371,10.190344099,0.0,1601.64,88.58,911.656,1.4,38.54,13.43,1600.58,4337560.93,1781516.96
00:14:40.48,18/01/2026,10:45:33,17_T02,39.121621512,10.190344111,0.0,1601.63,88.44,911.651,1.5,38.54,13.43,1600.58,4337560.93,1781516.97
00:14:41.58,18/01/2026,10:45:34,17_T02,39.121621531,10.190344139,0.0,1601.62,88.53,911.653,1.5,38.54,13.43,1600.55,4337560.93,1781516.98
00:14:42.47,18/01/2026,10:45:35,17_T02,39.121620394,10.190342504,0.0,1601.62,88.90,911.561,1.5,38.54,13.43,1600.55,4337560.79,1781516.85
00:14:43.53,18/01/2026,10:45:36,17_T02,39.121619378,10.190341053,0.1,1601.62,89.09,911.480,1.5,38.54,13.43,1600.55,4337560.67,1781516.74
00:14:44.65,18/01/2026,10:45:37,17_T02,39.121619389,10.190341104,0.1,1601.62,89.07,911.484,1.5,38.54,13.43,1600.55,4337560.67,1781516.74
00:14:45.46,18/01/2026,10:45:38,17_T02,39.121619462,10.190341224,0.1,1601.62,89.07,911.491,1.5,38.54,13.43,1600.55,4337560.68,1781516.75
00:14:46.52,18/01/2026,10:45:39,17_T02,39.121619380,10.190341294,0.1,1601.63,89.25,911.500,1.5,38.54,13.43,1600.55,4337560.69,1781516.74
00:14:47.57,18/01/2026,10:45:40,17_T02,39.121618900,10.190340994,0.1,1601.63,89.36,911.493,1.4,38.54,13.43,1600.58,4337560.66,1781516.69
00:14:48.61,18/01/2026,10:45:41,17_T02,39.121618679,10.190340696,0.1,1601.63,89.17,911.477,1.5,38.54,13.43,1600.58,4337560.63,1781516.66
00:14:49.55,18/01/2026,10:45:42,17_T02,39.121618845,10.190340621,0.1,1601.60,88.97,911.465,1.5,38.54,13.43,1600.55,4337560.63,1781516.68
00:14:50.49,18/01/2026,10:45:43,17_T02,39.121618871,10.190340630,0.1,1601.58,88.98,911.464,1.5,38.54,13.43,1600.55,4337560.63,1781516.68
00:14:51.58,18/01/2026,10:45:44,17_T02,39.121618729,10.190340742,0.1,1601.58,89.08,911.479,1.5,38.54,13.43,1600.51,4337560.64,1781516.67
00:14:52.49,18/01/2026,10:45:45,17_T02,39.121618150,10.190339803,0.1,1601.60,88.89,911.424,1.5,38.54,13.43,1600.51,4337560.56,1781516.60
00:14:53.54,18/01/2026,10:45:46,17_T02,39.121617757,10.190338834,0.2,1601.63,88.63,911.359,1.4,38.54,13.43,1600.56,4337560.47,1781516.56
00:14:54.52,18/01/2026,10:45:47,17_T02,39.121617780,10.190338767,0.2,1601.63,88.72,911.352,1.5,38.54,13.43,1600.56,4337560.47,1781516.56
00:14:55.47,18/01/2026,10:45:48,17_T02,39.121617597,10.190338577,0.2,1601.60,89.04,911.344,1.5,38.54,13.43,1600.56,4337560.45,1781516.54
00:14:56.52,18/01/2026,10:45:49,17_T02,39.121617344,10.190338509,0.2,1601.57,89.32,911.348,1.5,38.54,13.43,1600.56,4337560.44,1781516.51
00:14:57.47,18/01/2026,10:45:50,17_T02,39.121617788,10.190338533,0.2,1601.56,89.10,911.333,1.5,38.54,13.43,1600.49,4337560.45,1781516.56
00:14:58.55,18/01/2026,10:45:51,17_T02,39.121618349,10.190338631,0.2,1601.59,88.80,911.320,1.5,38.54,13.43,1600.49,4337560.45,1781516.62
00:14:59.48,18/01/2026,10:45:52,17_T02,39.121618361,10.190338699,0.2,1601.62,88.84,911.325,1.4,38.54,13.43,1600.53,4337560.46,1781516.63
00:15:00.58,18/01/2026,10:45:53,17_T02,39.121618190,10.190338631,0.2,1601.63,89.00,911.326,1.4,38.54,13.43,1600.53,4337560.45,1781516.61
00:15:01.52,18/01/2026,10:45:54,17_T02,39.121618128,10.190338515,0.2,1601.62,88.96,911.319,1.4,38.54,13.43,1600.57,4337560.44,1781516.60
00:15:02.50,18/01/2026,10:45:55,17_T02,39.121618041,10.190338691,0.2,1601.60,88.84,911.337,1.4,38.54,13.43,1600.57,4337560.46,1781516.59
00:15:03.61,18/01/2026,10:45:56,17_T02,39.121617913,10.190338902,0.2,1601.58,88.88,911.359,1.5,38.54,13.43,1600.54,4337560.48,1781516.58
00:15:04.56,18/01/2026,10:45:57,17_T02,39.121617719,10.190338992,0.2,1601.57,89.20,911.373,1.5,38.54,13.43,1600.54,4337560.49,1781516.56
00:15:05.50,18/01/2026,10:45:58,17_T02,39.121617506,10.190339143,0.1,1601.59,89.37,911.393,1.5,38.54,13.43,1600.54,4337560.50,1781516.53
00:15:06.45,18/01/2026,10:45:59,17_T02,39.121617592,10.190339212,0.1,1601.61,89.13,911.396,1.5,38.54,13.43,1600.54,4337560.51,1781516.54
00:15:07.55,18/01/2026,10:46:00,17_T02,39.121617588,10.190339665,0.1,1601.61,89.05,911.433,1.4,38.54,13.43,1600.55,4337560.54,1781516.54
00:15:08.46,18/01/2026,10:46:01,17_T02,39.121617344,10.190339993,0.1,1601.59,89.38,911.469,1.4,38.54,13.43,1600.55,4337560.57,1781516.51
00:15:09.76,18/01/2026,10:46:02,17_T02,39.121617051,10.190339922,0.1,1601.57,89.73,911.474,1.5,38.54,13.43,1600.52,4337560.57,1781516.48
00:15:10.58,18/01/2026,10:46:03,17_T02,39.121617052,10.190339974,0.1,1601.55,89.56,911.478,1.5,38.54,13.43,1600.52,4337560.57,1781516.48
00:15:11.53,18/01/2026,10:46:04,17_T02,39.121617369,10.190340143,0.1,1601.55,89.01,911.480,1.5,38.54,13.43,1600.47,4337560.59,1781516.52
00:15:12.50,18/01/2026,10:46:05,17_T02,39.121617604,10.190340264,0.1,1601.58,88.70,911.482,1.5,38.54,13.43,1600.47,4337560.60,1781516.54
00:15:13.49,18/01/2026,10:46:06,17_T02,39.121617803,10.190340150,0.1,1601.59,88.73,911.465,1.4,38.54,13.43,1600.54,4337560.59,1781516.56
00:15:14.46,18/01/2026,10:46:07,17_T02,39.121617925,10.190339967,0.1,1601.59,88.74,911.445,1.4,38.54,13.43,1600.54,4337560.57,1781516.58
00:15:15.57,18/01/2026,10:46:08,17_T02,39.121618011,10.190339926,0.1,1601.57,88.53,911.439,1.5,38.54,13.43,1600.50,4337560.57,1781516.59
00:15:16.51,18/01/2026,10:46:09,17_T02,39.121618177,10.190339962,0.1,1601.55,88.37,911.436,1.5,38.54,13.43,1600.50,4337560.57,1781516.61
00:15:17.49,18/01/2026,10:46:10,17_T02,39.121618130,10.190340064,0.1,1601.56,88.61,911.446,1.5,38.54,13.43,1600.49,4337560.58,1781516.60
00:15:18.59,18/01/2026,10:46:11,17_T02,39.121617792,10.190340642,0.0,1601.58,89.10,911.506,1.5,38.54,13.43,1600.49,4337560.63,1781516.56
00:15:19.56,18/01/2026,10:46:12,17_T02,39.121617619,10.190341045,0.0,1601.59,89.26,911.545,1.4,38.54,13.43,1600.54,4337560.66,1781516.54
00:15:20.52,18/01/2026,10:46:13,17_T02,39.121617702,10.190341012,0.0,1601.59,89.19,911.539,1.4,38.54,13.43,1600.54,4337560.66,1781516.55
00:15:21.48,18/01/2026,10:46:14,17_T02,39.121617731,10.190340986,0.0,1601.57,89.32,911.536,1.5,38.54,13.43,1600.54,4337560.66,1781516.56
00:15:22.56,18/01/2026,10:46:15,17_T02,39.121617521,10.190341038,0.0,1601.56,89.71,911.548,1.5,38.54,13.43,1600.50,4337560.66,1781516.53
00:15:23.44,18/01/2026,10:46:16,17_T02,39.121617277,10.190341273,0.0,1601.57,89.85,911.576,1.5,38.54,13.43,1600.50,4337560.68,1781516.51
00:15:24.52,18/01/2026,10:46:17,17_T02,39.121617394,10.190341489,0.0,1601.59,89.51,911.590,1.4,38.54,13.43,1600.51,4337560.70,1781516.52
00:15:25.54,18/01/2026,10:46:18,17_T02,39.121617656,10.190341496,0.0,1601.58,89.14,911.581,1.4,38.54,13.43,1600.51,4337560.70,1781516.55
00:15:26.47,18/01/2026,10:46:19,17_T02,39.121617686,10.190341474,0.0,1601.56,89.18,911.578,1.5,38.54,13.43,1600.51,4337560.70,1781516.55
00:15:27.59,18/01/2026,10:46:20,17_T02,39.121617492,10.190341491,0.0,1601.54,89.37,911.586,1.5,38.54,13.43,1600.51,4337560.70,1781516.53
00:15:28.51,18/01/2026,10:46:21,17_T02,39.121617091,10.190341862,0.0,1601.55,89.20,911.632,1.5,38.54,13.43,1600.49,4337560.74,1781516.49
00:15:29.46,18/01/2026,10:46:22,17_T02,39.121616981,10.190342263,0.0,1601.57,88.82,911.669,1.5,38.54,13.43,1600.49,4337560.77,1781516.47
00:15:30.53,18/01/2026,10:46:23,17_T02,39.121617096,10.190342267,0.0,1601.58,88.79,911.665,1.4,38.54,13.43,1600.49,4337560.77,1781516.49
00:15:31.47,18/01/2026,10:46:24,17_T02,39.121616943,10.190342165,0.0,1601.58,89.05,911.662,1.4,38.54,13.43,1600.49,4337560.76,1781516.47
00:15:32.46,18/01/2026,10:46:25,17_T02,39.121616755,10.190342105,0.0,1601.55,89.22,911.664,1.5,38.54,13.43,1600.52,4337560.76,1781516.45
00:15:33.59,18/01/2026,10:46:26,17_T02,39.121617931,10.190343369,0.0,1601.53,88.98,911.724,1.5,38.54,13.43,1600.52,4337560.87,1781516.58
00:15:34.51,18/01/2026,10:46:27,17_T02,39.121619193,10.190344637,0.1,1601.53,88.64,911.781,1.5,38.54,13.43,1600.46,4337560.98,1781516.72
00:15:35.50,18/01/2026,10:46:28,17_T02,39.121619230,10.190344810,0.1,1601.56,88.69,911.793,1.5,38.54,13.43,1600.46,4337560.99,1781516.72
00:15:36.48,18/01/2026,10:46:29,17_T02,39.121619048,10.190344832,0.1,1601.59,88.90,911.802,1.4,38.54,13.43,1600.50,4337560.99,1781516.70
00:15:37.45,18/01/2026,10:46:30,17_T02,39.121618957,10.190344731,0.1,1601.59,88.95,911.797,1.4,38.54,13.43,1600.50,4337560.99,1781516.69
00:15:38.54,18/01/2026,10:46:31,17_T02,39.121620044,10.190345663,0.1,1601.56,88.85,911.833,1.4,38.54,13.43,1600.53,4337561.07,1781516.81
00:15:39.51,18/01/2026,10:46:32,17_T02,39.121621012,10.190346469,0.1,1601.53,88.88,911.863,1.5,38.54,13.43,1600.53,4337561.14,1781516.92
00:15:40.49,18/01/2026,10:46:33,17_T02,39.121620797,10.190346598,0.1,1601.53,89.27,911.881,1.5,38.54,13.43,1600.46,4337561.15,1781516.90
00:15:41.60,18/01/2026,10:46:34,17_T02,39.121620596,10.190346790,0.1,1601.56,89.48,911.905,1.5,38.54,13.43,1600.46,4337561.16,1781516.87
00:15:42.53,18/01/2026,10:46:35,17_T02,39.121620662,10.190346860,0.1,1601.59,89.39,911.908,1.5,38.54,13.43,1600.48,4337561.17,1781516.88
00:15:43.48,18/01/2026,10:46:36,17_T02,39.121621217,10.190347658,0.1,1601.60,89.41,911.953,1.4,38.54,13.43,1600.48,4337561.24,1781516.94
00:15:44.47,18/01/2026,10:46:37,17_T02,39.121621504,10.190348319,0.2,1601.57,89.78,911.996,1.4,38.54,13.43,1600.52,4337561.30,1781516.97
00:15:45.58,18/01/2026,10:46:38,17_T02,39.121621277,10.190348238,0.2,1601.54,90.09,911.998,1.5,38.54,13.43,1600.52,4337561.29,1781516.95
00:15:46.57,18/01/2026,10:46:39,17_T02,39.121621316,10.190348337,0.2,1601.52,89.89,912.005,1.5,38.54,13.43,1600.48,4337561.30,1781516.95
00:15:47.51,18/01/2026,10:46:40,17_T02,39.121621669,10.190348550,0.2,1601.54,89.37,912.009,1.5,38.54,13.43,1600.48,4337561.32,1781516.99
00:15:48.45,18/01/2026,10:46:41,17_T02,39.121622290,10.190348512,0.2,1601.57,89.02,911.983,1.5,38.54,13.43,1600.47,4337561.31,1781517.06
00:15:49.57,18/01/2026,10:46:42,17_T02,39.121622593,10.190348331,0.2,1601.59,89.00,911.957,1.4,38.54,13.43,1600.47,4337561.30,1781517.09
00:15:50.51,18/01/2026,10:46:43,17_T02,39.121622555,10.190348199,0.2,1601.58,88.95,911.947,1.4,38.54,13.43,1600.54,4337561.29,1781517.09
00:15:51.47,18/01/2026,10:46:44,17_T02,39.121622642,10.190348109,0.2,1601.56,88.83,911.937,1.5,38.54,13.43,1600.54,4337561.28,1781517.10
00:15:52.59,18/01/2026,10:46:45,17_T02,39.121622745,10.190348122,0.2,1601.53,88.79,911.934,1.5,38.54,13.43,1600.47,4337561.28,1781517.11
00:15:53.54,18/01/2026,10:46:46,17_T02,39.121622742,10.190348253,0.2,1601.53,88.88,911.945,1.5,38.54,13.43,1600.47,4337561.29,1781517.11
00:15:54.49,18/01/2026,10:46:47,17_T02,39.121623739,10.190348823,0.2,1601.55,89.05,911.954,1.5,38.54,13.43,1600.47,4337561.34,1781517.22
00:15:55.59,18/01/2026,10:46:48,17_T02,39.121624774,10.190349248,0.2,1601.58,88.95,911.951,1.4,38.54,13.43,1600.47,4337561.38,1781517.34
00:15:56.50,18/01/2026,10:46:49,17_T02,39.121624860,10.190349161,0.2,1601.59,88.93,911.940,1.4,38.53,13.43,1600.50,4337561.37,1781517.35
00:15:57.55,18/01/2026,10:46:50,17_T02,39.121624773,10.190349012,0.2,1601.57,89.29,911.931,1.4,38.53,13.43,1600.50,4337561.36,1781517.34
00:15:58.58,18/01/2026,10:46:51,17_T02,39.121624512,10.190348924,0.2,1601.54,89.79,911.934,1.5,38.54,13.43,1600.49,4337561.35,1781517.31
00:15:59.53,18/01/2026,10:46:52,17_T02,39.121625277,10.190350048,0.2,1601.53,89.88,911.997,1.5,38.54,13.43,1600.49,4337561.45,1781517.39
00:16:00.46,18/01/2026,10:46:53,17_T02,39.121626239,10.190351164,0.2,1601.57,89.52,912.053,1.5,38.54,13.43,1600.48,4337561.54,1781517.50
00:16:01.59,18/01/2026,10:46:54,17_T02,39.121626511,10.190351294,0.2,1601.62,89.15,912.053,1.4,38.54,13.43,1600.48,4337561.55,1781517.53
00:16:02.53,18/01/2026,10:46:55,17_T02,39.121626604,10.190351261,0.2,1601.67,89.10,912.047,1.4,38.54,13.43,1600.57,4337561.55,1781517.54
00:16:03.46,18/01/2026,10:46:56,17_T02,39.121626499,10.190351060,0.2,1601.68,89.24,912.035,1.3,38.54,13.43,1600.57,4337561.53,1781517.53
00:16:04.55,18/01/2026,10:46:57,17_T02,39.121626912,10.190351606,0.2,1601.67,89.25,912.064,1.3,38.54,13.43,1600.61,4337561.58,1781517.57
00:16:05.53,18/01/2026,10:46:58,17_T02,39.121627388,10.190352198,0.2,1601.67,89.14,912.095,1.4,38.54,13.43,1600.61,4337561.63,1781517.62
00:16:06.48,18/01/2026,10:46:59,17_T02,39.121627503,10.190352320,0.2,1601.70,89.05,912.101,1.4,38.54,13.43,1600.61,4337561.64,1781517.64
00:16:07.57,18/01/2026,10:47:00,17_T02,39.121627471,10.190352429,0.2,1601.75,89.10,912.111,1.3,38.54,13.43,1600.61,4337561.65,1781517.63
00:16:08.52,18/01/2026,10:47:01,17_T02,39.121627482,10.190352313,0.2,1601.80,89.08,912.101,1.2,38.54,13.43,1600.72,4337561.64,1781517.64
00:16:09.49,18/01/2026,10:47:02,17_T02,39.121627179,10.190352831,0.1,1601.82,89.09,912.154,1.2,38.54,13.43,1600.72,4337561.69,1781517.60
00:16:10.46,18/01/2026,10:47:03,17_T02,39.121626817,10.190353298,0.2,1601.83,89.25,912.206,1.2,38.54,13.43,1600.76,4337561.73,1781517.56
00:16:11.57,18/01/2026,10:47:04,17_T02,39.121626718,10.190353330,0.2,1601.82,89.46,912.213,1.2,38.54,13.43,1600.76,4337561.73,1781517.55
00:16:12.52,18/01/2026,10:47:05,17_T02,39.121626657,10.190353444,0.2,1601.84,89.51,912.224,1.2,38.54,13.43,1600.76,4337561.74,1781517.54
00:16:13.49,18/01/2026,10:47:06,17_T02,39.121626708,10.190353509,0.2,1601.85,89.41,912.228,1.2,38.54,13.43,1600.76,4337561.75,1781517.55
00:16:14.59,18/01/2026,10:47:07,17_T02,39.121625745,10.190353977,0.2,1601.84,89.34,912.302,1.2,38.54,13.43,1600.78,4337561.79,1781517.44
00:16:15.55,18/01/2026,10:47:08,17_T02,39.121624762,10.190354308,0.1,1601.81,89.49,912.365,1.2,38.54,13.43,1600.78,4337561.82,1781517.34
00:16:16.52,18/01/2026,10:47:09,17_T02,39.121624645,10.190354225,0.1,1601.77,89.69,912.363,1.3,38.54,13.43,1600.72,4337561.81,1781517.32
00:16:17.49,18/01/2026,10:47:10,17_T02,39.121624629,10.190354286,0.1,1601.74,89.66,912.369,1.3,38.54,13.43,1600.72,4337561.82,1781517.32
00:16:18.59,18/01/2026,10:47:11,17_T02,39.121624795,10.190354464,0.1,1601.73,89.40,912.377,1.3,38.54,13.43,1600.67,4337561.83,1781517.34
00:16:19.57,18/01/2026,10:47:12,17_T02,39.121624876,10.190354806,0.1,1601.74,89.14,912.402,1.3,38.54,13.43,1600.67,4337561.86,1781517.35
00:16:20.53,18/01/2026,10:47:13,17_T02,39.121624781,10.190354981,0.1,1601.76,89.06,912.420,1.3,38.53,13.44,1600.70,4337561.88,1781517.34
00:16:21.58,18/01/2026,10:47:14,17_T02,39.121624656,10.190354750,0.1,1601.78,89.22,912.406,1.3,38.53,13.44,1600.70,4337561.86,1781517.32
00:16:22.50,18/01/2026,10:47:15,17_T02,39.121624666,10.190354437,0.1,1601.77,89.34,912.380,1.3,38.53,13.44,1600.70,4337561.83,1781517.32
00:16:23.57,18/01/2026,10:47:16,17_T02,39.121624689,10.190354164,0.1,1601.72,89.54,912.356,1.3,38.54,13.43,1600.71,4337561.80,1781517.33
00:16:24.58,18/01/2026,10:47:17,17_T02,39.121624467,10.190353059,0.1,1601.68,89.88,912.274,1.4,38.54,13.43,1600.71,4337561.71,1781517.30
00:16:25.47,18/01/2026,10:47:18,17_T02,39.121624155,10.190352450,0.1,1601.68,90.19,912.236,1.4,38.54,13.43,1600.64,4337561.66,1781517.27
00:16:26.54,18/01/2026,10:47:19,17_T02,39.121624080,10.190352741,0.1,1601.73,90.10,912.263,1.4,38.54,13.43,1600.64,4337561.68,1781517.26
00:16:27.58,18/01/2026,10:47:20,17_T02,39.121624266,10.190352787,0.1,1601.80,89.74,912.259,1.3,38.54,13.43,1600.66,4337561.68,1781517.28
00:16:28.52,18/01/2026,10:47:21,17_T02,39.121624412,10.190352638,0.1,1601.86,89.67,912.242,1.2,38.54,13.43,1600.66,4337561.67,1781517.30
00:16:29.55,18/01/2026,10:47:22,17_T02,39.121624143,10.190352562,0.1,1601.90,90.02,912.245,1.1,38.54,13.43,1600.80,4337561.67,1781517.27
00:16:30.49,18/01/2026,10:47:23,17_T02,39.121623770,10.190352629,0.1,1601.93,90.33,912.265,1.2,38.54,13.43,1600.80,4337561.67,1781517.23
00:16:31.46,18/01/2026,10:47:24,17_T02,39.121623673,10.190352864,0.1,1601.98,90.38,912.288,1.1,38.54,13.43,1600.87,4337561.69,1781517.21
00:16:32.61,18/01/2026,10:47:25,17_T02,39.121624045,10.190352824,0.1,1602.02,89.56,912.271,1.0,38.54,13.43,1600.87,4337561.69,1781517.26
00:16:33.51,18/01/2026,10:47:26,17_T02,39.121624194,10.190352943,0.1,1602.04,89.32,912.275,1.0,38.54,13.43,1600.96,4337561.70,1781517.27
00:16:34.48,18/01/2026,10:47:27,17_T02,39.121624203,10.190352843,0.1,1602.03,89.36,912.266,1.0,38.54,13.43,1600.96,4337561.69,1781517.27
00:16:35.47,18/01/2026,10:47:28,17_T02,39.121623520,10.190353287,0.1,1602.01,89.71,912.328,1.0,38.54,13.43,1600.99,4337561.73,1781517.20
00:16:36.59,18/01/2026,10:47:29,17_T02,39.121622916,10.190353694,0.1,1601.98,89.95,912.384,1.1,38.54,13.43,1600.99,4337561.76,1781517.13
00:16:37.55,18/01/2026,10:47:30,17_T02,39.121622951,10.190353792,0.1,1601.96,89.69,912.391,1.1,38.54,13.43,1600.93,4337561.77,1781517.14
00:16:38.56,18/01/2026,10:47:31,17_T02,39.121623308,10.190353906,0.1,1601.95,88.90,912.387,1.1,38.54,13.43,1600.93,4337561.78,1781517.17
00:16:39.53,18/01/2026,10:47:32,17_T02,39.121623602,10.190353908,0.1,1601.94,88.38,912.376,1.1,38.54,13.43,1600.90,4337561.78,1781517.21
00:16:40.52,18/01/2026,10:47:33,17_T02,39.121623883,10.190354991,0.1,1601.94,88.46,912.454,1.1,38.54,13.43,1600.90,4337561.88,1781517.24
00:16:41.49,18/01/2026,10:47:34,17_T02,39.121624005,10.190355904,0.1,1601.94,88.76,912.524,1.1,38.54,13.43,1600.87,4337561.96,1781517.25
00:16:42.48,18/01/2026,10:47:35,17_T02,39.121623851,10.190355918,0.1,1601.94,88.99,912.531,1.1,38.54,13.43,1600.87,4337561.96,1781517.24
00:16:43.58,18/01/2026,10:47:36,17_T02,39.121623837,10.190355973,0.1,1601.95,88.93,912.536,1.1,38.54,13.43,1600.88,4337561.96,1781517.23
00:16:44.51,18/01/2026,10:47:37,17_T02,39.121623962,10.190355995,0.1,1601.96,88.69,912.533,1.1,38.54,13.43,1600.88,4337561.96,1781517.25
00:16:45.46,18/01/2026,10:47:38,17_T02,39.121623893,10.190355831,0.1,1601.97,88.65,912.522,1.1,38.54,13.43,1600.90,4337561.95,1781517.24
00:16:46.55,18/01/2026,10:47:39,17_T02,39.121623720,10.190355613,0.1,1601.97,88.83,912.511,1.1,38.54,13.43,1600.90,4337561.93,1781517.22
00:16:47.49,18/01/2026,10:47:40,17_T02,39.121623614,10.190355593,0.1,1601.97,89.02,912.513,1.1,38.54,13.43,1600.91,4337561.93,1781517.21
00:16:48.46,18/01/2026,10:47:41,17_T02,39.121623599,10.190355592,0.1,1601.97,89.03,912.514,1.1,38.54,13.43,1600.91,4337561.93,1781517.21
00:16:49.54,18/01/2026,10:47:42,17_T02,39.121623671,10.190355594,0.1,1601.97,88.86,912.511,1.1,38.54,13.43,1600.91,4337561.93,1781517.22
00:16:50.55,18/01/2026,10:47:43,17_T02,39.121624207,10.190356329,0.1,1601.97,88.72,912.552,1.1,38.54,13.43,1600.91,4337561.99,1781517.27
00:16:51.49,18/01/2026,10:47:44,17_T02,39.121624604,10.190356945,0.1,1601.96,88.75,912.587,1.1,38.54,13.43,1600.91,4337562.05,1781517.32
00:16:52.46,18/01/2026,10:47:45,17_T02,39.121624539,10.190356958,0.1,1601.96,88.92,912.591,1.1,38.54,13.43,1600.91,4337562.05,1781517.31
00:16:53.54,18/01/2026,10:47:46,17_T02,39.121624477,10.190357006,0.1,1601.95,89.02,912.597,1.1,38.54,13.43,1600.90,4337562.05,1781517.30
00:16:54.59,18/01/2026,10:47:47,17_T02,39.121624495,10.190357058,0.1,1601.96,88.94,912.601,1.1,38.54,13.43,1600.90,4337562.06,1781517.31
00:16:55.53,18/01/2026,10:47:48,17_T02,39.121624455,10.190356895,0.1,1601.97,88.79,912.589,1.1,38.54,13.43,1600.90,4337562.04,1781517.30
00:16:56.45,18/01/2026,10:47:49,17_T02,39.121624348,10.190356729,0.1,1601.97,88.78,912.579,1.1,38.54,13.43,1600.90,4337562.03,1781517.29
00:16:57.52,18/01/2026,10:47:50,17_T02,39.121624384,10.190356783,0.1,1601.98,88.69,912.582,1.1,38.54,13.43,1600.91,4337562.03,1781517.29
00:16:58.44,18/01/2026,10:47:51,17_T02,39.121624546,10.190356879,0.1,1601.99,88.23,912.584,1.1,38.54,13.43,1600.91,4337562.04,1781517.31
00:16:59.51,18/01/2026,10:47:52,17_T02,39.121625110,10.190356923,0.1,1601.98,87.32,912.567,1.0,38.53,13.43,1600.92,4337562.04,1781517.37
00:17:00.58,18/01/2026,10:47:53,17_T02,39.121625340,10.190357410,0.1,1601.96,87.47,912.598,1.1,38.53,13.43,1600.92,4337562.09,1781517.40
00:17:01.57,18/01/2026,10:47:54,17_T02,39.121625617,10.190358027,0.1,1601.98,87.41,912.638,1.1,38.54,13.43,1600.89,4337562.14,1781517.43
00:17:02.53,18/01/2026,10:47:55,17_T02,39.121625679,10.190358139,0.1,1602.02,87.42,912.645,1.0,38.54,13.43,1600.89,4337562.15,1781517.44
00:17:03.47,18/01/2026,10:47:56,17_T02,39.121625483,10.190358134,0.1,1602.07,87.97,912.652,1.0,38.54,13.43,1600.97,4337562.15,1781517.42
00:17:04.57,18/01/2026,10:47:57,17_T02,39.121625201,10.190358053,0.1,1602.11,88.59,912.656,1.0,38.54,13.43,1600.97,4337562.14,1781517.38
00:17:05.54,18/01/2026,10:47:58,17_T02,39.121624516,10.190357778,0.1,1602.15,89.57,912.659,0.9,38.54,13.43,1601.08,4337562.12,1781517.31
00:17:06.49,18/01/2026,10:47:59,17_T02,39.121624424,10.190357147,0.1,1602.14,89.39,912.611,0.9,38.54,13.43,1601.08,4337562.06,1781517.30
00:17:07.47,18/01/2026,10:48:00,17_T02,39.121624490,10.190356962,0.1,1602.10,89.12,912.593,0.9,38.54,13.43,1601.09,4337562.05,1781517.31
00:17:08.57,18/01/2026,10:48:01,17_T02,39.121624757,10.190357017,0.1,1602.05,88.70,912.587,1.0,38.54,13.43,1601.09,4337562.05,1781517.34
00:17:09.58,18/01/2026,10:48:02,17_T02,39.121624779,10.190357063,0.1,1602.01,88.79,912.590,1.0,38.54,13.43,1600.98,4337562.06,1781517.34
00:17:10.51,18/01/2026,10:48:03,17_T02,39.121624460,10.190356897,0.1,1601.97,89.05,912.589,1.1,38.54,13.43,1600.98,4337562.04,1781517.30
00:17:11.47,18/01/2026,10:48:04,17_T02,39.121624281,10.190356803,0.1,1601.95,89.03,912.588,1.1,38.54,13.43,1600.90,4337562.03,1781517.28
00:17:12.59,18/01/2026,10:48:05,17_T02,39.121624482,10.190356964,0.1,1601.95,88.70,912.593,1.1,38.54,13.43,1600.90,4337562.05,1781517.31
00:17:13.45,18/01/2026,10:48:06,17_T02,39.121624594,10.190357104,0.1,1601.97,88.48,912.601,1.1,38.54,13.43,1600.91,4337562.06,1781517.32
00:17:14.59,18/01/2026,10:48:07,17_T02,39.121624546,10.190357109,0.1,1601.99,88.56,912.603,1.1,38.54,13.43,1600.91,4337562.06,1781517.31
00:17:15.57,18/01/2026,10:48:08,17_T02,39.121624461,10.190357129,0.1,1602.00,88.77,912.608,1.0,38.54,13.44,1600.94,4337562.06,1781517.30
00:17:16.54,18/01/2026,10:48:09,17_T02,39.121624217,10.190356667,0.1,1602.03,88.65,912.579,1.0,38.54,13.44,1600.94,4337562.02,1781517.28
00:17:17.72,18/01/2026,10:48:10,17_T02,39.121624245,10.190356043,0.1,1602.04,88.21,912.527,1.0,38.54,13.44,1600.99,4337561.97,1781517.28
00:17:18.54,18/01/2026,10:48:11,17_T02,39.121624041,10.190355917,0.1,1602.05,88.73,912.524,1.0,38.54,13.44,1600.99,4337561.96,1781517.26
00:17:19.49,18/01/2026,10:48:12,17_T02,39.121623740,10.190355921,0.1,1602.09,89.31,912.536,1.0,38.53,13.44,1601.01,4337561.96,1781517.22
00:17:20.46,18/01/2026,10:48:13,17_T02,39.121623673,10.190355939,0.1,1602.15,89.31,912.540,0.9,38.53,13.44,1601.01,4337561.96,1781517.22
00:17:21.58,18/01/2026,10:48:14,17_T02,39.121623663,10.190356420,0.1,1602.23,88.88,912.579,0.8,38.53,13.44,1601.12,4337562.00,1781517.21
00:17:22.53,18/01/2026,10:48:15,17_T02,39.121624086,10.190356696,0.1,1602.28,88.03,912.586,0.7,38.53,13.44,1601.12,4337562.02,1781517.26
00:17:23.49,18/01/2026,10:48:16,17_T02,39.121623614,10.190356432,0.1,1602.25,89.08,912.582,0.7,38.53,13.44,1601.12,4337562.00,1781517.21
00:17:24.57,18/01/2026,10:48:17,17_T02,39.121623618,10.190356530,0.1,1602.21,89.27,912.590,0.8,38.54,13.43,1601.20,4337562.01,1781517.21
00:17:25.53,18/01/2026,10:48:18,17_T02,39.121623875,10.190356355,0.1,1602.16,88.89,912.566,0.8,38.54,13.43,1601.20,4337562.00,1781517.24
00:17:26.50,18/01/2026,10:48:19,17_T02,39.121624869,10.190354855,0.1,1602.12,87.14,912.406,0.9,38.54,13.43,1601.11,4337561.86,1781517.35
00:17:27.46,18/01/2026,10:48:20,17_T02,39.121624341,10.190353620,0.1,1602.06,87.83,912.325,0.9,38.54,13.43,1601.11,4337561.76,1781517.29
00:17:28.58,18/01/2026,10:48:21,17_T02,39.121623698,10.190353848,0.1,1602.03,89.09,912.367,1.0,38.54,13.43,1601.00,4337561.78,1781517.22
00:17:29.49,18/01/2026,10:48:22,17_T02,39.121623578,10.190354104,0.1,1602.02,89.74,912.393,1.0,38.54,13.43,1601.00,4337561.80,1781517.20
00:17:30.51,18/01/2026,10:48:23,17_T02,39.121623415,10.190354192,0.1,1601.98,90.00,912.406,1.1,38.54,13.43,1600.97,4337561.81,1781517.19
00:17:31.59,18/01/2026,10:48:24,17_T02,39.121624563,10.190354024,0.1,1601.94,89.56,912.350,1.1,38.54,13.43,1600.97,4337561.79,1781517.31
00:17:32.73,18/01/2026,10:48:25,17_T02,39.121625597,10.190353918,0.1,1601.90,89.15,912.302,1.1,38.54,13.43,1600.92,4337561.78,1781517.43
00:17:33.51,18/01/2026,10:48:26,17_T02,39.121625752,10.190354004,0.1,1601.87,89.08,912.304,1.2,38.54,13.43,1600.92,4337561.79,1781517.44
00:17:34.57,18/01/2026,10:48:27,17_T02,39.121625258,10.190354108,0.1,1601.83,90.20,912.331,1.3,38.54,13.43,1600.80,4337561.80,1781517.39
00:17:35.53,18/01/2026,10:48:28,17_T02,39.121625206,10.190354310,0.1,1601.81,90.05,912.349,1.3,38.54,13.43,1600.80,4337561.82,1781517.38
00:17:36.59,18/01/2026,10:48:29,17_T02,39.121625343,10.190354791,0.1,1601.82,88.74,912.383,1.3,38.54,13.43,1600.80,4337561.86,1781517.40
00:17:37.56,18/01/2026,10:48:30,17_T02,39.121625662,10.190355440,0.2,1601.87,87.50,912.425,1.2,38.54,13.43,1600.80,4337561.92,1781517.44
00:17:38.48,18/01/2026,10:48:31,17_T02,39.121626251,10.190355563,0.2,1601.91,86.81,912.413,1.1,38.54,13.43,1600.78,4337561.93,1781517.50
00:17:39.58,18/01/2026,10:48:32,17_T02,39.121626249,10.190355483,0.2,1601.90,87.24,912.406,1.1,38.54,13.43,1600.78,4337561.92,1781517.50
00:17:40.50,18/01/2026,10:48:33,17_T02,39.121625612,10.190355401,0.2,1601.85,88.22,912.423,1.1,38.54,13.43,1600.85,4337561.91,1781517.43
00:17:41.57,18/01/2026,10:48:34,17_T02,39.121625865,10.190356240,0.1,1601.80,88.68,912.483,1.2,38.54,13.43,1600.85,4337561.98,1781517.46
00:17:42.52,18/01/2026,10:48:35,17_T02,39.121626768,10.190357286,0.2,1601.75,88.32,912.535,1.3,38.54,13.43,1600.73,4337562.08,1781517.56
00:17:43.46,18/01/2026,10:48:36,17_T02,39.121627058,10.190357528,0.2,1601.71,88.31,912.544,1.3,38.54,13.43,1600.73,4337562.10,1781517.59
00:17:44.59,18/01/2026,10:48:37,17_T02,39.121626761,10.190357661,0.2,1601.68,88.99,912.566,1.3,38.54,13.43,1600.64,4337562.11,1781517.56
00:17:45.53,18/01/2026,10:48:38,17_T02,39.121626214,10.190357705,0.2,1601.64,89.59,912.590,1.4,38.54,13.43,1600.64,4337562.11,1781517.50
00:17:46.45,18/01/2026,10:48:39,17_T02,39.121625955,10.190357137,0.1,1601.60,89.46,912.553,1.4,38.54,13.43,1600.58,4337562.06,1781517.47
00:17:47.57,18/01/2026,10:48:40,17_T02,39.121626168,10.190356645,0.1,1601.55,89.12,912.504,1.4,38.54,13.43,1600.58,4337562.02,1781517.49
00:17:48.54,18/01/2026,10:48:41,17_T02,39.121626303,10.190356774,0.1,1601.52,89.29,912.510,1.5,38.54,13.44,1600.46,4337562.03,1781517.51
00:17:49.53,18/01/2026,10:48:42,17_T02,39.121626049,10.190356961,0.1,1601.52,89.71,912.535,1.5,38.54,13.44,1600.46,4337562.05,1781517.48
00:17:50.48,18/01/2026,10:48:43,17_T02,39.121625843,10.190357116,0.1,1601.54,89.65,912.555,1.5,38.53,13.45,1600.47,4337562.06,1781517.46
00:17:51.58,18/01/2026,10:48:44,17_T02,39.121626088,10.190357181,0.1,1601.55,89.08,912.551,1.4,38.53,13.45,1600.47,4337562.07,1781517.48
00:17:52.54,18/01/2026,10:48:45,17_T02,39.121625720,10.190356799,0.1,1601.54,88.75,912.534,1.4,38.54,13.44,1600.46,4337562.03,1781517.44
00:17:53.49,18/01/2026,10:48:46,17_T02,39.121625005,10.190356452,0.1,1601.52,89.06,912.532,1.5,38.54,13.44,1600.46,4337562.00,1781517.36
00:17:54.46,18/01/2026,10:48:47,17_T02,39.121624632,10.190356495,0.1,1601.52,89.55,912.549,1.5,38.54,13.45,1600.46,4337562.01,1781517.32
00:17:55.46,18/01/2026,10:48:48,17_T02,39.121624515,10.190356602,0.1,1601.53,89.44,912.562,1.5,38.54,13.45,1600.46,4337562.02,1781517.31
00:17:56.57,18/01/2026,10:48:49,17_T02,39.121624832,10.190356708,0.1,1601.56,88.93,912.559,1.4,38.53,13.45,1600.46,4337562.03,1781517.34
00:17:57.54,18/01/2026,10:48:50,17_T02,39.121624547,10.190355465,0.1,1601.58,88.86,912.468,1.4,38.53,13.45,1600.46,4337561.92,1781517.31
00:17:58.49,18/01/2026,10:48:51,17_T02,39.121623907,10.190354293,0.1,1601.59,89.32,912.396,1.4,38.53,13.44,1600.52,4337561.82,1781517.24
00:17:59.58,18/01/2026,10:48:52,17_T02,39.121623532,10.190354248,0.1,1601.59,89.71,912.406,1.4,38.53,13.44,1600.52,4337561.81,1781517.20
00:18:00.57,18/01/2026,10:48:53,17_T02,39.121623572,10.190354263,0.1,1601.58,89.45,912.406,1.4,38.54,13.43,1600.51,4337561.81,1781517.20
00:18:01.53,18/01/2026,10:48:54,17_T02,39.121623931,10.190354298,0.1,1601.58,89.00,912.395,1.4,38.54,13.43,1600.51,4337561.82,1781517.24
00:18:02.53,18/01/2026,10:48:55,17_T02,39.121623499,10.190354347,0.1,1601.59,89.08,912.416,1.4,38.54,13.43,1600.51,4337561.82,1781517.20
00:18:03.56,18/01/2026,10:48:56,17_T02,39.121622750,10.190354382,0.1,1601.60,89.55,912.446,1.4,38.54,13.43,1600.51,4337561.82,1781517.11
00:18:04.56,18/01/2026,10:48:57,17_T02,39.121622507,10.190354385,0.1,1601.60,89.64,912.456,1.4,38.54,13.43,1600.54,4337561.82,1781517.09
00:18:05.51,18/01/2026,10:48:58,17_T02,39.121622719,10.190354375,0.1,1601.59,89.23,912.447,1.4,38.54,13.43,1600.54,4337561.82,1781517.11
00:18:06.47,18/01/2026,10:48:59,17_T02,39.121623003,10.190354354,0.1,1601.57,88.98,912.435,1.4,38.54,13.43,1600.51,4337561.82,1781517.14
00:18:07.45,18/01/2026,10:49:00,17_T02,39.121621855,10.190353305,0.1,1601.56,89.39,912.391,1.4,38.54,13.43,1600.51,4337561.73,1781517.01
00:18:08.58,18/01/2026,10:49:01,17_T02,39.121620539,10.190352378,0.2,1601.56,89.84,912.365,1.4,38.54,13.43,1600.50,4337561.65,1781516.87
00:18:09.54,18/01/2026,10:49:02,17_T02,39.121620562,10.190352445,0.2,1601.56,89.51,912.369,1.4,38.54,13.43,1600.50,4337561.66,1781516.87
00:18:10.53,18/01/2026,10:49:03,17_T02,39.121620913,10.190352476,0.2,1601.57,88.97,912.359,1.4,38.54,13.43,1600.49,4337561.66,1781516.91
00:18:11.48,18/01/2026,10:49:04,17_T02,39.121621082,10.190352461,0.2,1601.57,88.93,912.351,1.4,38.54,13.43,1600.49,4337561.66,1781516.93
00:18:12.56,18/01/2026,10:49:05,17_T02,39.121620110,10.190352300,0.2,1601.56,89.40,912.374,1.4,38.54,13.43,1600.51,4337561.64,1781516.82
00:18:13.54,18/01/2026,10:49:06,17_T02,39.121619254,10.190352206,0.2,1601.55,89.65,912.398,1.4,38.54,13.43,1600.51,4337561.64,1781516.73
00:18:14.51,18/01/2026,10:49:07,17_T02,39.121619355,10.190352243,0.2,1601.55,89.36,912.398,1.4,38.54,13.43,1600.49,4337561.64,1781516.74
00:18:15.47,18/01/2026,10:49:08,17_T02,39.121619648,10.190352284,0.2,1601.55,89.03,912.390,1.4,38.54,13.43,1600.49,4337561.64,1781516.77
00:18:16.58,18/01/2026,10:49:09,17_T02,39.121619655,10.190352319,0.2,1601.56,89.21,912.393,1.4,38.54,13.43,1600.50,4337561.65,1781516.77
00:18:17.53,18/01/2026,10:49:10,17_T02,39.121618783,10.190351366,0.2,1601.56,89.53,912.347,1.4,38.54,13.43,1600.50,4337561.56,1781516.68
00:18:18.45,18/01/2026,10:49:11,17_T02,39.121618053,10.190350415,0.1,1601.56,89.49,912.296,1.4,38.54,13.43,1600.51,4337561.48,1781516.59
00:18:19.56,18/01/2026,10:49:12,17_T02,39.121618281,10.190350401,0.1,1601.56,89.15,912.287,1.4,38.54,13.43,1600.51,4337561.48,1781516.62
00:18:20.58,18/01/2026,10:49:13,17_T02,39.121618472,10.190350418,0.1,1601.56,89.05,912.281,1.4,38.54,13.43,1600.51,4337561.48,1781516.64
00:18:21.52,18/01/2026,10:49:14,17_T02,39.121618307,10.190350380,0.1,1601.57,89.39,912.284,1.4,38.54,13.43,1600.51,4337561.48,1781516.62
00:18:22.44,18/01/2026,10:49:15,17_T02,39.121618817,10.190350243,0.1,1601.57,89.63,912.254,1.4,38.54,13.43,1600.51,4337561.46,1781516.68
00:18:23.52,18/01/2026,10:49:16,17_T02,39.121619701,10.190350099,0.2,1601.57,89.36,912.209,1.4,38.54,13.43,1600.51,4337561.45,1781516.78
00:18:24.45,18/01/2026,10:49:17,17_T02,39.121619943,10.190350084,0.2,1601.57,89.04,912.199,1.4,38.54,13.43,1600.51,4337561.45,1781516.80
00:18:25.53,18/01/2026,10:49:18,17_T02,39.121619974,10.190350063,0.2,1601.56,89.16,912.196,1.4,38.54,13.43,1600.51,4337561.45,1781516.81
00:18:26.53,18/01/2026,10:49:19,17_T02,39.121619719,10.190350076,0.2,1601.57,89.56,912.206,1.4,38.54,13.43,1600.51,4337561.45,1781516.78
00:18:27.58,18/01/2026,10:49:20,17_T02,39.121618321,10.190349879,0.1,1601.57,89.60,912.242,1.4,38.54,13.43,1600.51,4337561.43,1781516.62
00:18:28.51,18/01/2026,10:49:21,17_T02,39.121617376,10.190349652,0.2,1601.56,89.23,912.259,1.4,38.54,13.43,1600.51,4337561.41,1781516.52
00:18:29.49,18/01/2026,10:49:22,17_T02,39.121617585,10.190349630,0.2,1601.55,89.03,912.249,1.4,38.54,13.43,1600.51,4337561.41,1781516.54
00:18:30.45,18/01/2026,10:49:23,17_T02,39.121617504,10.190349637,0.2,1601.55,89.26,912.253,1.4,38.54,13.43,1600.51,4337561.41,1781516.53
00:18:31.51,18/01/2026,10:49:24,17_T02,39.121617237,10.190349669,0.2,1601.55,89.52,912.266,1.4,38.54,13.43,1600.51,4337561.42,1781516.50
00:18:32.49,18/01/2026,10:49:25,17_T02,39.121617280,10.190349700,0.2,1601.56,89.23,912.267,1.4,38.54,13.43,1600.51,4337561.42,1781516.51
00:18:33.45,18/01/2026,10:49:26,17_T02,39.121616799,10.190348910,0.1,1601.57,88.83,912.220,1.4,38.54,13.43,1600.51,4337561.35,1781516.46
00:18:34.58,18/01/2026,10:49:27,17_T02,39.121616160,10.190348158,0.2,1601.57,88.94,912.182,1.4,38.54,13.43,1600.51,4337561.28,1781516.39
00:18:35.51,18/01/2026,10:49:28,17_T02,39.121615883,10.190348078,0.2,1601.56,89.39,912.186,1.4,38.54,13.43,1600.51,4337561.28,1781516.35
00:18:36.48,18/01/2026,10:49:29,17_T02,39.121615609,10.190348028,0.2,1601.55,89.55,912.192,1.4,38.54,13.43,1600.51,4337561.27,1781516.32
00:18:37.49,18/01/2026,10:49:30,17_T02,39.121615745,10.190348066,0.2,1601.55,89.22,912.190,1.4,38.54,13.43,1600.48,4337561.28,1781516.34
00:18:38.45,18/01/2026,10:49:31,17_T02,39.121615538,10.190347465,0.1,1601.56,88.95,912.148,1.4,38.54,13.43,1600.48,4337561.22,1781516.32
00:18:39.57,18/01/2026,10:49:32,17_T02,39.121615138,10.190346826,0.2,1601.58,89.03,912.111,1.4,38.54,13.43,1600.50,4337561.17,1781516.27
00:18:40.57,18/01/2026,10:49:33,17_T02,39.121614947,10.190346726,0.2,1601.58,89.22,912.110,1.4,38.54,13.43,1600.50,4337561.16,1781516.25
00:18:41.52,18/01/2026,10:49:34,17_T02,39.121614857,10.190346617,0.1,1601.57,89.21,912.104,1.4,38.54,13.43,1600.54,4337561.15,1781516.24
00:18:42.47,18/01/2026,10:49:35,17_T02,39.121614967,10.190346550,0.1,1601.55,89.05,912.095,1.4,38.54,13.43,1600.54,4337561.14,1781516.25
00:18:43.58,18/01/2026,10:49:36,17_T02,39.121614873,10.190345840,0.1,1601.55,89.01,912.040,1.4,38.54,13.43,1600.50,4337561.08,1781516.24
00:18:44.50,18/01/2026,10:49:37,17_T02,39.121614595,10.190345202,0.1,1601.56,89.19,911.998,1.4,38.54,13.43,1600.50,4337561.03,1781516.21
00:18:45.45,18/01/2026,10:49:38,17_T02,39.121614415,10.190345219,0.1,1601.58,89.34,912.006,1.4,38.54,13.43,1600.53,4337561.03,1781516.19
00:18:46.47,18/01/2026,10:49:39,17_T02,39.121614464,10.190345144,0.1,1601.59,89.17,911.998,1.3,38.54,13.43,1600.53,4337561.02,1781516.20
00:18:47.53,18/01/2026,10:49:40,17_T02,39.121614575,10.190345023,0.1,1601.58,89.05,911.984,1.4,38.54,13.43,1600.54,4337561.01,1781516.21
00:18:48.48,18/01/2026,10:49:41,17_T02,39.121614489,10.190344953,0.1,1601.56,89.24,911.982,1.4,38.54,13.43,1600.54,4337561.01,1781516.20
00:18:49.45,18/01/2026,10:49:42,17_T02,39.121614247,10.190344970,0.1,1601.55,89.53,911.992,1.4,38.54,13.43,1600.50,4337561.01,1781516.17
00:18:50.55,18/01/2026,10:49:43,17_T02,39.121614208,10.190345049,0.1,1601.56,89.44,912.000,1.4,38.54,13.43,1600.50,4337561.01,1781516.17
00:18:51.54,18/01/2026,10:49:44,17_T02,39.121614417,10.190345088,0.1,1601.58,89.12,911.995,1.4,38.54,13.43,1600.51,4337561.02,1781516.19
00:18:52.47,18/01/2026,10:49:45,17_T02,39.121614542,10.190345060,0.1,1601.58,89.07,911.988,1.4,38.54,13.43,1600.51,4337561.01,1781516.21
00:18:53.50,18/01/2026,10:49:46,17_T02,39.121614042,10.190345866,0.1,1601.57,89.32,912.073,1.4,38.54,13.43,1600.51,4337561.09,1781516.15
00:18:54.45,18/01/2026,10:49:47,17_T02,39.121613578,10.190346582,0.1,1601.56,89.46,912.149,1.4,38.54,13.43,1600.54,4337561.15,1781516.10
00:18:55.54,18/01/2026,10:49:48,17_T02,39.121613650,10.190346615,0.1,1601.55,89.17,912.149,1.4,38.54,13.43,1600.54,4337561.15,1781516.11
00:18:56.50,18/01/2026,10:49:49,17_T02,39.121613886,10.190346668,0.1,1601.57,88.86,912.144,1.4,38.54,13.43,1600.49,4337561.16,1781516.13
00:18:57.47,18/01/2026,10:49:50,17_T02,39.121613920,10.190346645,0.1,1601.59,88.94,912.141,1.3,38.54,13.43,1600.49,4337561.15,1781516.14
00:18:58.61,18/01/2026,10:49:51,17_T02,39.121613857,10.190346040,0.1,1601.58,89.22,912.094,1.4,38.54,13.43,1600.55,4337561.10,1781516.13
00:18:59.53,18/01/2026,10:49:52,17_T02,39.121613897,10.190345526,0.1,1601.57,89.17,912.051,1.4,38.54,13.43,1600.55,4337561.06,1781516.13
00:19:00.52,18/01/2026,10:49:53,17_T02,39.121614020,10.190345508,0.1,1601.55,88.92,912.045,1.4,38.54,13.43,1600.51,4337561.05,1781516.15
00:19:01.53,18/01/2026,10:49:54,17_T02,39.121614145,10.190345598,0.1,1601.56,88.78,912.047,1.4,38.54,13.43,1600.51,4337561.06,1781516.16
00:19:02.52,18/01/2026,10:49:55,17_T02,39.121614042,10.190345652,0.1,1601.58,89.00,912.055,1.4,38.54,13.43,1600.50,4337561.07,1781516.15
00:19:03.53,18/01/2026,10:49:56,17_T02,39.121614008,10.190347010,0.1,1601.59,89.22,912.168,1.4,38.54,13.43,1600.50,4337561.18,1781516.15
00:19:04.52,18/01/2026,10:49:57,17_T02,39.121614116,10.190348324,0.1,1601.59,89.21,912.272,1.3,38.54,13.43,1600.56,4337561.30,1781516.16
00:19:05.51,18/01/2026,10:49:58,17_T02,39.121614189,10.190348299,0.1,1601.57,89.19,912.267,1.4,38.54,13.43,1600.56,4337561.30,1781516.17
00:19:06.52,18/01/2026,10:49:59,17_T02,39.121614104,10.190348293,0.1,1601.54,89.44,912.269,1.4,38.54,13.43,1600.53,4337561.30,1781516.16
00:19:07.51,18/01/2026,10:50:00,17_T02,39.121613908,10.190348268,0.1,1601.51,89.66,912.275,1.4,38.54,13.43,1600.53,4337561.29,1781516.14
00:19:08.53,18/01/2026,10:50:01,17_T02,39.121613824,10.190347009,0.1,1601.48,89.59,912.175,1.5,38.54,13.43,1600.48,4337561.18,1781516.13
00:19:09.52,18/01/2026,10:50:02,17_T02,39.121613954,10.190345870,0.1,1601.43,89.37,912.077,1.5,38.54,13.43,1600.48,4337561.09,1781516.14
00:19:10.52,18/01/2026,10:50:03,17_T02,39.121614034,10.190345822,0.1,1601.36,89.31,912.070,1.6,38.54,13.43,1600.38,4337561.08,1781516.15
00:19:11.52,18/01/2026,10:50:04,17_T02,39.121613898,10.190345799,0.1,1601.28,89.51,912.073,1.6,38.54,13.43,1600.38,4337561.08,1781516.13
00:19:12.52,18/01/2026,10:50:05,17_T02,39.121613782,10.190345742,0.1,1601.18,89.57,912.073,1.8,38.54,13.43,1600.23,4337561.07,1781516.12
00:19:13.51,18/01/2026,10:50:06,17_T02,39.121613845,10.190345745,0.1,1601.07,89.40,912.070,1.9,38.54,13.43,1600.23,4337561.07,1781516.13
00:19:14.52,18/01/2026,10:50:07,17_T02,39.121614891,10.190346851,0.1,1600.96,89.30,912.122,2.0,38.54,13.43,1600.01,4337561.17,1781516.24
00:19:15.53,18/01/2026,10:50:08,17_T02,39.121615763,10.190347821,0.1,1600.85,89.35,912.169,2.1,38.54,13.43,1600.01,4337561.25,1781516.34
00:19:16.53,18/01/2026,10:50:09,17_T02,39.121615701,10.190347772,0.1,1600.73,89.52,912.167,2.2,38.54,13.44,1599.79,4337561.25,1781516.33
00:19:17.53,18/01/2026,10:50:10,17_T02,39.121615623,10.190347619,0.1,1600.61,89.67,912.158,2.4,38.54,13.44,1599.79,4337561.24,1781516.33
00:19:18.51,18/01/2026,10:50:11,17_T02,39.121615824,10.190347501,0.1,1600.49,89.48,912.141,2.5,38.54,13.44,1599.55,4337561.23,1781516.35
00:19:19.53,18/01/2026,10:50:12,17_T02,39.121616743,10.190348575,0.1,1600.37,89.47,912.194,2.6,38.54,13.44,1599.55,4337561.32,1781516.45
00:19:20.54,18/01/2026,10:50:13,17_T02,39.121617572,10.190349435,0.2,1600.25,89.55,912.234,2.7,38.54,13.44,1599.28,4337561.39,1781516.54
00:19:21.52,18/01/2026,10:50:14,17_T02,39.121617414,10.190349416,0.2,1600.15,89.79,912.238,2.8,38.54,13.44,1599.28,4337561.39,1781516.52
00:19:22.52,18/01/2026,10:50:15,17_T02,39.121617336,10.190349291,0.2,1600.06,89.82,912.231,2.9,38.54,13.44,1599.09,4337561.38,1781516.52
00:19:23.52,18/01/2026,10:50:16,17_T02,39.121617510,10.190349182,0.2,1599.97,89.59,912.215,3.0,38.54,13.44,1599.09,4337561.37,1781516.53
00:19:24.52,18/01/2026,10:50:17,17_T02,39.121616504,10.190348607,0.2,1599.90,90.07,912.206,3.1,38.54,13.44,1598.90,4337561.32,1781516.42
00:19:25.53,18/01/2026,10:50:18,17_T02,39.121614399,10.190347980,0.2,1599.83,92.32,912.233,3.1,38.54,13.44,1598.90,4337561.27,1781516.19
00:19:26.50,18/01/2026,10:50:19,17_T02,39.121613089,10.190347651,0.2,1599.77,94.91,912.255,3.2,38.54,13.44,1598.77,4337561.24,1781516.05
00:19:27.51,18/01/2026,10:50:20,17_T02,39.121611654,10.190347228,0.1,1599.69,97.63,912.273,3.3,38.54,13.44,1598.77,4337561.20,1781515.89
00:19:28.51,18/01/2026,10:50:21,17_T02,39.121610189,10.190346804,0.2,1599.62,100.42,912.293,3.4,38.54,13.44,1598.61,4337561.17,1781515.73
00:19:29.52,18/01/2026,10:50:22,17_T02,39.121608518,10.190345218,0.1,1599.54,103.07,912.225,3.5,38.54,13.44,1598.61,4337561.03,1781515.54
00:19:30.51,18/01/2026,10:50:23,17_T02,39.121606892,10.190343566,0.2,1599.47,105.95,912.151,3.6,38.54,13.44,1598.46,4337560.89,1781515.36
00:19:31.50,18/01/2026,10:50:24,17_T02,39.121606048,10.190342878,0.1,1599.40,107.94,912.126,3.6,38.54,13.44,1598.46,4337560.83,1781515.27
00:19:32.52,18/01/2026,10:50:25,17_T02,39.121605771,10.190342306,0.1,1599.33,108.88,912.089,3.7,38.54,13.44,1598.32,4337560.78,1781515.24
00:19:33.49,18/01/2026,10:50:26,17_T02,39.121605748,10.190341562,0.1,1599.25,109.23,912.029,3.8,38.54,13.44,1598.32,4337560.71,1781515.23
00:19:34.50,18/01/2026,10:50:27,17_T02,39.121606909,10.190341250,0.1,1599.16,108.40,911.960,3.9,38.54,13.44,1598.14,4337560.69,1781515.36
00:19:35.49,18/01/2026,10:50:28,17_T02,39.121608234,10.190340701,0.2,1599.13,107.43,911.866,4.0,38.54,13.44,1598.14,4337560.64,1781515.51
00:19:36.51,18/01/2026,10:50:29,17_T02,39.121609076,10.190339888,0.2,1599.13,106.49,911.768,4.1,38.53,13.45,1598.06,4337560.57,1781515.60
00:19:37.51,18/01/2026,10:50:30,17_T02,39.121609863,10.190339148,0.1,1599.14,105.70,911.678,4.1,38.53,13.45,1598.06,4337560.50,1781515.69
00:19:38.49,18/01/2026,10:50:31,17_T02,39.121610510,10.190338220,0.2,1599.13,105.22,911.578,4.0,38.54,13.44,1598.08,4337560.42,1781515.76
00:19:39.52,18/01/2026,10:50:32,17_T02,39.121610816,10.190337472,0.2,1599.08,105.04,911.506,4.1,38.54,13.44,1598.08,4337560.36,1781515.79
00:19:40.51,18/01/2026,10:50:33,17_T02,39.121611047,10.190336551,0.2,1599.01,104.95,911.421,4.3,38.54,13.44,1597.98,4337560.28,1781515.82
00:19:41.50,18/01/2026,10:50:34,17_T02,39.121611472,10.190335302,0.2,1598.97,104.88,911.303,4.4,38.54,13.44,1597.98,4337560.17,1781515.86
00:19:42.51,18/01/2026,10:50:35,17_T02,39.121611856,10.190334255,0.2,1598.98,104.88,911.203,4.5,38.54,13.44,1597.89,4337560.08,1781515.91
00:19:43.52,18/01/2026,10:50:36,17_T02,39.121612214,10.190333448,0.2,1599.05,104.89,911.124,4.4,38.54,13.44,1597.89,4337560.01,1781515.95
00:19:44.52,18/01/2026,10:50:37,17_T02,39.121612453,10.190334158,0.2,1599.15,104.84,911.173,4.3,38.54,13.44,1598.01,4337560.07,1781515.97
00:19:45.53,18/01/2026,10:50:38,17_T02,39.121612722,10.190334805,0.2,1599.26,104.76,911.216,4.3,38.54,13.44,1598.01,4337560.12,1781516.00
00:19:46.51,18/01/2026,10:50:39,17_T02,39.121613208,10.190333788,0.2,1599.35,104.64,911.115,4.2,38.54,13.44,1598.25,4337560.03,1781516.06
00:19:47.50,18/01/2026,10:50:40,17_T02,39.121613666,10.190332824,0.2,1599.43,104.58,911.019,4.1,38.54,13.44,1598.25,4337559.95,1781516.11
00:19:48.50,18/01/2026,10:50:41,17_T02,39.121614062,10.190331862,0.2,1599.49,104.59,910.925,4.1,38.54,13.44,1598.39,4337559.87,1781516.15
00:19:49.50,18/01/2026,10:50:42,17_T02,39.121614472,10.190331137,0.2,1599.53,104.64,910.851,4.1,38.54,13.44,1598.39,4337559.80,1781516.20
00:19:50.52,18/01/2026,10:50:43,17_T02,39.121614826,10.190330278,0.2,1599.57,104.77,910.767,4.1,38.54,13.44,1598.49,4337559.73,1781516.23
00:19:51.50,18/01/2026,10:50:44,17_T02,39.121615234,10.190328785,0.2,1599.58,104.92,910.630,4.1,38.54,13.44,1598.49,4337559.60,1781516.28
00:19:52.52,18/01/2026,10:50:45,17_T02,39.121615647,10.190327273,0.2,1599.58,105.10,910.491,4.1,38.54,13.44,1598.49,4337559.47,1781516.32
00:19:53.51,18/01/2026,10:50:46,17_T02,39.121616034,10.190325739,0.2,1599.57,105.27,910.350,4.2,38.54,13.44,1598.51,4337559.33,1781516.37
00:19:54.51,18/01/2026,10:50:47,17_T02,39.121616453,10.190324362,0.2,1599.59,105.31,910.222,4.3,38.54,13.44,1598.51,4337559.21,1781516.41
00:19:55.51,18/01/2026,10:50:48,17_T02,39.121616219,10.190322196,0.3,1599.64,105.28,910.053,4.3,38.54,13.44,1598.50,4337559.03,1781516.39
00:19:56.51,18/01/2026,10:50:49,17_T02,39.121615955,10.190319991,0.3,1599.70,105.19,909.883,4.2,38.54,13.44,1598.50,4337558.83,1781516.36
00:19:57.50,18/01/2026,10:50:50,17_T02,39.121616464,10.190318920,0.2,1599.75,105.08,909.776,4.2,38.53,13.44,1598.60,4337558.74,1781516.41
00:19:58.51,18/01/2026,10:50:51,17_T02,39.121616925,10.190317783,0.2,1599.78,105.04,909.666,4.2,38.53,13.44,1598.60,4337558.64,1781516.46
00:19:59.51,18/01/2026,10:50:52,17_T02,39.121617391,10.190316434,0.2,1599.78,105.00,909.538,4.2,38.54,13.44,1598.69,4337558.52,1781516.51
00:20:00.51,18/01/2026,10:50:53,17_T02,39.121618719,10.190315815,0.2,1599.79,104.91,909.438,4.3,38.54,13.44,1598.69,4337558.47,1781516.66
00:20:01.49,18/01/2026,10:50:54,17_T02,39.121620142,10.190315320,0.2,1599.82,104.79,909.344,4.3,38.54,13.44,1598.70,4337558.43,1781516.82
00:20:02.51,18/01/2026,10:50:55,17_T02,39.121620676,10.190314295,0.2,1599.88,104.63,909.240,4.3,38.54,13.44,1598.70,4337558.34,1781516.88
00:20:03.51,18/01/2026,10:50:56,17_T02,39.121621159,10.190313313,0.2,1599.94,104.51,909.142,4.2,38.53,13.44,1598.78,4337558.25,1781516.93
00:20:04.51,18/01/2026,10:50:57,17_T02,39.121621655,10.190312277,0.2,1599.99,104.42,909.039,4.2,38.53,13.44,1598.78,4337558.16,1781516.98
00:20:05.50,18/01/2026,10:50:58,17_T02,39.121622847,10.190312262,0.2,1600.02,104.44,908.993,4.2,38.54,13.43,1598.91,4337558.16,1781517.12
00:20:06.50,18/01/2026,10:50:59,17_T02,39.121624150,10.190312809,0.2,1600.04,104.56,908.989,4.2,38.54,13.43,1598.91,4337558.21,1781517.26
00:20:07.50,18/01/2026,10:51:00,17_T02,39.121624435,10.190312269,0.2,1600.07,104.67,908.935,4.2,38.54,13.43,1598.96,4337558.16,1781517.29
00:20:08.50,18/01/2026,10:51:01,17_T02,39.121624597,10.190312054,0.2,1600.13,104.89,908.911,4.2,38.54,13.43,1598.96,4337558.14,1781517.31
00:20:09.50,18/01/2026,10:51:02,17_T02,39.121624563,10.190312371,0.2,1600.20,105.27,908.938,4.1,38.54,13.43,1599.04,4337558.17,1781517.30
00:20:10.52,18/01/2026,10:51:03,17_T02,39.121623598,10.190311360,0.2,1600.24,105.82,908.891,4.0,38.54,13.43,1599.04,4337558.08,1781517.20
00:20:11.50,18/01/2026,10:51:04,17_T02,39.121622734,10.190310237,0.2,1600.22,106.16,908.831,4.0,38.54,13.44,1599.17,4337557.98,1781517.10
00:20:12.51,18/01/2026,10:51:05,17_T02,39.121623081,10.190309685,0.2,1600.18,106.04,908.773,4.1,38.54,13.44,1599.17,4337557.93,1781517.14
00:20:13.47,18/01/2026,10:51:06,17_T02,39.121623426,10.190309434,0.2,1600.15,105.78,908.740,4.2,38.54,13.44,1599.09,4337557.91,1781517.18
00:20:14.49,18/01/2026,10:51:07,17_T02,39.121623831,10.190309394,0.2,1600.18,105.35,908.722,4.2,38.54,13.44,1599.09,4337557.91,1781517.22
00:20:15.50,18/01/2026,10:51:08,17_T02,39.121624823,10.190309068,0.1,1600.23,104.89,908.658,4.1,38.54,13.44,1599.09,4337557.88,1781517.33
00:20:16.51,18/01/2026,10:51:09,17_T02,39.121625816,10.190308599,0.1,1600.26,104.53,908.583,4.0,38.54,13.44,1599.09,4337557.84,1781517.44
00:20:17.49,18/01/2026,10:51:10,17_T02,39.121626161,10.190308253,0.1,1600.26,104.33,908.541,4.0,38.54,13.44,1599.18,4337557.81,1781517.48
00:20:18.51,18/01/2026,10:51:11,17_T02,39.121626480,10.190307647,0.1,1600.23,104.27,908.480,4.1,38.54,13.44,1599.18,4337557.76,1781517.51
00:20:19.51,18/01/2026,10:51:12,17_T02,39.121626792,10.190307006,0.1,1600.19,104.31,908.416,4.2,38.54,13.45,1599.15,4337557.70,1781517.55
00:20:20.63,18/01/2026,10:51:13,17_T02,39.121627025,10.190307132,0.1,1600.19,104.40,908.417,4.3,38.54,13.45,1599.15,4337557.71,1781517.57
00:20:21.51,18/01/2026,10:51:14,17_T02,39.121627206,10.190307601,0.1,1600.21,104.53,908.449,4.2,38.54,13.45,1599.11,4337557.75,1781517.60
00:20:22.50,18/01/2026,10:51:15,17_T02,39.121627402,10.190307302,0.1,1600.21,104.68,908.417,4.2,38.54,13.45,1599.11,4337557.73,1781517.62
00:20:23.49,18/01/2026,10:51:16,17_T02,39.121627650,10.190306771,0.1,1600.19,104.79,908.365,4.2,38.54,13.45,1599.13,4337557.68,1781517.64
00:20:24.49,18/01/2026,10:51:17,17_T02,39.121627955,10.190306027,0.1,1600.14,104.86,908.292,4.3,38.54,13.45,1599.13,4337557.62,1781517.68
00:20:25.50,18/01/2026,10:51:18,17_T02,39.121627653,10.190304985,0.1,1600.10,104.85,908.218,4.4,38.54,13.45,1599.04,4337557.52,1781517.64
00:20:26.58,18/01/2026,10:51:19,17_T02,39.121627275,10.190304047,0.1,1600.10,104.81,908.156,4.5,38.54,13.45,1599.04,4337557.44,1781517.60
00:20:27.50,18/01/2026,10:51:20,17_T02,39.121627594,10.190303741,0.1,1600.13,104.78,908.119,4.4,38.54,13.45,1599.02,4337557.42,1781517.64
00:20:28.49,18/01/2026,10:51:21,17_T02,39.121627889,10.190303434,0.1,1600.15,104.73,908.082,4.3,38.54,13.45,1599.02,4337557.39,1781517.67
00:20:29.50,18/01/2026,10:51:22,17_T02,39.121628237,10.190302830,0.1,1600.15,104.69,908.020,4.3,38.54,13.44,1599.08,4337557.34,1781517.71
00:20:30.51,18/01/2026,10:51:23,17_T02,39.121628983,10.190302948,0.1,1600.13,104.64,908.002,4.4,38.54,13.44,1599.08,4337557.35,1781517.79
00:20:31.51,18/01/2026,10:51:24,17_T02,39.121629815,10.190303004,0.1,1600.10,104.61,907.976,4.5,38.54,13.44,1599.04,4337557.35,1781517.88
00:20:32.49,18/01/2026,10:51:25,17_T02,39.121630152,10.190302368,0.1,1600.11,104.64,907.911,4.5,38.54,13.44,1599.04,4337557.30,1781517.92
00:20:33.51,18/01/2026,10:51:26,17_T02,39.121630399,10.190302203,0.1,1600.14,104.64,907.888,4.5,38.54,13.44,1599.02,4337557.28,1781517.95
00:20:34.50,18/01/2026,10:51:27,17_T02,39.121630635,10.190302139,0.1,1600.20,104.65,907.874,4.5,38.54,13.44,1599.02,4337557.28,1781517.97
00:20:35.50,18/01/2026,10:51:28,17_T02,39.121630850,10.190301988,0.1,1600.21,104.81,907.854,4.4,38.53,13.44,1599.13,4337557.26,1781518.00
00:20:36.48,18/01/2026,10:51:29,17_T02,39.121631313,10.190301742,0.1,1600.15,105.04,907.816,4.4,38.53,13.44,1599.13,4337557.24,1781518.05
00:20:37.48,18/01/2026,10:51:30,17_T02,39.121631835,10.190301221,0.1,1600.05,105.24,907.754,4.5,38.54,13.45,1599.03,4337557.20,1781518.10
00:20:38.48,18/01/2026,10:51:31,17_T02,39.121632161,10.190300368,0.1,1599.95,105.35,907.672,4.7,38.54,13.45,1599.03,4337557.12,1781518.14
00:20:39.50,18/01/2026,10:51:32,17_T02,39.121632460,10.190299675,0.1,1599.87,105.44,907.604,4.9,38.53,13.45,1598.81,4337557.06,1781518.17
00:20:40.50,18/01/2026,10:51:33,17_T02,39.121632718,10.190299254,0.1,1599.82,105.51,907.560,4.9,38.53,13.45,1598.81,4337557.03,1781518.20
00:20:41.50,18/01/2026,10:51:34,17_T02,39.121632775,10.190297841,0.1,1599.78,105.56,907.443,4.9,38.54,13.45,1598.73,4337556.90,1781518.21
00:20:42.49,18/01/2026,10:51:35,17_T02,39.121632882,10.190296206,0.1,1599.72,105.59,907.305,5.0,38.54,13.45,1598.73,4337556.76,1781518.22
00:20:43.48,18/01/2026,10:51:36,17_T02,39.121633233,10.190295535,0.1,1599.63,105.59,907.237,5.1,38.53,13.46,1598.60,4337556.70,1781518.26
00:20:44.49,18/01/2026,10:51:37,17_T02,39.121633583,10.190294765,0.1,1599.52,105.60,907.161,5.2,38.53,13.46,1598.60,4337556.63,1781518.30
00:20:45.48,18/01/2026,10:51:38,17_T02,39.121633926,10.190294092,0.1,1599.41,105.56,907.093,5.4,38.54,13.45,1598.36,4337556.58,1781518.33
00:20:46.50,18/01/2026,10:51:39,17_T02,39.121633655,10.190292124,0.2,1599.33,105.49,906.942,5.5,38.54,13.45,1598.36,4337556.40,1781518.30
00:20:47.48,18/01/2026,10:51:40,17_T02,39.121633371,10.190289972,0.2,1599.25,105.36,906.776,5.5,38.54,13.45,1598.19,4337556.22,1781518.27
00:20:48.49,18/01/2026,10:51:41,17_T02,39.121633815,10.190289199,0.2,1599.18,105.17,906.696,5.6,38.54,13.45,1598.19,4337556.15,1781518.32
00:20:49.47,18/01/2026,10:51:42,17_T02,39.121634280,10.190288381,0.1,1599.13,105.02,906.612,5.8,38.53,13.45,1598.06,4337556.08,1781518.37
00:20:50.50,18/01/2026,10:51:43,17_T02,39.121634760,10.190287545,0.2,1599.10,104.82,906.525,5.8,38.53,13.45,1598.06,4337556.01,1781518.42
00:20:51.49,18/01/2026,10:51:44,17_T02,39.121635329,10.190287631,0.2,1599.12,104.66,906.511,5.9,38.53,13.45,1598.06,4337556.01,1781518.49
00:20:52.49,18/01/2026,10:51:45,17_T02,39.121635939,10.190287772,0.2,1599.18,104.46,906.500,5.9,38.53,13.45,1598.01,4337556.03,1781518.55
00:20:53.51,18/01/2026,10:51:46,17_T02,39.121636498,10.190286970,0.1,1599.28,104.21,906.414,5.8,38.53,13.45,1598.01,4337555.96,1781518.62
00:20:54.50,18/01/2026,10:51:47,17_T02,39.121637112,10.190286205,0.2,1599.41,103.90,906.328,5.7,38.54,13.43,1598.16,4337555.89,1781518.68
00:20:55.50,18/01/2026,10:51:48,17_T02,39.121637724,10.190285397,0.2,1599.54,103.64,906.239,5.6,38.54,13.43,1598.16,4337555.82,1781518.75
00:20:56.49,18/01/2026,10:51:49,17_T02,39.121638769,10.190284768,0.2,1599.64,103.64,906.149,5.5,38.54,13.45,1598.43,4337555.76,1781518.87
00:20:57.49,18/01/2026,10:51:50,17_T02,39.121639581,10.190284018,0.2,1599.70,103.86,906.057,5.4,38.54,13.45,1598.43,4337555.70,1781518.96
00:20:58.49,18/01/2026,10:51:51,17_T02,39.121639955,10.190282813,0.2,1599.73,104.12,905.945,5.4,38.53,13.45,1598.61,4337555.59,1781519.00
00:20:59.49,18/01/2026,10:51:52,17_T02,39.121640470,10.190281654,0.2,1599.74,104.23,905.830,5.5,38.53,13.45,1598.61,4337555.49,1781519.05
00:21:00.49,18/01/2026,10:51:53,17_T02,39.121640883,10.190280484,0.2,1599.77,104.53,905.719,5.5,38.54,13.44,1598.67,4337555.39,1781519.10
00:21:01.50,18/01/2026,10:51:54,17_T02,39.121640443,10.190279168,0.2,1599.82,104.70,905.628,5.5,38.54,13.44,1598.67,4337555.28,1781519.05
00:21:02.48,18/01/2026,10:51:55,17_T02,39.121640066,10.190278037,0.2,1599.88,104.67,905.549,5.5,38.54,13.45,1598.74,4337555.18,1781519.01
00:21:03.49,18/01/2026,10:51:56,17_T02,39.121640537,10.190277149,0.2,1599.91,104.63,905.459,5.4,38.54,13.45,1598.74,4337555.10,1781519.06
00:21:04.49,18/01/2026,10:51:57,17_T02,39.121641190,10.190275578,0.2,1599.93,104.64,905.306,5.4,38.53,13.46,1598.82,4337554.96,1781519.13
00:21:05.47,18/01/2026,10:51:58,17_T02,39.121641937,10.190273401,0.2,1599.93,104.59,905.100,5.4,38.53,13.46,1598.82,4337554.77,1781519.21
00:21:06.48,18/01/2026,10:51:59,17_T02,39.121642177,10.190269701,0.3,1599.94,104.44,904.788,5.5,38.53,13.45,1598.88,4337554.45,1781519.24
00:21:07.48,18/01/2026,10:52:00,17_T02,39.121642613,10.190265715,0.3,1599.96,103.96,904.445,5.6,38.53,13.45,1598.88,4337554.10,1781519.29
00:21:08.47,18/01/2026,10:52:01,17_T02,39.121643636,10.190263024,0.4,1600.02,103.49,904.187,5.7,38.54,13.45,1598.89,4337553.87,1781519.40
00:21:09.49,18/01/2026,10:52:02,17_T02,39.121644680,10.190260249,0.4,1600.08,103.17,903.921,5.7,38.54,13.45,1598.89,4337553.63,1781519.51
00:21:10.48,18/01/2026,10:52:03,17_T02,39.121645606,10.190257239,0.5,1600.10,103.18,903.640,5.7,38.54,13.46,1599.00,4337553.37,1781519.61
00:21:11.49,18/01/2026,10:52:04,17_T02,39.121646147,10.190253607,0.5,1600.09,103.45,903.322,5.7,38.54,13.46,1599.00,4337553.05,1781519.67
00:21:12.48,18/01/2026,10:52:05,17_T02,39.121646646,10.190249922,0.5,1600.06,103.80,903.002,5.9,38.53,13.46,1599.02,4337552.73,1781519.73
00:21:13.50,18/01/2026,10:52:06,17_T02,39.121647736,10.190246231,0.6,1600.01,103.63,902.659,6.0,38.53,13.46,1599.02,4337552.41,1781519.85
00:21:14.48,18/01/2026,10:52:07,17_T02,39.121648922,10.190242880,0.6,1599.96,103.15,902.340,6.2,38.54,13.44,1598.94,4337552.12,1781519.98
00:21:15.49,18/01/2026,10:52:08,17_T02,39.121650234,10.190239434,0.6,1599.91,102.48,902.009,6.4,38.54,13.44,1598.94,4337551.82,1781520.12
00:21:16.48,18/01/2026,10:52:09,17_T02,39.121651412,10.190236393,0.6,1599.86,101.82,901.716,6.5,38.54,13.44,1598.84,4337551.55,1781520.25
00:21:17.49,18/01/2026,10:52:10,17_T02,39.121652342,10.190233024,0.6,1599.78,101.33,901.406,6.7,38.54,13.44,1598.84,4337551.26,1781520.35
00:21:18.48,18/01/2026,10:52:11,17_T02,39.121652901,10.190230502,0.6,1599.66,101.22,901.178,6.9,38.54,13.44,1598.71,4337551.04,1781520.41
00:21:19.48,18/01/2026,10:52:12,17_T02,39.121653610,10.190228176,0.5,1599.51,101.22,900.962,7.1,38.54,13.44,1598.71,4337550.84,1781520.49
00:21:20.49,18/01/2026,10:52:13,17_T02,39.121654196,10.190226167,0.5,1599.36,101.28,900.775,7.3,38.54,13.44,1598.40,4337550.66,1781520.56
00:21:21.49,18/01/2026,10:52:14,17_T02,39.121654844,10.190223963,0.4,1599.23,101.31,900.570,7.5,38.54,13.44,1598.40,4337550.47,1781520.63
00:21:22.50,18/01/2026,10:52:15,17_T02,39.121655130,10.190222253,0.4,1599.12,101.30,900.420,7.6,38.54,13.44,1598.14,4337550.32,1781520.66
00:21:23.49,18/01/2026,10:52:16,17_T02,39.121655882,10.190220705,0.3,1599.02,100.28,900.265,7.8,38.54,13.44,1598.14,4337550.19,1781520.74
00:21:24.49,18/01/2026,10:52:17,17_T02,39.121656877,10.190218850,0.3,1598.94,99.30,900.076,8.0,38.54,13.44,1597.92,4337550.02,1781520.85
00:21:25.48,18/01/2026,10:52:18,17_T02,39.121657515,10.190217071,0.3,1598.87,98.92,899.907,8.1,38.54,13.44,1597.92,4337549.87,1781520.92
00:21:26.48,18/01/2026,10:52:19,17_T02,39.121657973,10.190215375,0.3,1598.80,98.85,899.751,8.2,38.54,13.44,1597.76,4337549.72,1781520.97
00:21:27.49,18/01/2026,10:52:20,17_T02,39.121659149,10.190214798,0.3,1598.75,99.01,899.660,8.2,38.54,13.44,1597.76,4337549.67,1781521.10
00:21:28.48,18/01/2026,10:52:21,17_T02,39.121660111,10.190214037,0.3,1598.66,99.29,899.562,8.3,38.54,13.44,1597.66,4337549.60,1781521.21
00:21:29.48,18/01/2026,10:52:22,17_T02,39.121660197,10.190211616,0.3,1598.56,99.95,899.360,8.6,38.54,13.44,1597.66,4337549.39,1781521.21
00:21:30.48,18/01/2026,10:52:23,17_T02,39.121660553,10.190208982,0.3,1598.44,100.25,899.131,8.8,38.54,13.44,1597.46,4337549.16,1781521.25
00:21:31.48,18/01/2026,10:52:24,17_T02,39.121660984,10.190206597,0.4,1598.31,100.37,898.920,8.9,38.54,13.44,1597.46,4337548.96,1781521.30
00:21:32.52,18/01/2026,10:52:25,17_T02,39.121661730,10.190205208,0.4,1598.13,100.42,898.778,9.2,38.54,13.44,1597.19,4337548.84,1781521.38
00:21:33.46,18/01/2026,10:52:26,17_T02,39.121662207,10.190204168,0.3,1597.87,100.55,898.675,9.3,38.54,13.44,1597.19,4337548.74,1781521.43
00:21:34.45,18/01/2026,10:52:27,17_T02,39.121662505,10.190202747,0.3,1597.57,100.65,898.548,9.7,38.54,13.44,1596.68,4337548.62,1781521.47
00:21:35.58,18/01/2026,10:52:28,17_T02,39.121662758,10.190201678,0.3,1597.24,100.89,898.451,10.0,38.54,13.44,1596.68,4337548.53,1781521.49
00:21:36.53,18/01/2026,10:52:29,17_T02,39.121662758,10.190201678,0.3,1596.87,101.08,898.451,10.4,38.54,13.44,1596.01,4337548.53,1781521.49
00:21:37.46,18/01/2026,10:52:30,17_T02,39.121663367,10.190199249,0.2,1596.52,101.14,898.229,10.8,38.54,13.44,1596.01,4337548.32,1781521.56
00:21:38.53,18/01/2026,10:52:31,17_T02,39.121663821,10.190197970,0.2,1596.25,101.14,898.108,11.2,38.54,13.44,1595.30,4337548.21,1781521.61
00:21:39.50,18/01/2026,10:52:32,17_T02,39.121664243,10.190196913,0.2,1596.03,101.17,898.005,11.5,38.54,13.44,1595.30,4337548.11,1781521.66
00:21:40.45,18/01/2026,10:52:33,17_T02,39.121664408,10.190195876,0.2,1595.84,101.32,897.914,11.7,38.54,13.44,1594.87,4337548.02,1781521.68
00:21:41.54,18/01/2026,10:52:34,17_T02,39.121664486,10.190194763,0.2,1595.66,101.40,897.820,11.9,38.54,13.44,1594.87,4337547.93,1781521.68
00:21:42.54,18/01/2026,10:52:35,17_T02,39.121664486,10.190194763,0.2,1595.45,101.17,897.820,12.1,38.52,13.46,1594.47,4337547.93,1781521.68
00:21:43.55,18/01/2026,10:52:36,17_T02,39.121666054,10.190193637,0.2,1595.24,100.46,897.670,12.3,38.52,13.46,1594.47,4337547.83,1781521.86
00:21:44.51,18/01/2026,10:52:37,17_T02,39.121668240,10.190192641,0.2,1595.03,96.70,897.507,12.6,38.54,13.45,1594.04,4337547.74,1781522.10
00:21:45.48,18/01/2026,10:52:38,17_T02,39.121669873,10.190191525,0.2,1594.85,94.15,897.355,12.8,38.54,13.45,1594.04,4337547.64,1781522.28
00:21:46.45,18/01/2026,10:52:39,17_T02,39.121670524,10.190190135,0.2,1594.69,93.73,897.216,13.0,38.54,13.45,1593.67,4337547.52,1781522.35
00:21:47.55,18/01/2026,10:52:40,17_T02,39.121671599,10.190189870,0.2,1594.52,93.13,897.155,13.2,38.54,13.45,1593.67,4337547.50,1781522.47
00:21:48.51,18/01/2026,10:52:41,17_T02,39.121672403,10.190189227,0.2,1594.31,92.81,897.072,13.4,38.54,13.44,1593.31,4337547.44,1781522.56
00:21:49.44,18/01/2026,10:52:42,17_T02,39.121672616,10.190186770,0.2,1594.09,92.94,896.863,13.7,38.54,13.44,1593.31,4337547.23,1781522.58
00:21:50.52,18/01/2026,10:52:43,17_T02,39.121672646,10.190183732,0.3,1593.88,93.35,896.613,14.1,38.54,13.44,1593.31,4337546.96,1781522.58
00:21:51.46,18/01/2026,10:52:44,17_T02,39.121672603,10.190180238,0.3,1593.70,93.91,896.329,14.4,38.54,13.44,1592.87,4337546.66,1781522.58
00:21:52.52,18/01/2026,10:52:45,17_T02,39.121673488,10.190177468,0.4,1593.57,94.44,896.069,14.7,38.54,13.44,1592.87,4337546.42,1781522.67
00:21:53.43,18/01/2026,10:52:46,17_T02,39.121674471,10.190174391,0.5,1593.50,94.70,895.780,14.8,38.54,13.44,1592.52,4337546.15,1781522.78
00:21:54.50,18/01/2026,10:52:47,17_T02,39.121674907,10.190169988,0.5,1593.48,94.64,895.403,14.9,38.54,13.44,1592.52,4337545.77,1781522.83
00:21:55.57,18/01/2026,10:52:48,17_T02,39.121675465,10.190165011,0.6,1593.52,94.59,894.975,14.8,38.54,13.44,1592.38,4337545.33,1781522.89
00:21:56.48,18/01/2026,10:52:49,17_T02,39.121676002,10.190159618,0.7,1593.52,94.59,894.513,14.9,38.54,13.44,1592.38,4337544.87,1781522.95
00:21:57.51,18/01/2026,10:52:50,17_T02,39.121676484,10.190153594,0.7,1593.50,94.61,894.002,15.0,38.54,13.44,1592.44,4337544.34,1781523.00
00:21:58.52,18/01/2026,10:52:51,17_T02,39.121677975,10.190147936,0.8,1593.48,94.53,893.483,15.3,38.54,13.44,1592.44,4337543.85,1781523.16
00:21:59.55,18/01/2026,10:52:52,17_T02,39.121679642,10.190141888,0.9,1593.45,94.29,892.926,15.7,38.54,13.44,1592.38,4337543.32,1781523.35
00:22:00.46,18/01/2026,10:52:53,17_T02,39.121680455,10.190135249,1.0,1593.45,94.06,892.352,15.9,38.54,13.44,1592.38,4337542.74,1781523.43
00:22:01.51,18/01/2026,10:52:54,17_T02,39.121681180,10.190128683,1.0,1593.46,93.87,891.787,16.2,38.54,13.44,1592.36,4337542.17,1781523.51
00:22:02.48,18/01/2026,10:52:55,17_T02,39.121681867,10.190121838,1.1,1593.50,93.72,891.201,16.3,38.54,13.44,1592.36,4337541.58,1781523.59
00:22:03.55,18/01/2026,10:52:56,17_T02,39.121681529,10.190116375,1.1,1593.54,93.71,890.766,16.3,38.54,13.44,1592.42,4337541.10,1781523.55
00:22:04.47,18/01/2026,10:52:57,17_T02,39.121681190,10.190111799,1.0,1593.55,93.81,890.404,16.5,38.54,13.44,1592.42,4337540.70,1781523.51
00:22:05.49,18/01/2026,10:52:58,17_T02,39.121681700,10.190106780,0.9,1593.57,93.82,889.974,16.6,38.54,13.44,1592.46,4337540.27,1781523.56
00:22:06.55,18/01/2026,10:52:59,17_T02,39.121682148,10.190102266,0.8,1593.58,93.80,889.587,16.8,38.54,13.44,1592.46,4337539.87,1781523.61
00:22:07.43,18/01/2026,10:53:00,17_T02,39.121682694,10.190098346,0.8,1593.61,93.41,889.246,16.8,38.54,13.44,1592.51,4337539.53,1781523.67
00:22:08.50,18/01/2026,10:53:01,17_T02,39.121683722,10.190094191,0.7,1593.63,89.39,888.867,16.8,38.54,13.44,1592.51,4337539.17,1781523.79
00:22:09.43,18/01/2026,10:53:02,17_T02,39.121684327,10.190090320,0.8,1593.64,86.41,888.528,16.9,38.54,13.44,1592.54,4337538.83,1781523.85
00:22:10.52,18/01/2026,10:53:03,17_T02,39.121684630,10.190086912,0.7,1593.56,86.38,888.237,17.0,38.54,13.44,1592.54,4337538.54,1781523.88
00:22:11.58,18/01/2026,10:53:04,17_T02,39.121684611,10.190083857,0.6,1593.38,87.03,887.988,17.1,38.54,13.44,1592.47,4337538.27,1781523.88
00:22:12.52,18/01/2026,10:53:05,17_T02,39.121684407,10.190080946,0.6,1593.24,87.82,887.757,17.6,38.54,13.44,1592.47,4337538.02,1781523.86
00:22:13.45,18/01/2026,10:53:06,17_T02,39.121684702,10.190079194,0.5,1593.14,88.56,887.603,17.9,38.54,13.44,1592.14,4337537.87,1781523.89
00:22:14.45,18/01/2026,10:53:07,17_T02,39.121685065,10.190077748,0.4,1593.08,89.15,887.471,18.1,38.54,13.44,1592.14,4337537.74,1781523.93
00:22:15.53,18/01/2026,10:53:08,17_T02,39.121684968,10.190075604,0.4,1592.93,89.55,887.299,18.1,38.54,13.44,1591.97,4337537.55,1781523.92
00:22:16.46,18/01/2026,10:53:09,17_T02,39.121684870,10.190073575,0.4,1592.69,89.78,887.136,18.1,38.54,13.44,1591.97,4337537.38,1781523.91
00:22:17.46,18/01/2026,10:53:10,17_T02,39.121684872,10.190071788,0.3,1592.39,89.99,886.990,18.4,38.54,13.44,1591.55,4337537.22,1781523.91
00:22:18.47,18/01/2026,10:53:11,17_T02,39.121685170,10.190071306,0.3,1592.05,90.37,886.939,18.8,38.54,13.44,1591.55,4337537.18,1781523.94
00:22:19.46,18/01/2026,10:53:12,17_T02,39.121685421,10.190071017,0.3,1591.68,90.71,886.906,19.3,38.54,13.44,1590.89,4337537.15,1781523.97
00:22:20.48,18/01/2026,10:53:13,17_T02,39.121685506,10.190069788,0.3,1591.35,90.77,886.802,19.7,38.54,13.44,1590.89,4337537.05,1781523.98
00:22:21.47,18/01/2026,10:53:14,17_T02,39.121685779,10.190068714,0.2,1591.08,89.92,886.704,20.1,38.54,13.44,1590.20,4337536.95,1781524.01
00:22:22.47,18/01/2026,10:53:15,17_T02,39.121688412,10.190067389,0.2,1590.86,85.88,886.498,20.4,38.54,13.44,1590.20,4337536.84,1781524.30
00:22:23.47,18/01/2026,10:53:16,17_T02,39.121691037,10.190066139,0.2,1590.67,81.78,886.298,20.6,38.54,13.44,1589.75,4337536.73,1781524.59
00:22:24.47,18/01/2026,10:53:17,17_T02,39.121692372,10.190065038,0.2,1590.50,80.38,886.158,20.8,38.54,13.44,1589.75,4337536.63,1781524.73
00:22:25.45,18/01/2026,10:53:18,17_T02,39.121694220,10.190064078,0.2,1590.34,78.22,886.010,20.9,38.54,13.45,1589.37,4337536.55,1781524.94
00:22:26.47,18/01/2026,10:53:19,17_T02,39.121695611,10.190062939,0.2,1590.11,76.93,885.865,20.9,38.54,13.45,1589.37,4337536.45,1781525.09
00:22:27.46,18/01/2026,10:53:20,17_T02,39.121696412,10.190061441,0.2,1589.74,76.41,885.713,20.9,38.54,13.45,1588.92,4337536.32,1781525.18
00:22:28.46,18/01/2026,10:53:21,17_T02,39.121696555,10.190058396,0.2,1589.37,76.13,885.458,21.4,38.54,13.45,1588.92,4337536.05,1781525.19
00:22:29.47,18/01/2026,10:53:22,17_T02,39.121696567,10.190055278,0.2,1589.03,75.89,885.202,22.2,38.54,13.45,1588.17,4337535.78,1781525.19
00:22:30.47,18/01/2026,10:53:23,17_T02,39.121696649,10.190054125,0.2,1588.71,76.02,885.105,23.0,38.54,13.45,1588.17,4337535.68,1781525.20
00:22:31.46,18/01/2026,10:53:24,17_T02,39.121696722,10.190053614,0.2,1588.41,76.20,885.060,23.2,38.54,13.45,1587.52,4337535.64,1781525.21
00:22:32.45,18/01/2026,10:53:25,17_T02,39.121696819,10.190053206,0.2,1588.16,76.38,885.023,23.3,38.54,13.45,1587.52,4337535.60,1781525.22
00:22:33.46,18/01/2026,10:53:26,17_T02,39.121696822,10.190050430,0.2,1587.88,76.51,884.796,23.3,38.54,13.45,1586.95,4337535.36,1781525.22
00:22:34.45,18/01/2026,10:53:27,17_T02,39.121696533,10.190046628,0.3,1587.62,76.72,884.495,23.5,38.54,13.45,1586.95,4337535.03,1781525.19
00:22:35.47,18/01/2026,10:53:28,17_T02,39.121696015,10.190044025,0.3,1587.39,77.16,884.301,23.9,38.54,13.44,1586.44,4337534.80,1781525.13
00:22:36.46,18/01/2026,10:53:29,17_T02,39.121695685,10.190041327,0.3,1587.15,77.30,884.093,24.4,38.54,13.44,1586.44,4337534.57,1781525.09
00:22:37.45,18/01/2026,10:53:30,17_T02,39.121695584,10.190038983,0.4,1586.94,77.25,883.904,24.9,38.54,13.44,1585.94,4337534.36,1781525.08
00:22:38.46,18/01/2026,10:53:31,17_T02,39.121695465,10.190037732,0.4,1586.76,76.69,883.806,25.3,38.54,13.44,1585.94,4337534.26,1781525.07
00:22:39.45,18/01/2026,10:53:32,17_T02,39.121696114,10.190036650,0.3,1586.62,75.78,883.694,25.2,38.54,13.44,1585.58,4337534.16,1781525.14
00:22:40.46,18/01/2026,10:53:33,17_T02,39.121697782,10.190034897,0.3,1586.48,74.57,883.488,25.1,38.54,13.44,1585.58,4337534.01,1781525.32
00:22:41.45,18/01/2026,10:53:34,17_T02,39.121698682,10.190032831,0.3,1586.29,74.47,883.285,24.9,38.54,13.44,1585.27,4337533.83,1781525.42
00:22:42.46,18/01/2026,10:53:35,17_T02,39.121698987,10.190030776,0.3,1585.96,75.40,883.106,25.2,38.54,13.44,1585.27,4337533.65,1781525.46
00:22:43.47,18/01/2026,10:53:36,17_T02,39.121699359,10.190028512,0.3,1585.56,76.18,882.906,26.0,38.54,13.45,1584.66,4337533.45,1781525.50
00:22:44.46,18/01/2026,10:53:37,17_T02,39.121699493,10.190026380,0.3,1585.13,76.72,882.727,26.6,38.54,13.45,1584.66,4337533.27,1781525.51
00:22:45.46,18/01/2026,10:53:38,17_T02,39.121699337,10.190024866,0.4,1584.78,77.06,882.609,27.3,38.54,13.46,1583.82,4337533.14,1781525.49
00:22:46.46,18/01/2026,10:53:39,17_T02,39.121699525,10.190023734,0.3,1584.46,77.16,882.509,27.9,38.54,13.46,1583.82,4337533.04,1781525.51
00:22:47.47,18/01/2026,10:53:40,17_T02,39.121699876,10.190022408,0.3,1584.19,76.93,882.387,28.1,38.54,13.47,1583.18,4337532.92,1781525.55
00:22:48.46,18/01/2026,10:53:41,17_T02,39.121700290,10.190022364,0.3,1584.02,76.70,882.368,28.3,38.54,13.47,1583.18,4337532.92,1781525.60
00:22:49.45,18/01/2026,10:53:42,17_T02,39.121700485,10.190021847,0.2,1583.90,76.59,882.318,28.4,38.54,13.47,1583.18,4337532.87,1781525.62
00:22:50.45,18/01/2026,10:53:43,17_T02,39.121700707,10.190018668,0.2,1583.79,75.56,882.050,28.3,38.53,13.51,1582.83,4337532.60,1781525.64
00:22:51.45,18/01/2026,10:53:44,17_T02,39.121701282,10.190014531,0.3,1583.66,73.94,881.690,28.5,38.53,13.51,1582.83,4337532.24,1781525.71
00:22:52.46,18/01/2026,10:53:45,17_T02,39.121701646,10.190009958,0.4,1583.51,72.90,881.302,28.7,38.53,13.46,1582.60,4337531.84,1781525.74
00:22:53.45,18/01/2026,10:53:46,17_T02,39.121701867,10.190005635,0.5,1583.35,72.32,880.939,29.1,38.53,13.46,1582.60,4337531.46,1781525.77
00:22:54.45,18/01/2026,10:53:47,17_T02,39.121702160,10.190001577,0.6,1583.27,71.97,880.596,29.4,38.54,13.45,1582.28,4337531.11,1781525.80
00:22:55.45,18/01/2026,10:53:48,17_T02,39.121702334,10.189997765,0.6,1583.22,71.67,880.277,29.6,38.54,13.45,1582.28,4337530.78,1781525.82
00:22:56.44,18/01/2026,10:53:49,17_T02,39.121702391,10.189993769,0.7,1583.15,71.18,879.948,29.7,38.54,13.44,1582.14,4337530.43,1781525.82
00:22:57.45,18/01/2026,10:53:50,17_T02,39.121702576,10.189990117,0.6,1583.08,70.54,879.642,29.8,38.54,13.44,1582.14,4337530.11,1781525.84
00:22:58.45,18/01/2026,10:53:51,17_T02,39.121702682,10.189986795,0.6,1583.03,70.03,879.366,30.0,38.54,13.44,1581.98,4337529.82,1781525.85
00:22:59.45,18/01/2026,10:53:52,17_T02,39.121702968,10.189984151,0.5,1582.89,69.73,879.139,30.2,38.54,13.44,1581.98,4337529.59,1781525.88
00:23:00.45,18/01/2026,10:53:53,17_T02,39.121703205,10.189981949,0.5,1582.56,69.60,878.950,30.7,38.54,13.44,1581.81,4337529.40,1781525.91
00:23:01.43,18/01/2026,10:53:54,17_T02,39.121703123,10.189979735,0.4,1582.11,69.69,878.771,31.4,38.54,13.44,1581.81,4337529.21,1781525.90
00:23:02.42,18/01/2026,10:53:55,17_T02,39.121702927,10.189978052,0.4,1581.67,70.03,878.641,32.1,38.54,13.45,1581.06,4337529.06,1781525.88
00:23:03.45,18/01/2026,10:53:56,17_T02,39.121702647,10.189976801,0.3,1581.32,70.41,878.549,32.4,38.54,13.45,1581.06,4337528.95,1781525.85
00:23:04.45,18/01/2026,10:53:57,17_T02,39.121702253,10.189974048,0.3,1581.03,70.54,878.338,32.5,38.54,13.45,1580.24,4337528.71,1781525.80
00:23:05.44,18/01/2026,10:53:58,17_T02,39.121701989,10.189971310,0.3,1580.60,70.52,878.124,33.1,38.54,13.45,1580.24,4337528.48,1781525.77
00:23:06.43,18/01/2026,10:53:59,17_T02,39.121701833,10.189971018,0.3,1580.03,70.62,878.105,34.1,38.54,13.45,1579.53,4337528.45,1781525.76
00:23:07.43,18/01/2026,10:54:00,17_T02,39.121701469,10.189971457,0.3,1579.45,70.93,878.155,35.1,38.54,13.45,1579.53,4337528.49,1781525.72
00:23:08.45,18/01/2026,10:54:01,17_T02,39.121701219,10.189972313,0.3,1578.93,71.15,878.234,35.3,38.54,13.45,1578.37,4337528.56,1781525.69
00:23:09.46,18/01/2026,10:54:02,17_T02,39.121701430,10.189973775,0.2,1578.60,71.03,878.346,35.0,38.54,13.45,1578.37,4337528.69,1781525.71
00:23:10.46,18/01/2026,10:54:03,17_T02,39.121701677,10.189974964,0.2,1578.55,70.91,878.434,34.5,38.55,13.45,1577.51,4337528.79,1781525.74
00:23:11.44,18/01/2026,10:54:04,17_T02,39.121701592,10.189975227,0.2,1578.69,70.50,878.459,33.9,38.55,13.45,1577.51,4337528.82,1781525.73
00:23:12.44,18/01/2026,10:54:05,17_T02,39.121701269,10.189974170,0.2,1578.81,70.34,878.385,33.5,38.54,13.45,1577.55,4337528.72,1781525.70
00:23:13.44,18/01/2026,10:54:06,17_T02,39.121701205,10.189971625,0.2,1578.62,69.91,878.179,34.3,38.54,13.45,1577.55,4337528.50,1781525.69
00:23:14.44,18/01/2026,10:54:07,17_T02,39.121701133,10.189967824,0.3,1578.21,69.52,877.870,36.2,38.54,13.45,1577.45,4337528.17,1781525.68
00:23:15.45,18/01/2026,10:54:08,17_T02,39.121700796,10.189965467,0.3,1577.90,69.73,877.689,37.2,38.54,13.45,1577.45,4337527.97,1781525.64
00:23:16.45,18/01/2026,10:54:09,17_T02,39.121700468,10.189965462,0.3,1577.72,70.16,877.701,36.7,38.54,13.45,1576.77,4337527.97,1781525.60
00:23:17.45,18/01/2026,10:54:10,17_T02,39.121700346,10.189965439,0.3,1577.71,70.06,877.704,36.1,38.54,13.45,1576.77,4337527.96,1781525.59
00:23:18.44,18/01/2026,10:54:11,17_T02,39.121700422,10.189965294,0.3,1577.63,69.45,877.689,36.8,38.54,13.47,1576.59,4337527.95,1781525.60
00:23:19.45,18/01/2026,10:54:12,17_T02,39.121700672,10.189964063,0.3,1577.55,68.35,877.579,37.1,38.54,13.47,1576.59,4337527.84,1781525.63
00:23:20.44,18/01/2026,10:54:13,17_T02,39.121700699,10.189963327,0.3,1577.30,68.49,877.518,36.5,38.54,13.46,1576.39,4337527.78,1781525.63
00:23:21.45,18/01/2026,10:54:14,17_T02,39.121700091,10.189963816,0.3,1576.93,69.80,877.580,36.0,38.54,13.46,1576.39,4337527.82,1781525.56
00:23:22.44,18/01/2026,10:54:15,17_T02,39.121699282,10.189964075,0.3,1576.76,70.86,877.632,36.1,38.54,13.45,1575.75,4337527.85,1781525.47
00:23:23.44,18/01/2026,10:54:16,17_T02,39.121698644,10.189964117,0.3,1576.94,71.54,877.659,35.9,38.54,13.45,1575.75,4337527.85,1781525.40
00:23:24.44,18/01/2026,10:54:17,17_T02,39.121698053,10.189962357,0.2,1577.13,71.89,877.537,35.7,38.54,13.46,1575.85,4337527.70,1781525.34
00:23:25.45,18/01/2026,10:54:18,17_T02,39.121697710,10.189960239,0.2,1577.01,72.12,877.376,36.1,38.54,13.46,1575.85,4337527.51,1781525.30
00:23:26.46,18/01/2026,10:54:19,17_T02,39.121697503,10.189959659,0.2,1576.70,72.43,877.336,37.0,38.54,13.45,1575.79,4337527.46,1781525.28
00:23:27.44,18/01/2026,10:54:20,17_T02,39.121697139,10.189959738,0.2,1576.50,72.91,877.356,37.4,38.54,13.45,1575.79,4337527.47,1781525.24
00:23:28.45,18/01/2026,10:54:21,17_T02,39.121696544,10.189960138,0.2,1576.60,73.53,877.411,36.9,38.55,13.45,1575.37,4337527.50,1781525.17
00:23:29.45,18/01/2026,10:54:22,17_T02,39.121695910,10.189960604,0.2,1576.89,74.04,877.473,36.4,38.55,13.45,1575.37,4337527.55,1781525.10
00:23:30.43,18/01/2026,10:54:23,17_T02,39.121695415,10.189960655,0.2,1577.09,74.41,877.496,36.0,38.54,13.45,1575.86,4337527.55,1781525.05
00:23:31.44,18/01/2026,10:54:24,17_T02,39.121695404,10.189960105,0.2,1577.04,74.52,877.451,36.2,38.54,13.45,1575.86,4337527.50,1781525.04
00:23:32.45,18/01/2026,10:54:25,17_T02,39.121695281,10.189959708,0.2,1576.85,74.65,877.423,36.7,38.54,13.45,1575.85,4337527.47,1781525.03
00:23:33.44,18/01/2026,10:54:26,17_T02,39.121694974,10.189959709,0.2,1576.66,74.89,877.435,36.9,38.54,13.45,1575.85,4337527.47,1781525.00
00:23:34.43,18/01/2026,10:54:27,17_T02,39.121694542,10.189959986,0.2,1576.57,75.22,877.473,36.9,38.54,13.45,1575.48,4337527.49,1781524.95
00:23:35.45,18/01/2026,10:54:28,17_T02,39.121694109,10.189960257,0.1,1576.65,75.60,877.512,36.6,38.54,13.45,1575.48,4337527.52,1781524.90
00:23:36.43,18/01/2026,10:54:29,17_T02,39.121693703,10.189960276,0.1,1576.93,75.89,877.528,36.3,38.53,13.47,1575.64,4337527.52,1781524.86
00:23:37.44,18/01/2026,10:54:30,17_T02,39.121693545,10.189959611,0.1,1577.24,75.81,877.480,36.0,38.53,13.47,1575.64,4337527.46,1781524.84
00:23:38.44,18/01/2026,10:54:31,17_T02,39.121693796,10.189958576,0.1,1577.29,75.32,877.386,36.3,38.54,13.45,1576.15,4337527.37,1781524.87
00:23:39.45,18/01/2026,10:54:32,17_T02,39.121694702,10.189959566,0.1,1576.93,75.03,877.433,37.2,38.54,13.45,1576.15,4337527.46,1781524.97
00:23:40.45,18/01/2026,10:54:33,17_T02,39.121695209,10.189961439,0.1,1576.41,75.24,877.567,37.5,38.55,13.45,1575.52,4337527.62,1781525.02
00:23:41.44,18/01/2026,10:54:34,17_T02,39.121694694,10.189962046,0.1,1576.19,75.60,877.636,37.4,38.55,13.45,1575.52,4337527.67,1781524.97
00:23:42.44,18/01/2026,10:54:35,17_T02,39.121694053,10.189962584,0.1,1576.52,75.99,877.704,36.9,38.54,13.46,1575.17,4337527.72,1781524.90
00:23:43.44,18/01/2026,10:54:36,17_T02,39.121693462,10.189962745,0.1,1577.14,76.22,877.739,35.9,38.54,13.46,1575.17,4337527.73,1781524.83
00:23:44.43,18/01/2026,10:54:37,17_T02,39.121693269,10.189961767,0.1,1577.51,76.42,877.666,35.5,38.54,13.45,1576.25,4337527.65,1781524.81
00:23:45.43,18/01/2026,10:54:38,17_T02,39.121693707,10.189960424,0.1,1577.26,76.31,877.540,36.2,38.54,13.45,1576.25,4337527.53,1781524.86
00:23:46.45,18/01/2026,10:54:39,17_T02,39.121693680,10.189960226,0.1,1576.64,76.23,877.525,37.3,38.54,13.45,1575.77,4337527.51,1781524.85
00:23:47.44,18/01/2026,10:54:40,17_T02,39.121693249,10.189960708,0.1,1576.12,76.45,877.581,37.9,38.54,13.45,1575.77,4337527.55,1781524.81
00:23:48.43,18/01/2026,10:54:41,17_T02,39.121692546,10.189961280,0.1,1576.10,77.00,877.653,37.6,38.54,13.45,1575.77,4337527.60,1781524.73
00:23:49.43,18/01/2026,10:54:42,17_T02,39.121691117,10.189962181,0.1,1576.59,77.49,877.781,36.8,38.55,13.46,1574.90,4337527.68,1781524.57
00:23:50.43,18/01/2026,10:54:43,17_T02,39.121690026,10.189962491,0.1,1577.20,77.91,877.847,36.0,38.55,13.46,1574.90,4337527.71,1781524.45
00:23:51.45,18/01/2026,10:54:44,17_T02,39.121690026,10.189961759,0.1,1577.43,78.28,877.787,35.9,38.53,13.46,1575.87,4337527.65,1781524.45
00:23:52.43,18/01/2026,10:54:45,17_T02,39.121690266,10.189961053,0.1,1577.16,78.38,877.720,36.5,38.53,13.46,1575.87,4337527.59,1781524.48
00:23:53.45,18/01/2026,10:54:46,17_T02,39.121690038,10.189960975,0.1,1576.69,78.44,877.722,37.3,38.54,13.45,1576.13,4337527.58,1781524.45
00:23:54.43,18/01/2026,10:54:47,17_T02,39.121689647,10.189961500,0.1,1576.36,78.60,877.779,37.5,38.54,13.45,1576.13,4337527.62,1781524.41
00:23:55.43,18/01/2026,10:54:48,17_T02,39.121689084,10.189962124,0.1,1576.32,78.92,877.852,37.1,38.54,13.45,1575.31,4337527.68,1781524.35
00:23:56.44,18/01/2026,10:54:49,17_T02,39.121688588,10.189962519,0.1,1576.55,79.23,877.902,36.6,38.54,13.45,1575.31,4337527.71,1781524.29
00:23:57.43,18/01/2026,10:54:50,17_T02,39.121688247,10.189962619,0.1,1576.93,79.49,877.923,36.2,38.54,13.48,1575.35,4337527.72,1781524.26
00:23:58.43,18/01/2026,10:54:51,17_T02,39.121688131,10.189962221,0.1,1577.25,79.71,877.895,35.8,38.54,13.48,1575.35,4337527.69,1781524.24
00:23:59.44,18/01/2026,10:54:52,17_T02,39.121688260,10.189960396,0.1,1577.27,79.73,877.741,36.1,38.54,13.45,1576.07,4337527.53,1781524.26
00:24:00.44,18/01/2026,10:54:53,17_T02,39.121688222,10.189958832,0.1,1576.95,79.74,877.614,36.8,38.54,13.45,1576.07,4337527.39,1781524.25
00:24:01.45,18/01/2026,10:54:54,17_T02,39.121687902,10.189958971,0.1,1576.47,79.91,877.637,37.4,38.55,13.45,1575.88,4337527.40,1781524.22
00:24:02.45,18/01/2026,10:54:55,17_T02,39.121687439,10.189959519,0.1,1576.19,80.17,877.699,37.6,38.55,13.45,1575.88,4337527.45,1781524.17
00:24:03.44,18/01/2026,10:54:56,17_T02,39.121686734,10.189960074,0.1,1576.38,80.63,877.771,37.1,38.54,13.46,1575.07,4337527.50,1781524.09
00:24:04.45,18/01/2026,10:54:57,17_T02,39.121686035,10.189960379,0.1,1576.94,80.95,877.822,36.3,38.54,13.46,1575.07,4337527.53,1781524.01
00:24:05.43,18/01/2026,10:54:58,17_T02,39.121685470,10.189958415,0.1,1577.41,81.24,877.682,35.6,38.54,13.47,1575.74,4337527.36,1781523.95
00:24:06.44,18/01/2026,10:54:59,17_T02,39.121685603,10.189955837,0.2,1577.32,81.26,877.466,35.9,38.54,13.47,1575.74,4337527.13,1781523.96
00:24:07.44,18/01/2026,10:55:00,17_T02,39.121685680,10.189955431,0.2,1576.76,81.22,877.430,37.1,38.54,13.45,1576.18,4337527.10,1781523.97
00:24:08.43,18/01/2026,10:55:01,17_T02,39.121685271,10.189955774,0.2,1576.27,81.41,877.473,37.7,38.54,13.45,1576.18,4337527.13,1781523.93
00:24:09.43,18/01/2026,10:55:02,17_T02,39.121684506,10.189956242,0.2,1576.29,81.93,877.540,37.4,38.54,13.46,1575.15,4337527.17,1781523.84
00:24:10.45,18/01/2026,10:55:03,17_T02,39.121683401,10.189956249,0.1,1576.77,82.35,877.582,36.8,38.54,13.46,1575.15,4337527.17,1781523.72
00:24:11.44,18/01/2026,10:55:04,17_T02,39.121682629,10.189955878,0.1,1577.21,82.59,877.580,36.0,38.53,13.47,1575.66,4337527.14,1781523.63
00:24:12.43,18/01/2026,10:55:05,17_T02,39.121682922,10.189955295,0.1,1577.10,82.59,877.522,36.1,38.53,13.47,1575.66,4337527.09,1781523.67
00:24:13.44,18/01/2026,10:55:06,17_T02,39.121682993,10.189955051,0.1,1576.63,82.54,877.499,36.9,38.54,13.45,1575.94,4337527.07,1781523.67
00:24:14.43,18/01/2026,10:55:07,17_T02,39.121682557,10.189955286,0.1,1576.35,82.78,877.534,37.4,38.54,13.45,1575.94,4337527.09,1781523.63
00:24:15.45,18/01/2026,10:55:08,17_T02,39.121681828,10.189955332,0.1,1576.58,83.21,877.565,37.1,38.54,13.46,1575.23,4337527.09,1781523.55
00:24:16.43,18/01/2026,10:55:09,17_T02,39.121681251,10.189955231,0.1,1577.09,83.50,877.578,36.3,38.54,13.46,1575.23,4337527.08,1781523.48
00:24:17.44,18/01/2026,10:55:10,17_T02,39.121681115,10.189954952,0.1,1577.33,83.70,877.561,35.9,38.53,13.46,1575.99,4337527.06,1781523.47
00:24:18.43,18/01/2026,10:55:11,17_T02,39.121681357,10.189954500,0.1,1576.99,83.76,877.515,36.6,38.53,13.46,1575.99,4337527.02,1781523.49
00:24:19.44,18/01/2026,10:55:12,17_T02,39.121681159,10.189954471,0.1,1576.45,84.03,877.520,37.3,38.55,13.46,1575.75,4337527.02,1781523.47
00:24:20.44,18/01/2026,10:55:13,17_T02,39.121680314,10.189954424,0.1,1576.28,84.55,877.547,37.4,38.55,13.46,1575.75,4337527.01,1781523.38
00:24:21.43,18/01/2026,10:55:14,17_T02,39.121679370,10.189954310,0.1,1576.63,85.08,877.573,36.9,38.55,13.47,1575.18,4337527.00,1781523.27
00:24:22.44,18/01/2026,10:55:15,17_T02,39.121678781,10.189954305,0.1,1577.16,85.55,877.595,36.2,38.55,13.47,1575.18,4337527.00,1781523.21
00:24:23.44,18/01/2026,10:55:16,17_T02,39.121678729,10.189953881,0.1,1577.32,85.87,877.562,36.0,38.53,13.46,1576.09,4337526.96,1781523.20
00:24:24.43,18/01/2026,10:55:17,17_T02,39.121678958,10.189953437,0.1,1576.97,85.94,877.517,36.7,38.53,13.46,1576.09,4337526.93,1781523.23
00:24:25.42,18/01/2026,10:55:18,17_T02,39.121678977,10.189953319,0.1,1576.50,86.19,877.507,37.3,38.55,13.46,1575.72,4337526.92,1781523.23
00:24:26.45,18/01/2026,10:55:19,17_T02,39.121678614,10.189953540,0.1,1576.28,86.65,877.538,37.4,38.55,13.46,1575.72,4337526.93,1781523.19
00:24:27.44,18/01/2026,10:55:20,17_T02,39.121677830,10.189953854,0.1,1576.44,87.31,877.593,37.0,38.55,13.48,1575.14,4337526.96,1781523.10
00:24:28.43,18/01/2026,10:55:21,17_T02,39.121677191,10.189954054,0.1,1576.86,87.73,877.633,36.5,38.55,13.48,1575.14,4337526.98,1781523.03
00:24:29.43,18/01/2026,10:55:22,17_T02,39.121676921,10.189953824,0.1,1577.27,88.06,877.624,35.8,38.54,13.46,1575.88,4337526.96,1781523.00
00:24:30.44,18/01/2026,10:55:23,17_T02,39.121677751,10.189953934,0.0,1577.32,88.27,877.603,36.0,38.54,13.46,1575.88,4337526.97,1781523.10
00:24:31.43,18/01/2026,10:55:24,17_T02,39.121678399,10.189954205,0.1,1576.92,88.45,877.601,36.9,38.54,13.45,1576.07,4337526.99,1781523.17
00:24:32.44,18/01/2026,10:55:25,17_T02,39.121677973,10.189954316,0.1,1576.41,88.88,877.626,37.5,38.54,13.45,1576.07,4337527.00,1781523.12
00:24:33.42,18/01/2026,10:55:26,17_T02,39.121677184,10.189954755,0.1,1576.21,89.54,877.691,37.5,38.54,13.46,1575.16,4337527.04,1781523.03
00:24:34.43,18/01/2026,10:55:27,17_T02,39.121676342,10.189955070,0.1,1576.48,90.28,877.748,37.0,38.54,13.46,1575.16,4337527.07,1781522.94
00:24:35.43,18/01/2026,10:55:28,17_T02,39.121676745,10.189956180,0.1,1576.98,90.77,877.824,36.3,38.53,13.47,1575.55,4337527.16,1781522.99
00:24:36.43,18/01/2026,10:55:29,17_T02,39.121677494,10.189956711,0.1,1577.29,91.21,877.839,35.9,38.53,13.47,1575.55,4337527.21,1781523.07
00:24:37.44,18/01/2026,10:55:30,17_T02,39.121677845,10.189956192,0.1,1577.19,91.39,877.784,36.3,38.54,13.45,1576.14,4337527.17,1781523.11
00:24:38.43,18/01/2026,10:55:31,17_T02,39.121677825,10.189956012,0.1,1576.86,91.54,877.770,36.9,38.54,13.45,1576.14,4337527.15,1781523.10
00:24:39.43,18/01/2026,10:55:32,17_T02,39.121677360,10.189956274,0.1,1576.53,91.87,877.809,37.3,38.55,13.46,1575.55,4337527.17,1781523.05
00:24:40.43,18/01/2026,10:55:33,17_T02,39.121677001,10.189956914,0.1,1576.36,92.31,877.874,37.0,38.55,13.46,1575.55,4337527.23,1781523.01
00:24:41.44,18/01/2026,10:55:34,17_T02,39.121676599,10.189957497,0.1,1576.40,92.85,877.937,36.8,38.55,13.48,1575.23,4337527.28,1781522.97
00:24:42.44,18/01/2026,10:55:35,17_T02,39.121676025,10.189957602,0.1,1576.67,93.34,877.967,36.5,38.55,13.48,1575.23,4337527.29,1781522.91
00:24:43.42,18/01/2026,10:55:36,17_T02,39.121675710,10.189957445,0.1,1577.09,93.70,877.966,36.1,38.53,13.47,1575.78,4337527.28,1781522.87
00:24:44.44,18/01/2026,10:55:37,17_T02,39.121675697,10.189956887,0.1,1577.35,94.04,877.921,35.8,38.53,13.47,1575.78,4337527.23,1781522.87
00:24:45.43,18/01/2026,10:55:38,17_T02,39.121675712,10.189955230,0.1,1577.20,94.28,877.784,36.3,38.54,13.45,1576.17,4337527.08,1781522.87
00:24:46.43,18/01/2026,10:55:39,17_T02,39.121675280,10.189954112,0.1,1576.76,94.63,877.709,37.0,38.54,13.45,1576.17,4337526.99,1781522.82
00:24:47.43,18/01/2026,10:55:40,17_T02,39.121674790,10.189954390,0.1,1576.34,95.08,877.750,37.5,38.54,13.45,1576.17,4337527.01,1781522.77
00:24:48.43,18/01/2026,10:55:41,17_T02,39.121673969,10.189954790,0.1,1576.27,95.74,877.813,37.4,38.54,13.46,1575.34,4337527.04,1781522.68
00:24:49.43,18/01/2026,10:55:42,17_T02,39.121673197,10.189955056,0.1,1576.62,96.25,877.864,36.8,38.54,13.46,1575.34,4337527.07,1781522.59
00:24:50.43,18/01/2026,10:55:43,17_T02,39.121672954,10.189954844,0.1,1577.11,96.64,877.856,36.2,38.53,13.48,1575.34,4337527.05,1781522.57
00:24:51.44,18/01/2026,10:55:44,17_T02,39.121673292,10.189954142,0.1,1577.31,96.94,877.786,35.9,38.53,13.48,1575.34,4337526.99,1781522.60
00:24:52.42,18/01/2026,10:55:45,17_T02,39.121673713,10.189953620,0.1,1577.04,97.03,877.727,36.5,38.54,13.45,1576.14,4337526.94,1781522.65
00:24:53.43,18/01/2026,10:55:46,17_T02,39.121673529,10.189953559,0.1,1576.60,97.30,877.729,37.3,38.54,13.45,1576.14,4337526.94,1781522.63
00:24:54.43,18/01/2026,10:55:47,17_T02,39.121672899,10.189953893,0.1,1576.38,97.79,877.780,37.4,38.54,13.46,1575.57,4337526.97,1781522.56
00:24:55.42,18/01/2026,10:55:48,17_T02,39.121672010,10.189954146,0.1,1576.56,98.44,877.833,37.2,38.54,13.46,1575.57,4337526.99,1781522.46
00:24:56.42,18/01/2026,10:55:49,17_T02,39.121671447,10.189954260,0.1,1576.96,98.82,877.864,36.5,38.55,13.48,1575.37,4337527.00,1781522.40
00:24:57.43,18/01/2026,10:55:50,17_T02,39.121671374,10.189954064,0.1,1577.18,99.14,877.850,36.1,38.55,13.48,1575.37,4337526.98,1781522.39
00:24:58.42,18/01/2026,10:55:51,17_T02,39.121671708,10.189953731,0.1,1576.98,99.31,877.811,36.4,38.53,13.45,1576.03,4337526.95,1781522.43
00:24:59.43,18/01/2026,10:55:52,17_T02,39.121671589,10.189953579,0.1,1576.60,99.59,877.803,37.0,38.53,13.45,1576.03,4337526.94,1781522.42
00:25:00.42,18/01/2026,10:55:53,17_T02,39.121671193,10.189953431,0.1,1576.42,100.05,877.805,37.3,38.55,13.46,1575.52,4337526.93,1781522.37
00:25:01.43,18/01/2026,10:55:54,17_T02,39.121670620,10.189953291,0.1,1576.62,100.63,877.815,37.0,38.55,13.46,1575.52,4337526.92,1781522.31
00:25:02.43,18/01/2026,10:55:55,17_T02,39.121670136,10.189953340,0.1,1576.98,100.99,877.837,36.4,38.54,13.47,1575.45,4337526.92,1781522.26
00:25:03.43,18/01/2026,10:55:56,17_T02,39.121670063,10.189953144,0.1,1577.14,101.31,877.824,36.2,38.54,13.47,1575.45,4337526.90,1781522.25
00:25:04.59,18/01/2026,10:55:57,17_T02,39.121670335,10.189952884,0.1,1576.95,101.47,877.792,36.4,38.54,13.46,1576.00,4337526.88,1781522.28
00:25:05.43,18/01/2026,10:55:58,17_T02,39.121670349,10.189950484,0.1,1576.64,101.73,877.595,36.9,38.54,13.46,1576.00,4337526.67,1781522.28
00:25:06.43,18/01/2026,10:55:59,17_T02,39.121669995,10.189948539,0.1,1576.49,102.16,877.449,37.1,38.54,13.46,1575.54,4337526.50,1781522.24
00:25:07.43,18/01/2026,10:56:00,17_T02,39.121669313,10.189948622,0.1,1576.61,102.69,877.481,37.0,38.54,13.46,1575.54,4337526.51,1781522.16
00:25:08.44,18/01/2026,10:56:01,17_T02,39.121668890,10.189948671,0.1,1576.87,103.04,877.501,36.4,38.53,13.47,1575.48,4337526.51,1781522.12
00:25:09.42,18/01/2026,10:56:02,17_T02,39.121668804,10.189948526,0.1,1577.01,103.32,877.493,36.3,38.53,13.47,1575.48,4337526.50,1781522.11
00:25:10.43,18/01/2026,10:56:03,17_T02,39.121668761,10.189948311,0.1,1576.97,103.50,877.477,36.5,38.54,13.46,1575.88,4337526.48,1781522.10
00:25:11.42,18/01/2026,10:56:04,17_T02,39.121668464,10.189948149,0.1,1576.88,103.74,877.474,36.6,38.54,13.46,1575.88,4337526.47,1781522.07
00:25:12.59,18/01/2026,10:56:05,17_T02,39.121668070,10.189948149,0.1,1576.85,104.10,877.489,36.7,38.54,13.46,1575.75,4337526.47,1781522.03
00:25:13.56,18/01/2026,10:56:06,17_T02,39.121667609,10.189948254,0.1,1576.79,104.48,877.515,36.7,38.54,13.46,1575.75,4337526.48,1781521.98
00:25:14.42,18/01/2026,10:56:07,17_T02,39.121667411,10.189948345,0.1,1576.63,104.76,877.530,36.7,38.54,13.47,1575.66,4337526.49,1781521.95
00:25:15.43,18/01/2026,10:56:08,17_T02,39.121667363,10.189948367,0.1,1576.48,105.00,877.533,36.8,38.54,13.47,1575.66,4337526.49,1781521.95
00:25:16.59,18/01/2026,10:56:09,17_T02,39.121667471,10.189948055,0.1,1576.62,105.37,877.504,36.8,38.54,13.46,1575.36,4337526.46,1781521.96
00:25:17.58,18/01/2026,10:56:10,17_T02,39.121667617,10.189947732,0.1,1577.03,105.66,877.472,36.5,38.54,13.46,1575.36,4337526.43,1781521.98
00:25:18.43,18/01/2026,10:56:11,17_T02,39.121667437,10.189947472,0.1,1577.37,105.94,877.457,36.0,38.54,13.47,1575.97,4337526.41,1781521.96
00:25:19.42,18/01/2026,10:56:12,17_T02,39.121667713,10.189947160,0.1,1577.24,106.06,877.421,36.1,38.54,13.47,1575.97,4337526.38,1781521.99
00:25:20.43,18/01/2026,10:56:13,17_T02,39.121667742,10.189946989,0.1,1576.71,106.36,877.406,36.8,38.55,13.46,1576.03,4337526.37,1781521.99
00:25:21.43,18/01/2026,10:56:14,17_T02,39.121668428,10.189947030,0.1,1576.19,106.78,877.384,37.6,38.55,13.46,1576.03,4337526.37,1781522.07
00:25:22.43,18/01/2026,10:56:15,17_T02,39.121668664,10.189947032,0.1,1576.17,107.45,877.375,37.6,38.54,13.47,1575.03,4337526.37,1781522.09
00:25:23.43,18/01/2026,10:56:16,17_T02,39.121667835,10.189947010,0.1,1576.69,107.97,877.404,37.0,38.54,13.47,1575.03,4337526.37,1781522.00
00:25:24.42,18/01/2026,10:56:17,17_T02,39.121667326,10.189946725,0.1,1577.33,108.45,877.400,36.3,38.53,13.47,1575.75,4337526.34,1781521.94
00:25:25.43,18/01/2026,10:56:18,17_T02,39.121667564,10.189946245,0.1,1577.50,108.83,877.352,36.0,38.53,13.47,1575.75,4337526.30,1781521.97
00:25:26.42,18/01/2026,10:56:19,17_T02,39.121668445,10.189945645,0.1,1577.05,108.85,877.270,36.6,38.54,13.46,1576.28,4337526.25,1781522.07
00:25:27.43,18/01/2026,10:56:20,17_T02,39.121668629,10.189945308,0.1,1576.38,109.04,877.236,37.5,38.54,13.46,1576.28,4337526.22,1781522.09
00:25:28.42,18/01/2026,10:56:21,17_T02,39.121667925,10.189945532,0.1,1576.03,109.48,877.280,37.6,38.54,13.46,1575.09,4337526.24,1781522.01
00:25:29.58,18/01/2026,10:56:22,17_T02,39.121667069,10.189945517,0.1,1576.34,110.13,877.311,37.4,38.54,13.46,1575.09,4337526.24,1781521.92
00:25:30.56,18/01/2026,10:56:23,17_T02,39.121666296,10.189945234,0.1,1577.01,110.65,877.316,36.8,38.54,13.48,1575.48,4337526.22,1781521.83
00:25:31.43,18/01/2026,10:56:24,17_T02,39.121666570,10.189944175,0.1,1577.50,111.26,877.219,36.1,38.54,13.48,1575.48,4337526.12,1781521.86
00:25:32.58,18/01/2026,10:56:25,17_T02,39.121667662,10.189943297,0.1,1577.36,111.48,877.107,36.2,38.54,13.46,1576.37,4337526.05,1781521.98
00:25:33.42,18/01/2026,10:56:26,17_T02,39.121667718,10.189943149,0.1,1576.77,111.67,877.093,36.9,38.54,13.46,1576.37,4337526.03,1781521.99
00:25:34.58,18/01/2026,10:56:27,17_T02,39.121667192,10.189943262,0.1,1576.22,112.06,877.121,37.5,38.54,13.46,1575.37,4337526.04,1781521.93
00:25:35.58,18/01/2026,10:56:28,17_T02,39.121666275,10.189943319,0.1,1576.15,112.74,877.160,37.8,38.54,13.46,1575.37,4337526.05,1781521.83
00:25:36.58,18/01/2026,10:56:29,17_T02,39.121666181,10.189943583,0.1,1576.58,113.42,877.185,37.3,38.55,13.47,1575.21,4337526.07,1781521.82
00:25:37.57,18/01/2026,10:56:30,17_T02,39.121666359,10.189943622,0.1,1577.14,113.94,877.182,36.6,38.55,13.47,1575.21,4337526.07,1781521.84
00:25:38.42,18/01/2026,10:56:31,17_T02,39.121666535,10.189943230,0.1,1577.35,114.33,877.143,36.2,38.54,13.46,1576.16,4337526.04,1781521.86
00:25:39.43,18/01/2026,10:56:32,17_T02,39.121666959,10.189943048,0.1,1577.01,114.59,877.113,36.5,38.54,13.46,1576.16,4337526.02,1781521.90
00:25:40.42,18/01/2026,10:56:33,17_T02,39.121666708,10.189942974,0.1,1576.45,114.98,877.116,37.2,38.54,13.46,1575.58,4337526.02,1781521.87
00:25:41.42,18/01/2026,10:56:34,17_T02,39.121665647,10.189942938,0.1,1576.16,115.50,877.152,37.5,38.54,13.46,1575.58,4337526.02,1781521.76
00:25:42.57,18/01/2026,10:56:35,17_T02,39.121664507,10.189942747,0.1,1576.45,116.18,877.179,37.4,38.55,13.48,1575.16,4337526.00,1781521.63
00:25:43.42,18/01/2026,10:56:36,17_T02,39.121663807,10.189942482,0.1,1577.06,116.67,877.184,36.9,38.55,13.48,1575.16,4337525.98,1781521.55
00:25:44.58,18/01/2026,10:56:37,17_T02,39.121663648,10.189942082,0.1,1577.47,117.19,877.157,36.2,38.53,13.46,1576.24,4337525.94,1781521.54
00:25:45.58,18/01/2026,10:56:38,17_T02,39.121664195,10.189942039,0.1,1577.27,117.51,877.133,36.2,38.53,13.46,1576.24,4337525.94,1781521.60
00:25:46.43,18/01/2026,10:56:39,17_T02,39.121663189,10.189942005,0.1,1576.62,117.99,877.167,37.1,38.53,13.46,1576.24,4337525.94,1781521.49
00:25:47.42,18/01/2026,10:56:40,17_T02,39.121661614,10.189942004,0.1,1576.08,118.64,877.226,37.6,38.54,13.46,1575.73,4337525.94,1781521.31
00:25:48.57,18/01/2026,10:56:41,17_T02,39.121660647,10.189941715,0.1,1576.17,119.64,877.238,37.7,38.54,13.46,1575.73,4337525.91,1781521.21
00:25:49.56,18/01/2026,10:56:42,17_T02,39.121659658,10.189941111,0.1,1576.80,120.55,877.226,37.2,38.55,13.47,1574.94,4337525.86,1781521.10
00:25:50.42,18/01/2026,10:56:43,17_T02,39.121659098,10.189940364,0.1,1577.42,121.47,877.185,36.4,38.55,13.47,1574.94,4337525.79,1781521.03
00:25:51.56,18/01/2026,10:56:44,17_T02,39.121658766,10.189941494,0.1,1577.41,122.10,877.290,36.2,38.53,13.46,1576.15,4337525.89,1781521.00
00:25:52.58,18/01/2026,10:56:45,17_T02,39.121658165,10.189942662,0.1,1576.81,122.54,877.408,36.7,38.53,13.46,1576.15,4337525.99,1781520.93
00:25:53.57,18/01/2026,10:56:46,17_T02,39.121657612,10.189942534,0.1,1576.22,123.17,877.418,37.5,38.54,13.46,1575.85,4337525.98,1781520.87
00:25:54.56,18/01/2026,10:56:47,17_T02,39.121656634,10.189942146,0.1,1576.15,124.23,877.423,37.7,38.54,13.46,1575.85,4337525.95,1781520.76
00:25:55.58,18/01/2026,10:56:48,17_T02,39.121655735,10.189941647,0.1,1576.63,125.20,877.416,37.4,38.55,13.46,1575.02,4337525.91,1781520.66
00:25:56.43,18/01/2026,10:56:49,17_T02,39.121654493,10.189939621,0.2,1577.19,126.02,877.296,36.7,38.55,13.46,1575.02,4337525.73,1781520.53
00:25:57.57,18/01/2026,10:56:50,17_T02,39.121653913,10.189937691,0.2,1577.37,126.76,877.159,36.4,38.53,13.47,1575.98,4337525.56,1781520.46
00:25:58.58,18/01/2026,10:56:51,17_T02,39.121654192,10.189937513,0.2,1577.08,127.22,877.134,36.4,38.53,13.47,1575.98,4337525.55,1781520.49
00:25:59.42,18/01/2026,10:56:52,17_T02,39.121653913,10.189937344,0.2,1576.59,127.71,877.131,37.0,38.55,13.45,1576.02,4337525.53,1781520.46
00:26:00.57,18/01/2026,10:56:53,17_T02,39.121653226,10.189937213,0.2,1576.29,128.36,877.146,37.3,38.55,13.45,1576.02,4337525.52,1781520.39
00:26:01.57,18/01/2026,10:56:54,17_T02,39.121651901,10.189938247,0.2,1576.36,129.20,877.280,37.4,38.54,13.46,1575.22,4337525.61,1781520.24
00:26:02.57,18/01/2026,10:56:55,17_T02,39.121650804,10.189939308,0.2,1576.71,129.87,877.408,37.1,38.54,13.46,1575.22,4337525.70,1781520.12
00:26:03.57,18/01/2026,10:56:56,17_T02,39.121650563,10.189938905,0.2,1577.05,130.63,877.383,36.6,38.53,13.48,1575.57,4337525.67,1781520.09
00:26:04.54,18/01/2026,10:56:57,17_T02,39.121650803,10.189938549,0.2,1577.13,131.28,877.345,36.4,38.53,13.48,1575.57,4337525.64,1781520.12
00:26:05.57,18/01/2026,10:56:58,17_T02,39.121650946,10.189938233,0.2,1576.92,131.88,877.314,36.6,38.54,13.46,1576.02,4337525.61,1781520.13
00:26:06.57,18/01/2026,10:56:59,17_T02,39.121650675,10.189938328,0.2,1576.62,132.54,877.332,36.8,38.54,13.46,1576.02,4337525.62,1781520.10
00:26:07.57,18/01/2026,10:57:00,17_T02,39.121650133,10.189938430,0.2,1576.42,133.22,877.361,37.2,38.54,13.46,1575.51,4337525.63,1781520.04
00:26:08.58,18/01/2026,10:57:01,17_T02,39.121649471,10.189938166,0.2,1576.38,134.00,877.364,37.1,38.54,13.46,1575.51,4337525.60,1781519.97
00:26:09.58,18/01/2026,10:57:02,17_T02,39.121649065,10.189937906,0.1,1576.38,134.72,877.357,37.1,38.55,13.47,1575.25,4337525.58,1781519.93
00:26:10.57,18/01/2026,10:57:03,17_T02,39.121649077,10.189937652,0.1,1576.27,135.34,877.336,37.1,38.55,13.47,1575.25,4337525.56,1781519.93
00:26:11.57,18/01/2026,10:57:04,17_T02,39.121648582,10.189938276,0.1,1576.10,135.94,877.406,37.2,38.54,13.48,1575.14,4337525.61,1781519.87
00:26:12.57,18/01/2026,10:57:05,17_T02,39.121647936,10.189938739,0.1,1575.99,136.57,877.468,37.4,38.54,13.48,1575.14,4337525.65,1781519.80
00:26:13.56,18/01/2026,10:57:06,17_T02,39.121647619,10.189938289,0.1,1575.82,137.29,877.443,37.7,38.54,13.47,1574.87,4337525.62,1781519.77
00:26:14.57,18/01/2026,10:57:07,17_T02,39.121647399,10.189937980,0.1,1575.45,137.93,877.425,38.0,38.54,13.47,1574.87,4337525.59,1781519.74
00:26:15.56,18/01/2026,10:57:08,17_T02,39.121647248,10.189937688,0.1,1574.95,138.66,877.407,38.3,38.54,13.46,1574.26,4337525.56,1781519.73
00:26:16.41,18/01/2026,10:57:09,17_T02,39.121647036,10.189937558,0.1,1574.46,139.39,877.404,38.9,38.54,13.46,1574.26,4337525.55,1781519.70
00:26:17.41,18/01/2026,10:57:10,17_T02,39.121646782,10.189937330,0.1,1574.08,140.12,877.395,39.1,38.54,13.46,1573.26,4337525.53,1781519.67
00:26:18.56,18/01/2026,10:57:11,17_T02,39.121646456,10.189936773,0.1,1573.91,140.93,877.362,39.3,38.54,13.46,1573.26,4337525.48,1781519.64
00:26:19.58,18/01/2026,10:57:12,17_T02,39.121646259,10.189936203,0.1,1573.85,141.70,877.322,39.5,38.54,13.46,1572.78,4337525.43,1781519.62
00:26:20.57,18/01/2026,10:57:13,17_T02,39.121646323,10.189935710,0.1,1573.56,142.37,877.280,39.8,38.54,13.46,1572.78,4337525.39,1781519.62
00:26:21.55,18/01/2026,10:57:14,17_T02,39.121646564,10.189935345,0.1,1572.96,142.94,877.241,40.3,38.54,13.46,1572.31,4337525.36,1781519.65
00:26:22.57,18/01/2026,10:57:15,17_T02,39.121646600,10.189935898,0.1,1572.31,143.53,877.285,41.0,38.54,13.46,1572.31,4337525.41,1781519.65
00:26:23.57,18/01/2026,10:57:16,17_T02,39.121646306,10.189936311,0.1,1571.91,144.14,877.329,41.4,38.54,13.46,1571.07,4337525.44,1781519.62
00:26:24.56,18/01/2026,10:57:17,17_T02,39.121645930,10.189935775,0.1,1571.77,144.81,877.300,41.9,38.54,13.46,1571.07,4337525.40,1781519.58
00:26:25.56,18/01/2026,10:57:18,17_T02,39.121645779,10.189935366,0.1,1571.61,145.36,877.272,41.9,38.53,13.48,1570.62,4337525.36,1781519.56
00:26:26.56,18/01/2026,10:57:19,17_T02,39.121646070,10.189935241,0.1,1571.16,145.70,877.251,42.1,38.53,13.48,1570.62,4337525.35,1781519.60
00:26:27.57,18/01/2026,10:57:20,17_T02,39.121646535,10.189935949,0.1,1570.57,146.14,877.291,42.6,38.54,13.47,1569.84,4337525.41,1781519.65
00:26:28.56,18/01/2026,10:57:21,17_T02,39.121646619,10.189936258,0.1,1570.17,146.80,877.313,43.2,38.54,13.47,1569.84,4337525.44,1781519.66
00:26:29.57,18/01/2026,10:57:22,17_T02,39.121646286,10.189935524,0.1,1570.08,147.55,877.266,43.4,38.54,13.47,1569.00,4337525.38,1781519.62
00:26:30.57,18/01/2026,10:57:23,17_T02,39.121646126,10.189934980,0.1,1570.02,148.24,877.227,43.4,38.54,13.47,1569.00,4337525.33,1781519.60
00:26:31.56,18/01/2026,10:57:24,17_T02,39.121646374,10.189934765,0.1,1569.58,148.73,877.200,43.5,38.54,13.46,1568.77,4337525.31,1781519.63
00:26:32.56,18/01/2026,10:57:25,17_T02,39.121646456,10.189934656,0.1,1568.74,149.40,877.188,44.5,38.54,13.46,1568.77,4337525.30,1781519.64
00:26:33.56,18/01/2026,10:57:26,17_T02,39.121646274,10.189934401,0.1,1567.84,150.12,877.174,45.4,38.54,13.46,1567.21,4337525.28,1781519.62
00:26:34.56,18/01/2026,10:57:27,17_T02,39.121645950,10.189933589,0.1,1567.32,150.95,877.120,46.0,38.54,13.46,1567.21,4337525.21,1781519.58
00:26:35.55,18/01/2026,10:57:28,17_T02,39.121645655,10.189932699,0.1,1567.31,151.79,877.058,46.6,38.54,13.46,1566.16,4337525.13,1781519.55
00:26:36.56,18/01/2026,10:57:29,17_T02,39.121645563,10.189931936,0.1,1567.45,152.57,876.999,46.3,38.54,13.46,1566.16,4337525.06,1781519.54
00:26:37.57,18/01/2026,10:57:30,17_T02,39.121645980,10.189931195,0.1,1567.15,153.14,876.923,46.2,38.54,13.45,1566.26,4337525.00,1781519.59
00:26:38.56,18/01/2026,10:57:31,17_T02,39.121646500,10.189930434,0.1,1566.25,153.56,876.841,46.6,38.54,13.45,1566.26,4337524.93,1781519.64
00:26:39.56,18/01/2026,10:57:32,17_T02,39.121646530,10.189929895,0.1,1565.24,154.12,876.796,47.9,38.54,13.45,1564.56,4337524.89,1781519.65
00:26:40.56,18/01/2026,10:57:33,17_T02,39.121646209,10.189929098,0.1,1564.65,154.74,876.742,48.7,38.54,13.45,1564.56,4337524.82,1781519.61
00:26:41.55,18/01/2026,10:57:34,17_T02,39.121645899,10.189928159,0.1,1564.59,155.30,876.677,49.3,38.53,13.48,1563.49,4337524.73,1781519.58
00:26:42.55,18/01/2026,10:57:35,17_T02,39.121646114,10.189926726,0.1,1564.71,155.91,876.552,49.4,38.53,13.48,1563.49,4337524.61,1781519.60
00:26:43.55,18/01/2026,10:57:36,17_T02,39.121646688,10.189925861,0.1,1564.47,156.53,876.459,49.1,38.53,13.48,1563.49,4337524.53,1781519.66
00:26:44.56,18/01/2026,10:57:37,17_T02,39.121647174,10.189925913,0.1,1563.75,156.86,876.446,49.0,38.54,13.45,1563.51,4337524.54,1781519.72
00:26:45.56,18/01/2026,10:57:38,17_T02,39.121647283,10.189925425,0.1,1562.90,157.25,876.402,50.0,38.54,13.45,1563.51,4337524.50,1781519.73
00:26:46.56,18/01/2026,10:57:39,17_T02,39.121646985,10.189924591,0.1,1562.35,157.78,876.344,50.8,38.54,13.46,1562.08,4337524.42,1781519.69
00:26:47.54,18/01/2026,10:57:40,17_T02,39.121646766,10.189925290,0.1,1562.18,158.29,876.410,51.4,38.54,13.46,1562.08,4337524.48,1781519.67
00:26:48.55,18/01/2026,10:57:41,17_T02,39.121646742,10.189926181,0.1,1562.15,158.70,876.484,51.6,38.54,13.48,1561.10,4337524.56,1781519.67
00:26:49.54,18/01/2026,10:57:42,17_T02,39.121646953,10.189926063,0.1,1561.88,158.97,876.466,51.7,38.54,13.48,1561.10,4337524.55,1781519.69
00:26:50.55,18/01/2026,10:57:43,17_T02,39.121647353,10.189926213,0.1,1561.24,159.10,876.463,51.6,38.54,13.45,1560.86,4337524.56,1781519.74
00:26:51.56,18/01/2026,10:57:44,17_T02,39.121647419,10.189925817,0.1,1560.53,159.50,876.429,52.3,38.54,13.45,1560.86,4337524.53,1781519.74
00:26:52.56,18/01/2026,10:57:45,17_T02,39.121647191,10.189924102,0.1,1560.02,160.04,876.297,53.0,38.54,13.45,1559.59,4337524.38,1781519.72
00:26:53.56,18/01/2026,10:57:46,17_T02,39.121646915,10.189922419,0.1,1559.80,160.60,876.169,53.6,38.54,13.45,1559.59,4337524.23,1781519.69
00:26:54.55,18/01/2026,10:57:47,17_T02,39.121646794,10.189921909,0.1,1559.68,161.04,876.132,53.8,38.55,13.48,1558.73,4337524.19,1781519.67
00:26:55.56,18/01/2026,10:57:48,17_T02,39.121646982,10.189921653,0.1,1559.39,161.39,876.104,53.9,38.55,13.48,1558.73,4337524.17,1781519.69
00:26:56.55,18/01/2026,10:57:49,17_T02,39.121647334,10.189921609,0.1,1558.79,161.67,876.087,54.1,38.54,13.45,1558.35,4337524.16,1781519.73
00:26:57.55,18/01/2026,10:57:50,17_T02,39.121647143,10.189921995,0.1,1558.12,162.14,876.126,54.6,38.54,13.45,1558.35,4337524.20,1781519.71
00:26:58.55,18/01/2026,10:57:51,17_T02,39.121646684,10.189922177,0.1,1557.64,162.68,876.158,55.3,38.54,13.46,1557.11,4337524.21,1781519.66
00:26:59.55,18/01/2026,10:57:52,17_T02,39.121646399,10.189921449,0.1,1557.39,163.21,876.109,55.9,38.54,13.46,1557.11,4337524.15,1781519.63
00:27:00.55,18/01/2026,10:57:53,17_T02,39.121646268,10.189920925,0.1,1557.18,163.68,876.071,56.2,38.55,13.48,1556.30,4337524.11,1781519.61
00:27:01.55,18/01/2026,10:57:54,17_T02,39.121646404,10.189920782,0.1,1556.80,164.00,876.054,56.3,38.55,13.48,1556.30,4337524.09,1781519.63
00:27:02.56,18/01/2026,10:57:55,17_T02,39.121646349,10.189920779,0.1,1556.36,164.28,876.056,56.5,38.54,13.45,1555.74,4337524.09,1781519.62
00:27:03.56,18/01/2026,10:57:56,17_T02,39.121646126,10.189920365,0.1,1555.85,164.71,876.030,56.9,38.54,13.45,1555.74,4337524.06,1781519.60
00:27:04.54,18/01/2026,10:57:57,17_T02,39.121646066,10.189919902,0.1,1555.23,165.18,875.994,57.6,38.55,13.45,1554.78,4337524.02,1781519.59
00:27:05.55,18/01/2026,10:57:58,17_T02,39.121645903,10.189919447,0.1,1554.72,165.67,875.963,58.1,38.55,13.45,1554.78,4337523.98,1781519.57
00:27:06.55,18/01/2026,10:57:59,17_T02,39.121645731,10.189919013,0.1,1554.38,166.16,875.934,58.6,38.54,13.46,1553.63,4337523.94,1781519.55
00:27:07.54,18/01/2026,10:58:00,17_T02,39.121645645,10.189918798,0.1,1553.99,166.62,875.920,59.1,38.54,13.46,1553.63,4337523.92,1781519.55
00:27:08.55,18/01/2026,10:58:01,17_T02,39.121645790,10.189918818,0.1,1553.39,167.07,875.916,59.3,38.54,13.47,1552.89,4337523.92,1781519.56
00:27:09.54,18/01/2026,10:58:02,17_T02,39.121645862,10.189918538,0.1,1552.78,167.65,875.890,60.0,38.54,13.47,1552.89,4337523.90,1781519.57
00:27:10.54,18/01/2026,10:58:03,17_T02,39.121645725,10.189917797,0.1,1552.49,168.34,875.835,61.2,38.54,13.47,1551.68,4337523.83,1781519.55
00:27:11.55,18/01/2026,10:58:04,17_T02,39.121645481,10.189917047,0.1,1552.48,169.00,875.782,61.3,38.54,13.47,1551.68,4337523.77,1781519.53
00:27:12.54,18/01/2026,10:58:05,17_T02,39.121645363,10.189916252,0.1,1552.30,169.59,875.722,61.2,38.53,13.47,1551.40,4337523.70,1781519.51
00:27:13.53,18/01/2026,10:58:06,17_T02,39.121645616,10.189916165,0.1,1551.61,169.98,875.705,61.1,38.53,13.47,1551.40,4337523.69,1781519.54
00:27:14.57,18/01/2026,10:58:07,17_T02,39.121645711,10.189916105,0.1,1550.67,170.47,875.697,61.9,38.55,13.46,1550.39,4337523.69,1781519.55
00:27:15.54,18/01/2026,10:58:08,17_T02,39.121645522,10.189915706,0.1,1549.93,170.99,875.671,62.5,38.55,13.46,1550.39,4337523.65,1781519.53
00:27:16.56,18/01/2026,10:58:09,17_T02,39.121645210,10.189914863,0.1,1549.65,171.62,875.614,63.4,38.55,13.46,1548.79,4337523.58,1781519.50
00:27:17.54,18/01/2026,10:58:10,17_T02,39.121644790,10.189912779,0.1,1549.71,172.14,875.459,64.1,38.55,13.46,1548.79,4337523.40,1781519.45
00:27:18.55,18/01/2026,10:58:11,17_T02,39.121644836,10.189911282,0.1,1549.70,172.67,875.334,64.0,38.54,13.46,1548.67,4337523.27,1781519.45
00:27:19.53,18/01/2026,10:58:12,17_T02,39.121645407,10.189911800,0.1,1549.20,172.94,875.355,63.6,38.54,13.46,1548.67,4337523.31,1781519.52
00:27:20.54,18/01/2026,10:58:13,17_T02,39.121645705,10.189911888,0.1,1548.31,173.26,875.352,63.8,38.54,13.45,1547.95,4337523.32,1781519.55
00:27:21.55,18/01/2026,10:58:14,17_T02,39.121645609,10.189911553,0.1,1547.45,173.69,875.328,64.9,38.54,13.45,1547.95,4337523.29,1781519.54
00:27:22.55,18/01/2026,10:58:15,17_T02,39.121645279,10.189909360,0.1,1546.99,174.28,875.160,66.0,38.54,13.45,1546.23,4337523.10,1781519.50
00:27:23.55,18/01/2026,10:58:16,17_T02,39.121644918,10.189907188,0.1,1546.93,174.86,874.996,66.2,38.54,13.45,1546.23,4337522.91,1781519.46
00:27:24.56,18/01/2026,10:58:17,17_T02,39.121644854,10.189907017,0.1,1546.90,175.40,874.984,66.1,38.54,13.46,1545.90,4337522.90,1781519.46
00:27:25.55,18/01/2026,10:58:18,17_T02,39.121645280,10.189907749,0.2,1546.52,175.77,875.028,65.9,38.54,13.46,1545.90,4337522.96,1781519.50
00:27:26.50,18/01/2026,10:58:19,17_T02,39.121645775,10.189908212,0.2,1545.84,176.11,875.048,66.1,38.54,13.45,1545.26,4337523.00,1781519.56
00:27:27.54,18/01/2026,10:58:20,17_T02,39.121645782,10.189907989,0.1,1545.18,176.57,875.029,66.4,38.54,13.45,1545.26,4337522.98,1781519.56
00:27:28.54,18/01/2026,10:58:21,17_T02,39.121645497,10.189907296,0.1,1544.70,177.09,874.983,67.3,38.54,13.46,1543.95,4337522.92,1781519.53
00:27:29.55,18/01/2026,10:58:22,17_T02,39.121645361,10.189906719,0.1,1544.40,177.56,874.941,67.8,38.54,13.46,1543.95,4337522.87,1781519.51
00:27:30.52,18/01/2026,10:58:23,17_T02,39.121645534,10.189906622,0.1,1544.16,177.96,874.927,67.2,38.53,13.48,1543.29,4337522.86,1781519.53
00:27:31.54,18/01/2026,10:58:24,17_T02,39.121646145,10.189907099,0.1,1543.87,178.25,874.943,67.8,38.53,13.48,1543.29,4337522.90,1781519.60
00:27:32.53,18/01/2026,10:58:25,17_T02,39.121645519,10.189907377,0.1,1543.42,178.58,874.989,68.0,38.54,13.45,1542.70,4337522.93,1781519.53
00:27:33.53,18/01/2026,10:58:26,17_T02,39.121644789,10.189907253,0.1,1542.83,179.03,875.006,68.3,38.54,13.45,1542.70,4337522.92,1781519.45
00:27:34.50,18/01/2026,10:58:27,17_T02,39.121644995,10.189907089,0.2,1542.22,179.61,874.985,68.8,38.55,13.46,1541.56,4337522.90,1781519.47
00:27:35.54,18/01/2026,10:58:28,17_T02,39.121645089,10.189906793,0.2,1541.74,180.24,874.957,69.5,38.55,13.46,1541.56,4337522.88,1781519.48
00:27:36.54,18/01/2026,10:58:29,17_T02,39.121644896,10.189906119,0.2,1541.48,180.86,874.909,70.1,38.54,13.47,1540.62,4337522.82,1781519.46
00:27:37.52,18/01/2026,10:58:30,17_T02,39.121645506,10.189904303,0.1,1541.34,181.42,874.738,70.5,38.54,13.47,1540.62,4337522.66,1781519.53
00:27:38.55,18/01/2026,10:58:31,17_T02,39.121646434,10.189903354,0.2,1541.02,181.93,874.625,70.3,38.54,13.46,1540.23,4337522.58,1781519.63
00:27:39.55,18/01/2026,10:58:32,17_T02,39.121646985,10.189903788,0.2,1540.41,182.41,874.640,70.7,38.54,13.46,1540.23,4337522.61,1781519.69
00:27:40.54,18/01/2026,10:58:33,17_T02,39.121647242,10.189903540,0.2,1539.70,183.05,874.611,71.0,38.54,13.46,1539.05,4337522.59,1781519.72
00:27:41.54,18/01/2026,10:58:34,17_T02,39.121647097,10.189902870,0.2,1539.14,183.76,874.561,71.3,38.54,13.46,1539.05,4337522.53,1781519.70
00:27:42.53,18/01/2026,10:58:35,17_T02,39.121646689,10.189902501,0.2,1538.86,184.54,874.546,72.3,38.55,13.46,1538.01,4337522.50,1781519.66
00:27:43.53,18/01/2026,10:58:36,17_T02,39.121646573,10.189903316,0.1,1538.74,185.21,874.617,69.8,38.55,13.46,1538.01,4337522.57,1781519.64
00:27:44.54,18/01/2026,10:58:37,17_T02,39.121646959,10.189903956,0.2,1538.53,185.82,874.655,69.9,38.55,13.46,1538.01,4337522.63,1781519.69
00:27:45.54,18/01/2026,10:58:38,17_T02,39.121647489,10.189903902,0.2,1537.99,186.29,874.631,69.6,38.54,13.46,1537.74,4337522.62,1781519.75
00:27:46.53,18/01/2026,10:58:39,17_T02,39.121647829,10.189903127,0.1,1537.27,186.93,874.555,70.3,38.54,13.46,1537.74,4337522.56,1781519.78
00:27:47.52,18/01/2026,10:58:40,17_T02,39.121648210,10.189902044,0.1,1536.71,187.74,874.452,70.8,38.54,13.46,1536.61,4337522.46,1781519.82
00:27:48.52,18/01/2026,10:58:41,17_T02,39.121648462,10.189900844,0.1,1536.44,188.59,874.344,71.4,38.54,13.46,1536.61,4337522.36,1781519.85
00:27:49.53,18/01/2026,10:58:42,17_T02,39.121648455,10.189900298,0.1,1536.27,189.34,874.300,71.6,38.55,13.48,1535.62,4337522.31,1781519.85
00:27:50.51,18/01/2026,10:58:43,17_T02,39.121648669,10.189900670,0.1,1535.87,189.93,874.323,71.7,38.55,13.48,1535.62,4337522.34,1781519.88
00:27:51.52,18/01/2026,10:58:44,17_T02,39.121648947,10.189901103,0.1,1535.23,190.42,874.348,71.7,38.54,13.47,1535.11,4337522.38,1781519.91
00:27:52.54,18/01/2026,10:58:45,17_T02,39.121649393,10.189899180,0.1,1534.69,191.01,874.174,72.2,38.54,13.47,1535.11,4337522.21,1781519.95
00:27:53.53,18/01/2026,10:58:46,17_T02,39.121649789,10.189897124,0.1,1534.45,191.72,873.990,72.8,38.54,13.48,1533.92,4337522.03,1781520.00
00:27:54.52,18/01/2026,10:58:47,17_T02,39.121650059,10.189896756,0.1,1534.37,192.38,873.950,72.6,38.54,13.48,1533.92,4337522.00,1781520.03
00:27:55.53,18/01/2026,10:58:48,17_T02,39.121650423,10.189897326,0.1,1534.02,192.96,873.983,73.3,38.53,13.47,1533.52,4337522.05,1781520.07
00:27:56.51,18/01/2026,10:58:49,17_T02,39.121650595,10.189898825,0.2,1533.24,193.47,874.100,73.6,38.53,13.47,1533.52,4337522.18,1781520.09
00:27:57.53,18/01/2026,10:58:50,17_T02,39.121649965,10.189899806,0.2,1532.33,194.07,874.203,74.3,38.55,13.46,1532.51,4337522.27,1781520.02
00:27:58.52,18/01/2026,10:58:51,17_T02,39.121649493,10.189899130,0.2,1531.78,194.66,874.166,75.0,38.55,13.46,1532.51,4337522.21,1781519.97
00:27:59.51,18/01/2026,10:58:52,17_T02,39.121649433,10.189898746,0.2,1531.77,195.33,874.136,75.4,38.55,13.47,1531.01,4337522.17,1781519.96
00:28:00.53,18/01/2026,10:58:53,17_T02,39.121649387,10.189898586,0.2,1532.05,196.01,874.125,75.2,38.55,13.47,1531.01,4337522.16,1781519.95
00:28:01.52,18/01/2026,10:58:54,17_T02,39.121649999,10.189897763,0.2,1531.99,196.69,874.035,75.2,38.54,13.46,1531.24,4337522.09,1781520.02
00:28:02.53,18/01/2026,10:58:55,17_T02,39.121649788,10.189897987,0.2,1531.20,196.88,874.061,75.2,38.54,13.46,1531.24,4337522.11,1781520.00
00:28:03.55,18/01/2026,10:58:56,17_T02,39.121649281,10.189897682,0.2,1530.03,197.22,874.055,76.0,38.54,13.46,1530.42,4337522.08,1781519.94
00:28:04.53,18/01/2026,10:58:57,17_T02,39.121649181,10.189897055,0.2,1529.10,197.90,874.007,76.0,38.54,13.46,1530.42,4337522.03,1781519.93
00:28:05.56,18/01/2026,10:58:58,17_T02,39.121649274,10.189896183,0.2,1528.89,198.79,873.932,76.0,38.55,13.46,1528.27,4337521.95,1781519.94
00:28:06.54,18/01/2026,10:58:59,17_T02,39.121649754,10.189894963,0.2,1529.22,199.78,873.815,76.0,38.55,13.46,1528.27,4337521.85,1781519.99
00:28:07.53,18/01/2026,10:59:00,17_T02,39.121650735,10.189894144,0.1,1529.52,200.99,873.711,76.0,38.53,13.47,1528.37,4337521.77,1781520.10
00:28:08.53,18/01/2026,10:59:01,17_T02,39.121651206,10.189894983,0.1,1529.13,201.69,873.762,76.0,38.53,13.47,1528.37,4337521.85,1781520.15
00:28:09.53,18/01/2026,10:59:02,17_T02,39.121651422,10.189895429,0.1,1528.02,202.01,873.791,76.0,38.54,13.46,1528.16,4337521.89,1781520.18
00:28:10.53,18/01/2026,10:59:03,17_T02,39.121651552,10.189894978,0.1,1526.87,202.36,873.749,76.0,38.54,13.46,1528.16,4337521.85,1781520.19
00:28:11.53,18/01/2026,10:59:04,17_T02,39.121651736,10.189894016,0.1,1526.36,203.00,873.663,76.0,38.54,13.46,1525.95,4337521.76,1781520.21
00:28:12.53,18/01/2026,10:59:05,17_T02,39.121651057,10.189892252,0.1,1526.51,203.65,873.544,76.0,38.54,13.46,1525.95,4337521.61,1781520.14
00:28:13.52,18/01/2026,10:59:06,17_T02,39.121650950,10.189891192,0.1,1526.79,204.33,873.461,76.0,38.54,13.47,1525.70,4337521.52,1781520.12
00:28:14.52,18/01/2026,10:59:07,17_T02,39.121651338,10.189891839,0.1,1526.57,204.84,873.500,76.0,38.54,13.47,1525.70,4337521.57,1781520.17
00:28:15.53,18/01/2026,10:59:08,17_T02,39.121651537,10.189892783,0.2,1525.78,204.73,873.570,76.0,38.55,13.46,1525.59,4337521.66,1781520.19
00:28:16.52,18/01/2026,10:59:09,17_T02,39.121651702,10.189892673,0.2,1524.87,204.87,873.555,76.0,38.55,13.46,1525.59,4337521.65,1781520.21
00:28:17.51,18/01/2026,10:59:10,17_T02,39.121653118,10.189891627,0.2,1524.23,205.09,873.416,76.0,38.55,13.46,1523.87,4337521.55,1781520.36
00:28:18.52,18/01/2026,10:59:11,17_T02,39.121654075,10.189890660,0.2,1523.91,205.47,873.301,76.0,38.55,13.46,1523.87,4337521.47,1781520.47
00:28:19.54,18/01/2026,10:59:12,17_T02,39.121654211,10.189890384,0.2,1523.76,205.79,873.274,76.0,38.53,13.48,1523.01,4337521.45,1781520.48
00:28:20.52,18/01/2026,10:59:13,17_T02,39.121654461,10.189890529,0.2,1523.57,206.04,873.276,76.0,38.53,13.48,1523.01,4337521.46,1781520.51
00:28:21.53,18/01/2026,10:59:14,17_T02,39.121654845,10.189891033,0.1,1523.30,206.23,873.303,76.0,38.54,13.46,1522.64,4337521.50,1781520.55
00:28:22.54,18/01/2026,10:59:15,17_T02,39.121653281,10.189890312,0.2,1522.97,206.43,873.303,76.0,38.54,13.46,1522.64,4337521.44,1781520.38
00:28:23.53,18/01/2026,10:59:16,17_T02,39.121652603,10.189889725,0.2,1522.55,206.65,873.280,76.0,38.54,13.46,1521.99,4337521.39,1781520.31
00:28:24.54,18/01/2026,10:59:17,17_T02,39.121652821,10.189889626,0.2,1521.91,206.85,873.263,76.0,38.54,13.46,1521.99,4337521.38,1781520.33
00:28:25.54,18/01/2026,10:59:18,17_T02,39.121652946,10.189889575,0.2,1521.12,207.12,873.255,76.0,38.54,13.46,1520.77,4337521.38,1781520.34
00:28:26.53,18/01/2026,10:59:19,17_T02,39.121653110,10.189889271,0.2,1520.55,207.40,873.224,76.0,38.54,13.46,1520.77,4337521.35,1781520.36
00:28:27.55,18/01/2026,10:59:20,17_T02,39.121653497,10.189887077,0.2,1520.51,207.81,873.030,76.0,38.55,13.46,1519.63,4337521.16,1781520.40
00:28:28.54,18/01/2026,10:59:21,17_T02,39.121653970,10.189885598,0.2,1520.76,208.27,872.891,76.0,38.55,13.46,1519.63,4337521.03,1781520.46
00:28:29.53,18/01/2026,10:59:22,17_T02,39.121654556,10.189885928,0.2,1520.69,208.71,872.896,76.0,38.54,13.46,1519.93,4337521.06,1781520.52
00:28:30.52,18/01/2026,10:59:23,17_T02,39.121655031,10.189886919,0.2,1519.85,208.82,872.959,76.0,38.54,13.46,1519.93,4337521.14,1781520.57
00:28:31.53,18/01/2026,10:59:24,17_T02,39.121655404,10.189886822,0.2,1518.63,209.05,872.938,76.0,38.55,13.46,1518.43,4337521.14,1781520.62
00:28:32.52,18/01/2026,10:59:25,17_T02,39.121654852,10.189884131,0.2,1517.79,209.53,872.738,76.0,38.55,13.46,1518.43,4337520.90,1781520.55
00:28:33.53,18/01/2026,10:59:26,17_T02,39.121654852,10.189882079,0.2,1517.72,210.25,872.570,76.0,38.54,13.48,1516.85,4337520.72,1781520.55
00:28:34.53,18/01/2026,10:59:27,17_T02,39.121655652,10.189880942,0.2,1518.08,211.19,872.447,76.0,38.54,13.48,1516.85,4337520.62,1781520.64
00:28:35.51,18/01/2026,10:59:28,17_T02,39.121656406,10.189880389,0.2,1518.29,212.32,872.374,76.0,38.54,13.46,1517.36,4337520.58,1781520.72
00:28:36.52,18/01/2026,10:59:29,17_T02,39.121656467,10.189881282,0.2,1517.62,212.65,872.444,76.0,38.54,13.46,1517.36,4337520.65,1781520.73
00:28:37.51,18/01/2026,10:59:30,17_T02,39.121654955,10.189882932,0.2,1516.29,212.87,872.636,76.0,38.55,13.46,1516.00,4337520.80,1781520.56
00:28:38.51,18/01/2026,10:59:31,17_T02,39.121654331,10.189882961,0.2,1515.27,213.41,872.661,76.0,38.55,13.46,1516.00,4337520.80,1781520.50
00:28:39.54,18/01/2026,10:59:32,17_T02,39.121654796,10.189881870,0.2,1515.08,214.25,872.555,76.0,38.54,13.48,1514.24,4337520.71,1781520.55
00:28:40.51,18/01/2026,10:59:33,17_T02,39.121655561,10.189880699,0.2,1515.41,215.01,872.430,76.0,38.54,13.48,1514.24,4337520.60,1781520.63
00:28:41.52,18/01/2026,10:59:34,17_T02,39.121656425,10.189880010,0.1,1515.80,216.00,872.342,76.0,38.54,13.48,1514.24,4337520.54,1781520.73
00:28:42.53,18/01/2026,10:59:35,17_T02,39.121656312,10.189880114,0.1,1515.35,216.38,872.355,76.0,38.54,13.46,1514.82,4337520.55,1781520.71
00:28:43.52,18/01/2026,10:59:36,17_T02,39.121656320,10.189879842,0.1,1514.08,216.42,872.332,76.0,38.54,13.46,1514.82,4337520.53,1781520.71
00:28:44.52,18/01/2026,10:59:37,17_T02,39.121656534,10.189878952,0.1,1512.87,216.77,872.251,76.0,38.55,13.46,1513.65,4337520.45,1781520.74
00:28:45.52,18/01/2026,10:59:38,17_T02,39.121657020,10.189877746,0.1,1512.44,217.58,872.134,76.0,38.55,13.46,1513.65,4337520.35,1781520.79
00:28:46.52,18/01/2026,10:59:39,17_T02,39.121657958,10.189876376,0.1,1512.65,218.73,871.987,76.0,38.56,13.47,1511.64,4337520.23,1781520.89
00:28:47.53,18/01/2026,10:59:40,17_T02,39.121657901,10.189875269,0.1,1513.10,219.98,871.899,76.0,38.56,13.47,1511.64,4337520.13,1781520.89
00:28:48.52,18/01/2026,10:59:41,17_T02,39.121657611,10.189875732,0.1,1513.07,220.73,871.947,76.0,38.55,13.46,1512.06,4337520.17,1781520.86
00:28:49.52,18/01/2026,10:59:42,17_T02,39.121657458,10.189876777,0.1,1512.17,220.73,872.039,76.0,38.55,13.46,1512.06,4337520.26,1781520.84
00:28:50.51,18/01/2026,10:59:43,17_T02,39.121657680,10.189876274,0.1,1510.92,220.86,871.989,76.0,38.55,13.46,1511.54,4337520.22,1781520.86
00:28:51.51,18/01/2026,10:59:44,17_T02,39.121659300,10.189876819,0.1,1510.04,221.34,871.973,76.0,38.55,13.46,1511.54,4337520.26,1781521.04
00:28:52.52,18/01/2026,10:59:45,17_T02,39.121660550,10.189876566,0.2,1509.91,222.10,871.906,76.0,38.55,13.46,1509.31,4337520.24,1781521.18
00:28:53.51,18/01/2026,10:59:46,17_T02,39.121661447,10.189875318,0.2,1510.25,222.90,871.771,76.0,38.55,13.46,1509.31,4337520.13,1781521.28
00:28:54.51,18/01/2026,10:59:47,17_T02,39.121662338,10.189874947,0.2,1510.52,223.82,871.707,76.0,38.54,13.47,1509.29,4337520.10,1781521.38
00:28:55.51,18/01/2026,10:59:48,17_T02,39.121662399,10.189876265,0.2,1510.13,223.92,871.813,76.0,38.54,13.47,1509.29,4337520.22,1781521.38
00:28:56.51,18/01/2026,10:59:49,17_T02,39.121660596,10.189876179,0.2,1509.14,223.60,871.873,76.0,38.55,13.46,1509.30,4337520.21,1781521.19
00:28:57.50,18/01/2026,10:59:50,17_T02,39.121659797,10.189875076,0.2,1508.14,223.78,871.812,76.0,38.55,13.46,1509.30,4337520.11,1781521.10
00:28:58.52,18/01/2026,10:59:51,17_T02,39.121660192,10.189873823,0.2,1507.61,224.29,871.695,76.0,38.55,13.46,1507.35,4337520.00,1781521.14
00:28:59.50,18/01/2026,10:59:52,17_T02,39.121660615,10.189872759,0.2,1507.56,225.03,871.592,76.0,38.55,13.46,1507.35,4337519.91,1781521.19
00:29:00.52,18/01/2026,10:59:53,17_T02,39.121661116,10.189872148,0.2,1507.58,225.87,871.523,76.0,38.54,13.47,1506.67,4337519.86,1781521.24
00:29:01.51,18/01/2026,10:59:54,17_T02,39.121661547,10.189870844,0.2,1507.30,226.51,871.400,76.0,38.54,13.47,1506.67,4337519.74,1781521.29
00:29:02.51,18/01/2026,10:59:55,17_T02,39.121661822,10.189870375,0.2,1506.74,226.80,871.352,76.0,38.55,13.47,1506.41,4337519.70,1781521.32
00:29:03.51,18/01/2026,10:59:56,17_T02,39.121662182,10.189870153,0.2,1506.21,227.04,871.320,76.0,38.55,13.47,1506.41,4337519.68,1781521.36
00:29:04.51,18/01/2026,10:59:57,17_T02,39.121662562,10.189869447,0.1,1505.79,227.29,871.248,76.0,38.55,13.46,1505.32,4337519.62,1781521.40
00:29:05.52,18/01/2026,10:59:58,17_T02,39.121662857,10.189868790,0.1,1505.36,227.56,871.184,76.0,38.55,13.46,1505.32,4337519.57,1781521.43
00:29:06.52,18/01/2026,10:59:59,17_T02,39.121662335,10.189866083,0.1,1504.85,227.84,870.981,76.0,38.54,13.47,1504.41,4337519.33,1781521.38
00:29:07.51,18/01/2026,11:00:00,17_T02,39.121662135,10.189864496,0.1,1504.41,228.21,870.859,76.0,38.54,13.47,1504.41,4337519.19,1781521.35
00:29:08.51,18/01/2026,11:00:01,17_T02,39.121662486,10.189864092,0.1,1504.20,228.73,870.812,76.0,38.55,13.46,1503.47,4337519.16,1781521.39
00:29:09.49,18/01/2026,11:00:02,17_T02,39.121662862,10.189863685,0.1,1504.11,229.36,870.765,76.0,38.55,13.46,1503.47,4337519.12,1781521.43
00:29:10.51,18/01/2026,11:00:03,17_T02,39.121663312,10.189863496,0.1,1503.81,229.97,870.733,76.0,38.55,13.48,1503.17,4337519.10,1781521.48
00:29:11.47,18/01/2026,11:00:04,17_T02,39.121662401,10.189863222,0.1,1503.17,230.53,870.744,76.0,38.55,13.48,1503.17,4337519.08,1781521.38
00:29:12.51,18/01/2026,11:00:05,17_T02,39.121662085,10.189862666,0.1,1502.42,231.22,870.711,76.0,38.54,13.46,1502.12,4337519.03,1781521.35
00:29:13.51,18/01/2026,11:00:06,17_T02,39.121662395,10.189861912,0.1,1501.84,231.93,870.637,76.0,38.54,13.46,1502.12,4337518.97,1781521.38
00:29:14.52,18/01/2026,11:00:07,17_T02,39.121662798,10.189861004,0.1,1501.57,232.67,870.548,76.0,38.55,13.46,1500.83,4337518.89,1781521.43
00:29:15.50,18/01/2026,11:00:08,17_T02,39.121663102,10.189860282,0.1,1501.48,233.25,870.478,76.0,38.55,13.46,1500.83,4337518.82,1781521.46
00:29:16.51,18/01/2026,11:00:09,17_T02,39.121663144,10.189862017,0.1,1501.31,233.77,870.618,76.0,38.55,13.47,1500.51,4337518.98,1781521.46
00:29:17.49,18/01/2026,11:00:10,17_T02,39.121663061,10.189863523,0.2,1500.84,234.10,870.745,76.0,38.55,13.47,1500.51,4337519.11,1781521.46
00:29:18.52,18/01/2026,11:00:11,17_T02,39.121663275,10.189863500,0.2,1500.21,234.49,870.735,76.0,38.55,13.47,1499.74,4337519.10,1781521.48
00:29:19.58,18/01/2026,11:00:12,17_T02,39.121663562,10.189862953,0.2,1499.65,235.00,870.679,76.0,38.55,13.47,1499.74,4337519.06,1781521.51
00:29:20.59,18/01/2026,11:00:13,17_T02,39.121663862,10.189862137,0.2,1499.25,235.57,870.601,76.0,38.55,13.47,1498.57,4337518.99,1781521.54
00:29:21.51,18/01/2026,11:00:14,17_T02,39.121664524,10.189860587,0.1,1498.96,236.06,870.450,76.0,38.55,13.47,1498.57,4337518.85,1781521.62
00:29:22.51,18/01/2026,11:00:15,17_T02,39.121664892,10.189859718,0.1,1498.68,236.40,870.365,76.0,38.54,13.48,1497.92,4337518.78,1781521.66
00:29:23.52,18/01/2026,11:00:16,17_T02,39.121664927,10.189859669,0.1,1498.32,236.66,870.359,76.0,38.54,13.48,1497.92,4337518.77,1781521.66
00:29:24.52,18/01/2026,11:00:17,17_T02,39.121665040,10.189859588,0.1,1497.86,236.96,870.349,76.0,38.55,13.47,1497.19,4337518.76,1781521.67
00:29:25.50,18/01/2026,11:00:18,17_T02,39.121665268,10.189857702,0.1,1497.34,237.40,870.186,76.0,38.55,13.47,1497.19,4337518.60,1781521.70
00:29:26.52,18/01/2026,11:00:19,17_T02,39.121665476,10.189856216,0.2,1496.82,237.87,870.056,76.0,38.54,13.48,1496.16,4337518.47,1781521.72
00:29:27.51,18/01/2026,11:00:20,17_T02,39.121665619,10.189855593,0.2,1496.41,238.34,870.000,76.0,38.54,13.48,1496.16,4337518.42,1781521.74
00:29:28.51,18/01/2026,11:00:21,17_T02,39.121665751,10.189855037,0.2,1496.15,238.78,869.949,76.0,38.55,13.48,1495.32,4337518.37,1781521.75
00:29:29.52,18/01/2026,11:00:22,17_T02,39.121665826,10.189854620,0.2,1495.86,239.18,869.912,76.0,38.55,13.48,1495.32,4337518.33,1781521.76
00:29:30.51,18/01/2026,11:00:23,17_T02,39.121665572,10.189851292,0.1,1495.42,239.51,869.649,76.0,38.54,13.48,1494.70,4337518.04,1781521.73
00:29:31.48,18/01/2026,11:00:24,17_T02,39.121665515,10.189848941,0.2,1494.94,239.93,869.459,76.0,38.54,13.48,1494.70,4337517.84,1781521.72
00:29:32.50,18/01/2026,11:00:25,17_T02,39.121665741,10.189848399,0.2,1494.60,240.45,869.406,76.0,38.54,13.48,1493.76,4337517.79,1781521.75
00:29:33.50,18/01/2026,11:00:26,17_T02,39.121666011,10.189847734,0.2,1494.31,241.03,869.342,76.0,38.54,13.48,1493.76,4337517.73,1781521.78
00:29:34.50,18/01/2026,11:00:27,17_T02,39.121666092,10.189847228,0.1,1493.85,241.51,869.297,76.0,38.54,13.47,1493.09,4337517.69,1781521.79
00:29:35.50,18/01/2026,11:00:28,17_T02,39.121665926,10.189846909,0.2,1493.20,241.95,869.277,76.0,38.54,13.47,1493.09,4337517.66,1781521.77
00:29:36.52,18/01/2026,11:00:29,17_T02,39.121665862,10.189846495,0.1,1492.65,242.40,869.246,76.0,38.55,13.47,1491.87,4337517.62,1781521.76
00:29:37.50,18/01/2026,11:00:30,17_T02,39.121666189,10.189845754,0.1,1492.46,243.00,869.173,76.0,38.55,13.47,1491.87,4337517.56,1781521.80
00:29:38.49,18/01/2026,11:00:31,17_T02,39.121666447,10.189845068,0.1,1492.51,243.61,869.107,76.0,38.54,13.48,1491.47,4337517.50,1781521.82
00:29:39.49,18/01/2026,11:00:32,17_T02,39.121666532,10.189844823,0.1,1492.35,244.13,869.084,76.0,38.54,13.48,1491.47,4337517.48,1781521.83
00:29:40.50,18/01/2026,11:00:33,17_T02,39.121666651,10.189845810,0.1,1491.71,244.50,869.160,76.0,38.55,13.47,1490.97,4337517.56,1781521.85
00:29:41.50,18/01/2026,11:00:34,17_T02,39.121666992,10.189846110,0.1,1490.82,245.07,869.172,76.0,38.55,13.47,1490.97,4337517.59,1781521.89
00:29:42.49,18/01/2026,11:00:35,17_T02,39.121667224,10.189845500,0.1,1490.09,245.64,869.113,76.0,38.55,13.47,1490.97,4337517.54,1781521.91
00:29:43.46,18/01/2026,11:00:36,17_T02,39.121667682,10.189844596,0.1,1489.79,246.35,869.022,76.0,38.55,13.47,1489.29,4337517.46,1781521.96
00:29:44.51,18/01/2026,11:00:37,17_T02,39.121668067,10.189843784,0.1,1489.83,247.00,868.942,76.0,38.55,13.47,1489.29,4337517.39,1781522.00
00:29:45.50,18/01/2026,11:00:38,17_T02,39.121669758,10.189845076,0.1,1489.85,247.66,868.984,76.0,38.54,13.48,1488.78,4337517.50,1781522.19
00:29:46.50,18/01/2026,11:00:39,17_T02,39.121670412,10.189846360,0.1,1489.48,248.14,869.065,76.0,38.54,13.48,1488.78,4337517.61,1781522.26
00:29:47.50,18/01/2026,11:00:40,17_T02,39.121670379,10.189846645,0.1,1488.71,248.50,869.090,76.0,38.54,13.47,1488.58,4337517.64,1781522.26
00:29:48.50,18/01/2026,11:00:41,17_T02,39.121670661,10.189846357,0.1,1487.94,249.01,869.056,76.0,38.54,13.47,1488.58,4337517.61,1781522.29
00:29:49.51,18/01/2026,11:00:42,17_T02,39.121671130,10.189845645,0.1,1487.46,249.62,868.980,76.0,38.55,13.47,1487.08,4337517.55,1781522.34
00:29:50.50,18/01/2026,11:00:43,17_T02,39.121672165,10.189844148,0.1,1487.32,250.32,868.819,76.0,38.55,13.47,1487.08,4337517.42,1781522.46
00:29:51.48,18/01/2026,11:00:44,17_T02,39.121672801,10.189843224,0.2,1487.27,250.96,868.720,76.0,38.54,13.49,1486.29,4337517.34,1781522.53
00:29:52.51,18/01/2026,11:00:45,17_T02,39.121672779,10.189843388,0.1,1486.95,251.47,868.734,76.0,38.54,13.49,1486.29,4337517.35,1781522.52
00:29:53.49,18/01/2026,11:00:46,17_T02,39.121672732,10.189843741,0.2,1486.33,251.94,868.764,76.0,38.54,13.47,1485.96,4337517.38,1781522.52
00:29:54.49,18/01/2026,11:00:47,17_T02,39.121673049,10.189843635,0.2,1485.68,252.59,868.744,76.0,38.54,13.47,1485.96,4337517.37,1781522.55
00:29:55.49,18/01/2026,11:00:48,17_T02,39.121672899,10.189841839,0.1,1485.23,253.29,868.602,76.0,38.55,13.47,1484.72,4337517.22,1781522.54
00:29:56.49,18/01/2026,11:00:49,17_T02,39.121673001,10.189840453,0.2,1484.98,254.00,868.485,76.0,38.55,13.47,1484.72,4337517.10,1781522.55
00:29:57.47,18/01/2026,11:00:50,17_T02,39.121673222,10.189840130,0.2,1484.73,254.60,868.450,76.0,38.55,13.49,1483.93,4337517.07,1781522.57
00:29:58.57,18/01/2026,11:00:51,17_T02,39.121673156,10.189840258,0.1,1484.28,255.04,868.463,76.0,38.55,13.49,1483.93,4337517.08,1781522.56
00:29:59.49,18/01/2026,11:00:52,17_T02,39.121673184,10.189840424,0.1,1483.70,255.51,868.476,76.0,38.54,13.49,1483.25,4337517.09,1781522.57
