ASFIndex,Date,Time,Area,Lat,Long,Speed,P,Heading,mp,Altitude,Sal,T,Depth,E,N
00:00:00.36,18/01/2026,11:00:53,17_T02,39.121672982,10.189841297,0.1,1483.26,256.03,868.555,76.0,38.54,13.49,1483.25,4337517.17,1781522.55
00:00:01.37,18/01/2026,11:00:54,17_T02,39.121673036,10.189841564,0.1,1483.02,256.57,868.575,76.0,38.55,13.48,1482.21,4337517.19,1781522.55
00:00:02.37,18/01/2026,11:00:55,17_T02,39.121673254,10.189841345,0.1,1482.81,257.06,868.549,76.0,38.55,13.48,1482.21,4337517.17,1781522.58
00:00:03.36,18/01/2026,11:00:56,17_T02,39.121673179,10.189841447,0.1,1482.38,257.40,868.560,76.0,38.54,13.49,1481.72,4337517.18,1781522.57
00:00:04.37,18/01/2026,11:00:57,17_T02,39.121673127,10.189842434,0.1,1481.80,257.74,868.643,76.0,38.54,13.49,1481.72,4337517.27,1781522.56
00:00:05.36,18/01/2026,11:00:58,17_T02,39.121673220,10.189842957,0.1,1481.29,258.22,868.682,76.0,38.55,13.48,1480.72,4337517.31,1781522.57
00:00:06.35,18/01/2026,11:00:59,17_T02,39.121673450,10.189842826,0.1,1480.94,258.72,868.663,76.0,38.55,13.48,1480.72,4337517.30,1781522.60
00:00:07.35,18/01/2026,11:01:00,17_T02,39.121673624,10.189842712,0.1,1480.62,259.18,868.647,76.0,38.56,13.48,1479.85,4337517.29,1781522.62
00:00:08.36,18/01/2026,11:01:01,17_T02,39.121673599,10.189842787,0.1,1480.22,259.58,868.654,76.0,38.56,13.48,1479.85,4337517.30,1781522.61
00:00:09.36,18/01/2026,11:01:02,17_T02,39.121673777,10.189845244,0.1,1479.78,259.97,868.849,76.0,38.54,13.49,1479.09,4337517.51,1781522.63
00:00:10.35,18/01/2026,11:01:03,17_T02,39.121673948,10.189846747,0.1,1479.41,260.44,868.965,76.0,38.54,13.49,1479.09,4337517.64,1781522.65
00:00:11.35,18/01/2026,11:01:04,17_T02,39.121674102,10.189846867,0.1,1479.18,260.95,868.969,76.0,38.54,13.48,1478.29,4337517.65,1781522.67
00:00:12.35,18/01/2026,11:01:05,17_T02,39.121674210,10.189846984,0.1,1478.92,261.42,868.975,76.0,38.54,13.48,1478.29,4337517.66,1781522.68
00:00:13.36,18/01/2026,11:01:06,17_T02,39.121674148,10.189847281,0.1,1478.42,261.86,869.002,76.0,38.54,13.48,1477.75,4337517.69,1781522.68
00:00:14.37,18/01/2026,11:01:07,17_T02,39.121674065,10.189844648,0.1,1477.69,262.36,868.789,76.0,38.54,13.48,1477.75,4337517.46,1781522.67
00:00:15.36,18/01/2026,11:01:08,17_T02,39.121673995,10.189842992,0.2,1476.99,262.76,868.656,76.0,38.54,13.47,1476.44,4337517.32,1781522.66
00:00:16.36,18/01/2026,11:01:09,17_T02,39.121674297,10.189842847,0.2,1476.66,263.28,868.633,76.0,38.54,13.47,1476.44,4337517.30,1781522.69
00:00:17.35,18/01/2026,11:01:10,17_T02,39.121674610,10.189842672,0.2,1476.73,263.81,868.607,76.0,38.55,13.47,1475.57,4337517.29,1781522.73
00:00:18.36,18/01/2026,11:01:11,17_T02,39.121674668,10.189842787,0.2,1476.82,264.30,868.614,76.0,38.55,13.47,1475.57,4337517.30,1781522.73
00:00:19.36,18/01/2026,11:01:12,17_T02,39.121675774,10.189843056,0.2,1476.42,264.52,868.595,76.0,38.55,13.47,1475.63,4337517.32,1781522.85
00:00:20.35,18/01/2026,11:01:13,17_T02,39.121676346,10.189843405,0.2,1475.54,264.78,868.602,76.0,38.55,13.47,1475.63,4337517.35,1781522.92
00:00:21.36,18/01/2026,11:01:14,17_T02,39.121676497,10.189843481,0.2,1474.60,265.30,868.603,76.0,38.55,13.46,1474.12,4337517.36,1781522.93
00:00:22.35,18/01/2026,11:01:15,17_T02,39.121676914,10.189843204,0.2,1474.01,265.91,868.565,76.0,38.55,13.46,1474.12,4337517.34,1781522.98
00:00:23.33,18/01/2026,11:01:16,17_T02,39.121677409,10.189842916,0.2,1473.89,266.53,868.523,76.0,38.56,13.48,1472.81,4337517.31,1781523.03
00:00:24.35,18/01/2026,11:01:17,17_T02,39.121679450,10.189840607,0.2,1474.03,267.13,868.258,76.0,38.56,13.48,1472.81,4337517.11,1781523.26
00:00:25.37,18/01/2026,11:01:18,17_T02,39.121680180,10.189839777,0.2,1474.00,267.53,868.163,76.0,38.54,13.47,1472.92,4337517.04,1781523.34
00:00:26.37,18/01/2026,11:01:19,17_T02,39.121679501,10.189840439,0.2,1473.48,267.58,868.242,76.0,38.54,13.47,1472.92,4337517.09,1781523.26
00:00:27.37,18/01/2026,11:01:20,17_T02,39.121679390,10.189840888,0.1,1472.65,267.80,868.283,76.0,38.55,13.46,1472.03,4337517.13,1781523.25
00:00:28.35,18/01/2026,11:01:21,17_T02,39.121681267,10.189841862,0.2,1471.87,268.14,868.293,76.0,38.55,13.46,1472.03,4337517.22,1781523.46
00:00:29.35,18/01/2026,11:01:22,17_T02,39.121682600,10.189842117,0.2,1471.38,268.62,868.264,76.0,38.55,13.47,1470.50,4337517.24,1781523.61
00:00:30.35,18/01/2026,11:01:23,17_T02,39.121683082,10.189841849,0.2,1471.22,269.11,868.224,76.0,38.55,13.47,1470.50,4337517.22,1781523.66
00:00:31.36,18/01/2026,11:01:24,17_T02,39.121683381,10.189841802,0.2,1471.24,269.59,868.209,76.0,38.54,13.48,1470.09,4337517.21,1781523.69
00:00:32.36,18/01/2026,11:01:25,17_T02,39.121683340,10.189842234,0.2,1471.18,269.93,868.246,76.0,38.54,13.48,1470.09,4337517.25,1781523.69
00:00:33.35,18/01/2026,11:01:26,17_T02,39.121684529,10.189842956,0.2,1470.79,270.07,868.261,76.0,38.55,13.46,1469.89,4337517.31,1781523.82
00:00:34.35,18/01/2026,11:01:27,17_T02,39.121685384,10.189843506,0.2,1470.04,270.27,868.274,76.0,38.55,13.46,1469.89,4337517.36,1781523.91
00:00:35.34,18/01/2026,11:01:28,17_T02,39.121685792,10.189843621,0.2,1469.19,270.75,868.269,76.0,38.55,13.47,1468.43,4337517.37,1781523.96
00:00:36.35,18/01/2026,11:01:29,17_T02,39.121686330,10.189843434,0.2,1468.57,271.30,868.233,76.0,38.55,13.47,1468.43,4337517.35,1781524.02
00:00:37.35,18/01/2026,11:01:30,17_T02,39.121687043,10.189843247,0.2,1468.35,272.01,868.191,76.0,38.56,13.49,1467.27,4337517.34,1781524.10
00:00:38.35,18/01/2026,11:01:31,17_T02,39.121688840,10.189837751,0.2,1468.37,272.65,867.674,76.0,38.56,13.49,1467.27,4337516.86,1781524.29
00:00:39.32,18/01/2026,11:01:32,17_T02,39.121689756,10.189834843,0.2,1468.30,273.12,867.402,76.0,38.54,13.47,1467.19,4337516.60,1781524.39
00:00:40.35,18/01/2026,11:01:33,17_T02,39.121689414,10.189835496,0.2,1467.87,273.36,867.468,76.0,38.54,13.47,1467.19,4337516.66,1781524.36
00:00:41.35,18/01/2026,11:01:34,17_T02,39.121689432,10.189835951,0.2,1467.13,273.68,867.505,76.0,38.54,13.47,1467.19,4337516.70,1781524.36
00:00:42.34,18/01/2026,11:01:35,17_T02,39.121689940,10.189835931,0.2,1466.35,274.21,867.484,76.0,38.55,13.47,1466.27,4337516.70,1781524.42
00:00:43.36,18/01/2026,11:01:36,17_T02,39.121692255,10.189837786,0.3,1465.79,274.73,867.550,76.0,38.55,13.47,1466.27,4337516.86,1781524.67
00:00:44.35,18/01/2026,11:01:37,17_T02,39.121693976,10.189838744,0.3,1465.58,275.33,867.565,76.0,38.55,13.47,1464.80,4337516.94,1781524.86
00:00:45.35,18/01/2026,11:01:38,17_T02,39.121694597,10.189838667,0.3,1465.59,275.98,867.535,76.0,38.55,13.47,1464.80,4337516.94,1781524.93
00:00:46.35,18/01/2026,11:01:39,17_T02,39.121694837,10.189839031,0.3,1465.51,276.55,867.556,76.0,38.55,13.48,1464.41,4337516.97,1781524.96
00:00:47.36,18/01/2026,11:01:40,17_T02,39.121694620,10.189839664,0.3,1465.10,276.93,867.616,76.0,38.55,13.48,1464.41,4337517.02,1781524.93
00:00:48.35,18/01/2026,11:01:41,17_T02,39.121695306,10.189842610,0.3,1464.38,277.30,867.832,76.0,38.55,13.47,1464.07,4337517.28,1781525.01
00:00:49.34,18/01/2026,11:01:42,17_T02,39.121696190,10.189844274,0.3,1463.61,277.77,867.935,76.0,38.55,13.47,1464.07,4337517.42,1781525.11
00:00:50.34,18/01/2026,11:01:43,17_T02,39.121696845,10.189844138,0.2,1463.00,278.23,867.900,76.0,38.55,13.47,1462.62,4337517.41,1781525.18
00:00:51.35,18/01/2026,11:01:44,17_T02,39.121697630,10.189843983,0.2,1462.72,278.76,867.858,76.0,38.55,13.47,1462.62,4337517.40,1781525.27
00:00:52.35,18/01/2026,11:01:45,17_T02,39.121696992,10.189840557,0.3,1462.72,279.29,867.601,76.0,38.56,13.49,1461.57,4337517.10,1781525.19
00:00:53.35,18/01/2026,11:01:46,17_T02,39.121696576,10.189839097,0.3,1462.67,279.73,867.497,76.0,38.56,13.49,1461.57,4337516.97,1781525.15
00:00:54.35,18/01/2026,11:01:47,17_T02,39.121696259,10.189839671,0.2,1462.27,279.97,867.555,76.0,38.54,13.47,1461.50,4337517.02,1781525.11
00:00:55.34,18/01/2026,11:01:48,17_T02,39.121696318,10.189840164,0.3,1461.53,280.31,867.594,76.0,38.54,13.47,1461.50,4337517.07,1781525.12
00:00:56.34,18/01/2026,11:01:49,17_T02,39.121696846,10.189840263,0.3,1460.74,280.84,867.582,76.0,38.55,13.47,1460.46,4337517.07,1781525.18
00:00:57.33,18/01/2026,11:01:50,17_T02,39.121699421,10.189841597,0.2,1460.20,281.39,867.596,76.0,38.55,13.47,1460.46,4337517.19,1781525.46
00:00:58.34,18/01/2026,11:01:51,17_T02,39.121701264,10.189842253,0.3,1460.03,282.00,867.581,76.0,38.55,13.48,1459.08,4337517.25,1781525.67
00:00:59.34,18/01/2026,11:01:52,17_T02,39.121701854,10.189842234,0.3,1460.05,282.56,867.557,76.0,38.55,13.48,1459.08,4337517.24,1781525.73
00:01:00.35,18/01/2026,11:01:53,17_T02,39.121702037,10.189842564,0.3,1459.95,283.01,867.577,76.0,38.54,13.48,1458.85,4337517.27,1781525.75
00:01:01.34,18/01/2026,11:01:54,17_T02,39.121701768,10.189843109,0.3,1459.45,283.31,867.632,76.0,38.54,13.48,1458.85,4337517.32,1781525.72
00:01:02.36,18/01/2026,11:01:55,17_T02,39.121701058,10.189843652,0.2,1458.64,283.74,867.703,76.0,38.55,13.47,1458.27,4337517.37,1781525.64
00:01:03.35,18/01/2026,11:01:56,17_T02,39.121701186,10.189843800,0.1,1457.82,284.33,867.710,76.0,38.55,13.47,1458.27,4337517.38,1781525.66
00:01:04.35,18/01/2026,11:01:57,17_T02,39.121702087,10.189843676,0.1,1457.31,285.01,867.667,76.0,38.55,13.47,1456.65,4337517.37,1781525.76
00:01:05.34,18/01/2026,11:01:58,17_T02,39.121702937,10.189843556,0.1,1457.24,285.69,867.625,76.0,38.55,13.47,1456.65,4337517.36,1781525.85
00:01:06.34,18/01/2026,11:01:59,17_T02,39.121703663,10.189843651,0.1,1457.38,286.37,867.606,76.0,38.55,13.48,1456.10,4337517.37,1781525.93
00:01:07.34,18/01/2026,11:02:00,17_T02,39.121703590,10.189841663,0.1,1457.28,286.96,867.446,76.0,38.55,13.48,1456.10,4337517.19,1781525.92
00:01:08.33,18/01/2026,11:02:01,17_T02,39.121703103,10.189840714,0.1,1456.67,287.25,867.386,76.0,38.55,13.46,1456.03,4337517.11,1781525.87
00:01:09.35,18/01/2026,11:02:02,17_T02,39.121703410,10.189841000,0.1,1455.77,287.70,867.398,76.0,38.55,13.46,1456.03,4337517.14,1781525.90
00:01:10.35,18/01/2026,11:02:03,17_T02,39.121704177,10.189840917,0.1,1454.98,288.26,867.363,76.0,38.55,13.47,1454.49,4337517.13,1781525.99
00:01:11.34,18/01/2026,11:02:04,17_T02,39.121706214,10.189842793,0.2,1454.62,288.96,867.441,76.0,38.55,13.47,1454.49,4337517.29,1781526.21
00:01:12.36,18/01/2026,11:02:05,17_T02,39.121707809,10.189843903,0.2,1454.66,289.79,867.472,76.0,38.55,13.49,1453.43,4337517.39,1781526.39
00:01:13.35,18/01/2026,11:02:06,17_T02,39.121708475,10.189844128,0.2,1454.74,290.56,867.466,76.0,38.55,13.49,1453.43,4337517.41,1781526.46
00:01:14.34,18/01/2026,11:02:07,17_T02,39.121708392,10.189844557,0.2,1454.44,291.15,867.504,76.0,38.54,13.47,1453.51,4337517.45,1781526.45
00:01:15.34,18/01/2026,11:02:08,17_T02,39.121708376,10.189844963,0.2,1453.66,291.55,867.538,76.0,38.54,13.47,1453.51,4337517.48,1781526.45
00:01:16.35,18/01/2026,11:02:09,17_T02,39.121709142,10.189848114,0.2,1452.70,292.05,867.768,76.0,38.55,13.47,1452.27,4337517.75,1781526.54
00:01:17.32,18/01/2026,11:02:10,17_T02,39.121710049,10.189849796,0.3,1451.96,292.55,867.872,76.0,38.55,13.47,1452.27,4337517.90,1781526.64
00:01:18.32,18/01/2026,11:02:11,17_T02,39.121711036,10.189849823,0.2,1451.74,293.04,867.837,76.0,38.56,13.48,1450.67,4337517.90,1781526.75
00:01:19.33,18/01/2026,11:02:12,17_T02,39.121712012,10.189850037,0.2,1451.92,293.59,867.818,76.0,38.56,13.48,1450.67,4337517.92,1781526.85
00:01:20.35,18/01/2026,11:02:13,17_T02,39.121712500,10.189850505,0.2,1452.06,294.19,867.838,76.0,38.54,13.48,1450.78,4337517.96,1781526.91
00:01:21.33,18/01/2026,11:02:14,17_T02,39.121713390,10.189851578,0.2,1451.68,294.31,867.893,76.0,38.54,13.48,1450.78,4337518.05,1781527.01
00:01:22.33,18/01/2026,11:02:15,17_T02,39.121713966,10.189852262,0.2,1450.84,294.21,867.928,76.0,38.55,13.46,1450.24,4337518.11,1781527.07
00:01:23.34,18/01/2026,11:02:16,17_T02,39.121714607,10.189852413,0.2,1449.99,294.46,867.916,76.0,38.55,13.46,1450.24,4337518.13,1781527.14
00:01:24.35,18/01/2026,11:02:17,17_T02,39.121715749,10.189852511,0.1,1449.46,294.94,867.882,76.0,38.55,13.47,1448.59,4337518.14,1781527.27
00:01:25.34,18/01/2026,11:02:18,17_T02,39.121716767,10.189852555,0.1,1449.27,295.51,867.847,76.0,38.55,13.47,1448.59,4337518.14,1781527.38
00:01:26.33,18/01/2026,11:02:19,17_T02,39.121715952,10.189851986,0.1,1449.16,296.03,867.831,76.0,38.54,13.48,1448.06,4337518.09,1781527.29
00:01:27.33,18/01/2026,11:02:20,17_T02,39.121715260,10.189851831,0.1,1448.84,296.41,867.844,76.0,38.54,13.48,1448.06,4337518.08,1781527.21
00:01:28.33,18/01/2026,11:02:21,17_T02,39.121715273,10.189852190,0.1,1448.30,296.69,867.873,76.0,38.55,13.48,1447.43,4337518.11,1781527.21
00:01:29.33,18/01/2026,11:02:22,17_T02,39.121715710,10.189852540,0.1,1447.74,296.99,867.886,76.0,38.55,13.48,1447.43,4337518.14,1781527.26
00:01:30.33,18/01/2026,11:02:23,17_T02,39.121714520,10.189854264,0.1,1447.28,297.35,868.071,76.0,38.55,13.47,1446.34,4337518.29,1781527.13
00:01:31.34,18/01/2026,11:02:24,17_T02,39.121714072,10.189855349,0.2,1446.97,297.75,868.177,76.0,38.55,13.47,1446.34,4337518.38,1781527.08
00:01:32.33,18/01/2026,11:02:25,17_T02,39.121714579,10.189855460,0.2,1446.78,298.13,868.167,76.0,38.56,13.49,1445.70,4337518.39,1781527.14
00:01:33.34,18/01/2026,11:02:26,17_T02,39.121714853,10.189855664,0.2,1446.58,298.45,868.173,76.0,38.56,13.49,1445.70,4337518.41,1781527.17
00:01:34.34,18/01/2026,11:02:27,17_T02,39.121714866,10.189856016,0.2,1446.17,298.70,868.202,76.0,38.55,13.48,1445.21,4337518.44,1781527.17
00:01:35.33,18/01/2026,11:02:28,17_T02,39.121713068,10.189856793,0.2,1445.49,299.10,868.332,76.0,38.55,13.48,1445.21,4337518.51,1781526.97
00:01:36.32,18/01/2026,11:02:29,17_T02,39.121712294,10.189857349,0.3,1444.75,299.57,868.407,76.0,38.55,13.48,1443.90,4337518.56,1781526.89
00:01:37.36,18/01/2026,11:02:30,17_T02,39.121712931,10.189857588,0.3,1444.29,300.06,868.402,76.0,38.55,13.48,1443.90,4337518.58,1781526.96
00:01:38.34,18/01/2026,11:02:31,17_T02,39.121713664,10.189857891,0.2,1444.23,300.68,868.400,76.0,38.55,13.47,1443.03,4337518.60,1781527.04
00:01:39.33,18/01/2026,11:02:32,17_T02,39.121714179,10.189858238,0.2,1444.27,301.32,868.409,76.0,38.55,13.47,1443.03,4337518.63,1781527.09
00:01:40.32,18/01/2026,11:02:33,17_T02,39.121712100,10.189856423,0.3,1443.93,301.73,868.338,76.0,38.55,13.47,1442.92,4337518.48,1781526.86
00:01:41.33,18/01/2026,11:02:34,17_T02,39.121710926,10.189855626,0.3,1443.14,302.10,868.316,76.0,38.55,13.47,1442.92,4337518.41,1781526.74
00:01:42.32,18/01/2026,11:02:35,17_T02,39.121711356,10.189856016,0.3,1442.27,302.74,868.332,76.0,38.55,13.47,1442.92,4337518.44,1781526.78
00:01:43.34,18/01/2026,11:02:36,17_T02,39.121712129,10.189856274,0.3,1441.70,303.45,868.325,76.0,38.55,13.48,1441.38,4337518.46,1781526.87
00:01:44.31,18/01/2026,11:02:37,17_T02,39.121713021,10.189856576,0.2,1441.55,304.17,868.316,76.0,38.55,13.48,1441.38,4337518.49,1781526.97
00:01:45.32,18/01/2026,11:02:38,17_T02,39.121709982,10.189855672,0.2,1441.62,304.73,868.355,76.0,38.54,13.50,1440.37,4337518.41,1781526.63
00:01:46.33,18/01/2026,11:02:39,17_T02,39.121707796,10.189855222,0.3,1441.57,305.04,868.400,76.0,38.54,13.50,1440.37,4337518.37,1781526.39
00:01:47.33,18/01/2026,11:02:40,17_T02,39.121707225,10.189855295,0.3,1441.19,305.07,868.427,76.0,38.55,13.47,1440.42,4337518.38,1781526.33
00:01:48.34,18/01/2026,11:02:41,17_T02,39.121707054,10.189855554,0.3,1440.47,305.17,868.455,76.0,38.55,13.47,1440.42,4337518.40,1781526.31
00:01:49.34,18/01/2026,11:02:42,17_T02,39.121707459,10.189855868,0.3,1439.62,305.59,868.465,76.0,38.55,13.47,1439.49,4337518.43,1781526.35
00:01:50.33,18/01/2026,11:02:43,17_T02,39.121706928,10.189857719,0.3,1438.87,306.10,868.637,76.0,38.55,13.47,1439.49,4337518.59,1781526.29
00:01:51.33,18/01/2026,11:02:44,17_T02,39.121706944,10.189858919,0.2,1438.49,306.63,868.734,76.0,38.55,13.48,1437.83,4337518.70,1781526.30
00:01:52.34,18/01/2026,11:02:45,17_T02,39.121707558,10.189859220,0.2,1438.52,307.34,868.736,76.0,38.55,13.48,1437.83,4337518.72,1781526.36
00:01:53.33,18/01/2026,11:02:46,17_T02,39.121707910,10.189859703,0.2,1438.68,307.99,868.763,76.0,38.54,13.50,1437.32,4337518.76,1781526.40
00:01:54.34,18/01/2026,11:02:47,17_T02,39.121707228,10.189862021,0.2,1438.48,308.50,868.978,76.0,38.54,13.50,1437.32,4337518.96,1781526.33
00:01:55.33,18/01/2026,11:02:48,17_T02,39.121706406,10.189863592,0.2,1437.76,308.65,869.137,76.0,38.55,13.47,1437.33,4337519.10,1781526.24
00:01:56.34,18/01/2026,11:02:49,17_T02,39.121706574,10.189863999,0.2,1436.86,308.98,869.164,76.0,38.55,13.47,1437.33,4337519.14,1781526.26
00:01:57.33,18/01/2026,11:02:50,17_T02,39.121707214,10.189864288,0.2,1436.15,309.53,869.164,76.0,38.55,13.48,1435.76,4337519.16,1781526.33
00:01:58.34,18/01/2026,11:02:51,17_T02,39.121708016,10.189864673,0.2,1435.84,310.24,869.166,76.0,38.55,13.48,1435.76,4337519.20,1781526.42
00:01:59.33,18/01/2026,11:02:52,17_T02,39.121709076,10.189867138,0.2,1435.87,310.97,869.328,76.0,38.56,13.49,1434.68,4337519.41,1781526.53
00:02:00.32,18/01/2026,11:02:53,17_T02,39.121709452,10.189868665,0.2,1435.91,311.53,869.439,76.0,38.56,13.49,1434.68,4337519.54,1781526.58
00:02:01.34,18/01/2026,11:02:54,17_T02,39.121708975,10.189868969,0.2,1435.59,311.81,869.482,76.0,38.54,13.48,1434.70,4337519.57,1781526.52
00:02:02.34,18/01/2026,11:02:55,17_T02,39.121708627,10.189869343,0.2,1434.89,312.02,869.525,76.0,38.54,13.48,1434.70,4337519.60,1781526.48
00:02:03.33,18/01/2026,11:02:56,17_T02,39.121708962,10.189869914,0.2,1434.07,312.55,869.560,76.0,38.55,13.47,1433.70,4337519.65,1781526.52
00:02:04.32,18/01/2026,11:02:57,17_T02,39.121707825,10.189867877,0.2,1433.43,313.20,869.435,76.0,38.55,13.47,1433.70,4337519.47,1781526.40
00:02:05.33,18/01/2026,11:02:58,17_T02,39.121707412,10.189866774,0.2,1433.12,313.96,869.360,76.0,38.55,13.48,1432.25,4337519.38,1781526.35
00:02:06.33,18/01/2026,11:02:59,17_T02,39.121707800,10.189867075,0.2,1433.04,314.60,869.370,76.0,38.55,13.48,1432.25,4337519.40,1781526.39
00:02:07.34,18/01/2026,11:03:00,17_T02,39.121707819,10.189867439,0.2,1432.87,315.24,869.399,76.0,38.55,13.49,1431.85,4337519.44,1781526.39
00:02:08.33,18/01/2026,11:03:01,17_T02,39.121707057,10.189869954,0.2,1432.42,315.71,869.634,76.0,38.55,13.49,1431.85,4337519.66,1781526.31
00:02:09.32,18/01/2026,11:03:02,17_T02,39.121706671,10.189871763,0.3,1431.87,316.17,869.796,76.0,38.55,13.47,1431.18,4337519.81,1781526.27
00:02:10.32,18/01/2026,11:03:03,17_T02,39.121706960,10.189872388,0.3,1431.50,316.76,869.837,76.0,38.55,13.47,1431.18,4337519.87,1781526.30
00:02:11.33,18/01/2026,11:03:04,17_T02,39.121707403,10.189872928,0.3,1431.26,317.38,869.865,76.0,38.56,13.48,1430.28,4337519.91,1781526.35
00:02:12.34,18/01/2026,11:03:05,17_T02,39.121707618,10.189873261,0.3,1430.82,317.86,869.884,76.0,38.56,13.48,1430.28,4337519.94,1781526.37
00:02:13.32,18/01/2026,11:03:06,17_T02,39.121709240,10.189878533,0.3,1430.09,318.30,870.255,76.0,38.55,13.49,1429.51,4337520.40,1781526.55
00:02:14.33,18/01/2026,11:03:07,17_T02,39.121710167,10.189881481,0.4,1429.43,318.79,870.462,76.0,38.55,13.49,1429.51,4337520.66,1781526.66
00:02:15.33,18/01/2026,11:03:08,17_T02,39.121710603,10.189882274,0.4,1429.25,319.47,870.511,76.0,38.55,13.48,1428.19,4337520.73,1781526.71
00:02:16.31,18/01/2026,11:03:09,17_T02,39.121711046,10.189883083,0.3,1429.43,320.13,870.561,76.0,38.55,13.48,1428.19,4337520.80,1781526.75
00:02:17.32,18/01/2026,11:03:10,17_T02,39.121710966,10.189883617,0.3,1429.43,320.65,870.607,76.0,38.54,13.48,1428.28,4337520.84,1781526.75
00:02:18.32,18/01/2026,11:03:11,17_T02,39.121710154,10.189883439,0.3,1428.74,320.97,870.623,76.0,38.54,13.48,1428.28,4337520.83,1781526.66
00:02:19.33,18/01/2026,11:03:12,17_T02,39.121709991,10.189883789,0.2,1427.57,321.46,870.658,76.0,38.55,13.47,1427.25,4337520.86,1781526.64
00:02:20.33,18/01/2026,11:03:13,17_T02,39.121710474,10.189884480,0.2,1426.59,322.14,870.696,76.0,38.55,13.47,1427.25,4337520.92,1781526.69
00:02:21.33,18/01/2026,11:03:14,17_T02,39.121711045,10.189885402,0.2,1426.37,322.93,870.751,76.0,38.58,13.48,1425.30,4337521.00,1781526.75
00:02:22.32,18/01/2026,11:03:15,17_T02,39.121710350,10.189881918,0.2,1426.71,323.88,870.491,76.0,38.58,13.48,1425.30,4337520.70,1781526.68
00:02:23.33,18/01/2026,11:03:16,17_T02,39.121709928,10.189880580,0.3,1427.17,325.02,870.397,76.0,38.55,13.48,1425.68,4337520.58,1781526.63
00:02:24.33,18/01/2026,11:03:17,17_T02,39.121709160,10.189880272,0.1,1426.92,325.53,870.401,76.0,38.55,13.48,1425.68,4337520.55,1781526.55
00:02:25.33,18/01/2026,11:03:18,17_T02,39.121708725,10.189879993,0.2,1425.71,325.51,870.394,76.0,38.55,13.47,1425.33,4337520.53,1781526.50
00:02:26.33,18/01/2026,11:03:19,17_T02,39.121709183,10.189880637,0.2,1424.25,325.89,870.430,76.0,38.55,13.47,1425.33,4337520.58,1781526.55
00:02:27.33,18/01/2026,11:03:20,17_T02,39.121710812,10.189882418,0.2,1423.47,326.43,870.515,76.0,38.56,13.47,1422.66,4337520.74,1781526.73
00:02:28.32,18/01/2026,11:03:21,17_T02,39.121711984,10.189884113,0.2,1423.44,327.13,870.610,76.0,38.56,13.47,1422.66,4337520.89,1781526.86
00:02:29.32,18/01/2026,11:03:22,17_T02,39.121712696,10.189886311,0.2,1423.88,328.33,870.764,76.0,38.55,13.48,1422.38,4337521.08,1781526.94
00:02:30.32,18/01/2026,11:03:23,17_T02,39.121712786,10.189888099,0.2,1424.32,329.79,870.907,76.0,38.55,13.48,1422.38,4337521.23,1781526.95
00:02:31.32,18/01/2026,11:03:24,17_T02,39.121711464,10.189887071,0.2,1423.84,330.07,870.872,76.0,38.55,13.47,1422.95,4337521.14,1781526.80
00:02:32.32,18/01/2026,11:03:25,17_T02,39.121712571,10.189889969,0.3,1422.59,329.88,871.068,76.0,38.55,13.47,1422.95,4337521.40,1781526.92
00:02:33.33,18/01/2026,11:03:26,17_T02,39.121714113,10.189892590,0.3,1421.43,330.18,871.225,76.0,38.55,13.47,1420.78,4337521.62,1781527.09
00:02:34.32,18/01/2026,11:03:27,17_T02,39.121714983,10.189893849,0.3,1421.04,331.04,871.296,76.0,38.55,13.47,1420.78,4337521.73,1781527.19
00:02:35.33,18/01/2026,11:03:28,17_T02,39.121715753,10.189895619,0.2,1421.27,332.24,871.412,76.0,38.55,13.48,1419.96,4337521.89,1781527.28
00:02:36.32,18/01/2026,11:03:29,17_T02,39.121715800,10.189897285,0.2,1421.63,333.46,871.547,76.0,38.55,13.48,1419.96,4337522.03,1781527.28
00:02:37.33,18/01/2026,11:03:30,17_T02,39.121714996,10.189897387,0.2,1421.49,334.17,871.585,76.0,38.55,13.47,1420.39,4337522.04,1781527.19
00:02:38.32,18/01/2026,11:03:31,17_T02,39.121714373,10.189897090,0.2,1420.67,334.24,871.584,76.0,38.55,13.47,1420.39,4337522.01,1781527.12
00:02:39.33,18/01/2026,11:03:32,17_T02,39.121714716,10.189897783,0.2,1419.58,334.40,871.628,76.0,38.55,13.47,1418.83,4337522.07,1781527.16
00:02:40.32,18/01/2026,11:03:33,17_T02,39.121715379,10.189898604,0.2,1418.72,334.70,871.671,76.0,38.55,13.47,1418.83,4337522.15,1781527.24
00:02:41.32,18/01/2026,11:03:34,17_T02,39.121715867,10.189898827,0.1,1418.38,335.37,871.671,76.0,38.55,13.47,1418.83,4337522.17,1781527.29
00:02:42.31,18/01/2026,11:03:35,17_T02,39.121716285,10.189899538,0.1,1418.50,336.20,871.713,76.0,38.56,13.48,1417.29,4337522.23,1781527.34
00:02:43.32,18/01/2026,11:03:36,17_T02,39.121716410,10.189900739,0.1,1418.70,337.08,871.807,76.0,38.56,13.48,1417.29,4337522.33,1781527.35
00:02:44.33,18/01/2026,11:03:37,17_T02,39.121715841,10.189901250,0.1,1418.54,337.81,871.870,76.0,38.55,13.47,1417.45,4337522.38,1781527.29
00:02:45.32,18/01/2026,11:03:38,17_T02,39.121715235,10.189901344,0.1,1417.90,337.97,871.900,76.0,38.55,13.47,1417.45,4337522.38,1781527.22
00:02:46.32,18/01/2026,11:03:39,17_T02,39.121717319,10.189904074,0.1,1417.05,338.23,872.046,76.0,38.55,13.47,1416.93,4337522.62,1781527.45
00:02:47.31,18/01/2026,11:03:40,17_T02,39.121718885,10.189905983,0.1,1416.33,338.62,872.144,76.0,38.55,13.47,1416.93,4337522.79,1781527.62
00:02:48.33,18/01/2026,11:03:41,17_T02,39.121719524,10.189906939,0.1,1415.89,339.16,872.199,76.0,38.55,13.47,1415.35,4337522.87,1781527.69
00:02:49.32,18/01/2026,11:03:42,17_T02,39.121720009,10.189907754,0.1,1415.71,339.77,872.248,76.0,38.55,13.47,1415.35,4337522.94,1781527.75
00:02:50.32,18/01/2026,11:03:43,17_T02,39.121719527,10.189907655,0.1,1415.68,340.49,872.257,76.0,38.55,13.49,1414.58,4337522.93,1781527.70
00:02:51.32,18/01/2026,11:03:44,17_T02,39.121718952,10.189907821,0.2,1415.58,341.27,872.292,76.0,38.55,13.49,1414.58,4337522.95,1781527.63
00:02:52.33,18/01/2026,11:03:45,17_T02,39.121718618,10.189908380,0.2,1415.15,341.94,872.351,76.0,38.55,13.48,1414.43,4337523.00,1781527.60
00:02:53.32,18/01/2026,11:03:46,17_T02,39.121718529,10.189909016,0.2,1414.38,342.41,872.406,76.0,38.55,13.48,1414.43,4337523.05,1781527.59
00:02:54.33,18/01/2026,11:03:47,17_T02,39.121718834,10.189909851,0.1,1413.53,342.94,872.463,76.0,38.55,13.47,1413.34,4337523.12,1781527.62
00:02:55.31,18/01/2026,11:03:48,17_T02,39.121719741,10.189911293,0.1,1412.93,343.52,872.547,76.0,38.55,13.47,1413.34,4337523.25,1781527.72
00:02:56.32,18/01/2026,11:03:49,17_T02,39.121720523,10.189912829,0.1,1412.82,344.36,872.644,76.0,38.56,13.48,1411.82,4337523.38,1781527.81
00:02:57.32,18/01/2026,11:03:50,17_T02,39.121720901,10.189914058,0.1,1413.02,345.08,872.731,76.0,38.56,13.48,1411.82,4337523.49,1781527.85
00:02:58.32,18/01/2026,11:03:51,17_T02,39.121720748,10.189914685,0.1,1413.05,345.72,872.788,76.0,38.55,13.48,1411.82,4337523.54,1781527.83
00:02:59.32,18/01/2026,11:03:52,17_T02,39.121720221,10.189914424,0.1,1412.52,345.96,872.786,76.0,38.55,13.48,1411.82,4337523.52,1781527.77
00:03:00.31,18/01/2026,11:03:53,17_T02,39.121720076,10.189917185,0.1,1411.59,346.21,873.018,76.0,38.55,13.47,1411.38,4337523.76,1781527.76
00:03:01.31,18/01/2026,11:03:54,17_T02,39.121720486,10.189919533,0.1,1410.73,346.79,873.195,76.0,38.55,13.47,1411.38,4337523.97,1781527.80
00:03:02.31,18/01/2026,11:03:55,17_T02,39.121721140,10.189920840,0.2,1410.28,347.46,873.277,76.0,38.56,13.47,1409.61,4337524.08,1781527.88
00:03:03.32,18/01/2026,11:03:56,17_T02,39.121721680,10.189921909,0.2,1410.16,348.12,873.345,76.0,38.56,13.47,1409.61,4337524.17,1781527.94
00:03:04.31,18/01/2026,11:03:57,17_T02,39.121721723,10.189922019,0.2,1410.06,348.73,873.352,76.0,38.55,13.49,1408.98,4337524.18,1781527.94
00:03:05.32,18/01/2026,11:03:58,17_T02,39.121721571,10.189921977,0.1,1409.81,349.26,873.354,76.0,38.55,13.49,1408.98,4337524.18,1781527.92
00:03:06.32,18/01/2026,11:03:59,17_T02,39.121721503,10.189922246,0.1,1409.40,349.71,873.379,76.0,38.55,13.48,1408.63,4337524.20,1781527.92
00:03:07.30,18/01/2026,11:04:00,17_T02,39.121721661,10.189922950,0.1,1408.88,350.13,873.431,76.0,38.55,13.48,1408.63,4337524.26,1781527.93
00:03:08.31,18/01/2026,11:04:01,17_T02,39.121721974,10.189923705,0.1,1408.26,350.42,873.481,76.0,38.56,13.48,1407.68,4337524.33,1781527.97
00:03:09.31,18/01/2026,11:04:02,17_T02,39.121722751,10.189926283,0.1,1407.62,350.64,873.663,76.0,38.56,13.48,1407.68,4337524.55,1781528.06
00:03:10.32,18/01/2026,11:04:03,17_T02,39.121723375,10.189927924,0.2,1407.17,350.90,873.774,76.0,38.55,13.48,1406.40,4337524.69,1781528.12
00:03:11.32,18/01/2026,11:04:04,17_T02,39.121723796,10.189928779,0.2,1407.05,351.36,873.829,76.0,38.55,13.48,1406.40,4337524.77,1781528.17
00:03:12.32,18/01/2026,11:04:05,17_T02,39.121724057,10.189929539,0.1,1407.14,351.79,873.881,76.0,38.55,13.49,1405.90,4337524.84,1781528.20
00:03:13.31,18/01/2026,11:04:06,17_T02,39.121723980,10.189929839,0.1,1407.01,352.12,873.909,76.0,38.55,13.49,1405.90,4337524.86,1781528.19
00:03:14.30,18/01/2026,11:04:07,17_T02,39.121723704,10.189929597,0.1,1406.35,352.35,873.899,76.0,38.56,13.48,1405.75,4337524.84,1781528.16
00:03:15.31,18/01/2026,11:04:08,17_T02,39.121723824,10.189930191,0.1,1405.36,352.96,873.943,76.0,38.56,13.48,1405.75,4337524.89,1781528.17
00:03:16.32,18/01/2026,11:04:09,17_T02,39.121724269,10.189931118,0.1,1404.53,353.62,874.003,76.0,38.56,13.48,1404.02,4337524.97,1781528.22
00:03:17.30,18/01/2026,11:04:10,17_T02,39.121724768,10.189932249,0.1,1404.29,354.21,874.077,76.0,38.56,13.48,1404.02,4337525.07,1781528.28
00:03:18.30,18/01/2026,11:04:11,17_T02,39.121726345,10.189937320,0.2,1404.54,354.80,874.433,76.0,38.55,13.49,1403.21,4337525.51,1781528.45
00:03:19.30,18/01/2026,11:04:12,17_T02,39.121727043,10.189940352,0.1,1404.71,355.67,874.656,76.0,38.55,13.49,1403.21,4337525.78,1781528.53
00:03:20.31,18/01/2026,11:04:13,17_T02,39.121726736,10.189939903,0.1,1404.19,355.96,874.630,76.0,38.55,13.47,1403.44,4337525.74,1781528.50
00:03:21.30,18/01/2026,11:04:14,17_T02,39.121726728,10.189940180,0.1,1403.13,356.31,874.653,76.0,38.55,13.47,1403.44,4337525.76,1781528.50
00:03:22.31,18/01/2026,11:04:15,17_T02,39.121727097,10.189941162,0.1,1402.16,356.77,874.720,76.0,38.56,13.48,1401.66,4337525.85,1781528.54
00:03:23.29,18/01/2026,11:04:16,17_T02,39.121726732,10.189940437,0.1,1401.79,357.49,874.674,76.0,38.56,13.48,1401.66,4337525.78,1781528.50
00:03:24.30,18/01/2026,11:04:17,17_T02,39.121726546,10.189940728,0.2,1401.96,358.32,874.705,76.0,38.54,13.50,1400.68,4337525.81,1781528.48
00:03:25.31,18/01/2026,11:04:18,17_T02,39.121726542,10.189942000,0.2,1402.17,359.33,874.809,76.0,38.54,13.50,1400.68,4337525.92,1781528.48
00:03:26.31,18/01/2026,11:04:19,17_T02,39.121726379,10.189942012,0.2,1401.84,359.99,874.816,76.0,38.55,13.48,1400.94,4337525.92,1781528.46
00:03:27.29,18/01/2026,11:04:20,17_T02,39.121726307,10.189941846,0.2,1400.90,0.03,874.805,76.0,38.55,13.48,1400.94,4337525.91,1781528.45
00:03:28.31,18/01/2026,11:04:21,17_T02,39.121724477,10.189938438,0.2,1399.85,0.33,874.594,76.0,38.56,13.48,1399.31,4337525.61,1781528.25
00:03:29.30,18/01/2026,11:04:22,17_T02,39.121723616,10.189937290,0.2,1399.28,0.92,874.532,76.0,38.56,13.48,1399.31,4337525.51,1781528.15
00:03:30.29,18/01/2026,11:04:23,17_T02,39.121723762,10.189938623,0.2,1399.36,1.73,874.636,76.0,38.55,13.50,1398.15,4337525.63,1781528.17
00:03:31.37,18/01/2026,11:04:24,17_T02,39.121723659,10.189940064,0.2,1399.67,2.79,874.758,76.0,38.55,13.50,1398.15,4337525.75,1781528.16
00:03:32.30,18/01/2026,11:04:25,17_T02,39.121723548,10.189939348,0.2,1399.53,3.83,874.704,76.0,38.55,13.48,1398.50,4337525.69,1781528.15
00:03:33.31,18/01/2026,11:04:26,17_T02,39.121723442,10.189938239,0.1,1398.72,4.08,874.617,76.0,38.55,13.48,1398.50,4337525.59,1781528.13
00:03:34.34,18/01/2026,11:04:27,17_T02,39.121723462,10.189938827,0.1,1397.70,4.55,874.664,76.0,38.56,13.48,1397.05,4337525.64,1781528.14
00:03:35.30,18/01/2026,11:04:28,17_T02,39.121723678,10.189940059,0.1,1397.04,5.31,874.757,76.0,38.56,13.48,1397.05,4337525.75,1781528.16
00:03:36.29,18/01/2026,11:04:29,17_T02,39.121723814,10.189941457,0.1,1396.87,6.25,874.866,76.0,38.55,13.50,1395.78,4337525.87,1781528.18
00:03:37.30,18/01/2026,11:04:30,17_T02,39.121723189,10.189941749,0.2,1396.90,7.26,874.913,76.0,38.55,13.50,1395.78,4337525.90,1781528.11
00:03:38.29,18/01/2026,11:04:31,17_T02,39.121722591,10.189941856,0.1,1396.76,8.38,874.945,76.0,38.55,13.49,1395.70,4337525.91,1781528.04
00:03:39.29,18/01/2026,11:04:32,17_T02,39.121722290,10.189941864,0.1,1396.34,9.18,874.956,76.0,38.55,13.49,1395.70,4337525.91,1781528.01
00:03:40.29,18/01/2026,11:04:33,17_T02,39.121722058,10.189942283,0.1,1395.85,9.91,874.999,76.0,38.56,13.48,1394.91,4337525.94,1781527.98
00:03:41.29,18/01/2026,11:04:34,17_T02,39.121722374,10.189944772,0.1,1395.34,10.67,875.191,76.0,38.56,13.48,1394.91,4337526.16,1781528.02
00:03:42.30,18/01/2026,11:04:35,17_T02,39.121722593,10.189946548,0.1,1394.70,11.31,875.329,76.0,38.56,13.48,1394.91,4337526.32,1781528.04
00:03:43.29,18/01/2026,11:04:36,17_T02,39.121722558,10.189947115,0.1,1393.97,11.96,875.376,76.0,38.55,13.49,1393.80,4337526.36,1781528.04
00:03:44.32,18/01/2026,11:04:37,17_T02,39.121722451,10.189948006,0.1,1393.53,12.79,875.453,76.0,38.55,13.49,1393.80,4337526.44,1781528.03
00:03:45.29,18/01/2026,11:04:38,17_T02,39.121722324,10.189949341,0.1,1393.64,13.72,875.567,76.0,38.56,13.48,1392.49,4337526.56,1781528.01
00:03:46.29,18/01/2026,11:04:39,17_T02,39.121721237,10.189947791,0.1,1393.98,14.62,875.481,76.0,38.56,13.48,1392.49,4337526.42,1781527.89
00:03:47.30,18/01/2026,11:04:40,17_T02,39.121720255,10.189946472,0.2,1393.85,15.60,875.410,76.0,38.55,13.48,1392.75,4337526.31,1781527.78
00:03:48.30,18/01/2026,11:04:41,17_T02,39.121719682,10.189946118,0.2,1392.94,16.32,875.402,76.0,38.55,13.48,1392.75,4337526.28,1781527.72
00:03:49.31,18/01/2026,11:04:42,17_T02,39.121719383,10.189947027,0.2,1391.72,17.27,875.487,76.0,38.56,13.48,1392.07,4337526.36,1781527.69
00:03:50.30,18/01/2026,11:04:43,17_T02,39.121719106,10.189948462,0.2,1390.81,18.18,875.615,76.0,38.56,13.48,1392.07,4337526.48,1781527.66
00:03:51.29,18/01/2026,11:04:44,17_T02,39.121718777,10.189949842,0.2,1390.63,19.32,875.741,76.0,38.56,13.48,1389.85,4337526.60,1781527.62
00:03:52.30,18/01/2026,11:04:45,17_T02,39.121718074,10.189951859,0.1,1390.95,20.56,875.932,76.0,38.56,13.48,1389.85,4337526.78,1781527.54
00:03:53.32,18/01/2026,11:04:46,17_T02,39.121717162,10.189953227,0.1,1391.23,22.13,876.078,76.0,38.55,13.49,1389.72,4337526.90,1781527.44
00:03:54.30,18/01/2026,11:04:47,17_T02,39.121716709,10.189952586,0.2,1390.84,23.07,876.042,76.0,38.55,13.49,1389.72,4337526.84,1781527.39
00:03:55.29,18/01/2026,11:04:48,17_T02,39.121717013,10.189951613,0.2,1389.84,23.51,875.951,76.0,38.56,13.48,1389.76,4337526.76,1781527.43
00:03:56.30,18/01/2026,11:04:49,17_T02,39.121717013,10.189952240,0.2,1388.78,24.12,876.003,76.0,38.56,13.48,1389.76,4337526.81,1781527.43
00:03:57.41,18/01/2026,11:04:50,17_T02,39.121716745,10.189953618,0.1,1388.15,24.80,876.125,76.0,38.56,13.48,1387.78,4337526.93,1781527.40
00:03:58.30,18/01/2026,11:04:51,17_T02,39.121716353,10.189955055,0.2,1388.10,25.74,876.258,76.0,38.56,13.48,1387.78,4337527.06,1781527.36
00:03:59.30,18/01/2026,11:04:52,17_T02,39.121715744,10.189956380,0.2,1388.28,26.82,876.389,76.0,38.55,13.50,1386.97,4337527.17,1781527.29
00:04:00.27,18/01/2026,11:04:53,17_T02,39.121715332,10.189958374,0.1,1388.24,28.01,876.568,76.0,38.55,13.50,1386.97,4337527.35,1781527.24
00:04:01.30,18/01/2026,11:04:54,17_T02,39.121715032,10.189958653,0.2,1387.73,28.45,876.601,76.0,38.56,13.48,1387.09,4337527.37,1781527.21
00:04:02.30,18/01/2026,11:04:55,17_T02,39.121714610,10.189958825,0.1,1386.96,28.75,876.631,76.0,38.56,13.48,1387.09,4337527.39,1781527.16
00:04:03.30,18/01/2026,11:04:56,17_T02,39.121714219,10.189959779,0.1,1386.27,29.26,876.724,76.0,38.56,13.48,1385.86,4337527.47,1781527.12
00:04:04.28,18/01/2026,11:04:57,17_T02,39.121714897,10.189961936,0.1,1385.84,29.94,876.875,76.0,38.56,13.48,1385.86,4337527.66,1781527.20
00:04:05.29,18/01/2026,11:04:58,17_T02,39.121715273,10.189963691,0.1,1385.64,30.75,877.005,76.0,38.57,13.49,1384.73,4337527.81,1781527.24
00:04:06.30,18/01/2026,11:04:59,17_T02,39.121714871,10.189964426,0.1,1385.48,31.63,877.080,76.0,38.57,13.49,1384.73,4337527.87,1781527.19
00:04:07.37,18/01/2026,11:05:00,17_T02,39.121714434,10.189964572,0.1,1385.13,32.36,877.109,76.0,38.56,13.49,1384.33,4337527.89,1781527.15
00:04:08.26,18/01/2026,11:05:01,17_T02,39.121713947,10.189964702,0.1,1384.58,33.00,877.137,76.0,38.56,13.49,1384.33,4337527.90,1781527.09
00:04:09.29,18/01/2026,11:05:02,17_T02,39.121714947,10.189969060,0.1,1384.04,33.80,877.457,76.0,38.56,13.49,1383.41,4337528.28,1781527.20
00:04:10.28,18/01/2026,11:05:03,17_T02,39.121715462,10.189972557,0.2,1383.68,34.70,877.724,76.0,38.56,13.49,1383.41,4337528.58,1781527.26
00:04:11.28,18/01/2026,11:05:04,17_T02,39.121715026,10.189973600,0.2,1383.43,35.60,877.826,76.0,38.56,13.49,1382.52,4337528.67,1781527.21
00:04:12.27,18/01/2026,11:05:05,17_T02,39.121714636,10.189974289,0.2,1383.10,36.38,877.897,76.0,38.56,13.49,1382.52,4337528.73,1781527.17
00:04:13.29,18/01/2026,11:05:06,17_T02,39.121714572,10.189974585,0.2,1382.63,37.12,877.923,76.0,38.56,13.48,1381.90,4337528.76,1781527.16
00:04:14.29,18/01/2026,11:05:07,17_T02,39.121714251,10.189975047,0.2,1382.12,37.90,877.973,76.0,38.56,13.48,1381.90,4337528.80,1781527.13
00:04:15.29,18/01/2026,11:05:08,17_T02,39.121713732,10.189975771,0.2,1381.67,38.74,878.052,76.0,38.56,13.49,1380.92,4337528.86,1781527.07
00:04:16.30,18/01/2026,11:05:09,17_T02,39.121713260,10.189976601,0.2,1381.28,39.58,878.137,76.0,38.56,13.49,1380.92,4337528.93,1781527.02
00:04:17.29,18/01/2026,11:05:10,17_T02,39.121712898,10.189977284,0.2,1380.95,40.32,878.207,76.0,38.56,13.49,1380.08,4337528.99,1781526.98
00:04:18.30,18/01/2026,11:05:11,17_T02,39.121712472,10.189978254,0.2,1380.71,41.06,878.302,76.0,38.56,13.49,1380.08,4337529.08,1781526.93
00:04:19.29,18/01/2026,11:05:12,17_T02,39.121712024,10.189978985,0.2,1380.43,41.74,878.379,76.0,38.55,13.50,1379.53,4337529.14,1781526.88
00:04:20.29,18/01/2026,11:05:13,17_T02,39.121711624,10.189979267,0.2,1379.90,42.37,878.417,76.0,38.55,13.50,1379.53,4337529.16,1781526.84
00:04:21.30,18/01/2026,11:05:14,17_T02,39.121711187,10.189979674,0.2,1379.23,43.10,878.466,76.0,38.56,13.49,1378.58,4337529.20,1781526.79
00:04:22.30,18/01/2026,11:05:15,17_T02,39.121710343,10.189979225,0.2,1378.71,43.82,878.461,76.0,38.56,13.49,1378.58,4337529.16,1781526.70
00:04:23.40,18/01/2026,11:05:16,17_T02,39.121709540,10.189979534,0.2,1378.49,44.62,878.516,76.0,38.56,13.49,1377.48,4337529.19,1781526.61
00:04:24.33,18/01/2026,11:05:17,17_T02,39.121709117,10.189980280,0.2,1378.44,45.38,878.593,76.0,38.56,13.49,1377.48,4337529.25,1781526.56
00:04:25.28,18/01/2026,11:05:18,17_T02,39.121708765,10.189980597,0.2,1378.24,46.01,878.632,76.0,38.55,13.49,1377.26,4337529.28,1781526.52
00:04:26.29,18/01/2026,11:05:19,17_T02,39.121708524,10.189980443,0.1,1377.69,46.54,878.628,76.0,38.55,13.49,1377.26,4337529.27,1781526.50
00:04:27.28,18/01/2026,11:05:20,17_T02,39.121708131,10.189981211,0.1,1376.92,47.30,878.706,76.0,38.56,13.49,1376.28,4337529.33,1781526.45
00:04:28.28,18/01/2026,11:05:21,17_T02,39.121707707,10.189982221,0.1,1376.21,48.16,878.804,76.0,38.56,13.49,1376.28,4337529.42,1781526.41
00:04:29.29,18/01/2026,11:05:22,17_T02,39.121707108,10.189983248,0.1,1375.84,49.05,878.911,76.0,38.56,13.49,1374.90,4337529.51,1781526.34
00:04:30.29,18/01/2026,11:05:23,17_T02,39.121706522,10.189984210,0.1,1375.81,49.91,879.011,76.0,38.56,13.49,1374.90,4337529.60,1781526.28
00:04:31.29,18/01/2026,11:05:24,17_T02,39.121706069,10.189984690,0.1,1375.81,50.59,879.068,76.0,38.55,13.50,1374.69,4337529.64,1781526.23
00:04:32.28,18/01/2026,11:05:25,17_T02,39.121705087,10.189980620,0.1,1375.48,51.21,878.771,76.0,38.55,13.50,1374.69,4337529.28,1781526.12
00:04:33.28,18/01/2026,11:05:26,17_T02,39.121704335,10.189978308,0.1,1374.78,51.90,878.609,76.0,38.56,13.48,1374.05,4337529.08,1781526.03
00:04:34.29,18/01/2026,11:05:27,17_T02,39.121703778,10.189978725,0.1,1374.01,52.72,878.664,76.0,38.56,13.48,1374.05,4337529.12,1781525.97
00:04:35.27,18/01/2026,11:05:28,17_T02,39.121703211,10.189979553,0.1,1373.48,53.56,878.753,76.0,38.56,13.49,1372.60,4337529.19,1781525.91
00:04:36.28,18/01/2026,11:05:29,17_T02,39.121703141,10.189982371,0.2,1373.28,54.53,878.987,76.0,38.56,13.49,1372.60,4337529.44,1781525.90
00:04:37.29,18/01/2026,11:05:30,17_T02,39.121702927,10.189984178,0.2,1373.25,55.50,879.143,76.0,38.55,13.50,1372.14,4337529.59,1781525.88
00:04:38.28,18/01/2026,11:05:31,17_T02,39.121702487,10.189984293,0.2,1373.07,56.42,879.168,76.0,38.55,13.50,1372.14,4337529.60,1781525.83
00:04:39.28,18/01/2026,11:05:32,17_T02,39.121702258,10.189983959,0.2,1372.54,57.12,879.150,76.0,38.56,13.48,1371.67,4337529.58,1781525.81
00:04:40.28,18/01/2026,11:05:33,17_T02,39.121701789,10.189984073,0.2,1371.78,57.85,879.176,76.0,38.56,13.48,1371.67,4337529.59,1781525.75
00:04:41.28,18/01/2026,11:05:34,17_T02,39.121700660,10.189984326,0.2,1371.08,58.69,879.239,76.0,38.56,13.48,1371.67,4337529.61,1781525.63
00:04:42.27,18/01/2026,11:05:35,17_T02,39.121699640,10.189984986,0.2,1370.62,59.61,879.331,76.0,38.56,13.49,1370.22,4337529.67,1781525.52
00:04:43.29,18/01/2026,11:05:36,17_T02,39.121698910,10.189985780,0.2,1370.47,60.51,879.423,76.0,38.56,13.49,1370.22,4337529.73,1781525.44
00:04:44.28,18/01/2026,11:05:37,17_T02,39.121698284,10.189986280,0.2,1370.52,61.33,879.487,76.0,38.57,13.50,1369.38,4337529.78,1781525.37
00:04:45.28,18/01/2026,11:05:38,17_T02,39.121697862,10.189986582,0.2,1370.44,62.14,879.528,76.0,38.57,13.50,1369.38,4337529.80,1781525.32
00:04:46.29,18/01/2026,11:05:39,17_T02,39.121697712,10.189986291,0.2,1369.97,62.76,879.510,76.0,38.56,13.49,1369.36,4337529.78,1781525.31
00:04:47.27,18/01/2026,11:05:40,17_T02,39.121697258,10.189986274,0.1,1369.18,63.45,879.525,76.0,38.56,13.49,1369.36,4337529.78,1781525.26
00:04:48.28,18/01/2026,11:05:41,17_T02,39.121696656,10.189986819,0.1,1368.40,64.19,879.592,76.0,38.56,13.49,1368.31,4337529.83,1781525.19
00:04:49.28,18/01/2026,11:05:42,17_T02,39.121696012,10.189987635,0.1,1367.88,64.97,879.683,76.0,38.56,13.49,1368.31,4337529.90,1781525.12
00:04:50.27,18/01/2026,11:05:43,17_T02,39.121694021,10.189984901,0.1,1367.68,65.79,879.533,76.0,38.56,13.49,1366.88,4337529.66,1781524.90
00:04:51.28,18/01/2026,11:05:44,17_T02,39.121692733,10.189983075,0.1,1367.63,66.60,879.432,76.0,38.56,13.49,1366.88,4337529.50,1781524.76
00:04:52.27,18/01/2026,11:05:45,17_T02,39.121692070,10.189983009,0.1,1367.54,67.35,879.451,76.0,38.55,13.51,1366.51,4337529.50,1781524.68
00:04:53.29,18/01/2026,11:05:46,17_T02,39.121691773,10.189982492,0.1,1367.18,67.96,879.420,76.0,38.55,13.51,1366.51,4337529.45,1781524.65
00:04:54.28,18/01/2026,11:05:47,17_T02,39.121691955,10.189983846,0.1,1366.50,68.59,879.524,76.0,38.56,13.49,1366.14,4337529.57,1781524.67
00:04:55.28,18/01/2026,11:05:48,17_T02,39.121691736,10.189985023,0.1,1365.64,69.26,879.628,76.0,38.56,13.49,1366.14,4337529.67,1781524.65
00:04:56.27,18/01/2026,11:05:49,17_T02,39.121691121,10.189985595,0.1,1364.92,69.92,879.698,76.0,38.56,13.49,1364.63,4337529.72,1781524.58
00:04:57.28,18/01/2026,11:05:50,17_T02,39.121690222,10.189986294,0.1,1364.69,70.73,879.789,76.0,38.56,13.49,1364.63,4337529.78,1781524.48
00:04:58.29,18/01/2026,11:05:51,17_T02,39.121689169,10.189986919,0.2,1364.92,71.52,879.879,76.0,38.56,13.50,1363.59,4337529.84,1781524.36
00:04:59.27,18/01/2026,11:05:52,17_T02,39.121688618,10.189985518,0.1,1365.10,72.27,879.785,76.0,38.56,13.50,1363.59,4337529.71,1781524.30
00:05:00.29,18/01/2026,11:05:53,17_T02,39.121688894,10.189983902,0.2,1364.68,72.70,879.642,76.0,38.56,13.49,1363.93,4337529.57,1781524.33
00:05:01.28,18/01/2026,11:05:54,17_T02,39.121688720,10.189983429,0.2,1363.72,73.08,879.610,76.0,38.56,13.49,1363.93,4337529.53,1781524.31
00:05:02.29,18/01/2026,11:05:55,17_T02,39.121687939,10.189983827,0.2,1362.67,73.82,879.672,76.0,38.56,13.49,1362.65,4337529.57,1781524.23
00:05:03.28,18/01/2026,11:05:56,17_T02,39.121687076,10.189984527,0.2,1361.96,74.61,879.761,76.0,38.56,13.49,1362.65,4337529.63,1781524.13
00:05:04.29,18/01/2026,11:05:57,17_T02,39.121687212,10.189986797,0.2,1361.88,75.56,879.942,76.0,38.58,13.51,1360.87,4337529.83,1781524.15
00:05:05.28,18/01/2026,11:05:58,17_T02,39.121686638,10.189988117,0.2,1362.21,76.65,880.071,76.0,38.58,13.51,1360.87,4337529.94,1781524.08
00:05:06.28,18/01/2026,11:05:59,17_T02,39.121685666,10.189987848,0.2,1362.41,78.21,880.085,76.0,38.55,13.50,1361.09,4337529.92,1781523.98
00:05:07.27,18/01/2026,11:06:00,17_T02,39.121685776,10.189986938,0.2,1361.93,79.11,880.007,76.0,38.55,13.50,1361.09,4337529.84,1781523.99
00:05:08.28,18/01/2026,11:06:01,17_T02,39.121685742,10.189990103,0.2,1360.85,79.78,880.267,76.0,38.56,13.49,1360.74,4337530.11,1781523.99
00:05:09.28,18/01/2026,11:06:02,17_T02,39.121685048,10.189992710,0.3,1359.73,80.51,880.507,76.0,38.56,13.49,1360.74,4337530.34,1781523.91
00:05:10.28,18/01/2026,11:06:03,17_T02,39.121683939,10.189993405,0.3,1359.16,81.40,880.605,76.0,38.56,13.50,1358.56,4337530.40,1781523.79
00:05:11.29,18/01/2026,11:06:04,17_T02,39.121682770,10.189993846,0.2,1359.30,82.51,880.684,76.0,38.56,13.50,1358.56,4337530.44,1781523.66
00:05:12.27,18/01/2026,11:06:05,17_T02,39.121680614,10.189993922,0.2,1359.75,84.04,880.771,76.0,38.56,13.51,1358.25,4337530.45,1781523.42
00:05:13.29,18/01/2026,11:06:06,17_T02,39.121679896,10.189993435,0.2,1359.86,85.65,880.758,76.0,38.56,13.51,1358.25,4337530.41,1781523.34
00:05:14.28,18/01/2026,11:06:07,17_T02,39.121680397,10.189992895,0.2,1359.06,86.38,880.695,76.0,38.56,13.49,1358.62,4337530.36,1781523.40
00:05:15.28,18/01/2026,11:06:08,17_T02,39.121679652,10.189994203,0.2,1357.69,87.37,880.830,76.0,38.56,13.49,1358.62,4337530.47,1781523.31
00:05:16.28,18/01/2026,11:06:09,17_T02,39.121678448,10.189995404,0.2,1356.61,88.48,880.973,76.0,38.56,13.50,1356.34,4337530.58,1781523.18
00:05:17.27,18/01/2026,11:06:10,17_T02,39.121676887,10.189995886,0.2,1356.35,89.77,881.071,76.0,38.56,13.50,1356.34,4337530.62,1781523.01
00:05:18.28,18/01/2026,11:06:11,17_T02,39.121674984,10.189995947,0.2,1356.64,91.23,881.146,76.0,38.56,13.51,1355.28,4337530.63,1781522.80
00:05:19.28,18/01/2026,11:06:12,17_T02,39.121673113,10.189995461,0.2,1357.11,93.11,881.176,76.0,38.56,13.51,1355.28,4337530.58,1781522.59
00:05:20.28,18/01/2026,11:06:13,17_T02,39.121673213,10.189994660,0.2,1356.89,94.54,881.107,76.0,38.56,13.49,1355.94,4337530.51,1781522.60
00:05:21.27,18/01/2026,11:06:14,17_T02,39.121673207,10.189993376,0.2,1355.84,94.97,881.002,76.0,38.56,13.49,1355.94,4337530.40,1781522.60
00:05:22.28,18/01/2026,11:06:15,17_T02,39.121671515,10.189992203,0.2,1354.68,95.60,880.969,76.0,38.56,13.49,1354.38,4337530.30,1781522.42
00:05:23.29,18/01/2026,11:06:16,17_T02,39.121670087,10.189992596,0.2,1354.12,96.28,881.054,76.0,38.56,13.49,1354.38,4337530.33,1781522.26
00:05:24.27,18/01/2026,11:06:17,17_T02,39.121668483,10.189992649,0.2,1354.26,97.48,881.118,76.0,38.56,13.51,1353.01,4337530.34,1781522.08
00:05:25.27,18/01/2026,11:06:18,17_T02,39.121667070,10.189992291,0.2,1354.56,98.78,881.142,76.0,38.56,13.51,1353.01,4337530.31,1781521.93
00:05:26.28,18/01/2026,11:06:19,17_T02,39.121666864,10.189991811,0.2,1354.36,99.90,881.110,76.0,38.56,13.50,1353.39,4337530.27,1781521.90
00:05:27.28,18/01/2026,11:06:20,17_T02,39.121667041,10.189991520,0.2,1353.54,100.35,881.079,76.0,38.56,13.50,1353.39,4337530.24,1781521.92
00:05:28.30,18/01/2026,11:06:21,17_T02,39.121667063,10.189991106,0.2,1352.64,100.76,881.045,76.0,38.56,13.49,1352.07,4337530.21,1781521.92
00:05:29.28,18/01/2026,11:06:22,17_T02,39.121666216,10.189991029,0.2,1352.12,101.40,881.070,76.0,38.56,13.49,1352.07,4337530.20,1781521.83
00:05:30.29,18/01/2026,11:06:23,17_T02,39.121665134,10.189991186,0.1,1351.97,102.16,881.123,76.0,38.57,13.50,1350.91,4337530.21,1781521.71
00:05:31.28,18/01/2026,11:06:24,17_T02,39.121664411,10.189991162,0.1,1351.89,102.95,881.148,76.0,38.57,13.50,1350.91,4337530.21,1781521.63
00:05:32.26,18/01/2026,11:06:25,17_T02,39.121664149,10.189990840,0.1,1351.58,103.63,881.131,76.0,38.56,13.50,1350.64,4337530.18,1781521.60
00:05:33.30,18/01/2026,11:06:26,17_T02,39.121664454,10.189992353,0.1,1351.03,104.14,881.244,76.0,38.56,13.50,1350.64,4337530.32,1781521.64
00:05:34.27,18/01/2026,11:06:27,17_T02,39.121664187,10.189993195,0.1,1350.42,104.63,881.323,76.0,38.56,13.50,1349.61,4337530.39,1781521.61
00:05:35.28,18/01/2026,11:06:28,17_T02,39.121663522,10.189993228,0.1,1349.92,105.08,881.350,76.0,38.56,13.50,1349.61,4337530.39,1781521.53
00:05:36.29,18/01/2026,11:06:29,17_T02,39.121662864,10.189993311,0.1,1349.59,105.57,881.382,76.0,38.56,13.50,1348.60,4337530.40,1781521.46
00:05:37.27,18/01/2026,11:06:30,17_T02,39.121662371,10.189993332,0.1,1349.39,106.04,881.402,76.0,38.56,13.50,1348.60,4337530.40,1781521.41
00:05:38.27,18/01/2026,11:06:31,17_T02,39.121662135,10.189993192,0.1,1349.22,106.49,881.399,76.0,38.57,13.50,1348.18,4337530.39,1781521.38
00:05:39.27,18/01/2026,11:06:32,17_T02,39.121661466,10.189993338,0.1,1348.97,106.96,881.436,76.0,38.57,13.50,1348.18,4337530.40,1781521.31
00:05:40.27,18/01/2026,11:06:33,17_T02,39.121660976,10.189993261,0.1,1348.52,107.44,881.448,76.0,38.56,13.50,1347.61,4337530.40,1781521.25
00:05:41.28,18/01/2026,11:06:34,17_T02,39.121660719,10.189993088,0.1,1347.81,108.04,881.443,76.0,38.56,13.50,1347.61,4337530.38,1781521.22
00:05:42.28,18/01/2026,11:06:35,17_T02,39.121660149,10.189992956,0.1,1347.03,108.71,881.453,76.0,38.56,13.50,1347.61,4337530.37,1781521.16
00:05:43.28,18/01/2026,11:06:36,17_T02,39.121659469,10.189992925,0.1,1346.53,109.34,881.476,76.0,38.56,13.50,1346.18,4337530.37,1781521.09
00:05:44.26,18/01/2026,11:06:37,17_T02,39.121658525,10.189992821,0.1,1346.52,110.08,881.503,76.0,38.56,13.50,1346.18,4337530.36,1781520.98
00:05:45.28,18/01/2026,11:06:38,17_T02,39.121657798,10.189992575,0.1,1346.69,110.86,881.510,76.0,38.56,13.50,1345.38,4337530.34,1781520.90
00:05:46.27,18/01/2026,11:06:39,17_T02,39.121657006,10.189992882,0.1,1346.46,111.54,881.564,76.0,38.56,13.50,1345.38,4337530.36,1781520.82
00:05:47.28,18/01/2026,11:06:40,17_T02,39.121656939,10.189992946,0.1,1345.63,111.88,881.572,76.0,38.56,13.49,1345.43,4337530.37,1781520.81
00:05:48.27,18/01/2026,11:06:41,17_T02,39.121656653,10.189992756,0.1,1344.63,112.44,881.567,76.0,38.56,13.49,1345.43,4337530.35,1781520.78
00:05:49.27,18/01/2026,11:06:42,17_T02,39.121655790,10.189992712,0.1,1344.02,113.11,881.596,76.0,38.56,13.49,1343.77,4337530.35,1781520.68
00:05:50.28,18/01/2026,11:06:43,17_T02,39.121653369,10.189985972,0.1,1344.01,113.83,881.134,76.0,38.56,13.49,1343.77,4337529.76,1781520.41
00:05:51.28,18/01/2026,11:06:44,17_T02,39.121651906,10.189982152,0.1,1344.25,114.68,880.875,76.0,38.55,13.51,1342.88,4337529.43,1781520.25
00:05:52.30,18/01/2026,11:06:45,17_T02,39.121651632,10.189981474,0.1,1344.15,115.50,880.830,76.0,38.55,13.51,1342.88,4337529.37,1781520.22
00:05:53.27,18/01/2026,11:06:46,17_T02,39.121652069,10.189981117,0.1,1343.45,115.76,880.785,76.0,38.56,13.49,1343.05,4337529.34,1781520.27
00:05:54.29,18/01/2026,11:06:47,17_T02,39.121651865,10.189980755,0.1,1342.53,116.17,880.763,76.0,38.56,13.49,1343.05,4337529.31,1781520.25
00:05:55.29,18/01/2026,11:06:48,17_T02,39.121651087,10.189980436,0.1,1341.85,116.84,880.765,76.0,38.57,13.49,1341.55,4337529.28,1781520.16
00:05:56.27,18/01/2026,11:06:49,17_T02,39.121650078,10.189980064,0.1,1341.55,117.62,880.772,76.0,38.57,13.49,1341.55,4337529.25,1781520.05
00:05:57.29,18/01/2026,11:06:50,17_T02,39.121649522,10.189978324,0.1,1341.50,118.34,880.651,76.0,38.57,13.51,1340.44,4337529.10,1781519.99
00:05:58.27,18/01/2026,11:06:51,17_T02,39.121649293,10.189977040,0.2,1341.40,119.11,880.554,76.0,38.57,13.51,1340.44,4337528.99,1781519.96
00:05:59.28,18/01/2026,11:06:52,17_T02,39.121649471,10.189976467,0.1,1341.10,119.72,880.500,76.0,38.56,13.50,1340.28,4337528.94,1781519.98
00:06:00.26,18/01/2026,11:06:53,17_T02,39.121649561,10.189975900,0.2,1340.57,120.19,880.451,76.0,38.56,13.50,1340.28,4337528.89,1781519.99
00:06:01.29,18/01/2026,11:06:54,17_T02,39.121649212,10.189975338,0.1,1339.90,120.66,880.418,76.0,38.56,13.50,1339.47,4337528.84,1781519.95
00:06:02.43,18/01/2026,11:06:55,17_T02,39.121648908,10.189975037,0.1,1339.20,121.22,880.404,76.0,38.56,13.50,1339.47,4337528.81,1781519.92
00:06:03.31,18/01/2026,11:06:56,17_T02,39.121648374,10.189974687,0.1,1338.75,121.83,880.396,76.0,38.56,13.50,1338.08,4337528.78,1781519.86
00:06:04.27,18/01/2026,11:06:57,17_T02,39.121647550,10.189974153,0.1,1338.75,122.48,880.382,76.0,38.56,13.50,1338.08,4337528.74,1781519.77
00:06:05.27,18/01/2026,11:06:58,17_T02,39.121646998,10.189973513,0.1,1338.94,123.05,880.351,76.0,38.56,13.51,1337.63,4337528.68,1781519.71
00:06:06.43,18/01/2026,11:06:59,17_T02,39.121647391,10.189972819,0.1,1338.78,123.46,880.279,76.0,38.56,13.51,1337.63,4337528.62,1781519.75
00:06:07.27,18/01/2026,11:07:00,17_T02,39.121647993,10.189972294,0.1,1338.01,123.63,880.214,76.0,38.56,13.49,1337.59,4337528.57,1781519.82
00:06:08.27,18/01/2026,11:07:01,17_T02,39.121648553,10.189973805,0.1,1336.96,124.06,880.317,76.0,38.56,13.49,1337.59,4337528.71,1781519.88
00:06:09.27,18/01/2026,11:07:02,17_T02,39.121648405,10.189974788,0.1,1336.12,124.47,880.403,76.0,38.57,13.50,1335.78,4337528.79,1781519.86
00:06:10.28,18/01/2026,11:07:03,17_T02,39.121647526,10.189974254,0.1,1335.90,125.08,880.392,76.0,38.57,13.50,1335.78,4337528.74,1781519.76
00:06:11.40,18/01/2026,11:07:04,17_T02,39.121646515,10.189973370,0.1,1336.22,125.80,880.357,76.0,38.56,13.51,1334.82,4337528.67,1781519.65
00:06:12.27,18/01/2026,11:07:05,17_T02,39.121646064,10.189972428,0.1,1336.50,126.70,880.296,76.0,38.56,13.51,1334.82,4337528.59,1781519.60
00:06:13.42,18/01/2026,11:07:06,17_T02,39.121646822,10.189972041,0.2,1336.09,127.14,880.237,76.0,38.56,13.50,1335.31,4337528.55,1781519.69
00:06:14.41,18/01/2026,11:07:07,17_T02,39.121647110,10.189971710,0.2,1334.99,127.28,880.199,76.0,38.56,13.50,1335.31,4337528.52,1781519.72
00:06:15.28,18/01/2026,11:07:08,17_T02,39.121644594,10.189969541,0.2,1333.82,127.94,880.115,76.0,38.57,13.50,1333.65,4337528.34,1781519.44
00:06:16.41,18/01/2026,11:07:09,17_T02,39.121642344,10.189967862,0.2,1333.16,128.75,880.061,76.0,38.57,13.50,1333.65,4337528.19,1781519.19
00:06:17.29,18/01/2026,11:07:10,17_T02,39.121641066,10.189966807,0.2,1333.24,129.72,880.022,76.0,38.57,13.51,1332.02,4337528.10,1781519.05
00:06:18.29,18/01/2026,11:07:11,17_T02,39.121639881,10.189965244,0.2,1333.64,131.13,879.938,76.0,38.57,13.51,1332.02,4337527.96,1781518.92
00:06:19.27,18/01/2026,11:07:12,17_T02,39.121640111,10.189962719,0.2,1333.79,132.57,879.723,76.0,38.56,13.50,1332.55,4337527.74,1781518.94
00:06:20.43,18/01/2026,11:07:13,17_T02,39.121641251,10.189961717,0.2,1333.17,133.18,879.598,76.0,38.56,13.50,1332.55,4337527.66,1781519.07
00:06:21.43,18/01/2026,11:07:14,17_T02,39.121641034,10.189961117,0.3,1332.05,133.58,879.557,76.0,38.56,13.50,1331.74,4337527.60,1781519.05
00:06:22.42,18/01/2026,11:07:15,17_T02,39.121640114,10.189960410,0.2,1331.00,134.07,879.534,76.0,38.56,13.50,1331.74,4337527.54,1781518.94
00:06:23.42,18/01/2026,11:07:16,17_T02,39.121638900,10.189959518,0.2,1330.46,134.91,879.506,76.0,38.58,13.50,1329.65,4337527.46,1781518.81
00:06:24.28,18/01/2026,11:07:17,17_T02,39.121637725,10.189958325,0.2,1330.52,135.94,879.452,76.0,38.58,13.50,1329.65,4337527.36,1781518.68
00:06:25.27,18/01/2026,11:07:18,17_T02,39.121636834,10.189956878,0.2,1330.82,137.04,879.366,76.0,38.56,13.51,1329.45,4337527.24,1781518.58
00:06:26.43,18/01/2026,11:07:19,17_T02,39.121639322,10.189954781,0.2,1330.86,138.08,879.102,76.0,38.56,13.51,1329.45,4337527.05,1781518.86
00:06:27.40,18/01/2026,11:07:20,17_T02,39.121641570,10.189954120,0.2,1330.31,138.19,878.964,76.0,38.57,13.50,1329.55,4337526.99,1781519.10
00:06:28.41,18/01/2026,11:07:21,17_T02,39.121641753,10.189953763,0.2,1329.38,137.99,878.928,76.0,38.57,13.50,1329.55,4337526.96,1781519.12
00:06:29.31,18/01/2026,11:07:22,17_T02,39.121641166,10.189953201,0.2,1328.48,138.09,878.904,76.0,38.57,13.50,1327.86,4337526.91,1781519.06
00:06:30.27,18/01/2026,11:07:23,17_T02,39.121640291,10.189952446,0.2,1328.00,138.37,878.875,76.0,38.57,13.50,1327.86,4337526.85,1781518.96
00:06:31.30,18/01/2026,11:07:24,17_T02,39.121640345,10.189951270,0.1,1328.05,138.77,878.776,76.0,38.56,13.51,1326.84,4337526.75,1781518.97
00:06:32.33,18/01/2026,11:07:25,17_T02,39.121640370,10.189949937,0.2,1328.27,139.28,878.666,76.0,38.56,13.51,1326.84,4337526.63,1781518.97
00:06:33.27,18/01/2026,11:07:26,17_T02,39.121640730,10.189949314,0.1,1328.07,139.75,878.602,76.0,38.56,13.50,1327.07,4337526.58,1781519.01
00:06:34.44,18/01/2026,11:07:27,17_T02,39.121641546,10.189949116,0.1,1327.26,139.65,878.555,76.0,38.56,13.50,1327.07,4337526.56,1781519.10
00:06:35.28,18/01/2026,11:07:28,17_T02,39.121641394,10.189948607,0.1,1326.26,139.71,878.519,76.0,38.56,13.50,1325.61,4337526.51,1781519.08
00:06:36.28,18/01/2026,11:07:29,17_T02,39.121640694,10.189947798,0.1,1325.65,140.03,878.479,76.0,38.56,13.50,1325.61,4337526.44,1781519.01
00:06:37.44,18/01/2026,11:07:30,17_T02,39.121639320,10.189946205,0.1,1325.59,140.47,878.400,76.0,38.56,13.51,1324.45,4337526.31,1781518.85
00:06:38.42,18/01/2026,11:07:31,17_T02,39.121638476,10.189944866,0.2,1325.73,141.00,878.321,76.0,38.56,13.51,1324.45,4337526.19,1781518.76
00:06:39.26,18/01/2026,11:07:32,17_T02,39.121638616,10.189944156,0.1,1325.57,141.54,878.258,76.0,38.56,13.50,1324.53,4337526.13,1781518.78
00:06:40.27,18/01/2026,11:07:33,17_T02,39.121639133,10.189943836,0.1,1324.92,141.72,878.213,76.0,38.56,13.50,1324.53,4337526.10,1781518.83
00:06:41.43,18/01/2026,11:07:34,17_T02,39.121639056,10.189943208,0.1,1324.12,141.96,878.164,76.0,38.56,13.50,1323.30,4337526.05,1781518.82
00:06:42.43,18/01/2026,11:07:35,17_T02,39.121638464,10.189942386,0.1,1323.58,142.32,878.119,76.0,38.56,13.50,1323.30,4337525.97,1781518.76
00:06:43.43,18/01/2026,11:07:36,17_T02,39.121637791,10.189941508,0.1,1323.35,142.73,878.072,76.0,38.56,13.50,1323.30,4337525.90,1781518.68
00:06:44.43,18/01/2026,11:07:37,17_T02,39.121638030,10.189941355,0.1,1323.17,143.02,878.051,76.0,38.57,13.51,1322.27,4337525.88,1781518.71
00:06:45.42,18/01/2026,11:07:38,17_T02,39.121638589,10.189941313,0.1,1322.79,143.13,878.026,76.0,38.57,13.51,1322.27,4337525.88,1781518.77
00:06:46.47,18/01/2026,11:07:39,17_T02,39.121638870,10.189941026,0.1,1322.27,143.16,877.992,76.0,38.56,13.50,1321.77,4337525.86,1781518.80
00:06:47.42,18/01/2026,11:07:40,17_T02,39.121638844,10.189940544,0.1,1321.83,143.18,877.954,76.0,38.56,13.50,1321.77,4337525.81,1781518.80
00:06:48.41,18/01/2026,11:07:41,17_T02,39.121637147,10.189937465,0.1,1321.41,143.22,877.765,76.0,38.57,13.50,1320.82,4337525.55,1781518.61
00:06:49.28,18/01/2026,11:07:42,17_T02,39.121636273,10.189935799,0.1,1320.88,143.24,877.661,76.0,38.57,13.50,1320.82,4337525.40,1781518.51
00:06:50.40,18/01/2026,11:07:43,17_T02,39.121636212,10.189935416,0.1,1320.30,143.31,877.632,76.0,38.57,13.51,1319.87,4337525.37,1781518.51
00:06:51.42,18/01/2026,11:07:44,17_T02,39.121635958,10.189934817,0.1,1319.97,143.49,877.592,76.0,38.57,13.51,1319.87,4337525.32,1781518.48
00:06:52.50,18/01/2026,11:07:45,17_T02,39.121635576,10.189934112,0.1,1319.98,143.75,877.549,76.0,38.56,13.51,1318.87,4337525.26,1781518.44
00:06:53.51,18/01/2026,11:07:46,17_T02,39.121635487,10.189933478,0.1,1319.93,143.97,877.500,76.0,38.56,13.51,1318.87,4337525.20,1781518.43
00:06:54.42,18/01/2026,11:07:47,17_T02,39.121635935,10.189933209,0.1,1319.36,143.97,877.461,76.0,38.56,13.51,1318.80,4337525.18,1781518.48
00:06:55.41,18/01/2026,11:07:48,17_T02,39.121636314,10.189933462,0.1,1318.38,144.14,877.468,76.0,38.56,13.51,1318.80,4337525.20,1781518.52
00:06:56.40,18/01/2026,11:07:49,17_T02,39.121636046,10.189933272,0.1,1317.60,144.48,877.462,76.0,38.56,13.51,1317.40,4337525.18,1781518.49
00:06:57.40,18/01/2026,11:07:50,17_T02,39.121635429,10.189932300,0.1,1317.50,144.97,877.406,76.0,38.56,13.51,1317.40,4337525.10,1781518.42
00:06:58.40,18/01/2026,11:07:51,17_T02,39.121634914,10.189931234,0.1,1317.82,145.35,877.338,76.0,38.57,13.50,1316.36,4337525.00,1781518.36
00:06:59.40,18/01/2026,11:07:52,17_T02,39.121634963,10.189930586,0.1,1317.86,145.81,877.283,76.0,38.57,13.50,1316.36,4337524.95,1781518.37
00:07:00.51,18/01/2026,11:07:53,17_T02,39.121635554,10.189930655,0.1,1317.09,145.84,877.266,76.0,38.57,13.50,1316.70,4337524.95,1781518.43
00:07:01.40,18/01/2026,11:07:54,17_T02,39.121633390,10.189929587,0.1,1315.89,145.91,877.259,76.0,38.57,13.50,1316.70,4337524.86,1781518.20
00:07:02.42,18/01/2026,11:07:55,17_T02,39.121631592,10.189928460,0.1,1315.04,146.25,877.234,76.0,38.57,13.50,1314.84,4337524.76,1781518.00
00:07:03.41,18/01/2026,11:07:56,17_T02,39.121630906,10.189927393,0.1,1314.94,146.79,877.172,76.0,38.57,13.50,1314.84,4337524.67,1781517.92
00:07:04.42,18/01/2026,11:07:57,17_T02,39.121630325,10.189925986,0.1,1315.27,147.54,877.079,76.0,38.56,13.52,1313.84,4337524.55,1781517.86
00:07:05.28,18/01/2026,11:07:58,17_T02,39.121630191,10.189925026,0.1,1315.40,148.38,877.005,76.0,38.56,13.52,1313.84,4337524.47,1781517.84
00:07:06.41,18/01/2026,11:07:59,17_T02,39.121632439,10.189929713,0.2,1314.79,148.55,877.305,76.0,38.57,13.50,1314.19,4337524.87,1781518.09
00:07:07.39,18/01/2026,11:08:00,17_T02,39.121633433,10.189931944,0.3,1313.75,148.61,877.451,76.0,38.57,13.50,1314.19,4337525.07,1781518.20
00:07:08.40,18/01/2026,11:08:01,17_T02,39.121632955,10.189931279,0.3,1312.98,148.93,877.414,76.0,38.57,13.50,1312.58,4337525.01,1781518.15
00:07:09.40,18/01/2026,11:08:02,17_T02,39.121632283,10.189930269,0.2,1312.85,149.54,877.356,76.0,38.57,13.50,1312.58,4337524.92,1781518.07
00:07:10.40,18/01/2026,11:08:03,17_T02,39.121631750,10.189929203,0.1,1313.01,150.23,877.289,76.0,38.56,13.52,1311.73,4337524.83,1781518.01
00:07:11.40,18/01/2026,11:08:04,17_T02,39.121631835,10.189928837,0.1,1312.79,150.74,877.256,76.0,38.56,13.52,1311.73,4337524.80,1781518.02
00:07:12.40,18/01/2026,11:08:05,17_T02,39.121633391,10.189932609,0.2,1311.96,150.77,877.507,76.0,38.57,13.50,1311.55,4337525.12,1781518.20
00:07:13.40,18/01/2026,11:08:06,17_T02,39.121633916,10.189934295,0.3,1311.03,151.02,877.625,76.0,38.57,13.50,1311.55,4337525.27,1781518.25
00:07:14.40,18/01/2026,11:08:07,17_T02,39.121633423,10.189933475,0.3,1310.57,151.44,877.577,76.0,38.57,13.50,1309.83,4337525.20,1781518.20
00:07:15.40,18/01/2026,11:08:08,17_T02,39.121632844,10.189932514,0.3,1310.65,151.99,877.519,76.0,38.57,13.50,1309.83,4337525.12,1781518.14
00:07:16.40,18/01/2026,11:08:09,17_T02,39.121632658,10.189931794,0.2,1310.70,152.60,877.467,76.0,38.56,13.51,1309.54,4337525.05,1781518.12
00:07:17.40,18/01/2026,11:08:10,17_T02,39.121633661,10.189934187,0.2,1310.14,152.82,877.626,76.0,38.56,13.51,1309.54,4337525.26,1781518.23
00:07:18.40,18/01/2026,11:08:11,17_T02,39.121634119,10.189935265,0.2,1309.08,153.05,877.697,76.0,38.57,13.50,1308.77,4337525.36,1781518.28
00:07:19.41,18/01/2026,11:08:12,17_T02,39.121633780,10.189934716,0.2,1308.08,153.56,877.665,76.0,38.57,13.50,1308.77,4337525.31,1781518.24
00:07:20.29,18/01/2026,11:08:13,17_T02,39.121633205,10.189933785,0.2,1307.60,154.22,877.610,76.0,38.57,13.50,1306.78,4337525.23,1781518.18
00:07:21.40,18/01/2026,11:08:14,17_T02,39.121632709,10.189932837,0.2,1307.58,154.86,877.551,76.0,38.57,13.50,1306.78,4337525.14,1781518.12
00:07:22.40,18/01/2026,11:08:15,17_T02,39.121632636,10.189932223,0.2,1307.51,155.39,877.503,76.0,38.56,13.51,1306.46,4337525.09,1781518.11
00:07:23.40,18/01/2026,11:08:16,17_T02,39.121632815,10.189930931,0.1,1306.86,155.57,877.391,76.0,38.56,13.51,1306.46,4337524.98,1781518.13
00:07:24.39,18/01/2026,11:08:17,17_T02,39.121632816,10.189929853,0.1,1305.78,155.94,877.303,76.0,38.57,13.51,1305.40,4337524.89,1781518.13
00:07:25.40,18/01/2026,11:08:18,17_T02,39.121632494,10.189929175,0.1,1304.76,156.63,877.259,76.0,38.57,13.51,1305.40,4337524.83,1781518.10
00:07:26.41,18/01/2026,11:08:19,17_T02,39.121631876,10.189928115,0.1,1304.27,157.33,877.195,76.0,38.57,13.51,1303.38,4337524.73,1781518.03
00:07:27.40,18/01/2026,11:08:20,17_T02,39.121631313,10.189927023,0.1,1304.28,158.01,877.127,76.0,38.57,13.51,1303.38,4337524.64,1781517.97
00:07:28.29,18/01/2026,11:08:21,17_T02,39.121631214,10.189926322,0.1,1304.32,158.51,877.073,76.0,38.56,13.51,1303.19,4337524.58,1781517.95
00:07:29.40,18/01/2026,11:08:22,17_T02,39.121631785,10.189926605,0.1,1303.83,158.69,877.075,76.0,38.56,13.51,1303.19,4337524.60,1781518.02
00:07:30.40,18/01/2026,11:08:23,17_T02,39.121633040,10.189928879,0.1,1302.79,158.81,877.214,76.0,38.57,13.50,1302.28,4337524.80,1781518.16
00:07:31.40,18/01/2026,11:08:24,17_T02,39.121633288,10.189929524,0.1,1301.64,159.25,877.258,76.0,38.57,13.50,1302.28,4337524.86,1781518.18
00:07:32.40,18/01/2026,11:08:25,17_T02,39.121632720,10.189928763,0.1,1300.91,159.68,877.217,76.0,38.57,13.51,1300.14,4337524.79,1781518.12
00:07:33.39,18/01/2026,11:08:26,17_T02,39.121632107,10.189927752,0.1,1300.86,160.27,877.157,76.0,38.57,13.51,1300.14,4337524.70,1781518.05
00:07:34.39,18/01/2026,11:08:27,17_T02,39.121632716,10.189927589,0.1,1301.09,161.09,877.121,76.0,38.56,13.51,1299.84,4337524.69,1781518.12
00:07:35.40,18/01/2026,11:08:28,17_T02,39.121633681,10.189928002,0.2,1300.91,161.77,877.119,76.0,38.56,13.51,1299.84,4337524.72,1781518.23
00:07:36.40,18/01/2026,11:08:29,17_T02,39.121634393,10.189928644,0.2,1299.94,161.70,877.145,76.0,38.57,13.50,1299.33,4337524.78,1781518.31
00:07:37.39,18/01/2026,11:08:30,17_T02,39.121634377,10.189928222,0.2,1298.59,162.05,877.111,76.0,38.57,13.50,1299.33,4337524.74,1781518.30
00:07:38.39,18/01/2026,11:08:31,17_T02,39.121633843,10.189927406,0.2,1297.61,162.62,877.064,76.0,38.57,13.50,1296.86,4337524.67,1781518.25
00:07:39.40,18/01/2026,11:08:32,17_T02,39.121633291,10.189926245,0.2,1297.40,163.37,876.989,76.0,38.57,13.50,1296.86,4337524.57,1781518.18
00:07:40.39,18/01/2026,11:08:33,17_T02,39.121632941,10.189924585,0.2,1297.67,164.40,876.866,76.0,38.56,13.51,1296.41,4337524.43,1781518.14
00:07:41.39,18/01/2026,11:08:34,17_T02,39.121632270,10.189920836,0.1,1297.77,165.47,876.584,76.0,38.56,13.51,1296.41,4337524.10,1781518.07
00:07:42.39,18/01/2026,11:08:35,17_T02,39.121632428,10.189920132,0.2,1296.98,165.56,876.521,76.0,38.57,13.50,1296.21,4337524.04,1781518.09
00:07:43.39,18/01/2026,11:08:36,17_T02,39.121632508,10.189920159,0.2,1295.68,165.53,876.520,76.0,38.57,13.50,1296.21,4337524.04,1781518.10
00:07:44.39,18/01/2026,11:08:37,17_T02,39.121632046,10.189919233,0.2,1294.75,165.89,876.461,76.0,38.57,13.50,1296.21,4337523.96,1781518.04
00:07:45.39,18/01/2026,11:08:38,17_T02,39.121631605,10.189918127,0.2,1294.60,166.43,876.387,76.0,38.57,13.50,1293.90,4337523.87,1781518.00
00:07:46.39,18/01/2026,11:08:39,17_T02,39.121631330,10.189916821,0.1,1294.81,167.06,876.291,76.0,38.57,13.50,1293.90,4337523.75,1781517.97
00:07:47.39,18/01/2026,11:08:40,17_T02,39.121631141,10.189915608,0.1,1294.56,167.68,876.198,76.0,38.56,13.50,1293.61,4337523.65,1781517.94
00:07:48.40,18/01/2026,11:08:41,17_T02,39.121631303,10.189915529,0.1,1293.56,167.64,876.186,76.0,38.56,13.50,1293.61,4337523.64,1781517.96
00:07:49.39,18/01/2026,11:08:42,17_T02,39.121631245,10.189914995,0.1,1292.38,168.01,876.144,76.0,38.57,13.49,1292.75,4337523.59,1781517.96
00:07:50.39,18/01/2026,11:08:43,17_T02,39.121630883,10.189913780,0.1,1291.70,168.85,876.058,76.0,38.57,13.49,1292.75,4337523.49,1781517.92
00:07:51.40,18/01/2026,11:08:44,17_T02,39.121630435,10.189911323,0.1,1291.63,169.84,875.874,76.0,38.58,13.50,1290.72,4337523.27,1781517.87
00:07:52.41,18/01/2026,11:08:45,17_T02,39.121630250,10.189909579,0.1,1291.70,170.60,875.738,76.0,38.58,13.50,1290.72,4337523.12,1781517.84
00:07:53.40,18/01/2026,11:08:46,17_T02,39.121630558,10.189909415,0.1,1291.31,171.10,875.713,76.0,38.56,13.50,1290.55,4337523.11,1781517.88
00:07:54.41,18/01/2026,11:08:47,17_T02,39.121630916,10.189909540,0.1,1290.40,171.22,875.710,76.0,38.56,13.50,1290.55,4337523.12,1781517.92
00:07:55.40,18/01/2026,11:08:48,17_T02,39.121630879,10.189908785,0.1,1289.39,171.68,875.649,76.0,38.57,13.50,1289.47,4337523.05,1781517.91
00:07:56.38,18/01/2026,11:08:49,17_T02,39.121630600,10.189907582,0.1,1288.72,172.41,875.561,76.0,38.57,13.50,1289.47,4337522.95,1781517.88
00:07:57.40,18/01/2026,11:08:50,17_T02,39.121630247,10.189906214,0.1,1288.58,173.20,875.462,76.0,38.57,13.50,1287.69,4337522.83,1781517.84
00:07:58.38,18/01/2026,11:08:51,17_T02,39.121629814,10.189904072,0.1,1288.65,174.06,875.303,76.0,38.57,13.50,1287.69,4337522.64,1781517.80
00:07:59.38,18/01/2026,11:08:52,17_T02,39.121630011,10.189903229,0.1,1288.37,174.76,875.226,76.0,38.56,13.50,1287.50,4337522.57,1781517.82
00:08:00.41,18/01/2026,11:08:53,17_T02,39.121630502,10.189903241,0.1,1287.56,175.28,875.209,76.0,38.56,13.50,1287.50,4337522.57,1781517.87
00:08:01.40,18/01/2026,11:08:54,17_T02,39.121630589,10.189902485,0.1,1286.51,175.91,875.144,76.0,38.57,13.50,1286.50,4337522.50,1781517.88
00:08:02.40,18/01/2026,11:08:55,17_T02,39.121630376,10.189901408,0.1,1285.62,176.65,875.064,76.0,38.57,13.50,1286.50,4337522.41,1781517.86
00:08:03.40,18/01/2026,11:08:56,17_T02,39.121630060,10.189900040,0.1,1285.14,177.49,874.963,76.0,38.57,13.50,1284.55,4337522.29,1781517.82
00:08:04.39,18/01/2026,11:08:57,17_T02,39.121629839,10.189898505,0.1,1285.11,178.53,874.846,76.0,38.57,13.50,1284.55,4337522.16,1781517.80
00:08:05.41,18/01/2026,11:08:58,17_T02,39.121629565,10.189897598,0.1,1285.23,179.65,874.782,76.0,38.57,13.50,1283.98,4337522.08,1781517.77
00:08:06.41,18/01/2026,11:08:59,17_T02,39.121629889,10.189897629,0.1,1285.00,180.56,874.772,76.0,38.57,13.50,1283.98,4337522.08,1781517.80
00:08:07.39,18/01/2026,11:09:00,17_T02,39.121630468,10.189898053,0.1,1284.14,180.85,874.786,76.0,38.57,13.50,1283.82,4337522.12,1781517.87
00:08:08.38,18/01/2026,11:09:01,17_T02,39.121630599,10.189897327,0.1,1282.90,181.37,874.721,76.0,38.57,13.50,1283.82,4337522.06,1781517.88
00:08:09.40,18/01/2026,11:09:02,17_T02,39.121629609,10.189895121,0.1,1281.85,182.07,874.577,76.0,38.57,13.50,1281.73,4337521.86,1781517.77
00:08:10.40,18/01/2026,11:09:03,17_T02,39.121628952,10.189892923,0.1,1281.49,183.09,874.422,76.0,38.57,13.50,1281.73,4337521.67,1781517.70
00:08:11.38,18/01/2026,11:09:04,17_T02,39.121628929,10.189890739,0.1,1281.72,184.45,874.244,76.0,38.56,13.51,1280.39,4337521.48,1781517.69
00:08:12.38,18/01/2026,11:09:05,17_T02,39.121629335,10.189888994,0.1,1281.93,186.18,874.086,76.0,38.56,13.51,1280.39,4337521.33,1781517.74
00:08:13.40,18/01/2026,11:09:06,17_T02,39.121629987,10.189889665,0.2,1281.39,187.03,874.116,76.0,38.57,13.50,1280.72,4337521.39,1781517.81
00:08:14.39,18/01/2026,11:09:07,17_T02,39.121630319,10.189889791,0.2,1280.14,187.28,874.114,76.0,38.57,13.50,1280.72,4337521.40,1781517.85
00:08:15.38,18/01/2026,11:09:08,17_T02,39.121629622,10.189889987,0.2,1278.88,187.85,874.156,76.0,38.57,13.50,1278.82,4337521.42,1781517.77
00:08:16.39,18/01/2026,11:09:09,17_T02,39.121629149,10.189888958,0.2,1278.24,188.84,874.090,76.0,38.57,13.50,1278.82,4337521.33,1781517.72
00:08:17.39,18/01/2026,11:09:10,17_T02,39.121629204,10.189886924,0.2,1278.28,190.06,873.921,76.0,38.56,13.51,1277.10,4337521.15,1781517.72
00:08:18.38,18/01/2026,11:09:11,17_T02,39.121629633,10.189885060,0.1,1278.51,191.53,873.752,76.0,38.56,13.51,1277.10,4337520.99,1781517.77
00:08:19.40,18/01/2026,11:09:12,17_T02,39.121630105,10.189884766,0.1,1278.29,192.93,873.711,76.0,38.56,13.50,1277.32,4337520.96,1781517.82
00:08:20.39,18/01/2026,11:09:13,17_T02,39.121630443,10.189885393,0.2,1277.40,193.36,873.750,76.0,38.56,13.50,1277.32,4337521.02,1781517.86
00:08:21.38,18/01/2026,11:09:14,17_T02,39.121630597,10.189884682,0.2,1276.28,193.79,873.686,76.0,38.57,13.50,1276.02,4337520.96,1781517.88
00:08:22.39,18/01/2026,11:09:15,17_T02,39.121631219,10.189883668,0.1,1275.41,194.26,873.579,76.0,38.57,13.50,1276.02,4337520.87,1781517.95
00:08:23.39,18/01/2026,11:09:16,17_T02,39.121631575,10.189882284,0.1,1275.07,194.99,873.453,76.0,38.58,13.51,1274.15,4337520.75,1781517.98
00:08:24.38,18/01/2026,11:09:17,17_T02,39.121631683,10.189880929,0.1,1275.08,195.82,873.338,76.0,38.58,13.51,1274.15,4337520.63,1781518.00
00:08:25.39,18/01/2026,11:09:18,17_T02,39.121632003,10.189880367,0.1,1274.95,196.59,873.280,76.0,38.56,13.50,1273.93,4337520.58,1781518.03
00:08:26.38,18/01/2026,11:09:19,17_T02,39.121632423,10.189880846,0.1,1274.34,196.95,873.303,76.0,38.56,13.50,1273.93,4337520.62,1781518.08
00:08:27.37,18/01/2026,11:09:20,17_T02,39.121632769,10.189880679,0.1,1273.43,197.26,873.277,76.0,38.57,13.50,1272.91,4337520.61,1781518.12
00:08:28.34,18/01/2026,11:09:21,17_T02,39.121634059,10.189883018,0.1,1272.64,197.75,873.420,76.0,38.57,13.50,1272.91,4337520.81,1781518.26
00:08:29.37,18/01/2026,11:09:22,17_T02,39.121634861,10.189883517,0.1,1272.21,198.56,873.432,76.0,38.57,13.50,1271.31,4337520.85,1781518.35
00:08:30.38,18/01/2026,11:09:23,17_T02,39.121635002,10.189882548,0.1,1271.98,199.33,873.347,76.0,38.57,13.50,1271.31,4337520.77,1781518.36
00:08:31.37,18/01/2026,11:09:24,17_T02,39.121635302,10.189882132,0.1,1271.62,200.06,873.302,76.0,38.57,13.50,1270.72,4337520.73,1781518.40
00:08:32.39,18/01/2026,11:09:25,17_T02,39.121635665,10.189882285,0.1,1270.99,200.74,873.301,76.0,38.57,13.50,1270.72,4337520.75,1781518.44
00:08:33.37,18/01/2026,11:09:26,17_T02,39.121636078,10.189882026,0.1,1270.34,201.51,873.264,76.0,38.57,13.50,1269.58,4337520.72,1781518.48
00:08:34.37,18/01/2026,11:09:27,17_T02,39.121636448,10.189880360,0.1,1269.88,202.34,873.114,76.0,38.57,13.50,1269.58,4337520.58,1781518.52
00:08:35.37,18/01/2026,11:09:28,17_T02,39.121636766,10.189878942,0.1,1269.54,203.23,872.986,76.0,38.57,13.50,1268.59,4337520.45,1781518.56
00:08:36.39,18/01/2026,11:09:29,17_T02,39.121637085,10.189878441,0.1,1269.04,204.00,872.933,76.0,38.57,13.50,1268.59,4337520.41,1781518.59
00:08:37.37,18/01/2026,11:09:30,17_T02,39.121637385,10.189878380,0.1,1268.28,204.64,872.917,76.0,38.57,13.50,1267.54,4337520.41,1781518.63
00:08:38.36,18/01/2026,11:09:31,17_T02,39.121637620,10.189878240,0.1,1267.55,205.24,872.897,76.0,38.57,13.50,1267.54,4337520.39,1781518.65
00:08:39.38,18/01/2026,11:09:32,17_T02,39.121637884,10.189877633,0.1,1267.15,205.97,872.837,76.0,38.57,13.50,1266.18,4337520.34,1781518.68
00:08:40.37,18/01/2026,11:09:33,17_T02,39.121638110,10.189876937,0.1,1267.10,206.69,872.772,76.0,38.57,13.50,1266.18,4337520.28,1781518.70
00:08:41.38,18/01/2026,11:09:34,17_T02,39.121638619,10.189875073,0.1,1266.96,207.41,872.600,76.0,38.57,13.50,1265.94,4337520.12,1781518.76
00:08:42.38,18/01/2026,11:09:35,17_T02,39.121639059,10.189874590,0.1,1266.26,207.89,872.544,76.0,38.57,13.50,1265.94,4337520.08,1781518.81
00:08:43.38,18/01/2026,11:09:36,17_T02,39.121639431,10.189874612,0.1,1265.13,208.62,872.532,76.0,38.57,13.49,1264.47,4337520.08,1781518.85
00:08:44.38,18/01/2026,11:09:37,17_T02,39.121639639,10.189873998,0.1,1264.14,209.40,872.474,76.0,38.57,13.49,1264.47,4337520.02,1781518.87
00:08:45.39,18/01/2026,11:09:38,17_T02,39.121640261,10.189871592,0.1,1263.81,210.16,872.254,76.0,38.57,13.49,1264.47,4337519.81,1781518.94
00:08:46.38,18/01/2026,11:09:39,17_T02,39.121640907,10.189869832,0.1,1264.03,210.93,872.086,76.0,38.58,13.51,1262.76,4337519.66,1781519.01
00:08:47.37,18/01/2026,11:09:40,17_T02,39.121641344,10.189869525,0.1,1264.15,211.74,872.044,76.0,38.58,13.51,1262.76,4337519.63,1781519.06
00:08:48.44,18/01/2026,11:09:41,17_T02,39.121641477,10.189870531,0.1,1263.47,212.03,872.122,76.0,38.56,13.50,1263.01,4337519.72,1781519.08
00:08:49.38,18/01/2026,11:09:42,17_T02,39.121641800,10.189870692,0.1,1262.19,212.42,872.123,76.0,38.56,13.50,1263.01,4337519.74,1781519.11
00:08:50.37,18/01/2026,11:09:43,17_T02,39.121642061,10.189870077,0.1,1261.02,212.95,872.063,76.0,38.57,13.49,1261.46,4337519.68,1781519.14
00:08:51.38,18/01/2026,11:09:44,17_T02,39.121644153,10.189870594,0.1,1260.57,213.58,872.027,76.0,38.57,13.49,1261.46,4337519.73,1781519.37
00:08:52.39,18/01/2026,11:09:45,17_T02,39.121645841,10.189870396,0.2,1260.74,214.40,871.948,76.0,38.57,13.51,1259.53,4337519.71,1781519.56
00:08:53.37,18/01/2026,11:09:46,17_T02,39.121646671,10.189869734,0.2,1260.95,215.53,871.863,76.0,38.57,13.51,1259.53,4337519.65,1781519.65
00:08:54.38,18/01/2026,11:09:47,17_T02,39.121646800,10.189870697,0.2,1260.48,216.10,871.937,76.0,38.56,13.50,1259.79,4337519.73,1781519.66
00:08:55.38,18/01/2026,11:09:48,17_T02,39.121646902,10.189871254,0.1,1259.32,216.23,871.979,76.0,38.56,13.50,1259.79,4337519.78,1781519.67
00:08:56.38,18/01/2026,11:09:49,17_T02,39.121647226,10.189870781,0.1,1258.14,216.68,871.928,76.0,38.57,13.50,1258.46,4337519.74,1781519.71
00:08:57.38,18/01/2026,11:09:50,17_T02,39.121647727,10.189869610,0.1,1257.51,217.56,871.814,76.0,38.57,13.50,1258.46,4337519.64,1781519.76
00:08:58.37,18/01/2026,11:09:51,17_T02,39.121648814,10.189867150,0.1,1257.47,218.59,871.572,76.0,38.58,13.51,1256.47,4337519.43,1781519.88
00:08:59.37,18/01/2026,11:09:52,17_T02,39.121649806,10.189865755,0.2,1257.58,219.39,871.421,76.0,38.58,13.51,1256.47,4337519.30,1781519.99
00:09:00.35,18/01/2026,11:09:53,17_T02,39.121650204,10.189866260,0.2,1257.28,220.00,871.447,76.0,38.57,13.50,1256.44,4337519.35,1781520.04
00:09:01.38,18/01/2026,11:09:54,17_T02,39.121650386,10.189867139,0.2,1256.46,220.06,871.512,76.0,38.57,13.50,1256.44,4337519.42,1781520.06
00:09:02.46,18/01/2026,11:09:55,17_T02,39.121650831,10.189866863,0.2,1255.50,220.52,871.473,76.0,38.57,13.50,1255.44,4337519.40,1781520.11
00:09:03.38,18/01/2026,11:09:56,17_T02,39.121651350,10.189865982,0.2,1254.80,221.15,871.382,76.0,38.57,13.50,1255.44,4337519.32,1781520.16
00:09:04.37,18/01/2026,11:09:57,17_T02,39.121652149,10.189864664,0.1,1254.45,221.82,871.244,76.0,38.57,13.51,1253.74,4337519.21,1781520.25
00:09:05.37,18/01/2026,11:09:58,17_T02,39.121652683,10.189863913,0.1,1254.26,222.36,871.163,76.0,38.57,13.51,1253.74,4337519.14,1781520.31
00:09:06.46,18/01/2026,11:09:59,17_T02,39.121653045,10.189863990,0.1,1253.94,222.81,871.156,76.0,38.57,13.50,1253.14,4337519.15,1781520.35
00:09:07.38,18/01/2026,11:10:00,17_T02,39.121653375,10.189864545,0.1,1253.40,223.18,871.189,76.0,38.57,13.50,1253.14,4337519.20,1781520.39
00:09:08.39,18/01/2026,11:10:01,17_T02,39.121653917,10.189864592,0.1,1252.76,223.74,871.172,76.0,38.57,13.50,1252.31,4337519.20,1781520.45
00:09:09.36,18/01/2026,11:10:02,17_T02,39.121654496,10.189864124,0.1,1252.10,224.39,871.112,76.0,38.57,13.50,1252.31,4337519.16,1781520.51
00:09:10.38,18/01/2026,11:10:03,17_T02,39.121654938,10.189863606,0.1,1251.49,224.92,871.054,76.0,38.57,13.50,1250.99,4337519.12,1781520.56
00:09:11.44,18/01/2026,11:10:04,17_T02,39.121654526,10.189862255,0.1,1251.00,225.46,870.958,76.0,38.57,13.50,1250.99,4337519.00,1781520.51
00:09:12.38,18/01/2026,11:10:05,17_T02,39.121654447,10.189861431,0.1,1250.55,226.08,870.894,76.0,38.57,13.50,1249.87,4337518.93,1781520.50
00:09:13.37,18/01/2026,11:10:06,17_T02,39.121654854,10.189861459,0.1,1250.06,226.68,870.881,76.0,38.57,13.50,1249.87,4337518.93,1781520.55
00:09:14.36,18/01/2026,11:10:07,17_T02,39.121655318,10.189861459,0.1,1249.64,227.33,870.864,76.0,38.57,13.51,1248.91,4337518.93,1781520.60
00:09:15.38,18/01/2026,11:10:08,17_T02,39.121655851,10.189861250,0.1,1249.34,228.10,870.827,76.0,38.57,13.51,1248.91,4337518.91,1781520.66
00:09:16.36,18/01/2026,11:10:09,17_T02,39.121656450,10.189860952,0.1,1248.96,228.87,870.780,76.0,38.57,13.50,1248.21,4337518.88,1781520.73
00:09:17.37,18/01/2026,11:10:10,17_T02,39.121657041,10.189860440,0.1,1248.27,229.63,870.716,76.0,38.57,13.50,1248.21,4337518.84,1781520.79
00:09:18.37,18/01/2026,11:10:11,17_T02,39.121657501,10.189860088,0.1,1247.40,230.33,870.670,76.0,38.58,13.50,1247.03,4337518.81,1781520.84
00:09:19.37,18/01/2026,11:10:12,17_T02,39.121657891,10.189859833,0.1,1246.71,230.93,870.635,76.0,38.58,13.50,1247.03,4337518.79,1781520.88
00:09:20.37,18/01/2026,11:10:13,17_T02,39.121658540,10.189859235,0.1,1246.42,231.70,870.562,76.0,38.57,13.50,1245.55,4337518.73,1781520.96
00:09:21.36,18/01/2026,11:10:14,17_T02,39.121659071,10.189858810,0.1,1246.39,232.39,870.507,76.0,38.57,13.50,1245.55,4337518.70,1781521.01
00:09:22.35,18/01/2026,11:10:15,17_T02,39.121659472,10.189859010,0.1,1246.16,232.94,870.508,76.0,38.56,13.50,1245.24,4337518.71,1781521.06
00:09:23.38,18/01/2026,11:10:16,17_T02,39.121659477,10.189860093,0.1,1245.50,233.31,870.597,76.0,38.56,13.50,1245.24,4337518.81,1781521.06
00:09:24.36,18/01/2026,11:10:17,17_T02,39.121659748,10.189860583,0.1,1244.62,233.83,870.627,76.0,38.57,13.50,1244.19,4337518.85,1781521.09
00:09:25.36,18/01/2026,11:10:18,17_T02,39.121660181,10.189860275,0.1,1243.84,234.50,870.586,76.0,38.57,13.50,1244.19,4337518.82,1781521.14
00:09:26.36,18/01/2026,11:10:19,17_T02,39.121660790,10.189859592,0.1,1243.38,235.21,870.507,76.0,38.57,13.50,1242.59,4337518.77,1781521.20
00:09:27.37,18/01/2026,11:10:20,17_T02,39.121661318,10.189859036,0.1,1243.26,235.87,870.442,76.0,38.57,13.50,1242.59,4337518.72,1781521.26
00:09:28.37,18/01/2026,11:10:21,17_T02,39.121661758,10.189858955,0.1,1243.19,236.47,870.419,76.0,38.57,13.51,1242.17,4337518.71,1781521.31
00:09:29.36,18/01/2026,11:10:22,17_T02,39.121661893,10.189859732,0.1,1242.74,236.87,870.478,76.0,38.57,13.51,1242.17,4337518.78,1781521.33
00:09:30.38,18/01/2026,11:10:23,17_T02,39.121661486,10.189860393,0.1,1241.94,237.14,870.547,76.0,38.57,13.50,1241.39,4337518.83,1781521.28
00:09:31.37,18/01/2026,11:10:24,17_T02,39.121661574,10.189860361,0.1,1241.11,237.63,870.541,76.0,38.57,13.50,1241.39,4337518.83,1781521.29
00:09:32.46,18/01/2026,11:10:25,17_T02,39.121662098,10.189859864,0.1,1240.53,238.23,870.481,76.0,38.57,13.50,1239.78,4337518.79,1781521.35
00:09:33.35,18/01/2026,11:10:26,17_T02,39.121662603,10.189859328,0.1,1240.21,238.78,870.418,76.0,38.57,13.50,1239.78,4337518.74,1781521.40
00:09:34.38,18/01/2026,11:10:27,17_T02,39.121662931,10.189859160,0.1,1239.99,239.22,870.392,76.0,38.56,13.52,1239.04,4337518.73,1781521.44
00:09:35.38,18/01/2026,11:10:28,17_T02,39.121663154,10.189859548,0.1,1239.63,239.63,870.415,76.0,38.56,13.52,1239.04,4337518.76,1781521.46
00:09:36.37,18/01/2026,11:10:29,17_T02,39.121663205,10.189859659,0.1,1239.08,240.03,870.423,76.0,38.57,13.50,1238.32,4337518.77,1781521.47
00:09:37.36,18/01/2026,11:10:30,17_T02,39.121663543,10.189859590,0.1,1238.47,240.54,870.404,76.0,38.57,13.50,1238.32,4337518.76,1781521.51
00:09:38.35,18/01/2026,11:10:31,17_T02,39.121663993,10.189859403,0.1,1237.90,241.09,870.372,76.0,38.57,13.51,1237.11,4337518.75,1781521.56
00:09:39.26,18/01/2026,11:10:32,17_T02,39.121664454,10.189859072,0.1,1237.45,241.66,870.328,76.0,38.57,13.51,1237.11,4337518.72,1781521.61
00:09:40.36,18/01/2026,11:10:33,17_T02,39.121664851,10.189858865,0.1,1237.11,242.18,870.296,76.0,38.57,13.51,1236.18,4337518.70,1781521.65
00:09:41.37,18/01/2026,11:10:34,17_T02,39.121665123,10.189858908,0.1,1236.75,242.68,870.290,76.0,38.57,13.51,1236.18,4337518.70,1781521.68
00:09:42.36,18/01/2026,11:10:35,17_T02,39.121665542,10.189859069,0.1,1236.23,243.18,870.287,76.0,38.57,13.51,1235.41,4337518.72,1781521.73
00:09:43.36,18/01/2026,11:10:36,17_T02,39.121665938,10.189859201,0.1,1235.58,243.70,870.283,76.0,38.57,13.51,1235.41,4337518.73,1781521.77
00:09:44.36,18/01/2026,11:10:37,17_T02,39.121666302,10.189859251,0.1,1234.88,244.18,870.274,76.0,38.57,13.51,1234.10,4337518.73,1781521.81
00:09:45.36,18/01/2026,11:10:38,17_T02,39.121666597,10.189859120,0.1,1234.31,244.52,870.252,76.0,38.57,13.51,1234.10,4337518.72,1781521.84
00:09:46.36,18/01/2026,11:10:39,17_T02,39.121667132,10.189858802,0.1,1234.06,244.95,870.206,76.0,38.57,13.51,1233.03,4337518.69,1781521.90
00:09:47.36,18/01/2026,11:10:40,17_T02,39.121667564,10.189858602,0.1,1234.04,245.41,870.174,76.0,38.57,13.51,1233.03,4337518.68,1781521.95
00:09:48.36,18/01/2026,11:10:41,17_T02,39.121668137,10.189859977,0.1,1233.77,245.85,870.265,76.0,38.57,13.51,1233.03,4337518.80,1781522.01
00:09:49.37,18/01/2026,11:10:42,17_T02,39.121668352,10.189861334,0.1,1232.99,246.24,870.368,76.0,38.57,13.51,1232.80,4337518.91,1781522.04
00:09:50.36,18/01/2026,11:10:43,17_T02,39.121668740,10.189861563,0.1,1232.00,246.86,870.373,76.0,38.57,13.51,1232.80,4337518.93,1781522.08
00:09:51.37,18/01/2026,11:10:44,17_T02,39.121669147,10.189861351,0.1,1231.24,247.61,870.340,76.0,38.57,13.51,1231.24,4337518.92,1781522.13
00:09:52.35,18/01/2026,11:10:45,17_T02,39.121670063,10.189860766,0.1,1231.01,248.35,870.258,76.0,38.57,13.51,1231.24,4337518.87,1781522.23
00:09:53.35,18/01/2026,11:10:46,17_T02,39.121670828,10.189860447,0.1,1231.14,249.02,870.203,76.0,38.57,13.52,1229.97,4337518.84,1781522.31
00:09:54.35,18/01/2026,11:10:47,17_T02,39.121671112,10.189861770,0.1,1231.07,249.70,870.301,76.0,38.57,13.52,1229.97,4337518.95,1781522.34
00:09:55.36,18/01/2026,11:10:48,17_T02,39.121670797,10.189863549,0.1,1230.36,249.93,870.459,76.0,38.57,13.51,1230.02,4337519.11,1781522.31
00:09:56.36,18/01/2026,11:10:49,17_T02,39.121671102,10.189864023,0.2,1229.27,250.40,870.486,76.0,38.57,13.51,1230.02,4337519.15,1781522.34
00:09:57.42,18/01/2026,11:10:50,17_T02,39.121671674,10.189863852,0.2,1228.33,251.04,870.451,76.0,38.57,13.50,1228.44,4337519.13,1781522.41
00:09:58.35,18/01/2026,11:10:51,17_T02,39.121672429,10.189863403,0.2,1227.94,251.68,870.386,76.0,38.57,13.50,1228.44,4337519.09,1781522.49
00:09:59.36,18/01/2026,11:10:52,17_T02,39.121673261,10.189863065,0.1,1228.04,252.28,870.327,76.0,38.57,13.53,1226.91,4337519.06,1781522.58
00:10:00.37,18/01/2026,11:10:53,17_T02,39.121673713,10.189863353,0.1,1228.09,252.90,870.334,76.0,38.57,13.53,1226.91,4337519.09,1781522.63
00:10:01.36,18/01/2026,11:10:54,17_T02,39.121673546,10.189864821,0.1,1227.60,253.13,870.461,76.0,38.57,13.51,1227.00,4337519.22,1781522.61
00:10:02.36,18/01/2026,11:10:55,17_T02,39.121673656,10.189865801,0.1,1226.67,253.39,870.537,76.0,38.57,13.51,1227.00,4337519.30,1781522.62
00:10:03.34,18/01/2026,11:10:56,17_T02,39.121674206,10.189865841,0.1,1225.74,253.89,870.520,76.0,38.57,13.50,1225.72,4337519.31,1781522.69
00:10:04.36,18/01/2026,11:10:57,17_T02,39.121674999,10.189865498,0.1,1225.15,254.54,870.462,76.0,38.57,13.50,1225.72,4337519.28,1781522.77
00:10:05.36,18/01/2026,11:10:58,17_T02,39.121675750,10.189865154,0.1,1224.99,255.18,870.406,76.0,38.58,13.51,1224.13,4337519.25,1781522.86
00:10:06.34,18/01/2026,11:10:59,17_T02,39.121676282,10.189865131,0.1,1224.96,255.72,870.384,76.0,38.58,13.51,1224.13,4337519.24,1781522.91
00:10:07.35,18/01/2026,11:11:00,17_T02,39.121676943,10.189864810,0.1,1224.63,256.11,870.333,76.0,38.57,13.51,1223.88,4337519.22,1781522.99
00:10:08.35,18/01/2026,11:11:01,17_T02,39.121677205,10.189865085,0.1,1223.88,256.37,870.346,76.0,38.57,13.51,1223.88,4337519.24,1781523.02
00:10:09.35,18/01/2026,11:11:02,17_T02,39.121677640,10.189865416,0.1,1223.02,256.77,870.357,76.0,38.57,13.51,1222.82,4337519.27,1781523.06
00:10:10.34,18/01/2026,11:11:03,17_T02,39.121678466,10.189865243,0.1,1222.43,257.42,870.312,76.0,38.57,13.51,1222.82,4337519.25,1781523.16
00:10:11.35,18/01/2026,11:11:04,17_T02,39.121679358,10.189864963,0.1,1222.25,258.13,870.256,76.0,38.57,13.51,1221.37,4337519.23,1781523.25
00:10:12.34,18/01/2026,11:11:05,17_T02,39.121679985,10.189864937,0.1,1222.19,258.72,870.230,76.0,38.57,13.51,1221.37,4337519.23,1781523.32
00:10:13.35,18/01/2026,11:11:06,17_T02,39.121680199,10.189865727,0.1,1221.77,259.07,870.287,76.0,38.57,13.52,1221.09,4337519.29,1781523.35
00:10:14.35,18/01/2026,11:11:07,17_T02,39.121680347,10.189866551,0.1,1220.95,259.46,870.349,76.0,38.57,13.52,1221.09,4337519.37,1781523.36
00:10:15.34,18/01/2026,11:11:08,17_T02,39.121680874,10.189866749,0.1,1220.16,259.96,870.346,76.0,38.57,13.51,1219.82,4337519.38,1781523.42
00:10:16.34,18/01/2026,11:11:09,17_T02,39.121681720,10.189866584,0.1,1219.71,260.56,870.301,76.0,38.57,13.51,1219.82,4337519.37,1781523.51
00:10:17.34,18/01/2026,11:11:10,17_T02,39.121682467,10.189866407,0.1,1219.52,261.13,870.258,76.0,38.57,13.51,1218.62,4337519.35,1781523.60
00:10:18.34,18/01/2026,11:11:11,17_T02,39.121682927,10.189866544,0.1,1219.27,261.60,870.253,76.0,38.57,13.51,1218.62,4337519.36,1781523.65
00:10:19.35,18/01/2026,11:11:12,17_T02,39.121683322,10.189866775,0.1,1218.75,261.95,870.257,76.0,38.57,13.51,1218.11,4337519.38,1781523.69
00:10:20.35,18/01/2026,11:11:13,17_T02,39.121683825,10.189867059,0.1,1218.11,262.41,870.261,76.0,38.57,13.51,1218.11,4337519.41,1781523.75
00:10:21.32,18/01/2026,11:11:14,17_T02,39.121684400,10.189867175,0.1,1217.57,262.96,870.249,76.0,38.57,13.52,1216.94,4337519.42,1781523.81
00:10:22.33,18/01/2026,11:11:15,17_T02,39.121685097,10.189867110,0.1,1217.16,263.58,870.218,76.0,38.57,13.52,1216.94,4337519.41,1781523.89
00:10:23.34,18/01/2026,11:11:16,17_T02,39.121685687,10.189867109,0.1,1216.72,264.13,870.196,76.0,38.57,13.52,1216.00,4337519.41,1781523.95
00:10:24.36,18/01/2026,11:11:17,17_T02,39.121686060,10.189867291,0.1,1216.20,264.65,870.197,76.0,38.57,13.52,1216.00,4337519.43,1781523.99
00:10:25.32,18/01/2026,11:11:18,17_T02,39.121686374,10.189867574,0.1,1215.69,265.16,870.209,76.0,38.57,13.53,1214.99,4337519.45,1781524.03
00:10:26.33,18/01/2026,11:11:19,17_T02,39.121686978,10.189867917,0.1,1215.33,265.62,870.214,76.0,38.57,13.53,1214.99,4337519.48,1781524.10
00:10:27.35,18/01/2026,11:11:20,17_T02,39.121687571,10.189868116,0.1,1215.02,266.12,870.208,76.0,38.57,13.53,1214.17,4337519.50,1781524.16
00:10:28.34,18/01/2026,11:11:21,17_T02,39.121687926,10.189868299,0.1,1214.55,266.55,870.210,76.0,38.57,13.53,1214.17,4337519.52,1781524.20
00:10:29.34,18/01/2026,11:11:22,17_T02,39.121688199,10.189868536,0.1,1213.85,266.98,870.220,76.0,38.56,13.51,1213.27,4337519.54,1781524.23
00:10:30.34,18/01/2026,11:11:23,17_T02,39.121688532,10.189868693,0.1,1213.10,267.44,870.220,76.0,38.56,13.51,1213.27,4337519.55,1781524.27
00:10:31.35,18/01/2026,11:11:24,17_T02,39.121689005,10.189868671,0.1,1212.57,267.91,870.201,76.0,38.57,13.51,1211.82,4337519.55,1781524.32
00:10:32.35,18/01/2026,11:11:25,17_T02,39.121689528,10.189867959,0.1,1212.38,268.42,870.123,76.0,38.57,13.51,1211.82,4337519.49,1781524.38
00:10:33.34,18/01/2026,11:11:26,17_T02,39.121689905,10.189867624,0.1,1212.33,268.87,870.081,76.0,38.57,13.50,1211.29,4337519.46,1781524.42
00:10:34.35,18/01/2026,11:11:27,17_T02,39.121689988,10.189867980,0.1,1211.98,269.24,870.107,76.0,38.57,13.50,1211.29,4337519.49,1781524.43
00:10:35.33,18/01/2026,11:11:28,17_T02,39.121689901,10.189868502,0.0,1211.18,269.57,870.153,76.0,38.57,13.50,1210.60,4337519.53,1781524.42
00:10:36.35,18/01/2026,11:11:29,17_T02,39.121690268,10.189868673,0.0,1210.25,270.13,870.154,76.0,38.57,13.50,1210.60,4337519.55,1781524.46
00:10:37.34,18/01/2026,11:11:30,17_T02,39.121691009,10.189868480,0.0,1209.61,270.74,870.110,76.0,38.57,13.51,1208.87,4337519.53,1781524.54
00:10:38.33,18/01/2026,11:11:31,17_T02,39.121691333,10.189867709,0.0,1209.42,271.40,870.035,76.0,38.57,13.51,1208.87,4337519.46,1781524.58
00:10:39.34,18/01/2026,11:11:32,17_T02,39.121691685,10.189867359,0.0,1209.45,272.01,869.993,76.0,38.56,13.51,1208.36,4337519.43,1781524.61
00:10:40.34,18/01/2026,11:11:33,17_T02,39.121691758,10.189867708,0.0,1209.21,272.44,870.019,76.0,38.56,13.51,1208.36,4337519.46,1781524.62
00:10:41.34,18/01/2026,11:11:34,17_T02,39.121691467,10.189868290,0.0,1208.48,272.74,870.078,76.0,38.57,13.50,1207.80,4337519.51,1781524.59
00:10:42.34,18/01/2026,11:11:35,17_T02,39.121691826,10.189868578,0.0,1207.55,273.25,870.088,76.0,38.57,13.50,1207.80,4337519.54,1781524.63
00:10:43.34,18/01/2026,11:11:36,17_T02,39.121692471,10.189868442,0.0,1206.81,273.82,870.053,76.0,38.57,13.51,1206.06,4337519.53,1781524.70
00:10:44.35,18/01/2026,11:11:37,17_T02,39.121694885,10.189872030,0.0,1206.47,274.48,870.257,76.0,38.57,13.51,1206.06,4337519.84,1781524.97
00:10:45.33,18/01/2026,11:11:38,17_T02,39.121696414,10.189873953,0.1,1206.41,275.02,870.357,76.0,38.56,13.53,1205.34,4337520.01,1781525.14
00:10:46.35,18/01/2026,11:11:39,17_T02,39.121696773,10.189874261,0.1,1206.27,275.52,870.369,76.0,38.56,13.53,1205.34,4337520.03,1781525.18
00:10:47.34,18/01/2026,11:11:40,17_T02,39.121696554,10.189874876,0.1,1205.79,275.81,870.428,76.0,38.57,13.50,1204.93,4337520.09,1781525.15
00:10:48.34,18/01/2026,11:11:41,17_T02,39.121696674,10.189875361,0.1,1205.09,276.17,870.463,76.0,38.57,13.50,1204.93,4337520.13,1781525.17
00:10:49.33,18/01/2026,11:11:42,17_T02,39.121697303,10.189875565,0.1,1204.35,276.75,870.456,76.0,38.57,13.50,1204.93,4337520.15,1781525.24
00:10:50.35,18/01/2026,11:11:43,17_T02,39.121698047,10.189875507,0.1,1203.66,277.37,870.424,76.0,38.57,13.51,1203.55,4337520.14,1781525.32
00:10:51.34,18/01/2026,11:11:44,17_T02,39.121699031,10.189877029,0.1,1203.13,277.90,870.512,76.0,38.57,13.51,1203.55,4337520.27,1781525.43
00:10:52.34,18/01/2026,11:11:45,17_T02,39.121699994,10.189877988,0.1,1202.88,278.51,870.555,76.0,38.58,13.52,1202.21,4337520.36,1781525.53
00:10:53.34,18/01/2026,11:11:46,17_T02,39.121700609,10.189878211,0.1,1202.88,279.07,870.550,76.0,38.58,13.52,1202.21,4337520.38,1781525.60
00:10:54.35,18/01/2026,11:11:47,17_T02,39.121700840,10.189878792,0.1,1202.74,279.55,870.589,76.0,38.57,13.51,1201.79,4337520.43,1781525.63
00:10:55.34,18/01/2026,11:11:48,17_T02,39.121700588,10.189879580,0.1,1202.11,279.89,870.663,76.0,38.57,13.51,1201.79,4337520.49,1781525.60
00:10:56.33,18/01/2026,11:11:49,17_T02,39.121701045,10.189880017,0.1,1201.10,280.50,870.682,76.0,38.57,13.51,1201.22,4337520.53,1781525.65
00:10:57.32,18/01/2026,11:11:50,17_T02,39.121701446,10.189878836,0.1,1200.11,281.20,870.570,76.0,38.57,13.51,1201.22,4337520.43,1781525.69
00:10:58.33,18/01/2026,11:11:51,17_T02,39.121702380,10.189878068,0.1,1199.60,281.95,870.472,76.0,38.57,13.51,1199.24,4337520.36,1781525.80
00:10:59.34,18/01/2026,11:11:52,17_T02,39.121703676,10.189878235,0.1,1199.75,282.88,870.438,76.0,38.57,13.51,1199.24,4337520.38,1781525.94
00:11:00.35,18/01/2026,11:11:53,17_T02,39.121704641,10.189878768,0.1,1200.03,283.66,870.446,76.0,38.57,13.52,1198.65,4337520.42,1781526.05
00:11:01.34,18/01/2026,11:11:54,17_T02,39.121704443,10.189879360,0.1,1199.65,284.24,870.502,76.0,38.57,13.52,1198.65,4337520.47,1781526.02
00:11:02.32,18/01/2026,11:11:55,17_T02,39.121704072,10.189880014,0.1,1198.50,284.57,870.569,76.0,38.57,13.51,1198.65,4337520.53,1781525.98
00:11:03.35,18/01/2026,11:11:56,17_T02,39.121704605,10.189878300,0.1,1197.26,285.32,870.409,76.0,38.57,13.51,1198.65,4337520.38,1781526.04
00:11:04.34,18/01/2026,11:11:57,17_T02,39.121705708,10.189877310,0.1,1196.65,286.23,870.286,76.0,38.57,13.51,1196.37,4337520.30,1781526.16
00:11:05.34,18/01/2026,11:11:58,17_T02,39.121706935,10.189877650,0.1,1196.74,287.09,870.269,76.0,38.57,13.51,1196.37,4337520.32,1781526.30
00:11:06.34,18/01/2026,11:11:59,17_T02,39.121708168,10.189878413,0.1,1197.00,288.19,870.285,76.0,38.57,13.52,1195.65,4337520.39,1781526.44
00:11:07.35,18/01/2026,11:12:00,17_T02,39.121708197,10.189878873,0.1,1196.71,289.03,870.322,76.0,38.57,13.52,1195.65,4337520.43,1781526.44
00:11:08.34,18/01/2026,11:12:01,17_T02,39.121707839,10.189878980,0.1,1195.70,288.92,870.344,76.0,38.57,13.51,1195.64,4337520.44,1781526.40
00:11:09.34,18/01/2026,11:12:02,17_T02,39.121707886,10.189876340,0.1,1194.60,289.11,870.126,76.0,38.57,13.51,1195.64,4337520.21,1781526.40
00:11:10.34,18/01/2026,11:12:03,17_T02,39.121708719,10.189874683,0.2,1193.96,289.71,869.959,76.0,38.57,13.51,1193.59,4337520.07,1781526.50
00:11:11.33,18/01/2026,11:12:04,17_T02,39.121709739,10.189874750,0.2,1193.84,290.37,869.927,76.0,38.57,13.51,1193.59,4337520.07,1781526.61
00:11:12.34,18/01/2026,11:12:05,17_T02,39.121710593,10.189875036,0.1,1193.90,291.07,869.918,76.0,38.57,13.52,1192.77,4337520.10,1781526.70
00:11:13.34,18/01/2026,11:12:06,17_T02,39.121710784,10.189875493,0.1,1193.68,291.74,869.949,76.0,38.57,13.52,1192.77,4337520.14,1781526.72
00:11:14.33,18/01/2026,11:12:07,17_T02,39.121710503,10.189875808,0.1,1193.01,291.97,869.985,76.0,38.57,13.51,1192.54,4337520.16,1781526.69
00:11:15.33,18/01/2026,11:12:08,17_T02,39.121710222,10.189874404,0.1,1192.18,292.33,869.880,76.0,38.57,13.51,1192.54,4337520.04,1781526.66
00:11:16.33,18/01/2026,11:12:09,17_T02,39.121710708,10.189873614,0.2,1191.56,292.92,869.798,76.0,38.57,13.50,1191.08,4337519.97,1781526.71
00:11:17.33,18/01/2026,11:12:10,17_T02,39.121711574,10.189873673,0.2,1191.17,293.55,869.770,76.0,38.57,13.50,1191.08,4337519.98,1781526.81
00:11:18.31,18/01/2026,11:12:11,17_T02,39.121712198,10.189873682,0.2,1190.84,294.00,869.748,76.0,38.57,13.53,1190.07,4337519.98,1781526.88
00:11:19.33,18/01/2026,11:12:12,17_T02,39.121712413,10.189873792,0.2,1190.46,294.37,869.749,76.0,38.57,13.53,1190.07,4337519.99,1781526.90
00:11:20.34,18/01/2026,11:12:13,17_T02,39.121712534,10.189874007,0.2,1190.09,294.76,869.762,76.0,38.57,13.51,1189.34,4337520.01,1781526.92
00:11:21.30,18/01/2026,11:12:14,17_T02,39.121712473,10.189873858,0.1,1189.66,295.23,869.752,76.0,38.57,13.51,1189.34,4337519.99,1781526.91
00:11:22.33,18/01/2026,11:12:15,17_T02,39.121712571,10.189873630,0.1,1189.04,295.79,869.730,76.0,38.57,13.52,1188.49,4337519.97,1781526.92
00:11:23.33,18/01/2026,11:12:16,17_T02,39.121712987,10.189873778,0.1,1188.26,296.42,869.726,76.0,38.57,13.52,1188.49,4337519.99,1781526.97
00:11:24.32,18/01/2026,11:12:17,17_T02,39.121713463,10.189873825,0.1,1187.64,297.01,869.712,76.0,38.57,13.51,1187.05,4337519.99,1781527.02
00:11:25.32,18/01/2026,11:12:18,17_T02,39.121714276,10.189874003,0.1,1187.42,297.68,869.697,76.0,38.57,13.51,1187.05,4337520.01,1781527.11
00:11:26.33,18/01/2026,11:12:19,17_T02,39.121714859,10.189874176,0.1,1187.40,298.26,869.689,76.0,38.57,13.51,1186.34,4337520.02,1781527.17
00:11:27.32,18/01/2026,11:12:20,17_T02,39.121715962,10.189874378,0.1,1187.08,298.64,869.665,76.0,38.57,13.51,1186.34,4337520.04,1781527.29
00:11:28.32,18/01/2026,11:12:21,17_T02,39.121716274,10.189874532,0.1,1186.31,298.93,869.666,76.0,38.58,13.51,1185.82,4337520.05,1781527.33
00:11:29.32,18/01/2026,11:12:22,17_T02,39.121716583,10.189874740,0.1,1185.43,299.50,869.671,76.0,38.58,13.51,1185.82,4337520.07,1781527.36
00:11:30.32,18/01/2026,11:12:23,17_T02,39.121717378,10.189874874,0.1,1184.85,300.21,869.653,76.0,38.57,13.51,1184.16,4337520.08,1781527.45
00:11:31.32,18/01/2026,11:12:24,17_T02,39.121718244,10.189875008,0.1,1184.63,300.87,869.631,76.0,38.57,13.51,1184.16,4337520.09,1781527.55
00:11:32.34,18/01/2026,11:12:25,17_T02,39.121718739,10.189875089,0.1,1184.47,301.45,869.620,76.0,38.57,13.52,1183.53,4337520.10,1781527.60
00:11:33.32,18/01/2026,11:12:26,17_T02,39.121718893,10.189874907,0.1,1183.97,301.86,869.599,76.0,38.57,13.52,1183.53,4337520.08,1781527.62
00:11:34.32,18/01/2026,11:12:27,17_T02,39.121718955,10.189874928,0.1,1183.15,302.36,869.598,76.0,38.57,13.51,1182.61,4337520.09,1781527.63
00:11:35.31,18/01/2026,11:12:28,17_T02,39.121719317,10.189875097,0.1,1182.41,302.93,869.599,76.0,38.57,13.51,1182.61,4337520.10,1781527.67
00:11:36.31,18/01/2026,11:12:29,17_T02,39.121720067,10.189875319,0.1,1182.05,303.56,869.589,76.0,38.58,13.52,1181.16,4337520.12,1781527.75
00:11:37.32,18/01/2026,11:12:30,17_T02,39.121720802,10.189875451,0.1,1181.98,304.19,869.573,76.0,38.58,13.52,1181.16,4337520.13,1781527.83
00:11:38.33,18/01/2026,11:12:31,17_T02,39.121721051,10.189875570,0.1,1181.81,304.69,869.573,76.0,38.57,13.52,1180.86,4337520.14,1781527.86
00:11:39.30,18/01/2026,11:12:32,17_T02,39.121720412,10.189875387,0.1,1181.20,305.03,869.582,76.0,38.57,13.52,1180.86,4337520.12,1781527.79
00:11:40.30,18/01/2026,11:12:33,17_T02,39.121720239,10.189875464,0.1,1180.32,305.64,869.594,76.0,38.57,13.51,1179.74,4337520.13,1781527.77
00:11:41.32,18/01/2026,11:12:34,17_T02,39.121720715,10.189875634,0.1,1179.48,306.36,869.591,76.0,38.57,13.51,1179.74,4337520.15,1781527.82
00:11:42.31,18/01/2026,11:12:35,17_T02,39.121721601,10.189875931,0.1,1178.98,307.17,869.582,76.0,38.58,13.52,1178.13,4337520.17,1781527.92
00:11:43.31,18/01/2026,11:12:36,17_T02,39.121722467,10.189876245,0.1,1178.93,307.98,869.576,76.0,38.58,13.52,1178.13,4337520.20,1781528.01
00:11:44.32,18/01/2026,11:12:37,17_T02,39.121722910,10.189876544,0.1,1178.97,308.57,869.584,76.0,38.57,13.52,1177.88,4337520.22,1781528.06
00:11:45.32,18/01/2026,11:12:38,17_T02,39.121722805,10.189877227,0.1,1178.56,308.87,869.643,76.0,38.57,13.52,1177.88,4337520.28,1781528.05
00:11:46.31,18/01/2026,11:12:39,17_T02,39.121722705,10.189877728,0.1,1177.63,309.30,869.688,76.0,38.58,13.51,1177.02,4337520.33,1781528.04
00:11:47.31,18/01/2026,11:12:40,17_T02,39.121723133,10.189877988,0.1,1176.58,309.90,869.694,76.0,38.58,13.51,1177.02,4337520.35,1781528.09
00:11:48.33,18/01/2026,11:12:41,17_T02,39.121723965,10.189878256,0.1,1175.88,310.52,869.684,76.0,38.58,13.52,1175.07,4337520.37,1781528.18
00:11:49.32,18/01/2026,11:12:42,17_T02,39.121724854,10.189878627,0.0,1175.79,311.11,869.682,76.0,38.58,13.52,1175.07,4337520.41,1781528.28
00:11:50.30,18/01/2026,11:12:43,17_T02,39.121725493,10.189879114,0.1,1176.01,311.61,869.698,76.0,38.57,13.52,1174.85,4337520.45,1781528.35
00:11:51.31,18/01/2026,11:12:44,17_T02,39.121725217,10.189878209,0.1,1175.93,312.15,869.634,76.0,38.57,13.52,1174.85,4337520.37,1781528.32
00:11:52.31,18/01/2026,11:12:45,17_T02,39.121724390,10.189877357,0.1,1175.12,312.24,869.595,76.0,38.57,13.52,1174.85,4337520.30,1781528.23
00:11:53.31,18/01/2026,11:12:46,17_T02,39.121724545,10.189877589,0.1,1173.90,312.56,869.608,76.0,38.58,13.51,1174.37,4337520.32,1781528.24
00:11:54.31,18/01/2026,11:12:47,17_T02,39.121725266,10.189877859,0.1,1172.88,313.20,869.604,76.0,38.58,13.51,1174.37,4337520.34,1781528.32
00:11:55.31,18/01/2026,11:12:48,17_T02,39.121726317,10.189878438,0.1,1172.50,314.01,869.612,76.0,38.58,13.52,1172.11,4337520.39,1781528.44
00:11:56.31,18/01/2026,11:12:49,17_T02,39.121727302,10.189879349,0.1,1172.70,314.79,869.650,76.0,38.58,13.52,1172.11,4337520.47,1781528.55
00:11:57.31,18/01/2026,11:12:50,17_T02,39.121728365,10.189881393,0.1,1172.86,315.75,869.778,76.0,38.57,13.53,1171.56,4337520.65,1781528.66
00:11:58.32,18/01/2026,11:12:51,17_T02,39.121727984,10.189881803,0.1,1172.36,316.10,869.825,76.0,38.57,13.53,1171.56,4337520.68,1781528.62
00:11:59.32,18/01/2026,11:12:52,17_T02,39.121727737,10.189881718,0.1,1171.32,316.12,869.828,76.0,38.58,13.51,1171.46,4337520.67,1781528.60
00:12:00.29,18/01/2026,11:12:53,17_T02,39.121728286,10.189882088,0.1,1170.32,316.44,869.838,76.0,38.58,13.51,1171.46,4337520.71,1781528.66
00:12:01.31,18/01/2026,11:12:54,17_T02,39.121729276,10.189882768,0.1,1169.81,317.11,869.856,76.0,38.58,13.52,1169.48,4337520.76,1781528.77
00:12:02.30,18/01/2026,11:12:55,17_T02,39.121730115,10.189883390,0.1,1169.78,317.73,869.876,76.0,38.58,13.52,1169.48,4337520.82,1781528.86
00:12:03.32,18/01/2026,11:12:56,17_T02,39.121729873,10.189884772,0.1,1169.74,318.12,869.998,76.0,38.57,13.53,1168.72,4337520.94,1781528.83
00:12:04.31,18/01/2026,11:12:57,17_T02,39.121729183,10.189885267,0.1,1169.22,318.31,870.065,76.0,38.57,13.53,1168.72,4337520.98,1781528.76
00:12:05.32,18/01/2026,11:12:58,17_T02,39.121729014,10.189885405,0.1,1168.32,318.46,870.082,76.0,38.58,13.52,1168.26,4337520.99,1781528.74
00:12:06.32,18/01/2026,11:12:59,17_T02,39.121729484,10.189885900,0.1,1167.54,318.97,870.105,76.0,38.58,13.52,1168.26,4337521.04,1781528.79
00:12:07.31,18/01/2026,11:13:00,17_T02,39.121730294,10.189886638,0.1,1167.18,319.67,870.135,76.0,38.58,13.52,1166.59,4337521.10,1781528.88
00:12:08.32,18/01/2026,11:13:01,17_T02,39.121730976,10.189887182,0.1,1167.09,320.29,870.155,76.0,38.58,13.52,1166.59,4337521.15,1781528.95
00:12:09.30,18/01/2026,11:13:02,17_T02,39.121731201,10.189889038,0.1,1166.85,320.77,870.298,76.0,38.57,13.53,1166.05,4337521.31,1781528.98
00:12:10.31,18/01/2026,11:13:03,17_T02,39.121730941,10.189890011,0.1,1166.16,321.16,870.388,76.0,38.57,13.53,1166.05,4337521.39,1781528.95
00:12:11.32,18/01/2026,11:13:04,17_T02,39.121731069,10.189890478,0.1,1165.27,321.76,870.421,76.0,38.58,13.52,1165.15,4337521.43,1781528.97
00:12:12.31,18/01/2026,11:13:05,17_T02,39.121731574,10.189891009,0.1,1164.54,322.39,870.446,76.0,38.58,13.52,1165.15,4337521.48,1781529.02
00:12:13.31,18/01/2026,11:13:06,17_T02,39.121732308,10.189891727,0.1,1164.23,323.05,870.477,76.0,38.58,13.53,1163.53,4337521.54,1781529.10
00:12:14.31,18/01/2026,11:13:07,17_T02,39.121732967,10.189892438,0.1,1164.25,323.73,870.511,76.0,38.58,13.53,1163.53,4337521.60,1781529.18
00:12:15.29,18/01/2026,11:13:08,17_T02,39.121732094,10.189892913,0.1,1164.18,324.38,870.582,76.0,38.58,13.53,1163.19,4337521.65,1781529.08
00:12:16.33,18/01/2026,11:13:09,17_T02,39.121730939,10.189892912,0.1,1163.60,324.80,870.625,76.0,38.58,13.53,1163.19,4337521.65,1781528.95
00:12:17.31,18/01/2026,11:13:10,17_T02,39.121730806,10.189893197,0.1,1162.60,325.19,870.654,76.0,38.58,13.52,1162.52,4337521.67,1781528.94
00:12:18.32,18/01/2026,11:13:11,17_T02,39.121731191,10.189893655,0.1,1161.63,325.65,870.677,76.0,38.58,13.52,1162.52,4337521.71,1781528.98
00:12:19.31,18/01/2026,11:13:12,17_T02,39.121731943,10.189894379,0.1,1161.06,326.31,870.708,76.0,38.58,13.52,1160.53,4337521.77,1781529.06
00:12:20.32,18/01/2026,11:13:13,17_T02,39.121732687,10.189895230,0.1,1161.01,327.10,870.750,76.0,38.58,13.52,1160.53,4337521.85,1781529.14
00:12:21.30,18/01/2026,11:13:14,17_T02,39.121732443,10.189895812,0.1,1161.18,327.79,870.807,76.0,38.57,13.53,1159.97,4337521.90,1781529.12
00:12:22.31,18/01/2026,11:13:15,17_T02,39.121731685,10.189895811,0.1,1160.98,328.30,870.835,76.0,38.57,13.53,1159.97,4337521.90,1781529.03
00:12:23.30,18/01/2026,11:13:16,17_T02,39.121730995,10.189895569,0.1,1160.13,328.44,870.841,76.0,38.58,13.53,1159.81,4337521.88,1781528.96
00:12:24.31,18/01/2026,11:13:17,17_T02,39.121731114,10.189896054,0.1,1159.05,328.88,870.876,76.0,38.58,13.53,1159.81,4337521.92,1781528.97
00:12:25.31,18/01/2026,11:13:18,17_T02,39.121731741,10.189896726,0.1,1158.19,329.54,870.908,76.0,38.58,13.53,1157.86,4337521.98,1781529.04
00:12:26.31,18/01/2026,11:13:19,17_T02,39.121732509,10.189897539,0.1,1157.80,330.25,870.946,76.0,38.58,13.53,1157.86,4337522.05,1781529.13
00:12:27.30,18/01/2026,11:13:20,17_T02,39.121732865,10.189899187,0.1,1157.79,330.90,871.068,76.0,38.57,13.55,1156.74,4337522.19,1781529.17
00:12:28.32,18/01/2026,11:13:21,17_T02,39.121732803,10.189900185,0.1,1157.78,331.50,871.152,76.0,38.57,13.55,1156.74,4337522.28,1781529.16
00:12:29.30,18/01/2026,11:13:22,17_T02,39.121732239,10.189900025,0.1,1157.37,331.76,871.159,76.0,38.58,13.53,1156.64,4337522.27,1781529.10
00:12:30.32,18/01/2026,11:13:23,17_T02,39.121731870,10.189900045,0.1,1156.60,331.96,871.175,76.0,38.58,13.53,1156.64,4337522.27,1781529.06
00:12:31.31,18/01/2026,11:13:24,17_T02,39.121732086,10.189900636,0.1,1155.82,332.43,871.215,76.0,38.58,13.53,1155.34,4337522.32,1781529.08
00:12:32.30,18/01/2026,11:13:25,17_T02,39.121732619,10.189901355,0.1,1155.23,333.04,871.254,76.0,38.58,13.53,1155.34,4337522.38,1781529.14
00:12:33.32,18/01/2026,11:13:26,17_T02,39.121731901,10.189900751,0.1,1154.82,333.60,871.231,76.0,38.59,13.54,1154.06,4337522.33,1781529.06
00:12:34.31,18/01/2026,11:13:27,17_T02,39.121731417,10.189900399,0.1,1154.46,334.05,871.221,76.0,38.59,13.54,1154.06,4337522.30,1781529.01
00:12:35.31,18/01/2026,11:13:28,17_T02,39.121731330,10.189900576,0.1,1154.08,334.42,871.238,76.0,38.58,13.54,1153.29,4337522.31,1781529.00
00:12:36.30,18/01/2026,11:13:29,17_T02,39.121731159,10.189900813,0.1,1153.71,334.79,871.264,76.0,38.58,13.54,1153.29,4337522.33,1781528.98
00:12:37.28,18/01/2026,11:13:30,17_T02,39.121731086,10.189901236,0.1,1153.35,335.24,871.302,76.0,38.58,13.54,1152.55,4337522.37,1781528.97
00:12:38.31,18/01/2026,11:13:31,17_T02,39.121731138,10.189901682,0.1,1152.78,335.75,871.336,76.0,38.58,13.54,1152.55,4337522.41,1781528.98
00:12:39.31,18/01/2026,11:13:32,17_T02,39.121730548,10.189902630,0.1,1151.99,336.29,871.436,76.0,38.58,13.54,1151.43,4337522.49,1781528.91
00:12:40.30,18/01/2026,11:13:33,17_T02,39.121730293,10.189903273,0.1,1151.23,336.78,871.498,76.0,38.58,13.54,1151.43,4337522.55,1781528.88
00:12:41.31,18/01/2026,11:13:34,17_T02,39.121730521,10.189903735,0.1,1150.78,337.33,871.527,76.0,38.58,13.53,1149.96,4337522.59,1781528.91
00:12:42.31,18/01/2026,11:13:35,17_T02,39.121730848,10.189904565,0.1,1150.67,337.85,871.583,76.0,38.58,13.53,1149.96,4337522.66,1781528.94
00:12:43.32,18/01/2026,11:13:36,17_T02,39.121730860,10.189905030,0.1,1150.60,338.31,871.621,76.0,38.58,13.54,1149.61,4337522.70,1781528.95
00:12:44.31,18/01/2026,11:13:37,17_T02,39.121730466,10.189904968,0.1,1150.14,338.56,871.630,76.0,38.58,13.54,1149.61,4337522.70,1781528.90
00:12:45.30,18/01/2026,11:13:38,17_T02,39.121729744,10.189905450,0.1,1149.32,338.78,871.697,76.0,38.58,13.53,1148.71,4337522.74,1781528.82
00:12:46.31,18/01/2026,11:13:39,17_T02,39.121729640,10.189906191,0.1,1148.51,339.27,871.761,76.0,38.58,13.53,1148.71,4337522.80,1781528.81
00:12:47.30,18/01/2026,11:13:40,17_T02,39.121730057,10.189906987,0.1,1147.96,339.88,871.811,76.0,38.58,13.54,1147.15,4337522.87,1781528.86
00:12:48.30,18/01/2026,11:13:41,17_T02,39.121730462,10.189907679,0.1,1147.68,340.44,871.852,76.0,38.58,13.54,1147.15,4337522.93,1781528.90
00:12:49.30,18/01/2026,11:13:42,17_T02,39.121730633,10.189908118,0.1,1147.46,340.88,871.882,76.0,38.58,13.54,1146.53,4337522.97,1781528.92
00:12:50.29,18/01/2026,11:13:43,17_T02,39.121730446,10.189908211,0.1,1147.10,341.21,871.897,76.0,38.58,13.54,1146.53,4337522.98,1781528.90
00:12:51.30,18/01/2026,11:13:44,17_T02,39.121729799,10.189907942,0.1,1146.54,341.51,871.899,76.0,38.58,13.53,1145.74,4337522.95,1781528.83
00:12:52.30,18/01/2026,11:13:45,17_T02,39.121729542,10.189908209,0.1,1145.88,341.99,871.930,76.0,38.58,13.53,1145.74,4337522.98,1781528.80
00:12:53.29,18/01/2026,11:13:46,17_T02,39.121729725,10.189908827,0.1,1145.23,342.57,871.974,76.0,38.58,13.54,1144.41,4337523.03,1781528.82
00:12:54.30,18/01/2026,11:13:47,17_T02,39.121730010,10.189909448,0.1,1144.72,343.08,872.014,76.0,38.58,13.54,1144.41,4337523.09,1781528.85
00:12:55.30,18/01/2026,11:13:48,17_T02,39.121730263,10.189910013,0.1,1144.42,343.59,872.051,76.0,38.58,13.54,1144.41,4337523.13,1781528.88
00:12:56.31,18/01/2026,11:13:49,17_T02,39.121730318,10.189910480,0.1,1144.23,344.11,872.087,76.0,38.58,13.54,1143.46,4337523.18,1781528.89
00:12:57.29,18/01/2026,11:13:50,17_T02,39.121729741,10.189910762,0.1,1143.88,344.45,872.132,76.0,38.58,13.54,1143.46,4337523.20,1781528.82
00:12:58.32,18/01/2026,11:13:51,17_T02,39.121729204,10.189910956,0.1,1143.26,344.80,872.168,76.0,38.58,13.53,1142.94,4337523.22,1781528.76
00:12:59.31,18/01/2026,11:13:52,17_T02,39.121729130,10.189911424,0.1,1142.49,345.33,872.209,76.0,38.58,13.53,1142.94,4337523.26,1781528.76
00:13:00.30,18/01/2026,11:13:53,17_T02,39.121729298,10.189912092,0.1,1141.79,345.91,872.257,76.0,38.58,13.54,1141.66,4337523.32,1781528.77
00:13:01.29,18/01/2026,11:13:54,17_T02,39.121729580,10.189912940,0.1,1141.37,346.55,872.316,76.0,38.58,13.54,1141.66,4337523.39,1781528.81
00:13:02.30,18/01/2026,11:13:55,17_T02,39.121729806,10.189913714,0.1,1141.19,347.28,872.371,76.0,38.58,13.54,1140.39,4337523.46,1781528.83
00:13:03.30,18/01/2026,11:13:56,17_T02,39.121729721,10.189915382,0.1,1141.00,348.00,872.511,76.0,38.58,13.54,1140.39,4337523.60,1781528.82
00:13:04.30,18/01/2026,11:13:57,17_T02,39.121729349,10.189916125,0.1,1140.49,348.67,872.586,76.0,38.58,13.54,1139.99,4337523.67,1781528.78
00:13:05.29,18/01/2026,11:13:58,17_T02,39.121729085,10.189916593,0.1,1139.68,349.46,872.634,76.0,38.58,13.54,1139.99,4337523.71,1781528.75
00:13:06.30,18/01/2026,11:13:59,17_T02,39.121729147,10.189917431,0.1,1138.86,350.37,872.700,76.0,38.58,13.54,1138.78,4337523.78,1781528.76
00:13:07.31,18/01/2026,11:14:00,17_T02,39.121729443,10.189918643,0.1,1138.38,351.28,872.788,76.0,38.58,13.54,1138.78,4337523.89,1781528.79
00:13:08.29,18/01/2026,11:14:01,17_T02,39.121729710,10.189919764,0.1,1138.30,352.22,872.870,76.0,38.59,13.54,1137.38,4337523.98,1781528.82
00:13:09.30,18/01/2026,11:14:02,17_T02,39.121729576,10.189921147,0.1,1138.25,352.98,872.988,76.0,38.59,13.54,1137.38,4337524.10,1781528.81
00:13:10.30,18/01/2026,11:14:03,17_T02,39.121729076,10.189921374,0.1,1137.77,353.49,873.026,76.0,38.58,13.54,1137.19,4337524.12,1781528.75
00:13:11.30,18/01/2026,11:14:04,17_T02,39.121728686,10.189921606,0.1,1136.85,354.16,873.059,76.0,38.58,13.54,1137.19,4337524.14,1781528.71
00:13:12.29,18/01/2026,11:14:05,17_T02,39.121728655,10.189922407,0.1,1135.91,354.94,873.126,76.0,38.59,13.54,1135.87,4337524.21,1781528.71
00:13:13.30,18/01/2026,11:14:06,17_T02,39.121728886,10.189923689,0.1,1135.35,355.85,873.222,76.0,38.59,13.54,1135.87,4337524.32,1781528.73
00:13:14.29,18/01/2026,11:14:07,17_T02,39.121729606,10.189925454,0.1,1135.24,356.69,873.340,76.0,38.59,13.55,1134.31,4337524.48,1781528.81
00:13:15.28,18/01/2026,11:14:08,17_T02,39.121729909,10.189926682,0.1,1135.24,357.45,873.429,76.0,38.59,13.55,1134.31,4337524.59,1781528.85
00:13:16.30,18/01/2026,11:14:09,17_T02,39.121729558,10.189926658,0.1,1134.89,357.92,873.441,76.0,38.58,13.54,1134.15,4337524.58,1781528.81
00:13:17.30,18/01/2026,11:14:10,17_T02,39.121729124,10.189926615,0.1,1134.13,358.40,873.453,76.0,38.58,13.54,1134.15,4337524.58,1781528.76
00:13:18.29,18/01/2026,11:14:11,17_T02,39.121728965,10.189927410,0.1,1133.31,359.09,873.524,76.0,38.58,13.54,1133.06,4337524.65,1781528.74
00:13:19.30,18/01/2026,11:14:12,17_T02,39.121729099,10.189928619,0.1,1132.78,359.84,873.618,76.0,38.58,13.54,1133.06,4337524.75,1781528.76
00:13:20.28,18/01/2026,11:14:13,17_T02,39.121728480,10.189928269,0.1,1132.58,0.58,873.613,76.0,38.59,13.55,1131.70,4337524.72,1781528.69
00:13:21.30,18/01/2026,11:14:14,17_T02,39.121728072,10.189928049,0.1,1132.36,1.21,873.610,76.0,38.59,13.55,1131.70,4337524.70,1781528.64
00:13:22.30,18/01/2026,11:14:15,17_T02,39.121727727,10.189928109,0.1,1131.83,1.66,873.628,76.0,38.58,13.55,1131.24,4337524.71,1781528.60
00:13:23.30,18/01/2026,11:14:16,17_T02,39.121727392,10.189928294,0.1,1131.23,2.12,873.655,76.0,38.58,13.55,1131.24,4337524.73,1781528.57
00:13:24.29,18/01/2026,11:14:17,17_T02,39.121727215,10.189929078,0.1,1130.90,2.70,873.726,76.0,38.58,13.54,1130.13,4337524.79,1781528.55
00:13:25.28,18/01/2026,11:14:18,17_T02,39.121727132,10.189929845,0.1,1130.74,3.25,873.792,76.0,38.58,13.54,1130.13,4337524.86,1781528.54
00:13:26.29,18/01/2026,11:14:19,17_T02,39.121727798,10.189930178,0.1,1130.35,3.75,873.794,76.0,38.58,13.55,1129.62,4337524.89,1781528.61
00:13:27.26,18/01/2026,11:14:20,17_T02,39.121728038,10.189930212,0.1,1129.60,4.18,873.788,76.0,38.58,13.55,1129.62,4337524.89,1781528.64
00:13:28.30,18/01/2026,11:14:21,17_T02,39.121727882,10.189930627,0.1,1128.88,4.69,873.828,76.0,38.58,13.54,1128.38,4337524.93,1781528.62
00:13:29.29,18/01/2026,11:14:22,17_T02,39.121727813,10.189931555,0.1,1128.54,5.32,873.906,76.0,38.58,13.54,1128.38,4337525.01,1781528.61
00:13:30.30,18/01/2026,11:14:23,17_T02,39.121727787,10.189932416,0.1,1128.50,5.91,873.978,76.0,38.58,13.55,1127.45,4337525.08,1781528.61
00:13:31.30,18/01/2026,11:14:24,17_T02,39.121727588,10.189932884,0.1,1128.38,6.40,874.024,76.0,38.58,13.55,1127.45,4337525.13,1781528.59
00:13:32.28,18/01/2026,11:14:25,17_T02,39.121727512,10.189932513,0.1,1127.88,6.74,873.996,76.0,38.58,13.54,1127.20,4337525.09,1781528.58
00:13:33.29,18/01/2026,11:14:26,17_T02,39.121727375,10.189932570,0.1,1127.13,7.18,874.006,76.0,38.58,13.54,1127.20,4337525.10,1781528.57
00:13:34.29,18/01/2026,11:14:27,17_T02,39.121727246,10.189933282,0.1,1126.42,7.73,874.069,76.0,38.59,13.54,1125.85,4337525.16,1781528.55
00:13:35.28,18/01/2026,11:14:28,17_T02,39.121727278,10.189934270,0.1,1125.95,8.36,874.149,76.0,38.59,13.54,1125.85,4337525.25,1781528.56
00:13:36.29,18/01/2026,11:14:29,17_T02,39.121727306,10.189935251,0.1,1125.74,8.98,874.228,76.0,38.59,13.55,1124.77,4337525.33,1781528.56
00:13:37.29,18/01/2026,11:14:30,17_T02,39.121727232,10.189935810,0.1,1125.59,9.49,874.277,76.0,38.59,13.55,1124.77,4337525.38,1781528.55
00:13:38.30,18/01/2026,11:14:31,17_T02,39.121726781,10.189935919,0.1,1125.24,9.80,874.302,76.0,38.58,13.55,1124.40,4337525.39,1781528.50
00:13:39.29,18/01/2026,11:14:32,17_T02,39.121726316,10.189935924,0.1,1124.71,10.04,874.320,76.0,38.58,13.55,1124.40,4337525.39,1781528.45
00:13:40.29,18/01/2026,11:14:33,17_T02,39.121726076,10.189936406,0.1,1124.23,10.42,874.368,76.0,38.59,13.55,1123.46,4337525.43,1781528.42
00:13:41.28,18/01/2026,11:14:34,17_T02,39.121725982,10.189937171,0.1,1123.85,10.86,874.435,76.0,38.59,13.55,1123.46,4337525.50,1781528.41
00:13:42.28,18/01/2026,11:14:35,17_T02,39.121725930,10.189937870,0.1,1123.33,11.26,874.494,76.0,38.59,13.55,1122.57,4337525.56,1781528.41
00:13:43.29,18/01/2026,11:14:36,17_T02,39.121725784,10.189938168,0.1,1122.67,11.67,874.524,76.0,38.59,13.55,1122.57,4337525.59,1781528.39
00:13:44.27,18/01/2026,11:14:37,17_T02,39.121725504,10.189937766,0.1,1122.22,12.14,874.501,76.0,38.59,13.55,1121.36,4337525.55,1781528.36
00:13:45.28,18/01/2026,11:14:38,17_T02,39.121725272,10.189938108,0.1,1122.17,12.78,874.538,76.0,38.59,13.55,1121.36,4337525.58,1781528.34
00:13:46.29,18/01/2026,11:14:39,17_T02,39.121725030,10.189938765,0.1,1122.27,13.31,874.601,76.0,38.59,13.55,1121.14,4337525.64,1781528.31
00:13:47.28,18/01/2026,11:14:40,17_T02,39.121724605,10.189938668,0.0,1121.91,13.70,874.608,76.0,38.59,13.55,1121.14,4337525.63,1781528.26
00:13:48.30,18/01/2026,11:14:41,17_T02,39.121724149,10.189938652,0.0,1120.96,14.20,874.624,76.0,38.59,13.55,1120.37,4337525.63,1781528.21
00:13:49.32,18/01/2026,11:14:42,17_T02,39.121722841,10.189938390,0.1,1119.86,14.85,874.651,76.0,38.59,13.55,1120.37,4337525.61,1781528.07
00:13:50.28,18/01/2026,11:14:43,17_T02,39.121722102,10.189938962,0.1,1119.23,15.55,874.726,76.0,38.59,13.55,1118.35,4337525.66,1781527.99
00:13:51.30,18/01/2026,11:14:44,17_T02,39.121721844,10.189940266,0.1,1119.33,16.20,874.842,76.0,38.59,13.55,1118.35,4337525.77,1781527.96
00:13:52.29,18/01/2026,11:14:45,17_T02,39.121721346,10.189941504,0.1,1119.71,16.95,874.962,76.0,38.58,13.55,1118.45,4337525.88,1781527.90
00:13:53.28,18/01/2026,11:14:46,17_T02,39.121720830,10.189941348,0.1,1119.63,17.65,874.968,76.0,38.58,13.55,1118.45,4337525.86,1781527.85
00:13:54.29,18/01/2026,11:14:47,17_T02,39.121720532,10.189940543,0.1,1118.73,17.68,874.914,76.0,38.59,13.55,1118.03,4337525.79,1781527.81
00:13:55.29,18/01/2026,11:14:48,17_T02,39.121720536,10.189942361,0.1,1117.59,17.89,875.062,76.0,38.59,13.55,1118.03,4337525.95,1781527.81
00:13:56.28,18/01/2026,11:14:49,17_T02,39.121720528,10.189944210,0.2,1116.88,18.30,875.214,76.0,38.59,13.55,1118.03,4337526.11,1781527.81
00:13:57.27,18/01/2026,11:14:50,17_T02,39.121720259,10.189945419,0.1,1116.84,18.84,875.323,76.0,38.59,13.55,1116.00,4337526.22,1781527.78
00:13:58.29,18/01/2026,11:14:51,17_T02,39.121719878,10.189946391,0.1,1117.04,19.28,875.417,76.0,38.59,13.55,1116.00,4337526.30,1781527.74
00:13:59.29,18/01/2026,11:14:52,17_T02,39.121719566,10.189946269,0.1,1116.81,19.51,875.419,76.0,38.59,13.56,1115.88,4337526.29,1781527.71
00:14:00.28,18/01/2026,11:14:53,17_T02,39.121719349,10.189945647,0.1,1116.01,19.16,875.376,76.0,38.59,13.56,1115.88,4337526.24,1781527.68
00:14:01.28,18/01/2026,11:14:54,17_T02,39.121719381,10.189946291,0.1,1115.15,19.02,875.427,76.0,38.59,13.56,1115.17,4337526.29,1781527.69
00:14:02.29,18/01/2026,11:14:55,17_T02,39.121719307,10.189947496,0.1,1114.73,19.23,875.529,76.0,38.59,13.56,1115.17,4337526.40,1781527.68
00:14:03.29,18/01/2026,11:14:56,17_T02,39.121719145,10.189948460,0.1,1114.66,19.53,875.614,76.0,38.60,13.56,1113.70,4337526.48,1781527.66
00:14:04.29,18/01/2026,11:14:57,17_T02,39.121718918,10.189948932,0.1,1114.48,19.82,875.661,76.0,38.60,13.56,1113.70,4337526.52,1781527.64
00:14:05.29,18/01/2026,11:14:58,17_T02,39.121718617,10.189948750,0.1,1113.93,19.96,875.657,76.0,38.59,13.56,1113.43,4337526.51,1781527.60
00:14:06.27,18/01/2026,11:14:59,17_T02,39.121718276,10.189948949,0.1,1113.35,20.18,875.686,76.0,38.59,13.56,1113.43,4337526.53,1781527.57
00:14:07.28,18/01/2026,11:15:00,17_T02,39.121717929,10.189948312,0.1,1113.07,20.55,875.647,76.0,38.59,13.56,1112.38,4337526.47,1781527.53
00:14:08.28,18/01/2026,11:15:01,17_T02,39.121717666,10.189948110,0.1,1112.90,20.89,875.640,76.0,38.59,13.56,1112.38,4337526.45,1781527.50
00:14:09.28,18/01/2026,11:15:02,17_T02,39.121717382,10.189948386,0.1,1112.36,21.14,875.673,76.0,38.59,13.56,1111.85,4337526.48,1781527.47
00:14:10.27,18/01/2026,11:15:03,17_T02,39.121717086,10.189948458,0.1,1111.49,21.43,875.690,76.0,38.59,13.56,1111.85,4337526.48,1781527.43
00:14:11.28,18/01/2026,11:15:04,17_T02,39.121716785,10.189949031,0.1,1110.86,21.89,875.748,76.0,38.59,13.56,1110.52,4337526.53,1781527.40
00:14:12.27,18/01/2026,11:15:05,17_T02,39.121716409,10.189950092,0.1,1110.80,22.50,875.849,76.0,38.59,13.56,1110.52,4337526.63,1781527.36
00:14:13.29,18/01/2026,11:15:06,17_T02,39.121715967,10.189948706,0.1,1110.98,22.90,875.752,76.0,38.58,13.56,1109.72,4337526.50,1781527.31
00:14:14.29,18/01/2026,11:15:07,17_T02,39.121715546,10.189947352,0.1,1110.76,23.05,875.657,76.0,38.58,13.56,1109.72,4337526.39,1781527.26
00:14:15.28,18/01/2026,11:15:08,17_T02,39.121715194,10.189946922,0.1,1109.98,23.14,875.635,76.0,38.59,13.55,1109.67,4337526.35,1781527.23
00:14:16.24,18/01/2026,11:15:09,17_T02,39.121714883,10.189947368,0.1,1109.05,23.55,875.683,76.0,38.59,13.55,1109.67,4337526.39,1781527.19
00:14:17.27,18/01/2026,11:15:10,17_T02,39.121714726,10.189948176,0.1,1108.36,24.00,875.755,76.0,38.59,13.55,1108.01,4337526.46,1781527.17
00:14:18.29,18/01/2026,11:15:11,17_T02,39.121715277,10.189948731,0.1,1108.03,24.55,875.780,76.0,38.59,13.55,1108.01,4337526.51,1781527.24
00:14:19.27,18/01/2026,11:15:12,17_T02,39.121715511,10.189949286,0.1,1108.01,25.04,875.817,76.0,38.58,13.58,1106.94,4337526.56,1781527.26
00:14:20.26,18/01/2026,11:15:13,17_T02,39.121715124,10.189949699,0.1,1108.07,25.53,875.865,76.0,38.58,13.58,1106.94,4337526.59,1781527.22
00:14:21.28,18/01/2026,11:15:14,17_T02,39.121714783,10.189949578,0.1,1107.87,25.93,875.868,76.0,38.59,13.56,1106.95,4337526.58,1781527.18
00:14:22.26,18/01/2026,11:15:15,17_T02,39.121714334,10.189948843,0.1,1107.20,25.91,875.824,76.0,38.59,13.56,1106.95,4337526.52,1781527.13
00:14:23.26,18/01/2026,11:15:16,17_T02,39.121713986,10.189949109,0.1,1106.28,26.03,875.859,76.0,38.59,13.56,1106.03,4337526.54,1781527.09
00:14:24.38,18/01/2026,11:15:17,17_T02,39.121715010,10.189951919,0.1,1105.47,26.35,876.051,76.0,38.59,13.56,1106.03,4337526.78,1781527.21
00:14:25.27,18/01/2026,11:15:18,17_T02,39.121715481,10.189954191,0.1,1105.10,26.82,876.219,76.0,38.59,13.56,1104.33,4337526.98,1781527.26
00:14:26.27,18/01/2026,11:15:19,17_T02,39.121715144,10.189955390,0.1,1105.17,27.37,876.330,76.0,38.59,13.56,1104.33,4337527.09,1781527.22
00:14:27.27,18/01/2026,11:15:20,17_T02,39.121714701,10.189955950,0.1,1105.29,27.79,876.392,76.0,38.59,13.57,1104.11,4337527.14,1781527.17
00:14:28.27,18/01/2026,11:15:21,17_T02,39.121714384,10.189955246,0.1,1104.94,27.92,876.347,76.0,38.59,13.57,1104.11,4337527.07,1781527.14
00:14:29.27,18/01/2026,11:15:22,17_T02,39.121714093,10.189954748,0.1,1104.11,27.96,876.317,76.0,38.59,13.56,1103.70,4337527.03,1781527.11
00:14:30.28,18/01/2026,11:15:23,17_T02,39.121714306,10.189955994,0.1,1103.26,28.34,876.411,76.0,38.59,13.56,1103.70,4337527.14,1781527.13
00:14:31.28,18/01/2026,11:15:24,17_T02,39.121714401,10.189957256,0.1,1102.77,28.77,876.511,76.0,38.59,13.57,1102.05,4337527.25,1781527.14
00:14:32.27,18/01/2026,11:15:25,17_T02,39.121714160,10.189958552,0.2,1102.61,29.16,876.626,76.0,38.59,13.57,1102.05,4337527.36,1781527.11
00:14:33.28,18/01/2026,11:15:26,17_T02,39.121713986,10.189959171,0.1,1102.48,29.52,876.683,76.0,38.58,13.57,1101.48,4337527.42,1781527.10
00:14:34.28,18/01/2026,11:15:27,17_T02,39.121713819,10.189959120,0.1,1102.12,29.71,876.685,76.0,38.58,13.57,1101.48,4337527.41,1781527.08
00:14:35.26,18/01/2026,11:15:28,17_T02,39.121713585,10.189958969,0.1,1101.64,29.80,876.681,76.0,38.59,13.57,1100.90,4337527.40,1781527.05
00:14:36.28,18/01/2026,11:15:29,17_T02,39.121712891,10.189958576,0.1,1101.24,29.97,876.675,76.0,38.59,13.57,1100.90,4337527.36,1781526.97
00:14:37.26,18/01/2026,11:15:30,17_T02,39.121712339,10.189958823,0.1,1100.88,30.20,876.716,76.0,38.59,13.56,1100.03,4337527.39,1781526.91
00:14:38.27,18/01/2026,11:15:31,17_T02,39.121712111,10.189959351,0.1,1100.34,30.40,876.767,76.0,38.59,13.56,1100.03,4337527.43,1781526.89
00:14:39.28,18/01/2026,11:15:32,17_T02,39.121711957,10.189959580,0.1,1099.67,30.64,876.792,76.0,38.59,13.57,1099.02,4337527.45,1781526.87
00:14:40.26,18/01/2026,11:15:33,17_T02,39.121711721,10.189960070,0.1,1099.22,30.94,876.841,76.0,38.59,13.57,1099.02,4337527.49,1781526.85
00:14:41.26,18/01/2026,11:15:34,17_T02,39.121712004,10.189961990,0.1,1099.15,31.37,876.988,76.0,38.59,13.57,1098.09,4337527.66,1781526.88
00:14:42.25,18/01/2026,11:15:35,17_T02,39.121712034,10.189963244,0.1,1099.15,31.72,877.089,76.0,38.59,13.57,1098.09,4337527.77,1781526.88
00:14:43.26,18/01/2026,11:15:36,17_T02,39.121711752,10.189963066,0.1,1098.77,31.92,877.085,76.0,38.59,13.57,1097.93,4337527.76,1781526.85
00:14:44.27,18/01/2026,11:15:37,17_T02,39.121711443,10.189963069,0.1,1098.01,32.27,877.097,76.0,38.59,13.57,1097.93,4337527.76,1781526.82
00:14:45.27,18/01/2026,11:15:38,17_T02,39.121711105,10.189963726,0.1,1097.17,32.84,877.163,76.0,38.59,13.57,1096.51,4337527.81,1781526.78
00:14:46.27,18/01/2026,11:15:39,17_T02,39.121710781,10.189964833,0.1,1096.64,33.46,877.266,76.0,38.59,13.57,1096.51,4337527.91,1781526.74
00:14:47.27,18/01/2026,11:15:40,17_T02,39.121711516,10.189965929,0.1,1096.55,34.10,877.328,76.0,38.59,13.57,1095.46,4337528.00,1781526.82
00:14:48.25,18/01/2026,11:15:41,17_T02,39.121711759,10.189966747,0.1,1096.65,34.63,877.386,76.0,38.59,13.57,1095.46,4337528.08,1781526.85
00:14:49.27,18/01/2026,11:15:42,17_T02,39.121711489,10.189966675,0.1,1096.45,35.10,877.390,76.0,38.59,13.56,1095.48,4337528.07,1781526.82
00:14:50.27,18/01/2026,11:15:43,17_T02,39.121711291,10.189966265,0.1,1095.68,35.31,877.364,76.0,38.59,13.56,1095.48,4337528.03,1781526.80
00:14:51.26,18/01/2026,11:15:44,17_T02,39.121710956,10.189966685,0.1,1094.70,35.68,877.411,76.0,38.59,13.56,1094.04,4337528.07,1781526.76
00:14:52.27,18/01/2026,11:15:45,17_T02,39.121710632,10.189967677,0.1,1094.09,36.10,877.504,76.0,38.59,13.56,1094.04,4337528.16,1781526.73
00:14:53.26,18/01/2026,11:15:46,17_T02,39.121710500,10.189967941,0.1,1094.05,36.63,877.531,76.0,38.59,13.58,1092.93,4337528.18,1781526.71
00:14:54.26,18/01/2026,11:15:47,17_T02,39.121710236,10.189968305,0.1,1094.22,37.15,877.571,76.0,38.59,13.58,1092.93,4337528.21,1781526.68
00:14:55.26,18/01/2026,11:15:48,17_T02,39.121710000,10.189968231,0.1,1094.06,37.53,877.573,76.0,38.59,13.56,1093.05,4337528.21,1781526.66
00:14:56.26,18/01/2026,11:15:49,17_T02,39.121709943,10.189967666,0.1,1093.33,37.60,877.529,76.0,38.59,13.56,1093.05,4337528.16,1781526.65
00:14:57.25,18/01/2026,11:15:50,17_T02,39.121709613,10.189968010,0.1,1092.37,37.87,877.570,76.0,38.59,13.56,1093.05,4337528.19,1781526.61
00:14:58.26,18/01/2026,11:15:51,17_T02,39.121709336,10.189968886,0.1,1091.64,38.34,877.652,76.0,38.59,13.57,1091.61,4337528.26,1781526.58
00:14:59.25,18/01/2026,11:15:52,17_T02,39.121709031,10.189969796,0.1,1091.38,39.02,877.738,76.0,38.59,13.57,1091.61,4337528.34,1781526.55
00:15:00.27,18/01/2026,11:15:53,17_T02,39.121708621,10.189970705,0.1,1091.44,39.71,877.827,76.0,38.60,13.57,1090.30,4337528.42,1781526.51
00:15:01.27,18/01/2026,11:15:54,17_T02,39.121708274,10.189971026,0.1,1091.43,40.35,877.866,76.0,38.60,13.57,1090.30,4337528.45,1781526.47
00:15:02.27,18/01/2026,11:15:55,17_T02,39.121707993,10.189970563,0.1,1091.03,40.74,877.839,76.0,38.59,13.57,1090.33,4337528.41,1781526.44
00:15:03.25,18/01/2026,11:15:56,17_T02,39.121707704,10.189970502,0.1,1090.29,41.09,877.845,76.0,38.59,13.57,1090.33,4337528.40,1781526.40
00:15:04.25,18/01/2026,11:15:57,17_T02,39.121707395,10.189970370,0.1,1089.50,41.61,877.845,76.0,38.60,13.57,1089.38,4337528.39,1781526.37
00:15:05.27,18/01/2026,11:15:58,17_T02,39.121706995,10.189970884,0.1,1088.96,42.25,877.902,76.0,38.60,13.57,1089.38,4337528.44,1781526.33
00:15:06.27,18/01/2026,11:15:59,17_T02,39.121706491,10.189971948,0.1,1088.82,42.95,878.008,76.0,38.60,13.58,1087.94,4337528.53,1781526.27
00:15:07.27,18/01/2026,11:16:00,17_T02,39.121706078,10.189972585,0.1,1088.83,43.60,878.076,76.0,38.60,13.58,1087.94,4337528.58,1781526.23
00:15:08.26,18/01/2026,11:16:01,17_T02,39.121705810,10.189972423,0.1,1088.54,44.09,878.073,76.0,38.59,13.58,1087.70,4337528.57,1781526.20
00:15:09.25,18/01/2026,11:16:02,17_T02,39.121705609,10.189971970,0.1,1087.83,44.47,878.043,76.0,38.59,13.58,1087.70,4337528.53,1781526.17
00:15:10.26,18/01/2026,11:16:03,17_T02,39.121705300,10.189971477,0.1,1087.08,45.17,878.014,76.0,38.60,13.57,1086.84,4337528.49,1781526.14
00:15:11.26,18/01/2026,11:16:04,17_T02,39.121704881,10.189971735,0.1,1086.67,46.03,878.051,76.0,38.60,13.57,1086.84,4337528.51,1781526.09
00:15:12.26,18/01/2026,11:16:05,17_T02,39.121704182,10.189972874,0.1,1086.58,46.94,878.170,76.0,38.60,13.58,1085.58,4337528.61,1781526.02
00:15:13.26,18/01/2026,11:16:06,17_T02,39.121703692,10.189973363,0.1,1086.41,47.79,878.228,76.0,38.60,13.58,1085.58,4337528.65,1781525.96
00:15:14.25,18/01/2026,11:16:07,17_T02,39.121703438,10.189973162,0.1,1085.88,48.45,878.221,76.0,38.59,13.58,1085.28,4337528.64,1781525.93
00:15:15.26,18/01/2026,11:16:08,17_T02,39.121703047,10.189973205,0.1,1085.21,49.15,878.239,76.0,38.59,13.58,1085.28,4337528.64,1781525.89
00:15:16.26,18/01/2026,11:16:09,17_T02,39.121702260,10.189972277,0.1,1084.77,49.96,878.193,76.0,38.59,13.58,1084.14,4337528.56,1781525.80
00:15:17.25,18/01/2026,11:16:10,17_T02,39.121701466,10.189971976,0.1,1084.56,50.78,878.198,76.0,38.59,13.58,1084.14,4337528.53,1781525.72
00:15:18.26,18/01/2026,11:16:11,17_T02,39.121701023,10.189972403,0.1,1084.30,51.51,878.249,76.0,38.60,13.58,1083.43,4337528.57,1781525.67
00:15:19.26,18/01/2026,11:16:12,17_T02,39.121700768,10.189972332,0.1,1083.74,52.08,878.253,76.0,38.60,13.58,1083.43,4337528.56,1781525.64
00:15:20.25,18/01/2026,11:16:13,17_T02,39.121700395,10.189972346,0.1,1083.09,52.72,878.268,76.0,38.59,13.58,1082.58,4337528.57,1781525.60
00:15:21.27,18/01/2026,11:16:14,17_T02,39.121699652,10.189971980,0.1,1082.71,53.56,878.265,76.0,38.59,13.58,1082.58,4337528.53,1781525.52
00:15:22.25,18/01/2026,11:16:15,17_T02,39.121698978,10.189972044,0.1,1082.62,54.36,878.296,76.0,38.60,13.58,1081.58,4337528.54,1781525.44
00:15:23.25,18/01/2026,11:16:16,17_T02,39.121698481,10.189972291,0.1,1082.43,55.08,878.334,76.0,38.60,13.58,1081.58,4337528.56,1781525.39
00:15:24.24,18/01/2026,11:16:17,17_T02,39.121698254,10.189971982,0.1,1081.80,55.71,878.318,76.0,38.59,13.57,1081.23,4337528.53,1781525.36
00:15:25.26,18/01/2026,11:16:18,17_T02,39.121697877,10.189971941,0.1,1081.00,56.40,878.328,76.0,38.59,13.57,1081.23,4337528.53,1781525.32
00:15:26.26,18/01/2026,11:16:19,17_T02,39.121697228,10.189972459,0.1,1080.46,57.18,878.395,76.0,38.59,13.58,1079.81,4337528.58,1781525.25
00:15:27.26,18/01/2026,11:16:20,17_T02,39.121695813,10.189971218,0.1,1080.36,58.07,878.346,76.0,38.59,13.58,1079.81,4337528.47,1781525.09
00:15:28.26,18/01/2026,11:16:21,17_T02,39.121694718,10.189970364,0.1,1080.45,58.77,878.317,76.0,38.59,13.58,1079.23,4337528.39,1781524.97
00:15:29.26,18/01/2026,11:16:22,17_T02,39.121694446,10.189970002,0.1,1080.21,59.31,878.297,76.0,38.59,13.58,1079.23,4337528.36,1781524.94
00:15:30.25,18/01/2026,11:16:23,17_T02,39.121694332,10.189969410,0.1,1079.42,59.76,878.253,76.0,38.59,13.57,1078.96,4337528.31,1781524.93
00:15:31.25,18/01/2026,11:16:24,17_T02,39.121693909,10.189969439,0.1,1078.48,60.52,878.271,76.0,38.59,13.57,1078.96,4337528.31,1781524.88
00:15:32.26,18/01/2026,11:16:25,17_T02,39.121692413,10.189969011,0.1,1077.90,61.44,878.292,76.0,38.59,13.58,1077.20,4337528.28,1781524.72
00:15:33.27,18/01/2026,11:16:26,17_T02,39.121691159,10.189968977,0.2,1077.84,62.36,878.336,76.0,38.59,13.58,1077.20,4337528.27,1781524.58
00:15:34.26,18/01/2026,11:16:27,17_T02,39.121690410,10.189969288,0.2,1077.93,63.21,878.389,76.0,38.59,13.59,1076.74,4337528.30,1781524.50
00:15:35.25,18/01/2026,11:16:28,17_T02,39.121690077,10.189968903,0.1,1077.70,63.99,878.370,76.0,38.59,13.59,1076.74,4337528.27,1781524.46
00:15:36.24,18/01/2026,11:16:29,17_T02,39.121690015,10.189968215,0.1,1077.07,64.46,878.316,76.0,38.59,13.57,1076.41,4337528.21,1781524.45
00:15:37.24,18/01/2026,11:16:30,17_T02,39.121689511,10.189968127,0.2,1076.35,64.95,878.327,76.0,38.59,13.57,1076.41,4337528.20,1781524.40
00:15:38.25,18/01/2026,11:16:31,17_T02,39.121688453,10.189967752,0.1,1075.73,65.50,878.336,76.0,38.59,13.57,1075.01,4337528.17,1781524.28
00:15:39.24,18/01/2026,11:16:32,17_T02,39.121687620,10.189967786,0.1,1075.29,66.07,878.370,76.0,38.59,13.57,1075.01,4337528.17,1781524.19
00:15:40.24,18/01/2026,11:16:33,17_T02,39.121686949,10.189968150,0.1,1075.10,66.67,878.424,76.0,38.60,13.60,1074.04,4337528.20,1781524.11
00:15:41.25,18/01/2026,11:16:34,17_T02,39.121686357,10.189968271,0.1,1075.11,67.27,878.456,76.0,38.60,13.60,1074.04,4337528.21,1781524.05
00:15:42.24,18/01/2026,11:16:35,17_T02,39.121685939,10.189967826,0.1,1075.00,67.89,878.436,76.0,38.59,13.58,1073.95,4337528.18,1781524.00
00:15:43.26,18/01/2026,11:16:36,17_T02,39.121685845,10.189966915,0.1,1074.37,68.35,878.364,76.0,38.59,13.58,1073.95,4337528.10,1781523.99
00:15:44.24,18/01/2026,11:16:37,17_T02,39.121685103,10.189966662,0.1,1073.39,69.08,878.371,76.0,38.60,13.58,1072.84,4337528.07,1781523.91
00:15:45.25,18/01/2026,11:16:38,17_T02,39.121684204,10.189966944,0.1,1072.58,69.94,878.428,76.0,38.60,13.58,1072.84,4337528.10,1781523.81
00:15:46.26,18/01/2026,11:16:39,17_T02,39.121683165,10.189967390,0.1,1072.39,70.87,878.503,76.0,38.60,13.59,1071.29,4337528.14,1781523.70
00:15:47.25,18/01/2026,11:16:40,17_T02,39.121681962,10.189967754,0.1,1072.68,71.81,878.578,76.0,38.60,13.59,1071.29,4337528.17,1781523.56
00:15:48.25,18/01/2026,11:16:41,17_T02,39.121681252,10.189967370,0.1,1072.74,72.82,878.573,76.0,38.59,13.58,1071.59,4337528.14,1781523.48
00:15:49.26,18/01/2026,11:16:42,17_T02,39.121680823,10.189965591,0.1,1072.02,73.11,878.443,76.0,38.59,13.58,1071.59,4337527.98,1781523.44
00:15:50.24,18/01/2026,11:16:43,17_T02,39.121679990,10.189964779,0.1,1070.90,73.56,878.407,76.0,38.60,13.58,1070.29,4337527.91,1781523.35
00:15:51.25,18/01/2026,11:16:44,17_T02,39.121679131,10.189965048,0.1,1070.08,74.22,878.461,76.0,38.60,13.58,1070.29,4337527.94,1781523.25
00:15:52.23,18/01/2026,11:16:45,17_T02,39.121678047,10.189965345,0.1,1069.90,75.15,878.526,76.0,38.60,13.60,1068.81,4337527.96,1781523.13
00:15:53.25,18/01/2026,11:16:46,17_T02,39.121676852,10.189965483,0.1,1070.11,76.17,878.582,76.0,38.60,13.60,1068.81,4337527.97,1781523.00
00:15:54.25,18/01/2026,11:16:47,17_T02,39.121676053,10.189965160,0.1,1070.18,77.27,878.585,76.0,38.59,13.58,1069.03,4337527.95,1781522.91
00:15:55.24,18/01/2026,11:16:48,17_T02,39.121675704,10.189963469,0.1,1069.71,77.77,878.460,76.0,38.59,13.58,1069.03,4337527.80,1781522.87
00:15:56.25,18/01/2026,11:16:49,17_T02,39.121675249,10.189962393,0.2,1068.83,78.02,878.388,76.0,38.60,13.58,1068.06,4337527.71,1781522.82
00:15:57.25,18/01/2026,11:16:50,17_T02,39.121674611,10.189962236,0.2,1067.95,78.39,878.399,76.0,38.60,13.58,1068.06,4337527.69,1781522.75
00:15:58.23,18/01/2026,11:16:51,17_T02,39.121673682,10.189962380,0.1,1067.41,79.00,878.446,76.0,38.60,13.58,1068.06,4337527.71,1781522.65
00:15:59.25,18/01/2026,11:16:52,17_T02,39.121672722,10.189962492,0.1,1067.34,79.67,878.491,76.0,38.60,13.59,1066.41,4337527.72,1781522.54
00:16:00.24,18/01/2026,11:16:53,17_T02,39.121672470,10.189962921,0.1,1067.46,80.25,878.535,76.0,38.60,13.59,1066.41,4337527.75,1781522.51
00:16:01.25,18/01/2026,11:16:54,17_T02,39.121672541,10.189962726,0.1,1067.30,80.85,878.516,76.0,38.59,13.59,1066.29,4337527.74,1781522.52
00:16:02.39,18/01/2026,11:16:55,17_T02,39.121672702,10.189961499,0.1,1066.65,81.17,878.410,76.0,38.59,13.59,1066.29,4337527.63,1781522.54
00:16:03.25,18/01/2026,11:16:56,17_T02,39.121672218,10.189961018,0.1,1065.79,81.59,878.389,76.0,38.60,13.58,1065.73,4337527.59,1781522.49
00:16:04.25,18/01/2026,11:16:57,17_T02,39.121671454,10.189960959,0.1,1065.06,82.21,878.412,76.0,38.60,13.58,1065.73,4337527.58,1781522.40
00:16:05.25,18/01/2026,11:16:58,17_T02,39.121670436,10.189961019,0.1,1064.66,82.94,878.455,76.0,38.60,13.59,1064.09,4337527.59,1781522.29
00:16:06.25,18/01/2026,11:16:59,17_T02,39.121669473,10.189962654,0.1,1064.61,83.72,878.625,76.0,38.60,13.59,1064.09,4337527.73,1781522.18
00:16:07.25,18/01/2026,11:17:00,17_T02,39.121668769,10.189963273,0.1,1064.68,84.40,878.702,76.0,38.59,13.60,1063.46,4337527.78,1781522.11
00:16:08.25,18/01/2026,11:17:01,17_T02,39.121668601,10.189962397,0.1,1064.46,85.00,878.636,76.0,38.59,13.60,1063.46,4337527.71,1781522.09
00:16:09.27,18/01/2026,11:17:02,17_T02,39.121668597,10.189961417,0.1,1063.78,85.50,878.556,76.0,38.59,13.58,1063.36,4337527.62,1781522.09
00:16:10.25,18/01/2026,11:17:03,17_T02,39.121667925,10.189960897,0.1,1062.88,86.23,878.538,76.0,38.59,13.58,1063.36,4337527.58,1781522.01
00:16:11.24,18/01/2026,11:17:04,17_T02,39.121667220,10.189960795,0.1,1062.15,86.99,878.556,76.0,38.60,13.58,1061.88,4337527.57,1781521.94
00:16:12.24,18/01/2026,11:17:05,17_T02,39.121666355,10.189962411,0.2,1061.89,87.89,878.721,76.0,38.60,13.58,1061.88,4337527.71,1781521.84
00:16:13.25,18/01/2026,11:17:06,17_T02,39.121665487,10.189963216,0.2,1062.03,88.81,878.819,76.0,38.60,13.60,1060.77,4337527.78,1781521.74
00:16:14.24,18/01/2026,11:17:07,17_T02,39.121664767,10.189962616,0.2,1062.06,89.78,878.797,76.0,38.60,13.60,1060.77,4337527.73,1781521.66
00:16:15.25,18/01/2026,11:17:08,17_T02,39.121664956,10.189961631,0.1,1061.57,90.38,878.709,76.0,38.60,13.58,1060.90,4337527.64,1781521.69
00:16:16.24,18/01/2026,11:17:09,17_T02,39.121664693,10.189960920,0.1,1060.75,90.96,878.661,76.0,38.60,13.58,1060.90,4337527.58,1781521.66
00:16:17.25,18/01/2026,11:17:10,17_T02,39.121663563,10.189959879,0.1,1060.01,91.67,878.617,76.0,38.60,13.59,1059.68,4337527.49,1781521.53
00:16:18.24,18/01/2026,11:17:11,17_T02,39.121662311,10.189959287,0.2,1059.50,92.36,878.616,76.0,38.60,13.59,1059.68,4337527.44,1781521.39
00:16:19.25,18/01/2026,11:17:12,17_T02,39.121661530,10.189959225,0.2,1059.14,92.99,878.640,76.0,38.61,13.60,1058.37,4337527.43,1781521.31
00:16:20.25,18/01/2026,11:17:13,17_T02,39.121660807,10.189958982,0.1,1058.96,93.59,878.647,76.0,38.61,13.60,1058.37,4337527.41,1781521.23
00:16:21.24,18/01/2026,11:17:14,17_T02,39.121660237,10.189958606,0.1,1058.99,94.34,878.637,76.0,38.59,13.60,1057.84,4337527.38,1781521.16
00:16:22.24,18/01/2026,11:17:15,17_T02,39.121659627,10.189957705,0.1,1058.96,95.15,878.586,76.0,38.59,13.60,1057.84,4337527.30,1781521.10
00:16:23.24,18/01/2026,11:17:16,17_T02,39.121659997,10.189957527,0.1,1058.46,95.75,878.558,76.0,38.60,13.58,1057.78,4337527.29,1781521.14
00:16:24.24,18/01/2026,11:17:17,17_T02,39.121659800,10.189957307,0.1,1057.48,96.51,878.547,76.0,38.60,13.58,1057.78,4337527.27,1781521.12
00:16:25.23,18/01/2026,11:17:18,17_T02,39.121659023,10.189957053,0.1,1056.46,97.33,878.555,76.0,38.60,13.59,1056.26,4337527.25,1781521.03
00:16:26.23,18/01/2026,11:17:19,17_T02,39.121657959,10.189956892,0.1,1055.93,98.13,878.581,76.0,38.60,13.59,1056.26,4337527.23,1781520.91
00:16:27.24,18/01/2026,11:17:20,17_T02,39.121656596,10.189956508,0.1,1056.10,99.03,878.601,76.0,38.60,13.59,1054.84,4337527.20,1781520.76
00:16:28.24,18/01/2026,11:17:21,17_T02,39.121655265,10.189955724,0.1,1056.53,100.11,878.586,76.0,38.60,13.59,1054.84,4337527.13,1781520.61
00:16:29.25,18/01/2026,11:17:22,17_T02,39.121655263,10.189954508,0.1,1056.45,101.09,878.486,76.0,38.60,13.59,1055.39,4337527.02,1781520.61
00:16:30.25,18/01/2026,11:17:23,17_T02,39.121656002,10.189953720,0.2,1055.48,101.11,878.394,76.0,38.60,13.59,1055.39,4337526.96,1781520.70
00:16:31.24,18/01/2026,11:17:24,17_T02,39.121655363,10.189953326,0.2,1054.17,101.61,878.386,76.0,38.60,13.59,1054.10,4337526.92,1781520.63
00:16:32.24,18/01/2026,11:17:25,17_T02,39.121654163,10.189953102,0.1,1053.33,102.48,878.412,76.0,38.60,13.59,1054.10,4337526.90,1781520.49
00:16:33.24,18/01/2026,11:17:26,17_T02,39.121652828,10.189952536,0.1,1053.27,103.51,878.416,76.0,38.60,13.60,1052.18,4337526.85,1781520.35
00:16:34.23,18/01/2026,11:17:27,17_T02,39.121651574,10.189951425,0.2,1053.65,104.81,878.371,76.0,38.60,13.60,1052.18,4337526.76,1781520.21
00:16:35.23,18/01/2026,11:17:28,17_T02,39.121651042,10.189950279,0.1,1053.86,106.25,878.297,76.0,38.60,13.59,1052.60,4337526.66,1781520.15
00:16:36.24,18/01/2026,11:17:29,17_T02,39.121651662,10.189949631,0.2,1053.26,106.87,878.221,76.0,38.60,13.59,1052.60,4337526.60,1781520.22
00:16:37.24,18/01/2026,11:17:30,17_T02,39.121651483,10.189949153,0.1,1052.13,107.17,878.189,76.0,38.60,13.59,1051.82,4337526.56,1781520.20
00:16:38.24,18/01/2026,11:17:31,17_T02,39.121650548,10.189948812,0.1,1051.19,107.67,878.195,76.0,38.60,13.59,1051.82,4337526.53,1781520.09
00:16:39.24,18/01/2026,11:17:32,17_T02,39.121649356,10.189948329,0.1,1050.85,108.50,878.200,76.0,38.61,13.59,1049.92,4337526.49,1781519.96
00:16:40.24,18/01/2026,11:17:33,17_T02,39.121648094,10.189949413,0.1,1050.93,109.37,878.336,76.0,38.61,13.59,1049.92,4337526.58,1781519.82
00:16:41.24,18/01/2026,11:17:34,17_T02,39.121647484,10.189949958,0.2,1050.95,110.08,878.403,76.0,38.60,13.59,1049.83,4337526.63,1781519.76
00:16:42.38,18/01/2026,11:17:35,17_T02,39.121647663,10.189949099,0.1,1050.59,110.51,878.326,76.0,38.60,13.59,1049.83,4337526.56,1781519.77
00:16:43.24,18/01/2026,11:17:36,17_T02,39.121647768,10.189948533,0.1,1049.97,110.68,878.276,76.0,38.60,13.59,1049.27,4337526.51,1781519.79
00:16:44.23,18/01/2026,11:17:37,17_T02,39.121647245,10.189948029,0.1,1049.34,111.06,878.254,76.0,38.60,13.59,1049.27,4337526.46,1781519.73
00:16:45.25,18/01/2026,11:17:38,17_T02,39.121646540,10.189948408,0.1,1048.89,111.48,878.311,76.0,38.60,13.59,1048.04,4337526.50,1781519.65
00:16:46.23,18/01/2026,11:17:39,17_T02,39.121645911,10.189948540,0.1,1048.58,111.89,878.346,76.0,38.60,13.59,1048.04,4337526.51,1781519.58
00:16:47.24,18/01/2026,11:17:40,17_T02,39.121645605,10.189948233,0.1,1048.24,112.19,878.332,76.0,38.60,13.60,1047.33,4337526.48,1781519.55
00:16:48.24,18/01/2026,11:17:41,17_T02,39.121645725,10.189947867,0.1,1047.80,112.38,878.298,76.0,38.60,13.60,1047.33,4337526.45,1781519.56
00:16:49.24,18/01/2026,11:17:42,17_T02,39.121645766,10.189947434,0.1,1047.40,112.58,878.260,76.0,38.60,13.60,1046.50,4337526.41,1781519.56
00:16:50.24,18/01/2026,11:17:43,17_T02,39.121645552,10.189946939,0.1,1047.11,112.82,878.228,76.0,38.60,13.60,1046.50,4337526.37,1781519.54
00:16:51.24,18/01/2026,11:17:44,17_T02,39.121645876,10.189948249,0.1,1046.75,113.15,878.323,76.0,38.60,13.60,1045.85,4337526.48,1781519.58
00:16:52.24,18/01/2026,11:17:45,17_T02,39.121646146,10.189948980,0.1,1046.21,113.51,878.373,76.0,38.60,13.60,1045.85,4337526.55,1781519.61
00:16:53.24,18/01/2026,11:17:46,17_T02,39.121645997,10.189948628,0.1,1045.65,114.02,878.350,76.0,38.60,13.60,1044.80,4337526.52,1781519.59
00:16:54.25,18/01/2026,11:17:47,17_T02,39.121645716,10.189948288,0.1,1045.24,114.55,878.332,76.0,38.60,13.60,1044.80,4337526.49,1781519.56
00:16:55.24,18/01/2026,11:17:48,17_T02,39.121645317,10.189947895,0.1,1044.98,115.08,878.315,76.0,38.60,13.60,1043.97,4337526.45,1781519.52
00:16:56.38,18/01/2026,11:17:49,17_T02,39.121644772,10.189947829,0.1,1044.70,115.58,878.330,76.0,38.60,13.60,1043.97,4337526.45,1781519.46
00:16:57.23,18/01/2026,11:17:50,17_T02,39.121644625,10.189947631,0.1,1044.29,116.02,878.319,76.0,38.60,13.60,1043.97,4337526.43,1781519.44
00:16:58.23,18/01/2026,11:17:51,17_T02,39.121644605,10.189947239,0.1,1043.82,116.48,878.288,76.0,38.60,13.60,1043.36,4337526.40,1781519.44
00:16:59.23,18/01/2026,11:17:52,17_T02,39.121644479,10.189946903,0.1,1043.39,116.93,878.265,76.0,38.60,13.60,1043.36,4337526.37,1781519.42
00:17:00.23,18/01/2026,11:17:53,17_T02,39.121644239,10.189946637,0.1,1043.01,117.45,878.252,76.0,38.60,13.60,1042.44,4337526.34,1781519.40
00:17:01.23,18/01/2026,11:17:54,17_T02,39.121644027,10.189946447,0.1,1042.63,117.98,878.244,76.0,38.60,13.60,1042.44,4337526.33,1781519.37
00:17:02.23,18/01/2026,11:17:55,17_T02,39.121643417,10.189946806,0.1,1042.21,118.48,878.297,76.0,38.60,13.60,1041.66,4337526.36,1781519.31
00:17:03.28,18/01/2026,11:17:56,17_T02,39.121643157,10.189946927,0.1,1041.70,118.98,878.316,76.0,38.60,13.60,1041.66,4337526.37,1781519.28
00:17:04.37,18/01/2026,11:17:57,17_T02,39.121643133,10.189946647,0.1,1041.20,119.50,878.294,76.0,38.60,13.60,1040.76,4337526.34,1781519.27
00:17:05.24,18/01/2026,11:17:58,17_T02,39.121642896,10.189946327,0.1,1040.89,120.13,878.277,76.0,38.60,13.60,1040.76,4337526.32,1781519.25
00:17:06.23,18/01/2026,11:17:59,17_T02,39.121642495,10.189945969,0.1,1040.81,120.82,878.262,76.0,38.60,13.60,1039.86,4337526.29,1781519.20
00:17:07.38,18/01/2026,11:18:00,17_T02,39.121641615,10.189944649,0.1,1040.68,121.42,878.187,76.0,38.60,13.60,1039.86,4337526.17,1781519.11
00:17:08.24,18/01/2026,11:18:01,17_T02,39.121641536,10.189943905,0.0,1040.13,121.84,878.129,76.0,38.59,13.60,1039.62,4337526.11,1781519.10
00:17:09.39,18/01/2026,11:18:02,17_T02,39.121641714,10.189943639,0.1,1039.24,122.43,878.101,76.0,38.59,13.60,1039.62,4337526.08,1781519.12
00:17:10.23,18/01/2026,11:18:03,17_T02,39.121641572,10.189943424,0.1,1038.45,123.00,878.088,76.0,38.60,13.60,1038.31,4337526.06,1781519.10
00:17:11.24,18/01/2026,11:18:04,17_T02,39.121641067,10.189943077,0.1,1038.16,123.68,878.079,76.0,38.60,13.60,1038.31,4337526.03,1781519.05
00:17:12.37,18/01/2026,11:18:05,17_T02,39.121640317,10.189942445,0.1,1038.36,124.35,878.055,76.0,38.60,13.59,1037.11,4337525.98,1781518.96
00:17:13.38,18/01/2026,11:18:06,17_T02,39.121639684,10.189941241,0.1,1038.53,125.02,877.980,76.0,38.60,13.59,1037.11,4337525.87,1781518.89
00:17:14.23,18/01/2026,11:18:07,17_T02,39.121639985,10.189940582,0.1,1038.04,125.36,877.914,76.0,38.60,13.59,1037.44,4337525.82,1781518.93
00:17:15.39,18/01/2026,11:18:08,17_T02,39.121640253,10.189940318,0.1,1036.94,125.74,877.883,76.0,38.60,13.59,1037.44,4337525.79,1781518.96
00:17:16.24,18/01/2026,11:18:09,17_T02,39.121639929,10.189940001,0.1,1035.90,126.36,877.869,76.0,38.60,13.59,1035.92,4337525.77,1781518.92
00:17:17.23,18/01/2026,11:18:10,17_T02,39.121639114,10.189939338,0.1,1035.48,127.18,877.845,76.0,38.60,13.59,1035.92,4337525.71,1781518.83
00:17:18.38,18/01/2026,11:18:11,17_T02,39.121639288,10.189939256,0.1,1035.64,127.85,877.832,76.0,38.60,13.61,1034.45,4337525.70,1781518.85
00:17:19.23,18/01/2026,11:18:12,17_T02,39.121639543,10.189939017,0.1,1035.81,128.56,877.803,76.0,38.60,13.61,1034.45,4337525.68,1781518.88
00:17:20.23,18/01/2026,11:18:13,17_T02,39.121639886,10.189938814,0.1,1035.49,129.14,877.773,76.0,38.60,13.59,1034.71,4337525.66,1781518.91
00:17:21.23,18/01/2026,11:18:14,17_T02,39.121640180,10.189938715,0.1,1034.78,129.59,877.754,76.0,38.60,13.59,1034.71,4337525.65,1781518.95
00:17:22.38,18/01/2026,11:18:15,17_T02,39.121639889,10.189938189,0.1,1034.06,130.13,877.722,76.0,38.60,13.59,1033.72,4337525.61,1781518.91
00:17:23.23,18/01/2026,11:18:16,17_T02,39.121639599,10.189937843,0.1,1033.53,130.73,877.705,76.0,38.60,13.59,1033.72,4337525.58,1781518.88
00:17:24.23,18/01/2026,11:18:17,17_T02,39.121639226,10.189937500,0.1,1033.13,131.29,877.690,76.0,38.60,13.59,1032.45,4337525.55,1781518.84
00:17:25.25,18/01/2026,11:18:18,17_T02,39.121638927,10.189937251,0.1,1032.80,131.67,877.681,76.0,38.60,13.59,1032.45,4337525.53,1781518.81
00:17:26.38,18/01/2026,11:18:19,17_T02,39.121638784,10.189936985,0.1,1032.60,131.97,877.665,76.0,38.59,13.62,1031.70,4337525.50,1781518.79
00:17:27.22,18/01/2026,11:18:20,17_T02,39.121638735,10.189936677,0.1,1032.56,132.17,877.641,76.0,38.59,13.62,1031.70,4337525.48,1781518.79
00:17:28.23,18/01/2026,11:18:21,17_T02,39.121638901,10.189936360,0.1,1032.36,132.27,877.609,76.0,38.60,13.60,1031.47,4337525.45,1781518.81
00:17:29.22,18/01/2026,11:18:22,17_T02,39.121639541,10.189935685,0.1,1031.73,132.26,877.530,76.0,38.60,13.60,1031.47,4337525.39,1781518.88
00:17:30.23,18/01/2026,11:18:23,17_T02,39.121639684,10.189935125,0.1,1030.83,132.50,877.479,76.0,38.60,13.60,1030.51,4337525.34,1781518.89
00:17:31.23,18/01/2026,11:18:24,17_T02,39.121639401,10.189934935,0.1,1030.03,132.80,877.474,76.0,38.60,13.60,1030.51,4337525.33,1781518.86
00:17:32.23,18/01/2026,11:18:25,17_T02,39.121638634,10.189934330,0.1,1029.67,133.18,877.453,76.0,38.60,13.60,1028.86,4337525.27,1781518.78
00:17:33.39,18/01/2026,11:18:26,17_T02,39.121638005,10.189933681,0.1,1029.76,133.56,877.423,76.0,38.60,13.60,1028.86,4337525.22,1781518.71
00:17:34.23,18/01/2026,11:18:27,17_T02,39.121638524,10.189932722,0.1,1029.89,133.91,877.325,76.0,38.60,13.59,1028.73,4337525.13,1781518.76
00:17:35.38,18/01/2026,11:18:28,17_T02,39.121639568,10.189932261,0.1,1029.55,134.10,877.249,76.0,38.60,13.59,1028.73,4337525.09,1781518.88
00:17:36.38,18/01/2026,11:18:29,17_T02,39.121640074,10.189932117,0.1,1028.71,134.11,877.218,76.0,38.60,13.59,1028.28,4337525.08,1781518.93
00:17:37.22,18/01/2026,11:18:30,17_T02,39.121639849,10.189931711,0.1,1027.82,134.39,877.193,76.0,38.60,13.59,1028.28,4337525.05,1781518.91
00:17:38.23,18/01/2026,11:18:31,17_T02,39.121639115,10.189931052,0.1,1027.30,134.91,877.166,76.0,38.61,13.59,1026.59,4337524.99,1781518.83
00:17:39.38,18/01/2026,11:18:32,17_T02,39.121638383,10.189930401,0.1,1027.21,135.45,877.140,76.0,38.61,13.59,1026.59,4337524.93,1781518.75
00:17:40.37,18/01/2026,11:18:33,17_T02,39.121637764,10.189928339,0.1,1027.26,135.94,876.994,76.0,38.60,13.61,1026.17,4337524.75,1781518.68
00:17:41.37,18/01/2026,11:18:34,17_T02,39.121637797,10.189927058,0.2,1027.05,136.35,876.888,76.0,38.60,13.61,1026.17,4337524.64,1781518.68
00:17:42.36,18/01/2026,11:18:35,17_T02,39.121638260,10.189926873,0.2,1026.46,136.54,876.856,76.0,38.60,13.60,1025.79,4337524.62,1781518.73
00:17:43.38,18/01/2026,11:18:36,17_T02,39.121638179,10.189926300,0.2,1025.69,136.92,876.812,76.0,38.60,13.60,1025.79,4337524.57,1781518.72
00:17:44.38,18/01/2026,11:18:37,17_T02,39.121637740,10.189925727,0.2,1025.04,137.44,876.781,76.0,38.60,13.60,1024.36,4337524.53,1781518.67
00:17:45.39,18/01/2026,11:18:38,17_T02,39.121638657,10.189927867,0.1,1024.64,137.99,876.923,76.0,38.60,13.60,1024.36,4337524.71,1781518.78
00:17:46.38,18/01/2026,11:18:39,17_T02,39.121638960,10.189928770,0.2,1024.57,138.47,876.985,76.0,38.60,13.62,1023.51,4337524.79,1781518.81
00:17:47.37,18/01/2026,11:18:40,17_T02,39.121638767,10.189928287,0.2,1024.57,138.91,876.953,76.0,38.60,13.62,1023.51,4337524.75,1781518.79
00:17:48.39,18/01/2026,11:18:41,17_T02,39.121639162,10.189927997,0.2,1024.27,139.28,876.914,76.0,38.60,13.59,1023.39,4337524.72,1781518.83
00:17:49.36,18/01/2026,11:18:42,17_T02,39.121639637,10.189927862,0.2,1023.57,139.43,876.886,76.0,38.60,13.59,1023.39,4337524.71,1781518.88
00:17:50.36,18/01/2026,11:18:43,17_T02,39.121639441,10.189927362,0.2,1022.76,139.91,876.852,76.0,38.60,13.60,1022.10,4337524.67,1781518.86
00:17:51.38,18/01/2026,11:18:44,17_T02,39.121639662,10.189927727,0.2,1022.16,140.48,876.874,76.0,38.60,13.60,1022.10,4337524.70,1781518.89
00:17:52.37,18/01/2026,11:18:45,17_T02,39.121639544,10.189927719,0.1,1021.93,141.15,876.877,76.0,38.62,13.61,1020.94,4337524.70,1781518.87
00:17:53.39,18/01/2026,11:18:46,17_T02,39.121639044,10.189927048,0.1,1021.97,141.80,876.841,76.0,38.62,13.61,1020.94,4337524.64,1781518.82
00:17:54.37,18/01/2026,11:18:47,17_T02,39.121639033,10.189926501,0.1,1021.92,142.41,876.797,76.0,38.60,13.60,1020.90,4337524.59,1781518.82
00:17:55.25,18/01/2026,11:18:48,17_T02,39.121639529,10.189926378,0.1,1021.42,142.84,876.768,76.0,38.60,13.60,1020.90,4337524.58,1781518.87
00:17:56.38,18/01/2026,11:18:49,17_T02,39.121639833,10.189925669,0.1,1020.58,143.26,876.699,76.0,38.60,13.60,1019.87,4337524.52,1781518.91
00:17:57.38,18/01/2026,11:18:50,17_T02,39.121639539,10.189924976,0.1,1019.76,143.80,876.653,76.0,38.60,13.60,1019.87,4337524.46,1781518.87
00:17:58.39,18/01/2026,11:18:51,17_T02,39.121638913,10.189924276,0.1,1019.28,144.40,876.619,76.0,38.60,13.60,1019.87,4337524.40,1781518.80
00:17:59.38,18/01/2026,11:18:52,17_T02,39.121638248,10.189923505,0.1,1019.26,144.96,876.581,76.0,38.60,13.60,1018.36,4337524.33,1781518.73
00:18:00.38,18/01/2026,11:18:53,17_T02,39.121637931,10.189922836,0.1,1019.39,145.55,876.538,76.0,38.60,13.60,1018.36,4337524.27,1781518.70
00:18:01.37,18/01/2026,11:18:54,17_T02,39.121638112,10.189922568,0.1,1019.18,146.10,876.509,76.0,38.59,13.60,1018.31,4337524.25,1781518.71
00:18:02.38,18/01/2026,11:18:55,17_T02,39.121638559,10.189921804,0.1,1018.52,146.40,876.430,76.0,38.59,13.60,1018.31,4337524.18,1781518.76
00:18:03.37,18/01/2026,11:18:56,17_T02,39.121638322,10.189920863,0.1,1017.68,146.88,876.361,76.0,38.60,13.60,1017.70,4337524.10,1781518.74
00:18:04.38,18/01/2026,11:18:57,17_T02,39.121637810,10.189920293,0.1,1016.96,147.43,876.334,76.0,38.60,13.60,1017.70,4337524.05,1781518.68
00:18:05.36,18/01/2026,11:18:58,17_T02,39.121637112,10.189919507,0.1,1016.57,148.05,876.295,76.0,38.60,13.60,1016.08,4337523.98,1781518.60
00:18:06.38,18/01/2026,11:18:59,17_T02,39.121636511,10.189918768,0.1,1016.52,148.62,876.257,76.0,38.60,13.60,1016.08,4337523.92,1781518.54
00:18:07.23,18/01/2026,11:19:00,17_T02,39.121637090,10.189918869,0.1,1016.51,149.08,876.244,76.0,38.60,13.61,1015.45,4337523.93,1781518.60
00:18:08.34,18/01/2026,11:19:01,17_T02,39.121637904,10.189919096,0.1,1016.23,149.41,876.232,76.0,38.60,13.61,1015.45,4337523.95,1781518.69
00:18:09.46,18/01/2026,11:19:02,17_T02,39.121638334,10.189919128,0.1,1015.60,149.58,876.219,76.0,38.60,13.60,1015.24,4337523.95,1781518.74
00:18:10.45,18/01/2026,11:19:03,17_T02,39.121638196,10.189918618,0.1,1014.87,150.06,876.182,76.0,38.60,13.60,1015.24,4337523.91,1781518.72
00:18:11.38,18/01/2026,11:19:04,17_T02,39.121637801,10.189918109,0.1,1014.27,150.67,876.155,76.0,38.61,13.60,1013.94,4337523.86,1781518.68
00:18:12.45,18/01/2026,11:19:05,17_T02,39.121637533,10.189917876,0.1,1013.95,151.31,876.146,76.0,38.61,13.60,1013.94,4337523.84,1781518.65
00:18:13.44,18/01/2026,11:19:06,17_T02,39.121637370,10.189917714,0.1,1013.86,151.80,876.139,76.0,38.61,13.61,1012.92,4337523.83,1781518.63
00:18:14.36,18/01/2026,11:19:07,17_T02,39.121637369,10.189917412,0.1,1013.71,152.16,876.114,76.0,38.61,13.61,1012.92,4337523.80,1781518.63
00:18:15.37,18/01/2026,11:19:08,17_T02,39.121637777,10.189917494,0.1,1013.26,152.35,876.106,76.0,38.60,13.60,1012.66,4337523.81,1781518.68
00:18:16.37,18/01/2026,11:19:09,17_T02,39.121637998,10.189917354,0.1,1012.62,152.62,876.086,76.0,38.60,13.60,1012.66,4337523.80,1781518.70
00:18:17.27,18/01/2026,11:19:10,17_T02,39.121637782,10.189916908,0.1,1012.03,153.10,876.058,76.0,38.61,13.60,1011.61,4337523.76,1781518.68
00:18:18.36,18/01/2026,11:19:11,17_T02,39.121637735,10.189917107,0.1,1011.67,153.70,876.076,76.0,38.61,13.60,1011.61,4337523.78,1781518.67
00:18:19.36,18/01/2026,11:19:12,17_T02,39.121637588,10.189917083,0.1,1011.50,154.22,876.079,76.0,38.61,13.61,1010.63,4337523.77,1781518.66
00:18:20.37,18/01/2026,11:19:13,17_T02,39.121637480,10.189916776,0.1,1011.24,154.65,876.058,76.0,38.61,13.61,1010.63,4337523.75,1781518.64
00:18:21.37,18/01/2026,11:19:14,17_T02,39.121637743,10.189916812,0.1,1010.71,154.95,876.051,76.0,38.60,13.60,1010.15,4337523.75,1781518.67
00:18:22.36,18/01/2026,11:19:15,17_T02,39.121637871,10.189916710,0.1,1010.05,155.28,876.038,76.0,38.60,13.60,1010.15,4337523.74,1781518.69
00:18:23.38,18/01/2026,11:19:16,17_T02,39.121638061,10.189915996,0.1,1009.58,155.72,875.972,76.0,38.61,13.61,1008.99,4337523.68,1781518.71
00:18:24.36,18/01/2026,11:19:17,17_T02,39.121637897,10.189915202,0.1,1009.37,156.26,875.914,76.0,38.61,13.61,1008.99,4337523.61,1781518.69
00:18:25.37,18/01/2026,11:19:18,17_T02,39.121637633,10.189914784,0.1,1009.21,156.71,875.889,76.0,38.61,13.62,1008.30,4337523.57,1781518.66
00:18:26.36,18/01/2026,11:19:19,17_T02,39.121637704,10.189914721,0.1,1008.80,157.06,875.881,76.0,38.61,13.62,1008.30,4337523.57,1781518.67
00:18:27.27,18/01/2026,11:19:20,17_T02,39.121637900,10.189914830,0.1,1008.17,157.34,875.883,76.0,38.61,13.61,1007.67,4337523.58,1781518.69
00:18:28.36,18/01/2026,11:19:21,17_T02,39.121637848,10.189914620,0.1,1007.65,157.73,875.868,76.0,38.61,13.61,1007.67,4337523.56,1781518.68
00:18:29.36,18/01/2026,11:19:22,17_T02,39.121638372,10.189915371,0.1,1007.40,158.24,875.910,76.0,38.60,13.61,1006.57,4337523.62,1781518.74
00:18:30.38,18/01/2026,11:19:23,17_T02,39.121638633,10.189915759,0.1,1007.19,158.67,875.932,76.0,38.60,13.61,1006.57,4337523.66,1781518.77
00:18:31.36,18/01/2026,11:19:24,17_T02,39.121638635,10.189915734,0.1,1006.70,159.00,875.930,76.0,38.60,13.61,1006.05,4337523.66,1781518.77
00:18:32.36,18/01/2026,11:19:25,17_T02,39.121638824,10.189915855,0.1,1006.08,159.32,875.933,76.0,38.60,13.61,1006.05,4337523.67,1781518.79
00:18:33.35,18/01/2026,11:19:26,17_T02,39.121638720,10.189915562,0.1,1005.69,159.76,875.912,76.0,38.60,13.62,1004.92,4337523.64,1781518.78
00:18:34.36,18/01/2026,11:19:27,17_T02,39.121638755,10.189913392,0.1,1005.58,160.21,875.733,76.0,38.60,13.62,1004.92,4337523.45,1781518.78
00:18:35.34,18/01/2026,11:19:28,17_T02,39.121638784,10.189911945,0.1,1005.43,160.62,875.614,76.0,38.59,13.61,1004.50,4337523.33,1781518.79
00:18:36.36,18/01/2026,11:19:29,17_T02,39.121639013,10.189912071,0.1,1004.86,160.91,875.616,76.0,38.59,13.61,1004.50,4337523.34,1781518.81
00:18:37.36,18/01/2026,11:19:30,17_T02,39.121639143,10.189912080,0.1,1004.01,161.34,875.611,76.0,38.60,13.60,1003.56,4337523.34,1781518.83
00:18:38.36,18/01/2026,11:19:31,17_T02,39.121638976,10.189911796,0.1,1003.32,161.81,875.594,76.0,38.60,13.60,1003.56,4337523.31,1781518.81
00:18:39.37,18/01/2026,11:19:32,17_T02,39.121638323,10.189909155,0.1,1003.12,162.48,875.402,76.0,38.60,13.60,1002.17,4337523.08,1781518.74
00:18:40.36,18/01/2026,11:19:33,17_T02,39.121637831,10.189907317,0.2,1003.24,163.01,875.270,76.0,38.60,13.60,1002.17,4337522.92,1781518.68
00:18:41.36,18/01/2026,11:19:34,17_T02,39.121637867,10.189906932,0.2,1003.18,163.50,875.237,76.0,38.60,13.60,1002.20,4337522.89,1781518.68
00:18:42.34,18/01/2026,11:19:35,17_T02,39.121638288,10.189907215,0.1,1002.61,163.72,875.245,76.0,38.60,13.60,1002.20,4337522.91,1781518.73
00:18:43.36,18/01/2026,11:19:36,17_T02,39.121638417,10.189907088,0.1,1001.77,164.08,875.230,76.0,38.61,13.59,1001.25,4337522.90,1781518.75
00:18:44.36,18/01/2026,11:19:37,17_T02,39.121638677,10.189907389,0.1,1001.02,164.55,875.245,76.0,38.61,13.59,1001.25,4337522.93,1781518.77
00:18:45.34,18/01/2026,11:19:38,17_T02,39.121638494,10.189907048,0.1,1000.60,165.13,875.224,76.0,38.61,13.60,999.77,4337522.90,1781518.75
00:18:46.33,18/01/2026,11:19:39,17_T02,39.121638072,10.189906322,0.1,1000.51,165.62,875.180,76.0,38.61,13.60,999.77,4337522.84,1781518.71
00:18:47.35,18/01/2026,11:19:40,17_T02,39.121637900,10.189905808,0.1,1000.54,166.06,875.144,76.0,38.60,13.60,999.49,4337522.79,1781518.69
00:18:48.23,18/01/2026,11:19:41,17_T02,39.121638191,10.189905761,0.1,1000.33,166.45,875.129,76.0,38.60,13.60,999.49,4337522.79,1781518.72
00:18:49.36,18/01/2026,11:19:42,17_T02,39.121638650,10.189906034,0.1,999.72,166.71,875.135,76.0,38.60,13.59,999.02,4337522.81,1781518.77
00:18:50.36,18/01/2026,11:19:43,17_T02,39.121638629,10.189906343,0.1,998.96,167.28,875.161,76.0,38.60,13.59,999.02,4337522.84,1781518.77
00:18:51.36,18/01/2026,11:19:44,17_T02,39.121638367,10.189906194,0.1,998.38,168.00,875.158,76.0,38.60,13.59,997.60,4337522.83,1781518.74
00:18:52.36,18/01/2026,11:19:45,17_T02,39.121637852,10.189905190,0.1,998.00,168.68,875.095,76.0,38.60,13.59,997.60,4337522.74,1781518.68
00:18:53.34,18/01/2026,11:19:46,17_T02,39.121637533,10.189904609,0.1,997.70,169.20,875.060,76.0,38.59,13.63,996.80,4337522.69,1781518.65
00:18:54.36,18/01/2026,11:19:47,17_T02,39.121637461,10.189904313,0.1,997.48,169.58,875.038,76.0,38.59,13.63,996.80,4337522.66,1781518.64
00:18:55.36,18/01/2026,11:19:48,17_T02,39.121637282,10.189903538,0.1,997.32,169.93,874.981,76.0,38.60,13.60,996.35,4337522.59,1781518.62
00:18:56.35,18/01/2026,11:19:49,17_T02,39.121637374,10.189903092,0.1,997.04,170.25,874.941,76.0,38.60,13.60,996.35,4337522.56,1781518.63
00:18:57.37,18/01/2026,11:19:50,17_T02,39.121637592,10.189902941,0.1,996.44,170.58,874.921,76.0,38.60,13.59,995.64,4337522.54,1781518.65
00:18:58.37,18/01/2026,11:19:51,17_T02,39.121637563,10.189902568,0.1,995.64,171.10,874.891,76.0,38.60,13.59,995.64,4337522.51,1781518.65
00:18:59.37,18/01/2026,11:19:52,17_T02,39.121637346,10.189902112,0.1,994.98,171.65,874.862,76.0,38.60,13.59,995.64,4337522.47,1781518.63
00:19:00.37,18/01/2026,11:19:53,17_T02,39.121637486,10.189902928,0.1,994.68,172.21,874.924,76.0,38.60,13.61,994.15,4337522.54,1781518.64
00:19:01.35,18/01/2026,11:19:54,17_T02,39.121637572,10.189903442,0.1,994.68,172.61,874.962,76.0,38.60,13.61,994.15,4337522.59,1781518.65
00:19:02.36,18/01/2026,11:19:55,17_T02,39.121637651,10.189903056,0.1,994.67,172.91,874.928,76.0,38.61,13.60,993.64,4337522.55,1781518.66
00:19:03.36,18/01/2026,11:19:56,17_T02,39.121638100,10.189903350,0.1,994.35,173.09,874.935,76.0,38.61,13.60,993.64,4337522.58,1781518.71
00:19:04.36,18/01/2026,11:19:57,17_T02,39.121638483,10.189903636,0.1,993.69,173.21,874.945,76.0,38.60,13.60,993.43,4337522.60,1781518.75
00:19:05.35,18/01/2026,11:19:58,17_T02,39.121638479,10.189903305,0.1,992.94,173.58,874.918,76.0,38.60,13.60,993.43,4337522.57,1781518.75
00:19:06.35,18/01/2026,11:19:59,17_T02,39.121638094,10.189903472,0.1,992.31,174.06,874.946,76.0,38.60,13.60,992.10,4337522.59,1781518.71
00:19:07.37,18/01/2026,11:20:00,17_T02,39.121637672,10.189903312,0.1,991.90,174.50,874.948,76.0,38.60,13.60,992.10,4337522.57,1781518.66
00:19:08.37,18/01/2026,11:20:01,17_T02,39.121637451,10.189902767,0.1,991.73,174.90,874.912,76.0,38.61,13.61,990.95,4337522.53,1781518.64
00:19:09.36,18/01/2026,11:20:02,17_T02,39.121637434,10.189902479,0.1,991.71,175.22,874.889,76.0,38.61,13.61,990.95,4337522.50,1781518.64
00:19:10.36,18/01/2026,11:20:03,17_T02,39.121637755,10.189902501,0.1,991.58,175.52,874.879,76.0,38.59,13.61,990.68,4337522.50,1781518.67
00:19:11.36,18/01/2026,11:20:04,17_T02,39.121637939,10.189902835,0.1,991.05,175.57,874.899,76.0,38.59,13.61,990.68,4337522.53,1781518.69
00:19:12.35,18/01/2026,11:20:05,17_T02,39.121637944,10.189902797,0.1,990.20,175.83,874.896,76.0,38.61,13.59,990.11,4337522.53,1781518.69
00:19:13.35,18/01/2026,11:20:06,17_T02,39.121637810,10.189902458,0.1,989.36,176.21,874.873,76.0,38.61,13.59,990.11,4337522.50,1781518.68
00:19:14.36,18/01/2026,11:20:07,17_T02,39.121637508,10.189901690,0.1,988.90,176.66,874.821,76.0,38.61,13.60,988.43,4337522.43,1781518.64
00:19:15.35,18/01/2026,11:20:08,17_T02,39.121637232,10.189900759,0.1,988.98,177.15,874.755,76.0,38.61,13.60,988.43,4337522.35,1781518.61
00:19:16.35,18/01/2026,11:20:09,17_T02,39.121636977,10.189899491,0.1,989.21,177.57,874.661,76.0,38.59,13.61,987.95,4337522.24,1781518.58
00:19:17.36,18/01/2026,11:20:10,17_T02,39.121637360,10.189899438,0.1,989.01,178.03,874.642,76.0,38.59,13.61,987.95,4337522.24,1781518.63
00:19:18.36,18/01/2026,11:20:11,17_T02,39.121637891,10.189900188,0.1,988.21,178.00,874.684,76.0,38.60,13.59,987.96,4337522.30,1781518.69
00:19:19.35,18/01/2026,11:20:12,17_T02,39.121637936,10.189899861,0.1,987.13,178.34,874.656,76.0,38.60,13.59,987.96,4337522.27,1781518.69
00:19:20.36,18/01/2026,11:20:13,17_T02,39.121637648,10.189899017,0.1,986.30,178.93,874.597,76.0,38.61,13.59,986.11,4337522.20,1781518.66
00:19:21.34,18/01/2026,11:20:14,17_T02,39.121637399,10.189897735,0.1,986.12,179.71,874.502,76.0,38.61,13.59,986.11,4337522.09,1781518.63
00:19:22.35,18/01/2026,11:20:15,17_T02,39.121637825,10.189896726,0.1,986.40,180.57,874.403,76.0,38.59,13.61,985.13,4337522.00,1781518.68
00:19:23.35,18/01/2026,11:20:16,17_T02,39.121638362,10.189896278,0.1,986.58,181.63,874.346,76.0,38.59,13.61,985.13,4337521.96,1781518.74
00:19:24.35,18/01/2026,11:20:17,17_T02,39.121638860,10.189896956,0.1,986.14,182.13,874.383,76.0,38.60,13.59,985.50,4337522.02,1781518.79
00:19:25.36,18/01/2026,11:20:18,17_T02,39.121639144,10.189897104,0.1,985.18,182.42,874.385,76.0,38.60,13.59,985.50,4337522.03,1781518.82
00:19:26.35,18/01/2026,11:20:19,17_T02,39.121639079,10.189896424,0.1,984.17,182.85,874.332,76.0,38.60,13.59,984.06,4337521.98,1781518.82
00:19:27.37,18/01/2026,11:20:20,17_T02,39.121639162,10.189894824,0.1,983.60,183.41,874.198,76.0,38.60,13.59,984.06,4337521.84,1781518.82
00:19:28.36,18/01/2026,11:20:21,17_T02,39.121639148,10.189893476,0.1,983.57,183.93,874.088,76.0,38.61,13.61,982.57,4337521.72,1781518.82
00:19:29.36,18/01/2026,11:20:22,17_T02,39.121639222,10.189892781,0.1,983.75,184.30,874.028,76.0,38.61,13.61,982.57,4337521.66,1781518.83
00:19:30.34,18/01/2026,11:20:23,17_T02,39.121639600,10.189893063,0.1,983.62,184.57,874.037,76.0,38.60,13.60,982.71,4337521.68,1781518.87
00:19:31.36,18/01/2026,11:20:24,17_T02,39.121640035,10.189893955,0.1,983.02,184.41,874.094,76.0,38.60,13.60,982.71,4337521.76,1781518.92
00:19:32.35,18/01/2026,11:20:25,17_T02,39.121640041,10.189893075,0.1,982.22,184.36,874.022,76.0,38.60,13.59,981.86,4337521.68,1781518.92
00:19:33.37,18/01/2026,11:20:26,17_T02,39.121639822,10.189891932,0.1,981.53,184.46,873.936,76.0,38.60,13.59,981.86,4337521.58,1781518.90
00:19:34.36,18/01/2026,11:20:27,17_T02,39.121639619,10.189891188,0.1,981.06,184.67,873.883,76.0,38.61,13.59,980.40,4337521.52,1781518.87
00:19:35.35,18/01/2026,11:20:28,17_T02,39.121639485,10.189890439,0.1,980.84,184.94,873.826,76.0,38.61,13.59,980.40,4337521.45,1781518.86
00:19:36.36,18/01/2026,11:20:29,17_T02,39.121639498,10.189890046,0.1,980.83,185.09,873.794,76.0,38.59,13.62,979.78,4337521.42,1781518.86
00:19:37.35,18/01/2026,11:20:30,17_T02,39.121640101,10.189889887,0.1,980.74,185.25,873.758,76.0,38.59,13.62,979.78,4337521.41,1781518.93
00:19:38.35,18/01/2026,11:20:31,17_T02,39.121640792,10.189890423,0.1,980.25,185.17,873.776,76.0,38.60,13.59,979.62,4337521.45,1781519.00
00:19:39.35,18/01/2026,11:20:32,17_T02,39.121641102,10.189890538,0.1,979.48,185.18,873.774,76.0,38.60,13.59,979.62,4337521.46,1781519.04
00:19:40.35,18/01/2026,11:20:33,17_T02,39.121641088,10.189890091,0.1,978.82,185.29,873.738,76.0,38.60,13.59,978.23,4337521.42,1781519.04
00:19:41.35,18/01/2026,11:20:34,17_T02,39.121640956,10.189889264,0.1,978.44,185.52,873.675,76.0,38.60,13.59,978.23,4337521.35,1781519.02
00:19:42.35,18/01/2026,11:20:35,17_T02,39.121640870,10.189888722,0.1,978.26,185.71,873.634,76.0,38.61,13.61,977.35,4337521.30,1781519.01
00:19:43.35,18/01/2026,11:20:36,17_T02,39.121641007,10.189888996,0.1,978.08,185.87,873.652,76.0,38.61,13.61,977.35,4337521.33,1781519.03
00:19:44.33,18/01/2026,11:20:37,17_T02,39.121641363,10.189889632,0.1,977.75,185.91,873.690,76.0,38.60,13.59,976.95,4337521.38,1781519.07
00:19:45.36,18/01/2026,11:20:38,17_T02,39.121641696,10.189889840,0.1,977.31,185.96,873.695,76.0,38.60,13.59,976.95,4337521.40,1781519.10
00:19:46.35,18/01/2026,11:20:39,17_T02,39.121641911,10.189889614,0.1,976.78,186.11,873.668,76.0,38.60,13.59,976.09,4337521.38,1781519.13
00:19:47.36,18/01/2026,11:20:40,17_T02,39.121641996,10.189889309,0.1,976.16,186.31,873.640,76.0,38.60,13.59,976.09,4337521.36,1781519.14
00:19:48.36,18/01/2026,11:20:41,17_T02,39.121642781,10.189890716,0.1,975.63,186.48,873.726,76.0,38.60,13.59,974.87,4337521.48,1781519.22
00:19:49.42,18/01/2026,11:20:42,17_T02,39.121643260,10.189891304,0.1,975.33,186.70,873.757,76.0,38.60,13.59,974.87,4337521.53,1781519.28
00:19:50.34,18/01/2026,11:20:43,17_T02,39.121643328,10.189891063,0.1,975.22,186.91,873.734,76.0,38.60,13.60,974.25,4337521.51,1781519.28
00:19:51.35,18/01/2026,11:20:44,17_T02,39.121643597,10.189891038,0.1,975.05,187.13,873.722,76.0,38.60,13.60,974.25,4337521.51,1781519.31
00:19:52.35,18/01/2026,11:20:45,17_T02,39.121643996,10.189891472,0.1,974.62,187.25,873.743,76.0,38.60,13.60,973.83,4337521.54,1781519.36
00:19:53.36,18/01/2026,11:20:46,17_T02,39.121644051,10.189890922,0.1,973.97,187.44,873.696,76.0,38.60,13.60,973.83,4337521.50,1781519.36
00:19:54.34,18/01/2026,11:20:47,17_T02,39.121644003,10.189890337,0.1,973.29,187.75,873.650,76.0,38.61,13.59,972.58,4337521.44,1781519.36
00:19:55.34,18/01/2026,11:20:48,17_T02,39.121643940,10.189889914,0.1,972.82,188.09,873.618,76.0,38.61,13.59,972.58,4337521.41,1781519.35
00:19:56.34,18/01/2026,11:20:49,17_T02,39.121643896,10.189889307,0.1,972.63,188.45,873.569,76.0,38.61,13.61,971.66,4337521.35,1781519.35
00:19:57.34,18/01/2026,11:20:50,17_T02,39.121643925,10.189889050,0.1,972.61,188.69,873.547,76.0,38.61,13.61,971.66,4337521.33,1781519.35
00:19:58.34,18/01/2026,11:20:51,17_T02,39.121644217,10.189889271,0.1,972.41,188.85,873.555,76.0,38.60,13.60,971.50,4337521.35,1781519.38
00:19:59.35,18/01/2026,11:20:52,17_T02,39.121644650,10.189891084,0.1,971.83,188.81,873.687,76.0,38.60,13.60,971.50,4337521.51,1781519.43
00:20:00.36,18/01/2026,11:20:53,17_T02,39.121644871,10.189891911,0.1,971.10,188.95,873.746,76.0,38.60,13.60,971.50,4337521.58,1781519.45
00:20:01.35,18/01/2026,11:20:54,17_T02,39.121644866,10.189891748,0.1,970.50,189.24,873.733,76.0,38.60,13.59,970.34,4337521.57,1781519.45
00:20:02.34,18/01/2026,11:20:55,17_T02,39.121644752,10.189891189,0.1,970.12,189.58,873.692,76.0,38.60,13.59,970.34,4337521.52,1781519.44
00:20:03.34,18/01/2026,11:20:56,17_T02,39.121644668,10.189890864,0.1,969.95,189.82,873.668,76.0,38.61,13.61,969.21,4337521.49,1781519.43
00:20:04.34,18/01/2026,11:20:57,17_T02,39.121643812,10.189889165,0.1,969.79,189.97,873.561,76.0,38.61,13.61,969.21,4337521.34,1781519.34
00:20:05.34,18/01/2026,11:20:58,17_T02,39.121643513,10.189888688,0.1,969.46,189.97,873.533,76.0,38.59,13.60,968.82,4337521.30,1781519.30
00:20:06.34,18/01/2026,11:20:59,17_T02,39.121643767,10.189889257,0.1,968.93,189.91,873.570,76.0,38.59,13.60,968.82,4337521.35,1781519.33
00:20:07.33,18/01/2026,11:21:00,17_T02,39.121643869,10.189889315,0.1,968.34,190.04,873.571,76.0,38.60,13.59,968.06,4337521.36,1781519.34
00:20:08.35,18/01/2026,11:21:01,17_T02,39.121643823,10.189889073,0.1,967.81,190.31,873.553,76.0,38.60,13.59,968.06,4337521.33,1781519.34
00:20:09.35,18/01/2026,11:21:02,17_T02,39.121644533,10.189890268,0.1,967.43,190.58,873.624,76.0,38.61,13.59,966.90,4337521.44,1781519.42
00:20:10.35,18/01/2026,11:21:03,17_T02,39.121644963,10.189890947,0.2,967.22,190.80,873.664,76.0,38.61,13.59,966.90,4337521.50,1781519.46
00:20:11.34,18/01/2026,11:21:04,17_T02,39.121645033,10.189890991,0.2,967.00,190.94,873.665,76.0,38.61,13.60,966.24,4337521.50,1781519.47
00:20:12.34,18/01/2026,11:21:05,17_T02,39.121645311,10.189891519,0.1,966.64,190.97,873.698,76.0,38.61,13.60,966.24,4337521.55,1781519.50
00:20:13.34,18/01/2026,11:21:06,17_T02,39.121645533,10.189891886,0.1,966.19,191.03,873.720,76.0,38.60,13.60,965.70,4337521.58,1781519.53
00:20:14.34,18/01/2026,11:21:07,17_T02,39.121645069,10.189889289,0.1,965.65,191.26,873.524,76.0,38.60,13.60,965.70,4337521.35,1781519.48
00:20:15.32,18/01/2026,11:21:08,17_T02,39.121644758,10.189887692,0.1,965.03,191.61,873.405,76.0,38.60,13.60,964.69,4337521.21,1781519.44
00:20:16.33,18/01/2026,11:21:09,17_T02,39.121644706,10.189887438,0.1,964.55,191.98,873.386,76.0,38.60,13.60,964.69,4337521.19,1781519.43
00:20:17.34,18/01/2026,11:21:10,17_T02,39.121644700,10.189886858,0.1,964.39,192.38,873.339,76.0,38.60,13.60,963.57,4337521.14,1781519.43
00:20:18.33,18/01/2026,11:21:11,17_T02,39.121644722,10.189886627,0.1,964.37,192.63,873.319,76.0,38.60,13.60,963.57,4337521.12,1781519.44
00:20:19.33,18/01/2026,11:21:12,17_T02,39.121645334,10.189886307,0.1,964.05,192.69,873.270,76.0,38.59,13.60,963.34,4337521.09,1781519.50
00:20:20.34,18/01/2026,11:21:13,17_T02,39.121645833,10.189886603,0.1,963.30,192.71,873.276,76.0,38.59,13.60,963.34,4337521.12,1781519.56
00:20:21.34,18/01/2026,11:21:14,17_T02,39.121645930,10.189886636,0.1,962.46,193.00,873.275,76.0,38.61,13.59,962.30,4337521.12,1781519.57
00:20:22.35,18/01/2026,11:21:15,17_T02,39.121645868,10.189885975,0.1,961.91,193.37,873.223,76.0,38.61,13.59,962.30,4337521.06,1781519.56
00:20:23.35,18/01/2026,11:21:16,17_T02,39.121645816,10.189885180,0.1,961.87,193.80,873.160,76.0,38.60,13.59,960.92,4337521.00,1781519.56
00:20:24.41,18/01/2026,11:21:17,17_T02,39.121646222,10.189885106,0.1,962.05,194.13,873.139,76.0,38.60,13.59,960.92,4337520.99,1781519.60
00:20:25.33,18/01/2026,11:21:18,17_T02,39.121646699,10.189885710,0.1,961.86,194.38,873.171,76.0,38.60,13.59,961.02,4337521.04,1781519.65
00:20:26.41,18/01/2026,11:21:19,17_T02,39.121646984,10.189886591,0.1,961.09,194.38,873.232,76.0,38.60,13.59,961.02,4337521.12,1781519.69
00:20:27.34,18/01/2026,11:21:20,17_T02,39.121647084,10.189886581,0.1,960.14,194.59,873.228,76.0,38.60,13.59,960.00,4337521.12,1781519.70
00:20:28.33,18/01/2026,11:21:21,17_T02,39.121647037,10.189885979,0.1,959.50,194.92,873.180,76.0,38.60,13.59,960.00,4337521.06,1781519.69
00:20:29.36,18/01/2026,11:21:22,17_T02,39.121647287,10.189883969,0.1,959.37,195.34,873.006,76.0,38.61,13.60,958.46,4337520.89,1781519.72
00:20:30.34,18/01/2026,11:21:23,17_T02,39.121647480,10.189882773,0.1,959.48,195.66,872.901,76.0,38.61,13.60,958.46,4337520.79,1781519.74
00:20:31.33,18/01/2026,11:21:24,17_T02,39.121647673,10.189882994,0.1,959.28,195.94,872.912,76.0,38.60,13.59,958.46,4337520.80,1781519.76
00:20:32.34,18/01/2026,11:21:25,17_T02,39.121647894,10.189883733,0.1,958.63,195.97,872.964,76.0,38.60,13.59,958.46,4337520.87,1781519.79
00:20:33.34,18/01/2026,11:21:26,17_T02,39.121648034,10.189883724,0.1,957.90,196.15,872.958,76.0,38.61,13.59,957.48,4337520.87,1781519.80
00:20:34.34,18/01/2026,11:21:27,17_T02,39.121648041,10.189883156,0.1,957.40,196.43,872.911,76.0,38.61,13.59,957.48,4337520.82,1781519.80
00:20:35.35,18/01/2026,11:21:28,17_T02,39.121648651,10.189883210,0.1,957.08,196.69,872.893,76.0,38.62,13.60,956.32,4337520.82,1781519.87
00:20:36.33,18/01/2026,11:21:29,17_T02,39.121649042,10.189883289,0.1,956.84,196.84,872.885,76.0,38.62,13.60,956.32,4337520.83,1781519.91
00:20:37.34,18/01/2026,11:21:30,17_T02,39.121649109,10.189883315,0.1,956.61,196.89,872.885,76.0,38.60,13.60,955.78,4337520.83,1781519.92
00:20:38.35,18/01/2026,11:21:31,17_T02,39.121649303,10.189883567,0.1,956.35,196.90,872.898,76.0,38.60,13.60,955.78,4337520.85,1781519.94
00:20:39.33,18/01/2026,11:21:32,17_T02,39.121649494,10.189883783,0.1,955.98,196.88,872.909,76.0,38.60,13.59,955.25,4337520.87,1781519.96
00:20:40.32,18/01/2026,11:21:33,17_T02,39.121649523,10.189882920,0.1,955.38,196.86,872.837,76.0,38.60,13.59,955.25,4337520.80,1781519.97
00:20:41.33,18/01/2026,11:21:34,17_T02,39.121649472,10.189882228,0.1,954.65,197.01,872.782,76.0,38.61,13.59,954.15,4337520.74,1781519.96
00:20:42.34,18/01/2026,11:21:35,17_T02,39.121649404,10.189881912,0.1,954.05,197.22,872.759,76.0,38.61,13.59,954.15,4337520.71,1781519.95
00:20:43.34,18/01/2026,11:21:36,17_T02,39.121649393,10.189881217,0.1,953.76,197.50,872.702,76.0,38.60,13.60,952.91,4337520.65,1781519.95
00:20:44.34,18/01/2026,11:21:37,17_T02,39.121649410,10.189880629,0.1,953.80,197.65,872.654,76.0,38.60,13.60,952.91,4337520.60,1781519.95
00:20:45.33,18/01/2026,11:21:38,17_T02,39.121649879,10.189880675,0.1,953.85,197.65,872.640,76.0,38.60,13.60,952.83,4337520.60,1781520.00
00:20:46.32,18/01/2026,11:21:39,17_T02,39.121650391,10.189881557,0.1,953.47,197.43,872.693,76.0,38.60,13.60,952.83,4337520.68,1781520.06
00:20:47.33,18/01/2026,11:21:40,17_T02,39.121650615,10.189882113,0.1,952.66,197.27,872.730,76.0,38.60,13.59,952.16,4337520.73,1781520.09
00:20:48.34,18/01/2026,11:21:41,17_T02,39.121650617,10.189881817,0.1,951.75,197.44,872.706,76.0,38.60,13.59,952.16,4337520.70,1781520.09
00:20:49.26,18/01/2026,11:21:42,17_T02,39.121650487,10.189881133,0.1,951.06,197.73,872.655,76.0,38.61,13.59,950.41,4337520.64,1781520.07
00:20:50.32,18/01/2026,11:21:43,17_T02,39.121651512,10.189881065,0.1,950.88,198.18,872.611,76.0,38.61,13.59,950.41,4337520.64,1781520.18
00:20:51.33,18/01/2026,11:21:44,17_T02,39.121652317,10.189880541,0.1,951.18,198.65,872.538,76.0,38.60,13.61,950.00,4337520.59,1781520.27
00:20:52.33,18/01/2026,11:21:45,17_T02,39.121652747,10.189880027,0.1,951.43,199.20,872.480,76.0,38.60,13.61,950.00,4337520.55,1781520.32
00:20:53.32,18/01/2026,11:21:46,17_T02,39.121653223,10.189881152,0.1,950.95,199.34,872.554,76.0,38.60,13.59,950.23,4337520.64,1781520.37
00:20:54.32,18/01/2026,11:21:47,17_T02,39.121653516,10.189881478,0.1,949.79,199.45,872.570,76.0,38.60,13.59,950.23,4337520.67,1781520.41
00:20:55.33,18/01/2026,11:21:48,17_T02,39.121653125,10.189880750,0.1,948.57,199.89,872.525,76.0,38.61,13.59,948.10,4337520.61,1781520.36
00:20:56.33,18/01/2026,11:21:49,17_T02,39.121652914,10.189879480,0.1,947.95,200.59,872.429,76.0,38.61,13.59,948.10,4337520.50,1781520.34
00:20:57.34,18/01/2026,11:21:50,17_T02,39.121653216,10.189877952,0.1,948.04,201.40,872.293,76.0,38.60,13.61,946.96,4337520.36,1781520.37
00:20:58.34,18/01/2026,11:21:51,17_T02,39.121653928,10.189876327,0.1,948.54,202.47,872.133,76.0,38.60,13.61,946.96,4337520.22,1781520.45
00:20:59.31,18/01/2026,11:21:52,17_T02,39.121654608,10.189875952,0.1,948.70,203.75,872.077,76.0,38.60,13.59,947.67,4337520.19,1781520.53
00:21:00.34,18/01/2026,11:21:53,17_T02,39.121655013,10.189877680,0.2,947.86,203.92,872.204,76.0,38.60,13.59,947.67,4337520.34,1781520.57
00:21:01.32,18/01/2026,11:21:54,17_T02,39.121655266,10.189877627,0.2,946.60,204.02,872.190,76.0,38.60,13.59,947.67,4337520.34,1781520.60
00:21:02.33,18/01/2026,11:21:55,17_T02,39.121655388,10.189876399,0.1,945.79,204.50,872.085,76.0,38.61,13.59,946.04,4337520.23,1781520.61
00:21:03.34,18/01/2026,11:21:56,17_T02,39.121655615,10.189875215,0.1,945.69,204.96,871.979,76.0,38.61,13.59,946.04,4337520.13,1781520.64
00:21:04.34,18/01/2026,11:21:57,17_T02,39.121656080,10.189874131,0.1,945.94,205.39,871.873,76.0,38.60,13.61,944.69,4337520.03,1781520.69
00:21:05.33,18/01/2026,11:21:58,17_T02,39.121656454,10.189873630,0.1,945.96,205.90,871.818,76.0,38.60,13.61,944.69,4337519.99,1781520.73
00:21:06.33,18/01/2026,11:21:59,17_T02,39.121656528,10.189874407,0.1,945.33,205.69,871.879,76.0,38.60,13.59,944.97,4337520.06,1781520.74
00:21:07.32,18/01/2026,11:22:00,17_T02,39.121656683,10.189874491,0.1,944.37,205.49,871.880,76.0,38.60,13.59,944.97,4337520.06,1781520.75
00:21:08.30,18/01/2026,11:22:01,17_T02,39.121656778,10.189873773,0.1,943.68,205.51,871.818,76.0,38.60,13.59,943.63,4337520.00,1781520.76
00:21:09.39,18/01/2026,11:22:02,17_T02,39.121656892,10.189872776,0.1,943.41,205.71,871.732,76.0,38.60,13.59,943.63,4337519.91,1781520.78
00:21:10.41,18/01/2026,11:22:03,17_T02,39.121657016,10.189872032,0.1,943.39,205.94,871.666,76.0,38.60,13.60,942.44,4337519.85,1781520.79
00:21:11.33,18/01/2026,11:22:04,17_T02,39.121657035,10.189871723,0.1,943.32,206.05,871.640,76.0,38.60,13.60,942.44,4337519.82,1781520.79
00:21:12.33,18/01/2026,11:22:05,17_T02,39.121657149,10.189872078,0.1,942.95,205.90,871.665,76.0,38.60,13.60,942.34,4337519.85,1781520.80
00:21:13.30,18/01/2026,11:22:06,17_T02,39.121657343,10.189872467,0.1,942.32,205.65,871.690,76.0,38.60,13.60,942.34,4337519.89,1781520.83
00:21:14.32,18/01/2026,11:22:07,17_T02,39.121657475,10.189872100,0.1,941.68,205.55,871.655,76.0,38.60,13.59,941.44,4337519.85,1781520.84
00:21:15.34,18/01/2026,11:22:08,17_T02,39.121657550,10.189871347,0.1,941.19,205.58,871.590,76.0,38.60,13.59,941.44,4337519.79,1781520.85
00:21:16.32,18/01/2026,11:22:09,17_T02,39.121658331,10.189872141,0.1,940.88,205.59,871.626,76.0,38.61,13.60,940.25,4337519.86,1781520.94
00:21:17.33,18/01/2026,11:22:10,17_T02,39.121658892,10.189872686,0.1,940.69,205.61,871.650,76.0,38.61,13.60,940.25,4337519.90,1781521.00
00:21:18.33,18/01/2026,11:22:11,17_T02,39.121659085,10.189872834,0.1,940.44,205.55,871.655,76.0,38.60,13.60,939.71,4337519.92,1781521.02
00:21:19.32,18/01/2026,11:22:12,17_T02,39.121659316,10.189873221,0.1,939.94,205.42,871.678,76.0,38.60,13.60,939.71,4337519.95,1781521.04
00:21:20.33,18/01/2026,11:22:13,17_T02,39.121659554,10.189873138,0.1,939.31,205.50,871.663,76.0,38.60,13.60,938.98,4337519.94,1781521.07
00:21:21.33,18/01/2026,11:22:14,17_T02,39.121660041,10.189872942,0.1,938.82,205.79,871.628,76.0,38.60,13.60,938.98,4337519.93,1781521.12
00:21:22.30,18/01/2026,11:22:15,17_T02,39.121660753,10.189872218,0.1,938.62,206.22,871.543,76.0,38.61,13.60,937.83,4337519.86,1781521.20
00:21:23.32,18/01/2026,11:22:16,17_T02,39.121660981,10.189871602,0.1,938.55,206.56,871.484,76.0,38.61,13.60,937.83,4337519.81,1781521.23
00:21:24.33,18/01/2026,11:22:17,17_T02,39.121661204,10.189871744,0.1,938.14,206.73,871.487,76.0,38.61,13.60,937.51,4337519.82,1781521.25
00:21:25.32,18/01/2026,11:22:18,17_T02,39.121661443,10.189872116,0.1,937.35,206.81,871.508,76.0,38.61,13.60,937.51,4337519.85,1781521.28
00:21:26.33,18/01/2026,11:22:19,17_T02,39.121661625,10.189870953,0.1,936.67,207.09,871.406,76.0,38.61,13.60,936.32,4337519.75,1781521.30
00:21:27.40,18/01/2026,11:22:20,17_T02,39.121661891,10.189869599,0.1,936.45,207.55,871.286,76.0,38.61,13.60,936.32,4337519.64,1781521.33
00:21:28.32,18/01/2026,11:22:21,17_T02,39.121662135,10.189868792,0.1,936.50,207.89,871.210,76.0,38.61,13.61,935.45,4337519.57,1781521.35
00:21:29.33,18/01/2026,11:22:22,17_T02,39.121662325,10.189868697,0.1,936.29,208.02,871.196,76.0,38.61,13.61,935.45,4337519.56,1781521.38
00:21:30.31,18/01/2026,11:22:23,17_T02,39.121662457,10.189869271,0.1,935.60,208.00,871.238,76.0,38.61,13.59,935.21,4337519.61,1781521.39
00:21:31.31,18/01/2026,11:22:24,17_T02,39.121662569,10.189868491,0.1,934.79,208.24,871.170,76.0,38.61,13.59,935.21,4337519.54,1781521.40
00:21:32.32,18/01/2026,11:22:25,17_T02,39.121662757,10.189866605,0.1,934.33,208.66,871.008,76.0,38.61,13.60,933.70,4337519.37,1781521.42
00:21:33.30,18/01/2026,11:22:26,17_T02,39.121662996,10.189865614,0.1,934.30,209.09,870.918,76.0,38.61,13.60,933.70,4337519.29,1781521.45
00:21:34.31,18/01/2026,11:22:27,17_T02,39.121663217,10.189865054,0.1,934.32,209.50,870.864,76.0,38.60,13.61,933.29,4337519.24,1781521.47
00:21:35.32,18/01/2026,11:22:28,17_T02,39.121663372,10.189865410,0.1,933.90,209.68,870.887,76.0,38.60,13.61,933.29,4337519.27,1781521.49
00:21:36.33,18/01/2026,11:22:29,17_T02,39.121663524,10.189865359,0.1,933.05,209.87,870.878,76.0,38.61,13.60,932.72,4337519.27,1781521.51
00:21:37.28,18/01/2026,11:22:30,17_T02,39.121663687,10.189864741,0.1,932.25,210.22,870.821,76.0,38.61,13.60,932.72,4337519.21,1781521.52
00:21:38.30,18/01/2026,11:22:31,17_T02,39.121663956,10.189863663,0.1,931.93,210.77,870.723,76.0,38.61,13.61,931.12,4337519.12,1781521.55
00:21:39.31,18/01/2026,11:22:32,17_T02,39.121664302,10.189862568,0.1,932.02,211.50,870.620,76.0,38.61,13.61,931.12,4337519.02,1781521.59
00:21:40.30,18/01/2026,11:22:33,17_T02,39.121664668,10.189862065,0.1,932.03,212.21,870.565,76.0,38.60,13.61,931.02,4337518.98,1781521.63
00:21:41.31,18/01/2026,11:22:34,17_T02,39.121665128,10.189862031,0.1,931.55,212.57,870.545,76.0,38.60,13.61,931.02,4337518.98,1781521.68
00:21:42.31,18/01/2026,11:22:35,17_T02,39.121665495,10.189861829,0.1,930.74,212.86,870.515,76.0,38.61,13.60,930.30,4337518.96,1781521.72
00:21:43.30,18/01/2026,11:22:36,17_T02,39.121665688,10.189861231,0.1,929.92,213.26,870.459,76.0,38.61,13.60,930.30,4337518.91,1781521.74
00:21:44.31,18/01/2026,11:22:37,17_T02,39.121665856,10.189860274,0.1,929.38,213.71,870.374,76.0,38.61,13.61,928.67,4337518.82,1781521.76
00:21:45.30,18/01/2026,11:22:38,17_T02,39.121666121,10.189859097,0.1,929.34,214.26,870.268,76.0,38.61,13.61,928.67,4337518.72,1781521.79
00:21:46.30,18/01/2026,11:22:39,17_T02,39.121666484,10.189857892,0.1,929.59,214.89,870.156,76.0,38.60,13.61,928.40,4337518.62,1781521.83
00:21:47.30,18/01/2026,11:22:40,17_T02,39.121666878,10.189857786,0.1,929.53,215.62,870.133,76.0,38.60,13.61,928.40,4337518.61,1781521.88
00:21:48.31,18/01/2026,11:22:41,17_T02,39.121666989,10.189858778,0.1,928.82,215.73,870.210,76.0,38.61,13.61,928.24,4337518.69,1781521.89
00:21:49.30,18/01/2026,11:22:42,17_T02,39.121667251,10.189858493,0.1,927.78,216.14,870.177,76.0,38.61,13.61,928.24,4337518.67,1781521.92
00:21:50.30,18/01/2026,11:22:43,17_T02,39.121667455,10.189857517,0.1,926.96,216.76,870.089,76.0,38.61,13.61,926.38,4337518.58,1781521.94
00:21:51.30,18/01/2026,11:22:44,17_T02,39.121667814,10.189856566,0.1,926.73,217.53,869.998,76.0,38.61,13.61,926.38,4337518.50,1781521.98
00:21:52.30,18/01/2026,11:22:45,17_T02,39.121668540,10.189855046,0.1,926.97,218.22,869.846,76.0,38.60,13.62,925.79,4337518.37,1781522.06
00:21:53.30,18/01/2026,11:22:46,17_T02,39.121669066,10.189854565,0.1,927.10,219.08,869.787,76.0,38.60,13.62,925.79,4337518.33,1781522.12
00:21:54.30,18/01/2026,11:22:47,17_T02,39.121669164,10.189855393,0.1,926.57,219.44,869.851,76.0,38.61,13.61,925.82,4337518.40,1781522.13
00:21:55.30,18/01/2026,11:22:48,17_T02,39.121669350,10.189855558,0.1,925.59,219.67,869.858,76.0,38.61,13.61,925.82,4337518.41,1781522.15
00:21:56.29,18/01/2026,11:22:49,17_T02,39.121669584,10.189855655,0.1,924.68,220.14,869.857,76.0,38.61,13.62,924.06,4337518.42,1781522.17
00:21:57.29,18/01/2026,11:22:50,17_T02,39.121670035,10.189854983,0.1,924.23,220.88,869.786,76.0,38.61,13.62,924.06,4337518.36,1781522.22
00:21:58.30,18/01/2026,11:22:51,17_T02,39.121670666,10.189853605,0.1,924.30,221.77,869.649,76.0,38.61,13.63,923.21,4337518.24,1781522.29
00:21:59.32,18/01/2026,11:22:52,17_T02,39.121671327,10.189852723,0.1,924.52,222.65,869.552,76.0,38.61,13.63,923.21,4337518.17,1781522.36
00:22:00.29,18/01/2026,11:22:53,17_T02,39.121671681,10.189853047,0.1,924.34,223.41,869.566,76.0,38.61,13.62,923.39,4337518.19,1781522.40
00:22:01.29,18/01/2026,11:22:54,17_T02,39.121671639,10.189854008,0.1,923.60,223.70,869.646,76.0,38.61,13.62,923.39,4337518.28,1781522.40
00:22:02.30,18/01/2026,11:22:55,17_T02,39.121671894,10.189854188,0.1,922.66,224.03,869.651,76.0,38.61,13.62,923.39,4337518.29,1781522.43
00:22:03.30,18/01/2026,11:22:56,17_T02,39.121672255,10.189853326,0.1,921.95,224.41,869.567,76.0,38.61,13.62,921.97,4337518.22,1781522.47
00:22:04.30,18/01/2026,11:22:57,17_T02,39.121672783,10.189852205,0.1,921.72,224.85,869.456,76.0,38.61,13.62,921.97,4337518.12,1781522.53
00:22:05.28,18/01/2026,11:22:58,17_T02,39.121673205,10.189851441,0.1,921.83,225.21,869.377,76.0,38.62,13.63,920.72,4337518.05,1781522.57
00:22:06.30,18/01/2026,11:22:59,17_T02,39.121673563,10.189851762,0.1,921.79,225.60,869.390,76.0,38.62,13.63,920.72,4337518.08,1781522.61
00:22:07.31,18/01/2026,11:23:00,17_T02,39.121673632,10.189852862,0.1,921.29,225.69,869.478,76.0,38.61,13.63,920.76,4337518.18,1781522.62
00:22:08.30,18/01/2026,11:23:01,17_T02,39.121673892,10.189853058,0.1,920.48,225.80,869.484,76.0,38.61,13.63,920.76,4337518.19,1781522.65
00:22:09.30,18/01/2026,11:23:02,17_T02,39.121674267,10.189852478,0.1,919.71,226.16,869.423,76.0,38.61,13.63,919.67,4337518.14,1781522.69
00:22:10.30,18/01/2026,11:23:03,17_T02,39.121674787,10.189851460,0.1,919.23,226.62,869.320,76.0,38.61,13.63,919.67,4337518.05,1781522.75
00:22:11.30,18/01/2026,11:23:04,17_T02,39.121675211,10.189851575,0.1,919.15,227.02,869.314,76.0,38.62,13.63,918.27,4337518.06,1781522.79
00:22:12.32,18/01/2026,11:23:05,17_T02,39.121675830,10.189852109,0.1,919.26,227.31,869.334,76.0,38.62,13.63,918.27,4337518.11,1781522.86
00:22:13.29,18/01/2026,11:23:06,17_T02,39.121676092,10.189852559,0.1,919.12,227.59,869.362,76.0,38.61,13.64,918.17,4337518.15,1781522.89
00:22:14.30,18/01/2026,11:23:07,17_T02,39.121676119,10.189853480,0.1,918.51,227.59,869.436,76.0,38.61,13.64,918.17,4337518.23,1781522.89
00:22:15.29,18/01/2026,11:23:08,17_T02,39.121676477,10.189853445,0.1,917.66,227.78,869.420,76.0,38.62,13.63,917.55,4337518.23,1781522.93
00:22:16.31,18/01/2026,11:23:09,17_T02,39.121676522,10.189853484,0.1,916.93,228.13,869.421,76.0,38.62,13.63,917.55,4337518.23,1781522.94
00:22:17.30,18/01/2026,11:23:10,17_T02,39.121676848,10.189852966,0.1,916.57,228.61,869.367,76.0,38.62,13.64,915.99,4337518.18,1781522.97
00:22:18.30,18/01/2026,11:23:11,17_T02,39.121677310,10.189852218,0.1,916.53,229.06,869.288,76.0,38.62,13.64,915.99,4337518.12,1781523.02
00:22:19.30,18/01/2026,11:23:12,17_T02,39.121677680,10.189852083,0.1,916.48,229.44,869.263,76.0,38.63,13.65,915.47,4337518.11,1781523.07
00:22:20.30,18/01/2026,11:23:13,17_T02,39.121677840,10.189852796,0.1,916.08,229.66,869.316,76.0,38.63,13.65,915.47,4337518.17,1781523.08
00:22:21.31,18/01/2026,11:23:14,17_T02,39.121677910,10.189853412,0.1,915.36,229.78,869.364,76.0,38.62,13.65,915.05,4337518.22,1781523.09
00:22:22.30,18/01/2026,11:23:15,17_T02,39.121678206,10.189853264,0.1,914.66,230.12,869.341,76.0,38.62,13.65,915.05,4337518.21,1781523.12
00:22:23.30,18/01/2026,11:23:16,17_T02,39.121678795,10.189852498,0.1,914.30,230.63,869.256,76.0,38.62,13.66,913.63,4337518.14,1781523.19
00:22:24.30,18/01/2026,11:23:17,17_T02,39.121679274,10.189851843,0.1,914.23,231.13,869.185,76.0,38.62,13.66,913.63,4337518.09,1781523.24
00:22:25.29,18/01/2026,11:23:18,17_T02,39.121679623,10.189851745,0.1,914.05,231.58,869.164,76.0,38.62,13.66,913.16,4337518.08,1781523.28
00:22:26.31,18/01/2026,11:23:19,17_T02,39.121679610,10.189852304,0.1,913.55,231.84,869.210,76.0,38.62,13.66,913.16,4337518.13,1781523.28
00:22:27.29,18/01/2026,11:23:20,17_T02,39.121679725,10.189852676,0.1,912.99,232.07,869.236,76.0,38.62,13.66,912.46,4337518.16,1781523.29
00:22:28.29,18/01/2026,11:23:21,17_T02,39.121680112,10.189852533,0.1,912.63,232.38,869.210,76.0,38.62,13.66,912.46,4337518.15,1781523.33
00:22:29.31,18/01/2026,11:23:22,17_T02,39.121680505,10.189852207,0.1,912.36,232.71,869.169,76.0,38.62,13.66,911.56,4337518.12,1781523.38
00:22:30.32,18/01/2026,11:23:23,17_T02,39.121680755,10.189852176,0.1,911.93,232.91,869.157,76.0,38.62,13.66,911.56,4337518.12,1781523.41
00:22:31.29,18/01/2026,11:23:24,17_T02,39.121680604,10.189852048,0.1,911.34,233.14,869.152,76.0,38.62,13.67,910.79,4337518.10,1781523.39
00:22:32.29,18/01/2026,11:23:25,17_T02,39.121680622,10.189851995,0.1,910.84,233.42,869.147,76.0,38.62,13.67,910.79,4337518.10,1781523.39
00:22:33.29,18/01/2026,11:23:26,17_T02,39.121680917,10.189851940,0.1,910.54,233.73,869.131,76.0,38.62,13.67,909.72,4337518.09,1781523.42
00:22:34.29,18/01/2026,11:23:27,17_T02,39.121681214,10.189851889,0.1,910.36,234.04,869.116,76.0,38.62,13.67,909.72,4337518.09,1781523.46
00:22:35.30,18/01/2026,11:23:28,17_T02,39.121681497,10.189852044,0.1,910.11,234.31,869.118,76.0,38.62,13.67,909.25,4337518.10,1781523.49
00:22:36.30,18/01/2026,11:23:29,17_T02,39.121681909,10.189851784,0.1,909.68,234.51,869.082,76.0,38.62,13.67,909.25,4337518.08,1781523.53
00:22:37.30,18/01/2026,11:23:30,17_T02,39.121682336,10.189851612,0.1,909.12,234.81,869.052,76.0,38.63,13.68,908.51,4337518.07,1781523.58
00:22:38.29,18/01/2026,11:23:31,17_T02,39.121682582,10.189851703,0.1,908.48,235.21,869.050,76.0,38.63,13.68,908.51,4337518.07,1781523.61
00:22:39.30,18/01/2026,11:23:32,17_T02,39.121682907,10.189851544,0.1,908.02,235.69,869.025,76.0,38.62,13.68,907.28,4337518.06,1781523.64
00:22:40.31,18/01/2026,11:23:33,17_T02,39.121683382,10.189851162,0.1,907.90,236.25,868.976,76.0,38.62,13.68,907.28,4337518.03,1781523.69
00:22:41.28,18/01/2026,11:23:34,17_T02,39.121684009,10.189851047,0.1,907.96,236.72,868.943,76.0,38.62,13.68,906.86,4337518.02,1781523.76
00:22:42.30,18/01/2026,11:23:35,17_T02,39.121684693,10.189851718,0.1,907.70,237.14,868.973,76.0,38.62,13.68,906.86,4337518.07,1781523.84
00:22:43.30,18/01/2026,11:23:36,17_T02,39.121684694,10.189852659,0.1,906.87,237.31,869.050,76.0,38.63,13.68,906.39,4337518.16,1781523.84
00:22:44.29,18/01/2026,11:23:37,17_T02,39.121684958,10.189852921,0.1,905.86,237.73,869.061,76.0,38.63,13.68,906.39,4337518.18,1781523.87
00:22:45.29,18/01/2026,11:23:38,17_T02,39.121685510,10.189852530,0.1,905.26,238.35,869.009,76.0,38.63,13.68,904.53,4337518.14,1781523.93
00:22:46.30,18/01/2026,11:23:39,17_T02,39.121686020,10.189851475,0.1,905.33,239.03,868.903,76.0,38.63,13.68,904.53,4337518.05,1781523.99
00:22:47.30,18/01/2026,11:23:40,17_T02,39.121686619,10.189850874,0.1,905.64,239.68,868.832,76.0,38.63,13.69,904.40,4337518.00,1781524.05
00:22:48.29,18/01/2026,11:23:41,17_T02,39.121686801,10.189851488,0.1,905.49,240.21,868.875,76.0,38.63,13.69,904.40,4337518.05,1781524.07
00:22:49.29,18/01/2026,11:23:42,17_T02,39.121686630,10.189852407,0.1,904.66,240.32,868.957,76.0,38.63,13.69,904.08,4337518.13,1781524.05
00:22:50.28,18/01/2026,11:23:43,17_T02,39.121686906,10.189852566,0.1,903.64,240.61,868.960,76.0,38.63,13.69,904.08,4337518.15,1781524.08
00:22:51.30,18/01/2026,11:23:44,17_T02,39.121687251,10.189852691,0.1,902.95,241.06,868.957,76.0,38.63,13.69,902.22,4337518.16,1781524.12
00:22:52.29,18/01/2026,11:23:45,17_T02,39.121687999,10.189852624,0.1,902.80,241.68,868.924,76.0,38.63,13.69,902.22,4337518.15,1781524.20
00:22:53.30,18/01/2026,11:23:46,17_T02,39.121688595,10.189852307,0.1,902.96,242.11,868.876,76.0,38.63,13.70,901.79,4337518.12,1781524.27
00:22:54.29,18/01/2026,11:23:47,17_T02,39.121688819,10.189852791,0.1,902.98,242.47,868.907,76.0,38.63,13.70,901.79,4337518.17,1781524.30
00:22:55.29,18/01/2026,11:23:48,17_T02,39.121688561,10.189853972,0.1,902.47,242.53,869.013,76.0,38.63,13.69,901.68,4337518.27,1781524.27
00:22:56.28,18/01/2026,11:23:49,17_T02,39.121689456,10.189855531,0.1,901.60,242.62,869.108,76.0,38.63,13.69,901.68,4337518.40,1781524.37
00:22:57.28,18/01/2026,11:23:50,17_T02,39.121690282,10.189855989,0.1,900.80,242.94,869.114,76.0,38.63,13.69,900.06,4337518.44,1781524.46
00:22:58.29,18/01/2026,11:23:51,17_T02,39.121690907,10.189855561,0.1,900.37,243.43,869.056,76.0,38.63,13.69,900.06,4337518.41,1781524.53
00:22:59.26,18/01/2026,11:23:52,17_T02,39.121691399,10.189855237,0.1,900.31,243.77,869.011,76.0,38.63,13.71,899.23,4337518.38,1781524.58
00:23:00.28,18/01/2026,11:23:53,17_T02,39.121691660,10.189855408,0.1,900.28,243.99,869.016,76.0,38.63,13.71,899.23,4337518.39,1781524.61
00:23:01.28,18/01/2026,11:23:54,17_T02,39.121691439,10.189855910,0.1,899.97,244.04,869.065,76.0,38.63,13.71,899.23,4337518.44,1781524.58
00:23:02.28,18/01/2026,11:23:55,17_T02,39.121690947,10.189856848,0.2,899.40,244.00,869.160,76.0,38.63,13.70,899.02,4337518.52,1781524.53
00:23:03.31,18/01/2026,11:23:56,17_T02,39.121691165,10.189857227,0.2,898.82,244.11,869.183,76.0,38.63,13.70,899.02,4337518.55,1781524.55
00:23:04.29,18/01/2026,11:23:57,17_T02,39.121691517,10.189857181,0.1,898.33,244.31,869.166,76.0,38.63,13.70,897.94,4337518.55,1781524.59
00:23:05.28,18/01/2026,11:23:58,17_T02,39.121691802,10.189857130,0.1,897.98,244.52,869.151,76.0,38.63,13.70,897.94,4337518.54,1781524.63
00:23:06.29,18/01/2026,11:23:59,17_T02,39.121691758,10.189855918,0.1,897.74,244.67,869.054,76.0,38.63,13.70,896.99,4337518.44,1781524.62
00:23:07.29,18/01/2026,11:24:00,17_T02,39.121691545,10.189855507,0.1,897.36,244.72,869.028,76.0,38.63,13.70,896.99,4337518.40,1781524.60
00:23:08.29,18/01/2026,11:24:01,17_T02,39.121691444,10.189856188,0.1,896.79,244.84,869.087,76.0,38.63,13.71,896.38,4337518.46,1781524.59
00:23:09.28,18/01/2026,11:24:02,17_T02,39.121691609,10.189856562,0.1,896.36,245.10,869.112,76.0,38.63,13.71,896.38,4337518.49,1781524.60
00:23:10.30,18/01/2026,11:24:03,17_T02,39.121692002,10.189856616,0.1,896.22,245.46,869.102,76.0,38.63,13.72,895.36,4337518.50,1781524.65
00:23:11.29,18/01/2026,11:24:04,17_T02,39.121692149,10.189856160,0.1,896.12,245.78,869.059,76.0,38.63,13.72,895.36,4337518.46,1781524.66
00:23:12.29,18/01/2026,11:24:05,17_T02,39.121692054,10.189856117,0.1,895.68,245.96,869.059,76.0,38.64,13.71,895.06,4337518.46,1781524.65
00:23:13.28,18/01/2026,11:24:06,17_T02,39.121691969,10.189856785,0.1,894.91,246.23,869.117,76.0,38.64,13.71,895.06,4337518.51,1781524.64
00:23:14.28,18/01/2026,11:24:07,17_T02,39.121692008,10.189856995,0.1,894.13,246.63,869.133,76.0,38.65,13.71,893.95,4337518.53,1781524.65
00:23:15.28,18/01/2026,11:24:08,17_T02,39.121692360,10.189856841,0.1,893.72,247.09,869.107,76.0,38.65,13.71,893.95,4337518.52,1781524.69
00:23:16.28,18/01/2026,11:24:09,17_T02,39.121692987,10.189855920,0.1,893.76,247.53,869.008,76.0,38.66,13.75,892.67,4337518.44,1781524.76
00:23:17.28,18/01/2026,11:24:10,17_T02,39.121693402,10.189855597,0.1,893.89,247.86,868.966,76.0,38.66,13.75,892.67,4337518.41,1781524.80
00:23:18.25,18/01/2026,11:24:11,17_T02,39.121693214,10.189856450,0.1,893.53,248.03,869.043,76.0,38.61,13.76,892.79,4337518.48,1781524.78
00:23:19.28,18/01/2026,11:24:12,17_T02,39.121692871,10.189857421,0.1,892.68,248.12,869.135,76.0,38.61,13.76,892.79,4337518.57,1781524.74
00:23:20.27,18/01/2026,11:24:13,17_T02,39.121692940,10.189857590,0.1,891.83,248.49,869.147,76.0,38.68,13.75,891.62,4337518.58,1781524.75
00:23:21.28,18/01/2026,11:24:14,17_T02,39.121693630,10.189857449,0.1,891.34,248.92,869.109,76.0,38.68,13.75,891.62,4337518.57,1781524.83
00:23:22.29,18/01/2026,11:24:15,17_T02,39.121694545,10.189857235,0.1,891.23,249.27,869.058,76.0,38.64,13.78,890.28,4337518.55,1781524.93
00:23:23.27,18/01/2026,11:24:16,17_T02,39.121694661,10.189857266,0.1,891.21,249.55,869.056,76.0,38.64,13.78,890.28,4337518.55,1781524.94
00:23:24.27,18/01/2026,11:24:17,17_T02,39.121694512,10.189857819,0.1,891.04,249.80,869.107,76.0,38.69,13.78,890.13,4337518.60,1781524.92
00:23:25.28,18/01/2026,11:24:18,17_T02,39.121693913,10.189858060,0.1,890.59,249.82,869.149,76.0,38.69,13.78,890.13,4337518.62,1781524.86
00:23:26.28,18/01/2026,11:24:19,17_T02,39.121693612,10.189858162,0.1,889.95,249.83,869.168,76.0,38.66,13.84,889.45,4337518.63,1781524.83
00:23:27.27,18/01/2026,11:24:20,17_T02,39.121693706,10.189858316,0.1,889.24,250.04,869.178,76.0,38.66,13.84,889.45,4337518.65,1781524.84
00:23:28.28,18/01/2026,11:24:21,17_T02,39.121693750,10.189858224,0.1,888.61,250.32,869.168,76.0,38.66,13.84,888.07,4337518.64,1781524.84
00:23:29.29,18/01/2026,11:24:22,17_T02,39.121693946,10.189858007,0.1,888.26,250.65,869.143,76.0,38.66,13.84,888.07,4337518.62,1781524.86
00:23:30.29,18/01/2026,11:24:23,17_T02,39.121694201,10.189857718,0.1,888.23,251.01,869.110,76.0,38.65,13.81,887.16,4337518.59,1781524.89
00:23:31.28,18/01/2026,11:24:24,17_T02,39.121694333,10.189857775,0.1,888.28,251.38,869.110,76.0,38.65,13.81,887.16,4337518.60,1781524.90
00:23:32.28,18/01/2026,11:24:25,17_T02,39.121694116,10.189858791,0.1,888.01,251.66,869.201,76.0,38.67,13.83,887.17,4337518.69,1781524.88
00:23:33.28,18/01/2026,11:24:26,17_T02,39.121693738,10.189859760,0.1,887.32,251.78,869.295,76.0,38.67,13.83,887.17,4337518.77,1781524.84
00:23:34.28,18/01/2026,11:24:27,17_T02,39.121693784,10.189859992,0.1,886.48,252.15,869.312,76.0,38.68,13.84,886.03,4337518.79,1781524.84
00:23:35.28,18/01/2026,11:24:28,17_T02,39.121694404,10.189859972,0.1,885.83,252.57,869.287,76.0,38.68,13.84,886.03,4337518.79,1781524.91
00:23:36.29,18/01/2026,11:24:29,17_T02,39.121695082,10.189859704,0.1,885.58,253.05,869.240,76.0,38.66,13.84,884.67,4337518.77,1781524.99
00:23:37.27,18/01/2026,11:24:30,17_T02,39.121695364,10.189859488,0.1,885.60,253.44,869.212,76.0,38.66,13.84,884.67,4337518.75,1781525.02
00:23:38.28,18/01/2026,11:24:31,17_T02,39.121695288,10.189859887,0.1,885.51,253.71,869.247,76.0,38.67,13.83,884.51,4337518.78,1781525.01
00:23:39.29,18/01/2026,11:24:32,17_T02,39.121694764,10.189860886,0.1,885.02,253.78,869.349,76.0,38.67,13.83,884.51,4337518.87,1781524.95
00:23:40.26,18/01/2026,11:24:33,17_T02,39.121694052,10.189861049,0.1,884.29,253.92,869.389,76.0,38.68,13.85,883.70,4337518.88,1781524.87
00:23:41.27,18/01/2026,11:24:34,17_T02,39.121693863,10.189860799,0.1,883.65,254.26,869.375,76.0,38.68,13.85,883.70,4337518.86,1781524.85
00:23:42.28,18/01/2026,11:24:35,17_T02,39.121694206,10.189860456,0.1,883.30,254.68,869.334,76.0,38.67,13.85,882.42,4337518.83,1781524.89
00:23:43.29,18/01/2026,11:24:36,17_T02,39.121694381,10.189860205,0.1,883.21,255.00,869.307,76.0,38.67,13.85,882.42,4337518.81,1781524.91
00:23:44.28,18/01/2026,11:24:37,17_T02,39.121694335,10.189860350,0.1,883.08,255.31,869.321,76.0,38.67,13.84,882.10,4337518.82,1781524.91
00:23:45.28,18/01/2026,11:24:38,17_T02,39.121693845,10.189861444,0.1,882.59,255.42,869.429,76.0,38.67,13.84,882.10,4337518.92,1781524.85
00:23:46.28,18/01/2026,11:24:39,17_T02,39.121693505,10.189862253,0.1,881.91,255.56,869.507,76.0,38.67,13.86,881.19,4337518.99,1781524.81
00:23:47.27,18/01/2026,11:24:40,17_T02,39.121693524,10.189862339,0.1,881.35,255.88,869.514,76.0,38.67,13.86,881.19,4337519.00,1781524.82
00:23:48.28,18/01/2026,11:24:41,17_T02,39.121693767,10.189862129,0.1,881.06,256.24,869.488,76.0,38.67,13.85,880.11,4337518.98,1781524.84
00:23:49.27,18/01/2026,11:24:42,17_T02,39.121693823,10.189862032,0.1,880.89,256.57,869.478,76.0,38.67,13.85,880.11,4337518.97,1781524.85
00:23:50.27,18/01/2026,11:24:43,17_T02,39.121693784,10.189861321,0.1,880.58,256.71,869.421,76.0,38.68,13.86,879.65,4337518.91,1781524.84
00:23:51.27,18/01/2026,11:24:44,17_T02,39.121693497,10.189861155,0.1,880.05,256.74,869.418,76.0,38.68,13.86,879.65,4337518.89,1781524.81
00:23:52.28,18/01/2026,11:24:45,17_T02,39.121693133,10.189861581,0.1,879.52,256.83,869.466,76.0,38.68,13.86,879.65,4337518.93,1781524.77
00:23:53.27,18/01/2026,11:24:46,17_T02,39.121693029,10.189861656,0.1,879.11,256.98,869.476,76.0,38.67,13.86,878.67,4337518.94,1781524.76
00:23:54.28,18/01/2026,11:24:47,17_T02,39.121692923,10.189860399,0.1,878.80,257.13,869.377,76.0,38.67,13.86,878.67,4337518.83,1781524.75
00:23:55.27,18/01/2026,11:24:48,17_T02,39.121692684,10.189859532,0.1,878.54,257.26,869.315,76.0,38.67,13.85,877.85,4337518.75,1781524.72
00:23:56.27,18/01/2026,11:24:49,17_T02,39.121692393,10.189859684,0.1,878.28,257.34,869.338,76.0,38.67,13.85,877.85,4337518.77,1781524.69
00:23:57.26,18/01/2026,11:24:50,17_T02,39.121692005,10.189860016,0.1,877.96,257.40,869.380,76.0,38.67,13.86,877.31,4337518.79,1781524.65
00:23:58.27,18/01/2026,11:24:51,17_T02,39.121691627,10.189860297,0.1,877.46,257.48,869.417,76.0,38.67,13.86,877.31,4337518.82,1781524.61
00:23:59.28,18/01/2026,11:24:52,17_T02,39.121692432,10.189861371,0.1,876.73,257.65,869.475,76.0,38.67,13.86,876.55,4337518.91,1781524.70
00:24:00.28,18/01/2026,11:24:53,17_T02,39.121692986,10.189862009,0.1,876.01,257.90,869.507,76.0,38.67,13.86,876.55,4337518.97,1781524.76
00:24:01.28,18/01/2026,11:24:54,17_T02,39.121693105,10.189861817,0.1,875.73,258.23,869.487,76.0,38.68,13.87,875.12,4337518.95,1781524.77
00:24:02.27,18/01/2026,11:24:55,17_T02,39.121693364,10.189861439,0.1,875.95,258.52,869.446,76.0,38.68,13.87,875.12,4337518.92,1781524.80
00:24:03.28,18/01/2026,11:24:56,17_T02,39.121693355,10.189861594,0.1,876.09,258.88,869.459,76.0,38.67,13.87,874.86,4337518.93,1781524.80
00:24:04.28,18/01/2026,11:24:57,17_T02,39.121693033,10.189862154,0.1,875.57,258.85,869.517,76.0,38.67,13.87,874.86,4337518.98,1781524.76
00:24:05.27,18/01/2026,11:24:58,17_T02,39.121692866,10.189862426,0.1,874.50,258.92,869.545,76.0,38.68,13.86,874.59,4337519.00,1781524.74
00:24:06.27,18/01/2026,11:24:59,17_T02,39.121692820,10.189862224,0.1,873.38,259.26,869.531,76.0,38.68,13.86,874.59,4337518.99,1781524.74
00:24:07.27,18/01/2026,11:25:00,17_T02,39.121693177,10.189861709,0.1,872.84,259.80,869.475,76.0,38.67,13.87,872.44,4337518.94,1781524.78
00:24:08.27,18/01/2026,11:25:01,17_T02,39.121693699,10.189861309,0.1,873.01,260.26,869.423,76.0,38.67,13.87,872.44,4337518.91,1781524.84
00:24:09.26,18/01/2026,11:25:02,17_T02,39.121694964,10.189861233,0.1,873.56,260.96,869.370,76.0,38.66,13.87,872.00,4337518.90,1781524.98
00:24:10.26,18/01/2026,11:25:03,17_T02,39.121695366,10.189861714,0.1,873.71,262.09,869.394,76.0,38.66,13.87,872.00,4337518.94,1781525.02
00:24:11.27,18/01/2026,11:25:04,17_T02,39.121694339,10.189862460,0.1,872.72,262.23,869.493,76.0,38.68,13.88,872.59,4337519.01,1781524.91
00:24:12.28,18/01/2026,11:25:05,17_T02,39.121694300,10.189862338,0.1,871.19,262.32,869.485,76.0,38.68,13.88,872.59,4337519.00,1781524.90
00:24:13.27,18/01/2026,11:25:06,17_T02,39.121694684,10.189861729,0.1,870.17,262.54,869.421,76.0,38.67,13.87,870.08,4337518.94,1781524.94
00:24:14.28,18/01/2026,11:25:07,17_T02,39.121694988,10.189860974,0.1,869.98,262.84,869.348,76.0,38.67,13.87,870.08,4337518.88,1781524.98
00:24:15.26,18/01/2026,11:25:08,17_T02,39.121695810,10.189860730,0.1,870.30,263.42,869.297,76.0,38.67,13.88,869.00,4337518.86,1781525.07
00:24:16.26,18/01/2026,11:25:09,17_T02,39.121697032,10.189861034,0.1,870.87,264.60,869.276,76.0,38.67,13.88,869.00,4337518.88,1781525.20
00:24:17.26,18/01/2026,11:25:10,17_T02,39.121696262,10.189861861,0.1,870.63,265.60,869.373,76.0,38.68,13.87,869.79,4337518.95,1781525.12
00:24:18.26,18/01/2026,11:25:11,17_T02,39.121695314,10.189862193,0.2,869.47,265.57,869.435,76.0,38.68,13.87,869.79,4337518.98,1781525.01
00:24:19.27,18/01/2026,11:25:12,17_T02,39.121695588,10.189861645,0.2,868.44,265.47,869.380,76.0,38.68,13.88,868.24,4337518.94,1781525.04
00:24:20.26,18/01/2026,11:25:13,17_T02,39.121696084,10.189861052,0.1,868.16,265.63,869.313,76.0,38.68,13.88,868.24,4337518.88,1781525.10
00:24:21.27,18/01/2026,11:25:14,17_T02,39.121696442,10.189860794,0.1,868.27,265.95,869.279,76.0,38.67,13.88,867.18,4337518.86,1781525.14
00:24:22.26,18/01/2026,11:25:15,17_T02,39.121696212,10.189861001,0.1,868.16,265.86,869.304,76.0,38.67,13.88,867.18,4337518.88,1781525.11
00:24:23.25,18/01/2026,11:25:16,17_T02,39.121695500,10.189861583,0.1,867.69,265.29,869.378,76.0,38.68,13.88,867.02,4337518.93,1781525.03
00:24:24.28,18/01/2026,11:25:17,17_T02,39.121695070,10.189861849,0.1,867.11,264.72,869.416,76.0,38.68,13.88,867.02,4337518.95,1781524.99
00:24:25.27,18/01/2026,11:25:18,17_T02,39.121694952,10.189861719,0.1,866.56,264.36,869.410,76.0,38.68,13.88,865.92,4337518.94,1781524.97
00:24:26.28,18/01/2026,11:25:19,17_T02,39.121694833,10.189861443,0.1,866.05,264.05,869.392,76.0,38.68,13.88,865.92,4337518.92,1781524.96
00:24:27.26,18/01/2026,11:25:20,17_T02,39.121694675,10.189861219,0.1,865.70,263.84,869.379,76.0,38.68,13.88,864.90,4337518.90,1781524.94
00:24:28.26,18/01/2026,11:25:21,17_T02,39.121695156,10.189861780,0.1,865.55,263.67,869.407,76.0,38.68,13.88,864.90,4337518.95,1781525.00
00:24:29.26,18/01/2026,11:25:22,17_T02,39.121695167,10.189862266,0.1,865.41,263.38,869.447,76.0,38.67,13.88,864.49,4337518.99,1781525.00
00:24:30.26,18/01/2026,11:25:23,17_T02,39.121694556,10.189862742,0.1,864.96,262.99,869.508,76.0,38.67,13.88,864.49,4337519.03,1781524.93
00:24:31.27,18/01/2026,11:25:24,17_T02,39.121694209,10.189863043,0.1,864.21,262.80,869.546,76.0,38.68,13.88,863.63,4337519.06,1781524.89
00:24:32.28,18/01/2026,11:25:25,17_T02,39.121694274,10.189862963,0.1,863.55,262.96,869.537,76.0,38.68,13.88,863.63,4337519.05,1781524.90
00:24:33.26,18/01/2026,11:25:26,17_T02,39.121695317,10.189863564,0.1,863.35,263.35,869.547,76.0,38.68,13.88,862.39,4337519.10,1781525.01
00:24:34.26,18/01/2026,11:25:27,17_T02,39.121695982,10.189863908,0.1,863.43,263.66,869.551,76.0,38.68,13.88,862.39,4337519.13,1781525.09
00:24:35.26,18/01/2026,11:25:28,17_T02,39.121695779,10.189864224,0.1,863.22,263.71,869.584,76.0,38.68,13.88,862.35,4337519.16,1781525.07
00:24:36.26,18/01/2026,11:25:29,17_T02,39.121695297,10.189864753,0.1,862.48,263.70,869.646,76.0,38.68,13.88,862.35,4337519.21,1781525.01
00:24:37.23,18/01/2026,11:25:30,17_T02,39.121695298,10.189864875,0.1,861.64,263.97,869.655,76.0,38.68,13.88,861.00,4337519.22,1781525.01
00:24:38.25,18/01/2026,11:25:31,17_T02,39.121696282,10.189865141,0.1,861.17,264.34,869.641,76.0,38.68,13.88,861.00,4337519.24,1781525.12
00:24:39.26,18/01/2026,11:25:32,17_T02,39.121697115,10.189865183,0.1,861.12,264.77,869.613,76.0,38.67,13.89,860.10,4337519.24,1781525.21
00:24:40.25,18/01/2026,11:25:33,17_T02,39.121697410,10.189865108,0.1,861.13,265.12,869.596,76.0,38.67,13.89,860.10,4337519.24,1781525.25
00:24:41.26,18/01/2026,11:25:34,17_T02,39.121697270,10.189865358,0.1,860.78,265.28,869.622,76.0,38.67,13.89,860.10,4337519.26,1781525.23
00:24:42.26,18/01/2026,11:25:35,17_T02,39.121696858,10.189865832,0.1,860.08,265.40,869.676,76.0,38.68,13.88,859.91,4337519.30,1781525.19
00:24:43.26,18/01/2026,11:25:36,17_T02,39.121697654,10.189867003,0.1,859.40,265.76,869.742,76.0,38.68,13.88,859.91,4337519.40,1781525.27
00:24:44.27,18/01/2026,11:25:37,17_T02,39.121698539,10.189867512,0.1,858.96,266.22,869.751,76.0,38.68,13.88,858.61,4337519.44,1781525.37
00:24:45.25,18/01/2026,11:25:38,17_T02,39.121698979,10.189867188,0.1,858.74,266.61,869.708,76.0,38.68,13.88,858.61,4337519.42,1781525.42
00:24:46.25,18/01/2026,11:25:39,17_T02,39.121699233,10.189867073,0.1,858.56,266.92,869.689,76.0,38.68,13.90,857.78,4337519.41,1781525.45
00:24:47.26,18/01/2026,11:25:40,17_T02,39.121699131,10.189867259,0.1,858.23,267.11,869.708,76.0,38.68,13.90,857.78,4337519.42,1781525.44
00:24:48.26,18/01/2026,11:25:41,17_T02,39.121699360,10.189868199,0.1,857.78,267.29,869.777,76.0,38.68,13.88,857.29,4337519.50,1781525.46
00:24:49.26,18/01/2026,11:25:42,17_T02,39.121699738,10.189868729,0.1,857.31,267.51,869.806,76.0,38.68,13.88,857.29,4337519.55,1781525.50
00:24:50.26,18/01/2026,11:25:43,17_T02,39.121700005,10.189868592,0.1,856.86,267.76,869.785,76.0,38.68,13.89,856.38,4337519.54,1781525.53
00:24:51.25,18/01/2026,11:25:44,17_T02,39.121700168,10.189868442,0.1,856.41,267.98,869.766,76.0,38.68,13.89,856.38,4337519.53,1781525.55
00:24:52.26,18/01/2026,11:25:45,17_T02,39.121700355,10.189868596,0.1,856.03,268.19,869.772,76.0,38.68,13.89,855.45,4337519.54,1781525.57
00:24:53.26,18/01/2026,11:25:46,17_T02,39.121700453,10.189868714,0.1,855.72,268.40,869.778,76.0,38.68,13.89,855.45,4337519.55,1781525.58
00:24:54.26,18/01/2026,11:25:47,17_T02,39.121700471,10.189868761,0.1,855.42,268.59,869.781,76.0,38.68,13.89,854.73,4337519.55,1781525.58
00:24:55.26,18/01/2026,11:25:48,17_T02,39.121700497,10.189868841,0.1,855.12,268.76,869.787,76.0,38.68,13.89,854.73,4337519.56,1781525.59
00:24:56.25,18/01/2026,11:25:49,17_T02,39.121700520,10.189868874,0.1,854.71,268.93,869.789,76.0,38.68,13.90,854.12,4337519.56,1781525.59
00:24:57.28,18/01/2026,11:25:50,17_T02,39.121700762,10.189869726,0.1,854.16,269.14,869.849,76.0,38.68,13.90,854.12,4337519.64,1781525.62
00:24:58.25,18/01/2026,11:25:51,17_T02,39.121700990,10.189870163,0.1,853.62,269.41,869.877,76.0,38.67,13.89,853.16,4337519.67,1781525.64
00:24:59.26,18/01/2026,11:25:52,17_T02,39.121701117,10.189869985,0.1,853.18,269.66,869.857,76.0,38.67,13.89,853.16,4337519.66,1781525.66
00:25:00.26,18/01/2026,11:25:53,17_T02,39.121701278,10.189869780,0.1,852.91,269.87,869.835,76.0,38.68,13.88,852.16,4337519.64,1781525.67
00:25:01.25,18/01/2026,11:25:54,17_T02,39.121701475,10.189869661,0.1,852.76,270.15,869.818,76.0,38.68,13.88,852.16,4337519.63,1781525.70
00:25:02.25,18/01/2026,11:25:55,17_T02,39.121701102,10.189869495,0.1,852.50,270.37,869.818,76.0,38.67,13.89,851.71,4337519.62,1781525.65
00:25:03.26,18/01/2026,11:25:56,17_T02,39.121700654,10.189869573,0.1,852.01,270.50,869.841,76.0,38.67,13.89,851.71,4337519.62,1781525.60
00:25:04.26,18/01/2026,11:25:57,17_T02,39.121700638,10.189869652,0.1,851.44,270.81,869.848,76.0,38.68,13.89,850.93,4337519.63,1781525.60
00:25:05.26,18/01/2026,11:25:58,17_T02,39.121700822,10.189869518,0.1,850.86,271.22,869.830,76.0,38.68,13.89,850.93,4337519.62,1781525.62
00:25:06.25,18/01/2026,11:25:59,17_T02,39.121700989,10.189869037,0.1,850.37,271.63,869.785,76.0,38.68,13.88,849.76,4337519.58,1781525.64
00:25:07.26,18/01/2026,11:26:00,17_T02,39.121701322,10.189868622,0.1,850.13,272.06,869.738,76.0,38.68,13.88,849.76,4337519.54,1781525.68
00:25:08.25,18/01/2026,11:26:01,17_T02,39.121701429,10.189868470,0.1,850.05,272.35,869.722,76.0,38.68,13.89,849.10,4337519.53,1781525.69
00:25:09.24,18/01/2026,11:26:02,17_T02,39.121701271,10.189868636,0.1,849.76,272.53,869.741,76.0,38.68,13.89,849.10,4337519.54,1781525.67
00:25:10.25,18/01/2026,11:26:03,17_T02,39.121700883,10.189868950,0.1,849.18,272.68,869.781,76.0,38.68,13.88,848.60,4337519.57,1781525.63
00:25:11.25,18/01/2026,11:26:04,17_T02,39.121700647,10.189868772,0.1,848.59,273.00,869.776,76.0,38.68,13.88,848.60,4337519.55,1781525.60
00:25:12.26,18/01/2026,11:26:05,17_T02,39.121700639,10.189868253,0.1,848.14,273.41,869.733,76.0,38.68,13.89,847.44,4337519.51,1781525.60
00:25:13.25,18/01/2026,11:26:06,17_T02,39.121700891,10.189867971,0.1,847.83,273.76,869.701,76.0,38.68,13.89,847.44,4337519.48,1781525.63
00:25:14.25,18/01/2026,11:26:07,17_T02,39.121700978,10.189867789,0.1,847.55,274.01,869.683,76.0,38.67,13.91,846.71,4337519.47,1781525.64
00:25:15.25,18/01/2026,11:26:08,17_T02,39.121700812,10.189867829,0.1,847.18,274.13,869.692,76.0,38.67,13.91,846.71,4337519.47,1781525.62
00:25:16.25,18/01/2026,11:26:09,17_T02,39.121700369,10.189867744,0.1,846.77,274.20,869.702,76.0,38.67,13.89,846.00,4337519.46,1781525.57
00:25:17.25,18/01/2026,11:26:10,17_T02,39.121700206,10.189867705,0.1,846.39,274.35,869.705,76.0,38.67,13.89,846.00,4337519.46,1781525.55
00:25:18.25,18/01/2026,11:26:11,17_T02,39.121700205,10.189867693,0.1,846.01,274.58,869.704,76.0,38.68,13.89,845.23,4337519.46,1781525.55
00:25:19.25,18/01/2026,11:26:12,17_T02,39.121700178,10.189867621,0.1,845.56,274.82,869.699,76.0,38.68,13.89,845.23,4337519.45,1781525.55
00:25:20.26,18/01/2026,11:26:13,17_T02,39.121699763,10.189866816,0.1,845.08,275.10,869.648,76.0,38.67,13.89,844.32,4337519.38,1781525.51
00:25:21.25,18/01/2026,11:26:14,17_T02,39.121699451,10.189866262,0.1,844.66,275.35,869.615,76.0,38.67,13.89,844.32,4337519.34,1781525.47
00:25:22.25,18/01/2026,11:26:15,17_T02,39.121699441,10.189866204,0.1,844.36,275.56,869.610,76.0,38.68,13.89,843.49,4337519.33,1781525.47
00:25:23.25,18/01/2026,11:26:16,17_T02,39.121699426,10.189866209,0.1,844.11,275.70,869.611,76.0,38.68,13.89,843.49,4337519.33,1781525.47
00:25:24.25,18/01/2026,11:26:17,17_T02,39.121699235,10.189866279,0.1,843.78,275.76,869.624,76.0,38.67,13.88,842.92,4337519.34,1781525.45
00:25:25.24,18/01/2026,11:26:18,17_T02,39.121698715,10.189866965,0.1,843.35,275.83,869.700,76.0,38.67,13.88,842.92,4337519.40,1781525.39
00:25:26.24,18/01/2026,11:26:19,17_T02,39.121698383,10.189867362,0.1,842.86,275.95,869.744,76.0,38.68,13.88,842.05,4337519.43,1781525.35
00:25:27.26,18/01/2026,11:26:20,17_T02,39.121698265,10.189867359,0.1,842.34,276.06,869.749,76.0,38.68,13.88,842.05,4337519.43,1781525.34
00:25:28.25,18/01/2026,11:26:21,17_T02,39.121698158,10.189867271,0.1,841.87,276.14,869.745,76.0,38.68,13.88,841.01,4337519.42,1781525.33
00:25:29.24,18/01/2026,11:26:22,17_T02,39.121698065,10.189867181,0.1,841.50,276.18,869.741,76.0,38.68,13.88,841.01,4337519.42,1781525.32
00:25:30.24,18/01/2026,11:26:23,17_T02,39.121697834,10.189866701,0.1,841.28,276.15,869.711,76.0,38.68,13.88,841.01,4337519.37,1781525.29
00:25:31.23,18/01/2026,11:26:24,17_T02,39.121697623,10.189866403,0.1,841.12,276.13,869.694,76.0,38.68,13.88,840.32,4337519.35,1781525.27
00:25:32.26,18/01/2026,11:26:25,17_T02,39.121697140,10.189866624,0.1,840.74,275.99,869.730,76.0,38.68,13.88,840.32,4337519.37,1781525.22
00:25:33.24,18/01/2026,11:26:26,17_T02,39.121696731,10.189866864,0.1,840.11,275.98,869.765,76.0,38.68,13.88,839.85,4337519.39,1781525.17
00:25:34.23,18/01/2026,11:26:27,17_T02,39.121696309,10.189866890,0.1,839.50,276.19,869.783,76.0,38.68,13.88,839.85,4337519.39,1781525.12
00:25:35.27,18/01/2026,11:26:28,17_T02,39.121696265,10.189866746,0.1,839.12,276.50,869.773,76.0,38.68,13.88,838.64,4337519.38,1781525.12
00:25:36.25,18/01/2026,11:26:29,17_T02,39.121696370,10.189866576,0.1,838.95,276.76,869.755,76.0,38.68,13.88,838.64,4337519.36,1781525.13
00:25:37.25,18/01/2026,11:26:30,17_T02,39.121696243,10.189866567,0.1,838.73,276.85,869.759,76.0,38.69,13.89,837.95,4337519.36,1781525.12
00:25:38.24,18/01/2026,11:26:31,17_T02,39.121695768,10.189866810,0.1,838.28,276.78,869.796,76.0,38.69,13.89,837.95,4337519.38,1781525.06
00:25:39.24,18/01/2026,11:26:32,17_T02,39.121695360,10.189866841,0.1,837.74,276.83,869.814,76.0,38.68,13.88,837.34,4337519.39,1781525.02
00:25:40.24,18/01/2026,11:26:33,17_T02,39.121695267,10.189866798,0.1,837.33,277.02,869.814,76.0,38.68,13.88,837.34,4337519.38,1781525.01
00:25:41.23,18/01/2026,11:26:34,17_T02,39.121695320,10.189866770,0.1,837.00,277.27,869.810,76.0,38.68,13.89,836.37,4337519.38,1781525.02
00:25:42.25,18/01/2026,11:26:35,17_T02,39.121695227,10.189866719,0.1,836.58,277.47,869.809,76.0,38.68,13.89,836.37,4337519.38,1781525.01
00:25:43.24,18/01/2026,11:26:36,17_T02,39.121695012,10.189866765,0.1,836.17,277.67,869.821,76.0,38.67,13.90,835.60,4337519.38,1781524.98
00:25:44.25,18/01/2026,11:26:37,17_T02,39.121695304,10.189868193,0.1,835.88,277.83,869.927,76.0,38.67,13.90,835.60,4337519.50,1781525.01
00:25:45.25,18/01/2026,11:26:38,17_T02,39.121695368,10.189869139,0.1,835.52,277.92,870.002,76.0,38.68,13.91,834.86,4337519.59,1781525.02
00:25:46.25,18/01/2026,11:26:39,17_T02,39.121695094,10.189869346,0.1,835.00,278.01,870.029,76.0,38.68,13.91,834.86,4337519.61,1781524.99
00:25:47.25,18/01/2026,11:26:40,17_T02,39.121694933,10.189869491,0.1,834.51,278.21,870.047,76.0,38.67,13.90,833.98,4337519.62,1781524.97
00:25:48.24,18/01/2026,11:26:41,17_T02,39.121694977,10.189869680,0.1,834.20,278.44,870.061,76.0,38.67,13.90,833.98,4337519.63,1781524.98
00:25:49.23,18/01/2026,11:26:42,17_T02,39.121695054,10.189869773,0.1,834.01,278.67,870.066,76.0,38.68,13.89,833.18,4337519.64,1781524.99
00:25:50.24,18/01/2026,11:26:43,17_T02,39.121694923,10.189869852,0.1,833.74,278.80,870.077,76.0,38.68,13.89,833.18,4337519.65,1781524.97
00:25:51.24,18/01/2026,11:26:44,17_T02,39.121694560,10.189870090,0.1,833.24,278.90,870.110,76.0,38.68,13.89,832.68,4337519.67,1781524.93
00:25:52.24,18/01/2026,11:26:45,17_T02,39.121694378,10.189870287,0.1,832.61,279.10,870.133,76.0,38.68,13.89,832.68,4337519.69,1781524.91
00:25:53.24,18/01/2026,11:26:46,17_T02,39.121694294,10.189870765,0.1,832.07,279.36,870.175,76.0,38.68,13.88,831.52,4337519.73,1781524.90
00:25:54.24,18/01/2026,11:26:47,17_T02,39.121694427,10.189870951,0.1,831.75,279.63,870.186,76.0,38.68,13.88,831.52,4337519.75,1781524.92
00:25:55.24,18/01/2026,11:26:48,17_T02,39.121694508,10.189870885,0.1,831.61,279.85,870.177,76.0,38.68,13.88,830.71,4337519.74,1781524.93
00:25:56.24,18/01/2026,11:26:49,17_T02,39.121694371,10.189870978,0.1,831.43,279.95,870.190,76.0,38.68,13.88,830.71,4337519.75,1781524.91
00:25:57.23,18/01/2026,11:26:50,17_T02,39.121693871,10.189871235,0.1,830.98,279.89,870.229,76.0,38.67,13.89,830.33,4337519.77,1781524.86
00:25:58.24,18/01/2026,11:26:51,17_T02,39.121693775,10.189872726,0.1,830.35,279.96,870.355,76.0,38.67,13.89,830.33,4337519.90,1781524.85
00:25:59.24,18/01/2026,11:26:52,17_T02,39.121693906,10.189873508,0.1,829.77,280.24,870.414,76.0,38.68,13.89,829.17,4337519.97,1781524.86
00:26:00.24,18/01/2026,11:26:53,17_T02,39.121694137,10.189873479,0.1,829.43,280.62,870.403,76.0,38.68,13.89,829.17,4337519.97,1781524.89
00:26:01.24,18/01/2026,11:26:54,17_T02,39.121694310,10.189873377,0.1,829.31,280.94,870.389,76.0,38.69,13.89,828.36,4337519.96,1781524.91
00:26:02.24,18/01/2026,11:26:55,17_T02,39.121694216,10.189873454,0.1,829.13,281.11,870.398,76.0,38.69,13.89,828.36,4337519.96,1781524.90
00:26:03.24,18/01/2026,11:26:56,17_T02,39.121693709,10.189873794,0.1,828.63,281.07,870.445,76.0,38.67,13.88,827.95,4337519.99,1781524.84
00:26:04.24,18/01/2026,11:26:57,17_T02,39.121693395,10.189874106,0.1,827.98,281.15,870.482,76.0,38.67,13.88,827.95,4337520.02,1781524.80
00:26:05.24,18/01/2026,11:26:58,17_T02,39.121693406,10.189874170,0.1,827.51,281.39,870.487,76.0,38.68,13.89,826.77,4337520.03,1781524.81
00:26:06.24,18/01/2026,11:26:59,17_T02,39.121693610,10.189874122,0.1,827.27,281.70,870.476,76.0,38.68,13.89,826.77,4337520.02,1781524.83
00:26:07.23,18/01/2026,11:27:00,17_T02,39.121693849,10.189875123,0.1,827.00,281.97,870.549,76.0,38.68,13.91,826.16,4337520.11,1781524.85
00:26:08.24,18/01/2026,11:27:01,17_T02,39.121693641,10.189875758,0.1,826.52,282.08,870.608,76.0,38.68,13.91,826.16,4337520.16,1781524.83
00:26:09.23,18/01/2026,11:27:02,17_T02,39.121693337,10.189875948,0.1,825.97,282.22,870.635,76.0,38.68,13.90,825.25,4337520.18,1781524.80
00:26:10.23,18/01/2026,11:27:03,17_T02,39.121693238,10.189876085,0.1,825.54,282.46,870.650,76.0,38.68,13.90,825.25,4337520.19,1781524.79
00:26:11.23,18/01/2026,11:27:04,17_T02,39.121693362,10.189876122,0.1,825.30,282.75,870.649,76.0,38.68,13.90,824.39,4337520.20,1781524.80
00:26:12.23,18/01/2026,11:27:05,17_T02,39.121693289,10.189876175,0.1,825.13,283.04,870.656,76.0,38.68,13.90,824.39,4337520.20,1781524.79
00:26:13.22,18/01/2026,11:27:06,17_T02,39.121692989,10.189876294,0.1,824.77,283.20,870.677,76.0,38.67,13.88,823.94,4337520.21,1781524.76
00:26:14.23,18/01/2026,11:27:07,17_T02,39.121692638,10.189876477,0.1,824.16,283.38,870.705,76.0,38.67,13.88,823.94,4337520.23,1781524.72
00:26:15.23,18/01/2026,11:27:08,17_T02,39.121692509,10.189876548,0.1,823.54,283.69,870.715,76.0,38.68,13.89,822.77,4337520.23,1781524.71
00:26:16.22,18/01/2026,11:27:09,17_T02,39.121692735,10.189876524,0.1,823.21,284.06,870.705,76.0,38.68,13.89,822.77,4337520.23,1781524.73
00:26:17.23,18/01/2026,11:27:10,17_T02,39.121692828,10.189877030,0.1,823.13,284.41,870.743,76.0,38.68,13.89,822.77,4337520.27,1781524.74
00:26:18.23,18/01/2026,11:27:11,17_T02,39.121692718,10.189877398,0.1,822.92,284.66,870.777,76.0,38.67,13.90,822.12,4337520.31,1781524.73
00:26:19.23,18/01/2026,11:27:12,17_T02,39.121692191,10.189877593,0.1,822.29,284.77,870.813,76.0,38.67,13.90,822.12,4337520.32,1781524.67
00:26:20.24,18/01/2026,11:27:13,17_T02,39.121691929,10.189877726,0.1,821.52,285.07,870.833,76.0,38.68,13.88,821.49,4337520.34,1781524.64
00:26:21.22,18/01/2026,11:27:14,17_T02,39.121691824,10.189877738,0.1,821.01,285.48,870.838,76.0,38.68,13.88,821.49,4337520.34,1781524.63
00:26:22.23,18/01/2026,11:27:15,17_T02,39.121692005,10.189877687,0.1,820.84,285.87,870.827,76.0,38.68,13.89,820.13,4337520.33,1781524.65
00:26:23.23,18/01/2026,11:27:16,17_T02,39.121692205,10.189877563,0.1,820.86,286.13,870.810,76.0,38.68,13.89,820.13,4337520.32,1781524.67
00:26:24.23,18/01/2026,11:27:17,17_T02,39.121691987,10.189877634,0.1,820.74,286.26,870.824,76.0,38.67,13.89,819.84,4337520.33,1781524.65
00:26:25.22,18/01/2026,11:27:18,17_T02,39.121691273,10.189877794,0.1,820.17,286.24,870.863,76.0,38.67,13.89,819.84,4337520.34,1781524.57
00:26:26.25,18/01/2026,11:27:19,17_T02,39.121690994,10.189878032,0.1,819.31,286.40,870.893,76.0,38.68,13.88,819.30,4337520.36,1781524.54
00:26:27.23,18/01/2026,11:27:20,17_T02,39.121691107,10.189877993,0.1,818.59,286.71,870.886,76.0,38.68,13.88,819.30,4337520.36,1781524.55
00:26:28.24,18/01/2026,11:27:21,17_T02,39.121691651,10.189877824,0.1,818.32,287.24,870.852,76.0,38.68,13.88,817.70,4337520.34,1781524.61
00:26:29.24,18/01/2026,11:27:22,17_T02,39.121692118,10.189877688,0.1,818.37,287.71,870.823,76.0,38.68,13.88,817.70,4337520.33,1781524.66
00:26:30.23,18/01/2026,11:27:23,17_T02,39.121691923,10.189878236,0.1,818.32,288.01,870.875,76.0,38.67,13.89,817.35,4337520.38,1781524.64
00:26:31.23,18/01/2026,11:27:24,17_T02,39.121691294,10.189878608,0.1,817.82,288.09,870.929,76.0,38.67,13.89,817.35,4337520.41,1781524.57
00:26:32.23,18/01/2026,11:27:25,17_T02,39.121690805,10.189878726,0.1,817.07,288.29,870.957,76.0,38.68,13.87,816.85,4337520.42,1781524.52
00:26:33.23,18/01/2026,11:27:26,17_T02,39.121691026,10.189878657,0.1,816.41,288.71,870.943,76.0,38.68,13.87,816.85,4337520.42,1781524.54
00:26:34.22,18/01/2026,11:27:27,17_T02,39.121691472,10.189878459,0.1,816.00,289.19,870.910,76.0,38.68,13.88,815.44,4337520.40,1781524.59
00:26:35.22,18/01/2026,11:27:28,17_T02,39.121691925,10.189879272,0.1,815.85,289.62,870.960,76.0,38.68,13.88,815.44,4337520.47,1781524.64
00:26:36.22,18/01/2026,11:27:29,17_T02,39.121692071,10.189879832,0.1,815.81,290.04,871.001,76.0,38.66,13.90,814.83,4337520.52,1781524.66
00:26:37.22,18/01/2026,11:27:30,17_T02,39.121691727,10.189879981,0.1,815.51,290.32,871.026,76.0,38.66,13.90,814.83,4337520.53,1781524.62
00:26:38.23,18/01/2026,11:27:31,17_T02,39.121691216,10.189880171,0.1,814.82,290.52,871.060,76.0,38.68,13.88,814.48,4337520.55,1781524.57
00:26:39.23,18/01/2026,11:27:32,17_T02,39.121691263,10.189880274,0.1,814.13,290.93,871.067,76.0,38.68,13.88,814.48,4337520.56,1781524.57
00:26:40.22,18/01/2026,11:27:33,17_T02,39.121691732,10.189880322,0.1,813.79,291.47,871.053,76.0,38.68,13.88,813.09,4337520.56,1781524.62
00:26:41.22,18/01/2026,11:27:34,17_T02,39.121691999,10.189880257,0.1,813.62,291.97,871.038,76.0,38.68,13.88,813.09,4337520.56,1781524.65
00:26:42.22,18/01/2026,11:27:35,17_T02,39.121692068,10.189880154,0.1,813.26,292.35,871.027,76.0,38.67,13.90,812.58,4337520.55,1781524.66
00:26:43.23,18/01/2026,11:27:36,17_T02,39.121691724,10.189880173,0.1,812.77,292.59,871.041,76.0,38.67,13.90,812.58,4337520.55,1781524.62
00:26:44.22,18/01/2026,11:27:37,17_T02,39.121691443,10.189879677,0.1,812.43,292.83,871.011,76.0,38.68,13.89,811.71,4337520.51,1781524.59
00:26:45.23,18/01/2026,11:27:38,17_T02,39.121691413,10.189879330,0.1,812.18,293.14,870.984,76.0,38.68,13.89,811.71,4337520.47,1781524.59
00:26:46.24,18/01/2026,11:27:39,17_T02,39.121691392,10.189879300,0.1,811.72,293.35,870.982,76.0,38.68,13.88,811.10,4337520.47,1781524.58
00:26:47.22,18/01/2026,11:27:40,17_T02,39.121691267,10.189879260,0.1,811.09,293.61,870.984,76.0,38.68,13.88,811.10,4337520.47,1781524.57
00:26:48.22,18/01/2026,11:27:41,17_T02,39.121691575,10.189879361,0.1,810.60,293.90,870.980,76.0,38.68,13.89,809.97,4337520.48,1781524.61
00:26:49.22,18/01/2026,11:27:42,17_T02,39.121691984,10.189879394,0.1,810.35,294.22,870.968,76.0,38.68,13.89,809.97,4337520.48,1781524.65
00:26:50.22,18/01/2026,11:27:43,17_T02,39.121692107,10.189879275,0.1,810.25,294.52,870.954,76.0,38.68,13.90,809.32,4337520.47,1781524.66
00:26:51.22,18/01/2026,11:27:44,17_T02,39.121692089,10.189879308,0.1,810.06,294.75,870.957,76.0,38.68,13.90,809.32,4337520.47,1781524.66
00:26:52.22,18/01/2026,11:27:45,17_T02,39.121691647,10.189879372,0.1,809.62,294.82,870.979,76.0,38.68,13.88,808.94,4337520.48,1781524.61
00:26:53.22,18/01/2026,11:27:46,17_T02,39.121691923,10.189879905,0.1,808.98,295.04,871.012,76.0,38.68,13.88,808.94,4337520.52,1781524.64
00:26:54.21,18/01/2026,11:27:47,17_T02,39.121692344,10.189880204,0.1,808.24,295.43,871.021,76.0,38.67,13.89,807.71,4337520.55,1781524.69
00:26:55.23,18/01/2026,11:27:48,17_T02,39.121692598,10.189880085,0.1,807.63,295.83,871.002,76.0,38.67,13.89,807.71,4337520.54,1781524.72
00:26:56.22,18/01/2026,11:27:49,17_T02,39.121693171,10.189880105,0.1,807.51,296.38,870.982,76.0,38.69,13.88,806.52,4337520.54,1781524.78
00:26:57.23,18/01/2026,11:27:50,17_T02,39.121693739,10.189880184,0.1,807.77,296.85,870.967,76.0,38.69,13.88,806.52,4337520.55,1781524.84
00:26:58.22,18/01/2026,11:27:51,17_T02,39.121693693,10.189880187,0.1,807.75,297.18,870.969,76.0,38.68,13.88,806.81,4337520.55,1781524.84
00:26:59.23,18/01/2026,11:27:52,17_T02,39.121692859,10.189880212,0.1,806.95,297.23,871.002,76.0,38.68,13.88,806.81,4337520.55,1781524.75
00:27:00.22,18/01/2026,11:27:53,17_T02,39.121692780,10.189880319,0.1,805.87,297.54,871.014,76.0,38.68,13.88,805.40,4337520.56,1781524.74
00:27:01.22,18/01/2026,11:27:54,17_T02,39.121693168,10.189880253,0.1,805.14,297.95,870.994,76.0,38.68,13.88,805.40,4337520.55,1781524.78
00:27:02.22,18/01/2026,11:27:55,17_T02,39.121694015,10.189880830,0.1,804.99,298.46,871.010,76.0,38.68,13.90,804.05,4337520.60,1781524.87
00:27:03.22,18/01/2026,11:27:56,17_T02,39.121694556,10.189881329,0.1,805.11,299.01,871.031,76.0,38.68,13.90,804.05,4337520.65,1781524.93
00:27:04.23,18/01/2026,11:27:57,17_T02,39.121694587,10.189881516,0.1,805.00,299.62,871.045,76.0,38.67,13.88,804.08,4337520.66,1781524.94
00:27:05.22,18/01/2026,11:27:58,17_T02,39.121694075,10.189881547,0.0,804.50,299.86,871.066,76.0,38.67,13.88,804.08,4337520.67,1781524.88
00:27:06.23,18/01/2026,11:27:59,17_T02,39.121693942,10.189881688,0.0,803.85,300.10,871.083,76.0,38.67,13.88,804.08,4337520.68,1781524.87
00:27:07.23,18/01/2026,11:28:00,17_T02,39.121694167,10.189882004,0.0,803.26,300.27,871.100,76.0,38.68,13.89,803.12,4337520.71,1781524.89
00:27:08.23,18/01/2026,11:28:01,17_T02,39.121694402,10.189882106,0.0,802.70,300.39,871.100,76.0,38.68,13.89,803.12,4337520.72,1781524.92
00:27:09.22,18/01/2026,11:28:02,17_T02,39.121694524,10.189881989,0.0,802.20,300.48,871.086,76.0,38.68,13.89,801.90,4337520.71,1781524.93
00:27:10.22,18/01/2026,11:28:03,17_T02,39.121694591,10.189881908,0.0,801.90,300.56,871.077,76.0,38.68,13.89,801.90,4337520.70,1781524.94
00:27:11.22,18/01/2026,11:28:04,17_T02,39.121694817,10.189881621,0.0,801.83,300.60,871.045,76.0,38.68,13.90,800.99,4337520.67,1781524.96
00:27:12.22,18/01/2026,11:28:05,17_T02,39.121694863,10.189881286,0.0,801.75,300.56,871.016,76.0,38.68,13.90,800.99,4337520.64,1781524.97
00:27:13.22,18/01/2026,11:28:06,17_T02,39.121694282,10.189881414,0.0,801.35,300.42,871.048,76.0,38.67,13.89,800.81,4337520.66,1781524.90
00:27:14.21,18/01/2026,11:28:07,17_T02,39.121693958,10.189881533,0.0,800.69,300.43,871.070,76.0,38.67,13.89,800.81,4337520.67,1781524.87
00:27:15.22,18/01/2026,11:28:08,17_T02,39.121694066,10.189881592,0.0,799.98,300.68,871.071,76.0,38.68,13.88,799.87,4337520.67,1781524.88
00:27:16.21,18/01/2026,11:28:09,17_T02,39.121694702,10.189882057,0.0,799.36,300.96,871.085,76.0,38.68,13.88,799.87,4337520.71,1781524.95
00:27:17.22,18/01/2026,11:28:10,17_T02,39.121695340,10.189882404,0.1,799.03,301.26,871.090,76.0,38.68,13.89,798.49,4337520.74,1781525.02
00:27:18.22,18/01/2026,11:28:11,17_T02,39.121695690,10.189882514,0.1,799.03,301.58,871.086,76.0,38.68,13.89,798.49,4337520.75,1781525.06
00:27:19.21,18/01/2026,11:28:12,17_T02,39.121695701,10.189882719,0.1,799.08,301.79,871.102,76.0,38.68,13.90,798.06,4337520.77,1781525.06
00:27:20.21,18/01/2026,11:28:13,17_T02,39.121695252,10.189883188,0.1,798.70,301.81,871.157,76.0,38.68,13.90,798.06,4337520.81,1781525.01
00:27:21.21,18/01/2026,11:28:14,17_T02,39.121694910,10.189883539,0.1,797.86,301.97,871.199,76.0,38.68,13.88,797.76,4337520.84,1781524.97
00:27:22.22,18/01/2026,11:28:15,17_T02,39.121695089,10.189883826,0.1,796.90,302.42,871.215,76.0,38.68,13.88,797.76,4337520.87,1781524.99
00:27:23.21,18/01/2026,11:28:16,17_T02,39.121695707,10.189884008,0.1,796.29,302.98,871.207,76.0,38.68,13.89,795.99,4337520.88,1781525.06
00:27:24.22,18/01/2026,11:28:17,17_T02,39.121696403,10.189884313,0.1,796.32,303.56,871.206,76.0,38.68,13.89,795.99,4337520.91,1781525.14
00:27:25.21,18/01/2026,11:28:18,17_T02,39.121697057,10.189884282,0.1,796.67,304.00,871.179,76.0,38.67,13.90,795.40,4337520.90,1781525.21
00:27:26.21,18/01/2026,11:28:19,17_T02,39.121696672,10.189884193,0.1,796.57,304.38,871.186,76.0,38.67,13.90,795.40,4337520.90,1781525.17
00:27:27.21,18/01/2026,11:28:20,17_T02,39.121695679,10.189884079,0.1,795.74,304.11,871.214,76.0,38.68,13.88,795.53,4337520.89,1781525.06
00:27:28.21,18/01/2026,11:28:21,17_T02,39.121695687,10.189884214,0.1,794.64,304.14,871.225,76.0,38.68,13.88,795.53,4337520.90,1781525.06
00:27:29.21,18/01/2026,11:28:22,17_T02,39.121696341,10.189884735,0.1,793.84,304.54,871.243,76.0,38.68,13.88,793.62,4337520.94,1781525.13
00:27:30.22,18/01/2026,11:28:23,17_T02,39.121697185,10.189885359,0.1,793.65,305.20,871.263,76.0,38.68,13.88,793.62,4337521.00,1781525.23
00:27:31.21,18/01/2026,11:28:24,17_T02,39.121697872,10.189885928,0.1,793.92,305.72,871.284,76.0,38.66,13.90,792.73,4337521.05,1781525.30
00:27:32.21,18/01/2026,11:28:25,17_T02,39.121697892,10.189886396,0.1,794.06,306.17,871.322,76.0,38.66,13.90,792.73,4337521.09,1781525.30
00:27:33.22,18/01/2026,11:28:26,17_T02,39.121696931,10.189886247,0.1,793.53,306.06,871.345,76.0,38.68,13.87,793.02,4337521.08,1781525.20
00:27:34.21,18/01/2026,11:28:27,17_T02,39.121696561,10.189885728,0.1,792.51,305.86,871.316,76.0,38.68,13.87,793.02,4337521.03,1781525.16
00:27:35.24,18/01/2026,11:28:28,17_T02,39.121696932,10.189885557,0.1,791.55,306.01,871.288,76.0,38.68,13.88,791.36,4337521.02,1781525.20
00:27:36.22,18/01/2026,11:28:29,17_T02,39.121697698,10.189885878,0.1,791.08,306.54,871.286,76.0,38.68,13.88,791.36,4337521.04,1781525.28
00:27:37.21,18/01/2026,11:28:30,17_T02,39.121698431,10.189886303,0.1,791.17,307.08,871.294,76.0,38.68,13.89,790.14,4337521.08,1781525.36
00:27:38.22,18/01/2026,11:28:31,17_T02,39.121698768,10.189886066,0.1,791.37,307.47,871.262,76.0,38.68,13.89,790.14,4337521.06,1781525.40
00:27:39.21,18/01/2026,11:28:32,17_T02,39.121698282,10.189885849,0.1,791.11,307.74,871.262,76.0,38.68,13.87,790.38,4337521.04,1781525.35
00:27:40.22,18/01/2026,11:28:33,17_T02,39.121697579,10.189885757,0.1,790.38,307.59,871.281,76.0,38.68,13.87,790.38,4337521.03,1781525.27
00:27:41.21,18/01/2026,11:28:34,17_T02,39.121697724,10.189885876,0.1,789.59,307.65,871.285,76.0,38.68,13.88,789.17,4337521.04,1781525.28
00:27:42.21,18/01/2026,11:28:35,17_T02,39.121698241,10.189885995,0.1,788.99,307.84,871.276,76.0,38.68,13.88,789.17,4337521.05,1781525.34
00:27:43.21,18/01/2026,11:28:36,17_T02,39.121698631,10.189885942,0.1,788.61,308.08,871.257,76.0,38.69,13.89,787.89,4337521.05,1781525.38
00:27:44.21,18/01/2026,11:28:37,17_T02,39.121698892,10.189885929,0.1,788.42,308.32,871.246,76.0,38.69,13.89,787.89,4337521.05,1781525.41
00:27:45.21,18/01/2026,11:28:38,17_T02,39.121698943,10.189886046,0.1,788.30,308.58,871.254,76.0,38.67,13.89,787.43,4337521.06,1781525.42
00:27:46.21,18/01/2026,11:28:39,17_T02,39.121698628,10.189886199,0.1,787.93,308.74,871.278,76.0,38.67,13.89,787.43,4337521.07,1781525.38
00:27:47.21,18/01/2026,11:28:40,17_T02,39.121698360,10.189886338,0.1,787.32,308.83,871.299,76.0,38.68,13.88,786.74,4337521.08,1781525.36
00:27:48.22,18/01/2026,11:28:41,17_T02,39.121698857,10.189886697,0.1,786.76,309.05,871.310,76.0,38.68,13.88,786.74,4337521.11,1781525.41
00:27:49.21,18/01/2026,11:28:42,17_T02,39.121699528,10.189887013,0.1,786.43,309.32,871.311,76.0,38.68,13.89,785.65,4337521.14,1781525.48
00:27:50.22,18/01/2026,11:28:43,17_T02,39.121699905,10.189887133,0.1,786.23,309.61,871.307,76.0,38.68,13.89,785.65,4337521.15,1781525.53
00:27:51.36,18/01/2026,11:28:44,17_T02,39.121699990,10.189887223,0.1,785.92,309.82,871.311,76.0,38.67,13.89,785.16,4337521.16,1781525.54
00:27:52.48,18/01/2026,11:28:45,17_T02,39.121700323,10.189886833,0.1,785.35,309.94,871.267,76.0,38.67,13.89,785.16,4337521.13,1781525.57
00:27:53.21,18/01/2026,11:28:46,17_T02,39.121700685,10.189886716,0.1,784.70,310.21,871.244,76.0,38.68,13.89,784.03,4337521.12,1781525.61
00:27:54.22,18/01/2026,11:28:47,17_T02,39.121700995,10.189886935,0.1,784.26,310.57,871.250,76.0,38.68,13.89,784.03,4337521.13,1781525.65
00:27:55.37,18/01/2026,11:28:48,17_T02,39.121701513,10.189887210,0.1,784.13,310.94,871.253,76.0,38.68,13.89,784.03,4337521.16,1781525.70
00:27:56.23,18/01/2026,11:28:49,17_T02,39.121701740,10.189887321,0.1,784.07,311.21,871.254,76.0,38.68,13.89,783.22,4337521.17,1781525.73
00:27:57.20,18/01/2026,11:28:50,17_T02,39.121701915,10.189886413,0.1,783.65,311.31,871.173,76.0,38.68,13.89,783.22,4337521.09,1781525.75
00:27:58.22,18/01/2026,11:28:51,17_T02,39.121701951,10.189885899,0.1,782.88,311.42,871.130,76.0,38.68,13.88,782.89,4337521.04,1781525.75
00:27:59.20,18/01/2026,11:28:52,17_T02,39.121702189,10.189885993,0.1,782.16,311.76,871.129,76.0,38.68,13.88,782.89,4337521.05,1781525.78
00:28:00.36,18/01/2026,11:28:53,17_T02,39.121702846,10.189886229,0.0,781.75,312.28,871.124,76.0,38.68,13.88,781.45,4337521.07,1781525.85
00:28:01.35,18/01/2026,11:28:54,17_T02,39.121703588,10.189885914,0.0,781.64,312.77,871.070,76.0,38.68,13.88,781.45,4337521.04,1781525.93
00:28:02.25,18/01/2026,11:28:55,17_T02,39.121704280,10.189885415,0.1,781.61,313.14,871.003,76.0,38.67,13.89,780.72,4337521.00,1781526.01
00:28:03.21,18/01/2026,11:28:56,17_T02,39.121704115,10.189885404,0.1,781.34,313.39,871.009,76.0,38.67,13.89,780.72,4337521.00,1781525.99
00:28:04.21,18/01/2026,11:28:57,17_T02,39.121703854,10.189885368,0.1,780.73,313.56,871.015,76.0,38.68,13.87,780.50,4337521.00,1781525.96
00:28:05.22,18/01/2026,11:28:58,17_T02,39.121704081,10.189885561,0.1,779.97,313.83,871.023,76.0,38.68,13.87,780.50,4337521.01,1781525.99
00:28:06.37,18/01/2026,11:28:59,17_T02,39.121704605,10.189885788,0.1,779.31,314.14,871.022,76.0,38.68,13.88,779.20,4337521.03,1781526.04
00:28:07.20,18/01/2026,11:29:00,17_T02,39.121705275,10.189886028,0.1,778.94,314.48,871.017,76.0,38.68,13.88,779.20,4337521.05,1781526.12
00:28:08.20,18/01/2026,11:29:01,17_T02,39.121705849,10.189886168,0.1,778.88,314.84,871.007,76.0,38.68,13.89,778.06,4337521.07,1781526.18
00:28:09.36,18/01/2026,11:29:02,17_T02,39.121706018,10.189886250,0.1,778.83,315.17,871.007,76.0,38.68,13.89,778.06,4337521.07,1781526.20
00:28:10.20,18/01/2026,11:29:03,17_T02,39.121705789,10.189886358,0.1,778.41,315.33,871.025,76.0,38.67,13.88,777.91,4337521.08,1781526.17
00:28:11.21,18/01/2026,11:29:04,17_T02,39.121705699,10.189886501,0.1,777.77,315.51,871.040,76.0,38.67,13.88,777.91,4337521.10,1781526.17
00:28:12.23,18/01/2026,11:29:05,17_T02,39.121706063,10.189886782,0.1,777.21,315.83,871.049,76.0,38.68,13.88,776.90,4337521.12,1781526.21
00:28:13.35,18/01/2026,11:29:06,17_T02,39.121706752,10.189887000,0.1,776.78,316.19,871.041,76.0,38.68,13.88,776.90,4337521.14,1781526.28
00:28:14.21,18/01/2026,11:29:07,17_T02,39.121707684,10.189887327,0.1,776.41,316.54,871.033,76.0,38.68,13.88,775.87,4337521.17,1781526.38
00:28:15.36,18/01/2026,11:29:08,17_T02,39.121708188,10.189887483,0.1,776.12,316.80,871.027,76.0,38.68,13.88,775.87,4337521.18,1781526.44
00:28:16.21,18/01/2026,11:29:09,17_T02,39.121708255,10.189887520,0.1,775.83,317.00,871.028,76.0,38.68,13.88,775.19,4337521.18,1781526.45
00:28:17.21,18/01/2026,11:29:10,17_T02,39.121708165,10.189887542,0.1,775.43,317.11,871.033,76.0,38.68,13.88,775.19,4337521.19,1781526.44
00:28:18.24,18/01/2026,11:29:11,17_T02,39.121708230,10.189887736,0.1,775.03,317.32,871.047,76.0,38.68,13.89,774.49,4337521.20,1781526.44
00:28:19.20,18/01/2026,11:29:12,17_T02,39.121708651,10.189887405,0.1,774.63,317.63,871.004,76.0,38.68,13.89,774.49,4337521.17,1781526.49
00:28:20.22,18/01/2026,11:29:13,17_T02,39.121709035,10.189887173,0.1,774.09,317.90,870.970,76.0,38.68,13.89,773.65,4337521.15,1781526.53
00:28:21.21,18/01/2026,11:29:14,17_T02,39.121709217,10.189887205,0.1,773.53,318.16,870.966,76.0,38.68,13.89,773.65,4337521.16,1781526.55
00:28:22.35,18/01/2026,11:29:15,17_T02,39.121709592,10.189887352,0.1,773.18,318.46,870.964,76.0,38.68,13.88,772.55,4337521.17,1781526.59
00:28:23.44,18/01/2026,11:29:16,17_T02,39.121709973,10.189887263,0.1,773.08,318.86,870.943,76.0,38.68,13.88,772.55,4337521.16,1781526.64
00:28:24.37,18/01/2026,11:29:17,17_T02,39.121710130,10.189887286,0.1,772.92,319.25,870.939,76.0,38.67,13.88,772.15,4337521.16,1781526.65
00:28:25.20,18/01/2026,11:29:18,17_T02,39.121709955,10.189887371,0.1,772.37,319.55,870.952,76.0,38.67,13.88,772.15,4337521.17,1781526.63
00:28:26.20,18/01/2026,11:29:19,17_T02,39.121710041,10.189887673,0.1,771.64,320.00,870.974,76.0,38.68,13.87,771.26,4337521.20,1781526.64
00:28:27.35,18/01/2026,11:29:20,17_T02,39.121710974,10.189888593,0.1,771.07,320.60,871.015,76.0,38.68,13.87,771.26,4337521.28,1781526.75
00:28:28.21,18/01/2026,11:29:21,17_T02,39.121711981,10.189889486,0.1,770.78,321.30,871.050,76.0,38.68,13.87,770.06,4337521.35,1781526.86
00:28:29.21,18/01/2026,11:29:22,17_T02,39.121712548,10.189889857,0.1,770.66,321.96,871.060,76.0,38.68,13.87,770.06,4337521.39,1781526.92
00:28:30.20,18/01/2026,11:29:23,17_T02,39.121712760,10.189890160,0.1,770.41,322.53,871.076,76.0,38.68,13.89,769.68,4337521.41,1781526.94
00:28:31.20,18/01/2026,11:29:24,17_T02,39.121712655,10.189890279,0.1,769.88,322.94,871.090,76.0,38.68,13.89,769.68,4337521.42,1781526.93
00:28:32.21,18/01/2026,11:29:25,17_T02,39.121713116,10.189890869,0.1,769.27,323.47,871.121,76.0,38.68,13.87,768.75,4337521.47,1781526.98
00:28:33.21,18/01/2026,11:29:26,17_T02,39.121713699,10.189891416,0.1,768.81,324.07,871.144,76.0,38.68,13.87,768.75,4337521.52,1781527.05
00:28:34.20,18/01/2026,11:29:27,17_T02,39.121714251,10.189891932,0.1,768.54,324.69,871.166,76.0,38.68,13.88,767.77,4337521.57,1781527.11
00:28:35.20,18/01/2026,11:29:28,17_T02,39.121714642,10.189892322,0.1,768.33,325.27,871.183,76.0,38.68,13.88,767.77,4337521.60,1781527.15
00:28:36.35,18/01/2026,11:29:29,17_T02,39.121715080,10.189892502,0.1,767.92,325.65,871.182,76.0,38.67,13.88,767.25,4337521.62,1781527.20
00:28:37.34,18/01/2026,11:29:30,17_T02,39.121715332,10.189892775,0.1,767.39,326.03,871.195,76.0,38.67,13.88,767.25,4337521.64,1781527.23
00:28:38.35,18/01/2026,11:29:31,17_T02,39.121715485,10.189893220,0.1,766.93,326.50,871.226,76.0,38.68,13.88,766.24,4337521.68,1781527.25
00:28:39.20,18/01/2026,11:29:32,17_T02,39.121715799,10.189893765,0.1,766.55,327.00,871.259,76.0,38.68,13.88,766.24,4337521.72,1781527.28
00:28:40.21,18/01/2026,11:29:33,17_T02,39.121716030,10.189894134,0.1,766.18,327.42,871.280,76.0,38.68,13.88,765.45,4337521.76,1781527.31
00:28:41.20,18/01/2026,11:29:34,17_T02,39.121716236,10.189894165,0.1,765.82,327.74,871.275,76.0,38.68,13.88,765.45,4337521.76,1781527.33
00:28:42.36,18/01/2026,11:29:35,17_T02,39.121716425,10.189894181,0.1,765.48,328.02,871.269,76.0,38.67,13.88,764.71,4337521.76,1781527.35
00:28:43.35,18/01/2026,11:29:36,17_T02,39.121716416,10.189894480,0.1,765.08,328.32,871.294,76.0,38.67,13.88,764.71,4337521.79,1781527.35
00:28:44.35,18/01/2026,11:29:37,17_T02,39.121716417,10.189894892,0.1,764.62,328.70,871.328,76.0,38.68,13.88,763.88,4337521.82,1781527.35
00:28:45.37,18/01/2026,11:29:38,17_T02,39.121716603,10.189895318,0.1,764.18,329.13,871.356,76.0,38.68,13.88,763.88,4337521.86,1781527.37
00:28:46.36,18/01/2026,11:29:39,17_T02,39.121716803,10.189895752,0.1,763.81,329.55,871.384,76.0,38.68,13.88,763.88,4337521.90,1781527.39
00:28:47.36,18/01/2026,11:29:40,17_T02,39.121716878,10.189896135,0.1,763.45,329.90,871.413,76.0,38.68,13.87,763.02,4337521.93,1781527.40
00:28:48.21,18/01/2026,11:29:41,17_T02,39.121716832,10.189896449,0.1,763.05,330.21,871.440,76.0,38.68,13.87,763.02,4337521.96,1781527.40
00:28:49.20,18/01/2026,11:29:42,17_T02,39.121716398,10.189895607,0.0,762.63,330.56,871.387,76.0,38.67,13.87,762.26,4337521.88,1781527.35
00:28:50.19,18/01/2026,11:29:43,17_T02,39.121716114,10.189895238,0.0,762.21,330.92,871.368,76.0,38.67,13.87,762.26,4337521.85,1781527.32
00:28:51.36,18/01/2026,11:29:44,17_T02,39.121716062,10.189895621,0.0,761.84,331.32,871.401,76.0,38.67,13.87,761.40,4337521.89,1781527.31
00:28:52.35,18/01/2026,11:29:45,17_T02,39.121716020,10.189896058,0.0,761.46,331.65,871.438,76.0,38.67,13.87,761.40,4337521.92,1781527.31
00:28:53.35,18/01/2026,11:29:46,17_T02,39.121715862,10.189896344,0.0,761.02,331.91,871.468,76.0,38.68,13.87,760.64,4337521.95,1781527.29
00:28:54.34,18/01/2026,11:29:47,17_T02,39.121715449,10.189895823,0.1,760.58,332.14,871.440,76.0,38.68,13.87,760.64,4337521.90,1781527.24
00:28:55.35,18/01/2026,11:29:48,17_T02,39.121715129,10.189895614,0.1,760.21,332.38,871.435,76.0,38.68,13.86,759.74,4337521.89,1781527.21
00:28:56.36,18/01/2026,11:29:49,17_T02,39.121715007,10.189895926,0.1,759.91,332.63,871.465,76.0,38.68,13.86,759.74,4337521.91,1781527.19
00:28:57.35,18/01/2026,11:29:50,17_T02,39.121714830,10.189896209,0.1,759.60,332.87,871.495,76.0,38.68,13.87,759.04,4337521.94,1781527.17
00:28:58.20,18/01/2026,11:29:51,17_T02,39.121714769,10.189895740,0.1,759.20,333.06,871.459,76.0,38.68,13.87,759.04,4337521.90,1781527.17
00:28:59.35,18/01/2026,11:29:52,17_T02,39.121714588,10.189895450,0.1,758.71,333.28,871.442,76.0,38.67,13.87,758.31,4337521.87,1781527.15
00:29:00.34,18/01/2026,11:29:53,17_T02,39.121714356,10.189895698,0.1,758.24,333.56,871.471,76.0,38.67,13.87,758.31,4337521.89,1781527.12
00:29:01.36,18/01/2026,11:29:54,17_T02,39.121714190,10.189896049,0.1,757.84,333.88,871.506,76.0,38.68,13.86,757.34,4337521.92,1781527.10
00:29:02.35,18/01/2026,11:29:55,17_T02,39.121714038,10.189896322,0.1,757.44,334.18,871.534,76.0,38.68,13.86,757.34,4337521.95,1781527.09
00:29:03.36,18/01/2026,11:29:56,17_T02,39.121713758,10.189896404,0.1,756.96,334.42,871.551,76.0,38.68,13.86,756.52,4337521.95,1781527.06
00:29:04.36,18/01/2026,11:29:57,17_T02,39.121713395,10.189896533,0.1,756.55,334.69,871.575,76.0,38.68,13.86,756.52,4337521.97,1781527.02
00:29:05.34,18/01/2026,11:29:58,17_T02,39.121713169,10.189896854,0.1,756.36,335.03,871.610,76.0,38.68,13.86,755.64,4337521.99,1781526.99
00:29:06.36,18/01/2026,11:29:59,17_T02,39.121712948,10.189897120,0.1,756.21,335.39,871.639,76.0,38.68,13.86,755.64,4337522.02,1781526.97
00:29:07.34,18/01/2026,11:30:00,17_T02,39.121712991,10.189897986,0.1,755.74,335.62,871.709,76.0,38.66,13.89,755.24,4337522.09,1781526.97
00:29:08.34,18/01/2026,11:30:01,17_T02,39.121712848,10.189898656,0.1,755.04,335.94,871.769,76.0,38.66,13.89,755.24,4337522.15,1781526.96
00:29:09.34,18/01/2026,11:30:02,17_T02,39.121712609,10.189898957,0.1,754.39,336.38,871.803,76.0,38.67,13.87,754.02,4337522.18,1781526.93
00:29:10.36,18/01/2026,11:30:03,17_T02,39.121712581,10.189899535,0.1,754.03,336.89,871.851,76.0,38.67,13.87,754.02,4337522.23,1781526.93
00:29:11.37,18/01/2026,11:30:04,17_T02,39.121712586,10.189900432,0.1,753.95,337.38,871.924,76.0,38.69,13.86,753.08,4337522.31,1781526.93
00:29:12.35,18/01/2026,11:30:05,17_T02,39.121712353,10.189900890,0.1,753.85,337.73,871.970,76.0,38.69,13.86,753.08,4337522.35,1781526.90
00:29:13.34,18/01/2026,11:30:06,17_T02,39.121711620,10.189900729,0.1,753.36,337.92,871.985,76.0,38.67,13.88,752.83,4337522.33,1781526.82
00:29:14.36,18/01/2026,11:30:07,17_T02,39.121711065,10.189900872,0.1,752.62,338.27,872.017,76.0,38.67,13.88,752.83,4337522.34,1781526.76
00:29:15.35,18/01/2026,11:30:08,17_T02,39.121710851,10.189901392,0.1,752.01,338.82,872.067,76.0,38.68,13.88,751.54,4337522.39,1781526.74
00:29:16.34,18/01/2026,11:30:09,17_T02,39.121711085,10.189902231,0.1,751.72,339.43,872.127,76.0,38.68,13.88,751.54,4337522.46,1781526.76
00:29:17.34,18/01/2026,11:30:10,17_T02,39.121711160,10.189902720,0.1,751.55,339.94,872.165,76.0,38.68,13.90,750.75,4337522.51,1781526.77
00:29:18.34,18/01/2026,11:30:11,17_T02,39.121710847,10.189902862,0.1,751.26,340.26,872.188,76.0,38.68,13.90,750.75,4337522.52,1781526.74
00:29:19.36,18/01/2026,11:30:12,17_T02,39.121710287,10.189902795,0.1,750.79,340.47,872.203,76.0,38.68,13.88,750.17,4337522.51,1781526.67
00:29:20.35,18/01/2026,11:30:13,17_T02,39.121710018,10.189902908,0.1,750.29,340.75,872.223,76.0,38.68,13.88,750.17,4337522.52,1781526.65
00:29:21.35,18/01/2026,11:30:14,17_T02,39.121709855,10.189903229,0.1,749.85,341.08,872.255,76.0,38.68,13.89,749.18,4337522.55,1781526.63
00:29:22.35,18/01/2026,11:30:15,17_T02,39.121709702,10.189903584,0.1,749.49,341.39,872.290,76.0,38.68,13.89,749.18,4337522.58,1781526.61
00:29:23.35,18/01/2026,11:30:16,17_T02,39.121709470,10.189903816,0.1,749.16,341.64,872.317,76.0,38.68,13.89,748.41,4337522.60,1781526.58
00:29:24.34,18/01/2026,11:30:17,17_T02,39.121709538,10.189904547,0.1,748.78,341.81,872.375,76.0,38.68,13.89,748.41,4337522.66,1781526.59
00:29:25.20,18/01/2026,11:30:18,17_T02,39.121709374,10.189904955,0.1,748.35,341.98,872.414,76.0,38.68,13.89,747.65,4337522.70,1781526.57
00:29:26.35,18/01/2026,11:30:19,17_T02,39.121709005,10.189905124,0.1,747.92,342.21,872.442,76.0,38.68,13.89,747.65,4337522.71,1781526.53
00:29:27.33,18/01/2026,11:30:20,17_T02,39.121708728,10.189905410,0.1,747.52,342.49,872.475,76.0,38.68,13.90,746.80,4337522.74,1781526.50
00:29:28.34,18/01/2026,11:30:21,17_T02,39.121708484,10.189905618,0.1,747.08,342.78,872.502,76.0,38.68,13.90,746.80,4337522.76,1781526.48
00:29:29.33,18/01/2026,11:30:22,17_T02,39.121708571,10.189906281,0.1,746.63,343.07,872.553,76.0,38.67,13.88,745.93,4337522.82,1781526.49
00:29:30.34,18/01/2026,11:30:23,17_T02,39.121708510,10.189906796,0.1,746.30,343.35,872.597,76.0,38.67,13.88,745.93,4337522.86,1781526.48
00:29:31.34,18/01/2026,11:30:24,17_T02,39.121708296,10.189907022,0.1,746.04,343.64,872.624,76.0,38.68,13.89,745.22,4337522.88,1781526.46
00:29:32.35,18/01/2026,11:30:25,17_T02,39.121707989,10.189907114,0.1,745.68,343.89,872.643,76.0,38.68,13.89,745.22,4337522.89,1781526.42
00:29:33.34,18/01/2026,11:30:26,17_T02,39.121707705,10.189906832,0.1,745.18,344.16,872.630,76.0,38.68,13.88,744.45,4337522.86,1781526.39
00:29:34.35,18/01/2026,11:30:27,17_T02,39.121707454,10.189906785,0.1,744.66,344.53,872.636,76.0,38.68,13.88,744.45,4337522.86,1781526.36
00:29:35.34,18/01/2026,11:30:28,17_T02,39.121707265,10.189906922,0.1,744.17,344.88,872.654,76.0,38.68,13.88,744.45,4337522.87,1781526.34
00:29:36.21,18/01/2026,11:30:29,17_T02,39.121707110,10.189907024,0.1,743.84,345.17,872.668,76.0,38.68,13.89,743.39,4337522.88,1781526.33
00:29:37.34,18/01/2026,11:30:30,17_T02,39.121706952,10.189907119,0.1,743.66,345.46,872.682,76.0,38.68,13.89,743.39,4337522.89,1781526.31
00:29:38.34,18/01/2026,11:30:31,17_T02,39.121706772,10.189907829,0.1,743.32,345.65,872.746,76.0,38.69,13.89,742.75,4337522.95,1781526.29
00:29:39.34,18/01/2026,11:30:32,17_T02,39.121706389,10.189908028,0.1,742.70,345.87,872.777,76.0,38.69,13.89,742.75,4337522.97,1781526.25
00:29:40.34,18/01/2026,11:30:33,17_T02,39.121706064,10.189908066,0.1,742.17,346.26,872.792,76.0,38.68,13.90,741.95,4337522.97,1781526.21
00:29:41.33,18/01/2026,11:30:34,17_T02,39.121705962,10.189908363,0.1,741.96,346.75,872.820,76.0,38.68,13.90,741.95,4337523.00,1781526.20
00:29:42.33,18/01/2026,11:30:35,17_T02,39.121706234,10.189909129,0.1,741.81,347.18,872.873,76.0,38.69,13.90,741.03,4337523.06,1781526.23
00:29:43.34,18/01/2026,11:30:36,17_T02,39.121706191,10.189909271,0.1,741.39,347.46,872.886,76.0,38.69,13.90,741.03,4337523.08,1781526.22
00:29:44.34,18/01/2026,11:30:37,17_T02,39.121705829,10.189909020,0.1,740.70,347.76,872.879,76.0,38.68,13.90,740.55,4337523.05,1781526.18
00:29:45.34,18/01/2026,11:30:38,17_T02,39.121705594,10.189909002,0.1,740.03,348.14,872.886,76.0,38.68,13.90,740.55,4337523.05,1781526.16
00:29:46.34,18/01/2026,11:30:39,17_T02,39.121705339,10.189909848,0.1,739.68,348.60,872.965,76.0,38.68,13.92,739.20,4337523.13,1781526.13
00:29:47.34,18/01/2026,11:30:40,17_T02,39.121705240,10.189910417,0.1,739.67,349.05,873.015,76.0,38.68,13.92,739.20,4337523.18,1781526.12
00:29:48.21,18/01/2026,11:30:41,17_T02,39.121705086,10.189910343,0.1,739.63,349.35,873.015,76.0,38.68,13.91,738.72,4337523.17,1781526.10
00:29:49.33,18/01/2026,11:30:42,17_T02,39.121704627,10.189909726,0.1,739.13,349.48,872.982,76.0,38.68,13.91,738.72,4337523.12,1781526.05
00:29:50.33,18/01/2026,11:30:43,17_T02,39.121704680,10.189910064,0.1,738.26,349.77,873.007,76.0,38.69,13.90,738.22,4337523.15,1781526.06
00:29:51.34,18/01/2026,11:30:44,17_T02,39.121704877,10.189910625,0.1,737.45,350.21,873.046,76.0,38.69,13.90,738.22,4337523.19,1781526.08
00:29:52.34,18/01/2026,11:30:45,17_T02,39.121705035,10.189911223,0.1,737.12,350.74,873.089,76.0,38.69,13.93,736.57,4337523.25,1781526.10
00:29:53.33,18/01/2026,11:30:46,17_T02,39.121705169,10.189911897,0.1,737.25,351.28,873.139,76.0,38.69,13.93,736.57,4337523.30,1781526.11
00:29:54.32,18/01/2026,11:30:47,17_T02,39.121705097,10.189911765,0.1,737.36,351.82,873.131,76.0,38.70,13.94,736.32,4337523.29,1781526.10
00:29:55.34,18/01/2026,11:30:48,17_T02,39.121704670,10.189910869,0.1,736.88,352.02,873.074,76.0,38.70,13.94,736.32,4337523.22,1781526.06
00:29:56.33,18/01/2026,11:30:49,17_T02,39.121704363,10.189910581,0.1,735.93,352.19,873.061,76.0,38.69,13.95,735.86,4337523.19,1781526.02
00:29:57.34,18/01/2026,11:30:50,17_T02,39.121704471,10.189910905,0.1,735.11,352.45,873.084,76.0,38.69,13.95,735.86,4337523.22,1781526.03
00:29:58.34,18/01/2026,11:30:51,17_T02,39.121704700,10.189911582,0.1,734.83,352.96,873.131,76.0,38.70,13.95,734.13,4337523.28,1781526.06
00:29:59.34,18/01/2026,11:30:52,17_T02,39.121704946,10.189912465,0.1,734.92,353.60,873.194,76.0,38.70,13.95,734.13,4337523.35,1781526.09
00:30:00.33,18/01/2026,11:30:53,17_T02,39.121704895,10.189912709,0.1,734.78,354.20,873.216,76.0,38.70,13.96,733.95,4337523.38,1781526.08
