ASFIndex,Date,Time,Area,Lat,Long,Speed,P,Heading,mp,Altitude,Sal,T,Depth,E,N
00:00:00.333,18/01/2026,06:30:53,17_T02,39.121498825,10.180373415,0.3,5.45,39.84,-0.699,77.2,0.04,15.12,-0.22,4336693.46,1781501.33
00:00:01.332,18/01/2026,06:30:54,17_T02,39.121501363,10.180373513,0.4,5.44,39.85,-0.577,77.2,0.04,15.12,-0.22,4336693.47,1781501.61
00:00:02.324,18/01/2026,06:30:55,17_T02,39.121502043,10.180374189,0.3,5.45,39.72,-0.492,77.2,0.04,15.12,-0.22,4336693.53,1781501.68
00:00:03.321,18/01/2026,06:30:56,17_T02,39.121501509,10.180374691,0.3,5.46,39.72,-0.476,77.2,0.04,15.12,-0.23,4336693.57,1781501.63
00:00:04.320,18/01/2026,06:30:57,17_T02,39.121500929,10.180375026,0.3,5.46,39.85,-0.476,77.2,0.04,15.12,-0.23,4336693.60,1781501.56
00:00:05.332,18/01/2026,06:30:58,17_T02,39.121500911,10.180375535,0.2,5.45,39.85,-0.436,77.2,0.04,15.12,-0.22,4336693.64,1781501.56
00:00:06.330,18/01/2026,06:30:59,17_T02,39.121501342,10.180374575,0.2,5.44,39.72,-0.493,77.2,0.04,15.12,-0.22,4336693.56,1781501.61
00:00:07.320,18/01/2026,06:31:00,17_T02,39.121501404,10.180373729,0.2,5.44,39.58,-0.558,77.2,0.04,15.12,-0.22,4336693.49,1781501.61
00:00:08.329,18/01/2026,06:31:01,17_T02,39.121501183,10.180374744,0.2,5.46,39.49,-0.487,77.2,0.04,15.12,-0.22,4336693.57,1781501.59
00:00:09.326,18/01/2026,06:31:02,17_T02,39.121501463,10.180376046,0.1,5.46,39.63,-0.371,77.2,0.04,15.12,-0.22,4336693.69,1781501.62
00:00:10.321,18/01/2026,06:31:03,17_T02,39.121500899,10.180375604,0.1,5.44,39.74,-0.431,77.2,0.04,15.12,-0.22,4336693.65,1781501.56
00:00:11.331,18/01/2026,06:31:04,17_T02,39.121499896,10.180373966,0.1,5.43,39.64,-0.607,77.2,0.04,15.12,-0.22,4336693.51,1781501.45
00:00:12.324,18/01/2026,06:31:05,17_T02,39.121500455,10.180373690,0.1,5.45,39.36,-0.603,77.2,0.04,15.12,-0.23,4336693.48,1781501.51
00:00:13.321,18/01/2026,06:31:06,17_T02,39.121501174,10.180375343,0.2,5.46,39.29,-0.440,77.2,0.04,15.12,-0.23,4336693.63,1781501.59
00:00:14.319,18/01/2026,06:31:07,17_T02,39.121500472,10.180376177,0.2,5.45,39.41,-0.405,77.2,0.04,15.12,-0.22,4336693.70,1781501.51
00:00:15.329,18/01/2026,06:31:08,17_T02,39.121499753,10.180376140,0.2,5.45,39.69,-0.441,77.2,0.04,15.12,-0.22,4336693.70,1781501.43
00:00:16.324,18/01/2026,06:31:09,17_T02,39.121500540,10.180376490,0.2,5.45,39.57,-0.377,77.2,0.04,15.12,-0.23,4336693.73,1781501.52
00:00:17.319,18/01/2026,06:31:10,17_T02,39.121502155,10.180377045,0.2,5.44,39.27,-0.260,77.2,0.04,15.12,-0.23,4336693.77,1781501.70
00:00:18.327,18/01/2026,06:31:11,17_T02,39.121503075,10.180378232,0.2,5.47,39.15,-0.125,77.2,0.04,15.12,-0.22,4336693.88,1781501.80
00:00:19.321,18/01/2026,06:31:12,17_T02,39.121503193,10.180379363,0.2,5.48,39.39,-0.029,77.2,0.04,15.12,-0.22,4336693.98,1781501.81
00:00:20.333,18/01/2026,06:31:13,17_T02,39.121501877,10.180379150,0.2,5.47,39.61,-0.106,77.2,0.04,15.12,-0.23,4336693.96,1781501.67
00:00:21.320,18/01/2026,06:31:14,17_T02,39.121500458,10.180378392,0.2,5.46,39.45,-0.230,77.2,0.04,15.12,-0.23,4336693.89,1781501.51
00:00:22.330,18/01/2026,06:31:15,17_T02,39.121501038,10.180378470,0.2,5.45,39.13,-0.198,77.2,0.04,15.12,-0.23,4336693.90,1781501.57
00:00:23.323,18/01/2026,06:31:16,17_T02,39.121502911,10.180380329,0.3,5.45,39.01,0.035,77.2,0.04,15.12,-0.22,4336694.06,1781501.78
00:00:24.331,18/01/2026,06:31:17,17_T02,39.121504540,10.180382080,0.3,5.45,39.09,0.247,77.2,0.04,15.12,-0.22,4336694.21,1781501.96
00:00:25.326,18/01/2026,06:31:18,17_T02,39.121504838,10.180382441,0.3,5.46,39.49,0.289,77.2,0.04,15.12,-0.21,4336694.24,1781501.99
00:00:26.323,18/01/2026,06:31:19,17_T02,39.121503904,10.180382551,0.3,5.47,39.40,0.256,77.2,0.04,15.12,-0.21,4336694.25,1781501.89
00:00:27.327,18/01/2026,06:31:20,17_T02,39.121503672,10.180383113,0.3,5.47,39.04,0.290,77.2,0.04,15.12,-0.23,4336694.30,1781501.87
00:00:28.318,18/01/2026,06:31:21,17_T02,39.121504184,10.180384654,0.2,5.45,38.67,0.435,77.2,0.04,15.12,-0.23,4336694.44,1781501.92
00:00:29.329,18/01/2026,06:31:22,17_T02,39.121504104,10.180384689,0.2,5.43,38.74,0.435,77.2,0.04,15.12,-0.22,4336694.44,1781501.91
00:00:30.329,18/01/2026,06:31:23,17_T02,39.121504188,10.180383688,0.2,5.43,39.05,0.359,77.2,0.04,15.12,-0.22,4336694.35,1781501.92
00:00:31.320,18/01/2026,06:31:24,17_T02,39.121504165,10.180384387,0.2,5.45,39.13,0.413,77.2,0.04,15.12,-0.23,4336694.41,1781501.92
00:00:32.325,18/01/2026,06:31:25,17_T02,39.121504060,10.180385460,0.2,5.47,38.79,0.494,77.2,0.04,15.12,-0.23,4336694.51,1781501.91
00:00:33.330,18/01/2026,06:31:26,17_T02,39.121503322,10.180385360,0.2,5.46,38.62,0.453,77.2,0.04,15.12,-0.21,4336694.50,1781501.83
00:00:34.319,18/01/2026,06:31:27,17_T02,39.121502181,10.180385395,0.2,5.46,38.45,0.404,77.2,0.04,15.12,-0.21,4336694.50,1781501.70
00:00:35.323,18/01/2026,06:31:28,17_T02,39.121502545,10.180385715,0.2,5.46,38.47,0.446,77.2,0.04,15.12,-0.22,4336694.53,1781501.74
00:00:36.327,18/01/2026,06:31:29,17_T02,39.121503121,10.180385725,0.2,5.44,38.62,0.473,77.2,0.04,15.12,-0.22,4336694.53,1781501.81
00:00:37.329,18/01/2026,06:31:30,17_T02,39.121502242,10.180386083,0.2,5.43,38.61,0.461,77.2,0.04,15.12,-0.22,4336694.56,1781501.71
00:00:38.320,18/01/2026,06:31:31,17_T02,39.121501959,10.180386549,0.2,5.45,38.54,0.486,77.2,0.04,15.13,-0.21,4336694.60,1781501.68
00:00:39.328,18/01/2026,06:31:32,17_T02,39.121502145,10.180387488,0.1,5.46,38.20,0.568,77.2,0.04,15.13,-0.21,4336694.68,1781501.70
00:00:40.332,18/01/2026,06:31:33,17_T02,39.121501762,10.180388184,0.2,5.47,38.07,0.607,77.2,0.04,15.13,-0.22,4336694.74,1781501.66
00:00:41.329,18/01/2026,06:31:34,17_T02,39.121501672,10.180387987,0.2,5.46,38.08,0.587,77.2,0.04,15.13,-0.22,4336694.73,1781501.65
00:00:42.324,18/01/2026,06:31:35,17_T02,39.121502036,10.180388558,0.2,5.46,38.12,0.649,77.2,0.04,15.15,-0.23,4336694.78,1781501.69
00:00:43.319,18/01/2026,06:31:36,17_T02,39.121501998,10.180389546,0.1,5.45,38.06,0.725,77.2,0.04,15.15,-0.23,4336694.86,1781501.68
00:00:44.331,18/01/2026,06:31:37,17_T02,39.121501444,10.180389871,0.1,5.45,38.15,0.726,77.2,0.04,15.23,-0.21,4336694.89,1781501.62
00:00:45.330,18/01/2026,06:31:38,17_T02,39.121500630,10.180390324,0.1,5.45,38.17,0.725,77.2,0.04,15.23,-0.21,4336694.93,1781501.53
00:00:46.322,18/01/2026,06:31:39,17_T02,39.121500315,10.180390585,0.1,5.45,38.09,0.732,77.2,0.04,15.29,-0.23,4336694.95,1781501.50
00:00:47.319,18/01/2026,06:31:40,17_T02,39.121500750,10.180390622,0.1,5.46,38.05,0.754,77.2,0.04,15.29,-0.23,4336694.96,1781501.54
00:00:48.333,18/01/2026,06:31:41,17_T02,39.121501270,10.180391844,0.1,5.47,38.01,0.875,77.2,0.05,15.33,-0.22,4336695.06,1781501.60
00:00:49.331,18/01/2026,06:31:42,17_T02,39.121501206,10.180392902,0.1,5.46,38.12,0.956,77.2,0.05,15.33,-0.22,4336695.15,1781501.60
00:00:50.321,18/01/2026,06:31:43,17_T02,39.121500667,10.180393558,0.1,5.46,38.20,0.984,77.2,0.06,15.35,-0.23,4336695.21,1781501.54
00:00:51.329,18/01/2026,06:31:44,17_T02,39.121500629,10.180394788,0.2,5.44,38.10,1.080,77.2,0.06,15.35,-0.23,4336695.32,1781501.53
00:00:52.324,18/01/2026,06:31:45,17_T02,39.121501785,10.180395486,0.2,5.43,37.90,1.187,77.2,0.06,15.35,-0.23,4336695.38,1781501.66
00:00:53.324,18/01/2026,06:31:46,17_T02,39.121503227,10.180395921,0.2,5.44,37.82,1.287,77.2,0.07,15.36,-0.21,4336695.42,1781501.82
00:00:54.319,18/01/2026,06:31:47,17_T02,39.121503624,10.180396998,0.2,5.47,37.71,1.390,77.2,0.07,15.36,-0.21,4336695.51,1781501.86
00:00:55.332,18/01/2026,06:31:48,17_T02,39.121503580,10.180398007,0.2,5.51,37.77,1.469,77.2,0.08,15.36,-0.22,4336695.60,1781501.86
00:00:56.327,18/01/2026,06:31:49,17_T02,39.121503121,10.180399543,0.2,5.47,37.68,1.570,77.2,0.08,15.36,-0.22,4336695.73,1781501.81
00:00:57.319,18/01/2026,06:31:50,17_T02,39.121502935,10.180400384,0.2,5.43,37.65,1.628,77.2,0.08,15.36,-0.22,4336695.80,1781501.79
00:00:58.329,18/01/2026,06:31:51,17_T02,39.121503808,10.180400802,0.2,5.42,37.60,1.701,77.2,0.08,15.36,-0.22,4336695.84,1781501.88
00:00:59.329,18/01/2026,06:31:52,17_T02,39.121504724,10.180400845,0.2,5.44,37.45,1.746,77.2,0.08,15.36,-0.24,4336695.84,1781501.99
00:01:00.327,18/01/2026,06:31:53,17_T02,39.121504792,10.180400749,0.2,5.47,37.23,1.741,77.2,0.08,15.36,-0.24,4336695.84,1781501.99
00:01:01.322,18/01/2026,06:31:54,17_T02,39.121504883,10.180402114,0.2,5.50,37.21,1.854,77.2,0.07,15.36,-0.23,4336695.95,1781502.00
00:01:02.331,18/01/2026,06:31:55,17_T02,39.121505760,10.180404401,0.2,5.48,37.37,2.075,77.2,0.07,15.36,-0.23,4336696.15,1781502.10
00:01:03.331,18/01/2026,06:31:56,17_T02,39.121506120,10.180404811,0.2,5.43,37.50,2.123,77.2,0.07,15.35,-0.23,4336696.19,1781502.14
00:01:04.325,18/01/2026,06:31:57,17_T02,39.121505769,10.180404542,0.2,5.41,37.25,2.086,77.2,0.07,15.35,-0.23,4336696.17,1781502.10
00:01:05.332,18/01/2026,06:31:58,17_T02,39.121506185,10.180405395,0.2,5.43,36.86,2.173,77.2,0.07,15.35,-0.22,4336696.24,1781502.15
00:01:06.326,18/01/2026,06:31:59,17_T02,39.121507434,10.180405596,0.2,5.47,36.70,2.245,77.2,0.07,15.35,-0.22,4336696.26,1781502.29
00:01:07.331,18/01/2026,06:32:00,17_T02,39.121507938,10.180405735,0.2,5.48,36.91,2.279,77.2,0.07,15.35,-0.22,4336696.27,1781502.34
00:01:08.324,18/01/2026,06:32:01,17_T02,39.121508193,10.180406670,0.2,5.48,37.00,2.365,77.2,0.07,15.34,-0.22,4336696.35,1781502.37
00:01:09.331,18/01/2026,06:32:02,17_T02,39.121508937,10.180408029,0.2,5.46,36.95,2.506,77.2,0.07,15.34,-0.22,4336696.47,1781502.45
00:01:10.319,18/01/2026,06:32:03,17_T02,39.121508796,10.180408820,0.2,5.43,36.69,2.563,77.2,0.08,15.34,-0.23,4336696.54,1781502.44
00:01:11.327,18/01/2026,06:32:04,17_T02,39.121508421,10.180408391,0.2,5.43,36.44,2.512,77.2,0.08,15.34,-0.23,4336696.50,1781502.39
00:01:12.322,18/01/2026,06:32:05,17_T02,39.121509639,10.180408385,0.2,5.46,36.46,2.566,77.2,0.08,15.33,-0.22,4336696.50,1781502.53
00:01:13.329,18/01/2026,06:32:06,17_T02,39.121511060,10.180409558,0.2,5.46,36.69,2.723,77.2,0.08,15.33,-0.22,4336696.60,1781502.69
00:01:14.324,18/01/2026,06:32:07,17_T02,39.121510925,10.180409694,0.2,5.46,36.71,2.728,77.2,0.08,15.32,-0.23,4336696.61,1781502.67
00:01:15.333,18/01/2026,06:32:08,17_T02,39.121510784,10.180410148,0.2,5.46,36.45,2.758,77.2,0.08,15.32,-0.23,4336696.65,1781502.66
00:01:16.328,18/01/2026,06:32:09,17_T02,39.121511777,10.180411625,0.2,5.46,36.05,2.923,77.2,0.08,15.31,-0.23,4336696.78,1781502.77
00:01:17.323,18/01/2026,06:32:10,17_T02,39.121512751,10.180412079,0.2,5.46,36.01,3.000,77.2,0.08,15.31,-0.23,4336696.82,1781502.87
00:01:18.330,18/01/2026,06:32:11,17_T02,39.121512293,10.180411782,0.2,5.46,36.26,2.955,77.2,0.08,15.31,-0.23,4336696.79,1781502.82
00:01:19.326,18/01/2026,06:32:12,17_T02,39.121511605,10.180411107,0.2,5.45,36.48,2.871,77.2,0.08,15.31,-0.23,4336696.74,1781502.75
00:01:20.332,18/01/2026,06:32:13,17_T02,39.121512209,10.180411180,0.2,5.44,36.24,2.904,77.2,0.08,15.30,-0.22,4336696.74,1781502.81
00:01:21.325,18/01/2026,06:32:14,17_T02,39.121513797,10.180413114,0.2,5.44,35.87,3.129,77.2,0.08,15.30,-0.22,4336696.91,1781502.99
00:01:22.323,18/01/2026,06:32:15,17_T02,39.121514928,10.180414196,0.2,5.46,35.67,3.266,77.2,0.08,15.30,-0.22,4336697.00,1781503.11
00:01:23.330,18/01/2026,06:32:16,17_T02,39.121514336,10.180414304,0.2,5.48,35.63,3.248,77.2,0.08,15.29,-0.23,4336697.01,1781503.05
00:01:24.324,18/01/2026,06:32:17,17_T02,39.121513668,10.180414188,0.2,5.47,35.73,3.209,77.2,0.08,15.29,-0.23,4336697.00,1781502.97
00:01:25.319,18/01/2026,06:32:18,17_T02,39.121514607,10.180414775,0.2,5.46,35.80,3.298,77.2,0.08,15.28,-0.23,4336697.05,1781503.08
00:01:26.318,18/01/2026,06:32:19,17_T02,39.121516611,10.180415563,0.3,5.44,35.87,3.451,77.2,0.08,15.28,-0.23,4336697.12,1781503.30
00:01:27.328,18/01/2026,06:32:20,17_T02,39.121517268,10.180415652,0.3,5.44,35.85,3.487,77.2,0.08,15.27,-0.23,4336697.13,1781503.37
00:01:28.328,18/01/2026,06:32:21,17_T02,39.121516194,10.180415993,0.2,5.45,35.43,3.466,77.2,0.08,15.27,-0.23,4336697.16,1781503.25
00:01:29.323,18/01/2026,06:32:22,17_T02,39.121515408,10.180416308,0.2,5.46,35.07,3.455,77.2,0.07,15.26,-0.22,4336697.19,1781503.17
00:01:30.320,18/01/2026,06:32:23,17_T02,39.121517043,10.180417162,0.2,5.46,35.10,3.597,77.2,0.07,15.26,-0.22,4336697.26,1781503.35
00:01:31.332,18/01/2026,06:32:24,17_T02,39.121519147,10.180418847,0.3,5.44,35.37,3.826,77.2,0.07,15.25,-0.23,4336697.41,1781503.58
00:01:32.328,18/01/2026,06:32:25,17_T02,39.121520431,10.180419325,0.3,5.42,35.52,3.922,77.2,0.07,15.25,-0.23,4336697.45,1781503.72
00:01:33.325,18/01/2026,06:32:26,17_T02,39.121520410,10.180419216,0.3,5.43,35.53,3.912,77.2,0.07,15.24,-0.22,4336697.44,1781503.72
00:01:34.324,18/01/2026,06:32:27,17_T02,39.121519841,10.180419853,0.3,5.45,35.20,3.937,77.2,0.07,15.24,-0.22,4336697.49,1781503.66
00:01:35.320,18/01/2026,06:32:28,17_T02,39.121520771,10.180420566,0.3,5.46,35.04,4.035,77.2,0.07,15.24,-0.22,4336697.56,1781503.76
00:01:36.329,18/01/2026,06:32:29,17_T02,39.121522114,10.180421581,0.3,5.46,35.10,4.177,77.2,0.07,15.24,-0.22,4336697.64,1781503.91
00:01:37.327,18/01/2026,06:32:30,17_T02,39.121522827,10.180422086,0.2,5.44,35.28,4.249,77.2,0.07,15.23,-0.22,4336697.69,1781503.99
00:01:38.324,18/01/2026,06:32:31,17_T02,39.121523134,10.180421953,0.2,5.44,35.40,4.252,77.2,0.07,15.23,-0.22,4336697.68,1781504.02
00:01:39.320,18/01/2026,06:32:32,17_T02,39.121522746,10.180421706,0.2,5.44,35.45,4.215,77.2,0.07,15.23,-0.22,4336697.65,1781503.98
00:01:40.330,18/01/2026,06:32:33,17_T02,39.121522386,10.180421055,0.2,5.45,35.27,4.147,77.2,0.07,15.22,-0.22,4336697.60,1781503.94
00:01:41.330,18/01/2026,06:32:34,17_T02,39.121522406,10.180421321,0.2,5.46,35.33,4.169,77.2,0.07,15.22,-0.22,4336697.62,1781503.94
00:01:42.329,18/01/2026,06:32:35,17_T02,39.121523129,10.180422464,0.2,5.46,35.06,4.293,77.2,0.07,15.21,-0.21,4336697.72,1781504.02
00:01:43.325,18/01/2026,06:32:36,17_T02,39.121524418,10.180423522,0.2,5.45,35.25,4.435,77.2,0.07,15.21,-0.21,4336697.81,1781504.16
00:01:44.319,18/01/2026,06:32:37,17_T02,39.121525140,10.180423519,0.2,5.42,35.40,4.467,77.2,0.06,15.20,-0.22,4336697.81,1781504.24
00:01:45.326,18/01/2026,06:32:38,17_T02,39.121524413,10.180421530,0.2,5.43,35.87,4.276,77.2,0.06,15.20,-0.22,4336697.64,1781504.16
00:01:46.326,18/01/2026,06:32:39,17_T02,39.121522423,10.180419330,0.2,5.46,35.84,4.012,77.2,0.06,15.19,-0.23,4336697.45,1781503.94
00:01:47.324,18/01/2026,06:32:40,17_T02,39.121521526,10.180420329,0.3,5.50,35.32,4.051,77.2,0.06,15.19,-0.23,4336697.54,1781503.84
00:01:48.333,18/01/2026,06:32:41,17_T02,39.121523449,10.180423315,0.4,5.49,35.06,4.375,77.2,0.06,15.18,-0.22,4336697.79,1781504.06
00:01:49.331,18/01/2026,06:32:42,17_T02,39.121524980,10.180424143,0.4,5.43,35.28,4.509,77.2,0.06,15.18,-0.22,4336697.87,1781504.23
00:01:50.325,18/01/2026,06:32:43,17_T02,39.121523651,10.180421578,0.5,5.40,35.94,4.246,77.2,0.06,15.17,-0.23,4336697.64,1781504.08
00:01:51.323,18/01/2026,06:32:44,17_T02,39.121521344,10.180417870,0.5,5.42,36.20,3.847,77.2,0.06,15.17,-0.23,4336697.32,1781503.82
00:01:52.319,18/01/2026,06:32:45,17_T02,39.121520601,10.180417008,0.5,5.47,36.19,3.745,77.2,0.06,15.16,-0.22,4336697.25,1781503.74
00:01:53.331,18/01/2026,06:32:46,17_T02,39.121521117,10.180419742,0.5,5.50,35.58,3.986,77.2,0.06,15.16,-0.22,4336697.48,1781503.80
00:01:54.326,18/01/2026,06:32:47,17_T02,39.121521650,10.180422044,0.4,5.48,35.28,4.192,77.2,0.06,15.16,-0.22,4336697.68,1781503.86
00:01:55.332,18/01/2026,06:32:48,17_T02,39.121521440,10.180420838,0.4,5.43,35.50,4.087,77.2,0.06,15.15,-0.24,4336697.58,1781503.83
00:01:56.326,18/01/2026,06:32:49,17_T02,39.121520255,10.180418108,0.4,5.41,36.00,3.817,77.2,0.06,15.15,-0.24,4336697.34,1781503.70
00:01:57.320,18/01/2026,06:32:50,17_T02,39.121519441,10.180415492,0.4,5.42,36.43,3.573,77.2,0.06,15.14,-0.23,4336697.12,1781503.61
00:01:58.329,18/01/2026,06:32:51,17_T02,39.121519254,10.180415696,0.4,5.48,36.20,3.580,77.2,0.06,15.14,-0.23,4336697.13,1781503.59
00:01:59.320,18/01/2026,06:32:52,17_T02,39.121519478,10.180419211,0.4,5.49,35.57,3.870,77.2,0.06,15.12,-0.22,4336697.44,1781503.62
00:02:00.327,18/01/2026,06:32:53,17_T02,39.121520218,10.180420200,0.4,5.47,35.42,3.981,77.2,0.06,15.12,-0.22,4336697.52,1781503.70
00:02:01.319,18/01/2026,06:32:54,17_T02,39.121520115,10.180417934,0.4,5.44,35.83,3.797,77.2,0.06,15.12,-0.23,4336697.33,1781503.69
00:02:02.327,18/01/2026,06:32:55,17_T02,39.121518916,10.180416186,0.4,5.44,36.31,3.604,77.2,0.06,15.12,-0.23,4336697.18,1781503.55
00:02:03.321,18/01/2026,06:32:56,17_T02,39.121518171,10.180414844,0.4,5.45,36.42,3.464,77.2,0.06,15.10,-0.22,4336697.06,1781503.47
00:02:04.330,18/01/2026,06:32:57,17_T02,39.121517510,10.180414814,0.3,5.47,36.21,3.432,77.2,0.06,15.10,-0.22,4336697.06,1781503.40
00:02:05.322,18/01/2026,06:32:58,17_T02,39.121517240,10.180416025,0.3,5.47,35.77,3.516,77.2,0.06,15.09,-0.23,4336697.16,1781503.37
00:02:06.332,18/01/2026,06:32:59,17_T02,39.121517393,10.180415981,0.3,5.45,35.80,3.519,77.2,0.06,15.09,-0.23,4336697.16,1781503.39
00:02:07.325,18/01/2026,06:33:00,17_T02,39.121516948,10.180414819,0.2,5.45,35.91,3.407,77.2,0.06,15.09,-0.23,4336697.06,1781503.34
00:02:08.330,18/01/2026,06:33:01,17_T02,39.121516648,10.180413806,0.2,5.45,36.25,3.313,77.2,0.06,15.09,-0.23,4336696.97,1781503.30
00:02:09.326,18/01/2026,06:33:02,17_T02,39.121516092,10.180412299,0.2,5.44,36.68,3.168,77.2,0.06,15.09,-0.23,4336696.84,1781503.24
00:02:10.323,18/01/2026,06:33:03,17_T02,39.121515028,10.180411993,0.2,5.46,36.55,3.096,77.2,0.05,15.09,-0.23,4336696.81,1781503.12
00:02:11.319,18/01/2026,06:33:04,17_T02,39.121516275,10.180413962,0.2,5.47,36.06,3.308,77.2,0.05,15.09,-0.23,4336696.98,1781503.26
00:02:12.332,18/01/2026,06:33:05,17_T02,39.121517575,10.180413761,0.3,5.45,36.06,3.351,77.2,0.05,15.08,-0.23,4336696.96,1781503.41
00:02:13.323,18/01/2026,06:33:06,17_T02,39.121515411,10.180410509,0.3,5.43,36.28,2.995,77.2,0.05,15.08,-0.23,4336696.68,1781503.17
00:02:14.318,18/01/2026,06:33:07,17_T02,39.121513450,10.180408618,0.4,5.45,36.71,2.756,77.2,0.05,15.07,-0.22,4336696.52,1781502.95
00:02:15.325,18/01/2026,06:33:08,17_T02,39.121515342,10.180410453,0.4,5.48,37.07,2.988,77.2,0.05,15.07,-0.22,4336696.68,1781503.16
00:02:16.321,18/01/2026,06:33:09,17_T02,39.121516707,10.180411221,0.5,5.44,37.52,3.110,77.2,0.05,15.06,-0.22,4336696.74,1781503.31
00:02:17.321,18/01/2026,06:33:10,17_T02,39.121515188,10.180409189,0.4,5.43,37.22,2.880,77.2,0.05,15.06,-0.22,4336696.57,1781503.14
00:02:18.330,18/01/2026,06:33:11,17_T02,39.121516322,10.180408413,0.4,5.47,37.20,2.870,77.2,0.05,15.05,-0.22,4336696.50,1781503.27
00:02:19.329,18/01/2026,06:33:12,17_T02,39.121516289,10.180407580,0.3,5.45,37.22,2.802,77.2,0.05,15.05,-0.22,4336696.43,1781503.26
00:02:20.320,18/01/2026,06:33:13,17_T02,39.121514245,10.180405757,0.4,5.46,37.29,2.565,77.2,0.05,15.05,-0.23,4336696.27,1781503.04
00:02:21.319,18/01/2026,06:33:14,17_T02,39.121514704,10.180406252,0.3,5.54,37.08,2.625,77.2,0.05,15.05,-0.23,4336696.31,1781503.09
00:02:22.329,18/01/2026,06:33:15,17_T02,39.121515213,10.180407207,0.3,5.53,36.40,2.724,77.2,0.05,15.04,-0.21,4336696.40,1781503.14
00:02:23.327,18/01/2026,06:33:16,17_T02,39.121516351,10.180406251,0.2,5.47,35.16,2.699,77.2,0.05,15.04,-0.21,4336696.31,1781503.27
00:02:24.328,18/01/2026,06:33:17,17_T02,39.121517383,10.180402325,0.2,5.48,33.17,2.434,77.2,0.05,15.04,-0.21,4336695.97,1781503.38
00:02:25.327,18/01/2026,06:33:18,17_T02,39.121518475,10.180398129,0.3,5.47,31.00,2.150,77.2,0.05,15.04,-0.21,4336695.60,1781503.50
00:02:26.327,18/01/2026,06:33:19,17_T02,39.121518493,10.180395922,0.2,5.50,28.95,1.976,77.2,0.05,15.04,-0.21,4336695.41,1781503.50
00:02:27.327,18/01/2026,06:33:20,17_T02,39.121517819,10.180395413,0.3,5.50,27.04,1.905,77.2,0.05,15.02,-0.22,4336695.37,1781503.43
00:02:28.327,18/01/2026,06:33:21,17_T02,39.121517099,10.180394797,0.3,5.51,25.31,1.824,77.2,0.05,15.02,-0.22,4336695.32,1781503.35
00:02:29.324,18/01/2026,06:33:22,17_T02,39.121516820,10.180393611,0.3,5.47,23.84,1.717,77.2,0.05,15.00,-0.21,4336695.21,1781503.32
00:02:30.319,18/01/2026,06:33:23,17_T02,39.121517972,10.180392766,0.2,5.46,22.61,1.702,77.2,0.05,15.00,-0.21,4336695.14,1781503.45
00:02:31.330,18/01/2026,06:33:24,17_T02,39.121520269,10.180390990,0.2,5.44,21.51,1.664,77.2,0.05,14.99,-0.22,4336694.98,1781503.70
00:02:32.328,18/01/2026,06:33:25,17_T02,39.121522554,10.180386564,0.3,5.47,20.41,1.416,77.2,0.05,14.99,-0.22,4336694.60,1781503.95
00:02:33.320,18/01/2026,06:33:26,17_T02,39.121522415,10.180380492,0.4,5.49,19.18,0.927,77.2,0.05,14.98,-0.21,4336694.07,1781503.93
00:02:34.329,18/01/2026,06:33:27,17_T02,39.121519519,10.180377236,0.5,5.52,18.29,0.538,77.2,0.05,14.98,-0.21,4336693.79,1781503.61
00:02:35.326,18/01/2026,06:33:28,17_T02,39.121515833,10.180379829,0.7,5.46,17.57,0.578,77.2,0.05,14.98,-0.23,4336694.01,1781503.21
00:02:36.320,18/01/2026,06:33:29,17_T02,39.121514108,10.180385116,0.8,5.44,17.22,0.920,77.2,0.05,14.98,-0.23,4336694.47,1781503.02
00:02:37.332,18/01/2026,06:33:30,17_T02,39.121516620,10.180388266,0.8,5.40,17.25,1.283,77.2,4.86,15.25,-0.10,4336694.75,1781503.30
00:02:38.331,18/01/2026,06:33:31,17_T02,39.121520626,10.180385103,0.9,5.42,16.44,1.213,77.2,4.86,15.25,-0.10,4336694.47,1781503.74
00:02:39.325,18/01/2026,06:33:32,17_T02,39.121525847,10.180374291,0.9,5.50,18.18,0.590,77.2,4.86,15.25,-0.10,4336693.53,1781504.31
00:02:40.324,18/01/2026,06:33:33,17_T02,39.121528032,10.180370283,0.9,5.51,16.80,0.370,77.2,38.08,15.77,1.33,4336693.18,1781504.55
00:02:41.319,18/01/2026,06:33:34,17_T02,39.121528530,10.180365647,1.1,5.47,14.97,0.024,77.2,38.08,15.77,1.33,4336692.78,1781504.60
00:02:42.330,18/01/2026,06:33:35,17_T02,39.121520170,10.180373750,1.3,5.42,15.47,0.291,77.2,38.09,15.70,1.26,4336693.48,1781503.68
00:02:43.325,18/01/2026,06:33:36,17_T02,39.121517875,10.180372370,1.3,5.46,16.25,0.078,77.2,38.09,15.70,1.26,4336693.36,1781503.43
00:02:44.321,18/01/2026,06:33:37,17_T02,39.121521262,10.180362030,1.5,5.45,15.08,-0.591,77.2,38.08,15.74,2.62,4336692.46,1781503.80
00:02:45.329,18/01/2026,06:33:38,17_T02,39.121525332,10.180353534,1.5,5.50,12.92,-1.082,77.2,38.08,15.74,2.62,4336691.72,1781504.25
00:02:46.321,18/01/2026,06:33:39,17_T02,39.121527116,10.180353090,1.2,5.50,11.66,-1.037,77.2,38.09,15.67,3.40,4336691.68,1781504.45
00:02:47.328,18/01/2026,06:33:40,17_T02,39.121524715,10.180356515,0.9,4.50,12.09,-0.873,77.2,38.09,15.67,3.40,4336691.98,1781504.18
00:02:48.320,18/01/2026,06:33:41,17_T02,39.121521894,10.180358291,0.8,4.74,13.71,-0.859,77.2,38.06,15.71,4.45,4336692.14,1781503.87
00:02:49.327,18/01/2026,06:33:42,17_T02,39.121520535,10.180357982,0.6,4.96,14.79,-0.945,77.2,38.06,15.71,4.45,4336692.11,1781503.72
00:02:50.332,18/01/2026,06:33:43,17_T02,39.121519586,10.180357919,0.5,5.30,17.69,-0.993,77.2,38.05,15.69,5.64,4336692.11,1781503.62
00:02:51.321,18/01/2026,06:33:44,17_T02,39.121518583,10.180358618,0.5,6.00,22.35,-0.983,77.2,38.05,15.69,5.64,4336692.17,1781503.51
00:02:52.325,18/01/2026,06:33:45,17_T02,39.121517014,10.180360892,0.4,6.93,26.94,-0.873,77.2,38.10,15.72,6.27,4336692.37,1781503.33
00:02:53.328,18/01/2026,06:33:46,17_T02,39.121515208,10.180364192,0.4,7.72,30.92,-0.692,77.2,38.10,15.72,6.27,4336692.65,1781503.13
00:02:54.319,18/01/2026,06:33:47,17_T02,39.121513330,10.180366825,0.3,8.11,33.83,-0.568,77.2,38.02,15.74,7.74,4336692.88,1781502.93
00:02:55.327,18/01/2026,06:33:48,17_T02,39.121511545,10.180367900,0.3,8.31,36.17,-0.563,77.2,38.02,15.74,7.74,4336692.98,1781502.73
00:02:56.324,18/01/2026,06:33:49,17_T02,39.121510510,10.180366987,0.3,8.70,38.15,-0.682,77.2,38.12,15.63,8.68,4336692.90,1781502.62
00:02:57.330,18/01/2026,06:33:50,17_T02,39.121510229,10.180364842,0.3,9.47,39.39,-0.865,77.2,38.12,15.63,8.68,4336692.71,1781502.59
00:02:58.321,18/01/2026,06:33:51,17_T02,39.121509511,10.180363399,0.3,10.44,39.54,-1.012,77.2,38.13,15.71,9.56,4336692.59,1781502.51
00:02:59.331,18/01/2026,06:33:52,17_T02,39.121508059,10.180363320,0.3,11.23,39.14,-1.084,77.2,38.13,15.71,9.56,4336692.58,1781502.35
00:03:00.327,18/01/2026,06:33:53,17_T02,39.121507105,10.180363289,0.3,11.52,38.74,-1.129,77.2,38.04,15.74,11.09,4336692.58,1781502.24
00:03:01.321,18/01/2026,06:33:54,17_T02,39.121506859,10.180363004,0.3,11.30,38.87,-1.163,77.2,38.04,15.74,11.09,4336692.55,1781502.21
00:03:02.319,18/01/2026,06:33:55,17_T02,39.121507563,10.180361222,0.3,11.05,39.15,-1.273,77.2,38.13,15.62,11.35,4336692.40,1781502.29
00:03:03.328,18/01/2026,06:33:56,17_T02,39.121507962,10.180359921,0.3,11.16,39.30,-1.358,77.2,38.13,15.62,11.35,4336692.28,1781502.33
00:03:04.323,18/01/2026,06:33:57,17_T02,39.121507165,10.180360214,0.2,11.48,39.53,-1.371,77.2,38.08,15.71,11.01,4336692.31,1781502.25
00:03:05.331,18/01/2026,06:33:58,17_T02,39.121506402,10.180359771,0.2,11.71,39.33,-1.441,77.2,38.08,15.71,11.01,4336692.27,1781502.16
00:03:06.330,18/01/2026,06:33:59,17_T02,39.121506663,10.180357807,0.2,11.62,38.92,-1.585,77.2,38.03,15.71,11.59,4336692.10,1781502.19
00:03:07.327,18/01/2026,06:34:00,17_T02,39.121507716,10.180355692,0.3,11.40,38.73,-1.705,77.2,38.03,15.71,11.59,4336691.91,1781502.31
00:03:08.321,18/01/2026,06:34:01,17_T02,39.121508592,10.180354472,0.2,11.30,38.91,-1.763,77.2,38.13,15.63,11.23,4336691.81,1781502.40
00:03:09.339,18/01/2026,06:34:02,17_T02,39.121508379,10.180354018,0.2,11.44,39.33,-1.808,77.2,38.13,15.63,11.23,4336691.77,1781502.38
00:03:10.329,18/01/2026,06:34:03,17_T02,39.121507686,10.180352767,0.2,11.72,39.18,-1.939,77.2,38.08,15.71,11.27,4336691.66,1781502.30
00:03:11.327,18/01/2026,06:34:04,17_T02,39.121507405,10.180350289,0.3,11.79,38.64,-2.148,77.2,38.08,15.71,11.27,4336691.44,1781502.27
00:03:12.322,18/01/2026,06:34:05,17_T02,39.121507861,10.180347331,0.3,11.59,38.00,-2.363,77.2,38.10,15.63,11.65,4336691.19,1781502.32
00:03:13.327,18/01/2026,06:34:06,17_T02,39.121508632,10.180345028,0.3,11.31,37.79,-2.511,77.2,38.10,15.63,11.65,4336690.99,1781502.40
00:03:14.321,18/01/2026,06:34:07,17_T02,39.121509144,10.180343368,0.3,11.26,38.01,-2.619,77.2,38.12,15.64,11.10,4336690.84,1781502.46
00:03:15.332,18/01/2026,06:34:08,17_T02,39.121509092,10.180341742,0.3,11.52,38.21,-2.751,77.2,38.12,15.64,11.10,4336690.70,1781502.45
00:03:16.325,18/01/2026,06:34:09,17_T02,39.121508907,10.180339621,0.3,11.79,37.85,-2.928,77.2,38.08,15.72,11.37,4336690.52,1781502.43
00:03:17.330,18/01/2026,06:34:10,17_T02,39.121508876,10.180336542,0.3,11.78,37.01,-3.174,77.2,38.08,15.72,11.37,4336690.25,1781502.43
00:03:18.322,18/01/2026,06:34:11,17_T02,39.121508758,10.180333717,0.3,11.55,36.44,-3.403,77.2,38.13,15.61,11.56,4336690.00,1781502.42
00:03:19.327,18/01/2026,06:34:12,17_T02,39.121508801,10.180331731,0.3,11.34,36.35,-3.559,77.2,38.13,15.61,11.56,4336689.83,1781502.42
00:03:20.331,18/01/2026,06:34:13,17_T02,39.121509123,10.180329656,0.3,11.37,36.53,-3.709,77.2,38.13,15.63,11.21,4336689.65,1781502.46
00:03:21.326,18/01/2026,06:34:14,17_T02,39.121509440,10.180327295,0.4,11.63,36.50,-3.882,77.2,38.13,15.63,11.21,4336689.44,1781502.49
00:03:22.329,18/01/2026,06:34:15,17_T02,39.121509368,10.180324957,0.4,11.82,36.17,-4.071,77.2,38.06,15.69,11.46,4336689.24,1781502.48
00:03:23.319,18/01/2026,06:34:16,17_T02,39.121508877,10.180322827,0.4,11.78,35.91,-4.263,77.2,38.06,15.69,11.46,4336689.06,1781502.43
00:03:24.327,18/01/2026,06:34:17,17_T02,39.121508236,10.180320983,0.4,11.56,35.90,-4.438,77.2,38.11,15.62,11.59,4336688.89,1781502.36
00:03:25.333,18/01/2026,06:34:18,17_T02,39.121507904,10.180318658,0.4,11.35,36.04,-4.638,77.2,38.11,15.62,11.59,4336688.69,1781502.32
00:03:26.328,18/01/2026,06:34:19,17_T02,39.121507862,10.180316281,0.4,11.33,36.34,-4.828,77.2,38.13,15.63,11.14,4336688.49,1781502.31
00:03:27.324,18/01/2026,06:34:20,17_T02,39.121507291,10.180314702,0.4,11.52,36.64,-4.979,77.2,38.13,15.63,11.14,4336688.35,1781502.25
00:03:28.332,18/01/2026,06:34:21,17_T02,39.121506488,10.180313073,0.3,11.84,36.26,-5.145,77.2,38.07,15.72,11.42,4336688.21,1781502.16
00:03:29.324,18/01/2026,06:34:22,17_T02,39.121505715,10.180310863,0.3,11.86,35.70,-5.355,77.2,38.07,15.72,11.42,4336688.02,1781502.08
00:03:30.318,18/01/2026,06:34:23,17_T02,39.121505078,10.180308552,0.4,11.63,35.49,-5.568,77.2,38.13,15.62,11.61,4336687.81,1781502.01
00:03:31.326,18/01/2026,06:34:24,17_T02,39.121504778,10.180306612,0.3,11.36,35.76,-5.735,77.2,38.13,15.62,11.61,4336687.65,1781501.97
00:03:32.320,18/01/2026,06:34:25,17_T02,39.121504559,10.180304906,0.3,11.29,36.11,-5.881,77.2,38.12,15.65,11.16,4336687.50,1781501.95
00:03:33.330,18/01/2026,06:34:26,17_T02,39.121503638,10.180303641,0.3,11.45,36.34,-6.023,77.2,38.12,15.65,11.16,4336687.39,1781501.85
00:03:34.330,18/01/2026,06:34:27,17_T02,39.121502298,10.180302385,0.3,11.69,36.19,-6.183,77.2,38.12,15.65,11.16,4336687.28,1781501.70
00:03:35.324,18/01/2026,06:34:28,17_T02,39.121500853,10.180300875,0.3,11.74,36.04,-6.368,77.2,38.06,15.70,11.44,4336687.15,1781501.54
00:03:36.322,18/01/2026,06:34:29,17_T02,39.121499650,10.180299252,0.3,11.63,36.14,-6.551,77.2,38.06,15.70,11.44,4336687.01,1781501.40
00:03:37.332,18/01/2026,06:34:30,17_T02,39.121498839,10.180297787,0.3,11.43,36.49,-6.704,77.2,38.12,15.62,11.59,4336686.88,1781501.31
00:03:38.326,18/01/2026,06:34:31,17_T02,39.121498194,10.180296878,0.3,11.34,36.88,-6.805,77.2,38.12,15.62,11.59,4336686.80,1781501.24
00:03:39.325,18/01/2026,06:34:32,17_T02,39.121497364,10.180296381,0.3,11.41,37.18,-6.882,77.2,38.12,15.65,11.20,4336686.76,1781501.15
00:03:40.321,18/01/2026,06:34:33,17_T02,39.121496217,10.180295724,0.3,11.55,37.22,-6.986,77.2,38.12,15.65,11.20,4336686.70,1781501.02
00:03:41.330,18/01/2026,06:34:34,17_T02,39.121494635,10.180294943,0.3,11.65,37.17,-7.119,77.2,38.14,15.75,11.37,4336686.63,1781500.85
00:03:42.327,18/01/2026,06:34:35,17_T02,39.121492846,10.180294593,0.3,11.64,37.34,-7.228,77.2,38.14,15.75,11.37,4336686.60,1781500.65
00:03:43.321,18/01/2026,06:34:36,17_T02,39.121491687,10.180293935,0.3,11.55,37.46,-7.332,77.2,38.14,15.76,11.50,4336686.55,1781500.52
00:03:44.328,18/01/2026,06:34:37,17_T02,39.121491405,10.180292688,0.3,11.47,37.45,-7.444,77.2,38.14,15.76,11.50,4336686.44,1781500.49
00:03:45.331,18/01/2026,06:34:38,17_T02,39.121491090,10.180291946,0.3,11.52,37.37,-7.517,77.2,38.14,15.76,11.41,4336686.37,1781500.46
00:03:46.323,18/01/2026,06:34:39,17_T02,39.121489647,10.180292637,0.3,11.61,37.26,-7.527,77.2,38.14,15.76,11.41,4336686.43,1781500.30
00:03:47.330,18/01/2026,06:34:40,17_T02,39.121487359,10.180293487,0.3,11.67,37.26,-7.563,77.2,38.14,15.76,11.27,4336686.51,1781500.05
00:03:48.320,18/01/2026,06:34:41,17_T02,39.121485989,10.180292693,0.3,11.59,37.25,-7.688,77.2,38.14,15.76,11.27,4336686.44,1781499.90
00:03:49.329,18/01/2026,06:34:42,17_T02,39.121485432,10.180290839,0.3,11.41,37.40,-7.860,77.2,38.14,15.76,11.65,4336686.28,1781499.83
00:03:50.332,18/01/2026,06:34:43,17_T02,39.121485226,10.180289979,0.3,11.36,37.65,-7.938,77.2,38.14,15.76,11.65,4336686.20,1781499.81
00:03:51.324,18/01/2026,06:34:44,17_T02,39.121484172,10.180291009,0.3,11.45,37.67,-7.904,77.2,38.14,15.76,11.12,4336686.29,1781499.69
00:03:52.327,18/01/2026,06:34:45,17_T02,39.121482138,10.180292091,0.3,11.63,37.61,-7.910,77.2,38.14,15.76,11.12,4336686.39,1781499.47
00:03:53.321,18/01/2026,06:34:46,17_T02,39.121480559,10.180291432,0.3,11.76,37.47,-8.033,77.2,38.14,15.77,11.41,4336686.33,1781499.30
00:03:54.324,18/01/2026,06:34:47,17_T02,39.121479599,10.180289611,0.3,11.67,37.39,-8.221,77.2,38.14,15.77,11.41,4336686.17,1781499.19
00:03:55.319,18/01/2026,06:34:48,17_T02,39.121479002,10.180287880,0.3,11.51,37.43,-8.385,77.2,38.15,15.76,11.62,4336686.02,1781499.12
00:03:56.329,18/01/2026,06:34:49,17_T02,39.121478101,10.180287397,0.3,11.47,37.63,-8.464,77.2,38.15,15.76,11.62,4336685.98,1781499.02
00:03:57.324,18/01/2026,06:34:50,17_T02,39.121476727,10.180287760,0.3,11.57,37.81,-8.498,77.2,38.15,15.76,11.26,4336686.01,1781498.87
00:03:58.319,18/01/2026,06:34:51,17_T02,39.121475187,10.180287652,0.3,11.67,37.71,-8.576,77.2,38.15,15.76,11.26,4336686.00,1781498.70
00:03:59.330,18/01/2026,06:34:52,17_T02,39.121473585,10.180286625,0.3,11.68,37.54,-8.729,77.2,38.13,15.77,11.50,4336685.91,1781498.53
00:04:00.322,18/01/2026,06:34:53,17_T02,39.121472109,10.180285055,0.3,11.60,37.52,-8.921,77.2,38.13,15.77,11.50,4336685.78,1781498.36
00:04:01.331,18/01/2026,06:34:54,17_T02,39.121470559,10.180283159,0.3,11.45,37.64,-9.141,77.2,38.15,15.75,11.43,4336685.61,1781498.19
00:04:02.326,18/01/2026,06:34:55,17_T02,39.121468950,10.180281790,0.4,11.40,37.91,-9.322,77.2,38.15,15.75,11.43,4336685.49,1781498.01
00:04:03.319,18/01/2026,06:34:56,17_T02,39.121467149,10.180281299,0.4,11.54,38.38,-9.443,77.2,38.15,15.76,11.25,4336685.45,1781497.81
00:04:04.330,18/01/2026,06:34:57,17_T02,39.121465301,10.180280977,0.4,11.74,38.77,-9.552,77.2,38.15,15.76,11.25,4336685.42,1781497.61
00:04:05.325,18/01/2026,06:34:58,17_T02,39.121463672,10.180279853,0.4,11.77,38.91,-9.714,77.2,38.14,15.75,11.56,4336685.33,1781497.43
00:04:06.322,18/01/2026,06:34:59,17_T02,39.121462193,10.180278230,0.4,11.61,38.94,-9.910,77.2,38.14,15.75,11.56,4336685.19,1781497.27
00:04:07.328,18/01/2026,06:35:00,17_T02,39.121460834,10.180276843,0.4,11.41,39.03,-10.081,77.2,38.15,15.75,11.44,4336685.07,1781497.12
00:04:08.320,18/01/2026,06:35:01,17_T02,39.121459395,10.180275615,0.4,11.39,39.11,-10.244,77.2,38.15,15.75,11.44,4336684.96,1781496.96
00:04:09.332,18/01/2026,06:35:02,17_T02,39.121457842,10.180274213,0.4,11.59,39.17,-10.425,77.2,38.15,15.75,11.27,4336684.84,1781496.79
00:04:10.328,18/01/2026,06:35:03,17_T02,39.121456484,10.180272470,0.4,11.79,39.03,-10.625,77.2,38.15,15.75,11.27,4336684.69,1781496.64
00:04:11.317,18/01/2026,06:35:04,17_T02,39.121454981,10.180270445,0.4,11.77,38.67,-10.854,77.2,38.14,15.75,11.54,4336684.51,1781496.47
00:04:12.328,18/01/2026,06:35:05,17_T02,39.121453107,10.180269277,0.4,11.59,38.58,-11.031,77.2,38.14,15.75,11.54,4336684.41,1781496.26
00:04:13.321,18/01/2026,06:35:06,17_T02,39.121451481,10.180268563,0.4,11.45,38.83,-11.161,77.2,38.15,15.75,11.42,4336684.35,1781496.08
00:04:14.329,18/01/2026,06:35:07,17_T02,39.121450494,10.180267132,0.4,11.45,38.96,-11.319,77.2,38.15,15.75,11.42,4336684.22,1781495.97
00:04:15.319,18/01/2026,06:35:08,17_T02,39.121449686,10.180264811,0.4,11.54,38.76,-11.540,77.2,38.15,15.76,11.29,4336684.02,1781495.88
00:04:16.325,18/01/2026,06:35:09,17_T02,39.121448258,10.180262677,0.4,11.60,38.43,-11.774,77.2,38.15,15.76,11.29,4336683.84,1781495.73
00:04:17.330,18/01/2026,06:35:10,17_T02,39.121446186,10.180261233,0.4,11.61,38.38,-11.982,77.2,38.15,15.76,11.32,4336683.71,1781495.50
00:04:18.319,18/01/2026,06:35:11,17_T02,39.121444537,10.180259794,0.4,11.62,38.50,-12.170,77.2,38.15,15.76,11.32,4336683.59,1781495.31
00:04:19.323,18/01/2026,06:35:12,17_T02,39.121443257,10.180258339,0.4,11.60,38.65,-12.344,77.2,38.15,15.76,11.56,4336683.46,1781495.17
00:04:20.327,18/01/2026,06:35:13,17_T02,39.121442090,10.180256706,0.4,11.55,38.55,-12.526,77.2,38.15,15.76,11.56,4336683.32,1781495.04
00:04:21.319,18/01/2026,06:35:14,17_T02,39.121440408,10.180255476,0.4,11.47,38.37,-12.700,77.2,38.15,15.76,11.21,4336683.21,1781494.86
00:04:22.325,18/01/2026,06:35:15,17_T02,39.121438532,10.180254124,0.4,11.43,38.34,-12.892,77.2,38.15,15.76,11.21,4336683.09,1781494.65
00:04:23.321,18/01/2026,06:35:16,17_T02,39.121437210,10.180251860,0.4,11.46,38.44,-13.131,77.2,38.15,15.76,11.39,4336682.90,1781494.50
00:04:24.325,18/01/2026,06:35:17,17_T02,39.121436364,10.180249345,0.4,11.54,38.46,-13.369,77.2,38.15,15.76,11.39,4336682.68,1781494.41
00:04:25.331,18/01/2026,06:35:18,17_T02,39.121435312,10.180247236,0.4,11.68,38.28,-13.584,77.2,38.15,15.76,11.43,4336682.50,1781494.29
00:04:26.324,18/01/2026,06:35:19,17_T02,39.121433548,10.180246232,0.4,11.75,38.21,-13.743,77.2,38.15,15.76,11.43,4336682.41,1781494.10
00:04:27.332,18/01/2026,06:35:20,17_T02,39.121431234,10.180245615,0.4,11.64,38.27,-13.896,77.2,38.15,15.75,11.45,4336682.36,1781493.84
00:04:28.333,18/01/2026,06:35:21,17_T02,39.121429283,10.180244547,0.4,11.43,38.41,-14.069,77.2,38.15,15.75,11.45,4336682.26,1781493.63
00:04:29.331,18/01/2026,06:35:22,17_T02,39.121428043,10.180242557,0.4,11.34,38.51,-14.283,77.2,38.15,15.75,11.32,4336682.09,1781493.49
00:04:30.329,18/01/2026,06:35:23,17_T02,39.121427228,10.180240351,0.4,11.45,38.54,-14.495,77.2,38.15,15.75,11.32,4336681.90,1781493.40
00:04:31.324,18/01/2026,06:35:24,17_T02,39.121426177,10.180238569,0.4,11.66,38.54,-14.684,77.2,38.15,15.75,11.32,4336681.74,1781493.28
00:04:32.318,18/01/2026,06:35:25,17_T02,39.121424579,10.180237358,0.4,11.77,38.46,-14.852,77.2,38.14,15.75,11.39,4336681.64,1781493.11
00:04:33.330,18/01/2026,06:35:26,17_T02,39.121422657,10.180236789,0.4,11.69,38.41,-14.984,77.2,38.14,15.75,11.39,4336681.59,1781492.90
00:04:34.329,18/01/2026,06:35:27,17_T02,39.121420781,10.180236424,0.4,11.48,38.46,-15.098,77.2,38.15,15.75,11.48,4336681.56,1781492.69
00:04:35.325,18/01/2026,06:35:28,17_T02,39.121419315,10.180235695,0.4,11.38,38.57,-15.222,77.2,38.15,15.75,11.48,4336681.50,1781492.53
00:04:36.321,18/01/2026,06:35:29,17_T02,39.121417937,10.180234397,0.4,11.48,38.77,-15.387,77.2,38.15,15.75,11.23,4336681.38,1781492.37
00:04:37.320,18/01/2026,06:35:30,17_T02,39.121416913,10.180232800,0.4,11.62,38.75,-15.560,77.2,38.15,15.75,11.23,4336681.24,1781492.26
00:04:38.331,18/01/2026,06:35:31,17_T02,39.121415860,10.180231220,0.4,11.65,38.43,-15.733,77.2,38.15,15.75,11.48,4336681.11,1781492.14
00:04:39.329,18/01/2026,06:35:32,17_T02,39.121414395,10.180230588,0.3,11.58,38.23,-15.849,77.2,38.15,15.75,11.48,4336681.05,1781491.98
00:04:40.327,18/01/2026,06:35:33,17_T02,39.121412557,10.180230579,0.3,11.51,38.29,-15.933,77.2,38.15,15.75,11.38,4336681.05,1781491.78
00:04:41.323,18/01/2026,06:35:34,17_T02,39.121410732,10.180230277,0.4,11.49,38.46,-16.039,77.2,38.15,15.75,11.38,4336681.03,1781491.58
00:04:42.317,18/01/2026,06:35:35,17_T02,39.121409447,10.180229252,0.4,11.55,38.57,-16.179,77.2,38.15,15.75,11.31,4336680.94,1781491.44
00:04:43.332,18/01/2026,06:35:36,17_T02,39.121408628,10.180227615,0.3,11.65,38.47,-16.346,77.2,38.15,15.75,11.31,4336680.80,1781491.35
00:04:44.329,18/01/2026,06:35:37,17_T02,39.121407794,10.180226111,0.3,11.68,38.16,-16.503,77.2,38.14,15.75,11.50,4336680.66,1781491.25
00:04:45.325,18/01/2026,06:35:38,17_T02,39.121406319,10.180225302,0.3,11.59,37.94,-16.633,77.2,38.14,15.75,11.50,4336680.59,1781491.09
00:04:46.324,18/01/2026,06:35:39,17_T02,39.121404363,10.180225178,0.3,11.44,37.99,-16.731,77.2,38.15,15.75,11.39,4336680.58,1781490.87
00:04:47.322,18/01/2026,06:35:40,17_T02,39.121402493,10.180224777,0.3,11.39,38.18,-16.848,77.2,38.15,15.75,11.39,4336680.55,1781490.67
00:04:48.319,18/01/2026,06:35:41,17_T02,39.121401121,10.180223550,0.4,11.54,38.25,-17.007,77.2,38.15,15.75,11.27,4336680.44,1781490.52
00:04:49.320,18/01/2026,06:35:42,17_T02,39.121400194,10.180221475,0.4,11.71,38.05,-17.214,77.2,38.15,15.75,11.27,4336680.26,1781490.41
00:04:50.319,18/01/2026,06:35:43,17_T02,39.121399347,10.180219278,0.4,11.75,37.66,-17.426,77.2,38.15,15.75,11.50,4336680.07,1781490.32
00:04:51.331,18/01/2026,06:35:44,17_T02,39.121397917,10.180218382,0.4,11.64,37.54,-17.562,77.2,38.15,15.75,11.50,4336679.99,1781490.16
00:04:52.326,18/01/2026,06:35:45,17_T02,39.121395985,10.180218381,0.4,11.50,37.69,-17.649,77.2,38.15,15.75,11.41,4336679.99,1781489.95
00:04:53.322,18/01/2026,06:35:46,17_T02,39.121394166,10.180217905,0.4,11.48,37.81,-17.769,77.2,38.15,15.75,11.41,4336679.95,1781489.75
00:04:54.332,18/01/2026,06:35:47,17_T02,39.121392815,10.180216145,0.4,11.55,37.71,-17.970,77.2,38.15,15.76,11.36,4336679.80,1781489.60
00:04:55.324,18/01/2026,06:35:48,17_T02,39.121391833,10.180213378,0.4,11.66,37.40,-18.234,77.2,38.15,15.76,11.36,4336679.56,1781489.49
00:04:56.332,18/01/2026,06:35:49,17_T02,39.121390698,10.180210764,0.4,11.68,37.11,-18.493,77.2,38.15,15.77,11.50,4336679.33,1781489.36
00:04:57.322,18/01/2026,06:35:50,17_T02,39.121389077,10.180209492,0.4,11.61,37.11,-18.667,77.2,38.15,15.77,11.50,4336679.22,1781489.18
00:04:58.317,18/01/2026,06:35:51,17_T02,39.121386959,10.180209047,0.4,11.55,37.34,-18.797,77.2,38.14,15.76,11.37,4336679.18,1781488.95
00:04:59.324,18/01/2026,06:35:52,17_T02,39.121384829,10.180208164,0.4,11.52,37.54,-18.964,77.2,38.14,15.76,11.37,4336679.11,1781488.72
00:05:00.320,18/01/2026,06:35:53,17_T02,39.121383131,10.180205921,0.5,11.53,37.53,-19.218,77.2,38.15,15.76,11.35,4336678.91,1781488.53
00:05:01.330,18/01/2026,06:35:54,17_T02,39.121381873,10.180202745,0.5,11.57,37.33,-19.527,77.2,38.15,15.76,11.35,4336678.64,1781488.39
00:05:02.324,18/01/2026,06:35:55,17_T02,39.121380514,10.180199930,0.5,11.62,37.11,-19.812,77.2,38.15,15.75,11.43,4336678.39,1781488.24
00:05:03.326,18/01/2026,06:35:56,17_T02,39.121378697,10.180198066,0.5,11.66,37.10,-20.042,77.2,38.15,15.75,11.43,4336678.23,1781488.04
00:05:04.326,18/01/2026,06:35:57,17_T02,39.121376546,10.180197091,0.5,11.67,37.34,-20.217,77.2,38.15,15.75,11.43,4336678.15,1781487.80
00:05:05.332,18/01/2026,06:35:58,17_T02,39.121374367,10.180196014,0.5,11.57,37.58,-20.401,77.2,38.15,15.75,11.43,4336678.05,1781487.56
00:05:06.321,18/01/2026,06:35:59,17_T02,39.121372446,10.180194131,0.5,11.46,37.65,-20.637,77.2,38.15,15.75,11.43,4336677.89,1781487.35
00:05:07.327,18/01/2026,06:36:00,17_T02,39.121370770,10.180191263,0.5,11.44,37.57,-20.940,77.2,38.15,15.75,11.43,4336677.64,1781487.16
00:05:08.319,18/01/2026,06:36:01,17_T02,39.121369262,10.180188404,0.5,11.57,37.44,-21.235,77.2,38.15,15.75,11.43,4336677.39,1781486.99
00:05:09.332,18/01/2026,06:36:02,17_T02,39.121367593,10.180186277,0.5,11.74,37.37,-21.479,77.2,38.15,15.75,11.43,4336677.21,1781486.81
00:05:10.323,18/01/2026,06:36:03,17_T02,39.121365848,10.180185017,0.5,11.76,37.40,-21.658,77.2,38.15,15.75,11.43,4336677.10,1781486.62
00:05:11.317,18/01/2026,06:36:04,17_T02,39.121364012,10.180184166,0.5,11.57,37.56,-21.808,77.2,38.15,15.75,11.43,4336677.03,1781486.41
00:05:12.329,18/01/2026,06:36:05,17_T02,39.121362231,10.180182885,0.5,11.39,37.63,-21.991,77.2,38.15,15.75,11.43,4336676.91,1781486.22
00:05:13.325,18/01/2026,06:36:06,17_T02,39.121360453,10.180181024,0.4,11.42,37.61,-22.218,77.2,38.15,15.75,11.43,4336676.75,1781486.02
00:05:14.319,18/01/2026,06:36:07,17_T02,39.121358592,10.180179167,0.4,11.67,37.67,-22.450,77.2,38.15,15.75,11.43,4336676.59,1781485.81
00:05:15.328,18/01/2026,06:36:08,17_T02,39.121356900,10.180177004,0.5,11.82,37.58,-22.698,77.2,38.15,15.75,11.43,4336676.40,1781485.63
00:05:16.331,18/01/2026,06:36:09,17_T02,39.121355419,10.180174806,0.5,11.69,37.33,-22.939,77.2,38.15,15.75,11.43,4336676.21,1781485.46
00:05:17.324,18/01/2026,06:36:10,17_T02,39.121353845,10.180173263,0.5,11.45,37.35,-23.133,77.2,38.15,15.75,11.43,4336676.08,1781485.29
00:05:18.321,18/01/2026,06:36:11,17_T02,39.121352381,10.180172224,0.4,11.38,37.59,-23.281,77.2,38.15,15.75,11.43,4336675.99,1781485.13
00:05:19.331,18/01/2026,06:36:12,17_T02,39.121350653,10.180171226,0.4,11.57,37.83,-23.439,77.2,38.15,15.76,11.24,4336675.90,1781484.94
00:05:20.324,18/01/2026,06:36:13,17_T02,39.121348736,10.180169830,0.4,11.79,37.75,-23.636,77.2,38.15,15.76,11.24,4336675.78,1781484.73
00:05:21.322,18/01/2026,06:36:14,17_T02,39.121346728,10.180167749,0.4,11.78,37.41,-23.892,77.2,38.14,15.76,11.58,4336675.60,1781484.50
00:05:22.321,18/01/2026,06:36:15,17_T02,39.121344979,10.180165455,0.4,11.56,37.22,-24.153,77.2,38.14,15.76,11.58,4336675.40,1781484.31
00:05:23.331,18/01/2026,06:36:16,17_T02,39.121343833,10.180163185,0.5,11.40,37.40,-24.385,77.2,38.15,15.76,11.38,4336675.20,1781484.18
00:05:24.326,18/01/2026,06:36:17,17_T02,39.121343074,10.180161179,0.5,11.52,37.60,-24.578,77.2,38.15,15.76,11.38,4336675.03,1781484.10
00:05:25.325,18/01/2026,06:36:18,17_T02,39.121341911,10.180159972,0.4,11.80,37.55,-24.727,77.2,38.15,15.77,11.38,4336674.93,1781483.97
00:05:26.323,18/01/2026,06:36:19,17_T02,39.121339767,10.180158512,0.4,11.89,37.15,-24.939,77.2,38.15,15.77,11.38,4336674.80,1781483.73
00:05:27.331,18/01/2026,06:36:20,17_T02,39.121336982,10.180156468,0.4,11.71,36.91,-25.227,77.2,38.15,15.77,11.38,4336674.62,1781483.43
00:05:28.325,18/01/2026,06:36:21,17_T02,39.121334673,10.180153825,0.5,11.44,37.14,-25.541,77.2,38.14,15.77,11.56,4336674.39,1781483.17
00:05:29.326,18/01/2026,06:36:22,17_T02,39.121333719,10.180150486,0.5,11.32,37.41,-25.849,77.2,38.14,15.77,11.56,4336674.10,1781483.06
00:05:30.322,18/01/2026,06:36:23,17_T02,39.121333080,10.180147132,0.6,11.48,37.38,-26.145,77.2,38.15,15.77,11.25,4336673.81,1781482.99
00:05:31.321,18/01/2026,06:36:24,17_T02,39.121331491,10.180144519,0.6,11.78,36.97,-26.424,77.2,38.15,15.77,11.25,4336673.58,1781482.82
00:05:32.318,18/01/2026,06:36:25,17_T02,39.121329208,10.180141986,0.6,11.86,36.56,-26.728,77.2,38.15,15.76,11.41,4336673.36,1781482.56
00:05:33.323,18/01/2026,06:36:26,17_T02,39.121326783,10.180139059,0.6,11.67,36.46,-27.070,77.2,38.15,15.76,11.41,4336673.11,1781482.30
00:05:34.331,18/01/2026,06:36:27,17_T02,39.121325046,10.180135708,0.6,11.44,36.48,-27.414,77.2,38.15,15.75,11.55,4336672.82,1781482.10
00:05:35.322,18/01/2026,06:36:28,17_T02,39.121323694,10.180132122,0.6,11.44,36.52,-27.760,77.2,38.15,15.75,11.55,4336672.51,1781481.95
00:05:36.330,18/01/2026,06:36:29,17_T02,39.121322070,10.180128839,0.7,11.65,36.41,-28.094,77.2,38.15,15.75,11.23,4336672.22,1781481.77
00:05:37.322,18/01/2026,06:36:30,17_T02,39.121320021,10.180125396,0.7,11.86,36.09,-28.460,77.2,38.15,15.75,11.23,4336671.92,1781481.55
00:05:38.330,18/01/2026,06:36:31,17_T02,39.121318048,10.180121870,0.7,11.81,35.85,-28.829,77.2,38.15,15.76,11.59,4336671.62,1781481.33
00:05:39.325,18/01/2026,06:36:32,17_T02,39.121316384,10.180118433,0.7,11.54,35.85,-29.177,77.2,38.15,15.76,11.59,4336671.32,1781481.14
00:05:40.318,18/01/2026,06:36:33,17_T02,39.121315160,10.180114945,0.7,11.29,35.90,-29.509,77.2,38.15,15.76,11.50,4336671.01,1781481.01
00:05:41.322,18/01/2026,06:36:34,17_T02,39.121313550,10.180111403,0.7,11.34,36.13,-29.863,77.2,38.15,15.76,11.50,4336670.71,1781480.83
00:05:42.326,18/01/2026,06:36:35,17_T02,39.121311012,10.180108838,0.7,11.73,36.39,-30.181,77.2,38.15,15.75,11.09,4336670.48,1781480.55
00:05:43.332,18/01/2026,06:36:36,17_T02,39.121308358,10.180106353,0.7,12.12,36.11,-30.498,77.2,38.15,15.75,11.09,4336670.27,1781480.26
00:05:44.326,18/01/2026,06:36:37,17_T02,39.121306225,10.180102936,0.7,12.00,35.64,-30.866,77.2,38.15,15.76,11.75,4336669.97,1781480.02
00:05:45.320,18/01/2026,06:36:38,17_T02,39.121304769,10.180099094,0.7,11.51,35.45,-31.236,77.2,38.15,15.76,11.75,4336669.64,1781479.86
00:05:46.331,18/01/2026,06:36:39,17_T02,39.121304032,10.180095497,0.7,11.12,35.77,-31.555,77.2,38.15,15.75,11.45,4336669.32,1781479.78
00:05:47.325,18/01/2026,06:36:40,17_T02,39.121302888,10.180092907,0.7,11.22,36.29,-31.813,77.2,38.15,15.75,11.45,4336669.10,1781479.65
00:05:48.319,18/01/2026,06:36:41,17_T02,39.121300794,10.180090696,0.6,11.71,36.24,-32.083,77.2,38.16,15.76,11.02,4336668.91,1781479.42
00:05:49.329,18/01/2026,06:36:42,17_T02,39.121297881,10.180087798,0.6,12.13,35.76,-32.444,77.2,38.16,15.76,11.02,4336668.66,1781479.10
00:05:50.323,18/01/2026,06:36:43,17_T02,39.121295397,10.180084194,0.6,12.01,35.24,-32.842,77.2,38.15,15.76,11.75,4336668.34,1781478.82
00:05:51.321,18/01/2026,06:36:44,17_T02,39.121293424,10.180080982,0.7,11.55,35.26,-33.187,77.2,38.15,15.76,11.75,4336668.06,1781478.60
00:05:52.317,18/01/2026,06:36:45,17_T02,39.121292497,10.180077902,0.7,11.17,35.77,-33.473,77.2,38.15,15.76,11.42,4336667.80,1781478.50
00:05:53.329,18/01/2026,06:36:46,17_T02,39.121292015,10.180074749,0.7,11.14,36.32,-33.745,77.2,38.15,15.76,11.42,4336667.52,1781478.45
00:05:54.322,18/01/2026,06:36:47,17_T02,39.121290695,10.180071619,0.6,11.47,36.42,-34.053,77.2,38.15,15.76,11.01,4336667.25,1781478.30
00:05:55.322,18/01/2026,06:36:48,17_T02,39.121288487,10.180068254,0.6,11.89,35.97,-34.420,77.2,38.15,15.76,11.01,4336666.96,1781478.06
00:05:56.320,18/01/2026,06:36:49,17_T02,39.121285696,10.180064334,0.6,11.98,35.48,-34.857,77.2,38.15,15.77,11.58,4336666.62,1781477.75
00:05:57.327,18/01/2026,06:36:50,17_T02,39.121283100,10.180061266,0.7,11.77,35.44,-35.218,77.2,38.15,15.77,11.58,4336666.35,1781477.46
00:05:58.321,18/01/2026,06:36:51,17_T02,39.121281398,10.180058652,0.7,11.49,35.93,-35.502,77.2,38.15,15.76,11.54,4336666.12,1781477.27
00:05:59.318,18/01/2026,06:36:52,17_T02,39.121280916,10.180054762,0.7,11.27,36.51,-35.833,77.2,38.15,15.76,11.54,4336665.79,1781477.22
00:06:00.327,18/01/2026,06:36:53,17_T02,39.121280512,10.180049992,0.7,11.28,36.86,-36.230,77.2,38.15,15.76,11.14,4336665.37,1781477.17
00:06:01.329,18/01/2026,06:36:54,17_T02,39.121278645,10.180046110,0.7,11.56,37.11,-36.622,77.2,38.15,15.76,11.14,4336665.03,1781476.97
00:06:02.329,18/01/2026,06:36:55,17_T02,39.121276201,10.180043061,0.7,11.92,36.81,-36.975,77.2,38.15,15.76,11.36,4336664.77,1781476.70
00:06:03.329,18/01/2026,06:36:56,17_T02,39.121273717,10.180039733,0.7,11.96,36.45,-37.351,77.2,38.15,15.76,11.36,4336664.48,1781476.42
00:06:04.329,18/01/2026,06:36:57,17_T02,39.121271837,10.180036122,0.8,11.69,36.31,-37.723,77.2,38.15,15.75,11.64,4336664.17,1781476.21
00:06:05.323,18/01/2026,06:36:58,17_T02,39.121270690,10.180032633,0.7,11.36,36.55,-38.052,77.2,38.15,15.75,11.64,4336663.86,1781476.09
00:06:06.328,18/01/2026,06:36:59,17_T02,39.121269961,10.180029411,0.7,11.20,37.00,-38.340,77.2,38.15,15.75,11.13,4336663.58,1781476.00
00:06:07.328,18/01/2026,06:37:00,17_T02,39.121268776,10.180025880,0.7,11.29,37.34,-38.674,77.2,38.15,15.75,11.13,4336663.28,1781475.87
00:06:08.329,18/01/2026,06:37:01,17_T02,39.121267088,10.180022481,0.7,11.62,37.19,-39.020,77.2,38.15,15.77,11.22,4336662.98,1781475.69
00:06:09.327,18/01/2026,06:37:02,17_T02,39.121264976,10.180018827,0.7,11.91,36.88,-39.406,77.2,38.15,15.77,11.22,4336662.66,1781475.45
00:06:10.329,18/01/2026,06:37:03,17_T02,39.121263064,10.180015391,0.7,11.92,36.72,-39.765,77.2,38.15,15.76,11.69,4336662.36,1781475.24
00:06:11.329,18/01/2026,06:37:04,17_T02,39.121261543,10.180012921,0.7,11.66,36.84,-40.029,77.2,38.15,15.76,11.69,4336662.15,1781475.07
00:06:12.326,18/01/2026,06:37:05,17_T02,39.121260371,10.180011092,0.6,11.38,37.27,-40.228,77.2,38.15,15.75,11.32,4336661.99,1781474.94
00:06:13.327,18/01/2026,06:37:06,17_T02,39.121259232,10.180008952,0.5,11.26,37.78,-40.449,77.2,38.15,15.75,11.32,4336661.81,1781474.82
00:06:14.327,18/01/2026,06:37:07,17_T02,39.121257886,10.180006162,0.5,11.42,38.02,-40.731,77.2,38.16,15.76,11.16,4336661.56,1781474.67
00:06:15.329,18/01/2026,06:37:08,17_T02,39.121256171,10.180002476,0.5,11.72,37.89,-41.101,77.2,38.16,15.76,11.16,4336661.24,1781474.48
00:06:16.328,18/01/2026,06:37:09,17_T02,39.121254237,10.179998908,0.5,11.88,37.60,-41.472,77.2,38.15,15.77,11.53,4336660.93,1781474.26
00:06:17.327,18/01/2026,06:37:10,17_T02,39.121252437,10.179996727,0.6,11.83,37.46,-41.726,77.2,38.15,15.77,11.53,4336660.74,1781474.06
00:06:18.326,18/01/2026,06:37:11,17_T02,39.121250565,10.179995408,0.6,11.62,37.63,-41.915,77.2,38.15,15.76,11.56,4336660.63,1781473.86
00:06:19.327,18/01/2026,06:37:12,17_T02,39.121248896,10.179993702,0.6,11.38,37.90,-42.126,77.2,38.15,15.76,11.56,4336660.48,1781473.67
00:06:20.327,18/01/2026,06:37:13,17_T02,39.121247389,10.179991241,0.5,11.30,38.08,-42.390,77.2,38.15,15.76,11.13,4336660.27,1781473.51
00:06:21.325,18/01/2026,06:37:14,17_T02,39.121245659,10.179988918,0.5,11.49,38.21,-42.652,77.2,38.15,15.76,11.13,4336660.07,1781473.31
00:06:22.328,18/01/2026,06:37:15,17_T02,39.121243590,10.179985957,0.5,11.80,37.86,-42.981,77.2,38.15,15.77,11.46,4336659.81,1781473.09
00:06:23.326,18/01/2026,06:37:16,17_T02,39.121241458,10.179982571,0.5,11.88,37.37,-43.346,77.2,38.15,15.77,11.46,4336659.51,1781472.85
00:06:24.327,18/01/2026,06:37:17,17_T02,39.121239540,10.179979846,0.6,11.64,37.09,-43.648,77.2,38.15,15.77,11.46,4336659.28,1781472.64
00:06:25.326,18/01/2026,06:37:18,17_T02,39.121237736,10.179978037,0.6,11.35,37.33,-43.874,77.2,38.15,15.76,11.60,4336659.12,1781472.44
00:06:26.327,18/01/2026,06:37:19,17_T02,39.121235844,10.179976550,0.6,11.30,37.69,-44.077,77.2,38.15,15.76,11.60,4336658.99,1781472.23
00:06:27.326,18/01/2026,06:37:20,17_T02,39.121233173,10.179974901,0.6,11.58,37.88,-44.328,77.2,38.15,15.76,11.06,4336658.85,1781471.93
00:06:28.327,18/01/2026,06:37:21,17_T02,39.121230318,10.179972242,0.6,11.91,37.60,-44.668,77.2,38.15,15.76,11.06,4336658.62,1781471.62
00:06:29.327,18/01/2026,06:37:22,17_T02,39.121228043,10.179968491,0.6,11.92,37.17,-45.069,77.2,38.14,15.77,11.58,4336658.29,1781471.37
00:06:30.327,18/01/2026,06:37:23,17_T02,39.121226058,10.179965282,0.6,11.60,36.93,-45.413,77.2,38.14,15.77,11.58,4336658.01,1781471.15
00:06:31.328,18/01/2026,06:37:24,17_T02,39.121223912,10.179963506,0.6,11.34,37.12,-45.651,77.2,38.15,15.76,11.57,4336657.86,1781470.91
00:06:32.325,18/01/2026,06:37:25,17_T02,39.121221008,10.179962094,0.7,11.47,37.46,-45.894,77.2,38.15,15.76,11.57,4336657.74,1781470.59
00:06:33.328,18/01/2026,06:37:26,17_T02,39.121218096,10.179959912,0.7,11.89,37.49,-46.199,77.2,38.16,15.76,11.20,4336657.55,1781470.27
00:06:34.328,18/01/2026,06:37:27,17_T02,39.121215474,10.179956504,0.7,12.22,37.27,-46.588,77.2,38.16,15.76,11.20,4336657.25,1781469.98
00:06:35.326,18/01/2026,06:37:28,17_T02,39.121213533,10.179952824,0.7,12.20,36.82,-46.968,77.2,38.15,15.76,11.96,4336656.93,1781469.76
00:06:36.327,18/01/2026,06:37:29,17_T02,39.121211042,10.179950125,0.7,11.99,36.74,-47.294,77.2,38.15,15.76,11.96,4336656.70,1781469.49
00:06:37.327,18/01/2026,06:37:30,17_T02,39.121208012,10.179948405,0.7,11.91,37.02,-47.567,77.2,38.15,15.76,11.84,4336656.55,1781469.15
00:06:38.327,18/01/2026,06:37:31,17_T02,39.121204724,10.179946470,0.7,12.16,37.40,-47.869,77.2,38.15,15.76,11.84,4336656.38,1781468.79
00:06:39.326,18/01/2026,06:37:32,17_T02,39.121201951,10.179943054,0.7,12.66,37.31,-48.266,77.2,38.15,15.76,11.93,4336656.09,1781468.48
00:06:40.328,18/01/2026,06:37:33,17_T02,39.121199978,10.179938732,0.7,13.00,36.84,-48.698,77.2,38.15,15.76,11.93,4336655.71,1781468.26
00:06:41.325,18/01/2026,06:37:34,17_T02,39.121197923,10.179934707,0.8,13.02,36.35,-49.110,77.2,38.15,15.76,12.77,4336655.36,1781468.04
00:06:42.327,18/01/2026,06:37:35,17_T02,39.121194958,10.179932577,0.8,12.97,36.46,-49.413,77.2,38.15,15.76,12.77,4336655.18,1781467.71
00:06:43.328,18/01/2026,06:37:36,17_T02,39.121191643,10.179930986,0.8,13.07,36.91,-49.689,77.2,38.15,15.76,12.75,4336655.04,1781467.34
00:06:44.327,18/01/2026,06:37:37,17_T02,39.121188825,10.179927807,0.8,13.39,36.92,-50.069,77.2,38.15,15.76,12.75,4336654.76,1781467.03
00:06:45.327,18/01/2026,06:37:38,17_T02,39.121186373,10.179923339,0.8,13.79,36.78,-50.534,77.2,38.15,15.76,13.25,4336654.37,1781466.76
00:06:46.326,18/01/2026,06:37:39,17_T02,39.121184121,10.179918806,0.8,14.13,36.68,-50.996,77.2,38.15,15.76,13.25,4336653.98,1781466.51
00:06:47.325,18/01/2026,06:37:40,17_T02,39.121181797,10.179915024,0.8,14.36,36.62,-51.401,77.2,38.15,15.76,13.93,4336653.65,1781466.25
00:06:48.324,18/01/2026,06:37:41,17_T02,39.121178940,10.179912410,0.8,14.52,36.83,-51.737,77.2,38.15,15.76,13.93,4336653.42,1781465.94
00:06:49.326,18/01/2026,06:37:42,17_T02,39.121175786,10.179910073,0.8,14.80,37.10,-52.065,77.2,38.15,15.77,14.28,4336653.22,1781465.59
00:06:50.325,18/01/2026,06:37:43,17_T02,39.121172989,10.179906373,0.8,15.28,36.98,-52.485,77.2,38.15,15.77,14.28,4336652.90,1781465.28
00:06:51.325,18/01/2026,06:37:44,17_T02,39.121170668,10.179901771,0.8,15.53,36.72,-52.955,77.2,38.15,15.76,15.13,4336652.50,1781465.02
00:06:52.327,18/01/2026,06:37:45,17_T02,39.121168348,10.179897505,0.8,15.96,36.69,-53.399,77.2,38.15,15.76,15.13,4336652.13,1781464.76
00:06:53.327,18/01/2026,06:37:46,17_T02,39.121165896,10.179894189,0.8,16.42,36.74,-53.773,77.2,38.15,15.75,15.83,4336651.84,1781464.49
00:06:54.326,18/01/2026,06:37:47,17_T02,39.121163023,10.179891299,0.8,16.82,36.91,-54.132,77.2,38.15,15.75,15.83,4336651.59,1781464.18
00:06:55.326,18/01/2026,06:37:48,17_T02,39.121160104,10.179888364,0.8,17.22,37.15,-54.496,77.2,38.15,15.75,16.68,4336651.34,1781463.85
00:06:56.326,18/01/2026,06:37:49,17_T02,39.121157457,10.179885132,0.8,17.51,37.36,-54.873,77.2,38.15,15.75,16.68,4336651.06,1781463.56
00:06:57.326,18/01/2026,06:37:50,17_T02,39.121154828,10.179881361,0.8,17.80,37.58,-55.291,77.2,38.15,15.75,17.43,4336650.73,1781463.27
00:06:58.327,18/01/2026,06:37:51,17_T02,39.121152288,10.179878105,0.8,18.20,37.90,-55.664,77.2,38.15,15.75,17.43,4336650.45,1781462.99
00:06:59.327,18/01/2026,06:37:52,17_T02,39.121149628,10.179875279,0.8,18.73,38.21,-56.008,77.2,38.15,15.76,18.12,4336650.20,1781462.69
00:07:00.326,18/01/2026,06:37:53,17_T02,39.121146682,10.179872252,0.8,19.29,38.37,-56.381,77.2,38.15,15.76,18.12,4336649.94,1781462.37
00:07:01.328,18/01/2026,06:37:54,17_T02,39.121144078,10.179869293,0.8,19.78,38.33,-56.734,77.2,38.15,15.75,19.24,4336649.68,1781462.08
00:07:02.326,18/01/2026,06:37:55,17_T02,39.121141697,10.179866222,0.8,20.11,38.26,-57.085,77.2,38.15,15.75,19.24,4336649.41,1781461.82
00:07:03.325,18/01/2026,06:37:56,17_T02,39.121139482,10.179863418,0.7,20.37,38.22,-57.408,77.2,38.16,15.76,20.02,4336649.17,1781461.57
00:07:04.325,18/01/2026,06:37:57,17_T02,39.121137141,10.179860944,0.7,20.70,38.28,-57.710,77.2,38.16,15.76,20.02,4336648.96,1781461.31
00:07:05.328,18/01/2026,06:37:58,17_T02,39.121134286,10.179858465,0.7,21.17,38.41,-58.035,77.2,38.15,15.78,20.65,4336648.74,1781461.00
00:07:06.326,18/01/2026,06:37:59,17_T02,39.121131532,10.179856019,0.7,21.78,38.45,-58.354,77.2,38.15,15.78,20.65,4336648.53,1781460.69
00:07:07.328,18/01/2026,06:38:00,17_T02,39.121128887,10.179853213,0.7,22.36,38.60,-58.696,77.2,38.15,15.75,21.80,4336648.29,1781460.40
00:07:08.326,18/01/2026,06:38:01,17_T02,39.121126485,10.179850352,0.7,22.72,38.91,-59.032,77.2,38.15,15.75,21.80,4336648.04,1781460.14
00:07:09.327,18/01/2026,06:38:02,17_T02,39.121124269,10.179847575,0.7,22.92,39.14,-59.352,77.2,38.15,15.76,22.65,4336647.80,1781459.89
00:07:10.326,18/01/2026,06:38:03,17_T02,39.121122022,10.179845217,0.7,23.14,39.39,-59.641,77.2,38.15,15.76,22.65,4336647.59,1781459.64
00:07:11.327,18/01/2026,06:38:04,17_T02,39.121119484,10.179843310,0.7,23.54,39.77,-59.907,77.2,38.16,15.77,23.11,4336647.43,1781459.36
00:07:12.326,18/01/2026,06:38:05,17_T02,39.121116783,10.179841294,0.6,24.18,40.09,-60.189,77.2,38.16,15.77,23.11,4336647.25,1781459.06
00:07:13.326,18/01/2026,06:38:06,17_T02,39.121114216,10.179838865,0.6,24.84,40.35,-60.497,77.2,38.15,15.75,24.30,4336647.04,1781458.78
00:07:14.326,18/01/2026,06:38:07,17_T02,39.121111567,10.179835579,0.6,25.27,40.46,-60.878,77.2,38.15,15.75,24.30,4336646.76,1781458.49
00:07:15.326,18/01/2026,06:38:08,17_T02,39.121109402,10.179832420,0.7,25.51,40.36,-61.226,77.2,38.15,15.76,25.22,4336646.48,1781458.25
00:07:16.323,18/01/2026,06:38:09,17_T02,39.121107342,10.179829831,0.7,25.74,40.28,-61.525,77.2,38.15,15.76,25.22,4336646.26,1781458.02
00:07:17.327,18/01/2026,06:38:10,17_T02,39.121105285,10.179827717,0.7,26.12,40.14,-61.785,77.2,38.16,15.76,25.73,4336646.07,1781457.79
00:07:18.327,18/01/2026,06:38:11,17_T02,39.121102763,10.179825397,0.7,26.69,39.91,-62.083,77.2,38.16,15.76,25.73,4336645.87,1781457.51
00:07:19.327,18/01/2026,06:38:12,17_T02,39.121100324,10.179822658,0.6,27.32,39.56,-62.411,77.2,38.15,15.76,26.84,4336645.63,1781457.24
00:07:20.324,18/01/2026,06:38:13,17_T02,39.121097711,10.179819167,0.6,27.76,39.39,-62.806,77.2,38.15,15.76,26.84,4336645.33,1781456.95
00:07:21.326,18/01/2026,06:38:14,17_T02,39.121095301,10.179815606,0.7,28.00,39.32,-63.197,77.2,38.15,15.76,26.84,4336645.02,1781456.69
00:07:22.326,18/01/2026,06:38:15,17_T02,39.121092942,10.179812626,0.7,28.22,39.38,-63.540,77.2,38.15,15.76,27.73,4336644.76,1781456.43
00:07:23.324,18/01/2026,06:38:16,17_T02,39.121090384,10.179810144,0.7,28.62,39.56,-63.853,77.2,38.15,15.76,27.73,4336644.55,1781456.14
00:07:24.324,18/01/2026,06:38:17,17_T02,39.121087718,10.179807952,0.7,29.27,39.81,-64.147,77.2,38.16,15.76,28.27,4336644.36,1781455.85
00:07:25.324,18/01/2026,06:38:18,17_T02,39.121084855,10.179805148,0.7,29.92,39.98,-64.499,77.2,38.16,15.76,28.27,4336644.11,1781455.53
00:07:26.325,18/01/2026,06:38:19,17_T02,39.121082193,10.179801687,0.7,30.27,40.02,-64.894,77.2,38.15,15.75,29.49,4336643.81,1781455.24
00:07:27.325,18/01/2026,06:38:20,17_T02,39.121079594,10.179798060,0.7,30.43,39.95,-65.299,77.2,38.15,15.75,29.49,4336643.50,1781454.95
00:07:28.325,18/01/2026,06:38:21,17_T02,39.121076951,10.179795053,0.8,30.65,40.01,-65.657,77.2,38.15,15.76,30.21,4336643.24,1781454.66
00:07:29.326,18/01/2026,06:38:22,17_T02,39.121073968,10.179792323,0.8,31.14,40.23,-66.009,77.2,38.15,15.76,30.21,4336643.00,1781454.33
00:07:30.326,18/01/2026,06:38:23,17_T02,39.121071032,10.179789482,0.8,31.85,40.26,-66.367,77.2,38.16,15.76,30.81,4336642.75,1781454.00
00:07:31.324,18/01/2026,06:38:24,17_T02,39.121068057,10.179786083,0.8,32.48,40.14,-66.771,77.2,38.16,15.76,30.81,4336642.46,1781453.68
00:07:32.326,18/01/2026,06:38:25,17_T02,39.121065169,10.179782026,0.8,32.83,39.87,-67.223,77.2,38.15,15.75,32.13,4336642.11,1781453.36
00:07:33.327,18/01/2026,06:38:26,17_T02,39.121062350,10.179778350,0.8,33.01,39.62,-67.642,77.2,38.15,15.75,32.13,4336641.79,1781453.04
00:07:34.326,18/01/2026,06:38:27,17_T02,39.121059514,10.179775263,0.8,33.21,39.56,-68.015,77.2,38.15,15.76,32.79,4336641.52,1781452.73
00:07:35.323,18/01/2026,06:38:28,17_T02,39.121056163,10.179772194,0.8,33.63,39.68,-68.410,77.2,38.15,15.76,32.79,4336641.25,1781452.36
00:07:36.323,18/01/2026,06:38:29,17_T02,39.121052956,10.179769062,0.9,34.31,39.72,-68.804,77.2,38.16,15.76,33.35,4336640.98,1781452.01
00:07:37.324,18/01/2026,06:38:30,17_T02,39.121049801,10.179765362,0.9,34.96,39.71,-69.240,77.2,38.16,15.76,33.35,4336640.66,1781451.66
00:07:38.323,18/01/2026,06:38:31,17_T02,39.121046793,10.179761198,0.9,35.34,39.70,-69.706,77.2,38.15,15.76,34.68,4336640.30,1781451.32
00:07:39.323,18/01/2026,06:38:32,17_T02,39.121043893,10.179757152,0.9,35.54,39.60,-70.158,77.2,38.15,15.76,34.68,4336639.95,1781451.00
00:07:40.324,18/01/2026,06:38:33,17_T02,39.121040690,10.179753604,0.9,35.78,39.65,-70.585,77.2,38.15,15.76,35.35,4336639.64,1781450.65
00:07:41.325,18/01/2026,06:38:34,17_T02,39.121037325,10.179750487,0.9,36.19,39.80,-70.984,77.2,38.15,15.76,35.35,4336639.37,1781450.28
00:07:42.325,18/01/2026,06:38:35,17_T02,39.121033881,10.179747064,0.9,36.77,39.77,-71.411,77.2,38.15,15.76,35.98,4336639.07,1781449.90
00:07:43.325,18/01/2026,06:38:36,17_T02,39.121030640,10.179743328,0.9,37.37,39.65,-71.854,77.2,38.15,15.76,35.98,4336638.75,1781449.54
00:07:44.325,18/01/2026,06:38:37,17_T02,39.121027314,10.179739295,0.9,37.84,39.88,-72.324,77.2,38.15,15.75,37.12,4336638.40,1781449.17
00:07:45.325,18/01/2026,06:38:38,17_T02,39.121024304,10.179735780,0.9,38.13,40.46,-72.739,77.2,38.15,15.75,37.12,4336638.09,1781448.84
00:07:46.325,18/01/2026,06:38:39,17_T02,39.121020756,10.179732308,0.9,38.32,41.20,-73.175,77.2,38.15,15.76,37.94,4336637.79,1781448.44
00:07:47.324,18/01/2026,06:38:40,17_T02,39.121017103,10.179729395,0.9,38.63,42.08,-73.571,77.2,38.15,15.76,37.94,4336637.54,1781448.04
00:07:48.325,18/01/2026,06:38:41,17_T02,39.121013423,10.179726597,0.9,39.12,43.04,-73.959,77.2,38.15,15.75,38.47,4336637.30,1781447.63
00:07:49.325,18/01/2026,06:38:42,17_T02,39.121009850,10.179723570,0.9,39.71,43.94,-74.361,77.2,38.15,15.75,38.47,4336637.03,1781447.24
00:07:50.323,18/01/2026,06:38:43,17_T02,39.121006414,10.179720232,0.9,40.22,44.87,-74.781,77.2,38.15,15.75,39.53,4336636.74,1781446.86
00:07:51.323,18/01/2026,06:38:44,17_T02,39.121002977,10.179716682,0.9,40.66,45.83,-75.218,77.2,38.15,15.75,39.53,4336636.44,1781446.48
00:07:52.323,18/01/2026,06:38:45,17_T02,39.120999587,10.179713626,0.9,41.06,46.89,-75.613,77.2,38.15,15.76,40.50,4336636.17,1781446.10
00:07:53.324,18/01/2026,06:38:46,17_T02,39.120995982,10.179710570,0.9,41.39,48.03,-76.019,77.2,38.15,15.76,40.50,4336635.91,1781445.71
00:07:54.323,18/01/2026,06:38:47,17_T02,39.120992530,10.179707705,0.9,41.66,49.16,-76.402,77.2,38.15,15.76,41.24,4336635.66,1781445.33
00:07:55.325,18/01/2026,06:38:48,17_T02,39.120989189,10.179704718,0.9,41.95,50.24,-76.790,77.2,38.15,15.76,41.24,4336635.40,1781444.96
00:07:56.323,18/01/2026,06:38:49,17_T02,39.120985534,10.179701702,0.9,42.40,51.38,-77.194,77.2,38.16,15.78,41.82,4336635.14,1781444.55
00:07:57.324,18/01/2026,06:38:50,17_T02,39.120981844,10.179698895,0.9,43.11,52.58,-77.583,77.2,38.16,15.78,41.82,4336634.89,1781444.14
00:07:58.324,18/01/2026,06:38:51,17_T02,39.120977702,10.179695500,0.9,43.84,53.79,-78.040,77.2,38.15,15.76,43.04,4336634.60,1781443.69
00:07:59.324,18/01/2026,06:38:52,17_T02,39.120974132,10.179691829,0.9,44.21,55.08,-78.493,77.2,38.15,15.76,43.04,4336634.28,1781443.29
00:08:00.324,18/01/2026,06:38:53,17_T02,39.120970835,10.179688322,0.9,44.27,56.27,-78.920,77.2,38.15,15.76,44.01,4336633.98,1781442.93
00:08:01.323,18/01/2026,06:38:54,17_T02,39.120967128,10.179685401,0.9,44.31,57.68,-79.319,77.2,38.15,15.76,44.01,4336633.72,1781442.52
00:08:02.324,18/01/2026,06:38:55,17_T02,39.120963036,10.179682936,0.9,44.69,59.31,-79.699,77.2,38.15,15.76,44.18,4336633.51,1781442.07
00:08:03.324,18/01/2026,06:38:56,17_T02,39.120958590,10.179680183,0.9,45.49,60.64,-80.118,77.2,38.15,15.76,44.18,4336633.27,1781441.57
00:08:04.325,18/01/2026,06:38:57,17_T02,39.120954215,10.179677047,0.9,46.31,62.06,-80.565,77.2,38.15,15.76,45.52,4336633.00,1781441.09
00:08:05.325,18/01/2026,06:38:58,17_T02,39.120950530,10.179673151,0.9,46.78,63.40,-81.040,77.2,38.15,15.76,45.52,4336632.66,1781440.68
00:08:06.324,18/01/2026,06:38:59,17_T02,39.120947265,10.179669335,0.9,46.91,64.59,-81.491,77.2,38.15,15.76,46.62,4336632.33,1781440.32
00:08:07.322,18/01/2026,06:39:00,17_T02,39.120943425,10.179666228,0.9,47.01,66.06,-81.911,77.2,38.15,15.76,46.62,4336632.06,1781439.90
00:08:08.319,18/01/2026,06:39:01,17_T02,39.120939412,10.179663714,0.9,47.34,67.72,-82.291,77.2,38.14,15.75,46.93,4336631.84,1781439.45
00:08:09.326,18/01/2026,06:39:02,17_T02,39.120934774,10.179660476,0.9,47.91,69.18,-82.758,77.2,38.14,15.75,46.93,4336631.56,1781438.94
00:08:10.325,18/01/2026,06:39:03,17_T02,39.120930866,10.179657097,0.9,48.55,70.27,-83.202,77.2,38.14,15.75,47.95,4336631.27,1781438.51
00:08:11.324,18/01/2026,06:39:04,17_T02,39.120927000,10.179652934,0.9,49.07,71.43,-83.707,77.2,38.14,15.75,47.95,4336630.91,1781438.08
00:08:12.324,18/01/2026,06:39:05,17_T02,39.120923432,10.179648625,0.9,49.40,72.53,-84.210,77.2,38.16,15.75,48.98,4336630.53,1781437.69
00:08:13.319,18/01/2026,06:39:06,17_T02,39.120919718,10.179644773,0.9,49.68,73.68,-84.684,77.2,38.16,15.75,48.98,4336630.20,1781437.28
00:08:14.323,18/01/2026,06:39:07,17_T02,39.120915852,10.179641238,0.9,50.05,74.87,-85.139,77.2,38.15,15.76,49.60,4336629.89,1781436.85
00:08:15.317,18/01/2026,06:39:08,17_T02,39.120911804,10.179637126,1.0,50.46,75.82,-85.648,77.2,38.15,15.76,49.60,4336629.54,1781436.40
00:08:16.325,18/01/2026,06:39:09,17_T02,39.120908449,10.179632989,1.0,50.87,76.51,-86.128,77.2,38.14,15.76,50.41,4336629.18,1781436.03
00:08:17.322,18/01/2026,06:39:10,17_T02,39.120904982,10.179628348,1.0,51.33,77.06,-86.653,77.2,38.14,15.76,50.41,4336628.77,1781435.65
00:08:18.323,18/01/2026,06:39:11,17_T02,39.120901461,10.179623739,1.0,51.86,77.57,-87.178,77.2,38.15,15.74,51.36,4336628.37,1781435.26
00:08:19.323,18/01/2026,06:39:12,17_T02,39.120897684,10.179618870,1.0,52.45,77.93,-87.735,77.2,38.15,15.74,51.36,4336627.95,1781434.84
00:08:20.323,18/01/2026,06:39:13,17_T02,39.120894247,10.179614114,1.0,52.91,78.19,-88.268,77.2,38.15,15.74,51.36,4336627.54,1781434.46
00:08:21.318,18/01/2026,06:39:14,17_T02,39.120890932,10.179608991,1.1,53.15,78.25,-88.824,77.2,38.15,15.73,52.49,4336627.09,1781434.09
00:08:22.318,18/01/2026,06:39:15,17_T02,39.120887837,10.179604203,1.1,53.33,78.21,-89.344,77.2,38.15,15.73,52.49,4336626.68,1781433.75
00:08:23.324,18/01/2026,06:39:16,17_T02,39.120884090,10.179598841,1.1,53.66,78.14,-89.939,77.2,38.15,15.75,53.02,4336626.21,1781433.34
00:08:24.324,18/01/2026,06:39:17,17_T02,39.120880711,10.179594107,1.1,54.21,77.93,-90.467,77.2,38.15,15.75,53.02,4336625.80,1781432.96
00:08:25.326,18/01/2026,06:39:18,17_T02,39.120877036,10.179588687,1.1,54.87,77.52,-91.063,77.2,38.17,15.72,53.77,4336625.33,1781432.56
00:08:26.324,18/01/2026,06:39:19,17_T02,39.120873424,10.179583016,1.1,55.46,77.21,-91.676,77.2,38.17,15.72,53.77,4336624.84,1781432.16
00:08:27.323,18/01/2026,06:39:20,17_T02,39.120870338,10.179577425,1.2,55.84,76.82,-92.260,77.2,38.20,15.64,55.04,4336624.35,1781431.82
00:08:28.324,18/01/2026,06:39:21,17_T02,39.120867073,10.179571892,1.2,56.09,76.47,-92.846,77.2,38.20,15.64,55.04,4336623.87,1781431.45
00:08:29.323,18/01/2026,06:39:22,17_T02,39.120863545,10.179566566,1.2,56.27,76.24,-93.428,77.2,38.18,15.69,55.78,4336623.41,1781431.06
00:08:30.324,18/01/2026,06:39:23,17_T02,39.120860113,10.179561553,1.2,56.55,76.00,-93.981,77.2,38.18,15.69,55.78,4336622.97,1781430.68
00:08:31.325,18/01/2026,06:39:24,17_T02,39.120856194,10.179556066,1.2,57.08,75.82,-94.594,77.2,38.20,15.65,56.21,4336622.50,1781430.25
00:08:32.324,18/01/2026,06:39:25,17_T02,39.120852326,10.179550323,1.2,57.78,75.61,-95.224,77.2,38.20,15.65,56.21,4336622.00,1781429.82
00:08:33.324,18/01/2026,06:39:26,17_T02,39.120848740,10.179544671,1.2,58.45,75.64,-95.835,77.2,38.21,15.56,57.40,4336621.51,1781429.43
00:08:34.323,18/01/2026,06:39:27,17_T02,39.120845372,10.179538789,1.2,58.81,75.74,-96.454,77.2,38.21,15.56,57.40,4336621.00,1781429.05
00:08:35.322,18/01/2026,06:39:28,17_T02,39.120842276,10.179533476,1.2,58.91,75.66,-97.015,77.2,38.29,15.52,58.49,4336620.53,1781428.71
00:08:36.323,18/01/2026,06:39:29,17_T02,39.120838728,10.179528396,1.2,59.06,75.60,-97.579,77.2,38.29,15.52,58.49,4336620.09,1781428.32
00:08:37.318,18/01/2026,06:39:30,17_T02,39.120834879,10.179523507,1.2,59.46,75.63,-98.141,77.2,38.27,15.52,58.79,4336619.67,1781427.89
00:08:38.319,18/01/2026,06:39:31,17_T02,39.120831025,10.179518434,1.2,60.12,75.59,-98.717,77.2,38.27,15.52,58.79,4336619.23,1781427.47
00:08:39.325,18/01/2026,06:39:32,17_T02,39.120827315,10.179513065,1.2,60.79,75.68,-99.311,77.2,38.25,15.52,59.79,4336618.76,1781427.05
00:08:40.322,18/01/2026,06:39:33,17_T02,39.120824044,10.179507562,1.2,61.23,75.84,-99.896,77.2,38.25,15.52,59.79,4336618.28,1781426.69
00:08:41.318,18/01/2026,06:39:34,17_T02,39.120820924,10.179502366,1.2,61.50,76.00,-100.449,77.2,38.30,15.49,60.92,4336617.83,1781426.35
00:08:42.323,18/01/2026,06:39:35,17_T02,39.120817042,10.179497384,1.1,61.80,76.46,-101.020,77.2,38.30,15.49,60.92,4336617.40,1781425.92
00:08:43.331,18/01/2026,06:39:36,17_T02,39.120813059,10.179492874,1.1,62.25,77.08,-101.558,77.2,38.28,15.50,61.54,4336617.01,1781425.48
00:08:44.320,18/01/2026,06:39:37,17_T02,39.120809145,10.179488263,1.1,62.77,77.64,-102.100,77.2,38.28,15.50,61.54,4336616.61,1781425.04
00:08:45.318,18/01/2026,06:39:38,17_T02,39.120805460,10.179483389,1.1,63.20,78.22,-102.654,77.2,38.26,15.43,62.51,4336616.19,1781424.64
00:08:46.325,18/01/2026,06:39:39,17_T02,39.120802014,10.179478704,1.1,63.54,78.99,-103.181,77.2,38.26,15.43,62.51,4336615.78,1781424.26
00:08:47.328,18/01/2026,06:39:40,17_T02,39.120798265,10.179474227,1.1,63.88,79.99,-103.706,77.2,38.33,15.41,63.29,4336615.39,1781423.84
00:08:48.328,18/01/2026,06:39:41,17_T02,39.121376179,10.180244296,1.1,64.34,81.11,-16.485,77.2,38.33,15.41,63.29,4336682.25,1781487.77
00:08:49.328,18/01/2026,06:39:42,17_T02,39.121375424,10.180244596,1.0,64.94,82.15,-16.495,77.2,38.33,15.46,64.12,4336682.28,1781487.69
00:08:50.329,18/01/2026,06:39:43,17_T02,39.121374983,10.180244846,1.0,65.43,83.04,-16.495,77.2,38.33,15.46,64.12,4336682.30,1781487.64
00:08:51.328,18/01/2026,06:39:44,17_T02,39.121374996,10.180245125,0.9,65.72,83.91,-16.472,77.2,38.36,15.34,65.18,4336682.33,1781487.64
00:08:52.331,18/01/2026,06:39:45,17_T02,39.121449755,10.180348607,0.8,65.98,84.93,-4.882,77.2,38.36,15.34,65.18,4336691.31,1781495.91
00:08:53.331,18/01/2026,06:39:46,17_T02,39.121449573,10.180349954,0.6,66.34,86.17,-4.783,77.2,38.33,15.42,65.77,4336691.43,1781495.89
00:08:54.316,18/01/2026,06:39:47,17_T02,39.121449189,10.180351227,0.4,66.89,87.37,-4.700,77.2,38.33,15.42,65.77,4336691.54,1781495.85
00:08:55.320,18/01/2026,06:39:48,17_T02,39.121451691,10.180355488,0.3,67.51,88.42,-4.248,77.2,38.28,15.43,66.73,4336691.91,1781496.12
00:08:56.320,18/01/2026,06:39:49,17_T02,39.121453033,10.180357892,0.4,67.97,89.51,-3.997,77.2,38.28,15.43,66.73,4336692.12,1781496.27
00:08:57.316,18/01/2026,06:39:50,17_T02,39.121453352,10.180359005,0.3,68.26,90.51,-3.894,77.2,38.37,15.34,67.75,4336692.22,1781496.31
00:08:58.316,18/01/2026,06:39:51,17_T02,39.121453436,10.180360475,0.3,68.53,91.66,-3.774,77.2,38.37,15.34,67.75,4336692.34,1781496.32
00:08:59.332,18/01/2026,06:39:52,17_T02,39.121454296,10.180362285,0.3,68.94,92.83,-3.591,77.2,38.33,15.39,68.35,4336692.50,1781496.41
00:09:00.332,18/01/2026,06:39:53,17_T02,39.121454753,10.180363970,0.3,69.43,93.85,-3.437,77.2,38.33,15.39,68.35,4336692.65,1781496.46
00:09:01.327,18/01/2026,06:39:54,17_T02,39.121454961,10.180365386,0.3,70.01,94.73,-3.315,77.2,38.29,15.38,69.34,4336692.77,1781496.49
00:09:02.324,18/01/2026,06:39:55,17_T02,39.121455379,10.180365816,0.3,70.43,95.52,-3.262,77.2,38.29,15.38,69.34,4336692.81,1781496.53
00:09:03.324,18/01/2026,06:39:56,17_T02,39.121455884,10.180366732,0.3,70.76,96.29,-3.166,77.2,38.38,15.31,70.26,4336692.89,1781496.59
00:09:04.323,18/01/2026,06:39:57,17_T02,39.121456070,10.180368059,0.3,71.12,97.21,-3.053,77.2,38.38,15.31,70.26,4336693.00,1781496.61
00:09:05.322,18/01/2026,06:39:58,17_T02,39.121456028,10.180368423,0.3,71.53,98.20,-3.026,77.2,38.36,15.37,71.00,4336693.03,1781496.61
00:09:06.323,18/01/2026,06:39:59,17_T02,39.121456210,10.180369382,0.2,72.02,98.96,-2.941,77.2,38.36,15.37,71.00,4336693.12,1781496.63
00:09:07.320,18/01/2026,06:40:00,17_T02,39.121456558,10.180370711,0.2,72.55,99.55,-2.820,77.2,38.35,15.31,71.96,4336693.23,1781496.66
00:09:08.318,18/01/2026,06:40:01,17_T02,39.121457034,10.180371973,0.3,73.06,100.13,-2.698,77.2,38.35,15.31,71.96,4336693.34,1781496.72
00:09:09.317,18/01/2026,06:40:02,17_T02,39.121457439,10.180371814,0.2,73.36,100.67,-2.693,77.2,38.40,15.27,72.94,4336693.33,1781496.76
00:09:10.322,18/01/2026,06:40:03,17_T02,39.121457774,10.180372504,0.2,73.56,101.25,-2.623,77.2,38.40,15.27,72.94,4336693.39,1781496.80
00:09:11.324,18/01/2026,06:40:04,17_T02,39.121457923,10.180374067,0.3,73.82,101.97,-2.492,77.2,38.36,15.32,73.39,4336693.53,1781496.82
00:09:12.323,18/01/2026,06:40:05,17_T02,39.121457384,10.180373913,0.3,74.26,102.73,-2.529,77.2,38.36,15.32,73.39,4336693.51,1781496.76
00:09:13.325,18/01/2026,06:40:06,17_T02,39.121457085,10.180374374,0.2,74.96,103.36,-2.505,77.2,38.35,15.30,74.36,4336693.55,1781496.72
00:09:14.329,18/01/2026,06:40:07,17_T02,39.121457299,10.180375484,0.2,75.62,103.86,-2.408,77.2,38.35,15.30,74.36,4336693.65,1781496.75
00:09:15.330,18/01/2026,06:40:08,17_T02,39.121457813,10.180376515,0.2,76.00,104.36,-2.303,77.2,38.42,15.23,75.55,4336693.74,1781496.80
00:09:16.328,18/01/2026,06:40:09,17_T02,39.121457896,10.180376251,0.2,76.20,104.90,-2.320,77.2,38.42,15.23,75.55,4336693.72,1781496.81
00:09:17.328,18/01/2026,06:40:10,17_T02,39.121457635,10.180376943,0.2,76.41,105.65,-2.277,77.2,38.40,15.25,76.04,4336693.78,1781496.78
00:09:18.329,18/01/2026,06:40:11,17_T02,39.121457275,10.180378519,0.2,76.75,106.51,-2.168,77.2,38.40,15.25,76.04,4336693.91,1781496.74
00:09:19.330,18/01/2026,06:40:12,17_T02,39.121456559,10.180378013,0.2,77.33,107.38,-2.240,77.2,38.37,15.26,76.78,4336693.87,1781496.67
00:09:20.331,18/01/2026,06:40:13,17_T02,39.121456274,10.180378317,0.2,78.08,108.00,-2.229,77.2,38.37,15.26,76.78,4336693.90,1781496.63
00:09:21.333,18/01/2026,06:40:14,17_T02,39.121456350,10.180379244,0.2,78.66,108.72,-2.152,77.2,38.42,15.18,78.11,4336693.98,1781496.64
00:09:22.332,18/01/2026,06:40:15,17_T02,39.121456407,10.180378337,0.2,79.00,109.39,-2.221,77.2,38.42,15.18,78.11,4336693.90,1781496.65
00:09:23.319,18/01/2026,06:40:16,17_T02,39.121456334,10.180378769,0.2,79.13,110.10,-2.190,77.2,38.42,15.18,78.11,4336693.93,1781496.64
00:09:24.320,18/01/2026,06:40:17,17_T02,39.121455963,10.180380371,0.2,79.21,110.95,-2.080,77.2,38.40,15.23,78.79,4336694.07,1781496.60
00:09:25.321,18/01/2026,06:40:18,17_T02,39.121455246,10.180381780,0.2,79.55,111.89,-2.000,77.2,38.40,15.23,78.79,4336694.20,1781496.52
00:09:26.318,18/01/2026,06:40:19,17_T02,39.121454186,10.180380822,0.2,80.24,112.71,-2.124,77.2,38.42,15.21,79.12,4336694.11,1781496.40
00:09:27.319,18/01/2026,06:40:20,17_T02,39.121453598,10.180380709,0.2,81.02,113.41,-2.160,77.2,38.42,15.21,79.12,4336694.10,1781496.34
00:09:28.320,18/01/2026,06:40:21,17_T02,39.121453747,10.180381635,0.2,81.55,114.11,-2.079,77.2,38.43,15.18,80.45,4336694.18,1781496.36
00:09:29.321,18/01/2026,06:40:22,17_T02,39.121454040,10.180380899,0.2,81.78,114.67,-2.125,77.2,38.43,15.18,80.45,4336694.12,1781496.39
00:09:30.324,18/01/2026,06:40:23,17_T02,39.121453730,10.180381259,0.2,81.91,115.43,-2.110,77.2,38.43,15.20,81.40,4336694.15,1781496.35
00:09:31.322,18/01/2026,06:40:24,17_T02,39.121452893,10.180382599,0.2,82.22,116.39,-2.041,77.2,38.43,15.20,81.40,4336694.27,1781496.26
00:09:32.321,18/01/2026,06:40:25,17_T02,39.121451975,10.180383801,0.2,82.76,117.37,-1.987,77.2,38.44,15.19,81.83,4336694.37,1781496.16
00:09:33.316,18/01/2026,06:40:26,17_T02,39.121451341,10.180382325,0.2,83.36,118.14,-2.133,77.2,38.44,15.19,81.83,4336694.25,1781496.09
00:09:34.331,18/01/2026,06:40:27,17_T02,39.121451158,10.180382041,0.2,83.84,118.81,-2.164,77.2,38.44,15.15,82.92,4336694.22,1781496.07
00:09:35.342,18/01/2026,06:40:28,17_T02,39.121451207,10.180383164,0.2,84.21,119.48,-2.073,77.2,38.44,15.15,82.92,4336694.32,1781496.08
00:09:36.330,18/01/2026,06:40:29,17_T02,39.121450597,10.180381890,0.2,84.54,120.27,-2.201,77.2,38.45,15.16,83.81,4336694.21,1781496.01
00:09:37.329,18/01/2026,06:40:30,17_T02,39.121449897,10.180381777,0.2,84.91,121.12,-2.242,77.2,38.45,15.16,83.81,4336694.20,1781495.93
00:09:38.326,18/01/2026,06:40:31,17_T02,39.121449285,10.180382992,0.2,85.33,121.85,-2.173,77.2,38.44,15.18,84.53,4336694.30,1781495.86
00:09:39.325,18/01/2026,06:40:32,17_T02,39.121448670,10.180381593,0.2,85.79,122.48,-2.312,77.2,38.44,15.18,84.53,4336694.18,1781495.80
00:09:40.324,18/01/2026,06:40:33,17_T02,39.121448430,10.180381463,0.2,86.23,123.02,-2.333,77.2,38.47,15.13,85.42,4336694.17,1781495.77
00:09:41.327,18/01/2026,06:40:34,17_T02,39.121448384,10.180382437,0.2,86.67,123.58,-2.258,77.2,38.47,15.13,85.42,4336694.26,1781495.76
00:09:42.329,18/01/2026,06:40:35,17_T02,39.121448171,10.180383407,0.2,87.07,124.24,-2.190,77.2,38.49,15.11,86.31,4336694.34,1781495.74
00:09:43.338,18/01/2026,06:40:36,17_T02,39.121447923,10.180381935,0.2,87.49,124.97,-2.318,77.2,38.49,15.11,86.31,4336694.21,1781495.71
00:09:44.318,18/01/2026,06:40:37,17_T02,39.121447640,10.180381716,0.2,87.90,125.60,-2.348,77.2,38.49,15.11,87.14,4336694.19,1781495.68
00:09:45.318,18/01/2026,06:40:38,17_T02,39.121447399,10.180382645,0.2,88.41,126.15,-2.286,77.2,38.49,15.11,87.14,4336694.27,1781495.66
00:09:46.318,18/01/2026,06:40:39,17_T02,39.121446581,10.180380711,0.2,88.88,126.65,-2.476,77.2,38.50,15.11,88.09,4336694.11,1781495.57
00:09:47.319,18/01/2026,06:40:40,17_T02,39.121446141,10.180379999,0.2,89.17,127.12,-2.552,77.2,38.50,15.11,88.09,4336694.04,1781495.52
00:09:48.320,18/01/2026,06:40:41,17_T02,39.121446039,10.180380970,0.2,89.36,127.55,-2.480,77.2,38.50,15.11,88.86,4336694.13,1781495.51
00:09:49.323,18/01/2026,06:40:42,17_T02,39.121445679,10.180381864,0.2,89.69,128.03,-2.425,77.2,38.50,15.11,88.86,4336694.21,1781495.47
00:09:50.326,18/01/2026,06:40:43,17_T02,39.121444932,10.180379746,0.2,90.33,128.59,-2.627,77.2,38.47,15.17,89.40,4336694.02,1781495.38
00:09:51.327,18/01/2026,06:40:44,17_T02,39.121444511,10.180378976,0.2,91.08,128.88,-2.707,77.2,38.47,15.17,89.40,4336693.96,1781495.34
00:09:52.330,18/01/2026,06:40:45,17_T02,39.121444485,10.180379735,0.2,91.58,129.15,-2.648,77.2,38.50,15.11,90.75,4336694.02,1781495.33
00:09:53.330,18/01/2026,06:40:46,17_T02,39.121443992,10.180378349,0.2,91.81,129.22,-2.780,77.2,38.50,15.11,90.75,4336693.90,1781495.28
00:09:54.328,18/01/2026,06:40:47,17_T02,39.121443561,10.180378228,0.2,91.90,129.35,-2.809,77.2,38.50,15.13,91.49,4336693.89,1781495.23
00:09:55.326,18/01/2026,06:40:48,17_T02,39.121443122,10.180379097,0.2,92.14,129.58,-2.760,77.2,38.50,15.13,91.49,4336693.97,1781495.18
00:09:56.326,18/01/2026,06:40:49,17_T02,39.121442553,10.180379704,0.2,92.70,129.90,-2.738,77.2,38.50,15.13,91.86,4336694.02,1781495.12
00:09:57.327,18/01/2026,06:40:50,17_T02,39.121441698,10.180377920,0.2,93.44,129.93,-2.918,77.2,38.50,15.13,91.86,4336693.86,1781495.03
00:09:58.327,18/01/2026,06:40:51,17_T02,39.121441541,10.180377310,0.2,94.07,129.87,-2.973,77.2,38.50,15.12,93.21,4336693.81,1781495.01
00:09:59.327,18/01/2026,06:40:52,17_T02,39.121441869,10.180378121,0.2,94.47,129.82,-2.894,77.2,38.50,15.12,93.21,4336693.88,1781495.04
00:10:00.326,18/01/2026,06:40:53,17_T02,39.121441533,10.180376612,0.2,94.69,129.83,-3.029,77.2,38.51,15.11,94.17,4336693.75,1781495.01
00:10:01.325,18/01/2026,06:40:54,17_T02,39.121441005,10.180376168,0.2,94.84,129.91,-3.088,77.2,38.51,15.11,94.17,4336693.71,1781494.95
00:10:02.320,18/01/2026,06:40:55,17_T02,39.121440516,10.180376880,0.2,95.08,129.95,-3.054,77.2,38.50,15.12,94.54,4336693.77,1781494.90
00:10:03.317,18/01/2026,06:40:56,17_T02,39.121439990,10.180377302,0.2,95.57,130.07,-3.044,77.2,38.50,15.12,94.54,4336693.81,1781494.84
00:10:04.332,18/01/2026,06:40:57,17_T02,39.121439298,10.180375105,0.2,96.29,130.02,-3.250,77.2,38.49,15.15,95.34,4336693.62,1781494.76
00:10:05.329,18/01/2026,06:40:58,17_T02,39.121439141,10.180373978,0.2,96.94,130.03,-3.346,77.2,38.49,15.15,95.34,4336693.52,1781494.74
00:10:06.327,18/01/2026,06:40:59,17_T02,39.121439328,10.180373997,0.2,97.46,130.24,-3.336,77.2,38.55,15.06,96.72,4336693.52,1781494.76
00:10:07.322,18/01/2026,06:41:00,17_T02,39.121439260,10.180371973,0.2,97.73,130.38,-3.500,77.2,38.55,15.06,96.72,4336693.35,1781494.76
00:10:08.318,18/01/2026,06:41:01,17_T02,39.121438861,10.180371122,0.2,97.77,130.49,-3.586,77.2,38.54,15.09,97.40,4336693.27,1781494.71
00:10:09.330,18/01/2026,06:41:02,17_T02,39.121438339,10.180371466,0.2,97.92,130.43,-3.582,77.2,38.54,15.09,97.40,4336693.30,1781494.65
00:10:10.316,18/01/2026,06:41:03,17_T02,39.121437711,10.180371458,0.2,98.43,130.49,-3.611,77.2,38.54,15.09,97.67,4336693.30,1781494.58
00:10:11.316,18/01/2026,06:41:04,17_T02,39.121436883,10.180368903,0.2,99.24,130.49,-3.851,77.2,38.54,15.09,97.67,4336693.08,1781494.49
00:10:12.316,18/01/2026,06:41:05,17_T02,39.121436723,10.180367406,0.2,99.97,130.53,-3.977,77.2,38.54,15.07,99.12,4336692.95,1781494.47
00:10:13.317,18/01/2026,06:41:06,17_T02,39.121437242,10.180367517,0.2,100.27,130.43,-3.945,77.2,38.54,15.07,99.12,4336692.96,1781494.53
00:10:14.332,18/01/2026,06:41:07,17_T02,39.121437653,10.180366196,0.2,100.33,130.24,-4.031,77.2,38.55,15.07,99.97,4336692.85,1781494.58
00:10:15.316,18/01/2026,06:41:08,17_T02,39.121437315,10.180365625,0.2,100.44,130.13,-4.092,77.2,38.55,15.07,99.97,4336692.80,1781494.54
00:10:16.319,18/01/2026,06:41:09,17_T02,39.121436532,10.180365489,0.2,100.80,130.04,-4.138,77.2,38.56,15.06,100.20,4336692.78,1781494.45
00:10:17.320,18/01/2026,06:41:10,17_T02,39.121435792,10.180365136,0.2,101.52,130.03,-4.200,77.2,38.56,15.06,100.20,4336692.75,1781494.37
00:10:18.320,18/01/2026,06:41:11,17_T02,39.121435567,10.180362645,0.2,102.33,130.03,-4.408,77.2,38.53,15.07,101.50,4336692.54,1781494.35
00:10:19.322,18/01/2026,06:41:12,17_T02,39.121435688,10.180361048,0.2,102.88,130.22,-4.529,77.2,38.53,15.07,101.50,4336692.40,1781494.36
00:10:20.321,18/01/2026,06:41:13,17_T02,39.121435896,10.180360942,0.2,103.09,130.28,-4.528,77.2,38.56,15.04,102.61,4336692.39,1781494.38
00:10:21.322,18/01/2026,06:41:14,17_T02,39.121435543,10.180358992,0.2,103.19,130.46,-4.699,77.2,38.56,15.04,102.61,4336692.22,1781494.34
00:10:22.322,18/01/2026,06:41:15,17_T02,39.121434737,10.180357692,0.2,103.39,130.67,-4.838,77.2,38.55,15.05,102.93,4336692.11,1781494.25
00:10:23.323,18/01/2026,06:41:16,17_T02,39.121433791,10.180357255,0.2,103.82,130.94,-4.916,77.2,38.55,15.05,102.93,4336692.07,1781494.15
00:10:24.325,18/01/2026,06:41:17,17_T02,39.121433059,10.180356781,0.2,104.45,131.13,-4.986,77.2,38.54,15.08,103.69,4336692.03,1781494.07
00:10:25.323,18/01/2026,06:41:18,17_T02,39.121432969,10.180354900,0.2,105.12,131.27,-5.140,77.2,38.54,15.08,103.69,4336691.86,1781494.06
00:10:26.324,18/01/2026,06:41:19,17_T02,39.121433155,10.180353654,0.2,105.56,131.38,-5.230,77.2,38.57,15.00,104.96,4336691.76,1781494.08
00:10:27.322,18/01/2026,06:41:20,17_T02,39.121433178,10.180353763,0.2,105.79,131.35,-5.221,77.2,38.57,15.00,104.96,4336691.76,1781494.08
00:10:28.317,18/01/2026,06:41:21,17_T02,39.121433020,10.180352217,0.2,106.01,131.47,-5.350,77.2,38.57,15.02,105.54,4336691.63,1781494.06
00:10:29.318,18/01/2026,06:41:22,17_T02,39.121432356,10.180351120,0.2,106.40,131.78,-5.468,77.2,38.57,15.02,105.54,4336691.53,1781493.99
00:10:30.316,18/01/2026,06:41:23,17_T02,39.121431517,10.180350845,0.2,106.93,132.09,-5.527,77.2,38.53,15.05,106.30,4336691.51,1781493.90
00:10:31.317,18/01/2026,06:41:24,17_T02,39.121431055,10.180350772,0.2,107.50,132.18,-5.554,77.2,38.53,15.05,106.30,4336691.51,1781493.85
00:10:32.331,18/01/2026,06:41:25,17_T02,39.121431295,10.180349538,0.2,107.98,132.23,-5.641,77.2,38.57,14.98,107.41,4336691.40,1781493.87
00:10:33.329,18/01/2026,06:41:26,17_T02,39.121431300,10.180349038,0.2,108.33,132.36,-5.680,77.2,38.57,14.98,107.41,4336691.35,1781493.87
00:10:34.329,18/01/2026,06:41:27,17_T02,39.121430801,10.180349186,0.2,108.65,132.64,-5.691,77.2,38.57,15.00,108.14,4336691.37,1781493.82
00:10:35.328,18/01/2026,06:41:28,17_T02,39.121430507,10.180347692,0.1,109.00,133.05,-5.823,77.2,38.57,15.00,108.14,4336691.24,1781493.78
00:10:36.329,18/01/2026,06:41:29,17_T02,39.121430003,10.180347051,0.1,109.47,133.46,-5.897,77.2,38.55,15.01,108.91,4336691.18,1781493.73
00:10:37.326,18/01/2026,06:41:30,17_T02,39.121429429,10.180347227,0.1,110.00,133.81,-5.909,77.2,38.55,15.01,108.91,4336691.20,1781493.67
00:10:38.325,18/01/2026,06:41:31,17_T02,39.121428953,10.180347633,0.1,110.45,134.11,-5.898,77.2,38.57,14.97,109.94,4336691.23,1781493.61
00:10:39.329,18/01/2026,06:41:32,17_T02,39.121429323,10.180347076,0.1,110.81,134.39,-5.925,77.2,38.57,14.97,109.94,4336691.18,1781493.65
00:10:40.339,18/01/2026,06:41:33,17_T02,39.121429157,10.180346952,0.1,111.19,134.83,-5.943,77.2,38.57,14.97,109.94,4336691.17,1781493.64
00:10:41.317,18/01/2026,06:41:34,17_T02,39.121428506,10.180347306,0.1,111.62,135.39,-5.944,77.2,38.57,14.99,110.69,4336691.20,1781493.56
00:10:42.319,18/01/2026,06:41:35,17_T02,39.121427816,10.180347780,0.1,112.13,135.94,-5.938,77.2,38.57,14.99,110.69,4336691.25,1781493.49
00:10:43.318,18/01/2026,06:41:36,17_T02,39.121427227,10.180348400,0.1,112.62,136.37,-5.915,77.2,38.55,14.97,111.61,4336691.30,1781493.42
00:10:44.319,18/01/2026,06:41:37,17_T02,39.121426731,10.180349219,0.2,113.01,136.78,-5.872,77.2,38.55,14.97,111.61,4336691.37,1781493.37
00:10:45.318,18/01/2026,06:41:38,17_T02,39.121426214,10.180349994,0.2,113.33,137.20,-5.834,77.2,38.59,14.93,112.55,4336691.44,1781493.31
00:10:46.317,18/01/2026,06:41:39,17_T02,39.121426412,10.180349203,0.2,113.66,137.70,-5.888,77.2,38.59,14.93,112.55,4336691.37,1781493.33
00:10:47.316,18/01/2026,06:41:40,17_T02,39.121426154,10.180349082,0.2,114.05,138.21,-5.909,77.2,38.60,14.98,113.19,4336691.36,1781493.30
00:10:48.316,18/01/2026,06:41:41,17_T02,39.121425523,10.180349821,0.2,114.57,138.76,-5.879,77.2,38.60,14.98,113.19,4336691.42,1781493.24
00:10:49.318,18/01/2026,06:41:42,17_T02,39.121425793,10.180349228,0.2,115.11,139.28,-5.914,77.2,38.55,14.97,114.05,4336691.37,1781493.26
00:10:50.321,18/01/2026,06:41:43,17_T02,39.121425801,10.180349340,0.2,115.53,139.69,-5.905,77.2,38.55,14.97,114.05,4336691.38,1781493.27
00:10:51.322,18/01/2026,06:41:44,17_T02,39.121425309,10.180350179,0.2,115.84,140.11,-5.860,77.2,38.61,14.92,115.07,4336691.45,1781493.21
00:10:52.324,18/01/2026,06:41:45,17_T02,39.121424764,10.180350926,0.2,116.16,140.56,-5.825,77.2,38.61,14.92,115.07,4336691.52,1781493.15
00:10:53.328,18/01/2026,06:41:46,17_T02,39.121425018,10.180350335,0.2,116.56,141.02,-5.861,77.2,38.60,14.96,115.73,4336691.47,1781493.18
00:10:54.329,18/01/2026,06:41:47,17_T02,39.121424889,10.180350517,0.2,117.02,141.42,-5.852,77.2,38.60,14.96,115.73,4336691.48,1781493.17
00:10:55.329,18/01/2026,06:41:48,17_T02,39.121424440,10.180351566,0.2,117.48,141.69,-5.789,77.2,38.57,14.96,116.57,4336691.58,1781493.12
00:10:56.327,18/01/2026,06:41:49,17_T02,39.121424838,10.180351308,0.2,117.97,141.93,-5.792,77.2,38.57,14.96,116.57,4336691.55,1781493.16
00:10:57.336,18/01/2026,06:41:50,17_T02,39.121424875,10.180351462,0.2,118.39,142.18,-5.778,77.2,38.61,14.92,117.55,4336691.57,1781493.16
00:10:58.324,18/01/2026,06:41:51,17_T02,39.121424461,10.180352259,0.2,118.68,142.46,-5.733,77.2,38.61,14.92,117.55,4336691.64,1781493.12
00:10:59.325,18/01/2026,06:41:52,17_T02,39.121423973,10.180353111,0.2,118.95,142.74,-5.688,77.2,38.62,14.92,118.28,4336691.71,1781493.06
00:11:00.323,18/01/2026,06:41:53,17_T02,39.121424423,10.180352789,0.2,119.32,143.05,-5.693,77.2,38.62,14.92,118.28,4336691.68,1781493.11
00:11:01.323,18/01/2026,06:41:54,17_T02,39.121424331,10.180352895,0.2,119.86,143.41,-5.689,77.2,38.59,14.96,118.93,4336691.69,1781493.10
00:11:02.323,18/01/2026,06:41:55,17_T02,39.121423889,10.180353575,0.1,120.51,143.62,-5.655,77.2,38.59,14.96,118.93,4336691.75,1781493.06
00:11:03.323,18/01/2026,06:41:56,17_T02,39.121424457,10.180352880,0.1,121.03,143.91,-5.684,77.2,38.61,14.89,120.14,4336691.69,1781493.12
00:11:04.320,18/01/2026,06:41:57,17_T02,39.121424701,10.180353021,0.1,121.31,144.09,-5.662,77.2,38.61,14.89,120.14,4336691.70,1781493.15
00:11:05.330,18/01/2026,06:41:58,17_T02,39.121424323,10.180353701,0.1,121.46,144.25,-5.625,77.2,38.63,14.90,120.92,4336691.76,1781493.10
00:11:06.332,18/01/2026,06:41:59,17_T02,39.121423618,10.180354279,0.1,121.73,144.54,-5.611,77.2,38.63,14.90,120.92,4336691.81,1781493.03
00:11:07.327,18/01/2026,06:42:00,17_T02,39.121423751,10.180353291,0.1,122.30,144.96,-5.683,77.2,38.63,14.93,121.37,4336691.73,1781493.04
00:11:08.329,18/01/2026,06:42:01,17_T02,39.121423590,10.180352935,0.1,123.05,145.16,-5.719,77.2,38.63,14.93,121.37,4336691.69,1781493.02
00:11:09.329,18/01/2026,06:42:02,17_T02,39.121423271,10.180353155,0.1,123.67,145.33,-5.716,77.2,38.61,14.86,122.74,4336691.71,1781492.99
00:11:10.330,18/01/2026,06:42:03,17_T02,39.121424067,10.180352903,0.1,123.94,145.34,-5.700,77.2,38.61,14.86,122.74,4336691.69,1781493.08
00:11:11.317,18/01/2026,06:42:04,17_T02,39.121424054,10.180353021,0.1,124.06,145.34,-5.691,77.2,38.62,14.87,123.56,4336691.70,1781493.07
00:11:12.317,18/01/2026,06:42:05,17_T02,39.121423326,10.180353328,0.1,124.24,145.45,-5.700,77.2,38.62,14.87,123.56,4336691.73,1781492.99
00:11:13.315,18/01/2026,06:42:06,17_T02,39.121422381,10.180353260,0.1,124.70,145.69,-5.748,77.2,38.63,14.87,123.91,4336691.72,1781492.89
00:11:14.318,18/01/2026,06:42:07,17_T02,39.121422561,10.180352290,0.1,125.40,145.78,-5.816,77.2,38.63,14.87,123.91,4336691.64,1781492.91
00:11:15.316,18/01/2026,06:42:08,17_T02,39.121422648,10.180351884,0.1,126.09,145.77,-5.845,77.2,38.60,14.85,125.15,4336691.60,1781492.92
00:11:16.319,18/01/2026,06:42:09,17_T02,39.121422573,10.180352242,0.1,126.47,145.70,-5.820,77.2,38.60,14.85,125.15,4336691.63,1781492.91
00:11:17.320,18/01/2026,06:42:10,17_T02,39.121423202,10.180351920,0.1,126.67,145.51,-5.817,77.2,38.64,14.84,126.10,4336691.61,1781492.98
00:11:18.322,18/01/2026,06:42:11,17_T02,39.121422979,10.180351649,0.1,126.90,145.52,-5.849,77.2,38.64,14.84,126.10,4336691.58,1781492.95
00:11:19.321,18/01/2026,06:42:12,17_T02,39.121422126,10.180351549,0.1,127.28,145.65,-5.895,77.2,38.62,14.87,126.60,4336691.57,1781492.86
00:11:20.319,18/01/2026,06:42:13,17_T02,39.121421337,10.180351360,0.1,127.82,145.81,-5.946,77.2,38.62,14.87,126.60,4336691.56,1781492.77
00:11:21.321,18/01/2026,06:42:14,17_T02,39.121421763,10.180350710,0.1,128.37,145.69,-5.978,77.2,38.61,14.84,127.60,4336691.50,1781492.82
00:11:22.319,18/01/2026,06:42:15,17_T02,39.121422118,10.180350599,0.1,128.78,145.40,-5.971,77.2,38.61,14.84,127.60,4336691.49,1781492.86
00:11:23.320,18/01/2026,06:42:16,17_T02,39.121421948,10.180350753,0.1,129.14,145.17,-5.966,77.2,38.63,14.82,128.50,4336691.51,1781492.84
00:11:24.321,18/01/2026,06:42:17,17_T02,39.121421591,10.180350785,0.1,129.48,145.06,-5.980,77.2,38.63,14.82,128.50,4336691.51,1781492.80
00:11:25.319,18/01/2026,06:42:18,17_T02,39.121421907,10.180350204,0.1,129.90,144.97,-6.012,77.2,38.62,14.82,129.22,4336691.46,1781492.84
00:11:26.319,18/01/2026,06:42:19,17_T02,39.121421909,10.180349870,0.1,130.38,144.84,-6.038,77.2,38.62,14.82,129.22,4336691.43,1781492.84
00:11:27.319,18/01/2026,06:42:20,17_T02,39.121421631,10.180350005,0.1,130.83,144.57,-6.040,77.2,38.63,14.80,130.16,4336691.44,1781492.81
00:11:28.321,18/01/2026,06:42:21,17_T02,39.121422222,10.180349679,0.1,131.25,144.30,-6.039,77.2,38.63,14.80,130.16,4336691.41,1781492.87
00:11:29.321,18/01/2026,06:42:22,17_T02,39.121422465,10.180349574,0.1,131.56,144.12,-6.036,77.2,38.63,14.79,131.00,4336691.40,1781492.90
00:11:30.321,18/01/2026,06:42:23,17_T02,39.121422210,10.180349725,0.1,131.84,144.01,-6.036,77.2,38.63,14.79,131.00,4336691.42,1781492.87
00:11:31.322,18/01/2026,06:42:24,17_T02,39.121421809,10.180349641,0.1,132.28,144.02,-6.061,77.2,38.63,14.80,131.63,4336691.41,1781492.83
00:11:32.320,18/01/2026,06:42:25,17_T02,39.121422344,10.180348943,0.1,132.90,144.00,-6.092,77.2,38.63,14.80,131.63,4336691.35,1781492.88
00:11:33.321,18/01/2026,06:42:26,17_T02,39.121422557,10.180348547,0.1,133.49,143.90,-6.114,77.2,38.64,14.78,132.83,4336691.31,1781492.91
00:11:34.322,18/01/2026,06:42:27,17_T02,39.121422401,10.180348668,0.1,133.81,143.69,-6.111,77.2,38.64,14.78,132.83,4336691.32,1781492.89
00:11:35.322,18/01/2026,06:42:28,17_T02,39.121422918,10.180348519,0.1,134.00,143.42,-6.100,77.2,38.65,14.79,133.49,4336691.31,1781492.95
00:11:36.322,18/01/2026,06:42:29,17_T02,39.121422878,10.180348381,0.1,134.30,143.23,-6.113,77.2,38.65,14.79,133.49,4336691.30,1781492.94
00:11:37.319,18/01/2026,06:42:30,17_T02,39.121422382,10.180348195,0.1,134.79,143.15,-6.150,77.2,38.63,14.83,134.16,4336691.28,1781492.89
00:11:38.318,18/01/2026,06:42:31,17_T02,39.121422815,10.180347796,0.1,135.39,142.98,-6.162,77.2,38.63,14.83,134.16,4336691.25,1781492.94
00:11:39.318,18/01/2026,06:42:32,17_T02,39.121423119,10.180347505,0.1,135.89,142.73,-6.171,77.2,38.63,14.83,134.16,4336691.22,1781492.97
00:11:40.318,18/01/2026,06:42:33,17_T02,39.121423053,10.180347560,0.1,136.27,142.45,-6.170,77.2,38.65,14.79,135.30,4336691.23,1781492.96
00:11:41.321,18/01/2026,06:42:34,17_T02,39.121423687,10.180347244,0.1,136.62,142.26,-6.166,77.2,38.65,14.79,135.30,4336691.20,1781493.03
00:11:42.320,18/01/2026,06:42:35,17_T02,39.121423737,10.180346937,0.1,137.03,142.18,-6.188,77.2,38.65,14.79,136.07,4336691.17,1781493.04
00:11:43.324,18/01/2026,06:42:36,17_T02,39.121423350,10.180346601,0.1,137.45,142.06,-6.233,77.2,38.65,14.79,136.07,4336691.14,1781492.99
00:11:44.323,18/01/2026,06:42:37,17_T02,39.121423122,10.180346450,0.1,137.78,141.82,-6.255,77.2,38.65,14.80,136.89,4336691.13,1781492.97
00:11:45.322,18/01/2026,06:42:38,17_T02,39.121423793,10.180346210,0.1,138.11,141.52,-6.244,77.2,38.65,14.80,136.89,4336691.11,1781493.04
00:11:46.322,18/01/2026,06:42:39,17_T02,39.121424042,10.180345989,0.1,138.57,141.27,-6.250,77.2,38.65,14.79,137.57,4336691.09,1781493.07
00:11:47.324,18/01/2026,06:42:40,17_T02,39.121423816,10.180345687,0.1,139.15,141.14,-6.284,77.2,38.65,14.79,137.57,4336691.06,1781493.05
00:11:48.325,18/01/2026,06:42:41,17_T02,39.121424358,10.180345168,0.1,139.66,141.12,-6.301,77.2,38.66,14.79,138.55,4336691.02,1781493.11
00:11:49.326,18/01/2026,06:42:42,17_T02,39.121424650,10.180344841,0.1,139.99,141.06,-6.314,77.2,38.66,14.79,138.55,4336690.99,1781493.14
00:11:50.324,18/01/2026,06:42:43,17_T02,39.121424409,10.180344635,0.1,140.28,141.01,-6.341,77.2,38.67,14.77,139.46,4336690.97,1781493.11
00:11:51.325,18/01/2026,06:42:44,17_T02,39.121425003,10.180344305,0.1,140.66,140.98,-6.340,77.2,38.67,14.77,139.46,4336690.94,1781493.18
00:11:52.324,18/01/2026,06:42:45,17_T02,39.121425175,10.180343991,0.1,141.16,140.93,-6.358,77.2,38.66,14.81,140.11,4336690.92,1781493.20
00:11:53.324,18/01/2026,06:42:46,17_T02,39.121425094,10.180343812,0.1,141.63,140.69,-6.375,77.2,38.66,14.81,140.11,4336690.90,1781493.19
00:11:54.326,18/01/2026,06:42:47,17_T02,39.121425203,10.180343785,0.1,142.06,140.28,-6.373,77.2,38.66,14.78,141.09,4336690.90,1781493.20
00:11:55.323,18/01/2026,06:42:48,17_T02,39.121426122,10.180343553,0.1,142.43,139.88,-6.350,77.2,38.66,14.78,141.09,4336690.88,1781493.30
00:11:56.325,18/01/2026,06:42:49,17_T02,39.121426534,10.180343428,0.1,142.71,139.50,-6.341,77.2,38.67,14.76,141.92,4336690.87,1781493.35
00:11:57.323,18/01/2026,06:42:50,17_T02,39.121426451,10.180343351,0.1,143.04,139.17,-6.351,77.2,38.67,14.76,141.92,4336690.86,1781493.34
00:11:58.321,18/01/2026,06:42:51,17_T02,39.121427160,10.180342988,0.1,143.56,138.94,-6.348,77.2,38.66,14.78,142.54,4336690.83,1781493.41
00:11:59.318,18/01/2026,06:42:52,17_T02,39.121427549,10.180342679,0.1,144.23,138.61,-6.355,77.2,38.66,14.78,142.54,4336690.80,1781493.46
00:12:00.331,18/01/2026,06:42:53,17_T02,39.121427617,10.180342392,0.1,144.78,138.36,-6.374,77.2,38.67,14.75,143.70,4336690.78,1781493.46
00:12:01.330,18/01/2026,06:42:54,17_T02,39.121428525,10.180342416,0.1,145.01,138.05,-6.331,77.2,38.67,14.75,143.70,4336690.78,1781493.57
00:12:02.331,18/01/2026,06:42:55,17_T02,39.121428821,10.180342401,0.1,145.11,137.82,-6.319,77.2,38.67,14.75,144.53,4336690.78,1781493.60
00:12:03.327,18/01/2026,06:42:56,17_T02,39.121428486,10.180342165,0.1,145.39,137.71,-6.353,77.2,38.67,14.75,144.53,4336690.76,1781493.56
00:12:04.326,18/01/2026,06:42:57,17_T02,39.121428942,10.180341586,0.1,146.04,137.80,-6.379,77.2,38.68,14.77,144.91,4336690.71,1781493.61
00:12:05.326,18/01/2026,06:42:58,17_T02,39.121429155,10.180341071,0.1,146.83,137.70,-6.410,77.2,38.68,14.77,144.91,4336690.66,1781493.63
00:12:06.328,18/01/2026,06:42:59,17_T02,39.121429199,10.180340732,0.1,147.34,137.61,-6.435,77.2,38.69,14.76,146.35,4336690.63,1781493.64
00:12:07.325,18/01/2026,06:43:00,17_T02,39.121429451,10.180340924,0.1,147.42,137.29,-6.408,77.2,38.69,14.76,146.35,4336690.65,1781493.67
00:12:08.326,18/01/2026,06:43:01,17_T02,39.121430129,10.180341064,0.1,147.41,136.94,-6.367,77.2,38.69,14.77,146.94,4336690.66,1781493.74
00:12:09.329,18/01/2026,06:43:02,17_T02,39.121430056,10.180340862,0.1,147.74,136.68,-6.386,77.2,38.69,14.77,146.94,4336690.64,1781493.73
00:12:10.328,18/01/2026,06:43:03,17_T02,39.121429560,10.180340430,0.1,148.50,136.46,-6.443,77.2,38.71,14.77,147.30,4336690.61,1781493.68
00:12:11.330,18/01/2026,06:43:04,17_T02,39.121429321,10.180339939,0.1,149.37,136.30,-6.492,77.2,38.71,14.77,147.30,4336690.56,1781493.65
00:12:12.330,18/01/2026,06:43:05,17_T02,39.121430170,10.180339729,0.1,149.84,136.17,-6.471,77.2,38.67,14.75,148.89,4336690.54,1781493.75
00:12:13.330,18/01/2026,06:43:06,17_T02,39.121430722,10.180339904,0.1,150.00,135.82,-6.432,77.2,38.67,14.75,148.89,4336690.56,1781493.81
00:12:14.316,18/01/2026,06:43:07,17_T02,39.121430489,10.180339879,0.1,150.12,135.53,-6.444,77.2,38.68,14.77,149.53,4336690.56,1781493.78
00:12:15.319,18/01/2026,06:43:08,17_T02,39.121430750,10.180339838,0.1,150.40,135.23,-6.436,77.2,38.68,14.77,149.53,4336690.55,1781493.81
00:12:16.321,18/01/2026,06:43:09,17_T02,39.121430539,10.180339478,0.1,150.93,135.14,-6.474,77.2,38.70,14.76,149.98,4336690.52,1781493.79
00:12:17.321,18/01/2026,06:43:10,17_T02,39.121430184,10.180339121,0.1,151.57,135.02,-6.518,77.2,38.70,14.76,149.98,4336690.49,1781493.75
00:12:18.323,18/01/2026,06:43:11,17_T02,39.121430826,10.180338899,0.1,152.07,134.96,-6.507,77.2,38.68,14.75,151.16,4336690.47,1781493.82
00:12:19.324,18/01/2026,06:43:12,17_T02,39.121431240,10.180338753,0.1,152.47,134.90,-6.500,77.2,38.68,14.75,151.16,4336690.46,1781493.86
00:12:20.324,18/01/2026,06:43:13,17_T02,39.121431010,10.180338352,0.1,152.78,135.00,-6.542,77.2,38.69,14.74,152.03,4336690.42,1781493.84
00:12:21.334,18/01/2026,06:43:14,17_T02,39.121431312,10.180338097,0.1,153.08,135.17,-6.549,77.2,38.69,14.74,152.03,4336690.40,1781493.87
00:12:22.327,18/01/2026,06:43:15,17_T02,39.121431163,10.180337738,0.1,153.44,135.33,-6.584,77.2,38.68,14.75,152.65,4336690.37,1781493.86
00:12:23.341,18/01/2026,06:43:16,17_T02,39.121430724,10.180337260,0.1,153.93,135.44,-6.642,77.2,38.68,14.75,152.65,4336690.33,1781493.81
00:12:24.329,18/01/2026,06:43:17,17_T02,39.121430543,10.180336909,0.1,154.42,135.37,-6.678,77.2,38.67,14.74,153.50,4336690.30,1781493.79
00:12:25.330,18/01/2026,06:43:18,17_T02,39.121431346,10.180336921,0.1,154.89,135.22,-6.641,77.2,38.67,14.74,153.50,4336690.30,1781493.88
00:12:26.328,18/01/2026,06:43:19,17_T02,39.121431675,10.180336775,0.1,155.31,135.17,-6.637,77.2,38.69,14.72,154.49,4336690.29,1781493.91
00:12:27.328,18/01/2026,06:43:20,17_T02,39.121431439,10.180336410,0.1,155.72,135.24,-6.677,77.2,38.69,14.72,154.49,4336690.26,1781493.89
00:12:28.324,18/01/2026,06:43:21,17_T02,39.121431805,10.180336075,0.1,156.11,135.34,-6.687,77.2,38.69,14.73,155.31,4336690.23,1781493.93
00:12:29.325,18/01/2026,06:43:22,17_T02,39.121431871,10.180335786,0.1,156.41,135.38,-6.707,77.2,38.69,14.73,155.31,4336690.20,1781493.93
00:12:30.320,18/01/2026,06:43:23,17_T02,39.121431621,10.180335503,0.1,156.74,135.38,-6.741,77.2,38.69,14.73,155.99,4336690.18,1781493.91
00:12:31.320,18/01/2026,06:43:24,17_T02,39.121432074,10.180335250,0.1,157.19,135.41,-6.741,77.2,38.69,14.73,155.99,4336690.15,1781493.96
00:12:32.318,18/01/2026,06:43:25,17_T02,39.121432193,10.180334831,0.1,157.77,135.43,-6.768,77.2,38.69,14.74,156.87,4336690.12,1781493.97
00:12:33.318,18/01/2026,06:43:26,17_T02,39.121432090,10.180334363,0.1,158.37,135.51,-6.810,77.2,38.69,14.74,156.87,4336690.08,1781493.96
00:12:34.318,18/01/2026,06:43:27,17_T02,39.121432017,10.180333992,0.1,158.76,135.63,-6.843,77.2,38.71,14.74,158.00,4336690.04,1781493.95
00:12:35.327,18/01/2026,06:43:28,17_T02,39.121432639,10.180334040,0.1,158.98,135.66,-6.811,77.2,38.71,14.74,158.00,4336690.05,1781494.02
00:12:36.328,18/01/2026,06:43:29,17_T02,39.121432654,10.180333925,0.1,159.21,135.76,-6.820,77.2,38.70,14.75,158.56,4336690.04,1781494.02
00:12:37.326,18/01/2026,06:43:30,17_T02,39.121432187,10.180333592,0.1,159.57,135.97,-6.867,77.2,38.70,14.75,158.56,4336690.01,1781493.97
00:12:38.328,18/01/2026,06:43:31,17_T02,39.121432509,10.180333300,0.1,160.08,136.19,-6.876,77.2,38.68,14.77,159.28,4336689.98,1781494.00
00:12:39.328,18/01/2026,06:43:32,17_T02,39.121432608,10.180332964,0.1,160.65,136.37,-6.898,77.2,38.68,14.77,159.28,4336689.96,1781494.01
00:12:40.339,18/01/2026,06:43:33,17_T02,39.121432497,10.180332522,0.1,161.19,136.60,-6.938,77.2,38.71,14.73,160.38,4336689.92,1781494.00
00:12:41.330,18/01/2026,06:43:34,17_T02,39.121433271,10.180332339,0.1,161.56,136.92,-6.918,77.2,38.71,14.73,160.38,4336689.90,1781494.09
00:12:42.331,18/01/2026,06:43:35,17_T02,39.121433431,10.180332149,0.1,161.79,137.29,-6.926,77.2,38.71,14.74,161.18,4336689.88,1781494.10
00:12:43.316,18/01/2026,06:43:36,17_T02,39.121432993,10.180331930,0.1,162.02,137.68,-6.963,77.2,38.71,14.74,161.18,4336689.87,1781494.06
00:12:44.318,18/01/2026,06:43:37,17_T02,39.121433074,10.180331608,0.1,162.41,138.15,-6.985,77.2,38.71,14.76,161.70,4336689.84,1781494.06
00:12:45.324,18/01/2026,06:43:38,17_T02,39.121432929,10.180331151,0.1,163.01,138.52,-7.027,77.2,38.71,14.76,161.70,4336689.80,1781494.05
00:12:46.327,18/01/2026,06:43:39,17_T02,39.121432727,10.180330787,0.1,163.68,138.71,-7.065,77.2,38.72,14.75,162.86,4336689.77,1781494.03
00:12:47.328,18/01/2026,06:43:40,17_T02,39.121432686,10.180330469,0.1,164.14,138.98,-7.093,77.2,38.72,14.75,162.86,4336689.74,1781494.02
00:12:48.329,18/01/2026,06:43:41,17_T02,39.121433415,10.180330754,0.1,164.36,139.11,-7.037,77.2,38.72,14.75,163.76,4336689.76,1781494.10
00:12:49.331,18/01/2026,06:43:42,17_T02,39.121433439,10.180330850,0.1,164.54,139.36,-7.028,77.2,38.72,14.75,163.76,4336689.77,1781494.10
00:12:50.329,18/01/2026,06:43:43,17_T02,39.121432817,10.180330683,0.1,164.85,139.76,-7.070,77.2,38.72,14.76,164.19,4336689.76,1781494.04
00:12:51.316,18/01/2026,06:43:44,17_T02,39.121432845,10.180330260,0.1,165.42,140.26,-7.102,77.2,38.72,14.76,164.19,4336689.72,1781494.04
00:12:52.318,18/01/2026,06:43:45,17_T02,39.121432761,10.180329955,0.1,166.10,140.57,-7.130,77.2,38.72,14.76,165.36,4336689.69,1781494.03
00:12:53.320,18/01/2026,06:43:46,17_T02,39.121432674,10.180329772,0.1,166.57,140.83,-7.148,77.2,38.72,14.76,165.36,4336689.68,1781494.02
00:12:54.317,18/01/2026,06:43:47,17_T02,39.121432762,10.180329956,0.1,166.84,140.99,-7.130,77.2,38.72,14.76,165.36,4336689.69,1781494.03
00:12:55.317,18/01/2026,06:43:48,17_T02,39.121433189,10.180330250,0.1,166.96,141.25,-7.087,77.2,38.72,14.76,166.23,4336689.72,1781494.08
00:12:56.319,18/01/2026,06:43:49,17_T02,39.121432989,10.180330285,0.1,167.20,141.63,-7.094,77.2,38.72,14.76,166.23,4336689.72,1781494.06
00:12:57.318,18/01/2026,06:43:50,17_T02,39.121432245,10.180329700,0.1,167.86,142.18,-7.173,77.2,38.72,14.76,166.59,4336689.67,1781493.97
00:12:58.317,18/01/2026,06:43:51,17_T02,39.121432364,10.180329316,0.1,168.71,142.60,-7.199,77.2,38.72,14.76,166.59,4336689.64,1781493.99
00:12:59.330,18/01/2026,06:43:52,17_T02,39.121432575,10.180329109,0.1,169.27,143.10,-7.206,77.2,38.73,14.78,167.94,4336689.62,1781494.01
00:13:00.329,18/01/2026,06:43:53,17_T02,39.121432795,10.180329531,0.1,169.40,143.27,-7.162,77.2,38.73,14.78,167.94,4336689.66,1781494.03
00:13:01.330,18/01/2026,06:43:54,17_T02,39.121433156,10.180330069,0.1,169.32,143.54,-7.103,77.2,38.73,14.78,168.84,4336689.70,1781494.07
00:13:02.324,18/01/2026,06:43:55,17_T02,39.121432734,10.180329979,0.1,169.51,143.96,-7.129,77.2,38.73,14.78,168.84,4336689.70,1781494.03
00:13:03.325,18/01/2026,06:43:56,17_T02,39.121431867,10.180329260,0.1,170.32,144.53,-7.226,77.2,38.73,14.77,168.93,4336689.63,1781493.93
00:13:04.321,18/01/2026,06:43:57,17_T02,39.121431731,10.180328418,0.1,171.32,145.19,-7.299,77.2,38.73,14.77,168.93,4336689.56,1781493.92
00:13:05.319,18/01/2026,06:43:58,17_T02,39.121432135,10.180328361,0.1,171.85,145.68,-7.285,77.2,38.72,14.77,170.56,4336689.55,1781493.96
00:13:06.318,18/01/2026,06:43:59,17_T02,39.121432417,10.180328928,0.1,171.89,145.91,-7.227,77.2,38.72,14.77,170.56,4336689.60,1781493.99
00:13:07.318,18/01/2026,06:44:00,17_T02,39.121432533,10.180329206,0.1,171.76,146.41,-7.200,77.2,38.72,14.78,171.37,4336689.63,1781494.00
00:13:08.319,18/01/2026,06:44:01,17_T02,39.121431965,10.180328819,0.1,171.98,147.00,-7.256,77.2,38.72,14.78,171.37,4336689.59,1781493.94
00:13:09.320,18/01/2026,06:44:02,17_T02,39.121431161,10.180327996,0.1,172.78,147.66,-7.358,77.2,38.73,14.76,171.42,4336689.52,1781493.85
00:13:10.321,18/01/2026,06:44:03,17_T02,39.121430692,10.180327106,0.1,173.69,148.33,-7.450,77.2,38.73,14.76,171.42,4336689.45,1781493.80
00:13:11.324,18/01/2026,06:44:04,17_T02,39.121431389,10.180327153,0.1,174.26,148.81,-7.414,77.2,38.73,14.76,173.02,4336689.45,1781493.88
00:13:12.321,18/01/2026,06:44:05,17_T02,39.121432042,10.180327814,0.1,174.37,149.03,-7.332,77.2,38.73,14.76,173.02,4336689.51,1781493.95
00:13:13.322,18/01/2026,06:44:06,17_T02,39.121431757,10.180327756,0.1,174.33,149.56,-7.350,77.2,38.73,14.76,173.84,4336689.50,1781493.92
00:13:14.321,18/01/2026,06:44:07,17_T02,39.121431073,10.180327203,0.1,174.51,150.17,-7.425,77.2,38.73,14.76,173.84,4336689.45,1781493.84
00:13:15.321,18/01/2026,06:44:08,17_T02,39.121430369,10.180326349,0.1,175.12,150.89,-7.524,77.2,38.73,14.76,173.98,4336689.38,1781493.77
00:13:16.328,18/01/2026,06:44:09,17_T02,39.121429827,10.180325311,0.1,176.02,151.54,-7.631,77.2,38.73,14.76,173.98,4336689.29,1781493.71
00:13:17.329,18/01/2026,06:44:10,17_T02,39.121430476,10.180324780,0.1,176.74,152.13,-7.644,77.2,38.73,14.76,175.43,4336689.24,1781493.78
00:13:18.330,18/01/2026,06:44:11,17_T02,39.121431369,10.180325077,0.1,176.99,152.40,-7.580,77.2,38.73,14.76,175.43,4336689.27,1781493.88
00:13:19.338,18/01/2026,06:44:12,17_T02,39.121431547,10.180325134,0.1,176.97,152.72,-7.568,77.2,38.74,14.76,176.42,4336689.27,1781493.89
00:13:20.330,18/01/2026,06:44:13,17_T02,39.121431747,10.180324611,0.1,177.07,153.11,-7.600,77.2,38.74,14.76,176.42,4336689.23,1781493.92
00:13:21.316,18/01/2026,06:44:14,17_T02,39.121431527,10.180323754,0.1,177.53,153.62,-7.678,77.2,38.74,14.76,176.53,4336689.15,1781493.89
00:13:22.317,18/01/2026,06:44:15,17_T02,39.121431178,10.180322816,0.1,178.33,154.09,-7.768,77.2,38.74,14.76,176.53,4336689.07,1781493.85
00:13:23.316,18/01/2026,06:44:16,17_T02,39.121431684,10.180322357,0.1,179.10,154.47,-7.782,77.2,38.74,14.76,177.81,4336689.03,1781493.91
00:13:24.330,18/01/2026,06:44:17,17_T02,39.121432615,10.180322586,0.1,179.47,154.54,-7.722,77.2,38.74,14.76,177.81,4336689.05,1781494.01
00:13:25.339,18/01/2026,06:44:18,17_T02,39.121433119,10.180322805,0.1,179.57,154.49,-7.682,77.2,38.74,14.76,178.92,4336689.07,1781494.07
00:13:26.328,18/01/2026,06:44:19,17_T02,39.121433529,10.180322587,0.1,179.67,154.56,-7.680,77.2,38.74,14.76,178.92,4336689.05,1781494.11
00:13:27.329,18/01/2026,06:44:20,17_T02,39.121433534,10.180321914,0.1,180.05,154.77,-7.734,77.2,38.74,14.76,179.17,4336688.99,1781494.11
00:13:28.330,18/01/2026,06:44:21,17_T02,39.121433439,10.180321190,0.1,180.78,155.01,-7.795,77.2,38.74,14.76,179.17,4336688.93,1781494.10
00:13:29.327,18/01/2026,06:44:22,17_T02,39.121434028,10.180320844,0.1,181.43,155.10,-7.796,77.2,38.74,14.77,180.29,4336688.90,1781494.17
00:13:30.324,18/01/2026,06:44:23,17_T02,39.121434910,10.180321013,0.1,181.82,155.02,-7.743,77.2,38.74,14.77,180.29,4336688.91,1781494.27
00:13:31.322,18/01/2026,06:44:24,17_T02,39.121435545,10.180321291,0.1,182.03,154.77,-7.692,77.2,38.75,14.76,181.30,4336688.94,1781494.34
00:13:32.321,18/01/2026,06:44:25,17_T02,39.121436166,10.180321122,0.1,182.26,154.65,-7.678,77.2,38.75,14.76,181.30,4336688.92,1781494.40
00:13:33.319,18/01/2026,06:44:26,17_T02,39.121436487,10.180320702,0.1,182.69,154.64,-7.697,77.2,38.74,14.77,181.78,4336688.89,1781494.44
00:13:34.319,18/01/2026,06:44:27,17_T02,39.121436785,10.180320388,0.1,183.23,154.65,-7.708,77.2,38.74,14.77,181.78,4336688.86,1781494.47
00:13:35.318,18/01/2026,06:44:28,17_T02,39.121437485,10.180320537,0.1,183.75,154.47,-7.665,77.2,38.74,14.76,182.79,4336688.87,1781494.55
00:13:36.319,18/01/2026,06:44:29,17_T02,39.121438357,10.180320962,0.1,184.14,154.08,-7.592,77.2,38.74,14.76,182.79,4336688.91,1781494.65
00:13:37.321,18/01/2026,06:44:30,17_T02,39.121439044,10.180321172,0.1,184.52,153.75,-7.544,77.2,38.75,14.76,183.68,4336688.93,1781494.72
00:13:38.321,18/01/2026,06:44:31,17_T02,39.121439580,10.180321118,0.1,184.92,153.59,-7.524,77.2,38.75,14.76,183.68,4336688.92,1781494.78
00:13:39.320,18/01/2026,06:44:32,17_T02,39.121440137,10.180321194,0.1,185.30,153.39,-7.493,77.2,38.75,14.75,184.46,4336688.93,1781494.84
00:13:40.320,18/01/2026,06:44:33,17_T02,39.121440780,10.180321430,0.1,185.66,153.09,-7.445,77.2,38.75,14.75,184.46,4336688.95,1781494.91
00:13:41.322,18/01/2026,06:44:34,17_T02,39.121441482,10.180321688,0.1,186.03,152.76,-7.393,77.2,38.75,14.74,185.21,4336688.97,1781494.99
00:13:42.324,18/01/2026,06:44:35,17_T02,39.121442289,10.180321930,0.1,186.46,152.46,-7.337,77.2,38.75,14.74,185.21,4336688.99,1781495.08
00:13:43.323,18/01/2026,06:44:36,17_T02,39.121443049,10.180322019,0.1,186.97,152.29,-7.296,77.2,38.75,14.73,186.08,4336689.00,1781495.16
00:13:44.325,18/01/2026,06:44:37,17_T02,39.121443690,10.180321981,0.1,187.49,152.21,-7.270,77.2,38.75,14.73,186.08,4336689.00,1781495.23
00:13:45.327,18/01/2026,06:44:38,17_T02,39.121444417,10.180321980,0.1,187.96,152.24,-7.238,77.2,38.76,14.75,187.12,4336689.00,1781495.31
00:13:46.325,18/01/2026,06:44:39,17_T02,39.121444944,10.180322020,0.1,188.27,152.31,-7.211,77.2,38.76,14.75,187.12,4336689.00,1781495.37
00:13:47.326,18/01/2026,06:44:40,17_T02,39.121445382,10.180322113,0.1,188.48,152.40,-7.183,77.2,38.75,14.75,187.79,4336689.01,1781495.42
00:13:48.325,18/01/2026,06:44:41,17_T02,39.121445889,10.180322218,0.1,188.81,152.55,-7.152,77.2,38.75,14.75,187.79,4336689.02,1781495.48
00:13:49.326,18/01/2026,06:44:42,17_T02,39.121446321,10.180322000,0.1,189.37,152.70,-7.150,77.2,38.75,14.76,188.47,4336689.00,1781495.52
00:13:50.328,18/01/2026,06:44:43,17_T02,39.121446798,10.180321871,0.1,190.04,152.61,-7.139,77.2,38.75,14.76,188.47,4336688.99,1781495.58
00:13:51.327,18/01/2026,06:44:44,17_T02,39.121447541,10.180322067,0.1,190.53,152.53,-7.090,77.2,38.76,14.77,189.70,4336689.00,1781495.66
00:13:52.325,18/01/2026,06:44:45,17_T02,39.121448229,10.180322604,0.1,190.69,152.30,-7.016,77.2,38.76,14.77,189.70,4336689.05,1781495.74
00:13:53.326,18/01/2026,06:44:46,17_T02,39.121448603,10.180322920,0.1,190.77,152.07,-6.974,77.2,38.76,14.78,190.16,4336689.08,1781495.78
00:13:54.324,18/01/2026,06:44:47,17_T02,39.121448837,10.180323088,0.1,191.13,151.97,-6.950,77.2,38.76,14.78,190.16,4336689.09,1781495.80
00:13:55.321,18/01/2026,06:44:48,17_T02,39.121449020,10.180322969,0.1,191.86,151.90,-6.951,77.2,38.76,14.80,190.91,4336689.08,1781495.82
00:13:56.320,18/01/2026,06:44:49,17_T02,39.121449441,10.180322849,0.1,192.59,151.79,-6.942,77.2,38.76,14.80,190.91,4336689.07,1781495.87
00:13:57.320,18/01/2026,06:44:50,17_T02,39.121450049,10.180323158,0.1,193.00,151.67,-6.890,77.2,38.77,14.77,192.25,4336689.10,1781495.94
00:13:58.318,18/01/2026,06:44:51,17_T02,39.121450754,10.180323947,0.1,193.16,151.40,-6.795,77.2,38.77,14.77,192.25,4336689.17,1781496.01
00:13:59.318,18/01/2026,06:44:52,17_T02,39.121451033,10.180324389,0.1,193.24,151.22,-6.748,77.2,38.76,14.79,192.63,4336689.20,1781496.04
00:14:00.317,18/01/2026,06:44:53,17_T02,39.121451111,10.180324415,0.1,193.60,151.12,-6.742,77.2,38.76,14.79,192.63,4336689.21,1781496.05
00:14:01.317,18/01/2026,06:44:54,17_T02,39.121451168,10.180324305,0.1,194.26,151.09,-6.748,77.2,38.77,14.80,193.38,4336689.20,1781496.06
00:14:02.317,18/01/2026,06:44:55,17_T02,39.121451392,10.180324380,0.1,194.92,151.03,-6.732,77.2,38.77,14.80,193.38,4336689.20,1781496.08
00:14:03.314,18/01/2026,06:44:56,17_T02,39.121451894,10.180324795,0.1,195.34,151.02,-6.677,77.2,38.77,14.80,193.38,4336689.24,1781496.14
00:14:04.329,18/01/2026,06:44:57,17_T02,39.121452653,10.180325512,0.1,195.60,150.96,-6.586,77.2,38.77,14.78,194.61,4336689.30,1781496.22
00:14:05.328,18/01/2026,06:44:58,17_T02,39.121452886,10.180325781,0.1,195.80,151.06,-6.554,77.2,38.77,14.78,194.61,4336689.33,1781496.25
00:14:06.328,18/01/2026,06:44:59,17_T02,39.121452725,10.180325645,0.1,196.18,151.34,-6.572,77.2,38.77,14.79,195.16,4336689.31,1781496.23
00:14:07.329,18/01/2026,06:45:00,17_T02,39.121452806,10.180325612,0.1,196.78,151.70,-6.571,77.2,38.77,14.79,195.16,4336689.31,1781496.24
00:14:08.330,18/01/2026,06:45:01,17_T02,39.121453032,10.180325816,0.1,197.38,151.88,-6.544,77.2,38.76,14.80,195.99,4336689.33,1781496.27
00:14:09.315,18/01/2026,06:45:02,17_T02,39.121453447,10.180326456,0.1,197.72,151.94,-6.475,77.2,38.76,14.80,195.99,4336689.38,1781496.31
00:14:10.318,18/01/2026,06:45:03,17_T02,39.121453775,10.180327217,0.1,198.03,152.02,-6.399,77.2,38.78,14.78,197.03,4336689.45,1781496.35
00:14:11.320,18/01/2026,06:45:04,17_T02,39.121453784,10.180327406,0.1,198.36,152.36,-6.384,77.2,38.78,14.78,197.03,4336689.47,1781496.35
00:14:12.321,18/01/2026,06:45:05,17_T02,39.121453652,10.180327414,0.1,198.75,152.78,-6.389,77.2,38.77,14.79,197.67,4336689.47,1781496.33
00:14:13.324,18/01/2026,06:45:06,17_T02,39.121453672,10.180327631,0.1,199.19,153.19,-6.371,77.2,38.77,14.79,197.67,4336689.49,1781496.34
00:14:14.322,18/01/2026,06:45:07,17_T02,39.121453765,10.180327984,0.1,199.66,153.49,-6.339,77.2,38.77,14.79,198.49,4336689.52,1781496.35
00:14:15.321,18/01/2026,06:45:08,17_T02,39.121453921,10.180328436,0.1,200.11,153.80,-6.296,77.2,38.77,14.79,198.49,4336689.56,1781496.36
00:14:16.323,18/01/2026,06:45:09,17_T02,39.121454089,10.180328942,0.1,200.50,154.19,-6.248,77.2,38.78,14.78,199.43,4336689.60,1781496.38
00:14:17.328,18/01/2026,06:45:10,17_T02,39.121454142,10.180329281,0.1,200.83,154.65,-6.219,77.2,38.78,14.78,199.43,4336689.63,1781496.39
00:14:18.327,18/01/2026,06:45:11,17_T02,39.121454056,10.180329400,0.1,201.25,155.19,-6.214,77.2,38.78,14.78,200.19,4336689.64,1781496.38
00:14:19.328,18/01/2026,06:45:12,17_T02,39.121454068,10.180329468,0.1,201.80,155.72,-6.208,77.2,38.78,14.78,200.19,4336689.65,1781496.38
00:14:20.329,18/01/2026,06:45:13,17_T02,39.121454112,10.180329654,0.1,202.30,156.18,-6.191,77.2,38.76,14.79,201.14,4336689.66,1781496.39
00:14:21.337,18/01/2026,06:45:14,17_T02,39.121454209,10.180330208,0.1,202.60,156.54,-6.142,77.2,38.76,14.79,201.14,4336689.71,1781496.40
00:14:22.327,18/01/2026,06:45:15,17_T02,39.121454411,10.180330701,0.1,202.82,156.93,-6.094,77.2,38.78,14.77,201.98,4336689.75,1781496.42
00:14:23.336,18/01/2026,06:45:16,17_T02,39.121454368,10.180330888,0.1,203.13,157.46,-6.081,77.2,38.78,14.77,201.98,4336689.77,1781496.41
00:14:24.327,18/01/2026,06:45:17,17_T02,39.121454117,10.180330579,0.1,203.72,158.12,-6.117,77.2,38.78,14.78,202.53,4336689.74,1781496.39
00:14:25.329,18/01/2026,06:45:18,17_T02,39.121454003,10.180330466,0.1,204.41,158.74,-6.131,77.2,38.78,14.78,202.53,4336689.73,1781496.37
00:14:26.329,18/01/2026,06:45:19,17_T02,39.121454214,10.180330548,0.1,204.83,159.26,-6.115,77.2,38.77,14.77,203.76,4336689.74,1781496.40
00:14:27.329,18/01/2026,06:45:20,17_T02,39.121454406,10.180331011,0.1,205.09,159.64,-6.070,77.2,38.77,14.77,203.76,4336689.78,1781496.42
00:14:28.330,18/01/2026,06:45:21,17_T02,39.121454235,10.180331188,0.1,205.26,160.14,-6.063,77.2,38.78,14.78,204.47,4336689.80,1781496.40
00:14:29.335,18/01/2026,06:45:22,17_T02,39.121453957,10.180331303,0.1,205.53,160.74,-6.067,77.2,38.78,14.78,204.47,4336689.81,1781496.37
00:14:30.324,18/01/2026,06:45:23,17_T02,39.121453662,10.180331046,0.1,206.07,161.43,-6.101,77.2,38.79,14.79,204.94,4336689.78,1781496.34
00:14:31.325,18/01/2026,06:45:24,17_T02,39.121453460,10.180330911,0.1,206.77,161.93,-6.120,77.2,38.79,14.79,204.94,4336689.77,1781496.31
00:14:32.323,18/01/2026,06:45:25,17_T02,39.121453641,10.180330829,0.1,207.38,162.42,-6.119,77.2,38.77,14.76,206.16,4336689.76,1781496.33
00:14:33.321,18/01/2026,06:45:26,17_T02,39.121453860,10.180331117,0.1,207.73,162.86,-6.086,77.2,38.77,14.76,206.16,4336689.79,1781496.36
00:14:34.319,18/01/2026,06:45:27,17_T02,39.121453784,10.180331403,0.1,207.87,163.29,-6.067,77.2,38.79,14.77,207.13,4336689.81,1781496.35
00:14:35.317,18/01/2026,06:45:28,17_T02,39.121453667,10.180331551,0.1,208.02,163.91,-6.060,77.2,38.79,14.77,207.13,4336689.83,1781496.34
00:14:36.317,18/01/2026,06:45:29,17_T02,39.121453327,10.180331179,0.1,208.44,164.67,-6.105,77.2,38.78,14.76,207.45,4336689.80,1781496.30
00:14:37.318,18/01/2026,06:45:30,17_T02,39.121452939,10.180330620,0.1,209.13,165.42,-6.167,77.2,38.78,14.76,207.45,4336689.75,1781496.26
00:14:38.319,18/01/2026,06:45:31,17_T02,39.121453049,10.180330276,0.1,209.85,166.09,-6.189,77.2,38.77,14.76,208.62,4336689.72,1781496.27
00:14:39.317,18/01/2026,06:45:32,17_T02,39.121453387,10.180330635,0.1,210.17,166.62,-6.146,77.2,38.77,14.76,208.62,4336689.75,1781496.31
00:14:40.316,18/01/2026,06:45:33,17_T02,39.121453431,10.180331228,0.1,210.29,166.95,-6.097,77.2,38.78,14.76,209.58,4336689.80,1781496.31
00:14:41.320,18/01/2026,06:45:34,17_T02,39.121453192,10.180331043,0.1,210.50,167.54,-6.122,77.2,38.78,14.76,209.58,4336689.78,1781496.28
00:14:42.321,18/01/2026,06:45:35,17_T02,39.121452770,10.180330440,0.1,210.94,168.31,-6.189,77.2,38.78,14.76,209.97,4336689.73,1781496.24
00:14:43.321,18/01/2026,06:45:36,17_T02,39.121452400,10.180329936,0.1,211.61,169.04,-6.246,77.2,38.78,14.76,209.97,4336689.69,1781496.20
00:14:44.320,18/01/2026,06:45:37,17_T02,39.121452476,10.180329993,0.1,212.23,169.68,-6.238,77.2,38.78,14.75,211.14,4336689.69,1781496.21
00:14:45.318,18/01/2026,06:45:38,17_T02,39.121452742,10.180330601,0.1,212.55,170.15,-6.177,77.2,38.78,14.75,211.14,4336689.74,1781496.23
00:14:46.316,18/01/2026,06:45:39,17_T02,39.121452792,10.180331063,0.1,212.72,170.53,-6.138,77.2,38.78,14.76,211.99,4336689.79,1781496.24
00:14:47.317,18/01/2026,06:45:40,17_T02,39.121452555,10.180331494,0.1,212.93,171.09,-6.115,77.2,38.78,14.76,211.99,4336689.82,1781496.21
00:14:48.316,18/01/2026,06:45:41,17_T02,39.121452187,10.180331283,0.1,213.35,171.79,-6.148,77.2,38.78,14.76,212.42,4336689.80,1781496.17
00:14:49.316,18/01/2026,06:45:42,17_T02,39.121451924,10.180330865,0.1,213.99,172.39,-6.193,77.2,38.78,14.76,212.42,4336689.77,1781496.14
00:14:50.316,18/01/2026,06:45:43,17_T02,39.121452146,10.180331032,0.1,214.68,172.81,-6.170,77.2,38.76,14.75,213.59,4336689.78,1781496.17
00:14:51.331,18/01/2026,06:45:44,17_T02,39.121452501,10.180331476,0.1,215.13,173.16,-6.119,77.2,38.76,14.75,213.59,4336689.82,1781496.21
00:14:52.314,18/01/2026,06:45:45,17_T02,39.121452621,10.180332035,0.1,215.31,173.44,-6.069,77.2,38.79,14.74,214.58,4336689.87,1781496.22
00:14:53.316,18/01/2026,06:45:46,17_T02,39.121452594,10.180332417,0.1,215.46,173.92,-6.040,77.2,38.79,14.74,214.58,4336689.90,1781496.22
00:14:54.315,18/01/2026,06:45:47,17_T02,39.121452373,10.180332307,0.1,215.76,174.53,-6.059,77.2,38.78,14.74,214.95,4336689.89,1781496.19
00:14:55.329,18/01/2026,06:45:48,17_T02,39.121452176,10.180331613,0.1,216.33,175.25,-6.123,77.2,38.78,14.74,214.95,4336689.83,1781496.17
00:14:56.331,18/01/2026,06:45:49,17_T02,39.121452180,10.180331622,0.1,217.12,175.67,-6.122,77.2,38.77,14.74,216.04,4336689.83,1781496.17
00:14:57.326,18/01/2026,06:45:50,17_T02,39.121452478,10.180331886,0.1,217.63,176.06,-6.087,77.2,38.77,14.74,216.04,4336689.86,1781496.21
00:14:58.324,18/01/2026,06:45:51,17_T02,39.121452743,10.180332403,0.1,217.90,176.36,-6.034,77.2,38.79,14.73,217.14,4336689.90,1781496.24
00:14:59.323,18/01/2026,06:45:52,17_T02,39.121453135,10.180332720,0.1,218.04,176.77,-5.991,77.2,38.79,14.73,217.14,4336689.93,1781496.28
00:15:00.317,18/01/2026,06:45:53,17_T02,39.121453137,10.180332514,0.1,218.17,177.32,-6.008,77.2,38.78,14.73,217.49,4336689.91,1781496.28
00:15:01.316,18/01/2026,06:45:54,17_T02,39.121452978,10.180331779,0.1,218.57,178.00,-6.073,77.2,38.78,14.73,217.49,4336689.85,1781496.26
00:15:02.330,18/01/2026,06:45:55,17_T02,39.121453163,10.180330854,0.1,219.33,178.53,-6.138,77.2,38.79,14.73,218.34,4336689.77,1781496.28
00:15:03.330,18/01/2026,06:45:56,17_T02,39.121453530,10.180330448,0.1,220.08,178.94,-6.154,77.2,38.79,14.73,218.34,4336689.73,1781496.32
00:15:04.327,18/01/2026,06:45:57,17_T02,39.121453885,10.180330839,0.1,220.48,179.22,-6.107,77.2,38.79,14.71,219.69,4336689.77,1781496.36
00:15:05.328,18/01/2026,06:45:58,17_T02,39.121454309,10.180331122,0.1,220.65,179.35,-6.065,77.2,38.79,14.71,219.69,4336689.79,1781496.41
00:15:06.326,18/01/2026,06:45:59,17_T02,39.121454342,10.180330761,0.1,220.81,179.65,-6.093,77.2,38.78,14.72,220.14,4336689.76,1781496.41
00:15:07.328,18/01/2026,06:46:00,17_T02,39.121454126,10.180330128,0.1,221.11,180.02,-6.153,77.2,38.78,14.72,220.14,4336689.70,1781496.39
00:15:08.328,18/01/2026,06:46:01,17_T02,39.121454173,10.180329334,0.1,221.61,180.46,-6.213,77.2,38.78,14.74,220.78,4336689.63,1781496.39
00:15:09.329,18/01/2026,06:46:02,17_T02,39.121454285,10.180328907,0.1,222.25,180.75,-6.242,77.2,38.78,14.74,220.78,4336689.60,1781496.40
00:15:10.328,18/01/2026,06:46:03,17_T02,39.121454553,10.180328861,0.1,222.80,180.99,-6.234,77.2,38.78,14.71,222.01,4336689.59,1781496.43
00:15:11.326,18/01/2026,06:46:04,17_T02,39.121455012,10.180329029,0.1,223.21,181.23,-6.200,77.2,38.78,14.71,222.01,4336689.61,1781496.48
00:15:12.326,18/01/2026,06:46:05,17_T02,39.121455298,10.180328791,0.1,223.61,181.66,-6.206,77.2,38.79,14.71,222.89,4336689.59,1781496.52
00:15:13.327,18/01/2026,06:46:06,17_T02,39.121455285,10.180328252,0.1,223.88,182.19,-6.249,77.2,38.79,14.71,222.89,4336689.54,1781496.51
00:15:14.327,18/01/2026,06:46:07,17_T02,39.121455220,10.180327957,0.1,224.09,182.62,-6.276,77.2,38.79,14.71,222.89,4336689.51,1781496.51
00:15:15.328,18/01/2026,06:46:08,17_T02,39.121455180,10.180327523,0.1,224.39,183.08,-6.312,77.2,38.78,14.73,223.40,4336689.48,1781496.50
00:15:16.326,18/01/2026,06:46:09,17_T02,39.121455247,10.180326852,0.1,224.91,183.60,-6.362,77.2,38.78,14.73,223.40,4336689.42,1781496.51
00:15:17.330,18/01/2026,06:46:10,17_T02,39.121455171,10.180326456,0.1,225.59,183.95,-6.397,77.2,38.78,14.73,224.11,4336689.38,1781496.50
00:15:18.330,18/01/2026,06:46:11,17_T02,39.121455381,10.180326276,0.1,226.18,184.36,-6.402,77.2,38.78,14.73,224.11,4336689.37,1781496.53
00:15:19.331,18/01/2026,06:46:12,17_T02,39.121455631,10.180326529,0.1,226.44,184.66,-6.370,77.2,38.79,14.70,225.41,4336689.39,1781496.55
00:15:20.328,18/01/2026,06:46:13,17_T02,39.121455273,10.180326909,0.1,226.65,185.01,-6.356,77.2,38.79,14.70,225.41,4336689.42,1781496.51
00:15:21.327,18/01/2026,06:46:14,17_T02,39.121454977,10.180326597,0.1,226.90,185.54,-6.395,77.2,38.79,14.72,226.00,4336689.40,1781496.48
00:15:22.326,18/01/2026,06:46:15,17_T02,39.121454860,10.180326051,0.1,227.26,186.05,-6.443,77.2,38.79,14.72,226.00,4336689.35,1781496.47
00:15:23.325,18/01/2026,06:46:16,17_T02,39.121454648,10.180325776,0.1,227.83,186.59,-6.475,77.2,38.79,14.73,226.56,4336689.32,1781496.44
00:15:24.323,18/01/2026,06:46:17,17_T02,39.121454690,10.180325635,0.1,228.57,186.85,-6.484,77.2,38.79,14.73,226.56,4336689.31,1781496.45
00:15:25.321,18/01/2026,06:46:18,17_T02,39.121455045,10.180325572,0.1,229.15,187.22,-6.473,77.2,38.79,14.70,227.82,4336689.31,1781496.49
00:15:26.318,18/01/2026,06:46:19,17_T02,39.121455280,10.180326673,0.1,229.41,187.43,-6.375,77.2,38.79,14.70,227.82,4336689.40,1781496.51
00:15:27.317,18/01/2026,06:46:20,17_T02,39.121455186,10.180327037,0.1,229.51,187.66,-6.350,77.2,38.80,14.70,228.75,4336689.43,1781496.50
00:15:28.316,18/01/2026,06:46:21,17_T02,39.121454942,10.180326736,0.1,229.63,187.90,-6.385,77.2,38.80,14.70,228.75,4336689.41,1781496.48
00:15:29.328,18/01/2026,06:46:22,17_T02,39.121454728,10.180326541,0.1,230.07,188.21,-6.410,77.2,38.79,14.70,229.02,4336689.39,1781496.45
00:15:30.326,18/01/2026,06:46:23,17_T02,39.121454662,10.180326326,0.1,230.81,188.31,-6.430,77.2,38.79,14.70,229.02,4336689.37,1781496.45
00:15:31.322,18/01/2026,06:46:24,17_T02,39.121454805,10.180326467,0.1,231.45,188.28,-6.413,77.2,38.78,14.71,230.12,4336689.38,1781496.46
00:15:32.320,18/01/2026,06:46:25,17_T02,39.121455098,10.180327748,0.1,231.83,188.20,-6.298,77.2,38.78,14.71,230.12,4336689.50,1781496.49
00:15:33.318,18/01/2026,06:46:26,17_T02,39.121455144,10.180328576,0.1,232.07,188.15,-6.230,77.2,38.80,14.69,231.21,4336689.57,1781496.50
00:15:34.330,18/01/2026,06:46:27,17_T02,39.121454987,10.180328372,0.1,232.27,188.27,-6.253,77.2,38.80,14.69,231.21,4336689.55,1781496.48
00:15:35.316,18/01/2026,06:46:28,17_T02,39.121454788,10.180328443,0.1,232.59,188.44,-6.256,77.2,38.79,14.71,231.66,4336689.56,1781496.46
00:15:36.320,18/01/2026,06:46:29,17_T02,39.121454698,10.180328199,0.1,233.08,188.76,-6.280,77.2,38.79,14.71,231.66,4336689.54,1781496.45
00:15:37.321,18/01/2026,06:46:30,17_T02,39.121454745,10.180327940,0.1,233.76,188.99,-6.298,77.2,38.77,14.72,232.48,4336689.51,1781496.46
00:15:38.324,18/01/2026,06:46:31,17_T02,39.121455046,10.180328238,0.1,234.41,189.26,-6.261,77.2,38.77,14.72,232.48,4336689.54,1781496.49
00:15:39.322,18/01/2026,06:46:32,17_T02,39.121455244,10.180328672,0.1,234.79,189.57,-6.218,77.2,38.79,14.66,233.80,4336689.58,1781496.51
00:15:40.322,18/01/2026,06:46:33,17_T02,39.121455172,10.180328929,0.1,234.92,189.75,-6.201,77.2,38.79,14.66,233.80,4336689.60,1781496.50
00:15:41.327,18/01/2026,06:46:34,17_T02,39.121455110,10.180329247,0.1,234.99,189.93,-6.178,77.2,38.80,14.68,234.32,4336689.63,1781496.50
00:15:42.330,18/01/2026,06:46:35,17_T02,39.121454991,10.180328948,0.1,235.34,190.18,-6.207,77.2,38.80,14.68,234.32,4336689.60,1781496.48
00:15:43.315,18/01/2026,06:46:36,17_T02,39.121454925,10.180328352,0.1,236.07,190.39,-6.258,77.2,38.80,14.68,234.80,4336689.55,1781496.48
00:15:44.316,18/01/2026,06:46:37,17_T02,39.121455058,10.180328154,0.1,236.83,190.61,-6.267,77.2,38.80,14.68,234.80,4336689.53,1781496.49
00:15:45.318,18/01/2026,06:46:38,17_T02,39.121455289,10.180329006,0.1,237.21,190.69,-6.189,77.2,38.79,14.67,236.26,4336689.61,1781496.52
00:15:46.319,18/01/2026,06:46:39,17_T02,39.121455300,10.180329879,0.1,237.34,190.61,-6.119,77.2,38.79,14.67,236.26,4336689.68,1781496.52
00:15:47.319,18/01/2026,06:46:40,17_T02,39.121455125,10.180329806,0.1,237.53,190.70,-6.133,77.2,38.79,14.68,236.77,4336689.68,1781496.50
00:15:48.319,18/01/2026,06:46:41,17_T02,39.121455280,10.180329631,0.1,237.96,190.88,-6.140,77.2,38.79,14.68,236.77,4336689.66,1781496.51
00:15:49.318,18/01/2026,06:46:42,17_T02,39.121455330,10.180329449,0.1,238.60,190.96,-6.152,77.2,38.80,14.69,237.46,4336689.64,1781496.52
00:15:50.317,18/01/2026,06:46:43,17_T02,39.121455352,10.180329512,0.1,239.19,191.00,-6.146,77.2,38.80,14.69,237.46,4336689.65,1781496.52
00:15:51.316,18/01/2026,06:46:44,17_T02,39.121455356,10.180330112,0.1,239.53,190.91,-6.098,77.2,38.80,14.67,238.65,4336689.70,1781496.52
00:15:52.316,18/01/2026,06:46:45,17_T02,39.121455317,10.180330652,0.1,239.77,190.77,-6.057,77.2,38.80,14.67,238.65,4336689.75,1781496.52
00:15:53.314,18/01/2026,06:46:46,17_T02,39.121455235,10.180330641,0.1,240.07,190.79,-6.062,77.2,38.79,14.68,239.24,4336689.75,1781496.51
00:15:54.328,18/01/2026,06:46:47,17_T02,39.121455435,10.180330832,0.1,240.50,190.90,-6.038,77.2,38.79,14.68,239.24,4336689.76,1781496.53
00:15:55.327,18/01/2026,06:46:48,17_T02,39.121455500,10.180330953,0.1,241.02,190.99,-6.025,77.2,38.78,14.69,240.05,4336689.77,1781496.54
00:15:56.329,18/01/2026,06:46:49,17_T02,39.121455515,10.180331144,0.1,241.53,190.98,-6.009,77.2,38.78,14.69,240.05,4336689.79,1781496.54
00:15:57.327,18/01/2026,06:46:50,17_T02,39.121455657,10.180331918,0.1,242.00,190.94,-5.941,77.2,38.80,14.67,241.09,4336689.86,1781496.56
00:15:58.327,18/01/2026,06:46:51,17_T02,39.121455735,10.180332429,0.1,242.33,191.00,-5.897,77.2,38.80,14.67,241.09,4336689.90,1781496.57
00:15:59.325,18/01/2026,06:46:52,17_T02,39.121455643,10.180332628,0.1,242.59,191.06,-5.886,77.2,38.80,14.67,241.82,4336689.92,1781496.56
00:16:00.324,18/01/2026,06:46:53,17_T02,39.121455545,10.180332986,0.1,242.93,191.18,-5.862,77.2,38.80,14.67,241.82,4336689.95,1781496.54
00:16:01.320,18/01/2026,06:46:54,17_T02,39.121455482,10.180333108,0.1,243.39,191.31,-5.855,77.2,38.79,14.68,242.49,4336689.96,1781496.54
00:16:02.321,18/01/2026,06:46:55,17_T02,39.121455475,10.180333186,0.1,243.95,191.36,-5.849,77.2,38.79,14.68,242.49,4336689.97,1781496.54
00:16:03.321,18/01/2026,06:46:56,17_T02,39.121455780,10.180333723,0.1,244.46,191.40,-5.792,77.2,38.80,14.66,243.57,4336690.02,1781496.57
00:16:04.319,18/01/2026,06:46:57,17_T02,39.121455884,10.180334299,0.1,244.82,191.40,-5.742,77.2,38.80,14.66,243.57,4336690.07,1781496.58
00:16:05.319,18/01/2026,06:46:58,17_T02,39.121455771,10.180334577,0.1,245.08,191.43,-5.725,77.2,38.80,14.66,244.32,4336690.09,1781496.57
00:16:06.319,18/01/2026,06:46:59,17_T02,39.121455717,10.180334980,0.1,245.38,191.52,-5.696,77.2,38.80,14.66,244.32,4336690.13,1781496.56
00:16:07.320,18/01/2026,06:47:00,17_T02,39.121455677,10.180335017,0.1,245.84,191.68,-5.694,77.2,38.80,14.68,244.97,4336690.13,1781496.56
00:16:08.318,18/01/2026,06:47:01,17_T02,39.121455636,10.180335083,0.1,246.39,191.74,-5.691,77.2,38.80,14.68,244.97,4336690.13,1781496.56
00:16:09.316,18/01/2026,06:47:02,17_T02,39.121455877,10.180335883,0.1,246.86,191.68,-5.617,77.2,38.80,14.66,246.02,4336690.20,1781496.58
00:16:10.315,18/01/2026,06:47:03,17_T02,39.121455912,10.180336606,0.1,247.26,191.58,-5.558,77.2,38.80,14.66,246.02,4336690.27,1781496.59
00:16:11.316,18/01/2026,06:47:04,17_T02,39.121455806,10.180336728,0.1,247.66,191.66,-5.553,77.2,38.80,14.66,246.88,4336690.28,1781496.57
00:16:12.318,18/01/2026,06:47:05,17_T02,39.121455767,10.180337038,0.1,248.05,191.83,-5.530,77.2,38.80,14.66,246.88,4336690.30,1781496.57
00:16:13.318,18/01/2026,06:47:06,17_T02,39.121455666,10.180337285,0.1,248.35,191.92,-5.515,77.2,38.80,14.65,247.61,4336690.33,1781496.56
00:16:14.317,18/01/2026,06:47:07,17_T02,39.121455500,10.180337500,0.1,248.64,191.92,-5.505,77.2,38.80,14.65,247.61,4336690.34,1781496.54
00:16:15.317,18/01/2026,06:47:08,17_T02,39.121455582,10.180337923,0.1,249.07,191.91,-5.468,77.2,38.81,14.66,248.27,4336690.38,1781496.55
00:16:16.317,18/01/2026,06:47:09,17_T02,39.121455648,10.180338075,0.1,249.69,191.91,-5.453,77.2,38.81,14.66,248.27,4336690.39,1781496.56
00:16:17.318,18/01/2026,06:47:10,17_T02,39.121455694,10.180338130,0.1,250.30,191.99,-5.446,77.2,38.80,14.65,249.45,4336690.40,1781496.56
00:16:18.320,18/01/2026,06:47:11,17_T02,39.121455619,10.180338353,0.1,250.64,192.10,-5.432,77.2,38.80,14.65,249.45,4336690.42,1781496.55
00:16:19.318,18/01/2026,06:47:12,17_T02,39.121455399,10.180339128,0.1,250.87,192.09,-5.380,77.2,38.81,14.66,250.18,4336690.49,1781496.53
00:16:20.318,18/01/2026,06:47:13,17_T02,39.121455165,10.180339286,0.1,251.09,192.20,-5.378,77.2,38.81,14.66,250.18,4336690.50,1781496.50
00:16:21.318,18/01/2026,06:47:14,17_T02,39.121454964,10.180338907,0.1,251.52,192.41,-5.418,77.2,38.80,14.69,250.72,4336690.47,1781496.48
00:16:22.318,18/01/2026,06:47:15,17_T02,39.121455026,10.180339018,0.1,252.12,192.55,-5.406,77.2,38.80,14.69,250.72,4336690.48,1781496.49
00:16:23.321,18/01/2026,06:47:16,17_T02,39.121455042,10.180339301,0.1,252.66,192.55,-5.383,77.2,38.80,14.66,251.88,4336690.50,1781496.49
00:16:24.319,18/01/2026,06:47:17,17_T02,39.121454947,10.180339714,0.1,253.05,192.47,-5.354,77.2,38.80,14.66,251.88,4336690.54,1781496.48
00:16:25.320,18/01/2026,06:47:18,17_T02,39.121454999,10.180340292,0.1,253.37,192.49,-5.306,77.2,38.80,14.66,251.88,4336690.59,1781496.49
00:16:26.321,18/01/2026,06:47:19,17_T02,39.121454951,10.180340326,0.1,253.70,192.60,-5.306,77.2,38.80,14.66,252.67,4336690.59,1781496.48
00:16:27.322,18/01/2026,06:47:20,17_T02,39.121454803,10.180340057,0.1,254.14,192.72,-5.333,77.2,38.80,14.66,252.67,4336690.57,1781496.46
00:16:28.320,18/01/2026,06:47:21,17_T02,39.121454875,10.180340449,0.0,254.60,192.74,-5.299,77.2,38.80,14.66,253.39,4336690.60,1781496.47
00:16:29.317,18/01/2026,06:47:22,17_T02,39.121454839,10.180340913,0.0,255.05,192.63,-5.264,77.2,38.80,14.66,253.39,4336690.64,1781496.47
00:16:30.315,18/01/2026,06:47:23,17_T02,39.121454709,10.180341147,0.0,255.40,192.55,-5.251,77.2,38.80,14.66,254.33,4336690.66,1781496.45
00:16:31.314,18/01/2026,06:47:24,17_T02,39.121454903,10.180341651,0.0,255.68,192.51,-5.202,77.2,38.80,14.66,254.33,4336690.71,1781496.48
00:16:32.315,18/01/2026,06:47:25,17_T02,39.121454949,10.180341648,0.0,256.10,192.60,-5.201,77.2,38.80,14.66,255.00,4336690.71,1781496.48
00:16:33.331,18/01/2026,06:47:26,17_T02,39.121454922,10.180341351,0.0,256.74,192.72,-5.225,77.2,38.80,14.66,255.00,4336690.68,1781496.48
00:16:34.315,18/01/2026,06:47:27,17_T02,39.121455039,10.180341736,0.0,257.28,192.81,-5.190,77.2,38.79,14.66,255.98,4336690.71,1781496.49
00:16:35.316,18/01/2026,06:47:28,17_T02,39.121454956,10.180342242,0.0,257.60,192.80,-5.153,77.2,38.79,14.66,255.98,4336690.76,1781496.48
00:16:36.318,18/01/2026,06:47:29,17_T02,39.121454702,10.180342457,0.0,257.73,192.69,-5.147,77.2,38.81,14.65,256.94,4336690.78,1781496.45
00:16:37.318,18/01/2026,06:47:30,17_T02,39.121454464,10.180342361,0.0,257.89,192.58,-5.166,77.2,38.81,14.65,256.94,4336690.77,1781496.43
00:16:38.320,18/01/2026,06:47:31,17_T02,39.121454607,10.180342305,0.0,258.43,192.65,-5.164,77.2,38.80,14.66,257.26,4336690.76,1781496.44
00:16:39.321,18/01/2026,06:47:32,17_T02,39.121454731,10.180342036,0.0,259.26,192.68,-5.180,77.2,38.80,14.66,257.26,4336690.74,1781496.46
00:16:40.321,18/01/2026,06:47:33,17_T02,39.121454809,10.180341937,0.0,259.93,192.74,-5.184,77.2,38.78,14.66,258.54,4336690.73,1781496.47
00:16:41.324,18/01/2026,06:47:34,17_T02,39.121454871,10.180342755,0.0,260.18,192.66,-5.116,77.2,38.78,14.66,258.54,4336690.80,1781496.47
00:16:42.325,18/01/2026,06:47:35,17_T02,39.121454694,10.180342961,0.0,260.18,192.60,-5.108,77.2,38.82,14.64,259.54,4336690.82,1781496.45
00:16:43.327,18/01/2026,06:47:36,17_T02,39.121454342,10.180342476,0.0,260.27,192.54,-5.162,77.2,38.82,14.64,259.54,4336690.78,1781496.41
00:16:44.329,18/01/2026,06:47:37,17_T02,39.121454262,10.180342101,0.0,260.79,192.57,-5.196,77.2,38.80,14.65,259.67,4336690.75,1781496.40
00:16:45.329,18/01/2026,06:47:38,17_T02,39.121454262,10.180341581,0.0,261.59,192.65,-5.237,77.2,38.80,14.65,259.67,4336690.70,1781496.40
00:16:46.330,18/01/2026,06:47:39,17_T02,39.121454316,10.180341382,0.0,262.31,192.69,-5.250,77.2,38.78,14.65,260.95,4336690.68,1781496.41
00:16:47.317,18/01/2026,06:47:40,17_T02,39.121454549,10.180342031,0.0,262.67,192.74,-5.188,77.2,38.78,14.65,260.95,4336690.74,1781496.44
00:16:48.316,18/01/2026,06:47:41,17_T02,39.121454473,10.180342240,0.0,262.77,192.76,-5.175,77.2,38.81,14.63,262.04,4336690.76,1781496.43
00:16:49.315,18/01/2026,06:47:42,17_T02,39.121454191,10.180341579,0.0,262.94,192.90,-5.240,77.2,38.81,14.63,262.04,4336690.70,1781496.40
00:16:50.315,18/01/2026,06:47:43,17_T02,39.121454033,10.180341175,0.0,263.31,193.08,-5.279,77.2,38.80,14.64,262.35,4336690.66,1781496.38
00:16:51.315,18/01/2026,06:47:44,17_T02,39.121453921,10.180340650,0.0,263.87,193.27,-5.326,77.2,38.80,14.64,262.35,4336690.62,1781496.37
00:16:52.314,18/01/2026,06:47:45,17_T02,39.121453769,10.180340215,0.0,264.50,193.35,-5.368,77.2,38.76,14.67,263.29,4336690.58,1781496.35
00:16:53.326,18/01/2026,06:47:46,17_T02,39.121453730,10.180340072,0.0,264.98,193.41,-5.381,77.2,38.76,14.67,263.29,4336690.57,1781496.35
00:16:54.326,18/01/2026,06:47:47,17_T02,39.121453845,10.180340413,0.0,265.33,193.48,-5.348,77.2,38.80,14.62,264.39,4336690.60,1781496.36
00:16:55.322,18/01/2026,06:47:48,17_T02,39.121453817,10.180340051,0.0,265.65,193.67,-5.378,77.2,38.80,14.62,264.39,4336690.57,1781496.36
00:16:56.320,18/01/2026,06:47:49,17_T02,39.121453619,10.180339287,0.0,266.00,193.89,-5.448,77.2,38.80,14.63,265.08,4336690.50,1781496.33
00:16:57.317,18/01/2026,06:47:50,17_T02,39.121453610,10.180339188,0.0,266.41,194.01,-5.456,77.2,38.80,14.63,265.08,4336690.49,1781496.33
00:16:58.315,18/01/2026,06:47:51,17_T02,39.121453490,10.180339088,0.0,266.80,193.99,-5.470,77.2,38.79,14.64,265.86,4336690.48,1781496.32
00:16:59.329,18/01/2026,06:47:52,17_T02,39.121453260,10.180338874,0.0,267.22,193.83,-5.497,77.2,38.79,14.64,265.86,4336690.46,1781496.29
00:17:00.314,18/01/2026,06:47:53,17_T02,39.121453354,10.180339046,0.0,267.69,193.71,-5.479,77.2,38.79,14.62,266.67,4336690.48,1781496.30
00:17:01.314,18/01/2026,06:47:54,17_T02,39.121453404,10.180338929,0.0,268.25,193.62,-5.486,77.2,38.79,14.62,266.67,4336690.47,1781496.31
00:17:02.330,18/01/2026,06:47:55,17_T02,39.121453330,10.180338525,0.0,268.81,193.57,-5.522,77.2,38.80,14.60,267.74,4336690.43,1781496.30
00:17:03.316,18/01/2026,06:47:56,17_T02,39.121453120,10.180338871,0.0,269.11,193.42,-5.504,77.2,38.80,14.60,267.74,4336690.46,1781496.28
00:17:04.316,18/01/2026,06:47:57,17_T02,39.121452783,10.180339020,0.0,269.23,193.13,-5.507,77.2,38.80,14.59,268.54,4336690.48,1781496.24
00:17:05.318,18/01/2026,06:47:58,17_T02,39.121452413,10.180338775,0.0,269.39,192.85,-5.543,77.2,38.80,14.59,268.54,4336690.46,1781496.20
00:17:06.317,18/01/2026,06:47:59,17_T02,39.121452342,10.180338532,0.0,269.88,192.74,-5.566,77.2,38.80,14.61,268.89,4336690.44,1781496.19
00:17:07.320,18/01/2026,06:48:00,17_T02,39.121452215,10.180338202,0.0,270.61,192.58,-5.598,77.2,38.80,14.61,268.89,4336690.41,1781496.18
00:17:08.319,18/01/2026,06:48:01,17_T02,39.121452152,10.180337967,0.1,271.31,192.42,-5.619,77.2,38.79,14.59,270.19,4336690.39,1781496.17
00:17:09.318,18/01/2026,06:48:02,17_T02,39.121452179,10.180338418,0.1,271.68,192.24,-5.582,77.2,38.79,14.59,270.19,4336690.43,1781496.17
00:17:10.319,18/01/2026,06:48:03,17_T02,39.121451960,10.180338607,0.1,271.80,192.02,-5.577,77.2,38.81,14.59,271.11,4336690.44,1781496.15
00:17:11.320,18/01/2026,06:48:04,17_T02,39.121451527,10.180338089,0.0,271.95,191.85,-5.638,77.2,38.81,14.59,271.11,4336690.40,1781496.10
00:17:12.335,18/01/2026,06:48:05,17_T02,39.121451124,10.180337288,0.1,272.33,191.76,-5.719,77.2,38.81,14.60,271.45,4336690.33,1781496.06
00:17:13.327,18/01/2026,06:48:06,17_T02,39.121451057,10.180337058,0.1,272.93,191.65,-5.741,77.2,38.81,14.60,271.45,4336690.31,1781496.05
00:17:14.343,18/01/2026,06:48:07,17_T02,39.121450956,10.180336978,0.1,273.59,191.43,-5.752,77.2,38.79,14.62,272.57,4336690.30,1781496.04
00:17:15.315,18/01/2026,06:48:08,17_T02,39.121450836,10.180336944,0.1,274.06,191.21,-5.760,77.2,38.79,14.62,272.57,4336690.30,1781496.03
00:17:16.315,18/01/2026,06:48:09,17_T02,39.121450916,10.180337327,0.1,274.39,190.95,-5.726,77.2,38.81,14.61,273.61,4336690.33,1781496.03
00:17:17.327,18/01/2026,06:48:10,17_T02,39.121450758,10.180337085,0.1,274.65,190.80,-5.752,77.2,38.81,14.61,273.61,4336690.31,1781496.02
00:17:18.326,18/01/2026,06:48:11,17_T02,39.121450387,10.180336368,0.1,274.92,190.69,-5.826,77.2,38.81,14.62,274.17,4336690.25,1781495.98
00:17:19.327,18/01/2026,06:48:12,17_T02,39.121450189,10.180336102,0.1,275.30,190.60,-5.856,77.2,38.81,14.62,274.17,4336690.22,1781495.95
00:17:20.328,18/01/2026,06:48:13,17_T02,39.121449965,10.180335786,0.1,275.78,190.43,-5.891,77.2,38.80,14.64,274.92,4336690.20,1781495.93
00:17:21.326,18/01/2026,06:48:14,17_T02,39.121449759,10.180335504,0.1,276.37,190.17,-5.923,77.2,38.80,14.64,274.92,4336690.17,1781495.91
00:17:22.325,18/01/2026,06:48:15,17_T02,39.121449905,10.180335611,0.1,276.94,189.90,-5.907,77.2,38.81,14.61,276.08,4336690.18,1781495.92
00:17:23.324,18/01/2026,06:48:16,17_T02,39.121449819,10.180335699,0.1,277.24,189.60,-5.904,77.2,38.81,14.61,276.08,4336690.19,1781495.91
00:17:24.323,18/01/2026,06:48:17,17_T02,39.121449452,10.180335563,0.1,277.45,189.24,-5.932,77.2,38.82,14.62,276.76,4336690.18,1781495.87
00:17:25.324,18/01/2026,06:48:18,17_T02,39.121449210,10.180335486,0.1,277.68,188.96,-5.949,77.2,38.82,14.62,276.76,4336690.17,1781495.85
00:17:26.323,18/01/2026,06:48:19,17_T02,39.121448957,10.180334867,0.1,278.13,188.83,-6.009,77.2,38.81,14.63,277.31,4336690.12,1781495.82
00:17:27.318,18/01/2026,06:48:20,17_T02,39.121448657,10.180334158,0.1,278.85,188.69,-6.079,77.2,38.81,14.63,277.31,4336690.06,1781495.78
00:17:28.316,18/01/2026,06:48:21,17_T02,39.121448765,10.180334315,0.1,279.44,188.50,-6.062,77.2,38.81,14.61,278.64,4336690.07,1781495.80
00:17:29.316,18/01/2026,06:48:22,17_T02,39.121448738,10.180334685,0.1,279.66,188.21,-6.034,77.2,38.81,14.61,278.64,4336690.10,1781495.79
00:17:30.321,18/01/2026,06:48:23,17_T02,39.121448412,10.180334494,0.1,279.82,188.02,-6.064,77.2,38.81,14.62,279.17,4336690.08,1781495.76
00:17:31.320,18/01/2026,06:48:24,17_T02,39.121448034,10.180333751,0.1,280.14,187.97,-6.140,77.2,38.81,14.62,279.17,4336690.02,1781495.72
00:17:32.321,18/01/2026,06:48:25,17_T02,39.121447906,10.180333132,0.1,280.69,188.03,-6.195,77.2,38.81,14.62,279.17,4336689.97,1781495.70
00:17:33.320,18/01/2026,06:48:26,17_T02,39.121447776,10.180332777,0.1,281.34,187.91,-6.229,77.2,38.80,14.64,279.89,4336689.94,1781495.69
00:17:34.321,18/01/2026,06:48:27,17_T02,39.121447635,10.180332576,0.1,281.77,187.69,-6.251,77.2,38.80,14.64,279.89,4336689.92,1781495.67
00:17:35.323,18/01/2026,06:48:28,17_T02,39.121447604,10.180333062,0.1,282.02,187.40,-6.214,77.2,38.82,14.61,281.05,4336689.96,1781495.67
00:17:36.333,18/01/2026,06:48:29,17_T02,39.121447419,10.180332815,0.1,282.33,187.26,-6.242,77.2,38.82,14.61,281.05,4336689.94,1781495.65
00:17:37.326,18/01/2026,06:48:30,17_T02,39.121447145,10.180332080,0.1,282.73,187.21,-6.312,77.2,38.81,14.62,281.66,4336689.87,1781495.62
00:17:38.328,18/01/2026,06:48:31,17_T02,39.121447159,10.180331911,0.1,283.18,187.01,-6.325,77.2,38.81,14.62,281.66,4336689.86,1781495.62
00:17:39.329,18/01/2026,06:48:32,17_T02,39.121447109,10.180331744,0.1,283.68,186.71,-6.341,77.2,38.80,14.62,282.47,4336689.85,1781495.61
00:17:40.315,18/01/2026,06:48:33,17_T02,39.121447005,10.180331615,0.1,284.14,186.32,-6.356,77.2,38.80,14.62,282.47,4336689.83,1781495.60
00:17:41.316,18/01/2026,06:48:34,17_T02,39.121447023,10.180331829,0.1,284.51,185.99,-6.338,77.2,38.81,14.60,283.45,4336689.85,1781495.60
00:17:42.319,18/01/2026,06:48:35,17_T02,39.121446896,10.180331732,0.1,284.81,185.71,-6.351,77.2,38.81,14.60,283.45,4336689.84,1781495.59
00:17:43.320,18/01/2026,06:48:36,17_T02,39.121446674,10.180331306,0.1,285.16,185.47,-6.395,77.2,38.81,14.60,284.17,4336689.81,1781495.57
00:17:44.321,18/01/2026,06:48:37,17_T02,39.121446521,10.180330798,0.1,285.63,185.25,-6.442,77.2,38.81,14.60,284.17,4336689.76,1781495.55
00:17:45.325,18/01/2026,06:48:38,17_T02,39.121446566,10.180330812,0.1,286.19,184.99,-6.439,77.2,38.81,14.63,284.95,4336689.76,1781495.55
00:17:46.322,18/01/2026,06:48:39,17_T02,39.121446595,10.180330786,0.1,286.69,184.73,-6.440,77.2,38.81,14.63,284.95,4336689.76,1781495.56
00:17:47.320,18/01/2026,06:48:40,17_T02,39.121446520,10.180330832,0.1,287.00,184.39,-6.440,77.2,38.81,14.60,286.04,4336689.77,1781495.55
00:17:48.320,18/01/2026,06:48:41,17_T02,39.121446532,10.180331041,0.1,287.26,184.09,-6.423,77.2,38.81,14.60,286.04,4336689.78,1781495.55
00:17:49.320,18/01/2026,06:48:42,17_T02,39.121446415,10.180330863,0.1,287.54,183.86,-6.442,77.2,38.82,14.59,286.64,4336689.77,1781495.54
00:17:50.319,18/01/2026,06:48:43,17_T02,39.121446216,10.180330427,0.1,287.95,183.65,-6.486,77.2,38.82,14.59,286.64,4336689.73,1781495.51
00:17:51.320,18/01/2026,06:48:44,17_T02,39.121446318,10.180330429,0.1,288.52,183.41,-6.481,77.2,38.81,14.61,287.31,4336689.73,1781495.53
00:17:52.318,18/01/2026,06:48:45,17_T02,39.121446433,10.180330480,0.1,289.18,183.13,-6.472,77.2,38.81,14.61,287.31,4336689.74,1781495.54
00:17:53.315,18/01/2026,06:48:46,17_T02,39.121446491,10.180330480,0.1,289.61,182.90,-6.469,77.2,38.81,14.58,288.53,4336689.74,1781495.55
00:17:54.328,18/01/2026,06:48:47,17_T02,39.121446393,10.180330716,0.1,289.81,182.58,-6.455,77.2,38.81,14.58,288.53,4336689.76,1781495.53
00:17:55.325,18/01/2026,06:48:48,17_T02,39.121446295,10.180330839,0.1,290.04,182.37,-6.449,77.2,38.82,14.59,289.20,4336689.77,1781495.52
00:17:56.323,18/01/2026,06:48:49,17_T02,39.121446069,10.180330456,0.1,290.37,182.25,-6.490,77.2,38.82,14.59,289.20,4336689.73,1781495.50
00:17:57.322,18/01/2026,06:48:50,17_T02,39.121445919,10.180329701,0.1,290.95,182.22,-6.557,77.2,38.81,14.61,289.77,4336689.67,1781495.48
00:17:58.323,18/01/2026,06:48:51,17_T02,39.121446142,10.180329695,0.1,291.64,181.97,-6.547,77.2,38.81,14.61,289.77,4336689.67,1781495.51
00:17:59.323,18/01/2026,06:48:52,17_T02,39.121446416,10.180330072,0.1,292.01,181.71,-6.505,77.2,38.81,14.59,291.03,4336689.70,1781495.54
00:18:00.319,18/01/2026,06:48:53,17_T02,39.121446393,10.180330465,0.1,292.19,181.38,-6.475,77.2,38.81,14.59,291.03,4336689.73,1781495.53
00:18:01.317,18/01/2026,06:48:54,17_T02,39.121446451,10.180330177,0.1,292.44,181.29,-6.495,77.2,38.82,14.60,291.60,4336689.71,1781495.54
00:18:02.318,18/01/2026,06:48:55,17_T02,39.121446332,10.180329386,0.1,292.91,181.37,-6.563,77.2,38.82,14.60,291.60,4336689.64,1781495.53
00:18:03.317,18/01/2026,06:48:56,17_T02,39.121446198,10.180328797,0.1,293.55,181.34,-6.616,77.2,38.82,14.62,292.36,4336689.59,1781495.51
00:18:04.317,18/01/2026,06:48:57,17_T02,39.121446209,10.180328569,0.1,294.12,181.20,-6.633,77.2,38.82,14.62,292.36,4336689.57,1781495.51
00:18:05.317,18/01/2026,06:48:58,17_T02,39.121446370,10.180329139,0.1,294.42,180.92,-6.581,77.2,38.81,14.59,293.53,4336689.62,1781495.53
00:18:06.319,18/01/2026,06:48:59,17_T02,39.121446362,10.180329379,0.1,294.61,180.62,-6.562,77.2,38.81,14.59,293.53,4336689.64,1781495.53
00:18:07.320,18/01/2026,06:49:00,17_T02,39.121446189,10.180328973,0.1,294.89,180.49,-6.602,77.2,38.82,14.60,294.05,4336689.60,1781495.51
00:18:08.320,18/01/2026,06:49:01,17_T02,39.121446003,10.180328314,0.1,295.35,180.47,-6.663,77.2,38.82,14.60,294.05,4336689.55,1781495.49
00:18:09.324,18/01/2026,06:49:02,17_T02,39.121445918,10.180327885,0.1,295.93,180.35,-6.701,77.2,38.79,14.61,294.81,4336689.51,1781495.48
00:18:10.325,18/01/2026,06:49:03,17_T02,39.121445947,10.180327707,0.1,296.47,180.20,-6.714,77.2,38.79,14.61,294.81,4336689.49,1781495.48
00:18:11.325,18/01/2026,06:49:04,17_T02,39.121445997,10.180327793,0.1,296.83,180.08,-6.705,77.2,38.81,14.57,295.95,4336689.50,1781495.49
00:18:12.327,18/01/2026,06:49:05,17_T02,39.121446046,10.180327782,0.1,297.13,180.02,-6.703,77.2,38.81,14.57,295.95,4336689.50,1781495.50
00:18:13.329,18/01/2026,06:49:06,17_T02,39.121445962,10.180327333,0.1,297.52,180.07,-6.743,77.2,38.81,14.58,296.62,4336689.46,1781495.49
00:18:14.316,18/01/2026,06:49:07,17_T02,39.121445861,10.180326833,0.1,297.98,180.09,-6.787,77.2,38.81,14.58,296.62,4336689.42,1781495.47
00:18:15.314,18/01/2026,06:49:08,17_T02,39.121445992,10.180326855,0.1,298.32,179.96,-6.779,77.2,38.80,14.58,297.47,4336689.42,1781495.49
00:18:16.340,18/01/2026,06:49:09,17_T02,39.121446038,10.180327033,0.1,298.68,179.72,-6.763,77.2,38.80,14.58,297.47,4336689.44,1781495.49
00:18:17.329,18/01/2026,06:49:10,17_T02,39.121446036,10.180326880,0.1,299.13,179.58,-6.775,77.2,38.82,14.59,298.19,4336689.42,1781495.49
00:18:18.328,18/01/2026,06:49:11,17_T02,39.121446052,10.180326548,0.1,299.71,179.59,-6.801,77.2,38.82,14.59,298.19,4336689.39,1781495.50
00:18:19.327,18/01/2026,06:49:12,17_T02,39.121446122,10.180326222,0.1,300.31,179.67,-6.824,77.2,38.81,14.57,299.31,4336689.37,1781495.50
00:18:20.324,18/01/2026,06:49:13,17_T02,39.121446124,10.180326167,0.1,300.56,179.65,-6.828,77.2,38.81,14.57,299.31,4336689.36,1781495.50
00:18:21.325,18/01/2026,06:49:14,17_T02,39.121446056,10.180326294,0.1,300.56,179.45,-6.821,77.2,38.81,14.56,299.96,4336689.37,1781495.50
00:18:22.323,18/01/2026,06:49:15,17_T02,39.121445935,10.180326534,0.1,300.74,179.39,-6.807,77.2,38.81,14.56,299.96,4336689.39,1781495.48
00:18:23.323,18/01/2026,06:49:16,17_T02,39.121445817,10.180326150,0.1,301.36,179.48,-6.843,77.2,38.83,14.57,300.29,4336689.36,1781495.47
00:18:24.321,18/01/2026,06:49:17,17_T02,39.121445853,10.180325445,0.1,302.23,179.63,-6.898,77.2,38.83,14.57,300.29,4336689.30,1781495.47
00:18:25.318,18/01/2026,06:49:18,17_T02,39.121446240,10.180325395,0.1,302.92,179.79,-6.884,77.2,38.81,14.57,301.90,4336689.29,1781495.52
00:18:26.317,18/01/2026,06:49:19,17_T02,39.121446482,10.180325892,0.1,303.12,179.77,-6.834,77.2,38.81,14.57,301.90,4336689.34,1781495.54
00:18:27.314,18/01/2026,06:49:20,17_T02,39.121446416,10.180325905,0.1,303.11,179.80,-6.836,77.2,38.81,14.59,302.53,4336689.34,1781495.54
00:18:28.329,18/01/2026,06:49:21,17_T02,39.121446210,10.180325553,0.1,303.31,179.95,-6.873,77.2,38.81,14.59,302.53,4336689.31,1781495.51
00:18:29.327,18/01/2026,06:49:22,17_T02,39.121446047,10.180324842,0.1,303.84,180.22,-6.937,77.2,38.82,14.58,302.87,4336689.25,1781495.49
00:18:30.327,18/01/2026,06:49:23,17_T02,39.121445985,10.180324249,0.1,304.59,180.33,-6.987,77.2,38.82,14.58,302.87,4336689.19,1781495.49
00:18:31.325,18/01/2026,06:49:24,17_T02,39.121446133,10.180324221,0.1,305.19,180.34,-6.982,77.2,38.81,14.57,304.26,4336689.19,1781495.50
00:18:32.326,18/01/2026,06:49:25,17_T02,39.121446416,10.180325100,0.0,305.46,180.16,-6.900,77.2,38.81,14.57,304.26,4336689.27,1781495.54
00:18:33.328,18/01/2026,06:49:26,17_T02,39.121446517,10.180325383,0.0,305.61,180.03,-6.873,77.2,38.82,14.58,304.93,4336689.29,1781495.55
00:18:34.329,18/01/2026,06:49:27,17_T02,39.121446380,10.180324843,0.0,305.92,180.12,-6.922,77.2,38.82,14.58,304.93,4336689.25,1781495.53
00:18:35.314,18/01/2026,06:49:28,17_T02,39.121446298,10.180324283,0.0,306.43,180.25,-6.970,77.2,38.83,14.60,305.54,4336689.20,1781495.52
00:18:36.314,18/01/2026,06:49:29,17_T02,39.121446298,10.180324066,0.0,307.04,180.21,-6.987,77.2,38.83,14.60,305.54,4336689.18,1781495.52
00:18:37.317,18/01/2026,06:49:30,17_T02,39.121446395,10.180324146,0.0,307.49,180.10,-6.976,77.2,38.82,14.57,306.68,4336689.18,1781495.53
00:18:38.318,18/01/2026,06:49:31,17_T02,39.121446494,10.180324492,0.0,307.80,179.97,-6.944,77.2,38.82,14.57,306.68,4336689.21,1781495.54
00:18:39.318,18/01/2026,06:49:32,17_T02,39.121446661,10.180324671,0.0,308.06,179.98,-6.923,77.2,38.82,14.58,307.35,4336689.23,1781495.56
00:18:40.318,18/01/2026,06:49:33,17_T02,39.121446678,10.180324464,0.0,308.38,180.06,-6.938,77.2,38.82,14.58,307.35,4336689.21,1781495.56
00:18:41.320,18/01/2026,06:49:34,17_T02,39.121446646,10.180323966,0.0,308.88,180.19,-6.979,77.2,38.82,14.59,308.03,4336689.17,1781495.56
00:18:42.321,18/01/2026,06:49:35,17_T02,39.121446630,10.180323737,0.0,309.52,180.19,-6.998,77.2,38.82,14.59,308.03,4336689.15,1781495.56
00:18:43.323,18/01/2026,06:49:36,17_T02,39.121446765,10.180323678,0.0,310.11,180.28,-6.997,77.2,38.81,14.55,309.29,4336689.14,1781495.57
00:18:44.322,18/01/2026,06:49:37,17_T02,39.121446905,10.180323947,0.0,310.37,180.34,-6.969,77.2,38.81,14.55,309.29,4336689.17,1781495.59
00:18:45.324,18/01/2026,06:49:38,17_T02,39.121446873,10.180324321,0.0,310.44,180.32,-6.941,77.2,38.82,14.57,309.84,4336689.20,1781495.59
00:18:46.330,18/01/2026,06:49:39,17_T02,39.121446702,10.180324233,0.0,310.65,180.37,-6.956,77.2,38.82,14.57,309.84,4336689.19,1781495.57
00:18:47.322,18/01/2026,06:49:40,17_T02,39.121446606,10.180323614,0.0,311.16,180.59,-7.009,77.2,38.84,14.57,310.35,4336689.14,1781495.56
00:18:48.323,18/01/2026,06:49:41,17_T02,39.121446645,10.180323042,0.0,311.94,180.76,-7.053,77.2,38.84,14.57,310.35,4336689.09,1781495.56
00:18:49.324,18/01/2026,06:49:42,17_T02,39.121446898,10.180322952,0.0,312.64,180.89,-7.048,77.2,38.84,14.57,310.35,4336689.08,1781495.59
00:18:50.326,18/01/2026,06:49:43,17_T02,39.121447140,10.180323407,0.0,312.95,180.93,-7.001,77.2,38.82,14.55,311.83,4336689.12,1781495.62
00:18:51.325,18/01/2026,06:49:44,17_T02,39.121447193,10.180323776,0.0,313.06,180.95,-6.970,77.2,38.82,14.55,311.83,4336689.15,1781495.62
00:18:52.326,18/01/2026,06:49:45,17_T02,39.121447043,10.180323688,0.0,313.16,181.15,-6.983,77.2,38.82,14.57,312.45,4336689.14,1781495.60
00:18:53.322,18/01/2026,06:49:46,17_T02,39.121446885,10.180323054,0.0,313.55,181.47,-7.041,77.2,38.82,14.57,312.45,4336689.09,1781495.59
00:18:54.323,18/01/2026,06:49:47,17_T02,39.121446879,10.180322459,0.0,314.31,181.70,-7.088,77.2,38.83,14.57,312.82,4336689.04,1781495.59
00:18:55.320,18/01/2026,06:49:48,17_T02,39.121447101,10.180322229,0.0,315.10,181.84,-7.097,77.2,38.83,14.57,312.82,4336689.02,1781495.61
00:18:56.321,18/01/2026,06:49:49,17_T02,39.121447509,10.180322677,0.0,315.57,181.94,-7.043,77.2,38.82,14.56,314.33,4336689.06,1781495.66
00:18:57.321,18/01/2026,06:49:50,17_T02,39.121447669,10.180323317,0.0,315.68,181.92,-6.985,77.2,38.82,14.56,314.33,4336689.11,1781495.67
00:18:58.319,18/01/2026,06:49:51,17_T02,39.121447554,10.180323194,0.0,315.65,182.05,-7.000,77.2,38.82,14.57,315.06,4336689.10,1781495.66
00:18:59.318,18/01/2026,06:49:52,17_T02,39.121447301,10.180322643,0.0,315.80,182.23,-7.055,77.2,38.82,14.57,315.06,4336689.05,1781495.63
00:19:00.319,18/01/2026,06:49:53,17_T02,39.121447150,10.180321821,0.0,316.44,182.54,-7.127,77.2,38.82,14.56,315.17,4336688.98,1781495.62
00:19:01.322,18/01/2026,06:49:54,17_T02,39.121447252,10.180321036,0.0,317.34,182.83,-7.185,77.2,38.82,14.56,315.17,4336688.91,1781495.63
00:19:02.321,18/01/2026,06:49:55,17_T02,39.121447543,10.180320973,0.0,318.07,183.02,-7.176,77.2,38.81,14.57,316.62,4336688.91,1781495.66
00:19:03.322,18/01/2026,06:49:56,17_T02,39.121447791,10.180321720,0.1,318.36,183.05,-7.106,77.2,38.81,14.57,316.62,4336688.97,1781495.69
00:19:04.322,18/01/2026,06:49:57,17_T02,39.121447727,10.180322031,0.1,318.32,183.02,-7.084,77.2,38.82,14.57,317.72,4336689.00,1781495.68
00:19:05.324,18/01/2026,06:49:58,17_T02,39.121447460,10.180321651,0.1,318.36,182.94,-7.126,77.2,38.82,14.57,317.72,4336688.97,1781495.65
00:19:06.324,18/01/2026,06:49:59,17_T02,39.121447307,10.180320769,0.1,318.81,182.96,-7.203,77.2,38.82,14.57,317.77,4336688.89,1781495.63
00:19:07.324,18/01/2026,06:50:00,17_T02,39.121447245,10.180319990,0.1,319.63,183.00,-7.268,77.2,38.82,14.57,317.77,4336688.82,1781495.63
00:19:08.327,18/01/2026,06:50:01,17_T02,39.121447419,10.180319700,0.1,320.40,183.16,-7.283,77.2,38.81,14.58,318.97,4336688.80,1781495.65
00:19:09.325,18/01/2026,06:50:02,17_T02,39.121447656,10.180320286,0.1,320.72,183.13,-7.226,77.2,38.81,14.58,318.97,4336688.85,1781495.67
00:19:10.327,18/01/2026,06:50:03,17_T02,39.121447675,10.180320738,0.1,320.78,183.03,-7.189,77.2,38.83,14.57,320.10,4336688.89,1781495.67
00:19:11.327,18/01/2026,06:50:04,17_T02,39.121447453,10.180320306,0.1,320.97,183.11,-7.234,77.2,38.83,14.57,320.10,4336688.85,1781495.65
00:19:12.329,18/01/2026,06:50:05,17_T02,39.121447209,10.180319557,0.1,321.39,183.29,-7.304,77.2,38.82,14.57,320.39,4336688.79,1781495.62
00:19:13.327,18/01/2026,06:50:06,17_T02,39.121447268,10.180319072,0.1,321.99,183.38,-7.340,77.2,38.82,14.57,320.39,4336688.74,1781495.63
00:19:14.325,18/01/2026,06:50:07,17_T02,39.121447374,10.180318905,0.1,322.60,183.47,-7.348,77.2,38.80,14.59,321.42,4336688.73,1781495.64
00:19:15.323,18/01/2026,06:50:08,17_T02,39.121447559,10.180319017,0.1,323.06,183.55,-7.331,77.2,38.80,14.59,321.42,4336688.74,1781495.66
00:19:16.333,18/01/2026,06:50:09,17_T02,39.121447601,10.180319080,0.1,323.44,183.67,-7.324,77.2,38.82,14.56,322.48,4336688.74,1781495.67
00:19:17.321,18/01/2026,06:50:10,17_T02,39.121447606,10.180318672,0.1,323.77,183.97,-7.356,77.2,38.82,14.56,322.48,4336688.71,1781495.67
00:19:18.321,18/01/2026,06:50:11,17_T02,39.121447526,10.180318167,0.1,324.07,184.29,-7.400,77.2,38.82,14.57,323.20,4336688.66,1781495.66
00:19:19.324,18/01/2026,06:50:12,17_T02,39.121447430,10.180317755,0.1,324.38,184.57,-7.437,77.2,38.82,14.57,323.20,4336688.63,1781495.65
00:19:20.326,18/01/2026,06:50:13,17_T02,39.121447345,10.180317468,0.1,324.78,184.75,-7.464,77.2,38.82,14.57,323.81,4336688.60,1781495.64
00:19:21.324,18/01/2026,06:50:14,17_T02,39.121447364,10.180317327,0.1,325.33,184.76,-7.474,77.2,38.82,14.57,323.81,4336688.59,1781495.64
00:19:22.324,18/01/2026,06:50:15,17_T02,39.121447488,10.180317462,0.1,325.87,184.65,-7.458,77.2,38.82,14.57,324.84,4336688.60,1781495.65
00:19:23.322,18/01/2026,06:50:16,17_T02,39.121447514,10.180317496,0.1,326.27,184.53,-7.454,77.2,38.82,14.57,324.84,4336688.61,1781495.66
00:19:24.324,18/01/2026,06:50:17,17_T02,39.121447510,10.180317473,0.1,326.68,184.49,-7.456,77.2,38.82,14.57,325.75,4336688.60,1781495.65
00:19:25.322,18/01/2026,06:50:18,17_T02,39.121447497,10.180317387,0.1,327.05,184.54,-7.463,77.2,38.82,14.57,325.75,4336688.60,1781495.65
00:19:26.321,18/01/2026,06:50:19,17_T02,39.121447412,10.180317402,0.1,327.41,184.54,-7.466,77.2,38.81,14.58,326.53,4336688.60,1781495.64
00:19:27.317,18/01/2026,06:50:20,17_T02,39.121447259,10.180317359,0.1,327.73,184.50,-7.476,77.2,38.81,14.58,326.53,4336688.59,1781495.63
00:19:28.321,18/01/2026,06:50:21,17_T02,39.121447165,10.180317561,0.1,328.05,184.34,-7.464,77.2,38.83,14.57,327.23,4336688.61,1781495.62
00:19:29.317,18/01/2026,06:50:22,17_T02,39.121447153,10.180317719,0.1,328.50,184.19,-7.453,77.2,38.83,14.57,327.23,4336688.63,1781495.62
00:19:30.320,18/01/2026,06:50:23,17_T02,39.121447261,10.180317517,0.1,329.00,184.07,-7.464,77.2,38.82,14.57,328.04,4336688.61,1781495.63
00:19:31.322,18/01/2026,06:50:24,17_T02,39.121447391,10.180317536,0.1,329.53,184.02,-7.456,77.2,38.82,14.57,328.04,4336688.61,1781495.64
00:19:32.322,18/01/2026,06:50:25,17_T02,39.121447498,10.180317617,0.1,330.03,184.09,-7.445,77.2,38.82,14.56,329.11,4336688.62,1781495.65
00:19:33.320,18/01/2026,06:50:26,17_T02,39.121447505,10.180317718,0.1,330.38,184.21,-7.437,77.2,38.82,14.56,329.11,4336688.63,1781495.65
00:19:34.322,18/01/2026,06:50:27,17_T02,39.121447410,10.180317631,0.1,330.63,184.30,-7.448,77.2,38.83,14.55,329.87,4336688.62,1781495.64
00:19:35.320,18/01/2026,06:50:28,17_T02,39.121447331,10.180317606,0.1,330.88,184.36,-7.453,77.2,38.83,14.55,329.87,4336688.62,1781495.64
00:19:36.323,18/01/2026,06:50:29,17_T02,39.121447322,10.180317536,0.1,331.26,184.47,-7.459,77.2,38.82,14.59,330.41,4336688.61,1781495.63
00:19:37.324,18/01/2026,06:50:30,17_T02,39.121447319,10.180317019,0.1,331.85,184.64,-7.501,77.2,38.82,14.59,330.41,4336688.56,1781495.63
00:19:38.321,18/01/2026,06:50:31,17_T02,39.121447459,10.180316879,0.1,332.51,184.72,-7.505,77.2,38.83,14.55,331.55,4336688.55,1781495.65
00:19:39.322,18/01/2026,06:50:32,17_T02,39.121447694,10.180316959,0.1,332.98,184.91,-7.488,77.2,38.83,14.55,331.55,4336688.56,1781495.67
00:19:40.320,18/01/2026,06:50:33,17_T02,39.121447749,10.180317390,0.0,333.13,184.90,-7.452,77.2,38.83,14.56,332.44,4336688.60,1781495.68
00:19:41.319,18/01/2026,06:50:34,17_T02,39.121447610,10.180317648,0.0,333.17,184.85,-7.438,77.2,38.83,14.56,332.44,4336688.62,1781495.67
00:19:42.321,18/01/2026,06:50:35,17_T02,39.121447459,10.180317371,0.0,333.46,184.90,-7.466,77.2,38.83,14.56,332.66,4336688.60,1781495.65
00:19:43.320,18/01/2026,06:50:36,17_T02,39.121447414,10.180316847,0.0,334.21,184.99,-7.510,77.2,38.83,14.56,332.66,4336688.55,1781495.64
00:19:44.322,18/01/2026,06:50:37,17_T02,39.121447581,10.180316515,0.0,335.08,184.98,-7.529,77.2,38.81,14.57,334.09,4336688.52,1781495.66
00:19:45.323,18/01/2026,06:50:38,17_T02,39.121447772,10.180316684,0.0,335.55,185.03,-7.507,77.2,38.81,14.57,334.09,4336688.54,1781495.68
00:19:46.331,18/01/2026,06:50:39,17_T02,39.121447789,10.180317315,0.0,335.59,184.91,-7.456,77.2,38.83,14.56,334.98,4336688.59,1781495.69
00:19:47.320,18/01/2026,06:50:40,17_T02,39.121447633,10.180317214,0.0,335.72,184.95,-7.471,77.2,38.83,14.56,334.98,4336688.58,1781495.67
00:19:48.321,18/01/2026,06:50:41,17_T02,39.121447465,10.180316570,0.0,336.12,185.21,-7.530,77.2,38.84,14.57,335.33,4336688.53,1781495.65
00:19:49.320,18/01/2026,06:50:42,17_T02,39.121447343,10.180315896,0.0,336.72,185.53,-7.589,77.2,38.84,14.57,335.33,4336688.47,1781495.64
00:19:50.322,18/01/2026,06:50:43,17_T02,39.121447397,10.180315554,0.0,337.40,185.74,-7.613,77.2,38.81,14.56,336.54,4336688.44,1781495.64
00:19:51.321,18/01/2026,06:50:44,17_T02,39.121447578,10.180315575,0.0,337.88,185.91,-7.604,77.2,38.81,14.56,336.54,4336688.44,1781495.66
00:19:52.320,18/01/2026,06:50:45,17_T02,39.121447576,10.180315875,0.0,338.11,186.01,-7.580,77.2,38.81,14.56,336.54,4336688.46,1781495.66
00:19:53.323,18/01/2026,06:50:46,17_T02,39.121447507,10.180315702,0.0,338.28,186.17,-7.597,77.2,38.83,14.55,337.42,4336688.45,1781495.65
00:19:54.322,18/01/2026,06:50:47,17_T02,39.121447378,10.180315223,0.0,338.53,186.43,-7.641,77.2,38.83,14.55,337.42,4336688.41,1781495.64
00:19:55.321,18/01/2026,06:50:48,17_T02,39.121447384,10.180314654,0.0,338.97,186.83,-7.685,77.2,38.83,14.57,337.86,4336688.36,1781495.64
00:19:56.321,18/01/2026,06:50:49,17_T02,39.121447454,10.180314205,0.0,339.60,187.14,-7.718,77.2,38.83,14.57,337.86,4336688.32,1781495.65
00:19:57.321,18/01/2026,06:50:50,17_T02,39.121447610,10.180314040,0.0,340.23,187.35,-7.724,77.2,38.81,14.55,338.81,4336688.31,1781495.67
00:19:58.320,18/01/2026,06:50:51,17_T02,39.121447820,10.180314178,0.0,340.66,187.56,-7.704,77.2,38.81,14.55,338.81,4336688.32,1781495.69
00:19:59.322,18/01/2026,06:50:52,17_T02,39.121448005,10.180314347,0.0,340.96,187.72,-7.682,77.2,38.82,14.53,339.95,4336688.33,1781495.71
00:20:00.322,18/01/2026,06:50:53,17_T02,39.121448036,10.180314046,0.0,341.25,187.98,-7.704,77.2,38.82,14.53,339.95,4336688.31,1781495.71
00:20:01.323,18/01/2026,06:50:54,17_T02,39.121447919,10.180313661,0.0,341.58,188.29,-7.740,77.2,38.83,14.54,340.61,4336688.27,1781495.70
00:20:02.320,18/01/2026,06:50:55,17_T02,39.121447853,10.180313300,0.0,342.00,188.55,-7.772,77.2,38.83,14.54,340.61,4336688.24,1781495.69
00:20:03.320,18/01/2026,06:50:56,17_T02,39.121447740,10.180313057,0.0,342.50,188.71,-7.796,77.2,38.79,14.55,341.34,4336688.22,1781495.68
00:20:04.320,18/01/2026,06:50:57,17_T02,39.121447778,10.180313113,0.0,342.98,188.75,-7.790,77.2,38.79,14.55,341.34,4336688.22,1781495.68
00:20:05.321,18/01/2026,06:50:58,17_T02,39.121447889,10.180313299,0.0,343.40,188.83,-7.770,77.2,38.82,14.52,342.30,4336688.24,1781495.70
00:20:06.320,18/01/2026,06:50:59,17_T02,39.121448053,10.180313380,0.0,343.76,189.06,-7.756,77.2,38.82,14.52,342.30,4336688.25,1781495.71
00:20:07.321,18/01/2026,06:51:00,17_T02,39.121448083,10.180313241,0.0,344.07,189.43,-7.766,77.2,38.82,14.52,343.13,4336688.24,1781495.72
00:20:08.321,18/01/2026,06:51:01,17_T02,39.121447986,10.180312999,0.0,344.38,189.82,-7.790,77.2,38.82,14.52,343.13,4336688.21,1781495.71
00:20:09.320,18/01/2026,06:51:02,17_T02,39.121447965,10.180312633,0.0,344.85,190.23,-7.820,77.2,38.82,14.53,343.76,4336688.18,1781495.70
00:20:10.320,18/01/2026,06:51:03,17_T02,39.121447889,10.180312424,0.0,345.44,190.49,-7.840,77.2,38.82,14.53,343.76,4336688.16,1781495.70
00:20:11.319,18/01/2026,06:51:04,17_T02,39.121448021,10.180312395,0.0,346.00,190.71,-7.836,77.2,38.81,14.52,344.80,4336688.16,1781495.71
00:20:12.320,18/01/2026,06:51:05,17_T02,39.121448149,10.180312654,0.0,346.29,190.86,-7.810,77.2,38.81,14.52,344.80,4336688.18,1781495.72
00:20:13.320,18/01/2026,06:51:06,17_T02,39.121448127,10.180313122,0.0,346.44,190.92,-7.774,77.2,38.83,14.52,345.65,4336688.23,1781495.72
00:20:14.319,18/01/2026,06:51:07,17_T02,39.121448048,10.180313056,0.0,346.78,191.10,-7.782,77.2,38.83,14.52,345.65,4336688.22,1781495.71
00:20:15.323,18/01/2026,06:51:08,17_T02,39.121448033,10.180312709,0.0,347.33,191.33,-7.811,77.2,38.82,14.55,346.18,4336688.19,1781495.71
00:20:16.320,18/01/2026,06:51:09,17_T02,39.121448037,10.180312598,0.0,347.90,191.44,-7.819,77.2,38.82,14.55,346.18,4336688.18,1781495.71
00:20:17.319,18/01/2026,06:51:10,17_T02,39.121448111,10.180312971,0.0,348.26,191.49,-7.786,77.2,38.82,14.52,347.30,4336688.21,1781495.72
00:20:18.319,18/01/2026,06:51:11,17_T02,39.121448108,10.180313440,0.0,348.57,191.47,-7.749,77.2,38.82,14.52,347.30,4336688.25,1781495.72
00:20:19.321,18/01/2026,06:51:12,17_T02,39.121448151,10.180313431,0.0,348.99,191.63,-7.748,77.2,38.82,14.52,348.00,4336688.25,1781495.72
00:20:20.321,18/01/2026,06:51:13,17_T02,39.121448220,10.180313197,0.0,349.46,191.95,-7.763,77.2,38.82,14.52,348.00,4336688.23,1781495.73
00:20:21.320,18/01/2026,06:51:14,17_T02,39.121448268,10.180312877,0.0,349.85,192.23,-7.787,77.2,38.81,14.52,348.90,4336688.20,1781495.74
00:20:22.321,18/01/2026,06:51:15,17_T02,39.121448266,10.180312895,0.0,350.17,192.42,-7.785,77.2,38.81,14.52,348.90,4336688.21,1781495.74
00:20:23.321,18/01/2026,06:51:16,17_T02,39.121448293,10.180313026,0.0,350.52,192.57,-7.774,77.2,38.82,14.51,349.60,4336688.22,1781495.74
00:20:24.320,18/01/2026,06:51:17,17_T02,39.121448555,10.180312979,0.0,351.01,192.84,-7.766,77.2,38.82,14.51,349.60,4336688.21,1781495.77
00:20:25.320,18/01/2026,06:51:18,17_T02,39.121448812,10.180312866,0.0,351.62,193.14,-7.763,77.2,38.80,14.52,350.52,4336688.20,1781495.80
00:20:26.319,18/01/2026,06:51:19,17_T02,39.121448972,10.180312779,0.0,352.08,193.47,-7.763,77.2,38.80,14.52,350.52,4336688.20,1781495.82
00:20:27.322,18/01/2026,06:51:20,17_T02,39.121449005,10.180313012,0.0,352.32,193.63,-7.743,77.2,38.82,14.50,351.54,4336688.22,1781495.82
00:20:28.320,18/01/2026,06:51:21,17_T02,39.121449060,10.180313120,0.0,352.53,193.75,-7.732,77.2,38.82,14.50,351.54,4336688.22,1781495.82
00:20:29.322,18/01/2026,06:51:22,17_T02,39.121449120,10.180312934,0.0,352.86,193.98,-7.744,77.2,38.83,14.53,352.01,4336688.21,1781495.83
00:20:30.321,18/01/2026,06:51:23,17_T02,39.121449210,10.180312591,0.0,353.40,194.28,-7.767,77.2,38.83,14.53,352.01,4336688.18,1781495.84
00:20:31.320,18/01/2026,06:51:24,17_T02,39.121449301,10.180312532,0.0,354.04,194.39,-7.768,77.2,38.80,14.52,353.00,4336688.17,1781495.85
00:20:32.319,18/01/2026,06:51:25,17_T02,39.121449487,10.180312678,0.0,354.56,194.49,-7.748,77.2,38.80,14.52,353.00,4336688.19,1781495.87
00:20:33.319,18/01/2026,06:51:26,17_T02,39.121449598,10.180313036,0.0,354.88,194.53,-7.714,77.2,38.82,14.51,354.07,4336688.22,1781495.88
00:20:34.320,18/01/2026,06:51:27,17_T02,39.121449646,10.180313157,0.0,355.07,194.61,-7.702,77.2,38.82,14.51,354.07,4336688.23,1781495.89
00:20:35.320,18/01/2026,06:51:28,17_T02,39.121449623,10.180313298,0.0,355.30,194.76,-7.692,77.2,38.83,14.52,354.54,4336688.24,1781495.89
00:20:36.319,18/01/2026,06:51:29,17_T02,39.121449684,10.180313028,0.0,355.75,195.08,-7.711,77.2,38.83,14.52,354.54,4336688.22,1781495.89
00:20:37.320,18/01/2026,06:51:30,17_T02,39.121449799,10.180312777,0.0,356.38,195.29,-7.726,77.2,38.81,14.52,355.38,4336688.19,1781495.91
00:20:38.326,18/01/2026,06:51:31,17_T02,39.121449896,10.180312880,0.0,357.00,195.44,-7.713,77.2,38.81,14.52,355.38,4336688.20,1781495.92
00:20:39.319,18/01/2026,06:51:32,17_T02,39.121450014,10.180313278,0.0,357.37,195.58,-7.676,77.2,38.82,14.50,356.56,4336688.24,1781495.93
00:20:40.320,18/01/2026,06:51:33,17_T02,39.121450071,10.180313633,0.0,357.53,195.67,-7.645,77.2,38.82,14.50,356.56,4336688.27,1781495.94
00:20:41.319,18/01/2026,06:51:34,17_T02,39.121450096,10.180313428,0.0,357.78,195.97,-7.660,77.2,38.82,14.52,357.03,4336688.25,1781495.94
00:20:42.319,18/01/2026,06:51:35,17_T02,39.121450027,10.180313107,0.0,358.26,196.44,-7.689,77.2,38.82,14.52,357.03,4336688.22,1781495.93
00:20:43.319,18/01/2026,06:51:36,17_T02,39.121450027,10.180312903,0.0,358.86,196.81,-7.705,77.2,38.79,14.54,357.94,4336688.21,1781495.93
00:20:44.329,18/01/2026,06:51:37,17_T02,39.121450168,10.180312929,0.0,359.39,197.04,-7.697,77.2,38.79,14.54,357.94,4336688.21,1781495.95
00:20:45.318,18/01/2026,06:51:38,17_T02,39.121450222,10.180313385,0.0,359.68,197.13,-7.658,77.2,38.82,14.50,358.95,4336688.25,1781495.95
00:20:46.319,18/01/2026,06:51:39,17_T02,39.121450065,10.180313621,0.0,359.97,197.26,-7.647,77.2,38.82,14.50,358.95,4336688.27,1781495.94
00:20:47.318,18/01/2026,06:51:40,17_T02,39.121450025,10.180313462,0.0,360.38,197.51,-7.661,77.2,38.84,14.51,359.60,4336688.25,1781495.93
00:20:48.320,18/01/2026,06:51:41,17_T02,39.121450127,10.180313225,0.0,360.85,197.80,-7.675,77.2,38.84,14.51,359.60,4336688.23,1781495.94
00:20:49.319,18/01/2026,06:51:42,17_T02,39.121450228,10.180313155,0.0,361.25,198.01,-7.676,77.2,38.82,14.50,360.50,4336688.23,1781495.95
00:20:50.320,18/01/2026,06:51:43,17_T02,39.121450293,10.180313339,0.0,361.66,198.14,-7.659,77.2,38.82,14.50,360.50,4336688.24,1781495.96
00:20:51.325,18/01/2026,06:51:44,17_T02,39.121450396,10.180313451,0.0,362.11,198.36,-7.645,77.2,38.82,14.51,361.36,4336688.25,1781495.97
00:20:52.319,18/01/2026,06:51:45,17_T02,39.121450486,10.180313596,0.0,362.50,198.66,-7.630,77.2,38.82,14.51,361.36,4336688.27,1781495.98
00:20:53.320,18/01/2026,06:51:46,17_T02,39.121450432,10.180313722,0.0,362.85,198.99,-7.622,77.2,38.82,14.52,362.15,4336688.28,1781495.98
00:20:54.320,18/01/2026,06:51:47,17_T02,39.121450446,10.180313709,0.0,363.17,199.37,-7.622,77.2,38.82,14.52,362.15,4336688.28,1781495.98
00:20:55.319,18/01/2026,06:51:48,17_T02,39.121450574,10.180313576,0.0,363.60,199.72,-7.627,77.2,38.82,14.52,362.15,4336688.26,1781495.99
00:20:56.319,18/01/2026,06:51:49,17_T02,39.121450782,10.180313466,0.0,364.25,200.01,-7.627,77.2,38.83,14.52,362.84,4336688.25,1781496.02
00:20:57.319,18/01/2026,06:51:50,17_T02,39.121450985,10.180313651,0.0,364.86,200.21,-7.603,77.2,38.83,14.52,362.84,4336688.27,1781496.04
00:20:58.317,18/01/2026,06:51:51,17_T02,39.121451025,10.180314102,0.0,365.16,200.33,-7.565,77.2,38.82,14.52,364.11,4336688.31,1781496.04
00:20:59.320,18/01/2026,06:51:52,17_T02,39.121450943,10.180314526,0.1,365.26,200.40,-7.535,77.2,38.82,14.52,364.11,4336688.35,1781496.03
00:21:00.319,18/01/2026,06:51:53,17_T02,39.121450894,10.180314540,0.1,365.38,200.55,-7.536,77.2,38.83,14.52,364.66,4336688.35,1781496.03
00:21:01.318,18/01/2026,06:51:54,17_T02,39.121451078,10.180314119,0.1,365.87,200.92,-7.561,77.2,38.83,14.52,364.66,4336688.31,1781496.05
00:21:02.319,18/01/2026,06:51:55,17_T02,39.121451321,10.180313787,0.1,366.71,201.13,-7.577,77.2,38.84,14.53,365.11,4336688.28,1781496.07
00:21:03.318,18/01/2026,06:51:56,17_T02,39.121451593,10.180313934,0.0,367.42,201.27,-7.553,77.2,38.84,14.53,365.11,4336688.30,1781496.10
00:21:04.318,18/01/2026,06:51:57,17_T02,39.121451695,10.180314669,0.1,367.70,201.31,-7.490,77.2,38.82,14.51,366.67,4336688.36,1781496.12
00:21:05.318,18/01/2026,06:51:58,17_T02,39.121451623,10.180315076,0.1,367.73,201.28,-7.461,77.2,38.82,14.51,366.67,4336688.39,1781496.11
00:21:06.318,18/01/2026,06:51:59,17_T02,39.121451475,10.180314978,0.1,367.78,201.19,-7.475,77.2,38.81,14.52,367.15,4336688.39,1781496.09
00:21:07.319,18/01/2026,06:52:00,17_T02,39.121451440,10.180314512,0.1,368.17,201.20,-7.514,77.2,38.81,14.52,367.15,4336688.35,1781496.09
00:21:08.320,18/01/2026,06:52:01,17_T02,39.121451484,10.180313875,0.1,369.04,201.33,-7.562,77.2,38.83,14.51,367.51,4336688.29,1781496.09
00:21:09.319,18/01/2026,06:52:02,17_T02,39.121451883,10.180313421,0.1,370.01,201.65,-7.580,77.2,38.83,14.51,367.51,4336688.25,1781496.14
00:21:10.319,18/01/2026,06:52:03,17_T02,39.121452268,10.180314086,0.1,370.52,201.88,-7.510,77.2,38.82,14.50,369.31,4336688.31,1781496.18
00:21:11.319,18/01/2026,06:52:04,17_T02,39.121452298,10.180314916,0.1,370.75,201.87,-7.443,77.2,38.82,14.50,369.31,4336688.38,1781496.18
00:21:12.318,18/01/2026,06:52:05,17_T02,39.121452194,10.180314891,0.1,371.00,202.07,-7.450,77.2,38.83,14.51,370.12,4336688.38,1781496.17
00:21:13.318,18/01/2026,06:52:06,17_T02,39.121452165,10.180314147,0.1,371.38,202.43,-7.510,77.2,38.83,14.51,370.12,4336688.31,1781496.17
00:21:14.318,18/01/2026,06:52:07,17_T02,39.121452335,10.180313294,0.1,372.00,202.80,-7.570,77.2,38.84,14.53,370.75,4336688.24,1781496.19
00:21:15.318,18/01/2026,06:52:08,17_T02,39.121452489,10.180313075,0.1,372.72,202.86,-7.581,77.2,38.84,14.53,370.75,4336688.22,1781496.20
00:21:16.326,18/01/2026,06:52:09,17_T02,39.121452744,10.180313347,0.1,373.28,202.89,-7.547,77.2,38.81,14.49,372.10,4336688.24,1781496.23
00:21:17.319,18/01/2026,06:52:10,17_T02,39.121452883,10.180313781,0.1,373.67,202.95,-7.507,77.2,38.81,14.49,372.10,4336688.28,1781496.25
00:21:18.318,18/01/2026,06:52:11,17_T02,39.121452982,10.180313745,0.1,373.91,203.12,-7.505,77.2,38.83,14.49,373.06,4336688.28,1781496.26
00:21:19.318,18/01/2026,06:52:12,17_T02,39.121453070,10.180313368,0.1,374.09,203.37,-7.531,77.2,38.83,14.49,373.06,4336688.25,1781496.27
00:21:20.318,18/01/2026,06:52:13,17_T02,39.121453301,10.180313101,0.1,374.46,203.70,-7.542,77.2,38.83,14.50,373.51,4336688.22,1781496.29
00:21:21.318,18/01/2026,06:52:14,17_T02,39.121453570,10.180312761,0.1,375.06,203.95,-7.557,77.2,38.83,14.50,373.51,4336688.19,1781496.32
00:21:22.317,18/01/2026,06:52:15,17_T02,39.121453759,10.180312794,0.1,375.72,203.97,-7.546,77.2,38.80,14.49,374.48,4336688.20,1781496.34
00:21:23.319,18/01/2026,06:52:16,17_T02,39.121454019,10.180313616,0.1,376.19,203.90,-7.469,77.2,38.80,14.49,374.48,4336688.27,1781496.37
00:21:24.323,18/01/2026,06:52:17,17_T02,39.121454108,10.180314394,0.1,376.47,203.75,-7.403,77.2,38.82,14.48,375.59,4336688.33,1781496.38
00:21:25.318,18/01/2026,06:52:18,17_T02,39.121454213,10.180314473,0.1,376.75,203.72,-7.392,77.2,38.82,14.48,375.59,4336688.34,1781496.39
00:21:26.317,18/01/2026,06:52:19,17_T02,39.121454366,10.180314150,0.1,377.11,203.85,-7.411,77.2,38.82,14.48,376.19,4336688.31,1781496.41
00:21:27.318,18/01/2026,06:52:20,17_T02,39.121454332,10.180314236,0.1,377.53,203.94,-7.405,77.2,38.82,14.48,376.19,4336688.32,1781496.41
00:21:28.318,18/01/2026,06:52:21,17_T02,39.121454393,10.180314498,0.1,377.96,203.86,-7.382,77.2,38.81,14.49,376.99,4336688.34,1781496.41
00:21:29.319,18/01/2026,06:52:22,17_T02,39.121454592,10.180314908,0.1,378.40,203.63,-7.340,77.2,38.81,14.49,376.99,4336688.38,1781496.44
00:21:30.319,18/01/2026,06:52:23,17_T02,39.121454862,10.180315312,0.1,378.84,203.44,-7.296,77.2,38.82,14.48,377.90,4336688.41,1781496.47
00:21:31.318,18/01/2026,06:52:24,17_T02,39.121455190,10.180315876,0.1,379.21,203.37,-7.236,77.2,38.82,14.48,377.90,4336688.46,1781496.50
00:21:32.319,18/01/2026,06:52:25,17_T02,39.121455446,10.180316154,0.1,379.53,203.34,-7.203,77.2,38.82,14.48,378.66,4336688.49,1781496.53
00:21:33.318,18/01/2026,06:52:26,17_T02,39.121455675,10.180316183,0.0,379.92,203.32,-7.190,77.2,38.82,14.48,378.66,4336688.49,1781496.56
00:21:34.318,18/01/2026,06:52:27,17_T02,39.121455967,10.180316301,0.1,380.40,203.24,-7.168,77.2,38.82,14.49,379.42,4336688.50,1781496.59
00:21:35.318,18/01/2026,06:52:28,17_T02,39.121456124,10.180316917,0.1,380.90,203.04,-7.112,77.2,38.82,14.49,379.42,4336688.55,1781496.61
00:21:36.316,18/01/2026,06:52:29,17_T02,39.121456321,10.180317479,0.1,381.36,202.80,-7.058,77.2,38.82,14.47,380.42,4336688.60,1781496.63
00:21:37.318,18/01/2026,06:52:30,17_T02,39.121456580,10.180317861,0.1,381.79,202.61,-7.016,77.2,38.82,14.47,380.42,4336688.64,1781496.66
00:21:38.316,18/01/2026,06:52:31,17_T02,39.121456806,10.180318411,0.1,382.27,202.47,-6.962,77.2,38.82,14.47,381.31,4336688.68,1781496.68
00:21:39.319,18/01/2026,06:52:32,17_T02,39.121457104,10.180318681,0.1,382.86,202.35,-6.927,77.2,38.82,14.47,381.31,4336688.71,1781496.71
00:21:40.318,18/01/2026,06:52:33,17_T02,39.121457436,10.180318719,0.1,383.37,202.35,-6.909,77.2,38.82,14.47,382.40,4336688.71,1781496.75
00:21:41.319,18/01/2026,06:52:34,17_T02,39.121457586,10.180318964,0.1,383.59,202.29,-6.883,77.2,38.82,14.47,382.40,4336688.73,1781496.77
00:21:42.333,18/01/2026,06:52:35,17_T02,39.121457820,10.180319424,0.1,383.82,202.18,-6.836,77.2,38.82,14.47,383.03,4336688.77,1781496.79
00:21:43.317,18/01/2026,06:52:36,17_T02,39.121458208,10.180319278,0.1,384.31,202.26,-6.830,77.2,38.82,14.47,383.03,4336688.76,1781496.84
00:21:44.318,18/01/2026,06:52:37,17_T02,39.121458655,10.180319023,0.1,385.11,202.31,-6.830,77.2,38.82,14.48,384.00,4336688.74,1781496.88
00:21:45.317,18/01/2026,06:52:38,17_T02,39.121459244,10.180318917,0.1,385.88,202.49,-6.812,77.2,38.82,14.48,384.00,4336688.73,1781496.95
00:21:46.316,18/01/2026,06:52:39,17_T02,39.121459554,10.180319672,0.1,386.22,202.55,-6.738,77.2,38.82,14.47,385.41,4336688.79,1781496.98
00:21:47.316,18/01/2026,06:52:40,17_T02,39.121459598,10.180320255,0.1,386.25,202.41,-6.690,77.2,38.82,14.47,385.41,4336688.84,1781496.99
00:21:48.319,18/01/2026,06:52:41,17_T02,39.121459680,10.180319973,0.1,386.46,202.38,-6.708,77.2,38.82,14.48,385.67,4336688.82,1781497.00
00:21:49.317,18/01/2026,06:52:42,17_T02,39.121459891,10.180319404,0.1,387.08,202.49,-6.744,77.2,38.82,14.48,385.67,4336688.77,1781497.02
00:21:50.317,18/01/2026,06:52:43,17_T02,39.121460220,10.180319109,0.1,387.95,202.53,-6.753,77.2,38.80,14.49,386.87,4336688.74,1781497.06
00:21:51.317,18/01/2026,06:52:44,17_T02,39.121460669,10.180319144,0.1,388.67,202.64,-6.730,77.2,38.80,14.49,386.87,4336688.75,1781497.11
00:21:52.316,18/01/2026,06:52:45,17_T02,39.121460932,10.180319662,0.1,388.90,202.59,-6.677,77.2,38.82,14.47,388.16,4336688.79,1781497.14
00:21:53.318,18/01/2026,06:52:46,17_T02,39.121461023,10.180319824,0.1,388.86,202.49,-6.660,77.2,38.82,14.47,388.16,4336688.81,1781497.15
00:21:54.317,18/01/2026,06:52:47,17_T02,39.121460954,10.180319845,0.1,388.98,202.46,-6.661,77.2,38.82,14.47,388.25,4336688.81,1781497.14
00:21:55.317,18/01/2026,06:52:48,17_T02,39.121461023,10.180319358,0.1,389.48,202.48,-6.697,77.2,38.82,14.47,388.25,4336688.76,1781497.15
00:21:56.318,18/01/2026,06:52:49,17_T02,39.121461284,10.180318634,0.1,390.28,202.58,-6.742,77.2,38.81,14.49,389.28,4336688.70,1781497.17
00:21:57.318,18/01/2026,06:52:50,17_T02,39.121461693,10.180318711,0.1,391.01,202.79,-6.718,77.2,38.81,14.49,389.28,4336688.71,1781497.22
00:21:58.318,18/01/2026,06:52:51,17_T02,39.121461961,10.180319193,0.1,391.38,202.94,-6.667,77.2,38.82,14.47,390.58,4336688.75,1781497.25
00:21:59.318,18/01/2026,06:52:52,17_T02,39.121462047,10.180319370,0.1,391.56,202.98,-6.650,77.2,38.82,14.47,390.58,4336688.77,1781497.26
00:22:00.318,18/01/2026,06:52:53,17_T02,39.121462172,10.180318842,0.1,391.86,203.15,-6.686,77.2,38.82,14.49,391.07,4336688.72,1781497.27
00:22:01.316,18/01/2026,06:52:54,17_T02,39.121462347,10.180318356,0.1,392.37,203.41,-6.717,77.2,38.82,14.49,391.07,4336688.68,1781497.29
00:22:02.317,18/01/2026,06:52:55,17_T02,39.121462479,10.180317934,0.1,392.88,203.50,-6.744,77.2,38.81,14.48,392.04,4336688.64,1781497.31
00:22:03.319,18/01/2026,06:52:56,17_T02,39.121462457,10.180317941,0.1,393.15,203.37,-6.745,77.2,38.81,14.48,392.04,4336688.64,1781497.30
00:22:04.317,18/01/2026,06:52:57,17_T02,39.121462432,10.180318085,0.1,393.39,203.17,-6.734,77.2,38.81,14.48,392.04,4336688.65,1781497.30
00:22:05.317,18/01/2026,06:52:58,17_T02,39.121462660,10.180318315,0.1,393.83,203.11,-6.706,77.2,38.82,14.47,392.63,4336688.67,1781497.33
00:22:06.316,18/01/2026,06:52:59,17_T02,39.121462875,10.180318167,0.1,394.49,203.04,-6.708,77.2,38.82,14.47,392.63,4336688.66,1781497.35
00:22:07.316,18/01/2026,06:53:00,17_T02,39.121463055,10.180317917,0.1,395.16,203.03,-6.719,77.2,38.80,14.48,393.61,4336688.64,1781497.37
00:22:08.314,18/01/2026,06:53:01,17_T02,39.121463066,10.180317809,0.1,395.55,203.05,-6.728,77.2,38.80,14.48,393.61,4336688.63,1781497.37
00:22:09.319,18/01/2026,06:53:02,17_T02,39.121462912,10.180318711,0.1,395.70,202.99,-6.663,77.2,38.82,14.47,394.77,4336688.71,1781497.35
00:22:10.317,18/01/2026,06:53:03,17_T02,39.121462790,10.180318940,0.1,395.83,203.04,-6.650,77.2,38.82,14.47,394.77,4336688.73,1781497.34
00:22:11.316,18/01/2026,06:53:04,17_T02,39.121462824,10.180318277,0.1,396.23,203.22,-6.701,77.2,38.82,14.48,395.10,4336688.67,1781497.34
00:22:12.316,18/01/2026,06:53:05,17_T02,39.121462932,10.180317548,0.1,396.97,203.41,-6.754,77.2,38.82,14.48,395.10,4336688.61,1781497.36
00:22:13.319,18/01/2026,06:53:06,17_T02,39.121463185,10.180317554,0.1,397.74,203.60,-6.742,77.2,38.80,14.49,396.11,4336688.61,1781497.38
00:22:14.317,18/01/2026,06:53:07,17_T02,39.121463292,10.180317842,0.1,398.11,203.81,-6.715,77.2,38.80,14.49,396.11,4336688.63,1781497.40
00:22:15.317,18/01/2026,06:53:08,17_T02,39.121463124,10.180317979,0.1,398.16,203.88,-6.711,77.2,38.82,14.47,397.35,4336688.64,1781497.38
00:22:16.318,18/01/2026,06:53:09,17_T02,39.121462943,10.180317959,0.0,398.25,204.02,-6.721,77.2,38.82,14.47,397.35,4336688.64,1781497.36
00:22:17.316,18/01/2026,06:53:10,17_T02,39.121462893,10.180317219,0.0,398.67,204.32,-6.782,77.2,38.82,14.47,397.53,4336688.58,1781497.35
00:22:18.317,18/01/2026,06:53:11,17_T02,39.121462881,10.180316414,0.1,399.40,204.55,-6.847,77.2,38.82,14.47,397.53,4336688.51,1781497.35
00:22:19.319,18/01/2026,06:53:12,17_T02,39.121462920,10.180315975,0.1,400.07,204.76,-6.880,77.2,38.79,14.50,398.57,4336688.47,1781497.35
00:22:20.318,18/01/2026,06:53:13,17_T02,39.121462786,10.180316650,0.0,400.43,204.84,-6.832,77.2,38.79,14.50,398.57,4336688.53,1781497.34
00:22:21.316,18/01/2026,06:53:14,17_T02,39.121462544,10.180317004,0.0,400.69,204.87,-6.815,77.2,38.82,14.46,399.68,4336688.56,1781497.31
00:22:22.318,18/01/2026,06:53:15,17_T02,39.121462342,10.180316463,0.0,400.99,205.07,-6.867,77.2,38.82,14.46,399.68,4336688.51,1781497.29
00:22:23.317,18/01/2026,06:53:16,17_T02,39.121462164,10.180315670,0.0,401.43,205.32,-6.938,77.2,38.82,14.49,400.26,4336688.44,1781497.27
00:22:24.317,18/01/2026,06:53:17,17_T02,39.121462133,10.180315687,0.0,401.98,205.47,-6.938,77.2,38.82,14.49,400.26,4336688.45,1781497.27
00:22:25.314,18/01/2026,06:53:18,17_T02,39.121461982,10.180315824,0.0,402.39,205.46,-6.934,77.2,38.81,14.47,401.22,4336688.46,1781497.25
00:22:26.317,18/01/2026,06:53:19,17_T02,39.121461636,10.180316000,0.0,402.63,205.31,-6.936,77.2,38.81,14.47,401.22,4336688.47,1781497.21
00:22:27.316,18/01/2026,06:53:20,17_T02,39.121461299,10.180315820,0.1,403.00,205.25,-6.965,77.2,38.83,14.47,401.90,4336688.46,1781497.18
00:22:28.314,18/01/2026,06:53:21,17_T02,39.121461167,10.180315763,0.1,403.59,205.36,-6.976,77.2,38.83,14.47,401.90,4336688.45,1781497.16
00:22:29.316,18/01/2026,06:53:22,17_T02,39.121460998,10.180315415,0.1,404.19,205.57,-7.011,77.2,38.80,14.49,402.88,4336688.42,1781497.14
00:22:30.316,18/01/2026,06:53:23,17_T02,39.121460664,10.180315084,0.1,404.51,205.65,-7.052,77.2,38.80,14.49,402.88,4336688.39,1781497.11
00:22:31.316,18/01/2026,06:53:24,17_T02,39.121460164,10.180315051,0.1,404.67,205.55,-7.077,77.2,38.82,14.46,403.78,4336688.39,1781497.05
00:22:32.316,18/01/2026,06:53:25,17_T02,39.121459995,10.180315118,0.1,405.01,205.56,-7.080,77.2,38.82,14.46,403.78,4336688.40,1781497.03
00:22:33.317,18/01/2026,06:53:26,17_T02,39.121459819,10.180314739,0.1,405.61,205.63,-7.118,77.2,38.83,14.47,404.31,4336688.36,1781497.01
00:22:34.318,18/01/2026,06:53:27,17_T02,39.121459587,10.180314243,0.1,406.27,205.69,-7.168,77.2,38.83,14.47,404.31,4336688.32,1781496.99
00:22:35.317,18/01/2026,06:53:28,17_T02,39.121459346,10.180313910,0.1,406.72,205.81,-7.205,77.2,38.82,14.46,405.57,4336688.29,1781496.96
00:22:36.326,18/01/2026,06:53:29,17_T02,39.121458836,10.180314459,0.1,406.95,205.77,-7.184,77.2,38.82,14.46,405.57,4336688.34,1781496.90
00:22:37.316,18/01/2026,06:53:30,17_T02,39.121458325,10.180314430,0.1,407.11,205.79,-7.210,77.2,38.83,14.47,406.22,4336688.34,1781496.85
00:22:38.320,18/01/2026,06:53:31,17_T02,39.121457887,10.180313800,0.1,407.42,205.89,-7.280,77.2,38.83,14.47,406.22,4336688.28,1781496.80
00:22:39.319,18/01/2026,06:53:32,17_T02,39.121457617,10.180312882,0.1,408.01,206.13,-7.365,77.2,38.84,14.48,406.74,4336688.20,1781496.77
00:22:40.316,18/01/2026,06:53:33,17_T02,39.121457356,10.180313071,0.1,408.70,206.24,-7.361,77.2,38.84,14.48,406.74,4336688.22,1781496.74
00:22:41.315,18/01/2026,06:53:34,17_T02,39.121457043,10.180313289,0.1,409.15,206.30,-7.358,77.2,38.82,14.45,408.01,4336688.24,1781496.71
00:22:42.315,18/01/2026,06:53:35,17_T02,39.121456604,10.180313331,0.1,409.43,206.27,-7.375,77.2,38.82,14.45,408.01,4336688.24,1781496.66
00:22:43.316,18/01/2026,06:53:36,17_T02,39.121456187,10.180312883,0.1,409.75,206.38,-7.429,77.2,38.83,14.47,408.74,4336688.20,1781496.61
00:22:44.316,18/01/2026,06:53:37,17_T02,39.121456112,10.180312801,0.1,410.13,206.56,-7.439,77.2,38.83,14.47,408.74,4336688.20,1781496.60
00:22:45.315,18/01/2026,06:53:38,17_T02,39.121455862,10.180312400,0.1,410.57,206.66,-7.482,77.2,38.81,14.48,409.47,4336688.16,1781496.58
00:22:46.317,18/01/2026,06:53:39,17_T02,39.121455517,10.180311834,0.1,411.08,206.72,-7.543,77.2,38.81,14.48,409.47,4336688.11,1781496.54
00:22:47.314,18/01/2026,06:53:40,17_T02,39.121455125,10.180311521,0.1,411.54,206.69,-7.585,77.2,38.82,14.46,410.43,4336688.08,1781496.49
00:22:48.315,18/01/2026,06:53:41,17_T02,39.121454602,10.180311841,0.1,411.92,206.67,-7.583,77.2,38.82,14.46,410.43,4336688.11,1781496.44
00:22:49.315,18/01/2026,06:53:42,17_T02,39.121454138,10.180311649,0.1,412.22,206.73,-7.619,77.2,38.82,14.47,411.23,4336688.10,1781496.38
00:22:50.317,18/01/2026,06:53:43,17_T02,39.121453759,10.180310988,0.1,412.61,206.85,-7.689,77.2,38.82,14.47,411.23,4336688.04,1781496.34
00:22:51.318,18/01/2026,06:53:44,17_T02,39.121453424,10.180310169,0.1,413.11,206.99,-7.769,77.2,38.83,14.48,411.99,4336687.97,1781496.31
00:22:52.315,18/01/2026,06:53:45,17_T02,39.121453054,10.180310022,0.1,413.56,207.01,-7.798,77.2,38.83,14.48,411.99,4336687.95,1781496.26
00:22:53.315,18/01/2026,06:53:46,17_T02,39.121452510,10.180310003,0.1,413.91,206.93,-7.824,77.2,38.83,14.46,412.89,4336687.95,1781496.21
00:22:54.320,18/01/2026,06:53:47,17_T02,39.121452084,10.180309609,0.1,414.33,206.92,-7.874,77.2,38.83,14.46,412.89,4336687.92,1781496.16
00:22:55.317,18/01/2026,06:53:48,17_T02,39.121451737,10.180308990,0.1,414.83,207.04,-7.939,77.2,38.82,14.48,413.73,4336687.86,1781496.12
00:22:56.317,18/01/2026,06:53:49,17_T02,39.121451408,10.180308967,0.1,415.24,207.13,-7.956,77.2,38.82,14.48,413.73,4336687.86,1781496.08
00:22:57.317,18/01/2026,06:53:50,17_T02,39.121450987,10.180308946,0.1,415.54,207.11,-7.976,77.2,38.83,14.46,414.58,4336687.86,1781496.04
00:22:58.317,18/01/2026,06:53:51,17_T02,39.121450512,10.180308441,0.1,415.87,207.03,-8.038,77.2,38.83,14.46,414.58,4336687.82,1781495.98
00:22:59.318,18/01/2026,06:53:52,17_T02,39.121450044,10.180307896,0.1,416.28,206.99,-8.102,77.2,38.83,14.47,415.27,4336687.77,1781495.93
00:23:00.316,18/01/2026,06:53:53,17_T02,39.121449576,10.180307248,0.1,416.77,206.99,-8.175,77.2,38.83,14.47,415.27,4336687.71,1781495.88
00:23:01.315,18/01/2026,06:53:54,17_T02,39.121449182,10.180306650,0.1,417.25,207.00,-8.240,77.2,38.82,14.46,416.21,4336687.66,1781495.84
00:23:02.321,18/01/2026,06:53:55,17_T02,39.121448829,10.180306174,0.1,417.63,207.00,-8.294,77.2,38.82,14.46,416.21,4336687.62,1781495.80
00:23:03.317,18/01/2026,06:53:56,17_T02,39.121448504,10.180305656,0.1,417.98,207.02,-8.349,77.2,38.82,14.46,417.03,4336687.58,1781495.76
00:23:04.316,18/01/2026,06:53:57,17_T02,39.121448213,10.180305748,0.1,418.33,207.10,-8.355,77.2,38.82,14.46,417.03,4336687.58,1781495.73
00:23:05.317,18/01/2026,06:53:58,17_T02,39.121447850,10.180305410,0.1,418.73,207.21,-8.399,77.2,38.82,14.47,417.73,4336687.55,1781495.69
00:23:06.317,18/01/2026,06:53:59,17_T02,39.121447478,10.180304687,0.1,419.22,207.34,-8.473,77.2,38.82,14.47,417.73,4336687.49,1781495.65
00:23:07.318,18/01/2026,06:54:00,17_T02,39.121447135,10.180304009,0.1,419.68,207.45,-8.542,77.2,38.82,14.46,418.70,4336687.43,1781495.61
00:23:08.315,18/01/2026,06:54:01,17_T02,39.121446692,10.180304699,0.1,419.98,207.41,-8.507,77.2,38.82,14.46,418.70,4336687.49,1781495.56
00:23:09.317,18/01/2026,06:54:02,17_T02,39.121446313,10.180304819,0.1,420.28,207.33,-8.515,77.2,38.83,14.46,419.36,4336687.50,1781495.52
00:23:10.316,18/01/2026,06:54:03,17_T02,39.121445988,10.180304187,0.1,420.72,207.31,-8.580,77.2,38.83,14.46,419.36,4336687.45,1781495.48
00:23:11.316,18/01/2026,06:54:04,17_T02,39.121445645,10.180303559,0.1,421.22,207.28,-8.645,77.2,38.81,14.47,420.21,4336687.39,1781495.45
00:23:12.314,18/01/2026,06:54:05,17_T02,39.121445211,10.180303531,0.1,421.68,207.23,-8.667,77.2,38.81,14.47,420.21,4336687.39,1781495.40
00:23:13.315,18/01/2026,06:54:06,17_T02,39.121444760,10.180303422,0.1,422.07,207.18,-8.696,77.2,38.82,14.45,421.11,4336687.38,1781495.35
00:23:14.314,18/01/2026,06:54:07,17_T02,39.121444419,10.180303026,0.1,422.39,207.16,-8.743,77.2,38.82,14.45,421.11,4336687.35,1781495.31
00:23:15.315,18/01/2026,06:54:08,17_T02,39.121444095,10.180302439,0.1,422.72,207.19,-8.804,77.2,38.83,14.46,421.80,4336687.30,1781495.27
00:23:16.315,18/01/2026,06:54:09,17_T02,39.121443623,10.180302588,0.1,423.16,207.27,-8.813,77.2,38.83,14.46,421.80,4336687.31,1781495.22
00:23:17.316,18/01/2026,06:54:10,17_T02,39.121443201,10.180302372,0.1,423.65,207.35,-8.849,77.2,38.81,14.45,422.69,4336687.29,1781495.18
00:23:18.315,18/01/2026,06:54:11,17_T02,39.121442814,10.180301896,0.1,424.04,207.34,-8.905,77.2,38.81,14.45,422.69,4336687.25,1781495.13
00:23:19.317,18/01/2026,06:54:12,17_T02,39.121442382,10.180301587,0.1,424.38,207.25,-8.949,77.2,38.81,14.45,422.69,4336687.22,1781495.09
00:23:20.315,18/01/2026,06:54:13,17_T02,39.121442002,10.180302153,0.1,424.79,207.21,-8.921,77.2,38.83,14.45,423.46,4336687.27,1781495.04
00:23:21.315,18/01/2026,06:54:14,17_T02,39.121441705,10.180302135,0.1,425.16,207.17,-8.936,77.2,38.83,14.45,423.46,4336687.27,1781495.01
00:23:22.315,18/01/2026,06:54:15,17_T02,39.121441368,10.180301634,0.1,425.53,207.11,-8.991,77.2,38.81,14.46,424.26,4336687.23,1781494.97
00:23:23.316,18/01/2026,06:54:16,17_T02,39.121441048,10.180301106,0.1,425.96,207.10,-9.047,77.2,38.81,14.46,424.26,4336687.18,1781494.94
00:23:24.315,18/01/2026,06:54:17,17_T02,39.121440610,10.180301295,0.1,426.44,207.14,-9.052,77.2,38.83,14.45,425.02,4336687.20,1781494.89
00:23:25.315,18/01/2026,06:54:18,17_T02,39.121440262,10.180301229,0.1,426.92,207.24,-9.073,77.2,38.83,14.45,425.02,4336687.19,1781494.85
00:23:26.315,18/01/2026,06:54:19,17_T02,39.121440017,10.180300879,0.1,427.31,207.30,-9.112,77.2,38.82,14.44,425.99,4336687.16,1781494.82
00:23:27.322,18/01/2026,06:54:20,17_T02,39.121439751,10.180300508,0.1,427.64,207.35,-9.153,77.2,38.82,14.44,425.99,4336687.13,1781494.80
00:23:28.320,18/01/2026,06:54:21,17_T02,39.121439323,10.180300656,0.1,427.93,207.41,-9.161,77.2,38.82,14.44,426.77,4336687.14,1781494.75
00:23:29.314,18/01/2026,06:54:22,17_T02,39.121438930,10.180300471,0.1,428.24,207.44,-9.193,77.2,38.82,14.44,426.77,4336687.13,1781494.70
00:23:30.316,18/01/2026,06:54:23,17_T02,39.121438674,10.180299876,0.1,428.70,207.51,-9.252,77.2,38.82,14.45,427.37,4336687.08,1781494.68
00:23:31.315,18/01/2026,06:54:24,17_T02,39.121438456,10.180299374,0.1,429.27,207.55,-9.302,77.2,38.82,14.45,427.37,4336687.03,1781494.65
00:23:32.314,18/01/2026,06:54:25,17_T02,39.121438360,10.180299730,0.1,429.78,207.57,-9.278,77.2,38.81,14.44,428.38,4336687.06,1781494.64
00:23:33.315,18/01/2026,06:54:26,17_T02,39.121438162,10.180299916,0.1,430.09,207.56,-9.272,77.2,38.81,14.44,428.38,4336687.08,1781494.62
00:23:34.313,18/01/2026,06:54:27,17_T02,39.121437917,10.180299607,0.1,430.31,207.58,-9.307,77.2,38.82,14.44,429.26,4336687.05,1781494.59
00:23:35.315,18/01/2026,06:54:28,17_T02,39.121437651,10.180299059,0.1,430.61,207.64,-9.363,77.2,38.82,14.44,429.26,4336687.00,1781494.56
00:23:36.314,18/01/2026,06:54:29,17_T02,39.121437237,10.180299259,0.1,431.05,207.75,-9.366,77.2,38.83,14.46,429.76,4336687.02,1781494.52
00:23:37.314,18/01/2026,06:54:30,17_T02,39.121437051,10.180299076,0.1,431.65,207.82,-9.389,77.2,38.83,14.46,429.76,4336687.01,1781494.50
00:23:38.317,18/01/2026,06:54:31,17_T02,39.121437006,10.180298827,0.1,432.25,207.84,-9.410,77.2,38.81,14.44,430.80,4336686.98,1781494.49
00:23:39.316,18/01/2026,06:54:32,17_T02,39.121436925,10.180298811,0.1,432.61,207.84,-9.415,77.2,38.81,14.44,430.80,4336686.98,1781494.48
00:23:40.315,18/01/2026,06:54:33,17_T02,39.121436687,10.180299351,0.1,432.77,207.77,-9.383,77.2,38.82,14.44,431.76,4336687.03,1781494.46
00:23:41.314,18/01/2026,06:54:34,17_T02,39.121436450,10.180299268,0.1,432.96,207.77,-9.400,77.2,38.82,14.44,431.76,4336687.02,1781494.43
00:23:42.315,18/01/2026,06:54:35,17_T02,39.121436260,10.180298688,0.1,433.31,207.81,-9.455,77.2,38.83,14.47,432.16,4336686.97,1781494.41
00:23:43.324,18/01/2026,06:54:36,17_T02,39.121436169,10.180298103,0.1,433.83,207.87,-9.506,77.2,38.83,14.47,432.16,4336686.92,1781494.40
00:23:44.314,18/01/2026,06:54:37,17_T02,39.121436274,10.180298365,0.1,434.44,207.83,-9.480,77.2,38.79,14.46,433.03,4336686.94,1781494.41
00:23:45.318,18/01/2026,06:54:38,17_T02,39.121436394,10.180298605,0.1,434.97,207.80,-9.456,77.2,38.79,14.46,433.03,4336686.96,1781494.42
00:23:46.317,18/01/2026,06:54:39,17_T02,39.121436352,10.180298713,0.1,435.36,207.77,-9.449,77.2,38.82,14.43,434.16,4336686.97,1781494.42
00:23:47.313,18/01/2026,06:54:40,17_T02,39.121436272,10.180298589,0.1,435.69,207.79,-9.462,77.2,38.82,14.43,434.16,4336686.96,1781494.41
00:23:48.314,18/01/2026,06:54:41,17_T02,39.121435986,10.180298969,0.1,435.96,207.83,-9.445,77.2,38.82,14.44,434.90,4336687.00,1781494.38
00:23:49.314,18/01/2026,06:54:42,17_T02,39.121435780,10.180299016,0.1,436.20,207.81,-9.451,77.2,38.82,14.44,434.90,4336687.00,1781494.36
00:23:50.313,18/01/2026,06:54:43,17_T02,39.121435730,10.180298672,0.1,436.57,207.76,-9.480,77.2,38.82,14.46,435.41,4336686.97,1781494.35
00:23:51.315,18/01/2026,06:54:44,17_T02,39.121435740,10.180298393,0.1,437.11,207.69,-9.502,77.2,38.82,14.46,435.41,4336686.95,1781494.35
00:23:52.315,18/01/2026,06:54:45,17_T02,39.121435772,10.180298759,0.1,437.72,207.55,-9.472,77.2,38.81,14.43,436.35,4336686.98,1781494.36
00:23:53.314,18/01/2026,06:54:46,17_T02,39.121435847,10.180299052,0.1,438.19,207.47,-9.445,77.2,38.81,14.43,436.35,4336687.00,1781494.36
00:23:54.316,18/01/2026,06:54:47,17_T02,39.121435760,10.180299330,0.1,438.41,207.25,-9.427,77.2,38.82,14.43,437.39,4336687.03,1781494.35
00:23:55.314,18/01/2026,06:54:48,17_T02,39.121435624,10.180299235,0.1,438.64,207.06,-9.440,77.2,38.82,14.43,437.39,4336687.02,1781494.34
00:23:56.313,18/01/2026,06:54:49,17_T02,39.121435328,10.180299020,0.1,439.01,207.04,-9.471,77.2,38.82,14.44,437.89,4336687.00,1781494.31
00:23:57.314,18/01/2026,06:54:50,17_T02,39.121435122,10.180298669,0.1,439.39,207.02,-9.508,77.2,38.82,14.44,437.89,4336686.97,1781494.28
00:23:58.313,18/01/2026,06:54:51,17_T02,39.121435082,10.180298472,0.1,439.86,206.90,-9.525,77.2,38.80,14.45,438.66,4336686.95,1781494.28
00:23:59.316,18/01/2026,06:54:52,17_T02,39.121435167,10.180298414,0.1,440.44,206.76,-9.526,77.2,38.80,14.45,438.66,4336686.95,1781494.29
00:24:00.315,18/01/2026,06:54:53,17_T02,39.121435285,10.180298525,0.1,440.92,206.61,-9.512,77.2,38.82,14.43,439.73,4336686.96,1781494.30
00:24:01.314,18/01/2026,06:54:54,17_T02,39.121435360,10.180299079,0.1,441.21,206.42,-9.465,77.2,38.82,14.43,439.73,4336687.01,1781494.31
00:24:02.314,18/01/2026,06:54:55,17_T02,39.121435305,10.180299208,0.0,441.51,206.27,-9.457,77.2,38.82,14.43,440.44,4336687.02,1781494.30
00:24:03.313,18/01/2026,06:54:56,17_T02,39.121435283,10.180298879,0.0,441.89,206.28,-9.487,77.2,38.82,14.43,440.44,4336686.99,1781494.30
00:24:04.316,18/01/2026,06:54:57,17_T02,39.121435248,10.180298542,0.0,442.24,206.21,-9.512,77.2,38.80,14.43,441.16,4336686.96,1781494.30
00:24:05.313,18/01/2026,06:54:58,17_T02,39.121435051,10.180299051,0.0,442.58,206.02,-9.481,77.2,38.80,14.43,441.16,4336687.00,1781494.28
00:24:06.312,18/01/2026,06:54:59,17_T02,39.121435028,10.180299336,0.0,443.05,205.84,-9.459,77.2,38.83,14.42,441.89,4336687.03,1781494.27
00:24:07.313,18/01/2026,06:55:00,17_T02,39.121435166,10.180299396,0.0,443.57,205.72,-9.448,77.2,38.83,14.42,441.89,4336687.03,1781494.29
00:24:08.313,18/01/2026,06:55:01,17_T02,39.121435297,10.180299433,0.0,444.00,205.65,-9.439,77.2,38.81,14.42,442.91,4336687.04,1781494.30
00:24:09.313,18/01/2026,06:55:02,17_T02,39.121435158,10.180299924,0.0,444.31,205.58,-9.407,77.2,38.81,14.42,442.91,4336687.08,1781494.29
00:24:10.323,18/01/2026,06:55:03,17_T02,39.121435025,10.180300074,0.0,444.63,205.54,-9.401,77.2,38.81,14.42,443.59,4336687.09,1781494.27
00:24:11.315,18/01/2026,06:55:04,17_T02,39.121435028,10.180299866,0.0,445.02,205.56,-9.417,77.2,38.81,14.42,443.59,4336687.07,1781494.27
00:24:12.313,18/01/2026,06:55:05,17_T02,39.121435082,10.180299733,0.0,445.47,205.50,-9.425,77.2,38.81,14.42,444.35,4336687.06,1781494.28
00:24:13.313,18/01/2026,06:55:06,17_T02,39.121435040,10.180299947,0.0,445.96,205.33,-9.410,77.2,38.81,14.42,444.35,4336687.08,1781494.28
00:24:14.314,18/01/2026,06:55:07,17_T02,39.121435083,10.180300166,0.0,446.43,205.08,-9.391,77.2,38.81,14.41,445.32,4336687.10,1781494.28
00:24:15.315,18/01/2026,06:55:08,17_T02,39.121435187,10.180300322,0.0,446.82,204.85,-9.374,77.2,38.81,14.41,445.32,4336687.11,1781494.29
00:24:16.323,18/01/2026,06:55:09,17_T02,39.121435203,10.180300398,0.0,447.14,204.64,-9.367,77.2,38.81,14.41,446.13,4336687.12,1781494.29
00:24:17.316,18/01/2026,06:55:10,17_T02,39.121435208,10.180300656,0.0,447.41,204.44,-9.346,77.2,38.81,14.41,446.13,4336687.14,1781494.29
00:24:18.314,18/01/2026,06:55:11,17_T02,39.121435213,10.180300752,0.0,447.69,204.24,-9.338,77.2,38.82,14.42,446.71,4336687.15,1781494.29
00:24:19.315,18/01/2026,06:55:12,17_T02,39.121435259,10.180300676,0.0,448.07,204.02,-9.342,77.2,38.82,14.42,446.71,4336687.15,1781494.30
00:24:20.314,18/01/2026,06:55:13,17_T02,39.121435362,10.180300692,0.0,448.58,203.76,-9.337,77.2,38.80,14.42,447.47,4336687.15,1781494.31
00:24:21.314,18/01/2026,06:55:14,17_T02,39.121435531,10.180300760,0.0,449.18,203.50,-9.323,77.2,38.80,14.42,447.47,4336687.15,1781494.33
00:24:22.313,18/01/2026,06:55:15,17_T02,39.121435649,10.180301014,0.0,449.70,203.33,-9.298,77.2,38.81,14.40,448.62,4336687.17,1781494.34
00:24:23.314,18/01/2026,06:55:16,17_T02,39.121435645,10.180301321,0.0,449.98,203.15,-9.274,77.2,38.81,14.40,448.62,4336687.20,1781494.34
00:24:24.314,18/01/2026,06:55:17,17_T02,39.121435596,10.180301415,0.0,450.18,202.93,-9.268,77.2,38.82,14.40,449.24,4336687.21,1781494.34
00:24:25.313,18/01/2026,06:55:18,17_T02,39.121435560,10.180301275,0.0,450.46,202.77,-9.281,77.2,38.82,14.40,449.24,4336687.20,1781494.33
00:24:26.315,18/01/2026,06:55:19,17_T02,39.121435431,10.180301264,0.0,450.88,202.67,-9.288,77.2,38.82,14.41,449.85,4336687.20,1781494.32
00:24:27.313,18/01/2026,06:55:20,17_T02,39.121435519,10.180301081,0.0,451.53,202.56,-9.299,77.2,38.82,14.41,449.85,4336687.18,1781494.33
00:24:28.313,18/01/2026,06:55:21,17_T02,39.121435757,10.180301169,0.0,452.18,202.36,-9.281,77.2,38.81,14.40,451.12,4336687.19,1781494.35
00:24:29.315,18/01/2026,06:55:22,17_T02,39.121435933,10.180301583,0.0,452.49,202.14,-9.240,77.2,38.81,14.40,451.12,4336687.22,1781494.37
00:24:30.314,18/01/2026,06:55:23,17_T02,39.121435674,10.180302090,0.0,452.57,201.85,-9.211,77.2,38.81,14.40,451.12,4336687.27,1781494.35
00:24:31.314,18/01/2026,06:55:24,17_T02,39.121435444,10.180302057,0.0,452.77,201.66,-9.224,77.2,38.82,14.41,451.72,4336687.27,1781494.32
00:24:32.313,18/01/2026,06:55:25,17_T02,39.121435423,10.180301556,0.0,453.21,201.61,-9.265,77.2,38.82,14.41,451.72,4336687.22,1781494.32
00:24:33.312,18/01/2026,06:55:26,17_T02,39.121435451,10.180301200,0.0,453.81,201.51,-9.292,77.2,38.83,14.43,452.22,4336687.19,1781494.32
00:24:34.315,18/01/2026,06:55:27,17_T02,39.121435702,10.180301577,0.0,454.36,201.34,-9.251,77.2,38.83,14.43,452.22,4336687.22,1781494.35
00:24:35.312,18/01/2026,06:55:28,17_T02,39.121435854,10.180302102,0.0,454.72,201.10,-9.202,77.2,38.81,14.40,453.40,4336687.27,1781494.37
00:24:36.313,18/01/2026,06:55:29,17_T02,39.121435916,10.180302392,0.0,454.98,200.85,-9.176,77.2,38.81,14.40,453.40,4336687.29,1781494.37
00:24:37.314,18/01/2026,06:55:30,17_T02,39.121435983,10.180302263,0.0,455.26,200.74,-9.184,77.2,38.81,14.40,454.08,4336687.28,1781494.38
00:24:38.314,18/01/2026,06:55:31,17_T02,39.121436018,10.180302487,0.0,455.67,200.69,-9.164,77.2,38.81,14.40,454.08,4336687.30,1781494.38
00:24:39.321,18/01/2026,06:55:32,17_T02,39.121436125,10.180302487,0.0,456.22,200.59,-9.160,77.2,38.81,14.41,454.74,4336687.30,1781494.40
00:24:40.314,18/01/2026,06:55:33,17_T02,39.121436307,10.180302429,0.0,456.77,200.45,-9.156,77.2,38.81,14.41,454.74,4336687.30,1781494.42
00:24:41.311,18/01/2026,06:55:34,17_T02,39.121436398,10.180302652,0.0,457.11,200.30,-9.134,77.2,38.81,14.40,455.82,4336687.32,1781494.43
00:24:42.313,18/01/2026,06:55:35,17_T02,39.121436397,10.180302900,0.0,457.32,200.10,-9.114,77.2,38.81,14.40,455.82,4336687.34,1781494.43
00:24:43.314,18/01/2026,06:55:36,17_T02,39.121436506,10.180303123,0.0,457.63,200.03,-9.092,77.2,38.81,14.40,456.45,4336687.36,1781494.44
00:24:44.314,18/01/2026,06:55:37,17_T02,39.121436652,10.180302988,0.0,458.07,200.01,-9.096,77.2,38.81,14.40,456.45,4336687.35,1781494.45
00:24:45.311,18/01/2026,06:55:38,17_T02,39.121436825,10.180302726,0.0,458.61,199.91,-9.109,77.2,38.81,14.41,457.18,4336687.32,1781494.47
00:24:46.314,18/01/2026,06:55:39,17_T02,39.121437007,10.180302727,0.0,459.13,199.71,-9.101,77.2,38.81,14.41,457.18,4336687.32,1781494.49
00:24:47.313,18/01/2026,06:55:40,17_T02,39.121437021,10.180303405,0.0,459.45,199.48,-9.046,77.2,38.81,14.40,458.23,4336687.38,1781494.49
00:24:48.327,18/01/2026,06:55:41,17_T02,39.121436986,10.180303920,0.0,459.58,199.22,-9.007,77.2,38.81,14.40,458.23,4336687.43,1781494.49
00:24:49.327,18/01/2026,06:55:42,17_T02,39.121437012,10.180303871,0.0,459.77,199.08,-9.010,77.2,38.81,14.40,458.73,4336687.42,1781494.49
00:24:50.313,18/01/2026,06:55:43,17_T02,39.121437178,10.180303350,0.0,460.29,199.09,-9.043,77.2,38.81,14.40,458.73,4336687.38,1781494.51
00:24:51.313,18/01/2026,06:55:44,17_T02,39.121437438,10.180302963,0.0,461.07,198.99,-9.062,77.2,38.80,14.41,459.42,4336687.34,1781494.54
00:24:52.328,18/01/2026,06:55:45,17_T02,39.121437761,10.180303087,0.0,461.77,198.95,-9.038,77.2,38.80,14.41,459.42,4336687.35,1781494.58
00:24:53.312,18/01/2026,06:55:46,17_T02,39.121437843,10.180303555,0.0,462.05,198.84,-8.997,77.2,38.81,14.39,460.86,4336687.40,1781494.59
00:24:54.312,18/01/2026,06:55:47,17_T02,39.121437822,10.180303779,0.0,462.00,198.68,-8.980,77.2,38.81,14.39,460.86,4336687.41,1781494.58
00:24:55.314,18/01/2026,06:55:48,17_T02,39.121437733,10.180303537,0.0,462.00,198.57,-9.004,77.2,38.80,14.40,461.17,4336687.39,1781494.57
00:24:56.311,18/01/2026,06:55:49,17_T02,39.121437782,10.180302904,0.0,462.48,198.64,-9.052,77.2,38.80,14.40,461.17,4336687.34,1781494.58
00:24:57.325,18/01/2026,06:55:50,17_T02,39.121438022,10.180302169,0.0,463.41,198.67,-9.099,77.2,38.80,14.41,461.67,4336687.27,1781494.60
00:24:58.314,18/01/2026,06:55:51,17_T02,39.121438424,10.180301838,0.1,464.21,198.90,-9.107,77.2,38.80,14.41,461.67,4336687.25,1781494.65
00:24:59.313,18/01/2026,06:55:52,17_T02,39.121438590,10.180302467,0.1,464.42,198.81,-9.050,77.2,38.81,14.38,463.34,4336687.30,1781494.67
00:25:00.326,18/01/2026,06:55:53,17_T02,39.121438557,10.180302671,0.1,464.29,198.73,-9.035,77.2,38.81,14.38,463.34,4336687.32,1781494.66
00:25:01.327,18/01/2026,06:55:54,17_T02,39.121438557,10.180302228,0.1,464.34,198.79,-9.070,77.2,38.80,14.39,463.48,4336687.28,1781494.66
00:25:02.326,18/01/2026,06:55:55,17_T02,39.121438680,10.180301476,0.1,464.96,198.98,-9.125,77.2,38.80,14.39,463.48,4336687.21,1781494.68
00:25:03.313,18/01/2026,06:55:56,17_T02,39.121438938,10.180300663,0.1,465.89,199.22,-9.177,77.2,38.81,14.40,464.23,4336687.14,1781494.71
00:25:04.326,18/01/2026,06:55:57,17_T02,39.121439326,10.180300368,0.1,466.53,199.56,-9.183,77.2,38.81,14.40,464.23,4336687.12,1781494.75
00:25:05.313,18/01/2026,06:55:58,17_T02,39.121439518,10.180300943,0.1,466.70,199.66,-9.129,77.2,38.81,14.38,465.70,4336687.17,1781494.77
00:25:06.326,18/01/2026,06:55:59,17_T02,39.121439537,10.180300863,0.1,466.70,199.80,-9.135,77.2,38.81,14.38,465.70,4336687.16,1781494.77
00:25:07.327,18/01/2026,06:56:00,17_T02,39.121439505,10.180300062,0.1,466.83,200.05,-9.200,77.2,38.80,14.39,465.88,4336687.09,1781494.77
00:25:08.312,18/01/2026,06:56:01,17_T02,39.121439631,10.180299037,0.1,467.39,200.32,-9.275,77.2,38.80,14.39,465.88,4336687.00,1781494.78
00:25:09.317,18/01/2026,06:56:02,17_T02,39.121439968,10.180298300,0.1,468.23,200.38,-9.319,77.2,38.81,14.40,466.72,4336686.94,1781494.82
00:25:10.312,18/01/2026,06:56:03,17_T02,39.121440366,10.180298238,0.1,468.82,200.44,-9.306,77.2,38.81,14.40,466.72,4336686.93,1781494.86
00:25:11.329,18/01/2026,06:56:04,17_T02,39.121440531,10.180298748,0.1,469.03,200.32,-9.258,77.2,38.81,14.37,468.03,4336686.98,1781494.88
00:25:12.317,18/01/2026,06:56:05,17_T02,39.121440577,10.180298673,0.1,469.10,200.25,-9.262,77.2,38.81,14.37,468.03,4336686.97,1781494.89
00:25:13.327,18/01/2026,06:56:06,17_T02,39.121440662,10.180298060,0.1,469.26,200.30,-9.306,77.2,38.80,14.38,468.29,4336686.92,1781494.90
00:25:14.327,18/01/2026,06:56:07,17_T02,39.121440859,10.180297127,0.1,469.74,200.48,-9.372,77.2,38.80,14.38,468.29,4336686.84,1781494.92
00:25:15.318,18/01/2026,06:56:08,17_T02,39.121441070,10.180296489,0.1,470.41,200.50,-9.413,77.2,38.80,14.41,469.07,4336686.78,1781494.94
00:25:16.338,18/01/2026,06:56:09,17_T02,39.121441392,10.180296377,0.1,471.06,200.41,-9.407,77.2,38.80,14.41,469.07,4336686.77,1781494.98
00:25:17.312,18/01/2026,06:56:10,17_T02,39.121441665,10.180296776,0.1,471.43,200.30,-9.363,77.2,38.80,14.37,470.34,4336686.80,1781495.01
00:25:18.313,18/01/2026,06:56:11,17_T02,39.121441774,10.180296967,0.1,471.58,200.20,-9.343,77.2,38.80,14.37,470.34,4336686.82,1781495.02
00:25:19.315,18/01/2026,06:56:12,17_T02,39.121441872,10.180296472,0.1,471.74,200.27,-9.378,77.2,38.81,14.38,470.79,4336686.78,1781495.03
00:25:20.327,18/01/2026,06:56:13,17_T02,39.121442009,10.180295608,0.1,472.12,200.48,-9.440,77.2,38.81,14.38,470.79,4336686.70,1781495.04
00:25:21.313,18/01/2026,06:56:14,17_T02,39.121442179,10.180295001,0.1,472.67,200.60,-9.481,77.2,38.81,14.39,471.48,4336686.65,1781495.06
00:25:22.327,18/01/2026,06:56:15,17_T02,39.121442476,10.180294873,0.1,473.26,200.53,-9.478,77.2,38.81,14.39,471.48,4336686.64,1781495.09
00:25:23.326,18/01/2026,06:56:16,17_T02,39.121442793,10.180294989,0.1,473.76,200.48,-9.454,77.2,38.80,14.37,472.65,4336686.65,1781495.13
00:25:24.312,18/01/2026,06:56:17,17_T02,39.121442967,10.180295145,0.1,474.06,200.43,-9.434,77.2,38.80,14.37,472.65,4336686.66,1781495.15
00:25:25.327,18/01/2026,06:56:18,17_T02,39.121443106,10.180294926,0.1,474.26,200.46,-9.445,77.2,38.81,14.37,473.32,4336686.64,1781495.16
00:25:26.312,18/01/2026,06:56:19,17_T02,39.121443408,10.180294672,0.1,474.49,200.62,-9.452,77.2,38.81,14.37,473.32,4336686.62,1781495.20
00:25:27.325,18/01/2026,06:56:20,17_T02,39.121443765,10.180294062,0.1,474.90,200.87,-9.484,77.2,38.80,14.38,473.82,4336686.57,1781495.24
00:25:28.325,18/01/2026,06:56:21,17_T02,39.121444060,10.180293577,0.1,475.52,200.96,-9.509,77.2,38.80,14.38,473.82,4336686.53,1781495.27
00:25:29.328,18/01/2026,06:56:22,17_T02,39.121444416,10.180293503,0.1,476.14,200.93,-9.499,77.2,38.80,14.37,475.00,4336686.52,1781495.31
00:25:30.326,18/01/2026,06:56:23,17_T02,39.121444842,10.180294224,0.1,476.48,200.89,-9.423,77.2,38.80,14.37,475.00,4336686.58,1781495.36
00:25:31.325,18/01/2026,06:56:24,17_T02,39.121445063,10.180294606,0.1,476.60,200.84,-9.382,77.2,38.81,14.37,475.71,4336686.61,1781495.38
00:25:32.313,18/01/2026,06:56:25,17_T02,39.121445187,10.180294228,0.1,476.80,200.95,-9.407,77.2,38.81,14.37,475.71,4336686.58,1781495.39
00:25:33.314,18/01/2026,06:56:26,17_T02,39.121445424,10.180293541,0.1,477.26,201.15,-9.450,77.2,38.80,14.39,476.18,4336686.52,1781495.42
00:25:34.317,18/01/2026,06:56:27,17_T02,39.121445682,10.180293106,0.1,477.89,201.16,-9.473,77.2,38.80,14.39,476.18,4336686.48,1781495.45
00:25:35.326,18/01/2026,06:56:28,17_T02,39.121445946,10.180293095,0.1,478.48,201.04,-9.462,77.2,38.80,14.37,477.41,4336686.48,1781495.48
00:25:36.326,18/01/2026,06:56:29,17_T02,39.121446123,10.180293455,0.1,478.85,200.89,-9.426,77.2,38.80,14.37,477.41,4336686.51,1781495.50
00:25:37.327,18/01/2026,06:56:30,17_T02,39.121446267,10.180293696,0.1,479.09,200.74,-9.400,77.2,38.81,14.37,478.16,4336686.54,1781495.51
00:25:38.319,18/01/2026,06:56:31,17_T02,39.121446456,10.180293474,0.1,479.29,200.77,-9.409,77.2,38.81,14.37,478.16,4336686.52,1781495.53
00:25:39.321,18/01/2026,06:56:32,17_T02,39.121446545,10.180293168,0.1,479.56,200.86,-9.430,77.2,38.81,14.38,478.62,4336686.49,1781495.54
00:25:40.326,18/01/2026,06:56:33,17_T02,39.121446874,10.180292612,0.1,480.08,201.02,-9.459,77.2,38.81,14.38,478.62,4336686.44,1781495.58
00:25:41.325,18/01/2026,06:56:34,17_T02,39.121447187,10.180292524,0.1,480.71,200.93,-9.452,77.2,38.81,14.38,478.62,4336686.43,1781495.61
00:25:42.325,18/01/2026,06:56:35,17_T02,39.121447456,10.180292894,0.1,481.08,200.75,-9.410,77.2,38.80,14.37,479.68,4336686.47,1781495.64
00:25:43.312,18/01/2026,06:56:36,17_T02,39.121447270,10.180293549,0.1,481.34,200.51,-9.367,77.2,38.80,14.37,479.68,4336686.52,1781495.62
00:25:44.321,18/01/2026,06:56:37,17_T02,39.121447367,10.180293452,0.1,481.80,200.50,-9.370,77.2,38.81,14.37,480.42,4336686.51,1781495.63
00:25:45.313,18/01/2026,06:56:38,17_T02,39.121447627,10.180293218,0.1,482.32,200.54,-9.377,77.2,38.81,14.37,480.42,4336686.49,1781495.66
00:25:46.326,18/01/2026,06:56:39,17_T02,39.121447842,10.180293056,0.1,482.63,200.46,-9.380,77.2,38.80,14.37,481.36,4336686.48,1781495.69
00:25:47.316,18/01/2026,06:56:40,17_T02,39.121447793,10.180293513,0.1,482.81,200.28,-9.346,77.2,38.80,14.37,481.36,4336686.52,1781495.68
00:25:48.326,18/01/2026,06:56:41,17_T02,39.121447878,10.180293747,0.1,483.11,200.18,-9.323,77.2,38.80,14.37,481.93,4336686.54,1781495.69
00:25:49.314,18/01/2026,06:56:42,17_T02,39.121448119,10.180293627,0.1,483.62,200.14,-9.322,77.2,38.80,14.37,481.93,4336686.53,1781495.72
00:25:50.315,18/01/2026,06:56:43,17_T02,39.121448443,10.180293679,0.1,484.20,200.04,-9.303,77.2,38.80,14.38,482.68,4336686.53,1781495.75
00:25:51.327,18/01/2026,06:56:44,17_T02,39.121448579,10.180293896,0.1,484.67,199.98,-9.280,77.2,38.80,14.38,482.68,4336686.55,1781495.77
00:25:52.313,18/01/2026,06:56:45,17_T02,39.121448659,10.180294193,0.1,485.03,199.97,-9.253,77.2,38.80,14.37,483.74,4336686.58,1781495.78
00:25:53.326,18/01/2026,06:56:46,17_T02,39.121448814,10.180294218,0.1,485.34,200.06,-9.244,77.2,38.80,14.37,483.74,4336686.58,1781495.79
00:25:54.312,18/01/2026,06:56:47,17_T02,39.121448969,10.180294093,0.1,485.61,200.15,-9.247,77.2,38.80,14.37,484.47,4336686.57,1781495.81
00:25:55.327,18/01/2026,06:56:48,17_T02,39.121449192,10.180293989,0.1,485.93,200.23,-9.245,77.2,38.80,14.37,484.47,4336686.56,1781495.84
00:25:56.327,18/01/2026,06:56:49,17_T02,39.121449482,10.180293947,0.0,486.38,200.31,-9.235,77.2,38.80,14.37,485.06,4336686.56,1781495.87
00:25:57.327,18/01/2026,06:56:50,17_T02,39.121449818,10.180293653,0.1,486.93,200.33,-9.243,77.2,38.80,14.37,485.06,4336686.53,1781495.90
00:25:58.312,18/01/2026,06:56:51,17_T02,39.121450192,10.180293596,0.1,487.48,200.42,-9.231,77.2,38.80,14.36,486.05,4336686.53,1781495.95
00:25:59.327,18/01/2026,06:56:52,17_T02,39.121450472,10.180293758,0.1,487.86,200.58,-9.206,77.2,38.80,14.36,486.05,4336686.54,1781495.98
00:26:00.326,18/01/2026,06:56:53,17_T02,39.121450617,10.180293867,0.1,488.13,200.69,-9.190,77.2,38.80,14.36,487.01,4336686.55,1781495.99
00:26:01.327,18/01/2026,06:56:54,17_T02,39.121450550,10.180293837,0.1,488.38,200.82,-9.196,77.2,38.80,14.36,487.01,4336686.55,1781495.99
00:26:02.311,18/01/2026,06:56:55,17_T02,39.121450566,10.180293837,0.1,488.63,200.87,-9.195,77.2,38.80,14.37,487.57,4336686.55,1781495.99
00:26:03.312,18/01/2026,06:56:56,17_T02,39.121450736,10.180293848,0.1,489.01,200.89,-9.187,77.2,38.80,14.37,487.57,4336686.55,1781496.01
00:26:04.328,18/01/2026,06:56:57,17_T02,39.121451154,10.180293926,0.0,489.62,200.88,-9.161,77.2,38.78,14.38,488.18,4336686.55,1781496.05
00:26:05.326,18/01/2026,06:56:58,17_T02,39.121451539,10.180294221,0.0,490.26,200.83,-9.121,77.2,38.78,14.38,488.18,4336686.58,1781496.09
00:26:06.327,18/01/2026,06:56:59,17_T02,39.121451851,10.180294598,0.1,490.68,200.86,-9.077,77.2,38.80,14.35,489.45,4336686.61,1781496.13
00:26:07.325,18/01/2026,06:57:00,17_T02,39.121451939,10.180295081,0.1,490.89,200.80,-9.034,77.2,38.80,14.35,489.45,4336686.65,1781496.14
00:26:08.312,18/01/2026,06:57:01,17_T02,39.121451975,10.180295188,0.1,491.07,200.84,-9.024,77.2,38.81,14.36,490.08,4336686.66,1781496.14
00:26:09.324,18/01/2026,06:57:02,17_T02,39.121451997,10.180295061,0.1,491.33,200.93,-9.033,77.2,38.81,14.36,490.08,4336686.65,1781496.15
00:26:10.312,18/01/2026,06:57:03,17_T02,39.121452226,10.180295178,0.1,491.75,201.08,-9.014,77.2,38.80,14.40,490.55,4336686.66,1781496.17
00:26:11.313,18/01/2026,06:57:04,17_T02,39.121452490,10.180295303,0.1,492.34,201.19,-8.992,77.2,38.80,14.40,490.55,4336686.67,1781496.20
00:26:12.326,18/01/2026,06:57:05,17_T02,39.121452790,10.180295574,0.1,492.94,201.27,-8.957,77.2,38.77,14.35,491.60,4336686.70,1781496.23
00:26:13.326,18/01/2026,06:57:06,17_T02,39.121453116,10.180295969,0.1,493.38,201.41,-8.911,77.2,38.77,14.35,491.60,4336686.73,1781496.27
00:26:14.312,18/01/2026,06:57:07,17_T02,39.121453253,10.180296372,0.1,493.59,201.53,-8.873,77.2,38.80,14.32,492.60,4336686.77,1781496.28
00:26:15.313,18/01/2026,06:57:08,17_T02,39.121453150,10.180296720,0.1,493.77,201.65,-8.850,77.2,38.80,14.32,492.60,4336686.80,1781496.27
00:26:16.313,18/01/2026,06:57:09,17_T02,39.121453168,10.180296607,0.1,494.15,201.93,-8.858,77.2,38.79,14.36,493.02,4336686.79,1781496.27
00:26:17.327,18/01/2026,06:57:10,17_T02,39.121453335,10.180296399,0.1,494.71,202.18,-8.867,77.2,38.79,14.36,493.02,4336686.77,1781496.29
00:26:18.314,18/01/2026,06:57:11,17_T02,39.121453528,10.180296555,0.1,495.27,202.27,-8.846,77.2,38.78,14.33,494.02,4336686.78,1781496.31
00:26:19.326,18/01/2026,06:57:12,17_T02,39.121453678,10.180297085,0.1,495.63,202.26,-8.797,77.2,38.78,14.33,494.02,4336686.83,1781496.33
00:26:20.326,18/01/2026,06:57:13,17_T02,39.121453733,10.180297658,0.1,495.84,202.22,-8.749,77.2,38.80,14.32,494.86,4336686.88,1781496.34
00:26:21.323,18/01/2026,06:57:14,17_T02,39.121453889,10.180298039,0.1,496.09,202.30,-8.711,77.2,38.80,14.32,494.86,4336686.91,1781496.35
00:26:22.326,18/01/2026,06:57:15,17_T02,39.121454014,10.180298099,0.1,496.46,202.45,-8.701,77.2,38.80,14.35,495.38,4336686.92,1781496.37
00:26:23.326,18/01/2026,06:57:16,17_T02,39.121454205,10.180297998,0.1,497.00,202.59,-8.700,77.2,38.80,14.35,495.38,4336686.91,1781496.39
00:26:24.326,18/01/2026,06:57:17,17_T02,39.121454426,10.180298154,0.1,497.64,202.67,-8.678,77.2,38.79,14.32,496.40,4336686.92,1781496.41
00:26:25.315,18/01/2026,06:57:18,17_T02,39.121454647,10.180298536,0.1,498.10,202.78,-8.638,77.2,38.79,14.32,496.40,4336686.95,1781496.44
00:26:26.326,18/01/2026,06:57:19,17_T02,39.121454270,10.180299176,0.1,498.27,202.74,-8.604,77.2,38.80,14.32,497.36,4336687.01,1781496.40
00:26:27.323,18/01/2026,06:57:20,17_T02,39.121454077,10.180299497,0.1,498.37,202.71,-8.587,77.2,38.80,14.32,497.36,4336687.04,1781496.38
00:26:28.326,18/01/2026,06:57:21,17_T02,39.121454129,10.180299419,0.1,498.68,202.80,-8.591,77.2,38.80,14.34,497.67,4336687.03,1781496.38
00:26:29.338,18/01/2026,06:57:22,17_T02,39.121454329,10.180299114,0.1,499.29,203.02,-8.606,77.2,38.80,14.34,497.67,4336687.00,1781496.40
00:26:30.321,18/01/2026,06:57:23,17_T02,39.121454609,10.180299036,0.1,500.05,203.17,-8.600,77.2,38.78,14.34,498.80,4336687.00,1781496.43
00:26:31.326,18/01/2026,06:57:24,17_T02,39.121454796,10.180299304,0.1,500.57,203.34,-8.570,77.2,38.78,14.34,498.80,4336687.02,1781496.46
00:26:32.325,18/01/2026,06:57:25,17_T02,39.121454770,10.180300149,0.1,500.65,203.27,-8.504,77.2,38.80,14.32,499.81,4336687.09,1781496.45
00:26:33.324,18/01/2026,06:57:26,17_T02,39.121454687,10.180300518,0.1,500.65,203.22,-8.479,77.2,38.80,14.32,499.81,4336687.13,1781496.44
00:26:34.324,18/01/2026,06:57:27,17_T02,39.121454668,10.180300283,0.1,500.93,203.25,-8.498,77.2,38.79,14.33,499.92,4336687.11,1781496.44
00:26:35.325,18/01/2026,06:57:28,17_T02,39.121454890,10.180299851,0.1,501.63,203.33,-8.522,77.2,38.79,14.33,499.92,4336687.07,1781496.47
00:26:36.325,18/01/2026,06:57:29,17_T02,39.121455245,10.180299625,0.1,502.48,203.40,-8.524,77.2,38.77,14.34,501.28,4336687.05,1781496.50
00:26:37.326,18/01/2026,06:57:30,17_T02,39.121455492,10.180300017,0.1,502.97,203.55,-8.482,77.2,38.77,14.34,501.28,4336687.08,1781496.53
00:26:38.324,18/01/2026,06:57:31,17_T02,39.121455475,10.180300919,0.1,503.02,203.50,-8.411,77.2,38.80,14.33,502.19,4336687.16,1781496.53
00:26:39.326,18/01/2026,06:57:32,17_T02,39.121455391,10.180301078,0.1,502.96,203.51,-8.402,77.2,38.80,14.33,502.19,4336687.18,1781496.52
00:26:40.333,18/01/2026,06:57:33,17_T02,39.121455394,10.180300665,0.1,503.19,203.62,-8.435,77.2,38.79,14.33,502.25,4336687.14,1781496.52
00:26:41.325,18/01/2026,06:57:34,17_T02,39.121455562,10.180300207,0.1,503.95,203.78,-8.464,77.2,38.79,14.33,502.25,4336687.10,1781496.54
00:26:42.323,18/01/2026,06:57:35,17_T02,39.121455884,10.180300015,0.1,504.77,204.03,-8.465,77.2,38.78,14.33,503.66,4336687.08,1781496.58
00:26:43.326,18/01/2026,06:57:36,17_T02,39.121456119,10.180300542,0.1,505.19,204.28,-8.412,77.2,38.78,14.33,503.66,4336687.13,1781496.60
00:26:44.325,18/01/2026,06:57:37,17_T02,39.121456127,10.180301174,0.1,505.33,204.39,-8.362,77.2,38.80,14.33,504.49,4336687.18,1781496.60
00:26:45.323,18/01/2026,06:57:38,17_T02,39.121456103,10.180301166,0.1,505.49,204.55,-8.363,77.2,38.80,14.33,504.49,4336687.18,1781496.60
00:26:46.325,18/01/2026,06:57:39,17_T02,39.121455927,10.180301431,0.1,505.76,204.75,-8.350,77.2,38.80,14.33,504.49,4336687.21,1781496.58
00:26:47.323,18/01/2026,06:57:40,17_T02,39.121455962,10.180301320,0.1,506.23,205.01,-8.357,77.2,38.80,14.34,504.86,4336687.20,1781496.58
00:26:48.324,18/01/2026,06:57:41,17_T02,39.121456131,10.180301162,0.1,506.86,205.15,-8.362,77.2,38.80,14.34,504.86,4336687.18,1781496.60
00:26:49.325,18/01/2026,06:57:42,17_T02,39.121456369,10.180301522,0.1,507.41,205.22,-8.323,77.2,38.76,14.35,505.86,4336687.21,1781496.63
00:26:50.312,18/01/2026,06:57:43,17_T02,39.121456460,10.180302242,0.1,507.74,205.18,-8.262,77.2,38.76,14.35,505.86,4336687.28,1781496.64
00:26:51.325,18/01/2026,06:57:44,17_T02,39.121456471,10.180302625,0.1,508.04,205.17,-8.231,77.2,38.79,14.32,506.85,4336687.31,1781496.64
00:26:52.327,18/01/2026,06:57:45,17_T02,39.121456506,10.180302618,0.1,508.42,205.34,-8.230,77.2,38.79,14.32,506.85,4336687.31,1781496.64
00:26:53.326,18/01/2026,06:57:46,17_T02,39.121456596,10.180302528,0.1,508.94,205.46,-8.233,77.2,38.80,14.33,507.53,4336687.30,1781496.65
00:26:54.333,18/01/2026,06:57:47,17_T02,39.121456723,10.180302594,0.1,509.42,205.43,-8.222,77.2,38.80,14.33,507.53,4336687.31,1781496.67
00:26:55.326,18/01/2026,06:57:48,17_T02,39.121456840,10.180302910,0.1,509.98,205.34,-8.192,77.2,38.79,14.32,508.52,4336687.33,1781496.68
00:26:56.326,18/01/2026,06:57:49,17_T02,39.121457083,10.180303177,0.1,510.57,205.43,-8.159,77.2,38.79,14.32,508.52,4336687.36,1781496.71
00:26:57.318,18/01/2026,06:57:50,17_T02,39.121457615,10.180302520,0.1,511.08,205.62,-8.187,77.2,38.79,14.32,509.68,4336687.30,1781496.77
00:26:58.319,18/01/2026,06:57:51,17_T02,39.121457889,10.180302228,0.1,511.40,205.79,-8.198,77.2,38.79,14.32,509.68,4336687.28,1781496.80
00:26:59.326,18/01/2026,06:57:52,17_T02,39.121457938,10.180302392,0.1,511.57,205.89,-8.183,77.2,38.79,14.32,510.57,4336687.29,1781496.80
00:27:00.327,18/01/2026,06:57:53,17_T02,39.121458008,10.180302419,0.1,511.83,206.01,-8.178,77.2,38.79,14.32,510.57,4336687.29,1781496.81
00:27:01.326,18/01/2026,06:57:54,17_T02,39.121458302,10.180302158,0.1,512.35,206.29,-8.185,77.2,38.80,14.34,511.00,4336687.27,1781496.84
00:27:02.324,18/01/2026,06:57:55,17_T02,39.121458410,10.180301966,0.1,513.04,206.36,-8.196,77.2,38.80,14.34,511.00,4336687.25,1781496.85
00:27:03.325,18/01/2026,06:57:56,17_T02,39.121458751,10.180302123,0.1,513.72,206.53,-8.168,77.2,38.79,14.33,512.23,4336687.27,1781496.89
00:27:04.325,18/01/2026,06:57:57,17_T02,39.121459063,10.180302549,0.1,514.18,206.80,-8.120,77.2,38.79,14.33,512.23,4336687.30,1781496.93
00:27:05.325,18/01/2026,06:57:58,17_T02,39.121459097,10.180302992,0.1,514.46,206.94,-8.083,77.2,38.80,14.32,513.35,4336687.34,1781496.93
00:27:06.324,18/01/2026,06:57:59,17_T02,39.121458870,10.180302929,0.1,514.79,207.11,-8.098,77.2,38.80,14.32,513.35,4336687.34,1781496.91
00:27:07.325,18/01/2026,06:58:00,17_T02,39.121458872,10.180302700,0.1,515.28,207.32,-8.117,77.2,38.79,14.35,514.02,4336687.32,1781496.91
00:27:08.324,18/01/2026,06:58:01,17_T02,39.121459043,10.180302707,0.1,515.77,207.37,-8.108,77.2,38.79,14.35,514.02,4336687.32,1781496.92
00:27:09.323,18/01/2026,06:58:02,17_T02,39.121459109,10.180303135,0.1,516.24,207.22,-8.071,77.2,38.79,14.33,514.99,4336687.35,1781496.93
00:27:10.324,18/01/2026,06:58:03,17_T02,39.121459324,10.180303600,0.1,516.79,207.13,-8.025,77.2,38.79,14.33,514.99,4336687.39,1781496.96
00:27:11.325,18/01/2026,06:58:04,17_T02,39.121459594,10.180303930,0.1,517.20,207.18,-7.986,77.2,38.79,14.32,516.03,4336687.42,1781496.99
00:27:12.325,18/01/2026,06:58:05,17_T02,39.121459678,10.180304313,0.1,517.42,207.18,-7.952,77.2,38.79,14.32,516.03,4336687.46,1781496.99
00:27:13.324,18/01/2026,06:58:06,17_T02,39.121459601,10.180304248,0.1,517.74,207.26,-7.961,77.2,38.80,14.33,516.65,4336687.45,1781496.99
00:27:14.324,18/01/2026,06:58:07,17_T02,39.121459727,10.180304089,0.1,518.26,207.49,-7.968,77.2,38.80,14.33,516.65,4336687.44,1781497.00
00:27:15.322,18/01/2026,06:58:08,17_T02,39.121459929,10.180304209,0.1,518.74,207.57,-7.949,77.2,38.79,14.33,517.56,4336687.45,1781497.02
00:27:16.324,18/01/2026,06:58:09,17_T02,39.121459920,10.180304448,0.1,519.08,207.49,-7.930,77.2,38.79,14.33,517.56,4336687.47,1781497.02
00:27:17.324,18/01/2026,06:58:10,17_T02,39.121460103,10.180304585,0.1,519.56,207.50,-7.911,77.2,38.79,14.33,518.36,4336687.48,1781497.04
00:27:18.312,18/01/2026,06:58:11,17_T02,39.121460458,10.180304788,0.1,520.25,207.56,-7.879,77.2,38.79,14.33,518.36,4336687.50,1781497.08
00:27:19.324,18/01/2026,06:58:12,17_T02,39.121460759,10.180305058,0.1,520.82,207.60,-7.844,77.2,38.79,14.33,519.60,4336687.52,1781497.11
00:27:20.324,18/01/2026,06:58:13,17_T02,39.121460565,10.180305526,0.1,521.19,207.57,-7.816,77.2,38.79,14.33,519.60,4336687.56,1781497.09
00:27:21.325,18/01/2026,06:58:14,17_T02,39.121460513,10.180305794,0.1,521.62,207.53,-7.797,77.2,38.79,14.33,520.49,4336687.58,1781497.09
00:27:22.314,18/01/2026,06:58:15,17_T02,39.121460728,10.180305876,0.1,522.24,207.57,-7.781,77.2,38.79,14.33,520.49,4336687.59,1781497.11
00:27:23.324,18/01/2026,06:58:16,17_T02,39.121460523,10.180305826,0.1,522.78,207.51,-7.794,77.2,38.79,14.33,521.61,4336687.59,1781497.09
00:27:24.324,18/01/2026,06:58:17,17_T02,39.121460492,10.180306067,0.1,523.31,207.41,-7.776,77.2,38.79,14.33,521.61,4336687.61,1781497.08
00:27:25.313,18/01/2026,06:58:18,17_T02,39.121460728,10.180306325,0.1,523.80,207.47,-7.745,77.2,38.79,14.33,522.68,4336687.63,1781497.11
00:27:26.323,18/01/2026,06:58:19,17_T02,39.121460806,10.180306641,0.1,523.91,207.49,-7.716,77.2,38.79,14.33,522.68,4336687.66,1781497.12
00:27:27.322,18/01/2026,06:58:20,17_T02,39.121460472,10.180306953,0.1,523.85,207.51,-7.707,77.2,38.80,14.33,523.08,4336687.69,1781497.08
00:27:28.323,18/01/2026,06:58:21,17_T02,39.121460471,10.180306634,0.1,524.21,207.80,-7.732,77.2,38.80,14.33,523.08,4336687.66,1781497.08
00:27:29.324,18/01/2026,06:58:22,17_T02,39.121460767,10.180306276,0.1,525.02,207.97,-7.747,77.2,38.80,14.34,523.71,4336687.63,1781497.12
00:27:30.324,18/01/2026,06:58:23,17_T02,39.121461235,10.180306377,0.0,525.78,208.11,-7.718,77.2,38.80,14.34,523.71,4336687.64,1781497.17
00:27:31.325,18/01/2026,06:58:24,17_T02,39.121461377,10.180307138,0.1,526.09,208.05,-7.651,77.2,38.78,14.32,525.14,4336687.70,1781497.18
00:27:32.323,18/01/2026,06:58:25,17_T02,39.121461301,10.180307647,0.1,526.08,207.93,-7.614,77.2,38.78,14.32,525.14,4336687.75,1781497.17
00:27:33.324,18/01/2026,06:58:26,17_T02,39.121461157,10.180307652,0.1,526.10,207.83,-7.620,77.2,38.79,14.33,525.26,4336687.75,1781497.16
00:27:34.323,18/01/2026,06:58:27,17_T02,39.121461246,10.180307156,0.1,526.56,207.91,-7.656,77.2,38.79,14.33,525.26,4336687.70,1781497.17
00:27:35.323,18/01/2026,06:58:28,17_T02,39.121461544,10.180306573,0.0,527.54,208.00,-7.688,77.2,38.76,14.33,526.23,4336687.65,1781497.20
00:27:36.326,18/01/2026,06:58:29,17_T02,39.121462420,10.180305915,0.1,528.54,208.41,-7.701,77.2,38.76,14.33,526.23,4336687.59,1781497.30
00:27:37.323,18/01/2026,06:58:30,17_T02,39.121462946,10.180306078,0.1,529.12,208.97,-7.665,77.2,38.78,14.26,528.05,4336687.61,1781497.36
00:27:38.326,18/01/2026,06:58:31,17_T02,39.121462914,10.180306605,0.1,529.20,209.24,-7.624,77.2,38.78,14.26,528.05,4336687.65,1781497.35
00:27:39.323,18/01/2026,06:58:32,17_T02,39.121462813,10.180306418,0.1,529.16,209.43,-7.644,77.2,38.76,14.28,528.37,4336687.64,1781497.34
00:27:40.325,18/01/2026,06:58:33,17_T02,39.121462815,10.180305589,0.1,529.42,209.68,-7.709,77.2,38.76,14.28,528.37,4336687.57,1781497.34
00:27:41.324,18/01/2026,06:58:34,17_T02,39.121463114,10.180304604,0.1,530.11,209.99,-7.774,77.2,38.80,14.26,528.99,4336687.48,1781497.37
00:27:42.322,18/01/2026,06:58:35,17_T02,39.121463480,10.180303884,0.1,530.94,210.44,-7.815,77.2,38.80,14.26,528.99,4336687.42,1781497.41
00:27:43.325,18/01/2026,06:58:36,17_T02,39.121463712,10.180303924,0.1,531.47,210.81,-7.801,77.2,38.77,14.26,530.50,4336687.42,1781497.44
00:27:44.323,18/01/2026,06:58:37,17_T02,39.121463712,10.180304362,0.1,531.58,211.03,-7.766,77.2,38.77,14.26,530.50,4336687.46,1781497.44
00:27:45.325,18/01/2026,06:58:38,17_T02,39.121463682,10.180304147,0.1,531.52,211.25,-7.785,77.2,38.77,14.26,530.50,4336687.44,1781497.44
00:27:46.323,18/01/2026,06:58:39,17_T02,39.121463635,10.180303498,0.1,531.60,211.41,-7.838,77.2,38.77,14.28,530.75,4336687.38,1781497.43
00:27:47.322,18/01/2026,06:58:40,17_T02,39.121463899,10.180302536,0.1,532.11,211.72,-7.903,77.2,38.77,14.28,530.75,4336687.30,1781497.46
00:27:48.322,18/01/2026,06:58:41,17_T02,39.121464260,10.180301691,0.1,532.93,212.00,-7.954,77.2,38.77,14.26,531.13,4336687.23,1781497.50
00:27:49.323,18/01/2026,06:58:42,17_T02,39.121464542,10.180301549,0.1,533.66,212.34,-7.952,77.2,38.77,14.26,531.13,4336687.21,1781497.53
00:27:50.324,18/01/2026,06:58:43,17_T02,39.121464536,10.180302521,0.1,533.92,212.44,-7.875,77.2,38.77,14.26,532.67,4336687.30,1781497.53
00:27:51.322,18/01/2026,06:58:44,17_T02,39.121464409,10.180302861,0.1,533.87,212.45,-7.854,77.2,38.77,14.26,532.67,4336687.33,1781497.52
00:27:52.323,18/01/2026,06:58:45,17_T02,39.121464306,10.180302325,0.1,533.93,212.51,-7.901,77.2,38.77,14.27,533.09,4336687.28,1781497.51
00:27:53.325,18/01/2026,06:58:46,17_T02,39.121464358,10.180301498,0.1,534.41,212.65,-7.965,77.2,38.77,14.27,533.09,4336687.21,1781497.51
00:27:54.322,18/01/2026,06:58:47,17_T02,39.121464679,10.180301065,0.1,535.14,212.79,-7.984,77.2,38.80,14.26,533.51,4336687.17,1781497.55
00:27:55.322,18/01/2026,06:58:48,17_T02,39.121464899,10.180301029,0.1,535.75,212.91,-7.977,77.2,38.80,14.26,533.51,4336687.17,1781497.57
00:27:56.322,18/01/2026,06:58:49,17_T02,39.121464775,10.180301485,0.1,536.01,212.88,-7.947,77.2,38.77,14.26,534.84,4336687.21,1781497.56
00:27:57.323,18/01/2026,06:58:50,17_T02,39.121464608,10.180301627,0.1,536.09,212.88,-7.943,77.2,38.77,14.26,534.84,4336687.22,1781497.54
00:27:58.325,18/01/2026,06:58:51,17_T02,39.121464520,10.180301166,0.1,536.29,213.05,-7.984,77.2,38.77,14.27,535.28,4336687.18,1781497.53
00:27:59.324,18/01/2026,06:58:52,17_T02,39.121464781,10.180300822,0.1,536.75,213.32,-7.999,77.2,38.77,14.27,535.28,4336687.15,1781497.56
00:28:00.324,18/01/2026,06:58:53,17_T02,39.121464875,10.180300658,0.1,537.35,213.38,-8.008,77.2,38.79,14.29,535.90,4336687.14,1781497.57
00:28:01.324,18/01/2026,06:58:54,17_T02,39.121464832,10.180300693,0.1,537.82,213.39,-8.007,77.2,38.79,14.29,535.90,4336687.14,1781497.56
00:28:02.323,18/01/2026,06:58:55,17_T02,39.121464614,10.180301114,0.1,538.06,213.34,-7.983,77.2,38.77,14.26,537.00,4336687.18,1781497.54
00:28:03.322,18/01/2026,06:58:56,17_T02,39.121464691,10.180301701,0.1,538.23,213.41,-7.933,77.2,38.77,14.26,537.00,4336687.23,1781497.55
00:28:04.323,18/01/2026,06:58:57,17_T02,39.121464748,10.180301597,0.1,538.52,213.65,-7.939,77.2,38.78,14.27,537.44,4336687.22,1781497.55
00:28:05.322,18/01/2026,06:58:58,17_T02,39.121464822,10.180301007,0.1,539.01,213.99,-7.983,77.2,38.78,14.27,537.44,4336687.17,1781497.56
00:28:06.321,18/01/2026,06:58:59,17_T02,39.121465104,10.180300372,0.1,539.81,214.29,-8.020,77.2,38.75,14.29,538.27,4336687.11,1781497.59
00:28:07.324,18/01/2026,06:59:00,17_T02,39.121465418,10.180300142,0.1,540.64,214.62,-8.024,77.2,38.75,14.29,538.27,4336687.09,1781497.63
00:28:08.324,18/01/2026,06:59:01,17_T02,39.121465484,10.180300528,0.1,541.01,214.85,-7.991,77.2,38.78,14.26,539.87,4336687.13,1781497.63
00:28:09.322,18/01/2026,06:59:02,17_T02,39.121465167,10.180300949,0.1,541.01,214.88,-7.972,77.2,38.78,14.26,539.87,4336687.16,1781497.60
00:28:10.326,18/01/2026,06:59:03,17_T02,39.121464831,10.180301039,0.1,541.18,215.03,-7.980,77.2,38.77,14.26,540.22,4336687.17,1781497.56
00:28:11.323,18/01/2026,06:59:04,17_T02,39.121464751,10.180300638,0.1,541.70,215.30,-8.015,77.2,38.77,14.26,540.22,4336687.14,1781497.55
00:28:12.325,18/01/2026,06:59:05,17_T02,39.121464780,10.180300116,0.1,542.44,215.44,-8.055,77.2,38.76,14.30,541.03,4336687.09,1781497.56
00:28:13.325,18/01/2026,06:59:06,17_T02,39.121465043,10.180299960,0.1,543.20,215.58,-8.056,77.2,38.76,14.30,541.03,4336687.08,1781497.59
00:28:14.322,18/01/2026,06:59:07,17_T02,39.121465138,10.180300327,0.1,543.61,215.72,-8.022,77.2,38.77,14.26,542.51,4336687.11,1781497.60
00:28:15.325,18/01/2026,06:59:08,17_T02,39.121464857,10.180300807,0.0,543.66,215.67,-7.997,77.2,38.77,14.26,542.51,4336687.15,1781497.57
00:28:16.323,18/01/2026,06:59:09,17_T02,39.121464593,10.180300672,0.0,543.79,215.69,-8.020,77.2,38.77,14.26,542.87,4336687.14,1781497.54
00:28:17.321,18/01/2026,06:59:10,17_T02,39.121464231,10.180299751,0.0,544.21,215.83,-8.109,77.2,38.77,14.26,542.87,4336687.06,1781497.50
00:28:18.322,18/01/2026,06:59:11,17_T02,39.121463914,10.180299111,0.1,544.79,215.91,-8.174,77.2,38.78,14.29,543.59,4336687.00,1781497.46
00:28:19.323,18/01/2026,06:59:12,17_T02,39.121463805,10.180298916,0.1,545.39,216.04,-8.195,77.2,38.78,14.29,543.59,4336686.99,1781497.45
00:28:20.322,18/01/2026,06:59:13,17_T02,39.121463562,10.180298953,0.1,545.89,216.17,-8.203,77.2,38.77,14.26,544.78,4336686.99,1781497.42
00:28:21.324,18/01/2026,06:59:14,17_T02,39.121463270,10.180299189,0.1,546.19,216.26,-8.197,77.2,38.77,14.26,544.78,4336687.01,1781497.39
00:28:22.322,18/01/2026,06:59:15,17_T02,39.121463072,10.180299206,0.1,546.40,216.38,-8.205,77.2,38.78,14.26,545.47,4336687.01,1781497.37
00:28:23.322,18/01/2026,06:59:16,17_T02,39.121462940,10.180298870,0.1,546.68,216.61,-8.237,77.2,38.78,14.26,545.47,4336686.98,1781497.35
00:28:24.321,18/01/2026,06:59:17,17_T02,39.121462549,10.180298321,0.1,547.03,216.87,-8.298,77.2,38.78,14.27,546.01,4336686.93,1781497.31
00:28:25.322,18/01/2026,06:59:18,17_T02,39.121462197,10.180297966,0.1,547.50,217.07,-8.343,77.2,38.78,14.27,546.01,4336686.90,1781497.27
00:28:26.322,18/01/2026,06:59:19,17_T02,39.121462042,10.180297934,0.1,548.02,217.21,-8.352,77.2,38.77,14.26,546.95,4336686.90,1781497.25
00:28:27.321,18/01/2026,06:59:20,17_T02,39.121461919,10.180298049,0.1,548.47,217.22,-8.348,77.2,38.77,14.26,546.95,4336686.91,1781497.24
00:28:28.322,18/01/2026,06:59:21,17_T02,39.121461755,10.180298265,0.1,548.88,217.23,-8.339,77.2,38.78,14.26,547.86,4336686.93,1781497.22
00:28:29.323,18/01/2026,06:59:22,17_T02,39.121461619,10.180298277,0.1,549.26,217.34,-8.344,77.2,38.78,14.26,547.86,4336686.93,1781497.21
00:28:30.320,18/01/2026,06:59:23,17_T02,39.121461347,10.180298186,0.1,549.55,217.44,-8.363,77.2,38.77,14.27,548.60,4336686.92,1781497.18
00:28:31.320,18/01/2026,06:59:24,17_T02,39.121461663,10.180297246,0.1,549.87,217.51,-8.424,77.2,38.77,14.27,548.60,4336686.84,1781497.21
00:28:32.322,18/01/2026,06:59:25,17_T02,39.121461714,10.180296760,0.1,550.30,217.59,-8.460,77.2,38.78,14.27,549.30,4336686.80,1781497.22
00:28:33.321,18/01/2026,06:59:26,17_T02,39.121461461,10.180296873,0.1,550.73,217.53,-8.462,77.2,38.78,14.27,549.30,4336686.81,1781497.19
00:28:34.321,18/01/2026,06:59:27,17_T02,39.121460941,10.180297593,0.1,551.11,217.34,-8.429,77.2,38.78,14.27,549.30,4336686.87,1781497.13
00:28:35.323,18/01/2026,06:59:28,17_T02,39.121460586,10.180298076,0.1,551.52,217.18,-8.406,77.2,38.77,14.26,550.17,4336686.91,1781497.09
00:28:36.321,18/01/2026,06:59:29,17_T02,39.121460342,10.180298238,0.1,552.00,217.13,-8.405,77.2,38.77,14.26,550.17,4336686.93,1781497.07
00:28:37.321,18/01/2026,06:59:30,17_T02,39.121460038,10.180298440,0.1,552.45,217.20,-8.402,77.2,38.77,14.26,551.02,4336686.95,1781497.03
00:28:38.321,18/01/2026,06:59:31,17_T02,39.121459637,10.180298681,0.1,552.73,217.22,-8.401,77.2,38.77,14.26,551.02,4336686.97,1781496.99
00:28:39.322,18/01/2026,06:59:32,17_T02,39.121459272,10.180298904,0.1,552.96,217.19,-8.400,77.2,38.77,14.26,551.83,4336686.99,1781496.95
00:28:40.320,18/01/2026,06:59:33,17_T02,39.121458987,10.180298980,0.1,553.31,217.23,-8.407,77.2,38.77,14.26,551.83,4336686.99,1781496.92
00:28:41.321,18/01/2026,06:59:34,17_T02,39.121458774,10.180299255,0.1,553.75,217.32,-8.395,77.2,38.78,14.28,552.39,4336687.02,1781496.89
00:28:42.322,18/01/2026,06:59:35,17_T02,39.121458597,10.180299508,0.1,554.28,217.41,-8.382,77.2,38.78,14.28,552.39,4336687.04,1781496.87
00:28:43.323,18/01/2026,06:59:36,17_T02,39.121458544,10.180299638,0.1,554.87,217.63,-8.375,77.2,38.77,14.26,553.36,4336687.05,1781496.87
00:28:44.321,18/01/2026,06:59:37,17_T02,39.121458488,10.180299860,0.1,555.29,217.89,-8.359,77.2,38.77,14.26,553.36,4336687.07,1781496.86
00:28:45.321,18/01/2026,06:59:38,17_T02,39.121458142,10.180300548,0.1,555.47,218.01,-8.320,77.2,38.77,14.26,554.40,4336687.13,1781496.82
00:28:46.322,18/01/2026,06:59:39,17_T02,39.121457812,10.180300862,0.1,555.65,218.13,-8.310,77.2,38.77,14.26,554.40,4336687.16,1781496.79
00:28:47.321,18/01/2026,06:59:40,17_T02,39.121457673,10.180300651,0.1,556.05,218.38,-8.333,77.2,38.78,14.27,554.80,4336687.14,1781496.77
00:28:48.331,18/01/2026,06:59:41,17_T02,39.121457377,10.180300618,0.1,556.58,218.57,-8.349,77.2,38.78,14.27,554.80,4336687.14,1781496.74
00:28:49.333,18/01/2026,06:59:42,17_T02,39.121457093,10.180300802,0.1,557.02,218.63,-8.348,77.2,38.77,14.27,555.71,4336687.15,1781496.71
00:28:50.312,18/01/2026,06:59:43,17_T02,39.121456766,10.180301293,0.1,557.37,218.57,-8.323,77.2,38.77,14.27,555.71,4336687.19,1781496.67
00:28:51.323,18/01/2026,06:59:44,17_T02,39.121456582,10.180301570,0.1,557.80,218.61,-8.310,77.2,38.77,14.26,556.51,4336687.22,1781496.65
00:28:52.324,18/01/2026,06:59:45,17_T02,39.121456402,10.180301457,0.1,558.27,218.86,-8.327,77.2,38.77,14.26,556.51,4336687.21,1781496.63
00:28:53.325,18/01/2026,06:59:46,17_T02,39.121456273,10.180301315,0.1,558.65,219.17,-8.344,77.2,38.77,14.26,557.45,4336687.20,1781496.62
00:28:54.321,18/01/2026,06:59:47,17_T02,39.121456104,10.180301327,0.1,558.94,219.41,-8.350,77.2,38.77,14.26,557.45,4336687.20,1781496.60
00:28:55.321,18/01/2026,06:59:48,17_T02,39.121455933,10.180301403,0.1,559.25,219.61,-8.352,77.2,38.77,14.26,558.12,4336687.20,1781496.58
00:28:56.321,18/01/2026,06:59:49,17_T02,39.121455759,10.180301635,0.1,559.68,219.80,-8.342,77.2,38.77,14.26,558.12,4336687.22,1781496.56
00:28:57.322,18/01/2026,06:59:50,17_T02,39.121455749,10.180301723,0.1,560.23,220.07,-8.335,77.2,38.71,14.27,558.90,4336687.23,1781496.56
00:28:58.321,18/01/2026,06:59:51,17_T02,39.121455817,10.180301796,0.1,560.77,220.35,-8.326,77.2,38.71,14.27,558.90,4336687.24,1781496.57
00:28:59.322,18/01/2026,06:59:52,17_T02,39.121455455,10.180302318,0.1,561.09,220.56,-8.301,77.2,38.76,14.17,559.99,4336687.28,1781496.53
00:29:00.323,18/01/2026,06:59:53,17_T02,39.121455077,10.180302749,0.1,561.26,220.63,-8.284,77.2,38.76,14.17,559.99,4336687.32,1781496.49
00:29:01.322,18/01/2026,06:59:54,17_T02,39.121454919,10.180302813,0.1,561.43,220.76,-8.286,77.2,38.78,14.20,560.45,4336687.33,1781496.47
00:29:02.322,18/01/2026,06:59:55,17_T02,39.121454862,10.180302606,0.1,561.79,221.00,-8.305,77.2,38.78,14.20,560.45,4336687.31,1781496.46
00:29:03.330,18/01/2026,06:59:56,17_T02,39.121454760,10.180302416,0.1,562.40,221.30,-8.325,77.2,38.77,14.23,561.07,4336687.29,1781496.45
00:29:04.321,18/01/2026,06:59:57,17_T02,39.121454718,10.180302490,0.1,563.06,221.49,-8.321,77.2,38.77,14.23,561.07,4336687.30,1781496.45
00:29:05.323,18/01/2026,06:59:58,17_T02,39.121454622,10.180302886,0.1,563.46,221.58,-8.293,77.2,38.75,14.17,562.35,4336687.33,1781496.44
00:29:06.322,18/01/2026,06:59:59,17_T02,39.121454316,10.180303233,0.1,563.71,221.56,-8.280,77.2,38.75,14.17,562.35,4336687.36,1781496.40
00:29:07.320,18/01/2026,07:00:00,17_T02,39.121454147,10.180303196,0.1,564.01,221.67,-8.290,77.2,38.77,14.20,562.98,4336687.36,1781496.38
00:29:08.324,18/01/2026,07:00:01,17_T02,39.121454113,10.180302957,0.1,564.39,221.87,-8.311,77.2,38.77,14.20,562.98,4336687.34,1781496.38
00:29:09.322,18/01/2026,07:00:02,17_T02,39.121454083,10.180302830,0.1,564.82,222.01,-8.322,77.2,38.72,14.23,563.70,4336687.33,1781496.38
00:29:10.324,18/01/2026,07:00:03,17_T02,39.121453878,10.180302920,0.1,565.30,222.10,-8.324,77.2,38.72,14.23,563.70,4336687.34,1781496.35
00:29:11.323,18/01/2026,07:00:04,17_T02,39.121453743,10.180303160,0.1,565.79,222.17,-8.311,77.2,38.75,14.17,564.68,4336687.36,1781496.34
00:29:12.311,18/01/2026,07:00:05,17_T02,39.121453614,10.180303463,0.1,566.11,222.24,-8.293,77.2,38.75,14.17,564.68,4336687.38,1781496.33
00:29:13.319,18/01/2026,07:00:06,17_T02,39.121453443,10.180303639,0.1,566.27,222.33,-8.287,77.2,38.77,14.17,565.35,4336687.40,1781496.31
00:29:14.332,18/01/2026,07:00:07,17_T02,39.121453119,10.180303456,0.1,566.50,222.46,-8.316,77.2,38.77,14.17,565.35,4336687.38,1781496.27
00:29:15.323,18/01/2026,07:00:08,17_T02,39.121453063,10.180303084,0.1,566.98,222.72,-8.348,77.2,38.74,14.20,565.88,4336687.35,1781496.26
00:29:16.321,18/01/2026,07:00:09,17_T02,39.121453044,10.180302984,0.1,567.61,222.84,-8.357,77.2,38.74,14.20,565.88,4336687.34,1781496.26
00:29:17.321,18/01/2026,07:00:10,17_T02,39.121453069,10.180303341,0.1,568.16,222.95,-8.327,77.2,38.75,14.17,567.09,4336687.37,1781496.27
00:29:18.321,18/01/2026,07:00:11,17_T02,39.121452888,10.180303848,0.1,568.51,223.02,-8.295,77.2,38.75,14.17,567.09,4336687.42,1781496.25
00:29:19.320,18/01/2026,07:00:12,17_T02,39.121452663,10.180304077,0.1,568.78,223.10,-8.287,77.2,38.76,14.18,567.84,4336687.44,1781496.22
00:29:20.320,18/01/2026,07:00:13,17_T02,39.121452608,10.180303985,0.1,569.08,223.29,-8.297,77.2,38.76,14.18,567.84,4336687.43,1781496.21
00:29:21.322,18/01/2026,07:00:14,17_T02,39.121452482,10.180303801,0.1,569.39,223.47,-8.317,77.2,38.76,14.18,567.84,4336687.41,1781496.20
00:29:22.321,18/01/2026,07:00:15,17_T02,39.121452400,10.180303748,0.1,569.78,223.61,-8.325,77.2,38.77,14.21,568.43,4336687.41,1781496.19
00:29:23.323,18/01/2026,07:00:16,17_T02,39.121452377,10.180303750,0.1,570.32,223.76,-8.326,77.2,38.77,14.21,568.43,4336687.41,1781496.19
00:29:24.322,18/01/2026,07:00:17,17_T02,39.121452569,10.180303866,0.1,570.90,223.94,-8.308,77.2,38.75,14.17,569.32,4336687.42,1781496.21
00:29:25.322,18/01/2026,07:00:18,17_T02,39.121452657,10.180304119,0.1,571.32,224.18,-8.284,77.2,38.75,14.17,569.32,4336687.44,1781496.22
00:29:26.335,18/01/2026,07:00:19,17_T02,39.121452457,10.180304390,0.1,571.53,224.29,-8.272,77.2,38.75,14.17,570.38,4336687.46,1781496.20
00:29:27.322,18/01/2026,07:00:20,17_T02,39.121452325,10.180304373,0.1,571.66,224.40,-8.279,77.2,38.75,14.17,570.38,4336687.46,1781496.18
00:29:28.324,18/01/2026,07:00:21,17_T02,39.121452349,10.180303929,0.1,571.91,224.52,-8.313,77.2,38.77,14.18,570.79,4336687.42,1781496.19
00:29:29.322,18/01/2026,07:00:22,17_T02,39.121452583,10.180303390,0.0,572.48,224.84,-8.345,77.2,38.77,14.18,570.79,4336687.38,1781496.21
00:29:30.320,18/01/2026,07:00:23,17_T02,39.121452678,10.180303283,0.0,573.23,224.95,-8.350,77.2,38.73,14.20,571.55,4336687.37,1781496.22
00:29:31.320,18/01/2026,07:00:24,17_T02,39.121452708,10.180303592,0.0,573.83,225.04,-8.324,77.2,38.73,14.20,571.55,4336687.39,1781496.23
00:29:32.326,18/01/2026,07:00:25,17_T02,39.121452801,10.180304194,0.0,574.11,225.05,-8.272,77.2,38.75,14.16,572.92,4336687.45,1781496.24
00:29:33.322,18/01/2026,07:00:26,17_T02,39.121452797,10.180304294,0.0,574.18,225.10,-8.264,77.2,38.75,14.16,572.92,4336687.46,1781496.24
00:29:34.323,18/01/2026,07:00:27,17_T02,39.121452691,10.180304017,0.0,574.26,225.16,-8.291,77.2,38.75,14.18,573.33,4336687.43,1781496.22
00:29:35.320,18/01/2026,07:00:28,17_T02,39.121452720,10.180303113,0.0,574.66,225.35,-8.361,77.2,38.75,14.18,573.33,4336687.35,1781496.23
00:29:36.320,18/01/2026,07:00:29,17_T02,39.121452853,10.180302509,0.0,575.41,225.58,-8.403,77.2,38.78,14.20,573.82,4336687.30,1781496.24
00:29:37.322,18/01/2026,07:00:30,17_T02,39.121452986,10.180302483,0.0,576.16,225.83,-8.399,77.2,38.78,14.20,573.82,4336687.30,1781496.26
00:29:38.324,18/01/2026,07:00:31,17_T02,39.121452820,10.180303063,0.0,576.49,225.94,-8.361,77.2,38.75,14.17,575.32,4336687.35,1781496.24
00:29:39.322,18/01/2026,07:00:32,17_T02,39.121452530,10.180303603,0.0,576.50,225.91,-8.331,77.2,38.75,14.17,575.32,4336687.40,1781496.21
00:29:40.320,18/01/2026,07:00:33,17_T02,39.121452408,10.180303375,0.0,576.61,225.96,-8.355,77.2,38.75,14.18,575.64,4336687.38,1781496.19
00:29:41.322,18/01/2026,07:00:34,17_T02,39.121452560,10.180302729,0.0,577.09,226.16,-8.399,77.2,38.75,14.18,575.64,4336687.32,1781496.21
00:29:42.321,18/01/2026,07:00:35,17_T02,39.121452684,10.180302274,0.0,577.83,226.32,-8.430,77.2,38.75,14.21,576.36,4336687.28,1781496.22
00:29:43.321,18/01/2026,07:00:36,17_T02,39.121452758,10.180302249,0.0,578.51,226.53,-8.428,77.2,38.75,14.21,576.36,4336687.28,1781496.23
00:29:44.321,18/01/2026,07:00:37,17_T02,39.121452629,10.180302592,0.0,578.85,226.62,-8.407,77.2,38.75,14.17,577.73,4336687.31,1781496.22
00:29:45.322,18/01/2026,07:00:38,17_T02,39.121452420,10.180302788,0.0,578.98,226.66,-8.401,77.2,38.75,14.17,577.73,4336687.33,1781496.19
00:29:46.320,18/01/2026,07:00:39,17_T02,39.121452261,10.180302628,0.0,579.11,226.84,-8.420,77.2,38.75,14.18,578.15,4336687.31,1781496.18
00:29:47.317,18/01/2026,07:00:40,17_T02,39.121452250,10.180302135,0.0,579.41,227.05,-8.460,77.2,38.75,14.18,578.15,4336687.27,1781496.17
00:29:48.318,18/01/2026,07:00:41,17_T02,39.121452437,10.180301563,0.0,579.96,227.32,-8.497,77.2,38.76,14.21,578.70,4336687.22,1781496.20
00:29:49.321,18/01/2026,07:00:42,17_T02,39.121452531,10.180301366,0.0,580.67,227.40,-8.508,77.2,38.76,14.21,578.70,4336687.20,1781496.21
00:29:50.321,18/01/2026,07:00:43,17_T02,39.121452595,10.180301836,0.0,581.20,227.36,-8.468,77.2,38.75,14.17,580.02,4336687.24,1781496.21
00:29:51.321,18/01/2026,07:00:44,17_T02,39.121452341,10.180302436,0.0,581.34,227.18,-8.432,77.2,38.75,14.17,580.02,4336687.29,1781496.18
00:29:52.322,18/01/2026,07:00:45,17_T02,39.121452116,10.180302411,0.0,581.47,227.12,-8.444,77.2,38.75,14.17,580.51,4336687.29,1781496.16
00:29:53.319,18/01/2026,07:00:46,17_T02,39.121451944,10.180301796,0.0,581.89,227.28,-8.501,77.2,38.75,14.17,580.51,4336687.24,1781496.14
00:29:54.321,18/01/2026,07:00:47,17_T02,39.121451818,10.180301310,0.0,582.51,227.38,-8.545,77.2,38.75,14.20,581.32,4336687.20,1781496.13
00:29:55.311,18/01/2026,07:00:48,17_T02,39.121451793,10.180301202,0.0,583.07,227.39,-8.555,77.2,38.75,14.20,581.32,4336687.19,1781496.12
00:29:56.321,18/01/2026,07:00:49,17_T02,39.121451562,10.180301422,0.0,583.41,227.30,-8.548,77.2,38.76,14.17,582.40,4336687.21,1781496.10
00:29:57.321,18/01/2026,07:00:50,17_T02,39.121451288,10.180301672,0.0,583.62,227.19,-8.540,77.2,38.76,14.17,582.40,4336687.23,1781496.07
00:29:58.320,18/01/2026,07:00:51,17_T02,39.121451137,10.180301606,0.0,583.88,227.16,-8.552,77.2,38.76,14.18,582.90,4336687.22,1781496.05
00:29:59.321,18/01/2026,07:00:52,17_T02,39.121451074,10.180301385,0.0,584.30,227.17,-8.573,77.2,38.76,14.18,582.90,4336687.20,1781496.04
