ASFIndex,Date,Time,Area,Lat,Long,Speed,P,Heading,mp,Altitude,Sal,T,Depth,E,N
00:00:00.306,18/01/2026,07:00:53,17_T02,39.121451128,10.180301351,0.0,584.83,227.11,-8.573,77.2,38.74,14.18,583.76,4336687.20,1781496.05
00:00:01.312,18/01/2026,07:00:54,17_T02,39.121451097,10.180301490,0.0,585.33,226.99,-8.563,77.2,38.74,14.18,583.76,4336687.21,1781496.05
00:00:02.306,18/01/2026,07:00:55,17_T02,39.121450881,10.180301770,0.0,585.71,226.83,-8.551,77.2,38.74,14.18,583.76,4336687.24,1781496.02
00:00:03.306,18/01/2026,07:00:56,17_T02,39.121450637,10.180301926,0.0,585.96,226.69,-8.549,77.2,38.75,14.17,584.71,4336687.25,1781496.00
00:00:04.306,18/01/2026,07:00:57,17_T02,39.121450819,10.180302085,0.0,586.17,226.57,-8.529,77.2,38.75,14.17,584.71,4336687.26,1781496.02
00:00:05.306,18/01/2026,07:00:58,17_T02,39.121450964,10.180301975,0.0,586.53,226.53,-8.531,77.2,38.76,14.17,585.24,4336687.25,1781496.03
00:00:06.304,18/01/2026,07:00:59,17_T02,39.121451031,10.180301845,0.0,587.14,226.50,-8.538,77.2,38.76,14.17,585.24,4336687.24,1781496.04
00:00:07.307,18/01/2026,07:01:00,17_T02,39.121451020,10.180301999,0.0,587.80,226.38,-8.526,77.2,38.74,14.19,586.12,4336687.26,1781496.04
00:00:08.305,18/01/2026,07:01:01,17_T02,39.121450905,10.180302526,0.0,588.24,226.28,-8.490,77.2,38.74,14.19,586.12,4336687.30,1781496.03
00:00:09.306,18/01/2026,07:01:02,17_T02,39.121450574,10.180303028,0.0,588.40,226.09,-8.465,77.2,38.75,14.17,587.28,4336687.35,1781495.99
00:00:10.305,18/01/2026,07:01:03,17_T02,39.121450347,10.180303061,0.0,588.52,225.99,-8.472,77.2,38.75,14.17,587.28,4336687.35,1781495.96
00:00:11.304,18/01/2026,07:01:04,17_T02,39.121450418,10.180302872,0.0,588.87,225.94,-8.484,77.2,38.75,14.18,587.63,4336687.33,1781495.97
00:00:12.306,18/01/2026,07:01:05,17_T02,39.121450523,10.180302684,0.0,589.45,225.95,-8.494,77.2,38.75,14.18,587.63,4336687.32,1781495.98
00:00:13.307,18/01/2026,07:01:06,17_T02,39.121450490,10.180302775,0.0,590.11,225.86,-8.489,77.2,38.73,14.20,588.52,4336687.32,1781495.98
00:00:14.305,18/01/2026,07:01:07,17_T02,39.121450327,10.180303219,0.0,590.51,225.73,-8.461,77.2,38.73,14.20,588.52,4336687.36,1781495.96
00:00:15.305,18/01/2026,07:01:08,17_T02,39.121450344,10.180303968,0.0,590.63,225.49,-8.401,77.2,38.75,14.17,589.62,4336687.43,1781495.96
00:00:16.304,18/01/2026,07:01:09,17_T02,39.121450398,10.180304064,0.0,590.85,225.43,-8.390,77.2,38.75,14.17,589.62,4336687.44,1781495.97
00:00:17.302,18/01/2026,07:01:10,17_T02,39.121450493,10.180303774,0.0,591.42,225.52,-8.409,77.2,38.76,14.19,589.99,4336687.41,1781495.98
00:00:18.304,18/01/2026,07:01:11,17_T02,39.121450542,10.180303707,0.0,592.11,225.50,-8.412,77.2,38.76,14.19,589.99,4336687.41,1781495.99
00:00:19.304,18/01/2026,07:01:12,17_T02,39.121450353,10.180304170,0.0,592.52,225.47,-8.384,77.2,38.75,14.17,591.26,4336687.45,1781495.97
00:00:20.305,18/01/2026,07:01:13,17_T02,39.121449972,10.180304690,0.0,592.61,225.31,-8.360,77.2,38.75,14.17,591.26,4336687.49,1781495.92
00:00:21.305,18/01/2026,07:01:14,17_T02,39.121449742,10.180304724,0.0,592.75,225.23,-8.368,77.2,38.75,14.18,591.73,4336687.49,1781495.90
00:00:22.303,18/01/2026,07:01:15,17_T02,39.121449333,10.180304307,0.0,593.21,225.28,-8.419,77.2,38.75,14.18,591.73,4336687.46,1781495.85
00:00:23.303,18/01/2026,07:01:16,17_T02,39.121449050,10.180304115,0.0,593.88,225.21,-8.447,77.2,38.77,14.19,592.43,4336687.44,1781495.82
00:00:24.310,18/01/2026,07:01:17,17_T02,39.121448983,10.180304294,0.0,594.40,225.08,-8.436,77.2,38.77,14.19,592.43,4336687.46,1781495.81
00:00:25.304,18/01/2026,07:01:18,17_T02,39.121448661,10.180304765,0.0,594.63,224.87,-8.413,77.2,38.75,14.17,593.57,4336687.50,1781495.78
00:00:26.302,18/01/2026,07:01:19,17_T02,39.121448211,10.180304998,0.0,594.84,224.72,-8.415,77.2,38.75,14.17,593.57,4336687.52,1781495.73
00:00:27.305,18/01/2026,07:01:20,17_T02,39.121448017,10.180304834,0.0,595.24,224.74,-8.437,77.2,38.76,14.18,594.06,4336687.50,1781495.71
00:00:28.303,18/01/2026,07:01:21,17_T02,39.121447949,10.180304639,0.0,595.78,224.70,-8.455,77.2,38.76,14.18,594.06,4336687.49,1781495.70
00:00:29.303,18/01/2026,07:01:22,17_T02,39.121447911,10.180304619,0.0,596.37,224.63,-8.459,77.2,38.75,14.18,595.10,4336687.49,1781495.70
00:00:30.306,18/01/2026,07:01:23,17_T02,39.121447891,10.180304933,0.0,596.80,224.55,-8.435,77.2,38.75,14.18,595.10,4336687.51,1781495.69
00:00:31.310,18/01/2026,07:01:24,17_T02,39.121447632,10.180305285,0.0,596.99,224.37,-8.418,77.2,38.75,14.17,596.01,4336687.54,1781495.67
00:00:32.303,18/01/2026,07:01:25,17_T02,39.121447350,10.180305368,0.0,597.17,224.22,-8.424,77.2,38.75,14.17,596.01,4336687.55,1781495.63
00:00:33.305,18/01/2026,07:01:26,17_T02,39.121447298,10.180305116,0.0,597.57,224.22,-8.447,77.2,38.76,14.18,596.44,4336687.53,1781495.63
00:00:34.305,18/01/2026,07:01:27,17_T02,39.121447350,10.180304502,0.0,598.16,224.18,-8.493,77.2,38.76,14.18,596.44,4336687.48,1781495.63
00:00:35.302,18/01/2026,07:01:28,17_T02,39.121447381,10.180304291,0.0,598.73,224.15,-8.509,77.2,38.75,14.17,597.56,4336687.46,1781495.64
00:00:36.307,18/01/2026,07:01:29,17_T02,39.121447192,10.180304540,0.0,599.06,224.10,-8.497,77.2,38.75,14.17,597.56,4336687.48,1781495.62
00:00:37.303,18/01/2026,07:01:30,17_T02,39.121446727,10.180304924,0.0,599.23,223.97,-8.488,77.2,38.76,14.17,598.27,4336687.51,1781495.57
00:00:38.300,18/01/2026,07:01:31,17_T02,39.121446432,10.180304923,0.0,599.45,223.92,-8.501,77.2,38.76,14.17,598.27,4336687.51,1781495.53
00:00:39.305,18/01/2026,07:01:32,17_T02,39.121446422,10.180304591,0.0,599.88,223.97,-8.528,77.2,38.76,14.19,598.78,4336687.48,1781495.53
00:00:40.305,18/01/2026,07:01:33,17_T02,39.121446485,10.180304329,0.0,600.57,223.96,-8.546,77.2,38.76,14.19,598.78,4336687.46,1781495.54
00:00:41.299,18/01/2026,07:01:34,17_T02,39.121446704,10.180304530,0.0,601.26,223.94,-8.520,77.2,38.75,14.17,600.14,4336687.48,1781495.56
00:00:42.304,18/01/2026,07:01:35,17_T02,39.121446619,10.180304928,0.0,601.59,223.91,-8.492,77.2,38.75,14.17,600.14,4336687.51,1781495.55
00:00:43.300,18/01/2026,07:01:36,17_T02,39.121446254,10.180305251,0.0,601.63,223.79,-8.483,77.2,38.75,14.17,600.14,4336687.54,1781495.51
00:00:44.305,18/01/2026,07:01:37,17_T02,39.121446033,10.180304992,0.0,601.76,223.79,-8.514,77.2,38.76,14.18,600.74,4336687.52,1781495.49
00:00:45.305,18/01/2026,07:01:38,17_T02,39.121445939,10.180304470,0.0,602.15,223.88,-8.559,77.2,38.76,14.18,600.74,4336687.47,1781495.48
00:00:46.304,18/01/2026,07:01:39,17_T02,39.121445936,10.180304026,0.0,602.78,224.00,-8.595,77.2,38.76,14.18,601.15,4336687.43,1781495.48
00:00:47.301,18/01/2026,07:01:40,17_T02,39.121445945,10.180303954,0.0,603.44,224.08,-8.600,77.2,38.76,14.18,601.15,4336687.43,1781495.48
00:00:48.305,18/01/2026,07:01:41,17_T02,39.121445809,10.180304235,0.0,603.82,224.14,-8.584,77.2,38.75,14.18,602.41,4336687.45,1781495.46
00:00:49.302,18/01/2026,07:01:42,17_T02,39.121445623,10.180304707,0.0,603.97,224.06,-8.555,77.2,38.75,14.18,602.41,4336687.49,1781495.44
00:00:50.302,18/01/2026,07:01:43,17_T02,39.121445527,10.180304572,0.0,604.18,224.14,-8.570,77.2,38.76,14.18,603.06,4336687.48,1781495.43
00:00:51.305,18/01/2026,07:01:44,17_T02,39.121445483,10.180304069,0.0,604.57,224.33,-8.612,77.2,38.76,14.18,603.06,4336687.44,1781495.43
00:00:52.303,18/01/2026,07:01:45,17_T02,39.121445928,10.180303672,0.0,605.11,224.47,-8.623,77.2,38.75,14.19,603.62,4336687.40,1781495.48
00:00:53.302,18/01/2026,07:01:46,17_T02,39.121446115,10.180303589,0.0,605.75,224.44,-8.621,77.2,38.75,14.19,603.62,4336687.40,1781495.50
00:00:54.304,18/01/2026,07:01:47,17_T02,39.121446077,10.180303728,0.0,606.25,224.43,-8.612,77.2,38.75,14.17,604.81,4336687.41,1781495.49
00:00:55.302,18/01/2026,07:01:48,17_T02,39.121445838,10.180303998,0.0,606.49,224.38,-8.601,77.2,38.75,14.17,604.81,4336687.43,1781495.47
00:00:56.303,18/01/2026,07:01:49,17_T02,39.121445692,10.180304056,0.0,606.65,224.43,-8.603,77.2,38.76,14.17,605.59,4336687.44,1781495.45
00:00:57.307,18/01/2026,07:01:50,17_T02,39.121445636,10.180303701,0.0,606.91,224.61,-8.634,77.2,38.76,14.17,605.59,4336687.41,1781495.45
00:00:58.305,18/01/2026,07:01:51,17_T02,39.121445679,10.180303112,0.0,607.35,224.84,-8.679,77.2,38.75,14.19,606.02,4336687.35,1781495.45
00:00:59.304,18/01/2026,07:01:52,17_T02,39.121445704,10.180302739,0.0,607.94,224.97,-8.707,77.2,38.75,14.19,606.02,4336687.32,1781495.45
00:01:00.306,18/01/2026,07:01:53,17_T02,39.121445859,10.180303077,0.0,608.47,225.01,-8.674,77.2,38.75,14.18,607.09,4336687.35,1781495.47
00:01:01.300,18/01/2026,07:01:54,17_T02,39.121445769,10.180303493,0.0,608.78,224.96,-8.645,77.2,38.75,14.18,607.09,4336687.39,1781495.46
00:01:02.304,18/01/2026,07:01:55,17_T02,39.121445566,10.180303559,0.0,608.97,224.89,-8.649,77.2,38.76,14.17,607.90,4336687.39,1781495.44
00:01:03.299,18/01/2026,07:01:56,17_T02,39.121445436,10.180303262,0.0,609.22,224.94,-8.678,77.2,38.76,14.17,607.90,4336687.37,1781495.42
00:01:04.302,18/01/2026,07:01:57,17_T02,39.121445791,10.180303201,0.0,609.70,225.10,-8.667,77.2,38.76,14.19,608.39,4336687.36,1781495.46
00:01:05.303,18/01/2026,07:01:58,17_T02,39.121445932,10.180303163,0.0,610.38,225.08,-8.664,77.2,38.76,14.19,608.39,4336687.36,1781495.48
00:01:06.304,18/01/2026,07:01:59,17_T02,39.121445866,10.180303259,0.0,610.93,224.94,-8.659,77.2,38.75,14.17,609.62,4336687.37,1781495.47
00:01:07.301,18/01/2026,07:02:00,17_T02,39.121445803,10.180303457,0.0,611.14,224.72,-8.646,77.2,38.75,14.17,609.62,4336687.38,1781495.46
00:01:08.303,18/01/2026,07:02:01,17_T02,39.121445667,10.180303428,0.0,611.25,224.57,-8.654,77.2,38.76,14.18,610.27,4336687.38,1781495.45
00:01:09.304,18/01/2026,07:02:02,17_T02,39.121445632,10.180303036,0.0,611.60,224.60,-8.687,77.2,38.76,14.18,610.27,4336687.35,1781495.44
00:01:10.304,18/01/2026,07:02:03,17_T02,39.121445615,10.180302664,0.0,612.16,224.64,-8.717,77.2,38.76,14.19,610.88,4336687.32,1781495.44
00:01:11.302,18/01/2026,07:02:04,17_T02,39.121445751,10.180302598,0.0,612.71,224.61,-8.717,77.2,38.76,14.19,610.88,4336687.31,1781495.46
00:01:12.302,18/01/2026,07:02:05,17_T02,39.121445678,10.180302764,0.0,613.10,224.53,-8.707,77.2,38.75,14.17,611.96,4336687.32,1781495.45
00:01:13.303,18/01/2026,07:02:06,17_T02,39.121445472,10.180302917,0.0,613.41,224.42,-8.704,77.2,38.75,14.17,611.96,4336687.34,1781495.43
00:01:14.300,18/01/2026,07:02:07,17_T02,39.121445425,10.180302780,0.0,613.75,224.43,-8.717,77.2,38.76,14.18,612.65,4336687.33,1781495.42
00:01:15.302,18/01/2026,07:02:08,17_T02,39.121445720,10.180303118,0.0,613.96,224.41,-8.677,77.2,38.76,14.18,612.65,4336687.36,1781495.45
00:01:16.301,18/01/2026,07:02:09,17_T02,39.121445850,10.180303330,0.0,614.18,224.35,-8.654,77.2,38.76,14.20,613.15,4336687.37,1781495.47
00:01:17.302,18/01/2026,07:02:10,17_T02,39.121446011,10.180303009,0.0,614.72,224.44,-8.672,77.2,38.76,14.20,613.15,4336687.35,1781495.49
00:01:18.301,18/01/2026,07:02:11,17_T02,39.121446117,10.180302947,0.0,615.47,224.34,-8.672,77.2,38.75,14.18,614.19,4336687.34,1781495.50
00:01:19.300,18/01/2026,07:02:12,17_T02,39.121446512,10.180303319,0.0,616.07,224.24,-8.625,77.2,38.75,14.18,614.19,4336687.37,1781495.54
00:01:20.301,18/01/2026,07:02:13,17_T02,39.121446399,10.180303877,0.0,616.29,223.96,-8.586,77.2,38.76,14.17,615.31,4336687.42,1781495.53
00:01:21.303,18/01/2026,07:02:14,17_T02,39.121446131,10.180304011,0.0,616.35,223.71,-8.587,77.2,38.76,14.17,615.31,4336687.43,1781495.50
00:01:22.302,18/01/2026,07:02:15,17_T02,39.121446033,10.180303674,0.0,616.58,223.53,-8.618,77.2,38.75,14.18,615.58,4336687.40,1781495.49
00:01:23.301,18/01/2026,07:02:16,17_T02,39.121446112,10.180303574,0.0,617.12,223.56,-8.623,77.2,38.75,14.18,615.58,4336687.40,1781495.50
00:01:24.302,18/01/2026,07:02:17,17_T02,39.121446135,10.180303591,0.0,617.74,223.53,-8.620,77.2,38.75,14.18,615.58,4336687.40,1781495.50
00:01:25.306,18/01/2026,07:02:18,17_T02,39.121446076,10.180303829,0.0,618.17,223.42,-8.604,77.2,38.72,14.19,616.65,4336687.42,1781495.49
00:01:26.301,18/01/2026,07:02:19,17_T02,39.121445856,10.180304363,0.0,618.46,223.21,-8.572,77.2,38.72,14.19,616.65,4336687.46,1781495.47
00:01:27.301,18/01/2026,07:02:20,17_T02,39.121445792,10.180304531,0.0,618.76,223.09,-8.561,77.2,38.75,14.15,617.48,4336687.48,1781495.46
00:01:28.303,18/01/2026,07:02:21,17_T02,39.121445845,10.180304385,0.0,619.15,223.03,-8.570,77.2,38.75,14.15,617.48,4336687.47,1781495.47
00:01:29.304,18/01/2026,07:02:22,17_T02,39.121445898,10.180304306,0.0,619.59,222.86,-8.574,77.2,38.76,14.18,618.16,4336687.46,1781495.47
00:01:30.303,18/01/2026,07:02:23,17_T02,39.121446145,10.180304280,0.0,620.05,222.63,-8.565,77.2,38.76,14.18,618.16,4336687.46,1781495.50
00:01:31.302,18/01/2026,07:02:24,17_T02,39.121446203,10.180304501,0.0,620.46,222.34,-8.545,77.2,38.74,14.12,619.08,4336687.48,1781495.51
00:01:32.301,18/01/2026,07:02:25,17_T02,39.121446091,10.180304796,0.0,620.76,222.04,-8.527,77.2,38.74,14.12,619.08,4336687.50,1781495.50
00:01:33.302,18/01/2026,07:02:26,17_T02,39.121446004,10.180304997,0.0,621.04,221.77,-8.515,77.2,38.73,14.09,619.85,4336687.52,1781495.49
00:01:34.300,18/01/2026,07:02:27,17_T02,39.121445823,10.180304848,0.0,621.46,221.58,-8.535,77.2,38.73,14.09,619.85,4336687.51,1781495.47
00:01:35.308,18/01/2026,07:02:28,17_T02,39.121445817,10.180304804,0.0,622.01,221.40,-8.538,77.2,38.73,14.13,620.54,4336687.50,1781495.47
00:01:36.300,18/01/2026,07:02:29,17_T02,39.121445912,10.180304992,0.0,622.54,221.22,-8.519,77.2,38.73,14.13,620.54,4336687.52,1781495.48
00:01:37.304,18/01/2026,07:02:30,17_T02,39.121445818,10.180305374,0.0,622.79,220.96,-8.493,77.2,38.73,14.08,621.63,4336687.55,1781495.47
00:01:38.302,18/01/2026,07:02:31,17_T02,39.121445759,10.180305724,0.0,622.91,220.65,-8.468,77.2,38.73,14.08,621.63,4336687.58,1781495.46
00:01:39.300,18/01/2026,07:02:32,17_T02,39.121445761,10.180305792,0.0,623.21,220.46,-8.462,77.2,38.74,14.09,622.05,4336687.59,1781495.46
00:01:40.300,18/01/2026,07:02:33,17_T02,39.121445846,10.180305717,0.0,623.75,220.31,-8.465,77.2,38.74,14.09,622.05,4336687.58,1781495.47
00:01:41.300,18/01/2026,07:02:34,17_T02,39.121446111,10.180305761,0.0,624.41,220.04,-8.449,77.2,38.71,14.11,622.92,4336687.59,1781495.50
00:01:42.312,18/01/2026,07:02:35,17_T02,39.121446268,10.180306007,0.0,624.93,219.87,-8.423,77.2,38.71,14.11,622.92,4336687.61,1781495.52
00:01:43.301,18/01/2026,07:02:36,17_T02,39.121446115,10.180306528,0.0,625.19,219.65,-8.388,77.2,38.73,14.08,624.07,4336687.65,1781495.50
00:01:44.307,18/01/2026,07:02:37,17_T02,39.121445993,10.180306789,0.0,625.40,219.47,-8.373,77.2,38.73,14.08,624.07,4336687.67,1781495.49
00:01:45.301,18/01/2026,07:02:38,17_T02,39.121446152,10.180306772,0.0,625.76,219.43,-8.367,77.2,38.73,14.10,624.59,4336687.67,1781495.50
00:01:46.302,18/01/2026,07:02:39,17_T02,39.121446337,10.180306729,0.0,626.23,219.40,-8.362,77.2,38.73,14.10,624.59,4336687.67,1781495.52
00:01:47.298,18/01/2026,07:02:40,17_T02,39.121446388,10.180306909,0.0,626.68,219.17,-8.345,77.2,38.72,14.09,625.44,4336687.69,1781495.53
00:01:48.301,18/01/2026,07:02:41,17_T02,39.121446369,10.180307369,0.0,627.08,218.84,-8.310,77.2,38.72,14.09,625.44,4336687.73,1781495.53
00:01:49.301,18/01/2026,07:02:42,17_T02,39.121446594,10.180307901,0.0,627.44,218.54,-8.257,77.2,38.73,14.08,626.30,4336687.77,1781495.55
00:01:50.300,18/01/2026,07:02:43,17_T02,39.121446737,10.180308206,0.0,627.83,218.35,-8.227,77.2,38.73,14.08,626.30,4336687.80,1781495.57
00:01:51.298,18/01/2026,07:02:44,17_T02,39.121446767,10.180308361,0.0,628.20,218.21,-8.213,77.2,38.73,14.08,627.10,4336687.81,1781495.57
00:01:52.301,18/01/2026,07:02:45,17_T02,39.121446753,10.180308504,0.0,628.49,218.02,-8.202,77.2,38.73,14.08,627.10,4336687.82,1781495.57
00:01:53.307,18/01/2026,07:02:46,17_T02,39.121446946,10.180308638,0.0,628.82,217.80,-8.183,77.2,38.73,14.08,627.74,4336687.84,1781495.59
00:01:54.300,18/01/2026,07:02:47,17_T02,39.121447128,10.180308804,0.0,629.29,217.61,-8.162,77.2,38.73,14.08,627.74,4336687.85,1781495.61
00:01:55.300,18/01/2026,07:02:48,17_T02,39.121447257,10.180309037,0.0,629.88,217.49,-8.137,77.2,38.73,14.08,628.66,4336687.87,1781495.63
00:01:56.301,18/01/2026,07:02:49,17_T02,39.121447419,10.180309359,0.0,630.42,217.44,-8.104,77.2,38.73,14.08,628.66,4336687.90,1781495.64
00:01:57.300,18/01/2026,07:02:50,17_T02,39.121447688,10.180309681,0.0,630.70,217.36,-8.067,77.2,38.73,14.07,629.68,4336687.93,1781495.67
00:01:58.299,18/01/2026,07:02:51,17_T02,39.121447748,10.180309901,0.0,630.83,217.25,-8.047,77.2,38.73,14.07,629.68,4336687.95,1781495.68
00:01:59.300,18/01/2026,07:02:52,17_T02,39.121447750,10.180309868,0.0,631.11,217.22,-8.049,77.2,38.74,14.08,630.08,4336687.94,1781495.68
00:02:00.301,18/01/2026,07:02:53,17_T02,39.121448015,10.180309368,0.0,631.59,217.29,-8.077,77.2,38.74,14.08,630.08,4336687.90,1781495.71
00:02:01.306,18/01/2026,07:02:54,17_T02,39.121448167,10.180309299,0.0,632.18,217.18,-8.075,77.2,38.72,14.09,631.03,4336687.89,1781495.73
00:02:02.303,18/01/2026,07:02:55,17_T02,39.121448248,10.180309659,0.0,632.73,216.95,-8.043,77.2,38.72,14.09,631.03,4336687.92,1781495.73
00:02:03.306,18/01/2026,07:02:56,17_T02,39.121448241,10.180310210,0.0,633.11,216.67,-8.000,77.2,38.73,14.08,632.09,4336687.97,1781495.73
00:02:04.299,18/01/2026,07:02:57,17_T02,39.121447890,10.180310713,0.0,633.27,216.44,-7.976,77.2,38.73,14.08,632.09,4336688.02,1781495.70
00:02:05.300,18/01/2026,07:02:58,17_T02,39.121447701,10.180310890,0.0,633.43,216.36,-7.970,77.2,38.73,14.08,632.50,4336688.03,1781495.67
00:02:06.300,18/01/2026,07:02:59,17_T02,39.121447800,10.180310728,0.0,633.82,216.41,-7.978,77.2,38.73,14.08,632.50,4336688.02,1781495.69
00:02:07.300,18/01/2026,07:03:00,17_T02,39.121447880,10.180310702,0.0,634.39,216.39,-7.977,77.2,38.73,14.08,632.50,4336688.01,1781495.69
00:02:08.299,18/01/2026,07:03:01,17_T02,39.121448115,10.180310965,0.0,634.95,216.27,-7.945,77.2,38.72,14.08,633.31,4336688.04,1781495.72
00:02:09.299,18/01/2026,07:03:02,17_T02,39.121448274,10.180311421,0.0,635.40,216.23,-7.902,77.2,38.72,14.08,633.31,4336688.08,1781495.74
00:02:10.300,18/01/2026,07:03:03,17_T02,39.121448287,10.180311785,0.0,635.76,216.26,-7.873,77.2,38.73,14.08,634.40,4336688.11,1781495.74
00:02:11.302,18/01/2026,07:03:04,17_T02,39.121448396,10.180311853,0.0,636.13,216.40,-7.862,77.2,38.73,14.08,634.40,4336688.11,1781495.75
00:02:12.300,18/01/2026,07:03:05,17_T02,39.121448545,10.180311744,0.0,636.45,216.54,-7.864,77.2,38.74,14.08,635.17,4336688.11,1781495.77
00:02:13.301,18/01/2026,07:03:06,17_T02,39.121448592,10.180311761,0.0,636.69,216.61,-7.861,77.2,38.74,14.08,635.17,4336688.11,1781495.77
00:02:14.306,18/01/2026,07:03:07,17_T02,39.121448594,10.180311848,0.0,636.98,216.65,-7.854,77.2,38.72,14.11,635.78,4336688.11,1781495.77
00:02:15.303,18/01/2026,07:03:08,17_T02,39.121448748,10.180311854,0.0,637.48,216.73,-7.846,77.2,38.72,14.11,635.78,4336688.11,1781495.79
00:02:16.300,18/01/2026,07:03:09,17_T02,39.121448990,10.180311687,0.0,638.12,216.63,-7.849,77.2,38.74,14.10,636.52,4336688.10,1781495.82
00:02:17.301,18/01/2026,07:03:10,17_T02,39.121449185,10.180311872,0.0,638.67,216.55,-7.825,77.2,38.74,14.10,636.52,4336688.12,1781495.84
00:02:18.300,18/01/2026,07:03:11,17_T02,39.121449058,10.180312400,0.0,638.92,216.40,-7.789,77.2,38.73,14.08,637.76,4336688.16,1781495.82
00:02:19.299,18/01/2026,07:03:12,17_T02,39.121448916,10.180312649,0.0,638.99,216.31,-7.776,77.2,38.73,14.08,637.76,4336688.18,1781495.81
00:02:20.299,18/01/2026,07:03:13,17_T02,39.121448846,10.180312586,0.0,639.18,216.28,-7.784,77.2,38.74,14.09,638.14,4336688.18,1781495.80
00:02:21.299,18/01/2026,07:03:14,17_T02,39.121448937,10.180312266,0.0,639.69,216.38,-7.805,77.2,38.74,14.09,638.14,4336688.15,1781495.81
00:02:22.299,18/01/2026,07:03:15,17_T02,39.121449061,10.180312168,0.0,640.43,216.34,-7.807,77.2,38.73,14.10,638.84,4336688.14,1781495.82
00:02:23.301,18/01/2026,07:03:16,17_T02,39.121449203,10.180312511,0.0,641.08,216.34,-7.774,77.2,38.73,14.10,638.84,4336688.17,1781495.84
00:02:24.300,18/01/2026,07:03:17,17_T02,39.121449042,10.180312647,0.0,641.44,216.33,-7.770,77.2,38.73,14.08,640.21,4336688.18,1781495.82
00:02:25.298,18/01/2026,07:03:18,17_T02,39.121448808,10.180312791,0.0,641.57,216.25,-7.769,77.2,38.73,14.08,640.21,4336688.20,1781495.80
00:02:26.300,18/01/2026,07:03:19,17_T02,39.121448734,10.180312683,0.0,641.67,216.28,-7.781,77.2,38.74,14.09,640.72,4336688.19,1781495.79
00:02:27.299,18/01/2026,07:03:20,17_T02,39.121448701,10.180312337,0.0,641.94,216.38,-7.810,77.2,38.74,14.09,640.72,4336688.16,1781495.79
00:02:28.299,18/01/2026,07:03:21,17_T02,39.121448931,10.180311527,0.0,642.48,216.54,-7.864,77.2,38.74,14.10,641.14,4336688.09,1781495.81
00:02:29.299,18/01/2026,07:03:22,17_T02,39.121449049,10.180311321,0.0,643.17,216.50,-7.875,77.2,38.74,14.10,641.14,4336688.07,1781495.82
00:02:30.299,18/01/2026,07:03:23,17_T02,39.121449083,10.180311779,0.0,643.73,216.40,-7.837,77.2,38.73,14.09,642.42,4336688.11,1781495.83
00:02:31.300,18/01/2026,07:03:24,17_T02,39.121448932,10.180312451,0.0,643.98,216.22,-7.791,77.2,38.73,14.09,642.42,4336688.17,1781495.81
00:02:32.299,18/01/2026,07:03:25,17_T02,39.121448832,10.180312422,0.0,644.11,216.12,-7.797,77.2,38.74,14.09,643.15,4336688.16,1781495.80
00:02:33.299,18/01/2026,07:03:26,17_T02,39.121448810,10.180311991,0.0,644.37,216.16,-7.833,77.2,38.74,14.09,643.15,4336688.13,1781495.80
00:02:34.301,18/01/2026,07:03:27,17_T02,39.121448886,10.180311590,0.0,644.84,216.29,-7.861,77.2,38.74,14.11,643.64,4336688.09,1781495.81
00:02:35.299,18/01/2026,07:03:28,17_T02,39.121448892,10.180311495,0.0,645.43,216.26,-7.868,77.2,38.74,14.11,643.64,4336688.08,1781495.81
00:02:36.300,18/01/2026,07:03:29,17_T02,39.121449087,10.180311343,0.0,645.92,216.09,-7.872,77.2,38.73,14.09,644.74,4336688.07,1781495.83
00:02:37.299,18/01/2026,07:03:30,17_T02,39.121449086,10.180311619,0.0,646.26,215.91,-7.850,77.2,38.73,14.09,644.74,4336688.09,1781495.83
00:02:38.298,18/01/2026,07:03:31,17_T02,39.121449019,10.180311815,0.0,646.63,215.87,-7.837,77.2,38.73,14.09,645.52,4336688.11,1781495.82
00:02:39.299,18/01/2026,07:03:32,17_T02,39.121449110,10.180311684,0.0,647.08,216.01,-7.843,77.2,38.73,14.09,645.52,4336688.10,1781495.83
00:02:40.299,18/01/2026,07:03:33,17_T02,39.121449233,10.180311466,0.0,647.38,216.10,-7.855,77.2,38.73,14.09,646.37,4336688.08,1781495.84
00:02:41.299,18/01/2026,07:03:34,17_T02,39.121449210,10.180311425,0.0,647.59,216.08,-7.859,77.2,38.73,14.09,646.37,4336688.08,1781495.84
00:02:42.302,18/01/2026,07:03:35,17_T02,39.121449194,10.180311375,0.0,647.93,216.09,-7.864,77.2,38.74,14.09,646.86,4336688.07,1781495.84
00:02:43.300,18/01/2026,07:03:36,17_T02,39.121449202,10.180311373,0.0,648.43,216.06,-7.864,77.2,38.74,14.09,646.86,4336688.07,1781495.84
00:02:44.298,18/01/2026,07:03:37,17_T02,39.121449467,10.180311226,0.0,648.98,215.95,-7.864,77.2,38.73,14.09,647.87,4336688.06,1781495.87
00:02:45.305,18/01/2026,07:03:38,17_T02,39.121449593,10.180311286,0.0,649.45,215.89,-7.853,77.2,38.73,14.09,647.87,4336688.07,1781495.88
00:02:46.302,18/01/2026,07:03:39,17_T02,39.121449540,10.180311426,0.0,649.82,215.88,-7.845,77.2,38.73,14.09,648.80,4336688.08,1781495.88
00:02:47.298,18/01/2026,07:03:40,17_T02,39.121449458,10.180311409,0.0,650.15,215.93,-7.850,77.2,38.73,14.09,648.80,4336688.08,1781495.87
00:02:48.306,18/01/2026,07:03:41,17_T02,39.121449393,10.180311277,0.0,650.43,215.97,-7.863,77.2,38.73,14.10,649.48,4336688.06,1781495.86
00:02:49.301,18/01/2026,07:03:42,17_T02,39.121449333,10.180311294,0.0,650.66,215.94,-7.864,77.2,38.73,14.10,649.48,4336688.07,1781495.85
00:02:50.298,18/01/2026,07:03:43,17_T02,39.121449330,10.180311266,0.0,651.01,215.94,-7.867,77.2,38.73,14.10,649.48,4336688.06,1781495.85
00:02:51.299,18/01/2026,07:03:44,17_T02,39.121449617,10.180310726,0.0,651.55,216.07,-7.897,77.2,38.73,14.10,650.01,4336688.02,1781495.89
00:02:52.299,18/01/2026,07:03:45,17_T02,39.121449855,10.180310495,0.0,652.21,216.15,-7.904,77.2,38.73,14.10,650.01,4336688.00,1781495.91
00:02:53.301,18/01/2026,07:03:46,17_T02,39.121449958,10.180310683,0.0,652.75,216.26,-7.885,77.2,38.73,14.09,651.19,4336688.01,1781495.92
00:02:54.298,18/01/2026,07:03:47,17_T02,39.121449768,10.180311111,0.0,653.00,216.20,-7.859,77.2,38.73,14.09,651.19,4336688.05,1781495.90
00:02:55.298,18/01/2026,07:03:48,17_T02,39.121449402,10.180311276,0.0,653.12,216.13,-7.863,77.2,38.74,14.09,652.10,4336688.06,1781495.86
00:02:56.299,18/01/2026,07:03:49,17_T02,39.121449157,10.180311125,0.0,653.34,216.15,-7.886,77.2,38.74,14.09,652.10,4336688.05,1781495.84
00:02:57.300,18/01/2026,07:03:50,17_T02,39.121449102,10.180310883,0.0,653.74,216.22,-7.907,77.2,38.74,14.10,652.44,4336688.03,1781495.83
00:02:58.298,18/01/2026,07:03:51,17_T02,39.121449118,10.180310666,0.0,654.28,216.28,-7.924,77.2,38.74,14.10,652.44,4336688.01,1781495.83
00:02:59.297,18/01/2026,07:03:52,17_T02,39.121449188,10.180310468,0.0,654.93,216.25,-7.936,77.2,38.73,14.10,653.35,4336687.99,1781495.84
00:03:00.301,18/01/2026,07:03:53,17_T02,39.121449312,10.180310652,0.0,655.49,216.28,-7.916,77.2,38.73,14.10,653.35,4336688.01,1781495.85
00:03:01.299,18/01/2026,07:03:54,17_T02,39.121449259,10.180311061,0.0,655.82,216.34,-7.886,77.2,38.74,14.09,654.60,4336688.05,1781495.85
00:03:02.297,18/01/2026,07:03:55,17_T02,39.121449149,10.180311180,0.0,655.97,216.44,-7.882,77.2,38.74,14.09,654.60,4336688.06,1781495.83
00:03:03.299,18/01/2026,07:03:56,17_T02,39.121448726,10.180310374,0.0,656.07,216.57,-7.965,77.2,38.74,14.10,655.12,4336687.99,1781495.79
00:03:04.298,18/01/2026,07:03:57,17_T02,39.121448465,10.180309680,0.0,656.32,216.71,-8.032,77.2,38.74,14.10,655.12,4336687.93,1781495.76
00:03:05.298,18/01/2026,07:03:58,17_T02,39.121448575,10.180309129,0.0,656.86,216.98,-8.071,77.2,38.73,14.12,655.49,4336687.88,1781495.77
00:03:06.297,18/01/2026,07:03:59,17_T02,39.121448643,10.180308986,0.0,657.60,217.01,-8.079,77.2,38.73,14.12,655.49,4336687.87,1781495.78
00:03:07.298,18/01/2026,07:04:00,17_T02,39.121448826,10.180309106,0.0,658.28,216.99,-8.061,77.2,38.73,14.09,656.80,4336687.88,1781495.80
00:03:08.298,18/01/2026,07:04:01,17_T02,39.121448802,10.180309596,0.0,658.70,216.95,-8.023,77.2,38.73,14.09,656.80,4336687.92,1781495.80
00:03:09.297,18/01/2026,07:04:02,17_T02,39.121448642,10.180309881,0.0,658.79,216.96,-8.008,77.2,38.74,14.09,657.87,4336687.94,1781495.78
00:03:10.299,18/01/2026,07:04:03,17_T02,39.121448552,10.180309597,0.0,658.72,217.03,-8.034,77.2,38.74,14.09,657.87,4336687.92,1781495.77
00:03:11.297,18/01/2026,07:04:04,17_T02,39.121448652,10.180308832,0.0,658.93,217.23,-8.091,77.2,38.73,14.10,657.90,4336687.85,1781495.78
00:03:12.299,18/01/2026,07:04:05,17_T02,39.121448856,10.180308043,0.0,659.68,217.50,-8.144,77.2,38.73,14.10,657.90,4336687.78,1781495.80
00:03:13.298,18/01/2026,07:04:06,17_T02,39.121449144,10.180307690,0.0,660.61,217.69,-8.159,77.2,38.73,14.10,659.04,4336687.75,1781495.83
00:03:14.298,18/01/2026,07:04:07,17_T02,39.121449221,10.180308235,0.1,661.17,217.78,-8.112,77.2,38.73,14.10,659.04,4336687.80,1781495.84
00:03:15.297,18/01/2026,07:04:08,17_T02,39.121448935,10.180308302,0.1,661.22,217.63,-8.120,77.2,38.74,14.09,660.33,4336687.81,1781495.81
00:03:16.301,18/01/2026,07:04:09,17_T02,39.121448734,10.180307741,0.1,661.13,217.60,-8.174,77.2,38.74,14.09,660.33,4336687.76,1781495.79
00:03:17.298,18/01/2026,07:04:10,17_T02,39.121448759,10.180306944,0.1,661.33,217.80,-8.236,77.2,38.73,14.09,660.33,4336687.69,1781495.79
00:03:18.298,18/01/2026,07:04:11,17_T02,39.121448824,10.180306217,0.1,661.89,217.97,-8.291,77.2,38.73,14.09,660.33,4336687.62,1781495.80
00:03:19.297,18/01/2026,07:04:12,17_T02,39.121449280,10.180305880,0.1,662.60,218.05,-8.297,77.2,38.73,14.10,661.29,4336687.59,1781495.85
00:03:20.297,18/01/2026,07:04:13,17_T02,39.121449542,10.180306052,0.1,663.19,218.08,-8.271,77.2,38.73,14.10,661.29,4336687.61,1781495.88
00:03:21.301,18/01/2026,07:04:14,17_T02,39.121449426,10.180306600,0.1,663.52,217.97,-8.233,77.2,38.73,14.09,662.49,4336687.66,1781495.86
00:03:22.300,18/01/2026,07:04:15,17_T02,39.121449270,10.180306799,0.1,663.74,217.88,-8.224,77.2,38.73,14.09,662.49,4336687.67,1781495.85
00:03:23.297,18/01/2026,07:04:16,17_T02,39.121449520,10.180306689,0.1,664.08,217.97,-8.222,77.2,38.74,14.10,663.02,4336687.67,1781495.87
00:03:24.297,18/01/2026,07:04:17,17_T02,39.121449746,10.180306396,0.1,664.60,218.09,-8.235,77.2,38.74,14.10,663.02,4336687.64,1781495.90
00:03:25.298,18/01/2026,07:04:18,17_T02,39.121449778,10.180306247,0.1,665.06,218.09,-8.245,77.2,38.73,14.10,663.99,4336687.63,1781495.90
00:03:26.298,18/01/2026,07:04:19,17_T02,39.121449656,10.180306459,0.1,665.32,217.93,-8.234,77.2,38.73,14.10,663.99,4336687.65,1781495.89
00:03:27.296,18/01/2026,07:04:20,17_T02,39.121449686,10.180306119,0.1,665.55,217.78,-8.259,77.2,38.73,14.10,664.59,4336687.62,1781495.89
00:03:28.297,18/01/2026,07:04:21,17_T02,39.121449788,10.180305699,0.1,665.96,217.78,-8.288,77.2,38.73,14.10,664.59,4336687.58,1781495.90
00:03:29.295,18/01/2026,07:04:22,17_T02,39.121449842,10.180305559,0.1,666.51,217.79,-8.297,77.2,38.73,14.12,665.43,4336687.57,1781495.91
00:03:30.296,18/01/2026,07:04:23,17_T02,39.121449949,10.180305516,0.1,667.05,217.81,-8.295,77.2,38.73,14.12,665.43,4336687.56,1781495.92
00:03:31.298,18/01/2026,07:04:24,17_T02,39.121449910,10.180305211,0.1,667.42,217.79,-8.321,77.2,38.73,14.09,666.45,4336687.54,1781495.92
00:03:32.298,18/01/2026,07:04:25,17_T02,39.121449762,10.180305109,0.1,667.59,217.72,-8.336,77.2,38.73,14.09,666.45,4336687.53,1781495.90
00:03:33.295,18/01/2026,07:04:26,17_T02,39.121449645,10.180305083,0.1,667.78,217.69,-8.344,77.2,38.73,14.09,666.45,4336687.53,1781495.89
00:03:34.299,18/01/2026,07:04:27,17_T02,39.121449737,10.180304785,0.1,668.24,217.78,-8.363,77.2,38.74,14.10,666.86,4336687.50,1781495.90
00:03:35.297,18/01/2026,07:04:28,17_T02,39.121449636,10.180304298,0.1,668.87,217.74,-8.406,77.2,38.74,14.10,666.86,4336687.46,1781495.89
00:03:36.305,18/01/2026,07:04:29,17_T02,39.121449670,10.180304279,0.1,669.39,217.67,-8.406,77.2,38.73,14.10,667.86,4336687.46,1781495.89
00:03:37.295,18/01/2026,07:04:30,17_T02,39.121449609,10.180304703,0.1,669.72,217.56,-8.375,77.2,38.73,14.10,667.86,4336687.49,1781495.88
00:03:38.297,18/01/2026,07:04:31,17_T02,39.121449555,10.180304911,0.1,670.00,217.49,-8.361,77.2,38.73,14.09,668.81,4336687.51,1781495.88
00:03:39.296,18/01/2026,07:04:32,17_T02,39.121449445,10.180304490,0.1,670.35,217.47,-8.400,77.2,38.73,14.09,668.81,4336687.47,1781495.87
00:03:40.298,18/01/2026,07:04:33,17_T02,39.121449423,10.180304208,0.1,670.78,217.42,-8.423,77.2,38.74,14.10,669.45,4336687.45,1781495.86
00:03:41.294,18/01/2026,07:04:34,17_T02,39.121449467,10.180304347,0.1,671.19,217.29,-8.410,77.2,38.74,14.10,669.45,4336687.46,1781495.87
00:03:42.301,18/01/2026,07:04:35,17_T02,39.121449410,10.180304709,0.1,671.53,217.08,-8.384,77.2,38.73,14.09,670.28,4336687.49,1781495.86
00:03:43.296,18/01/2026,07:04:36,17_T02,39.121449395,10.180304917,0.1,671.89,216.87,-8.368,77.2,38.73,14.09,670.28,4336687.51,1781495.86
00:03:44.297,18/01/2026,07:04:37,17_T02,39.121449449,10.180305041,0.1,672.33,216.77,-8.356,77.2,38.73,14.10,671.01,4336687.52,1781495.87
00:03:45.298,18/01/2026,07:04:38,17_T02,39.121449591,10.180305194,0.1,672.84,216.79,-8.337,77.2,38.73,14.10,671.01,4336687.54,1781495.88
00:03:46.296,18/01/2026,07:04:39,17_T02,39.121449745,10.180305336,0.0,673.32,216.88,-8.319,77.2,38.73,14.09,671.99,4336687.55,1781495.90
00:03:47.295,18/01/2026,07:04:40,17_T02,39.121449555,10.180305193,0.0,673.63,216.93,-8.339,77.2,38.73,14.09,671.99,4336687.54,1781495.88
00:03:48.297,18/01/2026,07:04:41,17_T02,39.121449335,10.180305255,0.0,673.80,216.89,-8.344,77.2,38.74,14.09,672.77,4336687.54,1781495.85
00:03:49.300,18/01/2026,07:04:42,17_T02,39.121449273,10.180305392,0.0,674.07,216.86,-8.336,77.2,38.74,14.09,672.77,4336687.55,1781495.85
00:03:50.297,18/01/2026,07:04:43,17_T02,39.121449368,10.180305364,0.0,674.54,216.93,-8.334,77.2,38.73,14.10,673.25,4336687.55,1781495.86
00:03:51.297,18/01/2026,07:04:44,17_T02,39.121449301,10.180305043,0.0,675.16,216.89,-8.362,77.2,38.73,14.10,673.25,4336687.52,1781495.85
00:03:52.300,18/01/2026,07:04:45,17_T02,39.121449351,10.180305117,0.0,675.78,216.85,-8.354,77.2,38.73,14.10,674.39,4336687.53,1781495.86
00:03:53.296,18/01/2026,07:04:46,17_T02,39.121449387,10.180305571,0.0,676.15,216.85,-8.316,77.2,38.73,14.10,674.39,4336687.57,1781495.86
00:03:54.300,18/01/2026,07:04:47,17_T02,39.121449282,10.180305960,0.0,676.22,216.80,-8.290,77.2,38.74,14.10,675.31,4336687.60,1781495.85
00:03:55.299,18/01/2026,07:04:48,17_T02,39.121449008,10.180306013,0.0,676.31,216.79,-8.298,77.2,38.74,14.10,675.31,4336687.61,1781495.82
00:03:56.307,18/01/2026,07:04:49,17_T02,39.121449029,10.180305698,0.0,676.78,216.88,-8.322,77.2,38.74,14.10,675.54,4336687.58,1781495.82
00:03:57.296,18/01/2026,07:04:50,17_T02,39.121449168,10.180305547,0.0,677.51,216.93,-8.328,77.2,38.74,14.10,675.54,4336687.57,1781495.84
00:03:58.297,18/01/2026,07:04:51,17_T02,39.121449294,10.180305763,0.0,678.14,216.95,-8.305,77.2,38.73,14.10,676.82,4336687.58,1781495.85
00:03:59.297,18/01/2026,07:04:52,17_T02,39.121449545,10.180306221,0.0,678.46,216.86,-8.258,77.2,38.73,14.10,676.82,4336687.62,1781495.88
00:04:00.297,18/01/2026,07:04:53,17_T02,39.121449608,10.180306545,0.0,678.58,216.75,-8.229,77.2,38.74,14.10,677.65,4336687.65,1781495.88
00:04:01.296,18/01/2026,07:04:54,17_T02,39.121449598,10.180306489,0.0,678.76,216.73,-8.234,77.2,38.74,14.10,677.65,4336687.65,1781495.88
00:04:02.298,18/01/2026,07:04:55,17_T02,39.121449754,10.180306155,0.0,679.21,216.83,-8.253,77.2,38.74,14.12,678.02,4336687.62,1781495.90
00:04:03.304,18/01/2026,07:04:56,17_T02,39.121450112,10.180306445,0.0,679.85,216.84,-8.214,77.2,38.74,14.12,678.02,4336687.64,1781495.94
00:04:04.297,18/01/2026,07:04:57,17_T02,39.121450327,10.180306933,0.0,680.42,216.76,-8.166,77.2,38.73,14.10,679.23,4336687.69,1781495.96
00:04:05.296,18/01/2026,07:04:58,17_T02,39.121450237,10.180307531,0.0,680.70,216.62,-8.122,77.2,38.73,14.10,679.23,4336687.74,1781495.95
00:04:06.297,18/01/2026,07:04:59,17_T02,39.121450149,10.180307863,0.0,680.85,216.54,-8.100,77.2,38.74,14.10,679.92,4336687.77,1781495.94
00:04:07.295,18/01/2026,07:05:00,17_T02,39.121450281,10.180307943,0.0,681.14,216.66,-8.088,77.2,38.74,14.10,679.92,4336687.77,1781495.96
00:04:08.297,18/01/2026,07:05:01,17_T02,39.121450477,10.180307752,0.0,681.63,216.88,-8.094,77.2,38.74,14.10,680.50,4336687.76,1781495.98
00:04:09.296,18/01/2026,07:05:02,17_T02,39.121450608,10.180307670,0.0,682.23,216.94,-8.095,77.2,38.74,14.10,680.50,4336687.75,1781495.99
00:04:10.298,18/01/2026,07:05:03,17_T02,39.121450736,10.180307817,0.0,682.76,216.97,-8.077,77.2,38.73,14.10,681.65,4336687.76,1781496.01
00:04:11.296,18/01/2026,07:05:04,17_T02,39.121450475,10.180307824,0.0,683.06,216.94,-8.088,77.2,38.73,14.10,681.65,4336687.76,1781495.98
00:04:12.296,18/01/2026,07:05:05,17_T02,39.121450301,10.180307804,0.0,683.21,216.93,-8.098,77.2,38.74,14.10,682.29,4336687.76,1781495.96
00:04:13.296,18/01/2026,07:05:06,17_T02,39.121450272,10.180307688,0.0,683.44,217.01,-8.108,77.2,38.74,14.10,682.29,4336687.75,1781495.96
00:04:14.296,18/01/2026,07:05:07,17_T02,39.121450465,10.180307277,0.0,683.93,217.27,-8.132,77.2,38.73,14.12,682.85,4336687.72,1781495.98
00:04:15.295,18/01/2026,07:05:08,17_T02,39.121450717,10.180307054,0.0,684.56,217.34,-8.139,77.2,38.73,14.12,682.85,4336687.70,1781496.01
00:04:16.295,18/01/2026,07:05:09,17_T02,39.121450865,10.180307175,0.0,685.04,217.33,-8.122,77.2,38.73,14.12,682.85,4336687.71,1781496.02
00:04:17.296,18/01/2026,07:05:10,17_T02,39.121450693,10.180307611,0.0,685.30,217.16,-8.096,77.2,38.73,14.10,684.03,4336687.75,1781496.00
00:04:18.297,18/01/2026,07:05:11,17_T02,39.121450571,10.180307746,0.0,685.60,217.04,-8.090,77.2,38.73,14.10,684.03,4336687.76,1781495.99
00:04:19.298,18/01/2026,07:05:12,17_T02,39.121450657,10.180307889,0.0,686.07,217.05,-8.075,77.2,38.73,14.10,684.62,4336687.77,1781496.00
00:04:20.297,18/01/2026,07:05:13,17_T02,39.121450727,10.180307987,0.0,686.51,216.98,-8.064,77.2,38.73,14.10,684.62,4336687.78,1781496.01
00:04:21.298,18/01/2026,07:05:14,17_T02,39.121450666,10.180308179,0.0,686.90,216.81,-8.052,77.2,38.73,14.10,685.54,4336687.79,1781496.00
00:04:22.298,18/01/2026,07:05:15,17_T02,39.121450610,10.180308448,0.0,687.27,216.64,-8.033,77.2,38.73,14.10,685.54,4336687.82,1781495.99
00:04:23.295,18/01/2026,07:05:16,17_T02,39.121450526,10.180308464,0.0,687.59,216.53,-8.035,77.2,38.74,14.10,686.32,4336687.82,1781495.99
00:04:24.299,18/01/2026,07:05:17,17_T02,39.121450477,10.180308499,0.0,687.94,216.46,-8.035,77.2,38.74,14.10,686.32,4336687.82,1781495.98
00:04:25.297,18/01/2026,07:05:18,17_T02,39.121450535,10.180308570,0.0,688.43,216.48,-8.026,77.2,38.74,14.10,687.02,4336687.83,1781495.99
00:04:26.299,18/01/2026,07:05:19,17_T02,39.121450642,10.180308682,0.0,688.92,216.53,-8.013,77.2,38.74,14.10,687.02,4336687.84,1781496.00
00:04:27.296,18/01/2026,07:05:20,17_T02,39.121451098,10.180308652,0.0,689.23,216.50,-7.995,77.2,38.74,14.10,687.98,4336687.84,1781496.05
00:04:28.296,18/01/2026,07:05:21,17_T02,39.121451213,10.180308775,0.0,689.45,216.43,-7.980,77.2,38.74,14.10,687.98,4336687.85,1781496.06
00:04:29.296,18/01/2026,07:05:22,17_T02,39.121451206,10.180308796,0.0,689.83,216.50,-7.978,77.2,38.74,14.10,688.57,4336687.85,1781496.06
00:04:30.295,18/01/2026,07:05:23,17_T02,39.121451290,10.180308780,0.0,690.38,216.60,-7.976,77.2,38.74,14.10,688.57,4336687.85,1781496.07
00:04:31.295,18/01/2026,07:05:24,17_T02,39.121451415,10.180308939,0.0,690.92,216.66,-7.957,77.2,38.73,14.10,689.49,4336687.86,1781496.08
00:04:32.296,18/01/2026,07:05:25,17_T02,39.121451590,10.180309296,0.0,691.25,216.67,-7.921,77.2,38.73,14.10,689.49,4336687.89,1781496.10
00:04:33.296,18/01/2026,07:05:26,17_T02,39.121451593,10.180309609,0.0,691.43,216.69,-7.896,77.2,38.74,14.10,690.36,4336687.92,1781496.10
00:04:34.295,18/01/2026,07:05:27,17_T02,39.121451585,10.180309609,0.0,691.70,216.83,-7.897,77.2,38.74,14.10,690.36,4336687.92,1781496.10
00:04:35.307,18/01/2026,07:05:28,17_T02,39.121451704,10.180309438,0.0,692.19,217.01,-7.905,77.2,38.73,14.11,690.84,4336687.90,1781496.12
00:04:36.301,18/01/2026,07:05:29,17_T02,39.121451931,10.180309272,0.0,692.83,217.03,-7.908,77.2,38.73,14.11,690.84,4336687.89,1781496.14
00:04:37.295,18/01/2026,07:05:30,17_T02,39.121452167,10.180309383,0.0,693.53,217.04,-7.888,77.2,38.73,14.10,692.05,4336687.90,1781496.17
00:04:38.295,18/01/2026,07:05:31,17_T02,39.121452266,10.180309747,0.0,694.05,217.07,-7.855,77.2,38.73,14.10,692.05,4336687.93,1781496.18
00:04:39.296,18/01/2026,07:05:32,17_T02,39.121452112,10.180310200,0.0,694.32,217.02,-7.826,77.2,38.74,14.10,693.21,4336687.97,1781496.16
00:04:40.294,18/01/2026,07:05:33,17_T02,39.121451634,10.180310136,0.0,694.64,217.04,-7.853,77.2,38.74,14.10,693.21,4336687.96,1781496.11
00:04:41.294,18/01/2026,07:05:34,17_T02,39.121451576,10.180309846,0.0,695.18,217.21,-7.878,77.2,38.73,14.10,693.85,4336687.94,1781496.10
00:04:42.294,18/01/2026,07:05:35,17_T02,39.121451758,10.180309727,0.0,695.90,217.28,-7.879,77.2,38.73,14.10,693.85,4336687.93,1781496.12
00:04:43.294,18/01/2026,07:05:36,17_T02,39.121452056,10.180309821,0.0,696.71,217.39,-7.859,77.2,38.73,14.10,695.26,4336687.94,1781496.15
00:04:44.294,18/01/2026,07:05:37,17_T02,39.121452476,10.180309463,0.0,697.43,217.73,-7.868,77.2,38.73,14.10,695.26,4336687.91,1781496.20
00:04:45.296,18/01/2026,07:05:38,17_T02,39.121452514,10.180309340,0.0,697.90,218.06,-7.876,77.2,38.73,14.10,696.69,4336687.90,1781496.21
00:04:46.296,18/01/2026,07:05:39,17_T02,39.121452299,10.180309384,0.0,698.16,218.21,-7.882,77.2,38.73,14.10,696.69,4336687.90,1781496.18
00:04:47.294,18/01/2026,07:05:40,17_T02,39.121452219,10.180309231,0.0,698.38,218.33,-7.898,77.2,38.75,14.12,697.32,4336687.89,1781496.17
00:04:48.295,18/01/2026,07:05:41,17_T02,39.121452626,10.180308367,0.0,698.88,218.64,-7.948,77.2,38.75,14.12,697.32,4336687.81,1781496.22
00:04:49.295,18/01/2026,07:05:42,17_T02,39.121453031,10.180307833,0.1,699.80,218.82,-7.972,77.2,38.72,14.11,698.38,4336687.76,1781496.26
00:04:50.296,18/01/2026,07:05:43,17_T02,39.121453624,10.180307813,0.1,700.81,219.13,-7.947,77.2,38.72,14.11,698.38,4336687.76,1781496.33
00:04:51.304,18/01/2026,07:05:44,17_T02,39.121453921,10.180308072,0.1,701.50,219.44,-7.913,77.2,38.73,14.10,700.25,4336687.78,1781496.36
00:04:52.296,18/01/2026,07:05:45,17_T02,39.121453436,10.180308275,0.1,701.76,219.54,-7.919,77.2,38.73,14.10,700.25,4336687.80,1781496.31
00:04:53.307,18/01/2026,07:05:46,17_T02,39.121453126,10.180308038,0.1,701.88,219.69,-7.952,77.2,38.73,14.12,700.90,4336687.78,1781496.27
00:04:54.294,18/01/2026,07:05:47,17_T02,39.121453255,10.180307347,0.1,702.26,220.08,-8.001,77.2,38.73,14.12,700.90,4336687.72,1781496.29
00:04:55.295,18/01/2026,07:05:48,17_T02,39.121453516,10.180306638,0.1,703.04,220.56,-8.045,77.2,38.74,14.12,701.80,4336687.66,1781496.32
00:04:56.297,18/01/2026,07:05:49,17_T02,39.121453907,10.180306212,0.1,703.90,220.84,-8.062,77.2,38.74,14.12,701.80,4336687.62,1781496.36
00:04:57.296,18/01/2026,07:05:50,17_T02,39.121454307,10.180306269,0.1,704.52,221.16,-8.039,77.2,38.74,14.12,701.80,4336687.63,1781496.40
00:04:58.295,18/01/2026,07:05:51,17_T02,39.121454323,10.180306568,0.1,704.95,221.40,-8.015,77.2,38.73,14.10,703.39,4336687.65,1781496.40
00:04:59.305,18/01/2026,07:05:52,17_T02,39.121454341,10.180306453,0.1,705.46,221.62,-8.023,77.2,38.73,14.10,703.39,4336687.64,1781496.41
00:05:00.295,18/01/2026,07:05:53,17_T02,39.121454458,10.180306324,0.1,706.15,221.75,-8.028,77.2,38.74,14.11,704.37,4336687.63,1781496.42
00:05:01.296,18/01/2026,07:05:54,17_T02,39.121454517,10.180306290,0.1,706.76,221.70,-8.028,77.2,38.74,14.11,704.37,4336687.63,1781496.43
00:05:02.307,18/01/2026,07:05:55,17_T02,39.121454338,10.180306461,0.1,707.07,221.47,-8.022,77.2,38.73,14.10,705.71,4336687.64,1781496.41
00:05:03.297,18/01/2026,07:05:56,17_T02,39.121454103,10.180306648,0.1,707.38,221.17,-8.018,77.2,38.73,14.10,705.71,4336687.66,1781496.38
00:05:04.310,18/01/2026,07:05:57,17_T02,39.121454259,10.180306544,0.1,708.06,221.07,-8.019,77.2,38.74,14.11,706.39,4336687.65,1781496.40
00:05:05.300,18/01/2026,07:05:58,17_T02,39.121454570,10.180306487,0.1,709.01,221.10,-8.010,77.2,38.74,14.11,706.39,4336687.65,1781496.43
00:05:06.295,18/01/2026,07:05:59,17_T02,39.121454899,10.180306577,0.1,709.83,221.31,-7.988,77.2,38.73,14.10,707.96,4336687.65,1781496.47
00:05:07.303,18/01/2026,07:06:00,17_T02,39.121454756,10.180306884,0.1,710.28,221.33,-7.970,77.2,38.73,14.10,707.96,4336687.68,1781496.45
00:05:08.295,18/01/2026,07:06:01,17_T02,39.121454029,10.180306952,0.1,710.49,221.17,-7.997,77.2,38.74,14.10,709.28,4336687.69,1781496.37
00:05:09.297,18/01/2026,07:06:02,17_T02,39.121453600,10.180306783,0.1,710.68,221.09,-8.030,77.2,38.74,14.10,709.28,4336687.67,1781496.32
00:05:10.295,18/01/2026,07:06:03,17_T02,39.121453457,10.180306470,0.1,711.05,221.01,-8.061,77.2,38.73,14.12,709.76,4336687.65,1781496.31
00:05:11.294,18/01/2026,07:06:04,17_T02,39.121453551,10.180306036,0.1,711.69,221.06,-8.092,77.2,38.73,14.12,709.76,4336687.61,1781496.32
00:05:12.293,18/01/2026,07:06:05,17_T02,39.121453761,10.180305802,0.1,712.58,221.02,-8.101,77.2,38.72,14.12,710.77,4336687.59,1781496.34
00:05:13.297,18/01/2026,07:06:06,17_T02,39.121453827,10.180305611,0.1,713.43,221.22,-8.113,77.2,38.72,14.12,710.77,4336687.57,1781496.35
00:05:14.307,18/01/2026,07:06:07,17_T02,39.121453740,10.180306028,0.1,713.87,221.28,-8.084,77.2,38.74,14.10,712.49,4336687.61,1781496.34
00:05:15.303,18/01/2026,07:06:08,17_T02,39.121453388,10.180306590,0.1,713.96,220.99,-8.055,77.2,38.74,14.10,712.49,4336687.66,1781496.30
00:05:16.295,18/01/2026,07:06:09,17_T02,39.121453166,10.180306547,0.1,714.19,220.78,-8.068,77.2,38.74,14.11,713.06,4336687.65,1781496.28
00:05:17.305,18/01/2026,07:06:10,17_T02,39.121452902,10.180306218,0.1,714.75,220.79,-8.107,77.2,38.74,14.11,713.06,4336687.62,1781496.25
00:05:18.294,18/01/2026,07:06:11,17_T02,39.121452867,10.180306024,0.1,715.48,220.78,-8.123,77.2,38.72,14.13,713.96,4336687.61,1781496.24
00:05:19.308,18/01/2026,07:06:12,17_T02,39.121453213,10.180306118,0.1,716.18,220.82,-8.100,77.2,38.72,14.13,713.96,4336687.61,1781496.28
00:05:20.295,18/01/2026,07:06:13,17_T02,39.121453584,10.180306440,0.0,716.72,220.95,-8.058,77.2,38.74,14.10,715.35,4336687.64,1781496.32
00:05:21.303,18/01/2026,07:06:14,17_T02,39.121453184,10.180306174,0.0,717.10,221.00,-8.097,77.2,38.74,14.10,715.35,4336687.62,1781496.28
00:05:22.294,18/01/2026,07:06:15,17_T02,39.121452887,10.180305837,0.0,717.41,221.02,-8.137,77.2,38.74,14.11,716.24,4336687.59,1781496.25
00:05:23.294,18/01/2026,07:06:16,17_T02,39.121452817,10.180305556,0.1,717.68,220.95,-8.163,77.2,38.74,14.11,716.24,4336687.57,1781496.24
00:05:24.294,18/01/2026,07:06:17,17_T02,39.121452780,10.180305325,0.1,717.96,220.78,-8.183,77.2,38.73,14.11,716.82,4336687.55,1781496.23
00:05:25.295,18/01/2026,07:06:18,17_T02,39.121453051,10.180305038,0.1,718.42,220.61,-8.193,77.2,38.73,14.11,716.82,4336687.52,1781496.26
00:05:26.295,18/01/2026,07:06:19,17_T02,39.121453293,10.180304957,0.1,719.01,220.39,-8.189,77.2,38.73,14.11,717.69,4336687.51,1781496.29
00:05:27.294,18/01/2026,07:06:20,17_T02,39.121453396,10.180305327,0.1,719.50,219.97,-8.155,77.2,38.73,14.11,717.69,4336687.55,1781496.30
00:05:28.293,18/01/2026,07:06:21,17_T02,39.121453457,10.180305767,0.1,720.01,219.55,-8.117,77.2,38.74,14.10,718.78,4336687.58,1781496.31
00:05:29.293,18/01/2026,07:06:22,17_T02,39.121453525,10.180305910,0.1,720.43,219.23,-8.103,77.2,38.74,14.10,718.78,4336687.60,1781496.32
00:05:30.301,18/01/2026,07:06:23,17_T02,39.121452877,10.180306026,0.1,720.84,218.89,-8.123,77.2,38.73,14.10,719.67,4336687.61,1781496.24
00:05:31.294,18/01/2026,07:06:24,17_T02,39.121452760,10.180305715,0.1,721.57,218.76,-8.153,77.2,38.73,14.10,719.67,4336687.58,1781496.23
00:05:32.305,18/01/2026,07:06:25,17_T02,39.121453074,10.180305655,0.1,722.49,218.55,-8.143,77.2,38.73,14.10,721.11,4336687.57,1781496.27
00:05:33.294,18/01/2026,07:06:26,17_T02,39.121453455,10.180305918,0.1,723.19,218.50,-8.105,77.2,38.73,14.10,721.11,4336687.60,1781496.31
00:05:34.293,18/01/2026,07:06:27,17_T02,39.121453915,10.180306959,0.1,723.60,218.32,-8.002,77.2,38.74,14.10,722.49,4336687.69,1781496.36
00:05:35.296,18/01/2026,07:06:28,17_T02,39.121454064,10.180307389,0.1,724.00,218.15,-7.961,77.2,38.74,14.10,722.49,4336687.73,1781496.38
00:05:36.293,18/01/2026,07:06:29,17_T02,39.121454189,10.180307099,0.1,724.53,218.18,-7.978,77.2,38.74,14.11,723.40,4336687.70,1781496.39
00:05:37.294,18/01/2026,07:06:30,17_T02,39.121454375,10.180306869,0.1,725.03,218.08,-7.988,77.2,38.74,14.11,723.40,4336687.68,1781496.41
00:05:38.301,18/01/2026,07:06:31,17_T02,39.121454722,10.180306704,0.1,725.81,217.89,-7.986,77.2,38.73,14.10,724.58,4336687.67,1781496.45
00:05:39.300,18/01/2026,07:06:32,17_T02,39.121455153,10.180306834,0.1,726.61,217.80,-7.956,77.2,38.73,14.10,724.58,4336687.68,1781496.50
00:05:40.301,18/01/2026,07:06:33,17_T02,39.121455301,10.180307078,0.1,727.15,217.69,-7.930,77.2,38.73,14.10,724.58,4336687.70,1781496.51
00:05:41.306,18/01/2026,07:06:34,17_T02,39.121455127,10.180307264,0.1,727.60,217.51,-7.923,77.2,38.72,14.10,726.05,4336687.71,1781496.49
00:05:42.298,18/01/2026,07:06:35,17_T02,39.121455365,10.180307352,0.1,728.18,217.36,-7.905,77.2,38.72,14.10,726.05,4336687.72,1781496.52
00:05:43.296,18/01/2026,07:06:36,17_T02,39.121455625,10.180307383,0.1,728.85,216.99,-7.891,77.2,38.69,14.09,727.11,4336687.72,1781496.55
00:05:44.295,18/01/2026,07:06:37,17_T02,39.121455904,10.180307491,0.1,729.53,216.48,-7.870,77.2,38.69,14.09,727.11,4336687.73,1781496.58
00:05:45.308,18/01/2026,07:06:38,17_T02,39.121456259,10.180307611,0.1,730.18,216.09,-7.844,77.2,38.70,13.98,728.46,4336687.74,1781496.62
00:05:46.307,18/01/2026,07:06:39,17_T02,39.121456526,10.180307760,0.1,730.77,215.93,-7.820,77.2,38.70,13.98,728.46,4336687.76,1781496.65
00:05:47.308,18/01/2026,07:06:40,17_T02,39.121456607,10.180307777,0.1,731.31,215.78,-7.816,77.2,38.71,13.98,729.74,4336687.76,1781496.66
00:05:48.294,18/01/2026,07:06:41,17_T02,39.121456618,10.180307722,0.1,731.63,215.52,-7.819,77.2,38.71,13.98,729.74,4336687.75,1781496.66
00:05:49.294,18/01/2026,07:06:42,17_T02,39.121456609,10.180307732,0.1,731.50,215.16,-7.819,77.2,38.70,13.94,730.68,4336687.75,1781496.66
00:05:50.308,18/01/2026,07:06:43,17_T02,39.121456806,10.180307227,0.1,732.02,215.04,-7.850,77.2,38.70,13.94,730.68,4336687.71,1781496.68
00:05:51.294,18/01/2026,07:06:44,17_T02,39.121456972,10.180307304,0.1,733.10,215.08,-7.837,77.2,38.76,13.99,731.03,4336687.72,1781496.70
00:05:52.294,18/01/2026,07:06:45,17_T02,39.121457651,10.180307510,0.1,733.99,215.29,-7.790,77.2,38.76,13.99,731.03,4336687.73,1781496.77
00:05:53.309,18/01/2026,07:06:46,17_T02,39.121458014,10.180307931,0.1,734.26,215.18,-7.740,77.2,38.67,13.90,732.98,4336687.77,1781496.81
00:05:54.296,18/01/2026,07:06:47,17_T02,39.121458074,10.180307888,0.1,734.56,214.96,-7.741,77.2,38.67,13.90,732.98,4336687.77,1781496.82
00:05:55.294,18/01/2026,07:06:48,17_T02,39.121458204,10.180307654,0.1,735.32,214.97,-7.753,77.2,38.73,13.97,733.64,4336687.75,1781496.83
00:05:56.293,18/01/2026,07:06:49,17_T02,39.121458549,10.180307429,0.1,736.21,214.83,-7.756,77.2,38.73,13.97,733.64,4336687.73,1781496.87
00:05:57.294,18/01/2026,07:06:50,17_T02,39.121459119,10.180307141,0.1,736.91,214.84,-7.753,77.2,38.67,13.86,735.30,4336687.70,1781496.93
00:05:58.295,18/01/2026,07:06:51,17_T02,39.121459460,10.180306924,0.1,737.45,214.86,-7.755,77.2,38.67,13.86,735.30,4336687.68,1781496.97
00:05:59.293,18/01/2026,07:06:52,17_T02,39.121459440,10.180306836,0.1,738.01,214.83,-7.762,77.2,38.70,13.88,736.53,4336687.68,1781496.97
00:06:00.307,18/01/2026,07:06:53,17_T02,39.121459533,10.180306646,0.1,738.60,214.56,-7.773,77.2,38.70,13.88,736.53,4336687.66,1781496.98
00:06:01.310,18/01/2026,07:06:54,17_T02,39.121459788,10.180306584,0.1,739.15,214.02,-7.767,77.2,38.68,13.86,737.72,4336687.65,1781497.01
00:06:02.310,18/01/2026,07:06:55,17_T02,39.121460035,10.180306714,0.1,739.72,213.42,-7.745,77.2,38.68,13.86,737.72,4336687.66,1781497.03
00:06:03.295,18/01/2026,07:06:56,17_T02,39.121459881,10.180306726,0.1,740.41,213.09,-7.751,77.2,38.68,13.86,738.89,4336687.67,1781497.02
00:06:04.308,18/01/2026,07:06:57,17_T02,39.121460107,10.180306525,0.1,741.20,213.10,-7.757,77.2,38.68,13.86,738.89,4336687.65,1781497.04
00:06:05.293,18/01/2026,07:06:58,17_T02,39.121460582,10.180306223,0.1,741.91,213.19,-7.760,77.2,38.68,13.86,740.43,4336687.62,1781497.09
00:06:06.307,18/01/2026,07:06:59,17_T02,39.121460837,10.180305934,0.1,742.41,213.31,-7.771,77.2,38.68,13.86,740.43,4336687.60,1781497.12
00:06:07.307,18/01/2026,07:07:00,17_T02,39.121460930,10.180305609,0.1,742.75,213.30,-7.793,77.2,38.68,13.86,741.53,4336687.57,1781497.13
00:06:08.294,18/01/2026,07:07:01,17_T02,39.121460899,10.180305730,0.1,743.14,213.28,-7.784,77.2,38.68,13.86,741.53,4336687.58,1781497.13
00:06:09.293,18/01/2026,07:07:02,17_T02,39.121461303,10.180305285,0.1,743.90,213.45,-7.802,77.2,38.70,13.87,742.36,4336687.54,1781497.17
00:06:10.297,18/01/2026,07:07:03,17_T02,39.121462100,10.180304762,0.1,744.96,213.55,-7.807,77.2,38.70,13.87,742.36,4336687.49,1781497.26
00:06:11.293,18/01/2026,07:07:04,17_T02,39.121463085,10.180304535,0.1,745.78,213.87,-7.781,77.2,38.68,13.86,744.32,4336687.47,1781497.37
00:06:12.307,18/01/2026,07:07:05,17_T02,39.121463109,10.180305428,0.1,745.93,213.67,-7.709,77.2,38.68,13.86,744.32,4336687.55,1781497.37
00:06:13.308,18/01/2026,07:07:06,17_T02,39.121462880,10.180305734,0.1,745.80,213.13,-7.695,77.2,38.67,13.87,744.93,4336687.58,1781497.35
00:06:14.308,18/01/2026,07:07:07,17_T02,39.121462914,10.180305138,0.1,746.03,212.89,-7.741,77.2,38.67,13.87,744.93,4336687.53,1781497.35
00:06:15.294,18/01/2026,07:07:08,17_T02,39.121463105,10.180304409,0.1,746.87,212.76,-7.790,77.2,38.68,13.86,745.40,4336687.46,1781497.37
00:06:16.293,18/01/2026,07:07:09,17_T02,39.121463332,10.180303521,0.1,747.86,213.00,-7.850,77.2,38.68,13.86,745.40,4336687.39,1781497.40
00:06:17.307,18/01/2026,07:07:10,17_T02,39.121464032,10.180303117,0.1,748.64,213.48,-7.851,77.2,38.68,13.86,747.26,4336687.35,1781497.47
00:06:18.298,18/01/2026,07:07:11,17_T02,39.121464578,10.180303262,0.1,749.11,213.75,-7.815,77.2,38.68,13.86,747.26,4336687.36,1781497.54
00:06:19.305,18/01/2026,07:07:12,17_T02,39.121464807,10.180303145,0.1,749.27,213.97,-7.813,77.2,38.69,13.86,748.24,4336687.35,1781497.56
00:06:20.292,18/01/2026,07:07:13,17_T02,39.121465017,10.180303192,0.1,749.36,214.12,-7.800,77.2,38.69,13.86,748.24,4336687.36,1781497.58
00:06:21.293,18/01/2026,07:07:14,17_T02,39.121465163,10.180302616,0.1,749.64,214.23,-7.839,77.2,38.68,13.87,748.53,4336687.31,1781497.60
00:06:22.294,18/01/2026,07:07:15,17_T02,39.121465449,10.180301531,0.1,750.25,214.50,-7.913,77.2,38.68,13.87,748.53,4336687.21,1781497.63
00:06:23.303,18/01/2026,07:07:16,17_T02,39.121465988,10.180300520,0.1,751.10,214.77,-7.969,77.2,38.66,13.87,749.76,4336687.12,1781497.69
00:06:24.292,18/01/2026,07:07:17,17_T02,39.121466722,10.180300140,0.1,751.98,215.13,-7.966,77.2,38.66,13.87,749.76,4336687.09,1781497.77
00:06:25.298,18/01/2026,07:07:18,17_T02,39.121467049,10.180299988,0.1,752.59,215.54,-7.963,77.2,38.68,13.86,751.40,4336687.08,1781497.81
00:06:26.296,18/01/2026,07:07:19,17_T02,39.121466905,10.180299982,0.1,752.83,215.64,-7.970,77.2,38.68,13.86,751.40,4336687.08,1781497.79
00:06:27.293,18/01/2026,07:07:20,17_T02,39.121466865,10.180299485,0.1,752.98,215.72,-8.011,77.2,38.68,13.87,751.98,4336687.03,1781497.79
00:06:28.298,18/01/2026,07:07:21,17_T02,39.121466936,10.180298563,0.1,753.33,215.76,-8.081,77.2,38.68,13.87,751.98,4336686.95,1781497.79
00:06:29.293,18/01/2026,07:07:22,17_T02,39.121466954,10.180297318,0.1,753.93,215.96,-8.179,77.2,38.68,13.87,751.98,4336686.85,1781497.80
00:06:30.307,18/01/2026,07:07:23,17_T02,39.121467212,10.180296389,0.1,754.68,216.09,-8.241,77.2,38.67,13.88,752.75,4336686.76,1781497.82
00:06:31.303,18/01/2026,07:07:24,17_T02,39.121467801,10.180296017,0.1,755.45,216.34,-8.245,77.2,38.67,13.88,752.75,4336686.73,1781497.89
00:06:32.302,18/01/2026,07:07:25,17_T02,39.121468443,10.180295811,0.1,756.04,216.67,-8.232,77.2,38.68,13.86,754.30,4336686.71,1781497.96
00:06:33.302,18/01/2026,07:07:26,17_T02,39.121468608,10.180295607,0.1,756.33,216.83,-8.241,77.2,38.68,13.86,754.30,4336686.70,1781497.98
00:06:34.295,18/01/2026,07:07:27,17_T02,39.121468209,10.180295761,0.1,756.47,216.85,-8.246,77.2,38.68,13.86,755.33,4336686.71,1781497.93
00:06:35.308,18/01/2026,07:07:28,17_T02,39.121468078,10.180295301,0.1,756.81,216.88,-8.289,77.2,38.68,13.86,755.33,4336686.67,1781497.92
00:06:36.312,18/01/2026,07:07:29,17_T02,39.121468426,10.180294352,0.1,757.55,217.06,-8.349,77.2,38.68,13.88,755.76,4336686.59,1781497.96
00:06:37.306,18/01/2026,07:07:30,17_T02,39.121468899,10.180293836,0.1,758.37,217.04,-8.368,77.2,38.68,13.88,755.76,4336686.54,1781498.01
00:06:38.295,18/01/2026,07:07:31,17_T02,39.121469032,10.180294046,0.1,759.08,217.10,-8.345,77.2,38.68,13.86,757.27,4336686.56,1781498.02
00:06:39.302,18/01/2026,07:07:32,17_T02,39.121469034,10.180294431,0.1,759.51,216.95,-8.315,77.2,38.68,13.86,757.27,4336686.59,1781498.03
00:06:40.306,18/01/2026,07:07:33,17_T02,39.121468989,10.180294294,0.1,759.80,216.78,-8.328,77.2,38.68,13.86,758.48,4336686.58,1781498.02
00:06:41.308,18/01/2026,07:07:34,17_T02,39.121468969,10.180293758,0.1,760.08,216.73,-8.371,77.2,38.68,13.86,758.48,4336686.54,1781498.02
00:06:42.306,18/01/2026,07:07:35,17_T02,39.121469520,10.180293564,0.1,760.46,216.67,-8.362,77.2,38.68,13.88,759.10,4336686.52,1781498.08
00:06:43.307,18/01/2026,07:07:36,17_T02,39.121470014,10.180293107,0.1,761.05,216.66,-8.376,77.2,38.68,13.88,759.10,4336686.48,1781498.13
00:06:44.293,18/01/2026,07:07:37,17_T02,39.121470443,10.180292624,0.1,761.85,216.61,-8.395,77.2,38.67,13.87,760.06,4336686.44,1781498.18
00:06:45.308,18/01/2026,07:07:38,17_T02,39.121471080,10.180292510,0.1,762.60,216.77,-8.375,77.2,38.67,13.87,760.06,4336686.43,1781498.25
00:06:46.307,18/01/2026,07:07:39,17_T02,39.121471393,10.180292625,0.1,763.01,216.90,-8.352,77.2,38.68,13.86,761.59,4336686.44,1781498.29
00:06:47.295,18/01/2026,07:07:40,17_T02,39.121470907,10.180292863,0.1,763.22,216.86,-8.355,77.2,38.68,13.86,761.59,4336686.46,1781498.23
00:06:48.294,18/01/2026,07:07:41,17_T02,39.121470675,10.180292466,0.1,763.54,216.94,-8.397,77.2,38.69,13.87,762.26,4336686.42,1781498.21
00:06:49.307,18/01/2026,07:07:42,17_T02,39.121470956,10.180291508,0.1,764.12,217.24,-8.460,77.2,38.69,13.87,762.26,4336686.34,1781498.24
00:06:50.296,18/01/2026,07:07:43,17_T02,39.121471279,10.180290867,0.1,764.88,217.37,-8.497,77.2,38.66,13.88,763.21,4336686.28,1781498.27
00:06:51.301,18/01/2026,07:07:44,17_T02,39.121471827,10.180290810,0.1,765.63,217.56,-8.476,77.2,38.66,13.88,763.21,4336686.28,1781498.33
00:06:52.300,18/01/2026,07:07:45,17_T02,39.121472245,10.180290892,0.1,766.14,217.70,-8.451,77.2,38.68,13.86,764.72,4336686.29,1781498.38
00:06:53.294,18/01/2026,07:07:46,17_T02,39.121472243,10.180290875,0.1,766.37,217.72,-8.452,77.2,38.68,13.86,764.72,4336686.28,1781498.38
00:06:54.296,18/01/2026,07:07:47,17_T02,39.121472137,10.180290522,0.1,766.52,217.69,-8.485,77.2,38.68,13.87,765.40,4336686.25,1781498.37
00:06:55.307,18/01/2026,07:07:48,17_T02,39.121472255,10.180290155,0.1,766.96,217.84,-8.509,77.2,38.68,13.87,765.40,4336686.22,1781498.38
00:06:56.302,18/01/2026,07:07:49,17_T02,39.121472574,10.180289588,0.1,767.74,218.02,-8.540,77.2,38.67,13.88,766.13,4336686.17,1781498.41
00:06:57.296,18/01/2026,07:07:50,17_T02,39.121473069,10.180289191,0.1,768.57,218.24,-8.549,77.2,38.67,13.88,766.13,4336686.14,1781498.47
00:06:58.307,18/01/2026,07:07:51,17_T02,39.121473667,10.180289098,0.1,769.19,218.56,-8.529,77.2,38.68,13.86,767.74,4336686.13,1781498.54
00:06:59.307,18/01/2026,07:07:52,17_T02,39.121473821,10.180289118,0.1,769.54,218.73,-8.521,77.2,38.68,13.86,767.74,4336686.13,1781498.55
00:07:00.309,18/01/2026,07:07:53,17_T02,39.121473354,10.180289056,0.1,769.75,218.78,-8.547,77.2,38.69,13.87,768.60,4336686.13,1781498.50
00:07:01.307,18/01/2026,07:07:54,17_T02,39.121473130,10.180288605,0.1,770.08,218.81,-8.593,77.2,38.69,13.87,768.60,4336686.09,1781498.48
00:07:02.307,18/01/2026,07:07:55,17_T02,39.121473349,10.180287830,0.1,770.62,219.05,-8.644,77.2,38.67,13.88,769.24,4336686.02,1781498.50
00:07:03.295,18/01/2026,07:07:56,17_T02,39.121473698,10.180287207,0.1,771.33,219.21,-8.678,77.2,38.67,13.88,769.24,4336685.96,1781498.54
00:07:04.295,18/01/2026,07:07:57,17_T02,39.121474284,10.180287381,0.1,772.12,219.42,-8.638,77.2,38.68,13.86,770.62,4336685.98,1781498.60
00:07:05.308,18/01/2026,07:07:58,17_T02,39.121474979,10.180287531,0.1,772.78,219.76,-8.595,77.2,38.68,13.86,770.62,4336685.99,1781498.68
00:07:06.304,18/01/2026,07:07:59,17_T02,39.121475125,10.180287545,0.1,773.11,219.93,-8.587,77.2,38.68,13.86,771.92,4336685.99,1781498.70
00:07:07.293,18/01/2026,07:08:00,17_T02,39.121475003,10.180287331,0.1,773.21,219.93,-8.609,77.2,38.68,13.86,771.92,4336685.97,1781498.68
00:07:08.301,18/01/2026,07:08:01,17_T02,39.121474921,10.180286844,0.1,773.45,219.86,-8.652,77.2,38.67,13.88,772.28,4336685.93,1781498.67
00:07:09.307,18/01/2026,07:08:02,17_T02,39.121475111,10.180286493,0.1,774.08,220.06,-8.671,77.2,38.67,13.88,772.28,4336685.90,1781498.69
00:07:10.307,18/01/2026,07:08:03,17_T02,39.121475577,10.180286086,0.1,775.03,220.27,-8.682,77.2,38.67,13.87,773.55,4336685.87,1781498.75
00:07:11.305,18/01/2026,07:08:04,17_T02,39.121476406,10.180285904,0.1,775.92,220.71,-8.659,77.2,38.67,13.87,773.55,4336685.85,1781498.84
00:07:12.292,18/01/2026,07:08:05,17_T02,39.121476731,10.180286206,0.1,776.32,220.92,-8.621,77.2,38.68,13.86,775.15,4336685.88,1781498.87
00:07:13.307,18/01/2026,07:08:06,17_T02,39.121476192,10.180285961,0.1,776.32,220.96,-8.665,77.2,38.68,13.86,775.15,4336685.86,1781498.81
00:07:14.307,18/01/2026,07:08:07,17_T02,39.121475910,10.180285315,0.1,776.46,220.93,-8.729,77.2,38.68,13.87,775.36,4336685.80,1781498.78
00:07:15.307,18/01/2026,07:08:08,17_T02,39.121476086,10.180284531,0.1,777.11,221.08,-8.783,77.2,38.68,13.87,775.36,4336685.73,1781498.80
00:07:16.302,18/01/2026,07:08:09,17_T02,39.121476522,10.180283864,0.1,778.07,221.34,-8.816,77.2,38.66,13.88,776.69,4336685.67,1781498.85
00:07:17.307,18/01/2026,07:08:10,17_T02,39.121477581,10.180284005,0.1,778.84,221.72,-8.757,77.2,38.66,13.88,776.69,4336685.68,1781498.97
00:07:18.307,18/01/2026,07:08:11,17_T02,39.121478160,10.180284384,0.1,779.21,222.01,-8.701,77.2,38.68,13.86,778.07,4336685.72,1781499.03
00:07:19.296,18/01/2026,07:08:12,17_T02,39.121478211,10.180284272,0.1,779.39,222.28,-8.708,77.2,38.68,13.86,778.07,4336685.71,1781499.04
00:07:20.309,18/01/2026,07:08:13,17_T02,39.121478357,10.180283669,0.1,779.73,222.72,-8.749,77.2,38.68,13.86,778.07,4336685.66,1781499.05
00:07:21.306,18/01/2026,07:08:14,17_T02,39.121478743,10.180282718,0.1,780.34,223.26,-8.807,77.2,38.68,13.88,778.60,4336685.57,1781499.09
00:07:22.308,18/01/2026,07:08:15,17_T02,39.121479121,10.180282691,0.1,781.08,223.49,-8.792,77.2,38.68,13.88,778.60,4336685.57,1781499.14
00:07:23.304,18/01/2026,07:08:16,17_T02,39.121479504,10.180282952,0.1,781.70,223.44,-8.754,77.2,38.67,13.87,779.88,4336685.59,1781499.18
00:07:24.306,18/01/2026,07:08:17,17_T02,39.121479596,10.180283296,0.1,782.12,223.21,-8.723,77.2,38.67,13.87,779.88,4336685.62,1781499.19
00:07:25.302,18/01/2026,07:08:18,17_T02,39.121479527,10.180283415,0.1,782.51,222.97,-8.716,77.2,38.68,13.86,781.00,4336685.63,1781499.18
00:07:26.307,18/01/2026,07:08:19,17_T02,39.121479835,10.180284076,0.1,782.97,222.87,-8.650,77.2,38.68,13.86,781.00,4336685.69,1781499.21
00:07:27.306,18/01/2026,07:08:20,17_T02,39.121480040,10.180284232,0.1,783.42,222.75,-8.628,77.2,38.67,13.87,781.87,4336685.70,1781499.24
00:07:28.307,18/01/2026,07:08:21,17_T02,39.121480112,10.180284143,0.1,783.92,222.52,-8.632,77.2,38.67,13.87,781.87,4336685.70,1781499.25
00:07:29.306,18/01/2026,07:08:22,17_T02,39.121480341,10.180284127,0.1,784.57,222.36,-8.623,77.2,38.68,13.86,782.82,4336685.69,1781499.27
00:07:30.308,18/01/2026,07:08:23,17_T02,39.121480735,10.180284198,0.1,785.27,222.42,-8.600,77.2,38.68,13.86,782.82,4336685.70,1781499.31
00:07:31.308,18/01/2026,07:08:24,17_T02,39.121481196,10.180284458,0.1,785.80,222.56,-8.558,77.2,38.68,13.86,784.18,4336685.72,1781499.37
00:07:32.307,18/01/2026,07:08:25,17_T02,39.121481272,10.180284669,0.1,786.05,222.54,-8.538,77.2,38.68,13.86,784.18,4336685.74,1781499.37
00:07:33.307,18/01/2026,07:08:26,17_T02,39.121481197,10.180284627,0.1,786.27,222.37,-8.545,77.2,38.68,13.87,784.99,4336685.74,1781499.37
00:07:34.293,18/01/2026,07:08:27,17_T02,39.121481408,10.180284221,0.1,786.77,222.40,-8.567,77.2,38.68,13.87,784.99,4336685.70,1781499.39
00:07:35.307,18/01/2026,07:08:28,17_T02,39.121481593,10.180283613,0.1,787.52,222.44,-8.607,77.2,38.68,13.87,785.74,4336685.65,1781499.41
00:07:36.306,18/01/2026,07:08:29,17_T02,39.121482048,10.180283409,0.1,788.28,222.65,-8.603,77.2,38.68,13.87,785.74,4336685.63,1781499.46
00:07:37.307,18/01/2026,07:08:30,17_T02,39.121482526,10.180283591,0.1,788.85,222.92,-8.567,77.2,38.68,13.86,787.24,4336685.65,1781499.51
00:07:38.294,18/01/2026,07:08:31,17_T02,39.121482611,10.180283808,0.1,789.21,223.05,-8.546,77.2,38.68,13.86,787.24,4336685.67,1781499.52
00:07:39.305,18/01/2026,07:08:32,17_T02,39.121482643,10.180283636,0.1,789.48,223.22,-8.558,77.2,38.68,13.87,788.19,4336685.65,1781499.52
00:07:40.307,18/01/2026,07:08:33,17_T02,39.121484469,10.180283521,0.1,789.79,223.42,-8.485,77.2,38.68,13.87,788.19,4336685.64,1781499.73
00:07:41.306,18/01/2026,07:08:34,17_T02,39.121485497,10.180283374,0.1,790.23,223.57,-8.450,77.2,38.68,13.89,788.81,4336685.63,1781499.84
00:07:42.305,18/01/2026,07:08:35,17_T02,39.121486050,10.180282931,0.1,790.87,223.70,-8.460,77.2,38.68,13.89,788.81,4336685.59,1781499.90
00:07:43.316,18/01/2026,07:08:36,17_T02,39.121486565,10.180282912,0.1,791.60,223.88,-8.439,77.2,38.68,13.86,789.95,4336685.59,1781499.96
00:07:44.317,18/01/2026,07:08:37,17_T02,39.121487212,10.180283956,0.1,792.13,224.21,-8.327,77.2,38.68,13.86,789.95,4336685.68,1781500.03
00:07:45.305,18/01/2026,07:08:38,17_T02,39.121487372,10.180284791,0.1,792.37,224.36,-8.253,77.2,38.68,13.86,791.14,4336685.75,1781500.05
00:07:46.307,18/01/2026,07:08:39,17_T02,39.121487403,10.180284694,0.1,792.54,224.51,-8.259,77.2,38.68,13.86,791.14,4336685.74,1781500.05
00:07:47.305,18/01/2026,07:08:40,17_T02,39.121487531,10.180284309,0.1,792.85,224.71,-8.284,77.2,38.69,13.88,791.57,4336685.71,1781500.06
00:07:48.307,18/01/2026,07:08:41,17_T02,39.121487884,10.180283765,0.1,793.33,225.06,-8.312,77.2,38.69,13.88,791.57,4336685.66,1781500.10
00:07:49.307,18/01/2026,07:08:42,17_T02,39.121488014,10.180282857,0.1,793.94,225.31,-8.378,77.2,38.67,13.87,792.46,4336685.58,1781500.12
00:07:50.306,18/01/2026,07:08:43,17_T02,39.121488338,10.180282592,0.1,794.55,225.52,-8.384,77.2,38.67,13.87,792.46,4336685.56,1781500.15
00:07:51.305,18/01/2026,07:08:44,17_T02,39.121488760,10.180282885,0.1,795.04,225.67,-8.342,77.2,38.68,13.86,793.68,4336685.58,1781500.20
00:07:52.293,18/01/2026,07:08:45,17_T02,39.121488920,10.180283131,0.1,795.33,225.74,-8.315,77.2,38.68,13.86,793.68,4336685.61,1781500.22
00:07:53.304,18/01/2026,07:08:46,17_T02,39.121488603,10.180283769,0.1,795.58,225.78,-8.279,77.2,38.68,13.87,794.37,4336685.66,1781500.18
00:07:54.306,18/01/2026,07:08:47,17_T02,39.121488593,10.180283746,0.1,795.98,225.97,-8.281,77.2,38.68,13.87,794.37,4336685.66,1781500.18
00:07:55.295,18/01/2026,07:08:48,17_T02,39.121488922,10.180283392,0.1,796.55,226.22,-8.294,77.2,38.67,13.88,795.17,4336685.63,1781500.22
00:07:56.305,18/01/2026,07:08:49,17_T02,39.121489260,10.180283346,0.1,797.11,226.31,-8.283,77.2,38.67,13.88,795.17,4336685.62,1781500.25
00:07:57.301,18/01/2026,07:08:50,17_T02,39.121489515,10.180283599,0.1,797.58,226.31,-8.251,77.2,38.68,13.86,796.30,4336685.65,1781500.28
00:07:58.306,18/01/2026,07:08:51,17_T02,39.121488788,10.180283330,0.1,798.02,226.35,-8.305,77.2,38.68,13.86,796.30,4336685.62,1781500.20
00:07:59.306,18/01/2026,07:08:52,17_T02,39.121488579,10.180283036,0.1,798.48,226.59,-8.338,77.2,38.68,13.87,797.19,4336685.60,1781500.18
00:08:00.307,18/01/2026,07:08:53,17_T02,39.121488829,10.180282839,0.1,798.90,226.90,-8.342,77.2,38.68,13.87,797.19,4336685.58,1781500.21
00:08:01.306,18/01/2026,07:08:54,17_T02,39.121488945,10.180282754,0.1,799.25,227.09,-8.344,77.2,38.68,13.86,798.05,4336685.57,1781500.22
00:08:02.305,18/01/2026,07:08:55,17_T02,39.121488591,10.180282192,0.1,799.66,227.30,-8.405,77.2,38.68,13.86,798.05,4336685.52,1781500.18
00:08:03.306,18/01/2026,07:08:56,17_T02,39.121488765,10.180281748,0.1,800.30,227.62,-8.432,77.2,38.67,13.87,798.97,4336685.49,1781500.20
00:08:04.304,18/01/2026,07:08:57,17_T02,39.121489217,10.180281731,0.1,801.00,227.96,-8.413,77.2,38.67,13.87,798.97,4336685.48,1781500.25
00:08:05.308,18/01/2026,07:08:58,17_T02,39.121489549,10.180281868,0.1,801.47,228.21,-8.387,77.2,38.68,13.86,800.27,4336685.50,1781500.29
00:08:06.305,18/01/2026,07:08:59,17_T02,39.121489449,10.180282140,0.1,801.68,228.24,-8.370,77.2,38.68,13.86,800.27,4336685.52,1781500.28
00:08:07.307,18/01/2026,07:09:00,17_T02,39.121488894,10.180281660,0.1,802.02,228.31,-8.433,77.2,38.68,13.87,800.85,4336685.48,1781500.21
00:08:08.305,18/01/2026,07:09:01,17_T02,39.121488893,10.180281075,0.1,802.63,228.58,-8.480,77.2,38.68,13.87,800.85,4336685.43,1781500.21
00:08:09.305,18/01/2026,07:09:02,17_T02,39.121489190,10.180280885,0.1,803.31,228.79,-8.481,77.2,38.68,13.87,800.85,4336685.41,1781500.25
00:08:10.307,18/01/2026,07:09:03,17_T02,39.121489450,10.180280960,0.1,803.82,228.92,-8.464,77.2,38.67,13.87,802.07,4336685.42,1781500.28
00:08:11.305,18/01/2026,07:09:04,17_T02,39.121489098,10.180280741,0.1,804.14,228.81,-8.497,77.2,38.67,13.87,802.07,4336685.40,1781500.24
00:08:12.305,18/01/2026,07:09:05,17_T02,39.121488900,10.180280587,0.1,804.51,228.76,-8.518,77.2,38.68,13.87,803.00,4336685.38,1781500.21
00:08:13.305,18/01/2026,07:09:06,17_T02,39.121489111,10.180280311,0.1,805.08,228.97,-8.530,77.2,38.68,13.87,803.00,4336685.36,1781500.24
00:08:14.307,18/01/2026,07:09:07,17_T02,39.121489376,10.180280139,0.1,805.70,229.23,-8.532,77.2,38.66,13.88,803.90,4336685.35,1781500.27
00:08:15.307,18/01/2026,07:09:08,17_T02,39.121489646,10.180280151,0.1,806.22,229.46,-8.519,77.2,38.66,13.88,803.90,4336685.35,1781500.30
00:08:16.305,18/01/2026,07:09:09,17_T02,39.121489605,10.180279942,0.1,806.67,229.65,-8.537,77.2,38.68,13.86,805.10,4336685.33,1781500.29
00:08:17.306,18/01/2026,07:09:10,17_T02,39.121489677,10.180279750,0.1,807.15,229.90,-8.550,77.2,38.68,13.86,805.10,4336685.31,1781500.30
00:08:18.306,18/01/2026,07:09:11,17_T02,39.121489822,10.180279599,0.1,807.65,230.15,-8.555,77.2,38.68,13.87,806.05,4336685.30,1781500.32
00:08:19.307,18/01/2026,07:09:12,17_T02,39.121489896,10.180279538,0.1,808.15,230.25,-8.556,77.2,38.68,13.87,806.05,4336685.29,1781500.32
00:08:20.303,18/01/2026,07:09:13,17_T02,39.121490156,10.180279494,0.1,808.65,230.27,-8.548,77.2,38.68,13.87,807.07,4336685.29,1781500.35
00:08:21.305,18/01/2026,07:09:14,17_T02,39.121490396,10.180279488,0.1,809.22,230.37,-8.538,77.2,38.68,13.87,807.07,4336685.29,1781500.38
00:08:22.297,18/01/2026,07:09:15,17_T02,39.121490630,10.180279439,0.1,809.84,230.61,-8.531,77.2,38.68,13.87,808.17,4336685.28,1781500.40
00:08:23.303,18/01/2026,07:09:16,17_T02,39.121490797,10.180279459,0.1,810.35,230.85,-8.522,77.2,38.68,13.87,808.17,4336685.29,1781500.42
00:08:24.302,18/01/2026,07:09:17,17_T02,39.121490807,10.180279536,0.1,810.67,230.98,-8.516,77.2,38.68,13.86,809.30,4336685.29,1781500.42
00:08:25.305,18/01/2026,07:09:18,17_T02,39.121490819,10.180280519,0.1,810.93,231.06,-8.437,77.2,38.68,13.86,809.30,4336685.38,1781500.43
00:08:26.305,18/01/2026,07:09:19,17_T02,39.121491014,10.180280787,0.1,811.37,231.26,-8.407,77.2,38.67,13.88,809.91,4336685.40,1781500.45
00:08:27.304,18/01/2026,07:09:20,17_T02,39.121491404,10.180280451,0.1,812.08,231.51,-8.416,77.2,38.67,13.88,809.91,4336685.37,1781500.49
00:08:28.305,18/01/2026,07:09:21,17_T02,39.121491921,10.180280342,0.1,812.93,231.81,-8.401,77.2,38.68,13.87,811.11,4336685.36,1781500.55
00:08:29.306,18/01/2026,07:09:22,17_T02,39.121492506,10.180280454,0.0,813.60,232.28,-8.366,77.2,38.68,13.87,811.11,4336685.37,1781500.61
00:08:30.304,18/01/2026,07:09:23,17_T02,39.121492111,10.180280845,0.0,813.86,232.46,-8.353,77.2,38.68,13.87,812.58,4336685.41,1781500.57
00:08:31.306,18/01/2026,07:09:24,17_T02,39.121491674,10.180280903,0.1,813.95,232.46,-8.368,77.2,38.68,13.87,812.58,4336685.41,1781500.52
00:08:32.308,18/01/2026,07:09:25,17_T02,39.121491657,10.180280414,0.1,814.26,232.48,-8.407,77.2,38.67,13.88,812.95,4336685.37,1781500.52
00:08:33.303,18/01/2026,07:09:26,17_T02,39.121491961,10.180279815,0.1,814.97,232.70,-8.441,77.2,38.67,13.88,812.95,4336685.32,1781500.55
00:08:34.306,18/01/2026,07:09:27,17_T02,39.121492375,10.180279587,0.1,815.94,233.08,-8.441,77.2,38.66,13.89,814.13,4336685.30,1781500.60
00:08:35.304,18/01/2026,07:09:28,17_T02,39.121493218,10.180279751,0.1,816.80,233.94,-8.390,77.2,38.66,13.89,814.13,4336685.31,1781500.69
00:08:36.308,18/01/2026,07:09:29,17_T02,39.121493387,10.180280231,0.1,817.13,234.40,-8.344,77.2,38.68,13.87,815.86,4336685.35,1781500.71
00:08:37.307,18/01/2026,07:09:30,17_T02,39.121493114,10.180280335,0.1,817.06,234.44,-8.348,77.2,38.68,13.87,815.86,4336685.36,1781500.68
00:08:38.307,18/01/2026,07:09:31,17_T02,39.121492929,10.180279904,0.1,817.08,234.32,-8.391,77.2,38.67,13.87,816.03,4336685.32,1781500.66
00:08:39.308,18/01/2026,07:09:32,17_T02,39.121493080,10.180279201,0.1,817.58,234.36,-8.440,77.2,38.67,13.87,816.03,4336685.26,1781500.68
00:08:40.306,18/01/2026,07:09:33,17_T02,39.121493539,10.180278553,0.1,818.53,234.50,-8.470,77.2,38.68,13.87,816.83,4336685.21,1781500.73
00:08:41.307,18/01/2026,07:09:34,17_T02,39.121494311,10.180278321,0.1,819.55,234.99,-8.454,77.2,38.68,13.87,816.83,4336685.19,1781500.81
00:08:42.306,18/01/2026,07:09:35,17_T02,39.121494784,10.180278731,0.1,820.22,235.44,-8.400,77.2,38.68,13.87,818.75,4336685.22,1781500.86
00:08:43.304,18/01/2026,07:09:36,17_T02,39.121493776,10.180278907,0.1,820.47,235.61,-8.432,77.2,38.68,13.87,818.75,4336685.24,1781500.75
00:08:44.306,18/01/2026,07:09:37,17_T02,39.121493304,10.180278457,0.1,820.53,235.99,-8.489,77.2,38.68,13.88,819.48,4336685.20,1781500.70
00:08:45.308,18/01/2026,07:09:38,17_T02,39.121493299,10.180277816,0.1,820.68,236.14,-8.540,77.2,38.68,13.88,819.48,4336685.14,1781500.70
00:08:46.307,18/01/2026,07:09:39,17_T02,39.121493646,10.180276871,0.1,821.20,236.43,-8.599,77.2,38.68,13.87,819.82,4336685.06,1781500.74
00:08:47.306,18/01/2026,07:09:40,17_T02,39.121494174,10.180276126,0.1,822.11,236.81,-8.634,77.2,38.68,13.87,819.82,4336685.00,1781500.80
00:08:48.306,18/01/2026,07:09:41,17_T02,39.121494742,10.180276278,0.1,823.04,237.33,-8.597,77.2,38.67,13.87,821.56,4336685.01,1781500.86
00:08:49.305,18/01/2026,07:09:42,17_T02,39.121494883,10.180276952,0.1,823.59,237.65,-8.537,77.2,38.67,13.87,821.56,4336685.07,1781500.87
00:08:50.316,18/01/2026,07:09:43,17_T02,39.121494476,10.180277288,0.1,823.77,237.65,-8.529,77.2,38.68,13.87,822.65,4336685.10,1781500.83
00:08:51.313,18/01/2026,07:09:44,17_T02,39.121494309,10.180276854,0.1,823.97,237.86,-8.571,77.2,38.68,13.87,822.65,4336685.06,1781500.81
00:08:52.305,18/01/2026,07:09:45,17_T02,39.121494849,10.180276858,0.1,824.44,238.24,-8.546,77.2,38.68,13.88,823.18,4336685.06,1781500.87
00:08:53.304,18/01/2026,07:09:46,17_T02,39.121495305,10.180276632,0.1,825.09,238.66,-8.543,77.2,38.68,13.88,823.18,4336685.04,1781500.92
00:08:54.308,18/01/2026,07:09:47,17_T02,39.121495628,10.180276331,0.1,825.70,238.99,-8.553,77.2,38.68,13.87,824.43,4336685.01,1781500.96
00:08:55.306,18/01/2026,07:09:48,17_T02,39.121495833,10.180276493,0.1,826.20,239.23,-8.530,77.2,38.68,13.87,824.43,4336685.03,1781500.98
00:08:56.304,18/01/2026,07:09:49,17_T02,39.121496059,10.180276616,0.1,826.70,239.58,-8.511,77.2,38.68,13.87,825.48,4336685.04,1781501.00
00:08:57.304,18/01/2026,07:09:50,17_T02,39.121496186,10.180277515,0.1,827.20,240.05,-8.433,77.2,38.68,13.87,825.48,4336685.12,1781501.02
00:08:58.305,18/01/2026,07:09:51,17_T02,39.121496275,10.180277708,0.1,827.64,240.46,-8.414,77.2,38.68,13.87,825.48,4336685.13,1781501.03
00:08:59.306,18/01/2026,07:09:52,17_T02,39.121496346,10.180277442,0.1,828.07,240.78,-8.432,77.2,38.68,13.87,826.46,4336685.11,1781501.04
00:09:00.306,18/01/2026,07:09:53,17_T02,39.121496433,10.180277315,0.1,828.57,240.99,-8.438,77.2,38.68,13.87,826.46,4336685.10,1781501.04
00:09:01.308,18/01/2026,07:09:54,17_T02,39.121496467,10.180277410,0.1,829.05,241.03,-8.429,77.2,38.68,13.87,827.39,4336685.11,1781501.05
00:09:02.307,18/01/2026,07:09:55,17_T02,39.121496178,10.180277390,0.1,829.50,241.05,-8.444,77.2,38.68,13.87,827.39,4336685.11,1781501.02
00:09:03.305,18/01/2026,07:09:56,17_T02,39.121496053,10.180277428,0.1,830.00,241.09,-8.446,77.2,38.68,13.87,828.37,4336685.11,1781501.00
00:09:04.306,18/01/2026,07:09:57,17_T02,39.121496162,10.180277467,0.1,830.61,241.24,-8.438,77.2,38.68,13.87,828.37,4336685.11,1781501.02
00:09:05.308,18/01/2026,07:09:58,17_T02,39.121496307,10.180277499,0.1,831.23,241.43,-8.429,77.2,38.68,13.87,829.45,4336685.11,1781501.03
00:09:06.305,18/01/2026,07:09:59,17_T02,39.121496270,10.180278791,0.1,831.69,241.53,-8.328,77.2,38.68,13.87,829.45,4336685.23,1781501.03
00:09:07.305,18/01/2026,07:10:00,17_T02,39.121496135,10.180279443,0.1,832.06,241.56,-8.283,77.2,38.68,13.87,830.58,4336685.28,1781501.01
00:09:08.305,18/01/2026,07:10:01,17_T02,39.121496175,10.180279408,0.1,832.53,241.68,-8.284,77.2,38.68,13.87,830.58,4336685.28,1781501.02
00:09:09.302,18/01/2026,07:10:02,17_T02,39.121496340,10.180279388,0.1,833.11,241.80,-8.278,77.2,38.68,13.87,831.43,4336685.28,1781501.04
00:09:10.307,18/01/2026,07:10:03,17_T02,39.121496412,10.180279587,0.1,833.55,241.80,-8.259,77.2,38.68,13.87,831.43,4336685.30,1781501.04
00:09:11.306,18/01/2026,07:10:04,17_T02,39.121495804,10.180279609,0.1,833.85,241.76,-8.284,77.2,38.68,13.87,832.47,4336685.30,1781500.98
00:09:12.306,18/01/2026,07:10:05,17_T02,39.121495587,10.180279590,0.1,834.24,241.90,-8.296,77.2,38.68,13.87,832.47,4336685.30,1781500.95
00:09:13.304,18/01/2026,07:10:06,17_T02,39.121495810,10.180279479,0.1,834.75,242.26,-8.294,77.2,38.68,13.87,833.19,4336685.29,1781500.98
00:09:14.304,18/01/2026,07:10:07,17_T02,39.121496041,10.180279345,0.1,835.23,242.66,-8.295,77.2,38.68,13.87,833.19,4336685.28,1781501.00
00:09:15.305,18/01/2026,07:10:08,17_T02,39.121496131,10.180279318,0.1,835.66,242.99,-8.293,77.2,38.68,13.87,834.19,4336685.27,1781501.01
00:09:16.308,18/01/2026,07:10:09,17_T02,39.121495788,10.180279629,0.1,836.11,243.26,-8.283,77.2,38.68,13.87,834.19,4336685.30,1781500.97
00:09:17.306,18/01/2026,07:10:10,17_T02,39.121495802,10.180279713,0.1,836.71,243.64,-8.276,77.2,38.68,13.87,835.11,4336685.31,1781500.98
00:09:18.303,18/01/2026,07:10:11,17_T02,39.121496166,10.180279676,0.1,837.39,244.16,-8.263,77.2,38.68,13.87,835.11,4336685.30,1781501.02
00:09:19.306,18/01/2026,07:10:12,17_T02,39.121496525,10.180279792,0.1,838.12,244.62,-8.237,77.2,38.68,13.87,836.44,4336685.31,1781501.06
00:09:20.304,18/01/2026,07:10:13,17_T02,39.121497197,10.180280512,0.1,838.81,245.14,-8.150,77.2,38.68,13.87,836.44,4336685.38,1781501.13
00:09:21.303,18/01/2026,07:10:14,17_T02,39.121497640,10.180280980,0.1,839.37,245.63,-8.093,77.2,38.68,13.87,837.85,4336685.42,1781501.18
00:09:22.306,18/01/2026,07:10:15,17_T02,39.121497716,10.180281212,0.1,839.81,245.85,-8.071,77.2,38.68,13.87,837.85,4336685.44,1781501.19
00:09:23.301,18/01/2026,07:10:16,17_T02,39.121497764,10.180281333,0.1,840.29,245.97,-8.059,77.2,38.68,13.87,838.85,4336685.45,1781501.19
00:09:24.304,18/01/2026,07:10:17,17_T02,39.121498010,10.180281414,0.1,840.97,246.11,-8.042,77.2,38.68,13.87,838.85,4336685.45,1781501.22
00:09:25.302,18/01/2026,07:10:18,17_T02,39.121497946,10.180281141,0.1,841.80,246.43,-8.066,77.2,38.68,13.87,840.11,4336685.43,1781501.21
00:09:26.305,18/01/2026,07:10:19,17_T02,39.121498113,10.180281114,0.1,842.48,247.03,-8.061,77.2,38.68,13.87,840.11,4336685.43,1781501.23
00:09:27.315,18/01/2026,07:10:20,17_T02,39.121497947,10.180281133,0.1,842.73,247.28,-8.067,77.2,38.68,13.87,841.50,4336685.43,1781501.21
00:09:28.315,18/01/2026,07:10:21,17_T02,39.121497621,10.180281027,0.1,842.78,247.19,-8.090,77.2,38.68,13.87,841.50,4336685.42,1781501.18
00:09:29.306,18/01/2026,07:10:22,17_T02,39.121497586,10.180280744,0.1,843.06,247.13,-8.114,77.2,38.67,13.87,841.80,4336685.40,1781501.17
00:09:30.305,18/01/2026,07:10:23,17_T02,39.121497366,10.180279641,0.1,843.76,247.19,-8.211,77.2,38.67,13.87,841.80,4336685.30,1781501.15
00:09:31.305,18/01/2026,07:10:24,17_T02,39.121497383,10.180279315,0.1,844.45,247.32,-8.236,77.2,38.67,13.88,842.99,4336685.27,1781501.15
00:09:32.304,18/01/2026,07:10:25,17_T02,39.121497240,10.180279913,0.1,844.73,247.29,-8.195,77.2,38.67,13.88,842.99,4336685.32,1781501.13
00:09:33.305,18/01/2026,07:10:26,17_T02,39.121496986,10.180280342,0.1,844.97,247.26,-8.173,77.2,38.68,13.87,843.76,4336685.36,1781501.11
00:09:34.306,18/01/2026,07:10:27,17_T02,39.121497064,10.180280270,0.1,845.39,247.51,-8.175,77.2,38.68,13.87,843.76,4336685.36,1781501.12
00:09:35.303,18/01/2026,07:10:28,17_T02,39.121496456,10.180280229,0.1,845.85,247.80,-8.206,77.2,38.67,13.88,844.53,4336685.35,1781501.05
00:09:36.305,18/01/2026,07:10:29,17_T02,39.121496113,10.180280163,0.1,846.36,247.99,-8.226,77.2,38.67,13.88,844.53,4336685.35,1781501.01
00:09:37.314,18/01/2026,07:10:30,17_T02,39.121496292,10.180280151,0.1,846.98,248.24,-8.219,77.2,38.68,13.87,845.62,4336685.35,1781501.03
00:09:38.308,18/01/2026,07:10:31,17_T02,39.121496520,10.180280352,0.1,847.70,248.50,-8.193,77.2,38.68,13.87,845.62,4336685.36,1781501.06
00:09:39.305,18/01/2026,07:10:32,17_T02,39.121496722,10.180281842,0.1,848.18,248.71,-8.066,77.2,38.68,13.87,846.94,4336685.49,1781501.08
00:09:40.306,18/01/2026,07:10:33,17_T02,39.121496413,10.180282848,0.1,848.32,248.61,-8.000,77.2,38.68,13.87,846.94,4336685.58,1781501.04
00:09:41.293,18/01/2026,07:10:34,17_T02,39.121496145,10.180282926,0.1,848.60,248.49,-8.006,77.2,38.68,13.88,847.41,4336685.59,1781501.01
00:09:42.307,18/01/2026,07:10:35,17_T02,39.121496231,10.180282749,0.1,849.12,248.55,-8.016,77.2,38.68,13.88,847.41,4336685.57,1781501.02
00:09:43.306,18/01/2026,07:10:36,17_T02,39.121496446,10.180282657,0.1,849.84,248.58,-8.013,77.2,38.67,13.88,848.49,4336685.56,1781501.05
00:09:44.306,18/01/2026,07:10:37,17_T02,39.121497187,10.180283095,0.1,850.67,248.84,-7.945,77.2,38.67,13.88,848.49,4336685.60,1781501.13
00:09:45.305,18/01/2026,07:10:38,17_T02,39.121497778,10.180283630,0.1,851.38,249.39,-7.876,77.2,38.68,13.87,850.08,4336685.65,1781501.19
00:09:46.303,18/01/2026,07:10:39,17_T02,39.121497708,10.180283977,0.1,851.81,249.74,-7.852,77.2,38.68,13.87,850.08,4336685.68,1781501.19
00:09:47.302,18/01/2026,07:10:40,17_T02,39.121497419,10.180283983,0.1,852.02,249.91,-7.864,77.2,38.68,13.87,850.08,4336685.68,1781501.16
00:09:48.305,18/01/2026,07:10:41,17_T02,39.121497308,10.180283770,0.1,852.32,250.11,-7.886,77.2,38.68,13.88,850.91,4336685.66,1781501.14
00:09:49.303,18/01/2026,07:10:42,17_T02,39.121500628,10.180282775,0.1,852.89,250.42,-7.815,77.2,38.68,13.88,850.91,4336685.57,1781501.51
00:09:50.303,18/01/2026,07:10:43,17_T02,39.121502617,10.180282409,0.2,853.67,250.47,-7.755,77.2,38.68,13.89,851.66,4336685.54,1781501.73
00:09:51.304,18/01/2026,07:10:44,17_T02,39.121503029,10.180282845,0.1,854.38,250.66,-7.701,77.2,38.68,13.89,851.66,4336685.58,1781501.77
00:09:52.305,18/01/2026,07:10:45,17_T02,39.121503245,10.180283284,0.1,854.87,250.97,-7.657,77.2,38.68,13.87,853.18,4336685.62,1781501.80
00:09:53.303,18/01/2026,07:10:46,17_T02,39.121501678,10.180281816,0.2,855.21,251.26,-7.844,77.2,38.68,13.87,853.18,4336685.49,1781501.62
00:09:54.313,18/01/2026,07:10:47,17_T02,39.121501092,10.180280903,0.2,855.62,251.56,-7.943,77.2,38.68,13.87,854.09,4336685.41,1781501.56
00:09:55.304,18/01/2026,07:10:48,17_T02,39.121501368,10.180280635,0.2,856.15,251.91,-7.952,77.2,38.68,13.87,854.09,4336685.39,1781501.59
00:09:56.303,18/01/2026,07:10:49,17_T02,39.121501595,10.180280593,0.2,856.68,252.06,-7.945,77.2,38.67,13.88,855.03,4336685.38,1781501.62
00:09:57.305,18/01/2026,07:10:50,17_T02,39.121501652,10.180280818,0.2,857.14,252.05,-7.925,77.2,38.67,13.88,855.03,4336685.40,1781501.62
00:09:58.305,18/01/2026,07:10:51,17_T02,39.121501201,10.180281944,0.2,857.60,252.04,-7.855,77.2,38.68,13.87,856.03,4336685.50,1781501.57
00:09:59.305,18/01/2026,07:10:52,17_T02,39.121501191,10.180282474,0.2,858.20,252.33,-7.814,77.2,38.68,13.87,856.03,4336685.55,1781501.57
00:10:00.303,18/01/2026,07:10:53,17_T02,39.121501542,10.180282561,0.2,858.92,252.78,-7.791,77.2,38.67,13.87,857.10,4336685.55,1781501.61
00:10:01.308,18/01/2026,07:10:54,17_T02,39.121501695,10.180282689,0.2,859.54,253.07,-7.774,77.2,38.67,13.87,857.10,4336685.56,1781501.63
00:10:02.304,18/01/2026,07:10:55,17_T02,39.121501528,10.180282735,0.2,859.89,253.12,-7.778,77.2,38.68,13.87,858.46,4336685.57,1781501.61
00:10:03.296,18/01/2026,07:10:56,17_T02,39.121501376,10.180282492,0.2,860.09,252.99,-7.804,77.2,38.68,13.87,858.46,4336685.55,1781501.59
00:10:04.304,18/01/2026,07:10:57,17_T02,39.121501396,10.180282300,0.2,860.45,252.88,-7.818,77.2,38.68,13.88,859.03,4336685.53,1781501.59
00:10:05.303,18/01/2026,07:10:58,17_T02,39.121501705,10.180282218,0.2,861.10,253.02,-7.811,77.2,38.68,13.88,859.03,4336685.52,1781501.63
00:10:06.315,18/01/2026,07:10:59,17_T02,39.121501966,10.180282418,0.2,861.88,253.16,-7.783,77.2,38.67,13.88,860.10,4336685.54,1781501.66
00:10:07.315,18/01/2026,07:11:00,17_T02,39.121501472,10.180282819,0.1,862.55,253.47,-7.774,77.2,38.67,13.88,860.10,4336685.58,1781501.60
00:10:08.312,18/01/2026,07:11:01,17_T02,39.121500951,10.180283265,0.1,863.02,253.61,-7.762,77.2,38.68,13.87,861.52,4336685.61,1781501.54
00:10:09.302,18/01/2026,07:11:02,17_T02,39.121500752,10.180283349,0.1,863.37,253.73,-7.764,77.2,38.68,13.87,861.52,4336685.62,1781501.52
00:10:10.303,18/01/2026,07:11:03,17_T02,39.121500715,10.180283160,0.1,863.72,253.85,-7.781,77.2,38.68,13.88,862.37,4336685.61,1781501.52
00:10:11.315,18/01/2026,07:11:04,17_T02,39.121500729,10.180282977,0.1,864.10,253.89,-7.795,77.2,38.68,13.88,862.37,4336685.59,1781501.52
00:10:12.301,18/01/2026,07:11:05,17_T02,39.121500586,10.180283785,0.1,864.60,253.85,-7.737,77.2,38.66,13.89,863.15,4336685.66,1781501.50
00:10:13.304,18/01/2026,07:11:06,17_T02,39.121500740,10.180284306,0.1,865.32,253.91,-7.689,77.2,38.66,13.89,863.15,4336685.71,1781501.52
00:10:14.305,18/01/2026,07:11:07,17_T02,39.121501149,10.180284663,0.1,866.16,254.30,-7.642,77.2,38.68,13.87,864.46,4336685.74,1781501.57
00:10:15.305,18/01/2026,07:11:08,17_T02,39.121501466,10.180285072,0.1,866.83,254.85,-7.595,77.2,38.68,13.87,864.46,4336685.77,1781501.60
00:10:16.303,18/01/2026,07:11:09,17_T02,39.121501096,10.180285244,0.1,867.07,254.99,-7.598,77.2,38.68,13.87,865.85,4336685.79,1781501.56
00:10:17.303,18/01/2026,07:11:10,17_T02,39.121500183,10.180286025,0.1,867.08,255.08,-7.577,77.2,38.68,13.87,865.85,4336685.86,1781501.46
00:10:18.304,18/01/2026,07:11:11,17_T02,39.121499794,10.180286247,0.1,867.33,255.08,-7.577,77.2,38.68,13.88,866.07,4336685.87,1781501.42
00:10:19.300,18/01/2026,07:11:12,17_T02,39.121499986,10.180285955,0.1,868.10,255.19,-7.592,77.2,38.68,13.88,866.07,4336685.85,1781501.44
00:10:20.302,18/01/2026,07:11:13,17_T02,39.121500384,10.180286028,0.1,869.12,255.44,-7.568,77.2,38.66,13.88,867.44,4336685.86,1781501.48
00:10:21.305,18/01/2026,07:11:14,17_T02,39.121500816,10.180286619,0.1,869.91,255.92,-7.502,77.2,38.66,13.88,867.44,4336685.91,1781501.53
00:10:22.303,18/01/2026,07:11:15,17_T02,39.121500282,10.180286623,0.1,870.30,256.37,-7.525,77.2,38.68,13.87,869.03,4336685.91,1781501.47
00:10:23.302,18/01/2026,07:11:16,17_T02,39.121499876,10.180286326,0.1,870.43,256.79,-7.567,77.2,38.68,13.87,869.03,4336685.88,1781501.43
00:10:24.306,18/01/2026,07:11:17,17_T02,39.121499852,10.180285869,0.1,870.55,257.16,-7.605,77.2,38.67,13.89,869.42,4336685.84,1781501.42
00:10:25.303,18/01/2026,07:11:18,17_T02,39.121500128,10.180285268,0.1,870.92,257.55,-7.640,77.2,38.67,13.89,869.42,4336685.79,1781501.45
00:10:26.302,18/01/2026,07:11:19,17_T02,39.121500595,10.180284827,0.1,871.74,258.03,-7.654,77.2,38.69,13.88,870.22,4336685.75,1781501.51
00:10:27.305,18/01/2026,07:11:20,17_T02,39.121501183,10.180284380,0.1,872.82,258.64,-7.663,77.2,38.69,13.88,870.22,4336685.71,1781501.57
00:10:28.302,18/01/2026,07:11:21,17_T02,39.121501667,10.180284802,0.1,873.65,259.41,-7.607,77.2,38.67,13.87,872.24,4336685.75,1781501.62
00:10:29.306,18/01/2026,07:11:22,17_T02,39.121501175,10.180285250,0.1,873.85,259.61,-7.594,77.2,38.67,13.87,872.24,4336685.79,1781501.57
00:10:30.300,18/01/2026,07:11:23,17_T02,39.121500839,10.180285026,0.1,873.72,259.79,-7.627,77.2,38.67,13.88,872.73,4336685.77,1781501.53
00:10:31.306,18/01/2026,07:11:24,17_T02,39.121501070,10.180284290,0.1,873.85,260.20,-7.675,77.2,38.67,13.88,872.73,4336685.70,1781501.56
00:10:32.302,18/01/2026,07:11:25,17_T02,39.121501419,10.180283770,0.1,874.58,260.68,-7.701,77.2,38.66,13.87,873.19,4336685.66,1781501.60
00:10:33.301,18/01/2026,07:11:26,17_T02,39.121502080,10.180283557,0.1,875.70,261.26,-7.688,77.2,38.66,13.87,873.19,4336685.64,1781501.67
00:10:34.302,18/01/2026,07:11:27,17_T02,39.121502744,10.180284024,0.1,876.63,262.17,-7.621,77.2,38.64,13.82,875.29,4336685.68,1781501.74
00:10:35.304,18/01/2026,07:11:28,17_T02,39.121502443,10.180284580,0.1,876.91,262.52,-7.590,77.2,38.64,13.82,875.29,4336685.73,1781501.71
00:10:36.294,18/01/2026,07:11:29,17_T02,39.121500877,10.180284503,0.1,876.83,262.61,-7.667,77.2,38.64,13.82,875.29,4336685.72,1781501.54
00:10:37.301,18/01/2026,07:11:30,17_T02,39.121500337,10.180283888,0.1,877.02,262.65,-7.740,77.2,38.64,13.83,875.83,4336685.67,1781501.48
00:10:38.304,18/01/2026,07:11:31,17_T02,39.121500679,10.180283420,0.1,877.78,262.91,-7.762,77.2,38.64,13.83,875.83,4336685.63,1781501.51
00:10:39.304,18/01/2026,07:11:32,17_T02,39.121501169,10.180283295,0.1,878.74,263.37,-7.750,77.2,38.68,13.78,876.52,4336685.62,1781501.57
00:10:40.304,18/01/2026,07:11:33,17_T02,39.121501234,10.180283535,0.1,879.35,263.63,-7.728,77.2,38.68,13.78,876.52,4336685.64,1781501.58
00:10:41.302,18/01/2026,07:11:34,17_T02,39.121500495,10.180284383,0.1,879.60,263.43,-7.694,77.2,38.66,13.76,878.14,4336685.71,1781501.49
00:10:42.304,18/01/2026,07:11:35,17_T02,39.121500065,10.180284612,0.1,879.92,263.34,-7.695,77.2,38.66,13.76,878.14,4336685.73,1781501.45
00:10:43.305,18/01/2026,07:11:36,17_T02,39.121500305,10.180284339,0.1,880.56,263.52,-7.706,77.2,38.67,13.81,878.81,4336685.71,1781501.47
00:10:44.300,18/01/2026,07:11:37,17_T02,39.121500459,10.180284244,0.1,881.26,263.64,-7.706,77.2,38.67,13.81,878.81,4336685.70,1781501.49
00:10:45.300,18/01/2026,07:11:38,17_T02,39.121500410,10.180284235,0.1,881.72,263.58,-7.709,77.2,38.64,13.77,880.11,4336685.70,1781501.49
00:10:46.300,18/01/2026,07:11:39,17_T02,39.121499487,10.180283946,0.1,881.98,263.28,-7.774,77.2,38.64,13.77,880.11,4336685.67,1781501.38
00:10:47.300,18/01/2026,07:11:40,17_T02,39.121499056,10.180283624,0.1,882.37,263.07,-7.819,77.2,38.66,13.77,880.90,4336685.65,1781501.34
00:10:48.302,18/01/2026,07:11:41,17_T02,39.121499166,10.180283431,0.1,883.06,262.94,-7.829,77.2,38.66,13.77,880.90,4336685.63,1781501.35
00:10:49.302,18/01/2026,07:11:42,17_T02,39.121499262,10.180283459,0.1,883.91,262.83,-7.823,77.2,38.62,13.78,881.98,4336685.63,1781501.36
00:10:50.303,18/01/2026,07:11:43,17_T02,39.121499212,10.180283672,0.1,884.51,262.82,-7.808,77.2,38.62,13.78,881.98,4336685.65,1781501.35
00:10:51.301,18/01/2026,07:11:44,17_T02,39.121499260,10.180285189,0.1,884.70,262.40,-7.685,77.2,38.64,13.71,883.43,4336685.78,1781501.36
00:10:52.300,18/01/2026,07:11:45,17_T02,39.121499046,10.180285638,0.1,884.81,261.97,-7.659,77.2,38.64,13.71,883.43,4336685.82,1781501.33
00:10:53.300,18/01/2026,07:11:46,17_T02,39.121498985,10.180285150,0.1,885.28,261.74,-7.701,77.2,38.63,13.74,883.80,4336685.78,1781501.33
00:10:54.301,18/01/2026,07:11:47,17_T02,39.121499146,10.180284835,0.1,886.12,261.68,-7.719,77.2,38.63,13.74,883.80,4336685.75,1781501.35
00:10:55.300,18/01/2026,07:11:48,17_T02,39.121499294,10.180284899,0.1,886.96,261.73,-7.707,77.2,38.62,13.73,885.12,4336685.76,1781501.36
00:10:56.301,18/01/2026,07:11:49,17_T02,39.121498936,10.180284839,0.1,887.47,261.64,-7.728,77.2,38.62,13.73,885.12,4336685.75,1781501.32
00:10:57.305,18/01/2026,07:11:50,17_T02,39.121498286,10.180284593,0.1,887.71,261.38,-7.777,77.2,38.64,13.70,886.43,4336685.73,1781501.25
00:10:58.300,18/01/2026,07:11:51,17_T02,39.121497977,10.180284165,0.1,888.02,261.21,-7.824,77.2,38.64,13.70,886.43,4336685.69,1781501.22
00:10:59.300,18/01/2026,07:11:52,17_T02,39.121498229,10.180283615,0.1,888.63,261.43,-7.857,77.2,38.62,13.76,887.04,4336685.65,1781501.24
00:11:00.300,18/01/2026,07:11:53,17_T02,39.121498344,10.180283313,0.1,889.39,261.42,-7.876,77.2,38.62,13.76,887.04,4336685.62,1781501.26
00:11:01.300,18/01/2026,07:11:54,17_T02,39.121498060,10.180283346,0.1,889.96,261.32,-7.886,77.2,38.63,13.70,888.44,4336685.62,1781501.23
00:11:02.303,18/01/2026,07:11:55,17_T02,39.121497535,10.180283442,0.0,890.26,261.10,-7.902,77.2,38.63,13.70,888.44,4336685.63,1781501.17
00:11:03.301,18/01/2026,07:11:56,17_T02,39.121497254,10.180283205,0.0,890.52,260.96,-7.933,77.2,38.65,13.71,889.25,4336685.61,1781501.14
00:11:04.301,18/01/2026,07:11:57,17_T02,39.121497495,10.180282724,0.0,891.07,261.12,-7.961,77.2,38.65,13.71,889.25,4336685.57,1781501.16
00:11:05.301,18/01/2026,07:11:58,17_T02,39.121497839,10.180282399,0.1,891.90,261.30,-7.971,77.2,38.61,13.73,890.19,4336685.54,1781501.20
00:11:06.300,18/01/2026,07:11:59,17_T02,39.121497370,10.180282046,0.1,892.68,261.54,-8.020,77.2,38.61,13.73,890.19,4336685.51,1781501.15
00:11:07.301,18/01/2026,07:12:00,17_T02,39.121496797,10.180281866,0.1,893.04,261.52,-8.060,77.2,38.64,13.70,891.75,4336685.49,1781501.09
00:11:08.299,18/01/2026,07:12:01,17_T02,39.121496259,10.180281560,0.1,893.05,261.24,-8.109,77.2,38.64,13.70,891.75,4336685.47,1781501.03
00:11:09.303,18/01/2026,07:12:02,17_T02,39.121496049,10.180280974,0.1,893.26,260.96,-8.165,77.2,38.63,13.71,892.05,4336685.42,1781501.00
00:11:10.301,18/01/2026,07:12:03,17_T02,39.121495887,10.180280488,0.1,894.06,260.93,-8.211,77.2,38.63,13.71,892.05,4336685.37,1781500.99
00:11:11.303,18/01/2026,07:12:04,17_T02,39.121496197,10.180280373,0.1,895.13,261.22,-8.206,77.2,38.61,13.72,893.41,4336685.36,1781501.02
00:11:12.303,18/01/2026,07:12:05,17_T02,39.121496679,10.180280665,0.1,895.95,261.82,-8.161,77.2,38.61,13.72,893.41,4336685.39,1781501.07
00:11:13.299,18/01/2026,07:12:06,17_T02,39.121496567,10.180280774,0.1,896.23,262.14,-8.157,77.2,38.64,13.70,895.02,4336685.40,1781501.06
00:11:14.301,18/01/2026,07:12:07,17_T02,39.121496410,10.180280383,0.1,896.18,262.38,-8.195,77.2,38.64,13.70,895.02,4336685.37,1781501.04
00:11:15.300,18/01/2026,07:12:08,17_T02,39.121495635,10.180279958,0.1,896.28,262.57,-8.264,77.2,38.63,13.71,895.17,4336685.33,1781500.96
00:11:16.293,18/01/2026,07:12:09,17_T02,39.121495553,10.180279407,0.1,896.90,262.83,-8.312,77.2,38.63,13.71,895.17,4336685.28,1781500.95
00:11:17.300,18/01/2026,07:12:10,17_T02,39.121496201,10.180279005,0.1,897.90,263.25,-8.314,77.2,38.64,13.71,896.31,4336685.25,1781501.02
00:11:18.299,18/01/2026,07:12:11,17_T02,39.121496780,10.180279233,0.1,898.83,263.96,-8.270,77.2,38.64,13.71,896.31,4336685.27,1781501.08
00:11:19.299,18/01/2026,07:12:12,17_T02,39.121496723,10.180279568,0.1,899.32,264.33,-8.246,77.2,38.64,13.70,898.04,4336685.29,1781501.08
00:11:20.299,18/01/2026,07:12:13,17_T02,39.121496186,10.180278829,0.1,899.43,264.46,-8.329,77.2,38.64,13.70,898.04,4336685.23,1781501.02
00:11:21.299,18/01/2026,07:12:14,17_T02,39.121496085,10.180277989,0.1,899.57,264.56,-8.400,77.2,38.63,13.71,898.46,4336685.16,1781501.01
00:11:22.299,18/01/2026,07:12:15,17_T02,39.121496458,10.180277220,0.1,900.04,264.75,-8.445,77.2,38.63,13.71,898.46,4336685.09,1781501.05
00:11:23.301,18/01/2026,07:12:16,17_T02,39.121496896,10.180276632,0.1,900.83,265.00,-8.471,77.2,38.62,13.73,899.41,4336685.04,1781501.10
00:11:24.299,18/01/2026,07:12:17,17_T02,39.121497135,10.180276504,0.1,901.62,265.23,-8.471,77.2,38.62,13.73,899.41,4336685.03,1781501.12
00:11:25.300,18/01/2026,07:12:18,17_T02,39.121497619,10.180277444,0.1,902.18,265.42,-8.374,77.2,38.63,13.69,900.93,4336685.11,1781501.18
00:11:26.299,18/01/2026,07:12:19,17_T02,39.121497685,10.180277732,0.1,902.55,265.60,-8.349,77.2,38.63,13.69,900.93,4336685.13,1781501.18
00:11:27.300,18/01/2026,07:12:20,17_T02,39.121497691,10.180277259,0.1,902.92,265.85,-8.386,77.2,38.64,13.71,901.74,4336685.09,1781501.18
00:11:28.303,18/01/2026,07:12:21,17_T02,39.121497924,10.180276683,0.1,903.39,266.14,-8.421,77.2,38.64,13.71,901.74,4336685.04,1781501.21
00:11:29.302,18/01/2026,07:12:22,17_T02,39.121498123,10.180276257,0.1,903.93,266.31,-8.446,77.2,38.62,13.70,902.71,4336685.01,1781501.23
00:11:30.304,18/01/2026,07:12:23,17_T02,39.121499102,10.180278293,0.1,904.49,266.25,-8.240,77.2,38.62,13.70,902.71,4336685.18,1781501.34
00:11:31.301,18/01/2026,07:12:24,17_T02,39.121499575,10.180279586,0.1,905.04,266.12,-8.116,77.2,38.62,13.70,902.71,4336685.30,1781501.39
00:11:32.300,18/01/2026,07:12:25,17_T02,39.121499472,10.180279634,0.1,905.51,266.05,-8.117,77.2,38.63,13.69,903.85,4336685.30,1781501.38
00:11:33.299,18/01/2026,07:12:26,17_T02,39.121499419,10.180279501,0.1,905.95,266.07,-8.130,77.2,38.63,13.69,903.85,4336685.29,1781501.37
00:11:34.299,18/01/2026,07:12:27,17_T02,39.121499471,10.180279221,0.1,906.46,266.19,-8.150,77.2,38.64,13.69,904.79,4336685.26,1781501.38
00:11:35.301,18/01/2026,07:12:28,17_T02,39.121499691,10.180280779,0.1,907.05,266.29,-8.016,77.2,38.64,13.69,904.79,4336685.40,1781501.41
00:11:36.302,18/01/2026,07:12:29,17_T02,39.121499799,10.180281743,0.1,907.63,266.34,-7.935,77.2,38.63,13.70,905.87,4336685.48,1781501.42
00:11:37.301,18/01/2026,07:12:30,17_T02,39.121499688,10.180281814,0.1,908.10,266.33,-7.934,77.2,38.63,13.70,905.87,4336685.49,1781501.40
00:11:38.298,18/01/2026,07:12:31,17_T02,39.121499568,10.180281798,0.1,908.52,266.35,-7.941,77.2,38.63,13.69,906.97,4336685.49,1781501.39
00:11:39.299,18/01/2026,07:12:32,17_T02,39.121499488,10.180281695,0.1,909.00,266.37,-7.952,77.2,38.63,13.69,906.97,4336685.48,1781501.38
00:11:40.301,18/01/2026,07:12:33,17_T02,39.121499244,10.180282042,0.1,909.58,266.38,-7.936,77.2,38.63,13.70,907.89,4336685.51,1781501.36
00:11:41.300,18/01/2026,07:12:34,17_T02,39.121499066,10.180282262,0.1,910.10,266.31,-7.926,77.2,38.63,13.70,907.89,4336685.53,1781501.34
00:11:42.303,18/01/2026,07:12:35,17_T02,39.121498855,10.180282288,0.1,910.51,266.16,-7.934,77.2,38.63,13.69,909.01,4336685.53,1781501.31
00:11:43.299,18/01/2026,07:12:36,17_T02,39.121498760,10.180282223,0.1,910.97,266.08,-7.943,77.2,38.63,13.69,909.01,4336685.52,1781501.30
00:11:44.301,18/01/2026,07:12:37,17_T02,39.121498875,10.180282120,0.1,911.60,266.08,-7.946,77.2,38.64,13.70,909.89,4336685.52,1781501.32
00:11:45.299,18/01/2026,07:12:38,17_T02,39.121498345,10.180281586,0.1,912.27,266.10,-8.013,77.2,38.64,13.70,909.89,4336685.47,1781501.26
00:11:46.299,18/01/2026,07:12:39,17_T02,39.121497863,10.180281326,0.1,912.73,266.08,-8.055,77.2,38.63,13.69,911.20,4336685.45,1781501.20
00:11:47.297,18/01/2026,07:12:40,17_T02,39.121497518,10.180281268,0.1,912.99,265.90,-8.075,77.2,38.63,13.69,911.20,4336685.44,1781501.17
00:11:48.300,18/01/2026,07:12:41,17_T02,39.121497372,10.180281051,0.1,913.34,265.75,-8.099,77.2,38.64,13.70,911.95,4336685.42,1781501.15
00:11:49.300,18/01/2026,07:12:42,17_T02,39.121497633,10.180280826,0.1,913.97,265.84,-8.105,77.2,38.64,13.70,911.95,4336685.40,1781501.18
00:11:50.299,18/01/2026,07:12:43,17_T02,39.121498059,10.180281571,0.1,914.73,265.95,-8.027,77.2,38.62,13.70,912.95,4336685.47,1781501.23
00:11:51.301,18/01/2026,07:12:44,17_T02,39.121498422,10.180282317,0.1,915.42,266.22,-7.951,77.2,38.62,13.70,912.95,4336685.53,1781501.27
00:11:52.299,18/01/2026,07:12:45,17_T02,39.121498335,10.180282525,0.1,915.88,266.39,-7.939,77.2,38.62,13.68,914.40,4336685.55,1781501.26
00:11:53.300,18/01/2026,07:12:46,17_T02,39.121498148,10.180282388,0.1,916.14,266.51,-7.958,77.2,38.62,13.68,914.40,4336685.54,1781501.24
00:11:54.299,18/01/2026,07:12:47,17_T02,39.121498111,10.180281988,0.1,916.43,266.64,-7.991,77.2,38.65,13.69,915.14,4336685.50,1781501.23
00:11:55.299,18/01/2026,07:12:48,17_T02,39.121498131,10.180282007,0.1,916.90,266.90,-7.989,77.2,38.65,13.69,915.14,4336685.51,1781501.23
00:11:56.298,18/01/2026,07:12:49,17_T02,39.121498314,10.180282051,0.1,917.57,267.13,-7.977,77.2,38.60,13.71,915.97,4336685.51,1781501.25
00:11:57.298,18/01/2026,07:12:50,17_T02,39.121498550,10.180282183,0.1,918.29,267.41,-7.956,77.2,38.60,13.71,915.97,4336685.52,1781501.28
00:11:58.300,18/01/2026,07:12:51,17_T02,39.121498766,10.180282461,0.1,918.92,267.79,-7.924,77.2,38.62,13.66,917.38,4336685.55,1781501.30
00:11:59.298,18/01/2026,07:12:52,17_T02,39.121498762,10.180282468,0.0,919.34,268.15,-7.924,77.2,38.62,13.66,917.38,4336685.55,1781501.30
00:12:00.299,18/01/2026,07:12:53,17_T02,39.121498475,10.180282822,0.1,919.62,268.44,-7.909,77.2,38.63,13.66,918.36,4336685.58,1781501.27
00:12:01.300,18/01/2026,07:12:54,17_T02,39.121498472,10.180282741,0.1,920.00,268.71,-7.915,77.2,38.63,13.66,918.36,4336685.57,1781501.27
00:12:02.299,18/01/2026,07:12:55,17_T02,39.121498953,10.180282459,0.1,920.64,269.11,-7.916,77.2,38.63,13.70,919.11,4336685.55,1781501.32
00:12:03.300,18/01/2026,07:12:56,17_T02,39.121499224,10.180282480,0.1,921.38,269.39,-7.902,77.2,38.63,13.70,919.11,4336685.55,1781501.35
00:12:04.299,18/01/2026,07:12:57,17_T02,39.121499365,10.180282701,0.1,921.85,269.67,-7.878,77.2,38.62,13.63,920.51,4336685.57,1781501.37
00:12:05.300,18/01/2026,07:12:58,17_T02,39.121499296,10.180284870,0.1,922.06,269.78,-7.709,77.2,38.62,13.63,920.51,4336685.76,1781501.36
00:12:06.301,18/01/2026,07:12:59,17_T02,39.121499476,10.180285727,0.1,922.42,270.09,-7.633,77.2,38.64,13.65,921.13,4336685.83,1781501.38
00:12:07.298,18/01/2026,07:13:00,17_T02,39.121500032,10.180285503,0.1,923.12,270.63,-7.626,77.2,38.64,13.65,921.13,4336685.81,1781501.44
00:12:08.298,18/01/2026,07:13:01,17_T02,39.121500467,10.180285518,0.1,923.94,271.04,-7.605,77.2,38.61,13.64,922.40,4336685.81,1781501.49
00:12:09.292,18/01/2026,07:13:02,17_T02,39.121500741,10.180285730,0.1,924.55,271.43,-7.576,77.2,38.61,13.64,922.40,4336685.83,1781501.52
00:12:10.298,18/01/2026,07:13:03,17_T02,39.121500311,10.180287477,0.1,924.84,271.58,-7.456,77.2,38.62,13.63,923.65,4336685.98,1781501.47
00:12:11.301,18/01/2026,07:13:04,17_T02,39.121500078,10.180288011,0.1,925.03,271.80,-7.424,77.2,38.62,13.63,923.65,4336686.03,1781501.45
00:12:12.299,18/01/2026,07:13:05,17_T02,39.121500393,10.180287673,0.1,925.45,272.22,-7.437,77.2,38.63,13.66,924.15,4336686.00,1781501.48
00:12:13.303,18/01/2026,07:13:06,17_T02,39.121500927,10.180287534,0.1,926.21,272.68,-7.424,77.2,38.63,13.66,924.15,4336685.99,1781501.54
00:12:14.299,18/01/2026,07:13:07,17_T02,39.121501334,10.180287758,0.1,927.12,273.00,-7.388,77.2,38.61,13.62,925.61,4336686.01,1781501.59
00:12:15.299,18/01/2026,07:13:08,17_T02,39.121501201,10.180288991,0.1,927.81,273.42,-7.296,77.2,38.61,13.62,925.61,4336686.11,1781501.57
00:12:16.300,18/01/2026,07:13:09,17_T02,39.121500641,10.180289454,0.2,928.06,273.53,-7.284,77.2,38.63,13.61,926.92,4336686.15,1781501.51
00:12:17.298,18/01/2026,07:13:10,17_T02,39.121500363,10.180289145,0.1,928.06,273.56,-7.321,77.2,38.63,13.61,926.92,4336686.13,1781501.48
00:12:18.298,18/01/2026,07:13:11,17_T02,39.121500465,10.180288737,0.1,928.22,273.52,-7.349,77.2,38.61,13.62,927.11,4336686.09,1781501.49
00:12:19.300,18/01/2026,07:13:12,17_T02,39.121500911,10.180288483,0.1,928.96,273.75,-7.349,77.2,38.61,13.62,927.11,4336686.07,1781501.54
00:12:20.298,18/01/2026,07:13:13,17_T02,39.121501492,10.180287866,0.1,930.07,274.14,-7.372,77.2,38.59,13.64,928.56,4336686.02,1781501.61
00:12:21.297,18/01/2026,07:13:14,17_T02,39.121501997,10.180288254,0.1,930.98,274.95,-7.318,77.2,38.59,13.64,928.56,4336686.05,1781501.66
00:12:22.298,18/01/2026,07:13:15,17_T02,39.121501764,10.180288657,0.1,931.28,275.34,-7.297,77.2,38.62,13.62,930.15,4336686.08,1781501.64
00:12:23.298,18/01/2026,07:13:16,17_T02,39.121501573,10.180288439,0.1,931.20,275.59,-7.323,77.2,38.62,13.62,930.15,4336686.07,1781501.61
00:12:24.297,18/01/2026,07:13:17,17_T02,39.121501897,10.180287981,0.1,931.36,275.86,-7.345,77.2,38.61,13.62,930.25,4336686.03,1781501.65
00:12:25.298,18/01/2026,07:13:18,17_T02,39.121502062,10.180286252,0.1,932.11,276.13,-7.474,77.2,38.61,13.62,930.25,4336685.87,1781501.67
00:12:26.297,18/01/2026,07:13:19,17_T02,39.121502384,10.180285595,0.1,933.09,276.53,-7.512,77.2,38.60,13.62,931.74,4336685.82,1781501.70
00:12:27.297,18/01/2026,07:13:20,17_T02,39.121502606,10.180286078,0.1,933.76,276.91,-7.464,77.2,38.60,13.62,931.74,4336685.86,1781501.73
00:12:28.298,18/01/2026,07:13:21,17_T02,39.121502314,10.180286264,0.1,934.01,277.00,-7.462,77.2,38.60,13.62,931.74,4336685.88,1781501.70
00:12:29.298,18/01/2026,07:13:22,17_T02,39.121502154,10.180286098,0.1,934.16,277.01,-7.483,77.2,38.62,13.62,932.92,4336685.86,1781501.68
00:12:30.297,18/01/2026,07:13:23,17_T02,39.121503184,10.180288077,0.1,934.55,277.30,-7.279,77.2,38.62,13.62,932.92,4336686.03,1781501.79
00:12:31.298,18/01/2026,07:13:24,17_T02,39.121504195,10.180289329,0.2,935.27,277.67,-7.134,77.2,38.63,13.62,933.40,4336686.14,1781501.90
00:12:32.297,18/01/2026,07:13:25,17_T02,39.121504499,10.180289504,0.2,936.11,277.85,-7.106,77.2,38.63,13.62,933.40,4336686.16,1781501.94
00:12:33.298,18/01/2026,07:13:26,17_T02,39.121504530,10.180289942,0.1,936.74,278.01,-7.070,77.2,38.61,13.61,934.88,4336686.20,1781501.94
00:12:34.301,18/01/2026,07:13:27,17_T02,39.121504107,10.180290065,0.1,937.02,277.88,-7.080,77.2,38.61,13.61,934.88,4336686.21,1781501.89
00:12:35.297,18/01/2026,07:13:28,17_T02,39.121504159,10.180290296,0.1,937.27,277.84,-7.059,77.2,38.62,13.61,935.94,4336686.23,1781501.90
00:12:36.299,18/01/2026,07:13:29,17_T02,39.121504687,10.180290306,0.1,937.80,278.14,-7.034,77.2,38.62,13.61,935.94,4336686.23,1781501.96
00:12:37.299,18/01/2026,07:13:30,17_T02,39.121505042,10.180290260,0.1,938.52,278.40,-7.022,77.2,38.60,13.62,936.66,4336686.22,1781502.00
00:12:38.299,18/01/2026,07:13:31,17_T02,39.121505220,10.180290394,0.1,939.11,278.59,-7.003,77.2,38.60,13.62,936.66,4336686.23,1781502.02
00:12:39.298,18/01/2026,07:13:32,17_T02,39.121505136,10.180290524,0.1,939.54,278.70,-6.997,77.2,38.61,13.60,937.98,4336686.25,1781502.01
00:12:40.298,18/01/2026,07:13:33,17_T02,39.121504609,10.180291961,0.2,940.02,278.82,-6.906,77.2,38.61,13.60,937.98,4336686.37,1781501.95
00:12:41.297,18/01/2026,07:13:34,17_T02,39.121504546,10.180292593,0.2,940.55,279.06,-6.859,77.2,38.62,13.61,938.94,4336686.43,1781501.94
00:12:42.304,18/01/2026,07:13:35,17_T02,39.121504736,10.180292474,0.2,941.02,279.27,-6.860,77.2,38.62,13.61,938.94,4336686.42,1781501.96
00:12:43.299,18/01/2026,07:13:36,17_T02,39.121504804,10.180292350,0.2,941.41,279.43,-6.867,77.2,38.61,13.59,939.96,4336686.40,1781501.97
00:12:44.301,18/01/2026,07:13:37,17_T02,39.121504842,10.180292297,0.2,941.85,279.51,-6.869,77.2,38.61,13.59,939.96,4336686.40,1781501.98
00:12:45.306,18/01/2026,07:13:38,17_T02,39.121504368,10.180294116,0.1,942.42,279.61,-6.746,77.2,38.61,13.60,940.80,4336686.56,1781501.92
00:12:46.297,18/01/2026,07:13:39,17_T02,39.121504438,10.180295228,0.2,943.17,279.96,-6.655,77.2,38.61,13.60,940.80,4336686.66,1781501.93
00:12:47.296,18/01/2026,07:13:40,17_T02,39.121504743,10.180295674,0.2,943.98,280.38,-6.605,77.2,38.60,13.59,942.14,4336686.69,1781501.97
00:12:48.297,18/01/2026,07:13:41,17_T02,39.121504887,10.180296058,0.2,944.55,280.71,-6.568,77.2,38.60,13.59,942.14,4336686.73,1781501.98
00:12:49.301,18/01/2026,07:13:42,17_T02,39.121504704,10.180295969,0.2,944.74,280.78,-6.584,77.2,38.61,13.58,943.50,4336686.72,1781501.96
00:12:50.298,18/01/2026,07:13:43,17_T02,39.121503894,10.180296430,0.1,944.76,280.70,-6.584,77.2,38.61,13.58,943.50,4336686.76,1781501.87
00:12:51.298,18/01/2026,07:13:44,17_T02,39.121503654,10.180296538,0.1,945.03,280.54,-6.586,77.2,38.60,13.60,943.75,4336686.77,1781501.85
00:12:52.298,18/01/2026,07:13:45,17_T02,39.121504007,10.180296419,0.1,945.80,280.55,-6.579,77.2,38.60,13.60,943.75,4336686.76,1781501.88
00:12:53.298,18/01/2026,07:13:46,17_T02,39.121504537,10.180296829,0.1,946.83,280.85,-6.523,77.2,38.59,13.60,944.88,4336686.79,1781501.94
00:12:54.298,18/01/2026,07:13:47,17_T02,39.121504827,10.180297718,0.1,947.67,281.43,-6.439,77.2,38.59,13.60,944.88,4336686.87,1781501.98
00:12:55.298,18/01/2026,07:13:48,17_T02,39.121504049,10.180298794,0.1,948.04,281.67,-6.389,77.2,38.61,13.58,946.66,4336686.97,1781501.89
00:12:56.297,18/01/2026,07:13:49,17_T02,39.121503606,10.180298943,0.1,948.10,281.83,-6.397,77.2,38.61,13.58,946.66,4336686.98,1781501.84
00:12:57.298,18/01/2026,07:13:50,17_T02,39.121503808,10.180298555,0.1,948.20,282.00,-6.419,77.2,38.60,13.60,947.09,4336686.94,1781501.86
00:12:58.296,18/01/2026,07:13:51,17_T02,39.121504443,10.180298294,0.1,948.65,282.34,-6.411,77.2,38.60,13.60,947.09,4336686.92,1781501.93
00:12:59.300,18/01/2026,07:13:52,17_T02,39.121505072,10.180298276,0.1,949.46,282.72,-6.384,77.2,38.63,13.60,947.75,4336686.92,1781502.00
00:13:00.296,18/01/2026,07:13:53,17_T02,39.121505553,10.180298742,0.1,950.41,283.16,-6.325,77.2,38.63,13.60,947.75,4336686.96,1781502.06
00:13:01.297,18/01/2026,07:13:54,17_T02,39.121505034,10.180300206,0.1,951.17,283.77,-6.232,77.2,38.60,13.58,949.55,4336687.09,1781502.00
00:13:02.296,18/01/2026,07:13:55,17_T02,39.121504316,10.180300787,0.1,951.54,283.96,-6.219,77.2,38.60,13.58,949.55,4336687.14,1781501.92
00:13:03.296,18/01/2026,07:13:56,17_T02,39.121504121,10.180300545,0.1,951.61,284.10,-6.247,77.2,38.61,13.59,950.54,4336687.12,1781501.90
00:13:04.296,18/01/2026,07:13:57,17_T02,39.121504352,10.180300157,0.1,951.74,284.25,-6.267,77.2,38.61,13.59,950.54,4336687.08,1781501.92
00:13:05.297,18/01/2026,07:13:58,17_T02,39.121504979,10.180299938,0.1,952.21,284.56,-6.256,77.2,38.61,13.59,950.83,4336687.06,1781501.99
00:13:06.296,18/01/2026,07:13:59,17_T02,39.121505392,10.180300820,0.1,953.03,284.74,-6.167,77.2,38.61,13.59,950.83,4336687.14,1781502.04
00:13:07.299,18/01/2026,07:14:00,17_T02,39.121505658,10.180301792,0.1,953.94,284.95,-6.078,77.2,38.60,13.59,952.30,4336687.23,1781502.07
00:13:08.297,18/01/2026,07:14:01,17_T02,39.121505760,10.180302623,0.1,954.64,285.39,-6.008,77.2,38.60,13.59,952.30,4336687.30,1781502.08
00:13:09.298,18/01/2026,07:14:02,17_T02,39.121505549,10.180302900,0.1,955.02,285.61,-5.995,77.2,38.61,13.58,953.74,4336687.32,1781502.06
00:13:10.296,18/01/2026,07:14:03,17_T02,39.121505553,10.180302635,0.1,955.21,285.81,-6.016,77.2,38.61,13.58,953.74,4336687.30,1781502.06
00:13:11.297,18/01/2026,07:14:04,17_T02,39.121504967,10.180303086,0.1,955.43,286.08,-6.007,77.2,38.60,13.59,954.26,4336687.34,1781501.99
00:13:12.297,18/01/2026,07:14:05,17_T02,39.121505092,10.180303406,0.1,955.93,286.48,-5.976,77.2,38.60,13.59,954.26,4336687.37,1781502.01
00:13:13.298,18/01/2026,07:14:06,17_T02,39.121505587,10.180303498,0.1,956.74,286.73,-5.946,77.2,38.59,13.60,955.23,4336687.37,1781502.06
00:13:14.297,18/01/2026,07:14:07,17_T02,39.121505814,10.180304075,0.1,957.58,286.99,-5.890,77.2,38.59,13.60,955.23,4336687.42,1781502.09
00:13:15.296,18/01/2026,07:14:08,17_T02,39.121505781,10.180304768,0.1,958.14,287.27,-5.836,77.2,38.60,13.58,956.81,4336687.48,1781502.08
00:13:16.297,18/01/2026,07:14:09,17_T02,39.121504451,10.180304238,0.1,958.36,287.37,-5.938,77.2,38.60,13.58,956.81,4336687.44,1781501.94
00:13:17.297,18/01/2026,07:14:10,17_T02,39.121503982,10.180303633,0.1,958.51,287.48,-6.008,77.2,38.61,13.59,957.39,4336687.39,1781501.88
00:13:18.297,18/01/2026,07:14:11,17_T02,39.121504454,10.180303377,0.1,958.95,287.71,-6.007,77.2,38.61,13.59,957.39,4336687.36,1781501.94
00:13:19.296,18/01/2026,07:14:12,17_T02,39.121504859,10.180303336,0.1,959.70,287.86,-5.992,77.2,38.59,13.60,958.30,4336687.36,1781501.98
00:13:20.296,18/01/2026,07:14:13,17_T02,39.121504989,10.180303608,0.1,960.46,287.93,-5.964,77.2,38.59,13.60,958.30,4336687.38,1781501.99
00:13:21.297,18/01/2026,07:14:14,17_T02,39.121503790,10.180304045,0.1,960.97,287.92,-5.984,77.2,38.60,13.58,959.73,4336687.42,1781501.86
00:13:22.295,18/01/2026,07:14:15,17_T02,39.121502801,10.180304164,0.1,961.35,287.83,-6.019,77.2,38.60,13.58,959.73,4336687.43,1781501.75
00:13:23.297,18/01/2026,07:14:16,17_T02,39.121502793,10.180304081,0.1,961.83,287.87,-6.026,77.2,38.61,13.59,960.58,4336687.43,1781501.75
00:13:24.295,18/01/2026,07:14:17,17_T02,39.121503025,10.180304010,0.1,962.38,288.06,-6.021,77.2,38.61,13.59,960.58,4336687.42,1781501.78
00:13:25.295,18/01/2026,07:14:18,17_T02,39.121503152,10.180303912,0.1,962.83,288.19,-6.023,77.2,38.61,13.58,961.63,4336687.41,1781501.79
00:13:26.295,18/01/2026,07:14:19,17_T02,39.121503278,10.180305691,0.1,963.21,288.18,-5.876,77.2,38.61,13.58,961.63,4336687.57,1781501.81
00:13:27.296,18/01/2026,07:14:20,17_T02,39.121503426,10.180306905,0.2,963.73,288.23,-5.773,77.2,38.61,13.59,962.49,4336687.67,1781501.82
00:13:28.296,18/01/2026,07:14:21,17_T02,39.121503634,10.180307264,0.2,964.47,288.51,-5.735,77.2,38.61,13.59,962.49,4336687.70,1781501.85
00:13:29.296,18/01/2026,07:14:22,17_T02,39.121503727,10.180307706,0.2,965.18,288.84,-5.696,77.2,38.60,13.58,963.94,4336687.74,1781501.86
00:13:30.298,18/01/2026,07:14:23,17_T02,39.121503627,10.180307984,0.1,965.56,289.03,-5.678,77.2,38.60,13.58,963.94,4336687.77,1781501.85
00:13:31.296,18/01/2026,07:14:24,17_T02,39.121503406,10.180307919,0.1,965.71,288.99,-5.693,77.2,38.60,13.58,963.94,4336687.76,1781501.82
00:13:32.296,18/01/2026,07:14:25,17_T02,39.121502956,10.180308678,0.1,966.05,289.02,-5.653,77.2,38.61,13.58,964.66,4336687.83,1781501.77
00:13:33.295,18/01/2026,07:14:26,17_T02,39.121502992,10.180309280,0.1,966.82,289.19,-5.604,77.2,38.61,13.58,964.66,4336687.88,1781501.78
00:13:34.296,18/01/2026,07:14:27,17_T02,39.121503110,10.180309672,0.1,967.67,289.27,-5.567,77.2,38.59,13.60,965.58,4336687.91,1781501.79
00:13:35.296,18/01/2026,07:14:28,17_T02,39.121502849,10.180310062,0.1,968.12,289.11,-5.548,77.2,38.59,13.60,965.58,4336687.95,1781501.76
00:13:36.297,18/01/2026,07:14:29,17_T02,39.121502370,10.180310028,0.1,968.25,288.78,-5.573,77.2,38.60,13.58,966.99,4336687.94,1781501.71
00:13:37.296,18/01/2026,07:14:30,17_T02,39.121502456,10.180310256,0.1,968.61,288.67,-5.551,77.2,38.60,13.58,966.99,4336687.96,1781501.72
00:13:38.298,18/01/2026,07:14:31,17_T02,39.121502702,10.180310536,0.1,969.45,288.74,-5.517,77.2,38.61,13.59,967.49,4336687.99,1781501.74
00:13:39.295,18/01/2026,07:14:32,17_T02,39.121502835,10.180311020,0.1,970.31,288.79,-5.473,77.2,38.61,13.59,967.49,4336688.03,1781501.76
00:13:40.299,18/01/2026,07:14:33,17_T02,39.121502647,10.180311441,0.1,970.73,288.74,-5.448,77.2,38.60,13.58,969.16,4336688.07,1781501.74
00:13:41.296,18/01/2026,07:14:34,17_T02,39.121502300,10.180311435,0.1,970.80,288.53,-5.464,77.2,38.60,13.58,969.16,4336688.07,1781501.70
00:13:42.295,18/01/2026,07:14:35,17_T02,39.121501851,10.180310882,0.1,971.08,288.44,-5.528,77.2,38.60,13.59,969.79,4336688.02,1781501.65
00:13:43.297,18/01/2026,07:14:36,17_T02,39.121501975,10.180310840,0.1,971.88,288.61,-5.526,77.2,38.60,13.59,969.79,4336688.01,1781501.66
00:13:44.294,18/01/2026,07:14:37,17_T02,39.121502313,10.180311370,0.1,972.86,288.86,-5.469,77.2,38.59,13.61,970.78,4336688.06,1781501.70
00:13:45.296,18/01/2026,07:14:38,17_T02,39.121502257,10.180311984,0.1,973.48,289.04,-5.422,77.2,38.59,13.61,970.78,4336688.11,1781501.69
00:13:46.296,18/01/2026,07:14:39,17_T02,39.121501789,10.180312026,0.1,973.64,288.88,-5.440,77.2,38.60,13.58,972.41,4336688.12,1781501.64
00:13:47.294,18/01/2026,07:14:40,17_T02,39.121501505,10.180313164,0.1,973.68,288.66,-5.363,77.2,38.60,13.58,972.41,4336688.22,1781501.61
00:13:48.298,18/01/2026,07:14:41,17_T02,39.121501731,10.180313810,0.1,974.06,288.55,-5.301,77.2,38.60,13.59,972.68,4336688.27,1781501.64
00:13:49.295,18/01/2026,07:14:42,17_T02,39.121502088,10.180313982,0.1,974.92,288.59,-5.271,77.2,38.60,13.59,972.68,4336688.29,1781501.68
00:13:50.295,18/01/2026,07:14:43,17_T02,39.121502412,10.180314640,0.1,975.87,288.89,-5.204,77.2,38.59,13.59,973.91,4336688.34,1781501.71
00:13:51.295,18/01/2026,07:14:44,17_T02,39.121502423,10.180315403,0.1,976.52,289.18,-5.143,77.2,38.59,13.59,973.91,4336688.41,1781501.71
00:13:52.295,18/01/2026,07:14:45,17_T02,39.121501073,10.180314313,0.1,976.73,289.23,-5.291,77.2,38.61,13.58,975.47,4336688.32,1781501.56
00:13:53.296,18/01/2026,07:14:46,17_T02,39.121500529,10.180313529,0.1,976.79,289.31,-5.378,77.2,38.61,13.58,975.47,4336688.25,1781501.50
00:13:54.297,18/01/2026,07:14:47,17_T02,39.121500914,10.180313445,0.1,977.14,289.48,-5.367,77.2,38.60,13.59,975.81,4336688.24,1781501.55
00:13:55.297,18/01/2026,07:14:48,17_T02,39.121501467,10.180313629,0.1,977.93,289.86,-5.327,77.2,38.60,13.59,975.81,4336688.26,1781501.61
00:13:56.296,18/01/2026,07:14:49,17_T02,39.121501751,10.180314138,0.1,978.83,290.14,-5.274,77.2,38.59,13.60,977.00,4336688.30,1781501.64
00:13:57.295,18/01/2026,07:14:50,17_T02,39.121501475,10.180315029,0.1,979.39,290.29,-5.216,77.2,38.59,13.60,977.00,4336688.38,1781501.61
00:13:58.295,18/01/2026,07:14:51,17_T02,39.121501007,10.180315353,0.1,979.63,290.25,-5.211,77.2,38.61,13.58,978.38,4336688.41,1781501.56
00:13:59.297,18/01/2026,07:14:52,17_T02,39.121501033,10.180315314,0.1,979.96,290.34,-5.213,77.2,38.61,13.58,978.38,4336688.40,1781501.56
00:14:00.295,18/01/2026,07:14:53,17_T02,39.121501412,10.180315467,0.1,980.62,290.57,-5.184,77.2,38.61,13.60,979.02,4336688.42,1781501.60
00:14:01.293,18/01/2026,07:14:54,17_T02,39.121501570,10.180315677,0.1,981.35,290.66,-5.160,77.2,38.61,13.60,979.02,4336688.43,1781501.62
00:14:02.294,18/01/2026,07:14:55,17_T02,39.121501452,10.180315996,0.1,981.76,290.63,-5.140,77.2,38.60,13.58,980.40,4336688.46,1781501.61
00:14:03.294,18/01/2026,07:14:56,17_T02,39.121500705,10.180316295,0.1,981.94,290.45,-5.150,77.2,38.60,13.58,980.40,4336688.49,1781501.52
00:14:04.294,18/01/2026,07:14:57,17_T02,39.121500578,10.180316556,0.1,982.37,290.48,-5.135,77.2,38.61,13.59,980.99,4336688.51,1781501.51
00:14:05.294,18/01/2026,07:14:58,17_T02,39.121500825,10.180316912,0.1,983.18,290.60,-5.096,77.2,38.61,13.59,980.99,4336688.54,1781501.54
00:14:06.295,18/01/2026,07:14:59,17_T02,39.121500951,10.180317425,0.1,983.98,290.76,-5.049,77.2,38.60,13.59,982.39,4336688.59,1781501.55
00:14:07.295,18/01/2026,07:15:00,17_T02,39.121500745,10.180317716,0.1,984.38,290.74,-5.035,77.2,38.60,13.59,982.39,4336688.61,1781501.53
00:14:08.298,18/01/2026,07:15:01,17_T02,39.121499991,10.180318474,0.1,984.53,290.50,-5.009,77.2,38.61,13.59,983.39,4336688.68,1781501.45
00:14:09.297,18/01/2026,07:15:02,17_T02,39.121499842,10.180318824,0.1,984.90,290.36,-4.988,77.2,38.61,13.59,983.39,4336688.71,1781501.43
00:14:10.295,18/01/2026,07:15:03,17_T02,39.121500053,10.180319026,0.1,985.63,290.38,-4.963,77.2,38.61,13.60,984.09,4336688.73,1781501.45
00:14:11.295,18/01/2026,07:15:04,17_T02,39.121500088,10.180319484,0.1,986.43,290.31,-4.925,77.2,38.61,13.60,984.09,4336688.77,1781501.46
00:14:12.296,18/01/2026,07:15:05,17_T02,39.121499862,10.180320090,0.1,986.98,290.14,-4.887,77.2,38.60,13.58,985.61,4336688.82,1781501.43
00:14:13.296,18/01/2026,07:15:06,17_T02,39.121498776,10.180320488,0.1,987.34,289.78,-4.904,77.2,38.60,13.58,985.61,4336688.85,1781501.31
00:14:14.293,18/01/2026,07:15:07,17_T02,39.121498212,10.180320556,0.1,987.71,289.46,-4.924,77.2,38.61,13.59,986.45,4336688.86,1781501.25
00:14:15.300,18/01/2026,07:15:08,17_T02,39.121498170,10.180320607,0.1,988.18,289.26,-4.922,77.2,38.61,13.59,986.45,4336688.86,1781501.25
00:14:16.296,18/01/2026,07:15:09,17_T02,39.121498191,10.180320729,0.1,988.71,289.08,-4.911,77.2,38.60,13.59,987.38,4336688.88,1781501.25
00:14:17.296,18/01/2026,07:15:10,17_T02,39.121498006,10.180320984,0.1,989.26,288.72,-4.899,77.2,38.60,13.59,987.38,4336688.90,1781501.23
00:14:18.296,18/01/2026,07:15:11,17_T02,39.121497729,10.180321342,0.1,989.83,288.36,-4.883,77.2,38.60,13.58,988.49,4336688.93,1781501.20
00:14:19.295,18/01/2026,07:15:12,17_T02,39.121497293,10.180321966,0.1,990.39,288.11,-4.854,77.2,38.60,13.58,988.49,4336688.98,1781501.15
00:14:20.294,18/01/2026,07:15:13,17_T02,39.121497064,10.180322363,0.1,990.88,288.04,-4.832,77.2,38.60,13.58,989.60,4336689.02,1781501.12
00:14:21.293,18/01/2026,07:15:14,17_T02,39.121496961,10.180322454,0.1,991.23,288.03,-4.830,77.2,38.60,13.58,989.60,4336689.03,1781501.11
00:14:22.295,18/01/2026,07:15:15,17_T02,39.121496870,10.180322485,0.1,991.54,287.99,-4.831,77.2,38.60,13.59,990.36,4336689.03,1781501.10
00:14:23.294,18/01/2026,07:15:16,17_T02,39.121497116,10.180322809,0.1,992.12,288.14,-4.795,77.2,38.60,13.59,990.36,4336689.06,1781501.13
00:14:24.295,18/01/2026,07:15:17,17_T02,39.121497350,10.180324452,0.1,993.00,288.11,-4.654,77.2,38.60,13.59,991.58,4336689.20,1781501.16
00:14:25.296,18/01/2026,07:15:18,17_T02,39.121497374,10.180325952,0.1,993.78,288.23,-4.533,77.2,38.60,13.59,991.58,4336689.33,1781501.16
00:14:26.295,18/01/2026,07:15:19,17_T02,39.121497097,10.180326410,0.1,994.10,288.22,-4.509,77.2,38.61,13.58,992.96,4336689.37,1781501.13
00:14:27.293,18/01/2026,07:15:20,17_T02,39.121496819,10.180326359,0.1,994.12,288.02,-4.526,77.2,38.61,13.58,992.96,4336689.37,1781501.10
00:14:28.297,18/01/2026,07:15:21,17_T02,39.121496808,10.180326194,0.1,994.30,287.73,-4.540,77.2,38.60,13.59,993.17,4336689.35,1781501.10
00:14:29.296,18/01/2026,07:15:22,17_T02,39.121497597,10.180325915,0.1,995.01,287.67,-4.526,77.2,38.60,13.59,993.17,4336689.33,1781501.18
00:14:30.294,18/01/2026,07:15:23,17_T02,39.121498310,10.180326223,0.1,996.03,287.82,-4.470,77.2,38.60,13.59,994.64,4336689.35,1781501.26
00:14:31.297,18/01/2026,07:15:24,17_T02,39.121498443,10.180326930,0.1,996.90,288.11,-4.407,77.2,38.60,13.59,994.64,4336689.41,1781501.28
00:14:32.293,18/01/2026,07:15:25,17_T02,39.121498085,10.180327614,0.1,997.31,288.07,-4.369,77.2,38.60,13.59,994.64,4336689.47,1781501.24
00:14:33.293,18/01/2026,07:15:26,17_T02,39.121497801,10.180327532,0.1,997.34,287.98,-4.389,77.2,38.61,13.59,996.14,4336689.47,1781501.21
00:14:34.293,18/01/2026,07:15:27,17_T02,39.121497849,10.180327304,0.1,997.38,287.79,-4.405,77.2,38.61,13.59,996.14,4336689.45,1781501.21
00:14:35.293,18/01/2026,07:15:28,17_T02,39.121497006,10.180325981,0.1,997.87,287.78,-4.548,77.2,38.60,13.59,996.34,4336689.33,1781501.12
00:14:36.293,18/01/2026,07:15:29,17_T02,39.121496905,10.180325598,0.1,998.88,287.96,-4.583,77.2,38.60,13.59,996.34,4336689.30,1781501.11
00:14:37.295,18/01/2026,07:15:30,17_T02,39.121497319,10.180326485,0.1,999.93,288.39,-4.493,77.2,38.60,13.59,997.57,4336689.38,1781501.15
00:14:38.294,18/01/2026,07:15:31,17_T02,39.121497170,10.180327344,0.1,1000.51,288.85,-4.432,77.2,38.60,13.59,997.57,4336689.45,1781501.14
00:14:39.294,18/01/2026,07:15:32,17_T02,39.121496671,10.180327388,0.1,1000.53,288.83,-4.451,77.2,38.61,13.59,999.35,4336689.45,1781501.08
00:14:40.293,18/01/2026,07:15:33,17_T02,39.121496014,10.180327482,0.1,1000.43,288.56,-4.473,77.2,38.61,13.59,999.35,4336689.46,1781501.01
00:14:41.295,18/01/2026,07:15:34,17_T02,39.121496060,10.180327489,0.1,1000.77,288.36,-4.471,77.2,38.60,13.59,999.42,4336689.46,1781501.01
00:14:42.304,18/01/2026,07:15:35,17_T02,39.121496531,10.180327543,0.1,1001.75,288.32,-4.445,77.2,38.60,13.59,999.42,4336689.47,1781501.07
00:14:43.294,18/01/2026,07:15:36,17_T02,39.121497186,10.180328352,0.1,1002.90,288.89,-4.351,77.2,38.61,13.59,1000.57,4336689.54,1781501.14
00:14:44.293,18/01/2026,07:15:37,17_T02,39.121497281,10.180329406,0.1,1003.61,289.59,-4.263,77.2,38.61,13.59,1000.57,4336689.63,1781501.15
00:14:45.293,18/01/2026,07:15:38,17_T02,39.121495537,10.180328178,0.1,1003.75,289.81,-4.439,77.2,38.60,13.59,1002.44,4336689.52,1781500.96
00:14:46.304,18/01/2026,07:15:39,17_T02,39.121494851,10.180327159,0.1,1003.68,289.81,-4.551,77.2,38.60,13.59,1002.44,4336689.44,1781500.88
00:14:47.291,18/01/2026,07:15:40,17_T02,39.121495268,10.180326810,0.1,1003.87,289.70,-4.560,77.2,38.60,13.59,1002.67,4336689.40,1781500.93
00:14:48.294,18/01/2026,07:15:41,17_T02,39.121495874,10.180326774,0.1,1004.60,289.84,-4.536,77.2,38.60,13.59,1002.67,4336689.40,1781500.99
00:14:49.296,18/01/2026,07:15:42,17_T02,39.121496620,10.180327307,0.1,1005.67,290.31,-4.460,77.2,38.61,13.59,1003.52,4336689.45,1781501.08
00:14:50.293,18/01/2026,07:15:43,17_T02,39.121496439,10.180326901,0.1,1006.62,290.94,-4.500,77.2,38.61,13.59,1003.52,4336689.41,1781501.06
00:14:51.295,18/01/2026,07:15:44,17_T02,39.121495718,10.180326668,0.1,1007.02,291.12,-4.551,77.2,38.60,13.59,1005.50,4336689.39,1781500.98
00:14:52.295,18/01/2026,07:15:45,17_T02,39.121495372,10.180326459,0.1,1006.93,291.04,-4.583,77.2,38.60,13.59,1005.50,4336689.37,1781500.94
00:14:53.294,18/01/2026,07:15:46,17_T02,39.121495452,10.180326010,0.1,1006.81,290.75,-4.615,77.2,38.60,13.59,1005.89,4336689.34,1781500.95
00:14:54.290,18/01/2026,07:15:47,17_T02,39.121496031,10.180325787,0.1,1007.27,290.82,-4.607,77.2,38.60,13.59,1005.89,4336689.32,1781501.01
00:14:55.292,18/01/2026,07:15:48,17_T02,39.121496705,10.180326030,0.1,1008.34,291.06,-4.557,77.2,38.60,13.59,1006.28,4336689.34,1781501.08
00:14:56.293,18/01/2026,07:15:49,17_T02,39.121497700,10.180329081,0.1,1009.60,291.75,-4.270,77.2,38.60,13.59,1006.28,4336689.60,1781501.20
00:14:57.293,18/01/2026,07:15:50,17_T02,39.121497670,10.180331074,0.1,1010.29,292.29,-4.113,77.2,38.60,13.59,1008.58,4336689.78,1781501.19
00:14:58.292,18/01/2026,07:15:51,17_T02,39.121497035,10.180330873,0.2,1010.22,292.22,-4.158,77.2,38.60,13.59,1008.58,4336689.76,1781501.12
00:14:59.293,18/01/2026,07:15:52,17_T02,39.121497074,10.180330395,0.2,1009.96,291.99,-4.194,77.2,38.60,13.59,1009.15,4336689.72,1781501.13
00:15:00.293,18/01/2026,07:15:53,17_T02,39.121497883,10.180330191,0.1,1010.29,292.44,-4.174,77.2,38.60,13.59,1009.15,4336689.70,1781501.22
00:15:01.294,18/01/2026,07:15:54,17_T02,39.121498384,10.180328847,0.1,1011.25,292.98,-4.258,77.2,38.60,13.59,1009.37,4336689.58,1781501.27
00:15:02.293,18/01/2026,07:15:55,17_T02,39.121499000,10.180329012,0.2,1012.47,293.95,-4.217,77.2,38.60,13.59,1009.37,4336689.60,1781501.34
00:15:03.293,18/01/2026,07:15:56,17_T02,39.121499194,10.180329996,0.2,1013.23,294.84,-4.130,77.2,38.60,13.59,1011.58,4336689.68,1781501.36
00:15:04.293,18/01/2026,07:15:57,17_T02,39.121498816,10.180329951,0.2,1013.28,294.97,-4.151,77.2,38.60,13.59,1011.58,4336689.68,1781501.32
00:15:05.295,18/01/2026,07:15:58,17_T02,39.121498978,10.180329544,0.2,1013.13,295.15,-4.176,77.2,38.60,13.59,1012.19,4336689.64,1781501.34
00:15:06.293,18/01/2026,07:15:59,17_T02,39.121499534,10.180329016,0.1,1013.41,295.55,-4.193,77.2,38.60,13.59,1012.19,4336689.60,1781501.40
00:15:07.294,18/01/2026,07:16:00,17_T02,39.121500146,10.180328987,0.1,1014.30,295.98,-4.167,77.2,38.60,13.59,1012.55,4336689.59,1781501.47
00:15:08.294,18/01/2026,07:16:01,17_T02,39.121500756,10.180329750,0.1,1015.42,296.66,-4.079,77.2,38.60,13.59,1012.55,4336689.66,1781501.53
00:15:09.294,18/01/2026,07:16:02,17_T02,39.121500886,10.180330679,0.1,1016.25,297.34,-4.000,77.2,38.60,13.59,1014.61,4336689.74,1781501.55
00:15:10.292,18/01/2026,07:16:03,17_T02,39.121500454,10.180330615,0.1,1016.47,297.46,-4.024,77.2,38.60,13.59,1014.61,4336689.73,1781501.50
00:15:11.293,18/01/2026,07:16:04,17_T02,39.121500488,10.180330240,0.1,1016.30,297.70,-4.052,77.2,38.60,13.60,1015.37,4336689.70,1781501.50
00:15:12.296,18/01/2026,07:16:05,17_T02,39.121500278,10.180329748,0.1,1016.36,298.12,-4.101,77.2,38.60,13.60,1015.37,4336689.66,1781501.48
00:15:13.294,18/01/2026,07:16:06,17_T02,39.121500604,10.180329699,0.1,1017.06,298.66,-4.090,77.2,38.60,13.59,1015.46,4336689.66,1781501.52
00:15:14.293,18/01/2026,07:16:07,17_T02,39.121501200,10.180330270,0.1,1018.20,299.15,-4.018,77.2,38.60,13.59,1015.46,4336689.70,1781501.58
00:15:15.293,18/01/2026,07:16:08,17_T02,39.121501371,10.180331269,0.1,1019.21,299.75,-3.931,77.2,38.60,13.59,1017.56,4336689.79,1781501.60
00:15:16.295,18/01/2026,07:16:09,17_T02,39.121500833,10.180331528,0.1,1019.63,299.90,-3.934,77.2,38.60,13.59,1017.56,4336689.81,1781501.54
00:15:17.292,18/01/2026,07:16:10,17_T02,39.121499512,10.180331288,0.1,1019.63,299.95,-4.013,77.2,38.61,13.59,1018.57,4336689.79,1781501.40
00:15:18.294,18/01/2026,07:16:11,17_T02,39.121499198,10.180330874,0.1,1019.67,299.92,-4.060,77.2,38.61,13.59,1018.57,4336689.76,1781501.36
00:15:19.295,18/01/2026,07:16:12,17_T02,39.121499858,10.180330713,0.1,1020.13,300.12,-4.043,77.2,38.60,13.59,1018.77,4336689.74,1781501.43
00:15:20.293,18/01/2026,07:16:13,17_T02,39.121500380,10.180330811,0.1,1020.97,300.30,-4.012,77.2,38.60,13.59,1018.77,4336689.75,1781501.49
00:15:21.295,18/01/2026,07:16:14,17_T02,39.121500593,10.180331278,0.1,1021.88,300.69,-3.965,77.2,38.60,13.59,1020.34,4336689.79,1781501.52
00:15:22.293,18/01/2026,07:16:15,17_T02,39.121500247,10.180331748,0.1,1022.48,300.87,-3.943,77.2,38.60,13.59,1020.34,4336689.83,1781501.48
00:15:23.292,18/01/2026,07:16:16,17_T02,39.121498873,10.180331663,0.1,1022.76,300.63,-4.012,77.2,38.61,13.59,1021.56,4336689.83,1781501.33
00:15:24.292,18/01/2026,07:16:17,17_T02,39.121498400,10.180331362,0.1,1023.01,300.59,-4.057,77.2,38.61,13.59,1021.56,4336689.80,1781501.27
00:15:25.292,18/01/2026,07:16:18,17_T02,39.121498702,10.180331097,0.1,1023.43,300.68,-4.065,77.2,38.60,13.60,1022.16,4336689.78,1781501.31
00:15:26.293,18/01/2026,07:16:19,17_T02,39.121499046,10.180331010,0.1,1024.01,300.86,-4.056,77.2,38.60,13.60,1022.16,4336689.77,1781501.34
00:15:27.293,18/01/2026,07:16:20,17_T02,39.121499148,10.180331041,0.1,1024.63,300.89,-4.049,77.2,38.60,13.59,1023.28,4336689.77,1781501.36
00:15:28.294,18/01/2026,07:16:21,17_T02,39.121498484,10.180331366,0.1,1025.25,300.76,-4.053,77.2,38.60,13.59,1023.28,4336689.80,1781501.28
00:15:29.292,18/01/2026,07:16:22,17_T02,39.121497921,10.180331561,0.1,1025.84,300.55,-4.063,77.2,38.60,13.59,1024.54,4336689.82,1781501.22
00:15:30.292,18/01/2026,07:16:23,17_T02,39.121497641,10.180331547,0.1,1026.33,300.37,-4.077,77.2,38.60,13.59,1024.54,4336689.82,1781501.19
00:15:31.292,18/01/2026,07:16:24,17_T02,39.121497454,10.180331240,0.1,1026.70,300.16,-4.110,77.2,38.60,13.59,1025.50,4336689.79,1781501.17
00:15:32.292,18/01/2026,07:16:25,17_T02,39.121497297,10.180330820,0.1,1027.02,299.87,-4.150,77.2,38.60,13.59,1025.50,4336689.75,1781501.15
00:15:33.293,18/01/2026,07:16:26,17_T02,39.121497127,10.180330480,0.1,1027.44,299.48,-4.185,77.2,38.60,13.59,1025.50,4336689.72,1781501.13
00:15:34.294,18/01/2026,07:16:27,17_T02,39.121497129,10.180330980,0.1,1028.02,299.13,-4.145,77.2,38.60,13.60,1026.22,4336689.77,1781501.13
00:15:35.293,18/01/2026,07:16:28,17_T02,39.121496970,10.180331398,0.1,1028.73,298.86,-4.119,77.2,38.60,13.60,1026.22,4336689.80,1781501.12
00:15:36.292,18/01/2026,07:16:29,17_T02,39.121496731,10.180331743,0.1,1029.43,298.83,-4.102,77.2,38.60,13.59,1027.45,4336689.83,1781501.09
00:15:37.291,18/01/2026,07:16:30,17_T02,39.121496499,10.180331976,0.1,1029.94,298.88,-4.094,77.2,38.60,13.59,1027.45,4336689.85,1781501.06
00:15:38.292,18/01/2026,07:16:31,17_T02,39.121496334,10.180331853,0.1,1030.25,298.90,-4.112,77.2,38.60,13.59,1028.73,4336689.84,1781501.05
00:15:39.292,18/01/2026,07:16:32,17_T02,39.121496837,10.180332197,0.1,1030.51,298.84,-4.062,77.2,38.60,13.59,1028.73,4336689.87,1781501.10
00:15:40.291,18/01/2026,07:16:33,17_T02,39.121497202,10.180332318,0.1,1030.91,298.83,-4.036,77.2,38.61,13.60,1029.38,4336689.88,1781501.14
00:15:41.292,18/01/2026,07:16:34,17_T02,39.121497380,10.180332388,0.1,1031.49,298.99,-4.022,77.2,38.61,13.60,1029.38,4336689.89,1781501.16
00:15:42.292,18/01/2026,07:16:35,17_T02,39.121497481,10.180332719,0.1,1032.19,299.24,-3.991,77.2,38.59,13.60,1030.31,4336689.92,1781501.17
00:15:43.293,18/01/2026,07:16:36,17_T02,39.121497513,10.180333347,0.1,1032.89,299.72,-3.940,77.2,38.59,13.60,1030.31,4336689.97,1781501.18
00:15:44.291,18/01/2026,07:16:37,17_T02,39.121497504,10.180333930,0.1,1033.44,300.24,-3.894,77.2,38.60,13.59,1031.71,4336690.02,1781501.17
00:15:45.295,18/01/2026,07:16:38,17_T02,39.121495978,10.180332500,0.1,1033.75,300.56,-4.076,77.2,38.60,13.59,1031.71,4336689.90,1781501.01
00:15:46.291,18/01/2026,07:16:39,17_T02,39.121495167,10.180331427,0.1,1034.02,300.63,-4.198,77.2,38.61,13.59,1032.64,4336689.81,1781500.92
00:15:47.291,18/01/2026,07:16:40,17_T02,39.121495444,10.180331466,0.1,1034.52,300.85,-4.183,77.2,38.61,13.59,1032.64,4336689.81,1781500.95
00:15:48.291,18/01/2026,07:16:41,17_T02,39.121495596,10.180331650,0.1,1035.24,300.97,-4.161,77.2,38.60,13.61,1033.39,4336689.83,1781500.96
00:15:49.302,18/01/2026,07:16:42,17_T02,39.121495450,10.180332015,0.1,1035.86,300.99,-4.139,77.2,38.60,13.61,1033.39,4336689.86,1781500.95
00:15:50.291,18/01/2026,07:16:43,17_T02,39.121495146,10.180331941,0.1,1036.22,300.96,-4.158,77.2,38.60,13.59,1034.72,4336689.85,1781500.91
00:15:51.290,18/01/2026,07:16:44,17_T02,39.121494986,10.180331718,0.1,1036.54,301.03,-4.183,77.2,38.60,13.59,1034.72,4336689.83,1781500.90
00:15:52.294,18/01/2026,07:16:45,17_T02,39.121495281,10.180331945,0.1,1037.13,301.44,-4.152,77.2,38.61,13.60,1035.46,4336689.85,1781500.93
00:15:53.292,18/01/2026,07:16:46,17_T02,39.121495539,10.180332290,0.1,1037.89,301.85,-4.113,77.2,38.61,13.60,1035.46,4336689.88,1781500.96
00:15:54.292,18/01/2026,07:16:47,17_T02,39.121495578,10.180332641,0.1,1038.48,302.15,-4.083,77.2,38.60,13.59,1036.81,4336689.91,1781500.96
00:15:55.291,18/01/2026,07:16:48,17_T02,39.121496668,10.180334364,0.1,1038.75,302.21,-3.897,77.2,38.60,13.59,1036.81,4336690.06,1781501.08
00:15:56.292,18/01/2026,07:16:49,17_T02,39.121497258,10.180335182,0.2,1038.93,302.13,-3.806,77.2,38.61,13.60,1037.66,4336690.13,1781501.15
00:15:57.291,18/01/2026,07:16:50,17_T02,39.121497465,10.180335254,0.2,1039.40,302.20,-3.791,77.2,38.61,13.60,1037.66,4336690.14,1781501.17
00:15:58.298,18/01/2026,07:16:51,17_T02,39.121497711,10.180335553,0.2,1040.20,302.30,-3.756,77.2,38.60,13.61,1038.37,4336690.17,1781501.20
00:15:59.291,18/01/2026,07:16:52,17_T02,39.121497709,10.180336091,0.2,1041.01,302.48,-3.713,77.2,38.60,13.61,1038.37,4336690.21,1781501.20
00:16:00.290,18/01/2026,07:16:53,17_T02,39.121497354,10.180336515,0.2,1041.49,302.47,-3.695,77.2,38.60,13.59,1039.97,4336690.25,1781501.16
00:16:01.291,18/01/2026,07:16:54,17_T02,39.121495735,10.180335554,0.2,1041.69,302.11,-3.845,77.2,38.60,13.59,1039.97,4336690.17,1781500.98
00:16:02.298,18/01/2026,07:16:55,17_T02,39.121495091,10.180334941,0.2,1042.00,301.86,-3.922,77.2,38.61,13.60,1040.65,4336690.11,1781500.91
00:16:03.294,18/01/2026,07:16:56,17_T02,39.121495366,10.180335079,0.2,1042.63,301.95,-3.899,77.2,38.61,13.60,1040.65,4336690.12,1781500.94
00:16:04.299,18/01/2026,07:16:57,17_T02,39.121495442,10.180335296,0.2,1043.36,302.00,-3.878,77.2,38.58,13.61,1041.69,4336690.14,1781500.95
00:16:05.304,18/01/2026,07:16:58,17_T02,39.121495237,10.180335561,0.1,1043.83,301.89,-3.867,77.2,38.58,13.61,1041.69,4336690.17,1781500.92
00:16:06.298,18/01/2026,07:16:59,17_T02,39.121494263,10.180334843,0.1,1044.11,301.64,-3.968,77.2,38.61,13.60,1042.77,4336690.10,1781500.82
00:16:07.305,18/01/2026,07:17:00,17_T02,39.121493916,10.180334514,0.2,1044.58,301.54,-4.009,77.2,38.61,13.60,1042.77,4336690.08,1781500.78
00:16:08.298,18/01/2026,07:17:01,17_T02,39.121494031,10.180334788,0.2,1045.34,301.59,-3.982,77.2,38.60,13.61,1043.67,4336690.10,1781500.79
00:16:09.295,18/01/2026,07:17:02,17_T02,39.121494012,10.180335132,0.2,1046.05,301.68,-3.956,77.2,38.60,13.61,1043.67,4336690.13,1781500.79
00:16:10.304,18/01/2026,07:17:03,17_T02,39.121493715,10.180335163,0.1,1046.36,301.51,-3.967,77.2,38.60,13.59,1045.06,4336690.13,1781500.76
00:16:11.298,18/01/2026,07:17:04,17_T02,39.121493385,10.180334883,0.1,1046.50,301.23,-4.004,77.2,38.60,13.59,1045.06,4336690.11,1781500.72
00:16:12.291,18/01/2026,07:17:05,17_T02,39.121491898,10.180331325,0.1,1046.94,301.14,-4.354,77.2,38.60,13.60,1045.53,4336689.80,1781500.56
00:16:13.290,18/01/2026,07:17:06,17_T02,39.121491145,10.180329575,0.2,1047.77,301.05,-4.527,77.2,38.60,13.60,1045.53,4336689.65,1781500.47
00:16:14.302,18/01/2026,07:17:07,17_T02,39.121491033,10.180329922,0.2,1048.60,301.01,-4.504,77.2,38.60,13.60,1047.00,4336689.68,1781500.46
00:16:15.295,18/01/2026,07:17:08,17_T02,39.121490613,10.180330113,0.2,1049.04,300.82,-4.508,77.2,38.60,13.60,1047.00,4336689.69,1781500.41
00:16:16.292,18/01/2026,07:17:09,17_T02,39.121490100,10.180329812,0.1,1049.22,300.47,-4.555,77.2,38.61,13.60,1048.01,4336689.67,1781500.36
00:16:17.300,18/01/2026,07:17:10,17_T02,39.121490497,10.180330282,0.1,1049.48,300.10,-4.500,77.2,38.61,13.60,1048.01,4336689.71,1781500.40
00:16:18.297,18/01/2026,07:17:11,17_T02,39.121490932,10.180330624,0.1,1050.05,299.96,-4.453,77.2,38.61,13.61,1048.61,4336689.74,1781500.45
00:16:19.293,18/01/2026,07:17:12,17_T02,39.121490954,10.180330619,0.1,1050.79,299.75,-4.452,77.2,38.61,13.61,1048.61,4336689.74,1781500.45
00:16:20.301,18/01/2026,07:17:13,17_T02,39.121490711,10.180330876,0.1,1051.41,299.55,-4.443,77.2,38.60,13.59,1049.97,4336689.76,1781500.42
00:16:21.298,18/01/2026,07:17:14,17_T02,39.121490213,10.180330987,0.1,1051.82,299.28,-4.457,77.2,38.60,13.59,1049.97,4336689.77,1781500.37
00:16:22.296,18/01/2026,07:17:15,17_T02,39.121489815,10.180330873,0.1,1052.20,299.00,-4.484,77.2,38.61,13.60,1050.89,4336689.76,1781500.33
00:16:23.291,18/01/2026,07:17:16,17_T02,39.121488905,10.180329845,0.1,1052.79,298.93,-4.606,77.2,38.61,13.60,1050.89,4336689.67,1781500.23
00:16:24.303,18/01/2026,07:17:17,17_T02,39.121488380,10.180329292,0.1,1053.47,298.97,-4.674,77.2,38.60,13.60,1052.08,4336689.62,1781500.17
00:16:25.296,18/01/2026,07:17:18,17_T02,39.121488289,10.180329365,0.1,1053.97,298.98,-4.672,77.2,38.60,13.60,1052.08,4336689.63,1781500.16
00:16:26.293,18/01/2026,07:17:19,17_T02,39.121488016,10.180329228,0.1,1054.24,298.85,-4.695,77.2,38.60,13.60,1053.03,4336689.62,1781500.13
00:16:27.303,18/01/2026,07:17:20,17_T02,39.121487807,10.180329018,0.1,1054.53,298.71,-4.721,77.2,38.60,13.60,1053.03,4336689.60,1781500.10
00:16:28.303,18/01/2026,07:17:21,17_T02,39.121489504,10.180330602,0.1,1055.09,298.76,-4.519,77.2,38.60,13.62,1053.74,4336689.74,1781500.29
00:16:29.298,18/01/2026,07:17:22,17_T02,39.121490349,10.180331563,0.1,1055.89,298.86,-4.405,77.2,38.60,13.62,1053.74,4336689.82,1781500.38
00:16:30.291,18/01/2026,07:17:23,17_T02,39.121490251,10.180331979,0.1,1056.59,298.94,-4.376,77.2,38.60,13.59,1055.25,4336689.86,1781500.37
00:16:31.302,18/01/2026,07:17:24,17_T02,39.121489951,10.180332114,0.1,1057.01,298.83,-4.379,77.2,38.60,13.59,1055.25,4336689.87,1781500.34
00:16:32.299,18/01/2026,07:17:25,17_T02,39.121489650,10.180331880,0.1,1057.22,298.60,-4.411,77.2,38.60,13.59,1055.25,4336689.85,1781500.31
00:16:33.294,18/01/2026,07:17:26,17_T02,39.121489586,10.180331580,0.1,1057.46,298.40,-4.438,77.2,38.61,13.61,1056.07,4336689.82,1781500.30
00:16:34.290,18/01/2026,07:17:27,17_T02,39.121488892,10.180331541,0.1,1057.95,298.42,-4.472,77.2,38.61,13.61,1056.07,4336689.82,1781500.22
00:16:35.302,18/01/2026,07:17:28,17_T02,39.121488697,10.180331750,0.1,1058.75,298.48,-4.464,77.2,38.61,13.62,1056.69,4336689.84,1781500.20
00:16:36.299,18/01/2026,07:17:29,17_T02,39.121488683,10.180332277,0.1,1059.63,298.57,-4.423,77.2,38.61,13.62,1056.69,4336689.88,1781500.20
00:16:37.291,18/01/2026,07:17:30,17_T02,39.121488402,10.180332775,0.1,1060.28,298.66,-4.396,77.2,38.60,13.60,1058.31,4336689.93,1781500.17
00:16:38.305,18/01/2026,07:17:31,17_T02,39.121487835,10.180332605,0.1,1060.54,298.50,-4.435,77.2,38.60,13.60,1058.31,4336689.91,1781500.11
00:16:39.300,18/01/2026,07:17:32,17_T02,39.121486289,10.180333308,0.1,1060.56,298.43,-4.449,77.2,38.61,13.60,1059.39,4336689.97,1781499.94
00:16:40.300,18/01/2026,07:17:33,17_T02,39.121485738,10.180333581,0.1,1060.75,298.31,-4.452,77.2,38.61,13.60,1059.39,4336690.00,1781499.88
00:16:41.296,18/01/2026,07:17:34,17_T02,39.121486072,10.180333584,0.1,1061.43,298.33,-4.437,77.2,38.60,13.60,1059.60,4336690.00,1781499.91
00:16:42.294,18/01/2026,07:17:35,17_T02,39.121486354,10.180333935,0.1,1062.40,298.53,-4.396,77.2,38.60,13.60,1059.60,4336690.03,1781499.94
00:16:43.304,18/01/2026,07:17:36,17_T02,39.121486231,10.180334655,0.1,1063.22,298.87,-4.345,77.2,38.60,13.60,1061.16,4336690.09,1781499.93
00:16:44.297,18/01/2026,07:17:37,17_T02,39.121485749,10.180334862,0.1,1063.63,298.99,-4.350,77.2,38.60,13.60,1061.16,4336690.11,1781499.88
00:16:45.292,18/01/2026,07:17:38,17_T02,39.121485585,10.180334870,0.1,1063.78,299.05,-4.357,77.2,38.61,13.60,1062.47,4336690.11,1781499.86
00:16:46.290,18/01/2026,07:17:39,17_T02,39.121485801,10.180334735,0.1,1064.07,299.17,-4.358,77.2,38.61,13.60,1062.47,4336690.10,1781499.88
00:16:47.296,18/01/2026,07:17:40,17_T02,39.121486199,10.180334714,0.1,1064.66,299.42,-4.342,77.2,38.60,13.61,1062.96,4336690.09,1781499.93
00:16:48.302,18/01/2026,07:17:41,17_T02,39.121486319,10.180334752,0.1,1065.34,299.51,-4.333,77.2,38.60,13.61,1062.96,4336690.10,1781499.94
00:16:49.295,18/01/2026,07:17:42,17_T02,39.121486149,10.180334918,0.1,1065.86,299.42,-4.328,77.2,38.60,13.60,1064.20,4336690.11,1781499.92
00:16:50.301,18/01/2026,07:17:43,17_T02,39.121485795,10.180335039,0.1,1066.32,299.26,-4.334,77.2,38.60,13.60,1064.20,4336690.12,1781499.88
00:16:51.296,18/01/2026,07:17:44,17_T02,39.121485910,10.180335196,0.1,1066.89,299.27,-4.316,77.2,38.60,13.60,1065.22,4336690.14,1781499.90
00:16:52.293,18/01/2026,07:17:45,17_T02,39.121486035,10.180335372,0.1,1067.56,299.37,-4.297,77.2,38.60,13.60,1065.22,4336690.15,1781499.91
00:16:53.303,18/01/2026,07:17:46,17_T02,39.121486020,10.180335472,0.1,1068.13,299.44,-4.289,77.2,38.60,13.60,1066.51,4336690.16,1781499.91
00:16:54.296,18/01/2026,07:17:47,17_T02,39.121485809,10.180335288,0.1,1068.39,299.30,-4.314,77.2,38.60,13.60,1066.51,4336690.14,1781499.88
00:16:55.290,18/01/2026,07:17:48,17_T02,39.121485535,10.180334988,0.1,1068.51,298.95,-4.350,77.2,38.60,13.60,1067.30,4336690.12,1781499.85
00:16:56.302,18/01/2026,07:17:49,17_T02,39.121485669,10.180334603,0.1,1068.92,298.72,-4.374,77.2,38.60,13.60,1067.30,4336690.09,1781499.87
00:16:57.294,18/01/2026,07:17:50,17_T02,39.121485863,10.180334574,0.1,1069.79,298.64,-4.368,77.2,38.61,13.61,1067.91,4336690.08,1781499.89
00:16:58.301,18/01/2026,07:17:51,17_T02,39.121485882,10.180335158,0.1,1070.74,298.82,-4.321,77.2,38.61,13.61,1067.91,4336690.13,1781499.89
00:16:59.296,18/01/2026,07:17:52,17_T02,39.121485498,10.180335665,0.1,1071.28,298.87,-4.298,77.2,38.60,13.60,1069.72,4336690.18,1781499.85
00:17:00.292,18/01/2026,07:17:53,17_T02,39.121485042,10.180335430,0.1,1071.34,298.68,-4.337,77.2,38.60,13.60,1069.72,4336690.16,1781499.80
00:17:01.301,18/01/2026,07:17:54,17_T02,39.121484892,10.180334900,0.1,1071.41,298.23,-4.386,77.2,38.60,13.61,1070.28,4336690.11,1781499.78
00:17:02.296,18/01/2026,07:17:55,17_T02,39.121484455,10.180335575,0.1,1071.95,297.92,-4.352,77.2,38.60,13.61,1070.28,4336690.17,1781499.74
00:17:03.292,18/01/2026,07:17:56,17_T02,39.121484320,10.180336098,0.1,1072.87,297.74,-4.316,77.2,38.61,13.62,1071.03,4336690.22,1781499.72
00:17:04.298,18/01/2026,07:17:57,17_T02,39.121484231,10.180336552,0.1,1073.70,297.81,-4.284,77.2,38.61,13.62,1071.03,4336690.26,1781499.71
00:17:05.296,18/01/2026,07:17:58,17_T02,39.121483652,10.180336675,0.1,1074.13,297.62,-4.301,77.2,38.60,13.60,1072.71,4336690.27,1781499.65
00:17:06.302,18/01/2026,07:17:59,17_T02,39.121483118,10.180336320,0.1,1074.31,297.30,-4.353,77.2,38.60,13.60,1072.71,4336690.24,1781499.59
00:17:07.297,18/01/2026,07:18:00,17_T02,39.121483021,10.180335921,0.1,1074.59,297.08,-4.389,77.2,38.60,13.61,1073.32,4336690.20,1781499.58
00:17:08.293,18/01/2026,07:18:01,17_T02,39.121483392,10.180337966,0.1,1075.18,297.14,-4.210,77.2,38.60,13.61,1073.32,4336690.38,1781499.62
00:17:09.293,18/01/2026,07:18:02,17_T02,39.121483586,10.180339186,0.1,1076.03,297.16,-4.104,77.2,38.58,13.62,1074.37,4336690.48,1781499.64
00:17:10.304,18/01/2026,07:18:03,17_T02,39.121483467,10.180339692,0.1,1076.78,297.26,-4.070,77.2,38.58,13.62,1074.37,4336690.53,1781499.63
00:17:11.297,18/01/2026,07:18:04,17_T02,39.121483018,10.180339888,0.1,1077.13,297.14,-4.074,77.2,38.60,13.60,1075.83,4336690.55,1781499.58
00:17:12.296,18/01/2026,07:18:05,17_T02,39.121482672,10.180339565,0.1,1077.18,296.85,-4.115,77.2,38.60,13.60,1075.83,4336690.52,1781499.54
00:17:13.290,18/01/2026,07:18:06,17_T02,39.121481713,10.180339248,0.1,1077.36,296.57,-4.184,77.2,38.60,13.60,1076.17,4336690.49,1781499.43
00:17:14.301,18/01/2026,07:18:07,17_T02,39.121481522,10.180339222,0.1,1078.03,296.50,-4.195,77.2,38.60,13.60,1076.17,4336690.49,1781499.41
00:17:15.298,18/01/2026,07:18:08,17_T02,39.121481757,10.180339599,0.1,1079.04,296.62,-4.154,77.2,38.59,13.61,1077.37,4336690.52,1781499.44
00:17:16.290,18/01/2026,07:18:09,17_T02,39.121481644,10.180340205,0.1,1079.89,296.78,-4.111,77.2,38.59,13.61,1077.37,4336690.57,1781499.43
00:17:17.300,18/01/2026,07:18:10,17_T02,39.121481106,10.180340185,0.1,1080.22,296.60,-4.137,77.2,38.60,13.60,1078.98,4336690.57,1781499.37
00:17:18.299,18/01/2026,07:18:11,17_T02,39.121480772,10.180339749,0.1,1080.24,296.38,-4.187,77.2,38.60,13.60,1078.98,4336690.53,1781499.33
00:17:19.295,18/01/2026,07:18:12,17_T02,39.121480303,10.180339801,0.1,1080.45,296.13,-4.204,77.2,38.60,13.60,1079.26,4336690.54,1781499.28
00:17:20.290,18/01/2026,07:18:13,17_T02,39.121480321,10.180339920,0.1,1081.09,296.08,-4.193,77.2,38.60,13.60,1079.26,4336690.55,1781499.28
00:17:21.293,18/01/2026,07:18:14,17_T02,39.121480503,10.180340053,0.1,1081.96,296.05,-4.175,77.2,38.59,13.62,1080.45,4336690.56,1781499.30
00:17:22.291,18/01/2026,07:18:15,17_T02,39.121480325,10.180340473,0.1,1082.70,296.01,-4.149,77.2,38.59,13.62,1080.45,4336690.60,1781499.28
00:17:23.291,18/01/2026,07:18:16,17_T02,39.121479937,10.180340758,0.1,1083.16,295.95,-4.144,77.2,38.60,13.60,1081.91,4336690.62,1781499.24
00:17:24.293,18/01/2026,07:18:17,17_T02,39.121479451,10.180342273,0.1,1083.49,295.82,-4.046,77.2,38.60,13.60,1081.91,4336690.75,1781499.18
00:17:25.290,18/01/2026,07:18:18,17_T02,39.121479412,10.180343057,0.1,1083.83,295.87,-3.985,77.2,38.61,13.61,1082.63,4336690.82,1781499.18
00:17:26.301,18/01/2026,07:18:19,17_T02,39.121479671,10.180342954,0.1,1084.24,296.09,-3.982,77.2,38.61,13.61,1082.63,4336690.81,1781499.21
00:17:27.296,18/01/2026,07:18:20,17_T02,39.121479874,10.180342930,0.1,1084.74,296.28,-3.975,77.2,38.59,13.61,1083.47,4336690.81,1781499.23
00:17:28.294,18/01/2026,07:18:21,17_T02,39.121479927,10.180343088,0.1,1085.34,296.40,-3.960,77.2,38.59,13.61,1083.47,4336690.82,1781499.24
00:17:29.290,18/01/2026,07:18:22,17_T02,39.121479806,10.180343453,0.1,1086.01,296.51,-3.936,77.2,38.60,13.60,1084.70,4336690.86,1781499.22
00:17:30.301,18/01/2026,07:18:23,17_T02,39.121479752,10.180343998,0.1,1086.63,296.61,-3.895,77.2,38.60,13.60,1084.70,4336690.90,1781499.22
00:17:31.299,18/01/2026,07:18:24,17_T02,39.121479619,10.180344278,0.1,1087.11,296.69,-3.879,77.2,38.60,13.60,1084.70,4336690.93,1781499.20
00:17:32.292,18/01/2026,07:18:25,17_T02,39.121479442,10.180344152,0.1,1087.44,296.61,-3.897,77.2,38.60,13.60,1085.93,4336690.92,1781499.18
00:17:33.302,18/01/2026,07:18:26,17_T02,39.121479278,10.180343853,0.1,1087.72,296.37,-3.928,77.2,38.60,13.60,1085.93,4336690.89,1781499.17
00:17:34.298,18/01/2026,07:18:27,17_T02,39.121479181,10.180343696,0.1,1088.12,296.14,-3.945,77.2,38.61,13.61,1086.59,4336690.88,1781499.15
00:17:35.296,18/01/2026,07:18:28,17_T02,39.121479211,10.180343809,0.1,1088.74,296.05,-3.935,77.2,38.61,13.61,1086.59,4336690.89,1781499.16
00:17:36.303,18/01/2026,07:18:29,17_T02,39.121478132,10.180344058,0.1,1089.49,295.94,-3.964,77.2,38.59,13.61,1087.53,4336690.91,1781499.04
00:17:37.295,18/01/2026,07:18:30,17_T02,39.121477398,10.180344638,0.1,1090.16,296.05,-3.951,77.2,38.59,13.61,1087.53,4336690.96,1781498.96
00:17:38.295,18/01/2026,07:18:31,17_T02,39.121477136,10.180345032,0.1,1090.67,296.23,-3.931,77.2,38.60,13.60,1088.99,4336690.99,1781498.93
00:17:39.289,18/01/2026,07:18:32,17_T02,39.121476940,10.180344982,0.1,1091.03,296.28,-3.944,77.2,38.60,13.60,1088.99,4336690.99,1781498.91
00:17:40.301,18/01/2026,07:18:33,17_T02,39.121476823,10.180344704,0.1,1091.28,296.13,-3.971,77.2,38.61,13.60,1089.92,4336690.97,1781498.89
00:17:41.297,18/01/2026,07:18:34,17_T02,39.121476175,10.180346121,0.1,1091.58,295.92,-3.888,77.2,38.61,13.60,1089.92,4336691.09,1781498.82
00:17:42.290,18/01/2026,07:18:35,17_T02,39.121475991,10.180347068,0.1,1092.11,295.93,-3.821,77.2,38.61,13.62,1090.50,4336691.17,1781498.80
00:17:43.306,18/01/2026,07:18:36,17_T02,39.121476018,10.180347475,0.1,1092.88,295.94,-3.787,77.2,38.61,13.62,1090.50,4336691.21,1781498.81
00:17:44.293,18/01/2026,07:18:37,17_T02,39.121475896,10.180348257,0.1,1093.72,296.26,-3.731,77.2,38.60,13.60,1091.76,4336691.28,1781498.79
00:17:45.303,18/01/2026,07:18:38,17_T02,39.121475717,10.180348951,0.1,1094.30,296.73,-3.684,77.2,38.60,13.60,1091.76,4336691.34,1781498.77
00:17:46.292,18/01/2026,07:18:39,17_T02,39.121475309,10.180348899,0.1,1094.53,296.79,-3.706,77.2,38.60,13.60,1093.22,4336691.33,1781498.73
00:17:47.305,18/01/2026,07:18:40,17_T02,39.121476058,10.180348138,0.1,1094.64,296.69,-3.733,77.2,38.60,13.60,1093.22,4336691.27,1781498.81
00:17:48.298,18/01/2026,07:18:41,17_T02,39.121476670,10.180347799,0.1,1095.02,296.61,-3.732,77.2,38.60,13.61,1093.62,4336691.24,1781498.88
00:17:49.293,18/01/2026,07:18:42,17_T02,39.121476832,10.180347933,0.1,1095.79,296.62,-3.714,77.2,38.60,13.61,1093.62,4336691.25,1781498.90
00:17:50.297,18/01/2026,07:18:43,17_T02,39.121476821,10.180348439,0.1,1096.68,296.72,-3.675,77.2,38.58,13.62,1094.75,4336691.29,1781498.90
00:17:51.296,18/01/2026,07:18:44,17_T02,39.121476547,10.180349184,0.1,1097.34,296.93,-3.628,77.2,38.58,13.62,1094.75,4336691.36,1781498.87
00:17:52.290,18/01/2026,07:18:45,17_T02,39.121475986,10.180349338,0.1,1097.62,296.94,-3.641,77.2,38.60,13.60,1096.29,4336691.37,1781498.80
00:17:53.298,18/01/2026,07:18:46,17_T02,39.121475541,10.180348406,0.1,1097.70,296.88,-3.735,77.2,38.60,13.60,1096.29,4336691.29,1781498.75
00:17:54.292,18/01/2026,07:18:47,17_T02,39.121475486,10.180347774,0.1,1097.96,296.76,-3.788,77.2,38.60,13.61,1096.70,4336691.23,1781498.75
00:17:55.291,18/01/2026,07:18:48,17_T02,39.121475780,10.180347874,0.1,1098.62,296.94,-3.767,77.2,38.60,13.61,1096.70,4336691.24,1781498.78
00:17:56.301,18/01/2026,07:18:49,17_T02,39.121476028,10.180348291,0.1,1099.56,297.20,-3.722,77.2,38.59,13.63,1097.69,4336691.28,1781498.81
00:17:57.301,18/01/2026,07:18:50,17_T02,39.121475919,10.180349138,0.1,1100.42,297.60,-3.660,77.2,38.59,13.63,1097.69,4336691.35,1781498.80
00:17:58.298,18/01/2026,07:18:51,17_T02,39.121475360,10.180351186,0.1,1100.84,297.72,-3.522,77.2,38.60,13.60,1099.42,4336691.53,1781498.73
00:17:59.293,18/01/2026,07:18:52,17_T02,39.121474943,10.180351864,0.1,1100.85,297.69,-3.487,77.2,38.60,13.60,1099.42,4336691.59,1781498.69
00:18:00.293,18/01/2026,07:18:53,17_T02,39.121474884,10.180351443,0.1,1100.90,297.45,-3.524,77.2,38.60,13.61,1099.82,4336691.55,1781498.68
00:18:01.291,18/01/2026,07:18:54,17_T02,39.121475113,10.180351385,0.1,1101.51,297.36,-3.518,77.2,38.60,13.61,1099.82,4336691.55,1781498.71
00:18:02.300,18/01/2026,07:18:55,17_T02,39.121475409,10.180351846,0.1,1102.58,297.52,-3.468,77.2,38.61,13.60,1100.69,4336691.59,1781498.74
00:18:03.296,18/01/2026,07:18:56,17_T02,39.121475352,10.180352640,0.1,1103.53,297.79,-3.407,77.2,38.61,13.60,1100.69,4336691.66,1781498.73
00:18:04.293,18/01/2026,07:18:57,17_T02,39.121474436,10.180350723,0.1,1103.86,297.76,-3.601,77.2,38.60,13.60,1102.59,4336691.49,1781498.63
00:18:05.304,18/01/2026,07:18:58,17_T02,39.121473851,10.180349292,0.2,1103.74,297.57,-3.741,77.2,38.60,13.60,1102.59,4336691.37,1781498.57
00:18:06.298,18/01/2026,07:18:59,17_T02,39.121473873,10.180348948,0.2,1103.85,297.36,-3.767,77.2,38.60,13.60,1102.73,4336691.34,1781498.57
00:18:07.291,18/01/2026,07:19:00,17_T02,39.121474008,10.180348935,0.2,1104.64,297.35,-3.762,77.2,38.60,13.60,1102.73,4336691.33,1781498.59
00:18:08.290,18/01/2026,07:19:01,17_T02,39.121474151,10.180349466,0.2,1105.79,297.59,-3.714,77.2,38.60,13.60,1103.99,4336691.38,1781498.60
00:18:09.303,18/01/2026,07:19:02,17_T02,39.121473917,10.180350144,0.2,1106.62,297.85,-3.670,77.2,38.60,13.60,1103.99,4336691.44,1781498.58
00:18:10.302,18/01/2026,07:19:03,17_T02,39.121473775,10.180351095,0.2,1106.66,297.83,-3.601,77.2,38.61,13.59,1105.62,4336691.52,1781498.56
00:18:11.305,18/01/2026,07:19:04,17_T02,39.121473757,10.180351118,0.2,1106.40,297.69,-3.600,77.2,38.61,13.59,1105.62,4336691.53,1781498.56
00:18:12.298,18/01/2026,07:19:05,17_T02,39.121474127,10.180351024,0.2,1106.70,298.07,-3.591,77.2,38.60,13.59,1105.43,4336691.52,1781498.60
00:18:13.296,18/01/2026,07:19:06,17_T02,39.121474591,10.180351356,0.2,1107.65,298.59,-3.544,77.2,38.60,13.59,1105.43,4336691.55,1781498.65
00:18:14.292,18/01/2026,07:19:07,17_T02,39.121475056,10.180352426,0.2,1108.91,299.40,-3.438,77.2,38.60,13.59,1107.18,4336691.64,1781498.70
00:18:15.303,18/01/2026,07:19:08,17_T02,39.121474968,10.180353401,0.1,1109.68,300.20,-3.364,77.2,38.60,13.59,1107.18,4336691.72,1781498.69
00:18:16.296,18/01/2026,07:19:09,17_T02,39.121474903,10.180353527,0.1,1109.59,300.14,-3.357,77.2,38.60,13.59,1108.64,4336691.73,1781498.68
00:18:17.304,18/01/2026,07:19:10,17_T02,39.121475015,10.180353156,0.1,1109.29,299.81,-3.382,77.2,38.60,13.59,1108.64,4336691.70,1781498.70
00:18:18.301,18/01/2026,07:19:11,17_T02,39.121475453,10.180352928,0.1,1109.61,300.07,-3.380,77.2,38.60,13.58,1108.37,4336691.68,1781498.75
00:18:19.295,18/01/2026,07:19:12,17_T02,39.121475930,10.180353275,0.1,1110.57,300.61,-3.331,77.2,38.60,13.58,1108.37,4336691.71,1781498.80
00:18:20.303,18/01/2026,07:19:13,17_T02,39.121476477,10.180354497,0.1,1111.86,301.63,-3.209,77.2,38.60,13.59,1110.20,4336691.82,1781498.86
00:18:21.300,18/01/2026,07:19:14,17_T02,39.121476610,10.180355780,0.1,1112.81,302.71,-3.101,77.2,38.60,13.59,1110.20,4336691.93,1781498.87
00:18:22.291,18/01/2026,07:19:15,17_T02,39.121476464,10.180355297,0.1,1112.78,302.73,-3.146,77.2,38.60,13.59,1111.81,4336691.89,1781498.86
00:18:23.303,18/01/2026,07:19:16,17_T02,39.121476918,10.180354678,0.1,1112.29,303.02,-3.175,77.2,38.60,13.59,1111.81,4336691.83,1781498.91
00:18:24.307,18/01/2026,07:19:17,17_T02,39.121477885,10.180354738,0.1,1112.39,304.20,-3.126,77.2,38.60,13.58,1111.27,4336691.84,1781499.01
00:18:25.293,18/01/2026,07:19:18,17_T02,39.121478704,10.180354936,0.1,1113.18,305.11,-3.074,77.2,38.60,13.58,1111.27,4336691.86,1781499.10
00:18:26.301,18/01/2026,07:19:19,17_T02,39.121479371,10.180355988,0.1,1114.41,306.18,-2.960,77.2,38.60,13.59,1112.86,4336691.95,1781499.18
00:18:27.302,18/01/2026,07:19:20,17_T02,39.121480043,10.180357708,0.1,1115.62,307.26,-2.793,77.2,38.60,13.59,1112.86,4336692.10,1781499.25
00:18:28.298,18/01/2026,07:19:21,17_T02,39.121479685,10.180357937,0.1,1115.93,307.73,-2.791,77.2,38.60,13.58,1114.81,4336692.12,1781499.21
00:18:29.293,18/01/2026,07:19:22,17_T02,39.121479567,10.180357310,0.1,1115.64,308.12,-2.846,77.2,38.60,13.58,1114.81,4336692.06,1781499.20
00:18:30.303,18/01/2026,07:19:23,17_T02,39.121480376,10.180357360,0.1,1115.81,309.10,-2.806,77.2,38.60,13.58,1114.81,4336692.07,1781499.29
00:18:31.294,18/01/2026,07:19:24,17_T02,39.121480970,10.180357685,0.1,1116.67,309.88,-2.753,77.2,38.60,13.59,1114.68,4336692.09,1781499.36
00:18:32.299,18/01/2026,07:19:25,17_T02,39.121481207,10.180358642,0.1,1117.87,310.67,-2.667,77.2,38.60,13.59,1114.68,4336692.18,1781499.38
00:18:33.293,18/01/2026,07:19:26,17_T02,39.121482379,10.180360633,0.1,1118.57,311.55,-2.456,77.2,38.59,13.59,1116.50,4336692.35,1781499.51
00:18:34.291,18/01/2026,07:19:27,17_T02,39.121482855,10.180360896,0.1,1118.51,311.90,-2.413,77.2,38.59,13.59,1116.50,4336692.37,1781499.56
00:18:35.298,18/01/2026,07:19:28,17_T02,39.121483073,10.180360514,0.1,1118.45,312.19,-2.434,77.2,38.59,13.59,1117.52,4336692.34,1781499.59
00:18:36.293,18/01/2026,07:19:29,17_T02,39.121483584,10.180360740,0.1,1119.06,312.71,-2.393,77.2,38.59,13.59,1117.52,4336692.36,1781499.64
00:18:37.302,18/01/2026,07:19:30,17_T02,39.121483861,10.180361405,0.1,1120.13,313.29,-2.328,77.2,38.59,13.58,1117.86,4336692.42,1781499.67
00:18:38.298,18/01/2026,07:19:31,17_T02,39.121483896,10.180362323,0.1,1121.03,314.20,-2.253,77.2,38.59,13.58,1117.86,4336692.50,1781499.68
00:18:39.294,18/01/2026,07:19:32,17_T02,39.121484427,10.180363396,0.1,1121.36,314.66,-2.144,77.2,38.59,13.57,1119.80,4336692.59,1781499.74
00:18:40.300,18/01/2026,07:19:33,17_T02,39.121484724,10.180363520,0.1,1121.42,314.93,-2.121,77.2,38.59,13.57,1119.80,4336692.60,1781499.77
00:18:41.293,18/01/2026,07:19:34,17_T02,39.121484993,10.180363362,0.1,1121.68,315.27,-2.121,77.2,38.59,13.58,1120.40,4336692.59,1781499.80
00:18:42.299,18/01/2026,07:19:35,17_T02,39.121485410,10.180363660,0.1,1122.33,315.76,-2.079,77.2,38.59,13.58,1120.40,4336692.61,1781499.85
00:18:43.293,18/01/2026,07:19:36,17_T02,39.121485576,10.180364062,0.1,1123.16,316.13,-2.039,77.2,38.59,13.59,1121.20,4336692.65,1781499.86
00:18:44.297,18/01/2026,07:19:37,17_T02,39.121485349,10.180364515,0.1,1123.88,316.47,-2.013,77.2,38.59,13.59,1121.20,4336692.69,1781499.84
00:18:45.293,18/01/2026,07:19:38,17_T02,39.121485529,10.180364806,0.1,1124.38,316.77,-1.982,77.2,38.59,13.57,1122.75,4336692.71,1781499.86
00:18:46.303,18/01/2026,07:19:39,17_T02,39.121485648,10.180364653,0.1,1124.69,316.97,-1.989,77.2,38.59,13.57,1122.75,4336692.70,1781499.87
00:18:47.301,18/01/2026,07:19:40,17_T02,39.121485746,10.180364390,0.1,1124.91,317.19,-2.005,77.2,38.60,13.58,1123.64,4336692.68,1781499.88
00:18:48.295,18/01/2026,07:19:41,17_T02,39.121485970,10.180364311,0.1,1125.23,317.49,-2.002,77.2,38.60,13.58,1123.64,4336692.67,1781499.91
00:18:49.290,18/01/2026,07:19:42,17_T02,39.121486331,10.180364706,0.1,1125.80,318.10,-1.954,77.2,38.60,13.58,1124.20,4336692.70,1781499.95
00:18:50.300,18/01/2026,07:19:43,17_T02,39.121486097,10.180363409,0.1,1126.58,318.58,-2.067,77.2,38.60,13.58,1124.20,4336692.59,1781499.92
00:18:51.294,18/01/2026,07:19:44,17_T02,39.121485714,10.180362963,0.1,1127.37,319.05,-2.120,77.2,38.59,13.57,1125.55,4336692.55,1781499.88
00:18:52.302,18/01/2026,07:19:45,17_T02,39.121485253,10.180363526,0.1,1127.96,319.41,-2.096,77.2,38.59,13.57,1125.55,4336692.60,1781499.83
00:18:53.296,18/01/2026,07:19:46,17_T02,39.121484898,10.180363225,0.1,1128.30,319.46,-2.136,77.2,38.60,13.57,1126.90,4336692.58,1781499.79
00:18:54.306,18/01/2026,07:19:47,17_T02,39.121484861,10.180362684,0.1,1128.44,319.43,-2.181,77.2,38.60,13.57,1126.90,4336692.53,1781499.79
00:18:55.304,18/01/2026,07:19:48,17_T02,39.121485028,10.180362325,0.1,1128.65,319.49,-2.202,77.2,38.59,13.58,1127.42,4336692.50,1781499.80
00:18:56.307,18/01/2026,07:19:49,17_T02,39.121486893,10.180365217,0.1,1129.22,319.83,-1.888,77.2,38.59,13.58,1127.42,4336692.75,1781500.01
00:18:57.299,18/01/2026,07:19:50,17_T02,39.121487993,10.180367238,0.2,1130.12,320.15,-1.678,77.2,38.59,13.58,1128.28,4336692.92,1781500.13
00:18:58.292,18/01/2026,07:19:51,17_T02,39.121487820,10.180368030,0.2,1131.01,320.63,-1.623,77.2,38.59,13.58,1128.28,4336692.99,1781500.11
00:18:59.289,18/01/2026,07:19:52,17_T02,39.121487396,10.180368389,0.1,1131.52,321.04,-1.613,77.2,38.59,13.57,1130.03,4336693.02,1781500.07
00:19:00.301,18/01/2026,07:19:53,17_T02,39.121487118,10.180368028,0.1,1131.62,321.26,-1.655,77.2,38.59,13.57,1130.03,4336692.99,1781500.04
00:19:01.293,18/01/2026,07:19:54,17_T02,39.121487281,10.180367761,0.1,1131.70,321.49,-1.668,77.2,38.59,13.58,1130.59,4336692.97,1781500.05
00:19:02.291,18/01/2026,07:19:55,17_T02,39.121488712,10.180369468,0.2,1132.15,321.93,-1.468,77.2,38.59,13.58,1130.59,4336693.12,1781500.21
00:19:03.300,18/01/2026,07:19:56,17_T02,39.121489552,10.180370705,0.2,1133.02,322.31,-1.332,77.2,38.61,13.58,1131.29,4336693.23,1781500.30
00:19:04.298,18/01/2026,07:19:57,17_T02,39.121489512,10.180371385,0.2,1133.94,322.66,-1.280,77.2,38.61,13.58,1131.29,4336693.28,1781500.30
00:19:05.291,18/01/2026,07:19:58,17_T02,39.121489202,10.180371858,0.1,1134.53,322.92,-1.257,77.2,38.59,13.56,1133.05,4336693.33,1781500.27
00:19:06.289,18/01/2026,07:19:59,17_T02,39.121488947,10.180371645,0.1,1134.76,323.08,-1.285,77.2,38.59,13.56,1133.05,4336693.31,1781500.24
00:19:07.294,18/01/2026,07:20:00,17_T02,39.121489140,10.180371511,0.1,1134.96,323.44,-1.287,77.2,38.59,13.57,1133.77,4336693.30,1781500.26
00:19:08.291,18/01/2026,07:20:01,17_T02,39.121488300,10.180371211,0.1,1135.43,324.05,-1.349,77.2,38.59,13.57,1133.77,4336693.27,1781500.17
00:19:09.303,18/01/2026,07:20:02,17_T02,39.121487985,10.180371346,0.1,1136.13,324.58,-1.352,77.2,38.59,13.58,1134.59,4336693.28,1781500.13
00:19:10.298,18/01/2026,07:20:03,17_T02,39.121487986,10.180371741,0.1,1136.78,324.92,-1.321,77.2,38.59,13.58,1134.59,4336693.32,1781500.13
00:19:11.296,18/01/2026,07:20:04,17_T02,39.121487675,10.180371909,0.1,1137.17,325.09,-1.321,77.2,38.59,13.55,1135.86,4336693.33,1781500.10
00:19:12.288,18/01/2026,07:20:05,17_T02,39.121487470,10.180371854,0.1,1137.51,325.18,-1.335,77.2,38.59,13.55,1135.86,4336693.33,1781500.08
00:19:13.301,18/01/2026,07:20:06,17_T02,39.121487594,10.180372084,0.1,1138.02,325.45,-1.311,77.2,38.59,13.56,1136.64,4336693.35,1781500.09
00:19:14.295,18/01/2026,07:20:07,17_T02,39.121485833,10.180369493,0.1,1138.72,325.79,-1.596,77.2,38.59,13.56,1136.64,4336693.12,1781499.89
00:19:15.288,18/01/2026,07:20:08,17_T02,39.121484882,10.180368304,0.1,1139.40,326.09,-1.734,77.2,38.59,13.55,1137.97,4336693.02,1781499.79
00:19:16.299,18/01/2026,07:20:09,17_T02,39.121484710,10.180368370,0.1,1139.87,326.33,-1.736,77.2,38.59,13.55,1137.97,4336693.02,1781499.77
00:19:17.300,18/01/2026,07:20:10,17_T02,39.121484567,10.180368181,0.1,1140.17,326.48,-1.758,77.2,38.60,13.55,1138.94,4336693.01,1781499.75
00:19:18.298,18/01/2026,07:20:11,17_T02,39.121484550,10.180368068,0.1,1140.52,326.60,-1.767,77.2,38.60,13.55,1138.94,4336693.00,1781499.75
00:19:19.294,18/01/2026,07:20:12,17_T02,39.121484639,10.180368348,0.1,1141.10,326.88,-1.741,77.2,38.58,13.57,1139.73,4336693.02,1781499.76
00:19:20.299,18/01/2026,07:20:13,17_T02,39.121483872,10.180366787,0.2,1141.77,327.08,-1.900,77.2,38.58,13.57,1139.73,4336692.89,1781499.68
00:19:21.293,18/01/2026,07:20:14,17_T02,39.121483242,10.180365985,0.2,1142.30,327.20,-1.992,77.2,38.59,13.55,1140.98,4336692.82,1781499.61
00:19:22.292,18/01/2026,07:20:15,17_T02,39.121482922,10.180365814,0.2,1142.67,327.26,-2.020,77.2,38.59,13.55,1140.98,4336692.80,1781499.57
00:19:23.301,18/01/2026,07:20:16,17_T02,39.121482787,10.180365714,0.2,1143.10,327.44,-2.034,77.2,38.59,13.56,1141.84,4336692.79,1781499.56
00:19:24.296,18/01/2026,07:20:17,17_T02,39.121482828,10.180365951,0.2,1143.73,327.83,-2.013,77.2,38.59,13.56,1141.84,4336692.81,1781499.56
00:19:25.293,18/01/2026,07:20:18,17_T02,39.121482801,10.180366184,0.2,1144.38,328.18,-1.996,77.2,38.58,13.54,1143.06,4336692.83,1781499.56
00:19:26.294,18/01/2026,07:20:19,17_T02,39.121480863,10.180365469,0.2,1144.82,328.45,-2.140,77.2,38.58,13.54,1143.06,4336692.77,1781499.34
00:19:27.292,18/01/2026,07:20:20,17_T02,39.121479557,10.180364732,0.2,1145.11,328.52,-2.257,77.2,38.59,13.55,1143.94,4336692.71,1781499.20
00:19:28.305,18/01/2026,07:20:21,17_T02,39.121479401,10.180364610,0.2,1145.50,328.69,-2.274,77.2,38.59,13.55,1143.94,4336692.70,1781499.18
00:19:29.298,18/01/2026,07:20:22,17_T02,39.121479399,10.180364897,0.2,1146.15,329.02,-2.251,77.2,38.59,13.55,1143.94,4336692.72,1781499.18
00:19:30.305,18/01/2026,07:20:23,17_T02,39.121479249,10.180365263,0.2,1146.91,329.38,-2.229,77.2,38.57,13.56,1144.84,4336692.75,1781499.17
00:19:31.303,18/01/2026,07:20:24,17_T02,39.121479252,10.180365764,0.2,1147.53,329.76,-2.189,77.2,38.57,13.56,1144.84,4336692.80,1781499.17
00:19:32.292,18/01/2026,07:20:25,17_T02,39.121479039,10.180365731,0.2,1147.88,329.92,-2.202,77.2,38.58,13.54,1146.29,4336692.80,1781499.14
00:19:33.298,18/01/2026,07:20:26,17_T02,39.121478825,10.180365399,0.2,1148.09,330.01,-2.238,77.2,38.58,13.54,1146.29,4336692.77,1781499.12
00:19:34.293,18/01/2026,07:20:27,17_T02,39.121478826,10.180365266,0.1,1148.41,330.19,-2.248,77.2,38.59,13.56,1146.96,4336692.75,1781499.12
00:19:35.304,18/01/2026,07:20:28,17_T02,39.121478944,10.180365655,0.1,1148.97,330.64,-2.212,77.2,38.59,13.56,1146.96,4336692.79,1781499.13
00:19:36.299,18/01/2026,07:20:29,17_T02,39.121478913,10.180366175,0.1,1149.74,331.08,-2.172,77.2,38.57,13.57,1147.75,4336692.83,1781499.13
00:19:37.293,18/01/2026,07:20:30,17_T02,39.121478188,10.180365448,0.1,1150.54,331.53,-2.262,77.2,38.57,13.57,1147.75,4336692.77,1781499.05
00:19:38.299,18/01/2026,07:20:31,17_T02,39.121477467,10.180365035,0.1,1151.11,331.93,-2.328,77.2,38.58,13.54,1149.33,4336692.73,1781498.97
00:19:39.290,18/01/2026,07:20:32,17_T02,39.121477104,10.180364700,0.1,1151.33,332.05,-2.371,77.2,38.58,13.54,1149.33,4336692.71,1781498.93
00:19:40.300,18/01/2026,07:20:33,17_T02,39.121477006,10.180364279,0.1,1151.42,332.08,-2.408,77.2,38.59,13.54,1150.22,4336692.67,1781498.92
00:19:41.293,18/01/2026,07:20:34,17_T02,39.121477116,10.180364327,0.1,1151.77,332.20,-2.400,77.2,38.59,13.54,1150.22,4336692.67,1781498.93
00:19:42.304,18/01/2026,07:20:35,17_T02,39.121477202,10.180364720,0.1,1152.56,332.45,-2.365,77.2,38.59,13.55,1150.65,4336692.71,1781498.94
00:19:43.302,18/01/2026,07:20:36,17_T02,39.121478391,10.180365376,0.1,1153.56,332.75,-2.259,77.2,38.59,13.55,1150.65,4336692.76,1781499.07
00:19:44.296,18/01/2026,07:20:37,17_T02,39.121478644,10.180366001,0.1,1154.34,333.18,-2.198,77.2,38.58,13.54,1152.39,4336692.82,1781499.10
00:19:45.292,18/01/2026,07:20:38,17_T02,39.121478094,10.180365614,0.1,1154.63,333.22,-2.253,77.2,38.58,13.54,1152.39,4336692.79,1781499.04
00:19:46.296,18/01/2026,07:20:39,17_T02,39.121477960,10.180365055,0.1,1154.61,333.19,-2.304,77.2,38.59,13.54,1153.52,4336692.74,1781499.02
00:19:47.293,18/01/2026,07:20:40,17_T02,39.121478097,10.180364789,0.1,1154.72,333.10,-2.319,77.2,38.59,13.54,1153.52,4336692.71,1781499.04
00:19:48.289,18/01/2026,07:20:41,17_T02,39.121478296,10.180364989,0.1,1155.32,333.13,-2.294,77.2,38.58,13.54,1153.67,4336692.73,1781499.06
00:19:49.298,18/01/2026,07:20:42,17_T02,39.121480730,10.180367845,0.1,1156.28,333.35,-1.957,77.2,38.58,13.54,1153.67,4336692.98,1781499.33
00:19:50.291,18/01/2026,07:20:43,17_T02,39.121481770,10.180369902,0.1,1157.21,333.78,-1.747,77.2,38.58,13.54,1155.21,4336693.16,1781499.45
00:19:51.301,18/01/2026,07:20:44,17_T02,39.121481221,10.180370060,0.1,1157.73,334.07,-1.759,77.2,38.58,13.54,1155.21,4336693.17,1781499.39
00:19:52.293,18/01/2026,07:20:45,17_T02,39.121480973,10.180369574,0.1,1157.90,334.08,-1.809,77.2,38.59,13.54,1156.61,4336693.13,1781499.36
00:19:53.300,18/01/2026,07:20:46,17_T02,39.121481118,10.180369334,0.1,1158.03,334.12,-1.822,77.2,38.59,13.54,1156.61,4336693.11,1781499.37
00:19:54.295,18/01/2026,07:20:47,17_T02,39.121481447,10.180369558,0.1,1158.45,334.19,-1.789,77.2,38.58,13.54,1157.00,4336693.13,1781499.41
00:19:55.289,18/01/2026,07:20:48,17_T02,39.121481566,10.180368496,0.1,1159.23,334.30,-1.868,77.2,38.58,13.54,1157.00,4336693.04,1781499.42
00:19:56.297,18/01/2026,07:20:49,17_T02,39.121481394,10.180368189,0.1,1160.11,334.51,-1.900,77.2,38.57,13.54,1158.24,4336693.01,1781499.40
00:19:57.295,18/01/2026,07:20:50,17_T02,39.121480909,10.180368724,0.1,1160.80,334.83,-1.879,77.2,38.57,13.54,1158.24,4336693.06,1781499.35
00:19:58.291,18/01/2026,07:20:51,17_T02,39.121480493,10.180368649,0.1,1161.16,334.96,-1.904,77.2,38.58,13.52,1159.75,4336693.05,1781499.30
00:19:59.299,18/01/2026,07:20:52,17_T02,39.121480468,10.180368334,0.1,1161.26,334.96,-1.930,77.2,38.58,13.52,1159.75,4336693.02,1781499.30
00:20:00.294,18/01/2026,07:20:53,17_T02,39.121480662,10.180368050,0.1,1161.34,334.70,-1.944,77.2,38.58,13.54,1160.19,4336693.00,1781499.32
00:20:01.290,18/01/2026,07:20:54,17_T02,39.121483620,10.180370242,0.1,1161.78,334.60,-1.637,77.2,38.58,13.54,1160.19,4336693.19,1781499.65
00:20:02.290,18/01/2026,07:20:55,17_T02,39.121485245,10.180371884,0.1,1162.73,334.74,-1.433,77.2,38.60,13.54,1160.86,4336693.33,1781499.83
00:20:03.299,18/01/2026,07:20:56,17_T02,39.121485145,10.180372885,0.1,1163.78,335.11,-1.358,77.2,38.60,13.54,1160.86,4336693.42,1781499.82
00:20:04.301,18/01/2026,07:20:57,17_T02,39.121484644,10.180373378,0.1,1164.43,335.46,-1.341,77.2,38.58,13.52,1162.83,4336693.46,1781499.76
00:20:05.298,18/01/2026,07:20:58,17_T02,39.121484317,10.180372793,0.1,1164.53,335.37,-1.403,77.2,38.58,13.52,1162.83,4336693.41,1781499.73
00:20:06.292,18/01/2026,07:20:59,17_T02,39.121484532,10.180372462,0.1,1164.41,335.13,-1.419,77.2,38.57,13.53,1163.40,4336693.38,1781499.75
00:20:07.291,18/01/2026,07:21:00,17_T02,39.121485374,10.180374891,0.2,1164.65,334.93,-1.188,77.2,38.57,13.53,1163.40,4336693.59,1781499.84
00:20:08.302,18/01/2026,07:21:01,17_T02,39.121485975,10.180376694,0.2,1165.54,334.98,-1.018,77.2,38.58,13.52,1163.77,4336693.75,1781499.91
00:20:09.303,18/01/2026,07:21:02,17_T02,39.121486129,10.180377936,0.2,1166.68,335.45,-0.912,77.2,38.58,13.52,1163.77,4336693.86,1781499.93
00:20:10.298,18/01/2026,07:21:03,17_T02,39.121485804,10.180378897,0.1,1167.47,336.07,-0.851,77.2,38.58,13.52,1165.85,4336693.94,1781499.89
00:20:11.296,18/01/2026,07:21:04,17_T02,39.121485512,10.180378590,0.1,1167.62,336.14,-0.888,77.2,38.58,13.52,1165.85,4336693.91,1781499.86
00:20:12.290,18/01/2026,07:21:05,17_T02,39.121485717,10.180378327,0.1,1167.50,335.93,-0.900,77.2,38.57,13.53,1166.48,4336693.89,1781499.88
00:20:13.291,18/01/2026,07:21:06,17_T02,39.121486325,10.180377178,0.1,1167.74,335.66,-0.964,77.2,38.57,13.53,1166.48,4336693.79,1781499.95
00:20:14.302,18/01/2026,07:21:07,17_T02,39.121486792,10.180376911,0.1,1168.59,335.63,-0.964,77.2,38.58,13.52,1166.94,4336693.77,1781500.00
00:20:15.295,18/01/2026,07:21:08,17_T02,39.121486922,10.180377889,0.2,1169.63,336.00,-0.880,77.2,38.58,13.52,1166.94,4336693.85,1781500.02
00:20:16.303,18/01/2026,07:21:09,17_T02,39.121486717,10.180378517,0.1,1170.33,336.39,-0.840,77.2,38.58,13.52,1168.85,4336693.91,1781499.99
00:20:17.294,18/01/2026,07:21:10,17_T02,39.121486567,10.180378225,0.1,1170.54,336.43,-0.870,77.2,38.58,13.52,1168.85,4336693.88,1781499.98
00:20:18.300,18/01/2026,07:21:11,17_T02,39.121486773,10.180377910,0.1,1170.60,336.28,-0.886,77.2,38.58,13.53,1169.48,4336693.85,1781500.00
00:20:19.292,18/01/2026,07:21:12,17_T02,39.121485607,10.180378153,0.1,1170.97,336.17,-0.919,77.2,38.58,13.53,1169.48,4336693.87,1781499.87
00:20:20.292,18/01/2026,07:21:13,17_T02,39.121485152,10.180378683,0.1,1171.76,336.26,-0.897,77.2,38.59,13.54,1170.25,4336693.92,1781499.82
00:20:21.301,18/01/2026,07:21:14,17_T02,39.121485253,10.180379380,0.1,1172.63,336.56,-0.837,77.2,38.59,13.54,1170.25,4336693.98,1781499.83
00:20:22.293,18/01/2026,07:21:15,17_T02,39.121485038,10.180379796,0.1,1173.18,336.81,-0.814,77.2,38.58,13.52,1171.83,4336694.02,1781499.81
00:20:23.299,18/01/2026,07:21:16,17_T02,39.121484938,10.180379719,0.1,1173.37,336.95,-0.825,77.2,38.58,13.52,1171.83,4336694.01,1781499.80
00:20:24.291,18/01/2026,07:21:17,17_T02,39.121485199,10.180379757,0.1,1173.53,337.17,-0.810,77.2,38.58,13.52,1172.35,4336694.01,1781499.83
00:20:25.304,18/01/2026,07:21:18,17_T02,39.121484109,10.180377643,0.1,1174.04,337.65,-1.027,77.2,38.58,13.52,1172.35,4336693.83,1781499.71
00:20:26.300,18/01/2026,07:21:19,17_T02,39.121483611,10.180376960,0.2,1174.90,338.11,-1.104,77.2,38.56,13.54,1173.43,4336693.77,1781499.65
00:20:27.295,18/01/2026,07:21:20,17_T02,39.121483568,10.180377633,0.2,1175.75,338.54,-1.052,77.2,38.56,13.54,1173.43,4336693.83,1781499.65
00:20:28.314,18/01/2026,07:21:21,17_T02,39.121483314,10.180377782,0.1,1176.22,338.67,-1.052,77.2,38.58,13.52,1174.96,4336693.84,1781499.62
00:20:29.297,18/01/2026,07:21:22,17_T02,39.121483306,10.180377409,0.1,1176.34,338.67,-1.082,77.2,38.58,13.52,1174.96,4336693.81,1781499.62
00:20:30.291,18/01/2026,07:21:23,17_T02,39.121483637,10.180377168,0.1,1176.48,338.65,-1.086,77.2,38.58,13.52,1175.32,4336693.79,1781499.65
00:20:31.290,18/01/2026,07:21:24,17_T02,39.121484856,10.180378643,0.2,1177.05,338.90,-0.914,77.2,38.58,13.52,1175.32,4336693.92,1781499.79
00:20:32.300,18/01/2026,07:21:25,17_T02,39.121485520,10.180379759,0.2,1177.97,339.16,-0.795,77.2,38.58,13.52,1175.32,4336694.01,1781499.86
00:20:33.291,18/01/2026,07:21:26,17_T02,39.121485386,10.180380277,0.1,1178.79,339.32,-0.760,77.2,38.56,13.53,1176.57,4336694.06,1781499.85
00:20:34.303,18/01/2026,07:21:27,17_T02,39.121485147,10.180380111,0.1,1179.16,339.23,-0.784,77.2,38.56,13.53,1176.57,4336694.04,1781499.82
00:20:35.299,18/01/2026,07:21:28,17_T02,39.121485214,10.180379583,0.1,1179.24,339.09,-0.823,77.2,38.58,13.51,1177.96,4336694.00,1781499.83
00:20:36.294,18/01/2026,07:21:29,17_T02,39.121485619,10.180379489,0.1,1179.48,339.05,-0.812,77.2,38.58,13.51,1177.96,4336693.99,1781499.87
00:20:37.291,18/01/2026,07:21:30,17_T02,39.121484748,10.180379683,0.1,1180.15,339.35,-0.836,77.2,38.58,13.52,1178.29,4336694.01,1781499.78
00:20:38.301,18/01/2026,07:21:31,17_T02,39.121484312,10.180380138,0.1,1181.03,339.68,-0.820,77.2,38.58,13.52,1178.29,4336694.05,1781499.73
00:20:39.295,18/01/2026,07:21:32,17_T02,39.121484139,10.180380538,0.1,1181.71,339.91,-0.796,77.2,38.57,13.52,1179.73,4336694.08,1781499.71
00:20:40.289,18/01/2026,07:21:33,17_T02,39.121483924,10.180380344,0.1,1182.07,339.90,-0.821,77.2,38.57,13.52,1179.73,4336694.07,1781499.69
00:20:41.300,18/01/2026,07:21:34,17_T02,39.121484022,10.180380072,0.1,1182.34,339.89,-0.838,77.2,38.58,13.51,1180.90,4336694.04,1781499.70
00:20:42.297,18/01/2026,07:21:35,17_T02,39.121484401,10.180380216,0.1,1182.76,340.10,-0.809,77.2,38.58,13.51,1180.90,4336694.05,1781499.74
00:20:43.295,18/01/2026,07:21:36,17_T02,39.121483781,10.180380966,0.1,1183.36,340.51,-0.778,77.2,38.57,13.53,1181.59,4336694.12,1781499.67
00:20:44.293,18/01/2026,07:21:37,17_T02,39.121483415,10.180381534,0.2,1183.99,340.81,-0.749,77.2,38.57,13.53,1181.59,4336694.17,1781499.63
00:20:45.289,18/01/2026,07:21:38,17_T02,39.121483345,10.180381689,0.2,1184.53,340.99,-0.740,77.2,38.58,13.51,1182.79,4336694.18,1781499.62
00:20:46.300,18/01/2026,07:21:39,17_T02,39.121483234,10.180381742,0.2,1185.04,341.13,-0.741,77.2,38.58,13.51,1182.79,4336694.19,1781499.61
00:20:47.297,18/01/2026,07:21:40,17_T02,39.121483268,10.180381897,0.2,1185.58,341.39,-0.727,77.2,38.58,13.52,1183.86,4336694.20,1781499.61
00:20:48.291,18/01/2026,07:21:41,17_T02,39.121483579,10.180382015,0.2,1186.04,341.70,-0.704,77.2,38.58,13.52,1183.86,4336694.21,1781499.65
00:20:49.302,18/01/2026,07:21:42,17_T02,39.121483945,10.180380225,0.2,1186.38,341.90,-0.829,77.2,38.57,13.51,1184.89,4336694.06,1781499.69
00:20:50.296,18/01/2026,07:21:43,17_T02,39.121484246,10.180379056,0.2,1186.73,341.97,-0.908,77.2,38.57,13.51,1184.89,4336693.95,1781499.72
00:20:51.290,18/01/2026,07:21:44,17_T02,39.121484471,10.180379293,0.2,1187.28,342.20,-0.879,77.2,38.60,13.53,1185.62,4336693.97,1781499.75
00:20:52.299,18/01/2026,07:21:45,17_T02,39.121484625,10.180379637,0.2,1188.06,342.47,-0.845,77.2,38.60,13.53,1185.62,4336694.00,1781499.76
00:20:53.296,18/01/2026,07:21:46,17_T02,39.121484536,10.180379889,0.2,1188.79,342.81,-0.829,77.2,38.57,13.51,1186.97,4336694.03,1781499.75
00:20:54.303,18/01/2026,07:21:47,17_T02,39.121484468,10.180379832,0.2,1189.18,343.14,-0.837,77.2,38.57,13.51,1186.97,4336694.02,1781499.75
00:20:55.298,18/01/2026,07:21:48,17_T02,39.121482955,10.180379284,0.2,1189.34,343.34,-0.949,77.2,38.58,13.51,1188.06,4336693.97,1781499.58
00:20:56.293,18/01/2026,07:21:49,17_T02,39.121482412,10.180379192,0.2,1189.61,343.68,-0.980,77.2,38.58,13.51,1188.06,4336693.97,1781499.52
00:20:57.300,18/01/2026,07:21:50,17_T02,39.121482839,10.180379685,0.2,1190.18,344.23,-0.922,77.2,38.58,13.51,1188.54,4336694.01,1781499.57
00:20:58.296,18/01/2026,07:21:51,17_T02,39.121483216,10.180380082,0.2,1190.90,344.68,-0.873,77.2,38.58,13.51,1188.54,4336694.04,1781499.61
00:20:59.303,18/01/2026,07:21:52,17_T02,39.121483367,10.180380199,0.2,1191.52,345.12,-0.857,77.2,38.57,13.51,1189.85,4336694.05,1781499.62
00:21:00.300,18/01/2026,07:21:53,17_T02,39.121483445,10.180380055,0.2,1191.97,345.53,-0.865,77.2,38.57,13.51,1189.85,4336694.04,1781499.63
00:21:01.298,18/01/2026,07:21:54,17_T02,39.121481852,10.180377298,0.2,1192.45,346.00,-1.156,77.2,38.58,13.51,1190.91,4336693.80,1781499.46
00:21:02.291,18/01/2026,07:21:55,17_T02,39.121481086,10.180375979,0.2,1193.06,346.55,-1.295,77.2,38.58,13.51,1190.91,4336693.69,1781499.37
00:21:03.303,18/01/2026,07:21:56,17_T02,39.121481370,10.180376148,0.2,1193.60,347.00,-1.269,77.2,38.57,13.50,1192.05,4336693.70,1781499.40
00:21:04.298,18/01/2026,07:21:57,17_T02,39.121481677,10.180375924,0.2,1193.87,347.26,-1.273,77.2,38.57,13.50,1192.05,4336693.68,1781499.44
00:21:05.294,18/01/2026,07:21:58,17_T02,39.121481967,10.180375486,0.1,1193.97,347.42,-1.295,77.2,38.58,13.51,1192.76,4336693.64,1781499.47
00:21:06.291,18/01/2026,07:21:59,17_T02,39.121482309,10.180375574,0.1,1194.31,347.75,-1.272,77.2,38.58,13.51,1192.76,4336693.65,1781499.51
00:21:07.296,18/01/2026,07:22:00,17_T02,39.121479693,10.180373230,0.2,1195.13,348.11,-1.576,77.2,38.59,13.52,1193.36,4336693.45,1781499.22
00:21:08.295,18/01/2026,07:22:01,17_T02,39.121478263,10.180372480,0.3,1196.13,348.69,-1.701,77.2,38.59,13.52,1193.36,4336693.38,1781499.06
00:21:09.302,18/01/2026,07:22:02,17_T02,39.121478034,10.180372643,0.3,1196.84,349.29,-1.698,77.2,38.57,13.50,1195.20,4336693.40,1781499.03
00:21:10.293,18/01/2026,07:22:03,17_T02,39.121478076,10.180372047,0.3,1197.10,349.58,-1.743,77.2,38.57,13.50,1195.20,4336693.34,1781499.04
00:21:11.289,18/01/2026,07:22:04,17_T02,39.121478452,10.180371682,0.2,1197.11,349.86,-1.755,77.2,38.56,13.51,1195.97,4336693.31,1781499.08
00:21:12.289,18/01/2026,07:22:05,17_T02,39.121478952,10.180371625,0.1,1197.27,350.09,-1.737,77.2,38.56,13.51,1195.97,4336693.31,1781499.14
00:21:13.301,18/01/2026,07:22:06,17_T02,39.121479352,10.180372055,0.1,1197.84,350.56,-1.685,77.2,38.57,13.50,1196.29,4336693.35,1781499.18
00:21:14.298,18/01/2026,07:22:07,17_T02,39.121478030,10.180369181,0.2,1198.75,351.19,-1.973,77.2,38.57,13.50,1196.29,4336693.10,1781499.03
00:21:15.298,18/01/2026,07:22:08,17_T02,39.121477148,10.180367912,0.3,1199.65,352.02,-2.114,77.2,38.56,13.49,1197.96,4336692.99,1781498.94
00:21:16.290,18/01/2026,07:22:09,17_T02,39.121476900,10.180367869,0.1,1200.22,352.85,-2.128,77.2,38.56,13.49,1197.96,4336692.98,1781498.91
00:21:17.301,18/01/2026,07:22:10,17_T02,39.121476945,10.180367294,0.1,1200.43,353.38,-2.172,77.2,38.58,13.49,1199.18,4336692.93,1781498.91
00:21:18.294,18/01/2026,07:22:11,17_T02,39.121477304,10.180367277,0.1,1200.48,354.00,-2.157,77.2,38.58,13.49,1199.18,4336692.93,1781498.95
00:21:19.303,18/01/2026,07:22:12,17_T02,39.121477817,10.180367588,0.1,1200.65,354.62,-2.109,77.2,38.57,13.50,1199.44,4336692.96,1781499.01
00:21:20.297,18/01/2026,07:22:13,17_T02,39.121478569,10.180370705,0.2,1201.17,355.40,-1.828,77.2,38.57,13.50,1199.44,4336693.23,1781499.09
00:21:21.293,18/01/2026,07:22:14,17_T02,39.121478963,10.180372768,0.2,1202.12,356.18,-1.646,77.2,38.57,13.50,1200.46,4336693.41,1781499.14
00:21:22.300,18/01/2026,07:22:15,17_T02,39.121478768,10.180373669,0.2,1203.15,357.17,-1.583,77.2,38.57,13.50,1200.46,4336693.49,1781499.12
00:21:23.297,18/01/2026,07:22:16,17_T02,39.121478391,10.180373623,0.1,1203.76,358.18,-1.604,77.2,38.57,13.48,1202.33,4336693.48,1781499.07
00:21:24.289,18/01/2026,07:22:17,17_T02,39.121478493,10.180372933,0.2,1203.86,358.76,-1.654,77.2,38.57,13.48,1202.33,4336693.42,1781499.09
00:21:25.301,18/01/2026,07:22:18,17_T02,39.121478955,10.180372911,0.2,1203.82,359.19,-1.635,77.2,38.57,13.49,1202.72,4336693.42,1781499.14
00:21:26.300,18/01/2026,07:22:19,17_T02,39.121479012,10.180372826,0.2,1204.11,359.67,-1.639,77.2,38.57,13.49,1202.72,4336693.41,1781499.14
00:21:27.297,18/01/2026,07:22:20,17_T02,39.121479110,10.180373056,0.1,1204.90,0.12,-1.617,77.2,38.57,13.49,1203.38,4336693.43,1781499.15
00:21:28.292,18/01/2026,07:22:21,17_T02,39.121479148,10.180373581,0.1,1205.84,0.69,-1.573,77.2,38.57,13.49,1203.38,4336693.48,1781499.16
00:21:29.298,18/01/2026,07:22:22,17_T02,39.121478924,10.180373568,0.1,1206.46,1.33,-1.584,77.2,38.57,13.48,1205.08,4336693.48,1781499.13
00:21:30.293,18/01/2026,07:22:23,17_T02,39.121478857,10.180372951,0.1,1206.65,1.76,-1.636,77.2,38.57,13.48,1205.08,4336693.42,1781499.13
00:21:31.290,18/01/2026,07:22:24,17_T02,39.121479104,10.180372887,0.1,1206.75,2.29,-1.630,77.2,38.56,13.49,1205.57,4336693.42,1781499.15
00:21:32.303,18/01/2026,07:22:25,17_T02,39.121479016,10.180373126,0.1,1207.20,3.13,-1.615,77.2,38.56,13.49,1205.57,4336693.44,1781499.14
00:21:33.290,18/01/2026,07:22:26,17_T02,39.121478932,10.180373675,0.1,1208.06,4.02,-1.576,77.2,38.55,13.50,1206.62,4336693.49,1781499.13
00:21:34.289,18/01/2026,07:22:27,17_T02,39.121478789,10.180374167,0.1,1208.91,4.83,-1.543,77.2,38.55,13.50,1206.62,4336693.53,1781499.12
00:21:35.297,18/01/2026,07:22:28,17_T02,39.121478630,10.180374120,0.1,1209.34,5.58,-1.554,77.2,38.55,13.50,1206.62,4336693.53,1781499.10
00:21:36.293,18/01/2026,07:22:29,17_T02,39.121478712,10.180373830,0.1,1209.45,6.27,-1.573,77.2,38.57,13.48,1208.08,4336693.50,1781499.11
00:21:37.304,18/01/2026,07:22:30,17_T02,39.121478955,10.180374108,0.1,1209.68,7.06,-1.540,77.2,38.57,13.48,1208.08,4336693.52,1781499.14
00:21:38.297,18/01/2026,07:22:31,17_T02,39.121479693,10.180376008,0.1,1210.30,7.91,-1.356,77.2,38.57,13.49,1208.48,4336693.69,1781499.22
00:21:39.291,18/01/2026,07:22:32,17_T02,39.121479969,10.180377020,0.1,1211.16,8.58,-1.263,77.2,38.57,13.49,1208.48,4336693.78,1781499.25
00:21:40.305,18/01/2026,07:22:33,17_T02,39.121479856,10.180377148,0.1,1211.84,9.27,-1.258,77.2,38.56,13.49,1209.80,4336693.79,1781499.24
00:21:41.299,18/01/2026,07:22:34,17_T02,39.121479840,10.180376758,0.1,1212.15,9.83,-1.290,77.2,38.56,13.49,1209.80,4336693.75,1781499.23
00:21:42.300,18/01/2026,07:22:35,17_T02,39.121479966,10.180376519,0.1,1212.28,10.38,-1.303,77.2,38.57,13.49,1210.94,4336693.73,1781499.25
00:21:43.296,18/01/2026,07:22:36,17_T02,39.121480145,10.180376814,0.1,1212.57,10.97,-1.271,77.2,38.57,13.49,1210.94,4336693.76,1781499.27
00:21:44.294,18/01/2026,07:22:37,17_T02,39.121477669,10.180374641,0.1,1213.20,11.76,-1.556,77.2,38.57,13.49,1211.38,4336693.57,1781498.99
00:21:45.292,18/01/2026,07:22:38,17_T02,39.121476341,10.180373708,0.2,1214.03,12.45,-1.690,77.2,38.57,13.49,1211.38,4336693.49,1781498.85
00:21:46.300,18/01/2026,07:22:39,17_T02,39.121476053,10.180373774,0.2,1214.76,13.25,-1.697,77.2,38.56,13.49,1212.73,4336693.50,1781498.82
00:21:47.297,18/01/2026,07:22:40,17_T02,39.121475850,10.180373392,0.1,1215.20,13.98,-1.737,77.2,38.56,13.49,1212.73,4336693.46,1781498.79
00:21:48.293,18/01/2026,07:22:41,17_T02,39.121475867,10.180373094,0.1,1215.45,14.61,-1.760,77.2,38.57,13.49,1214.00,4336693.44,1781498.80
00:21:49.298,18/01/2026,07:22:42,17_T02,39.121475935,10.180373297,0.1,1215.72,15.35,-1.741,77.2,38.57,13.49,1214.00,4336693.45,1781498.80
00:21:50.291,18/01/2026,07:22:43,17_T02,39.121474962,10.180372576,0.1,1216.17,16.15,-1.842,77.2,38.57,13.50,1214.57,4336693.39,1781498.70
00:21:51.302,18/01/2026,07:22:44,17_T02,39.121474347,10.180372358,0.2,1216.81,16.90,-1.887,77.2,38.57,13.50,1214.57,4336693.37,1781498.63
00:21:52.298,18/01/2026,07:22:45,17_T02,39.121474098,10.180372297,0.1,1217.54,17.40,-1.903,77.2,38.56,13.50,1215.64,4336693.37,1781498.60
00:21:53.294,18/01/2026,07:22:46,17_T02,39.121473721,10.180372021,0.1,1218.15,17.97,-1.942,77.2,38.56,13.50,1215.64,4336693.34,1781498.56
00:21:54.289,18/01/2026,07:22:47,17_T02,39.121473546,10.180371500,0.1,1218.53,18.52,-1.991,77.2,38.57,13.48,1216.96,4336693.30,1781498.54
00:21:55.300,18/01/2026,07:22:48,17_T02,39.121473536,10.180371225,0.1,1218.75,19.06,-2.013,77.2,38.57,13.48,1216.96,4336693.27,1781498.54
00:21:56.295,18/01/2026,07:22:49,17_T02,39.121473542,10.180371222,0.1,1219.02,19.56,-2.013,77.2,38.57,13.49,1217.63,4336693.27,1781498.54
00:21:57.300,18/01/2026,07:22:50,17_T02,39.121476796,10.180375237,0.1,1219.54,20.14,-1.548,77.2,38.57,13.49,1217.63,4336693.62,1781498.90
00:21:58.295,18/01/2026,07:22:51,17_T02,39.121478333,10.180377420,0.1,1220.36,20.61,-1.305,77.2,38.56,13.50,1218.42,4336693.81,1781499.07
00:21:59.291,18/01/2026,07:22:52,17_T02,39.121477849,10.180377465,0.1,1221.20,21.24,-1.323,77.2,38.56,13.50,1218.42,4336693.82,1781499.01
00:22:00.292,18/01/2026,07:22:53,17_T02,39.121477437,10.180377121,0.1,1221.74,21.91,-1.369,77.2,38.57,13.48,1220.09,4336693.79,1781498.97
00:22:01.302,18/01/2026,07:22:54,17_T02,39.121477509,10.180376525,0.1,1221.87,22.34,-1.413,77.2,38.57,13.48,1220.09,4336693.73,1781498.98
00:22:02.303,18/01/2026,07:22:55,17_T02,39.121477630,10.180376412,0.1,1221.90,22.75,-1.417,77.2,38.56,13.50,1220.74,4336693.72,1781498.99
00:22:03.297,18/01/2026,07:22:56,17_T02,39.121475903,10.180377764,0.1,1222.25,23.27,-1.387,77.2,38.56,13.50,1220.74,4336693.84,1781498.80
00:22:04.290,18/01/2026,07:22:57,17_T02,39.121474726,10.180378746,0.2,1223.08,23.78,-1.363,77.2,38.58,13.49,1221.20,4336693.93,1781498.67
00:22:05.289,18/01/2026,07:22:58,17_T02,39.121474231,10.180379003,0.2,1224.04,24.31,-1.364,77.2,38.58,13.49,1221.20,4336693.95,1781498.62
00:22:06.297,18/01/2026,07:22:59,17_T02,39.121473652,10.180378680,0.1,1224.69,24.82,-1.416,77.2,38.57,13.49,1223.00,4336693.92,1781498.55
00:22:07.301,18/01/2026,07:23:00,17_T02,39.121473499,10.180377939,0.1,1224.91,25.09,-1.482,77.2,38.57,13.49,1223.00,4336693.86,1781498.53
00:22:08.297,18/01/2026,07:23:01,17_T02,39.121473545,10.180377688,0.1,1224.97,25.31,-1.500,77.2,38.57,13.50,1223.77,4336693.84,1781498.54
00:22:09.292,18/01/2026,07:23:02,17_T02,39.121472056,10.180378633,0.1,1225.24,25.48,-1.492,77.2,38.57,13.50,1223.77,4336693.92,1781498.38
00:22:10.290,18/01/2026,07:23:03,17_T02,39.121470917,10.180379482,0.1,1225.89,25.74,-1.476,77.2,38.57,13.49,1224.21,4336693.99,1781498.25
00:22:11.302,18/01/2026,07:23:04,17_T02,39.121470589,10.180379686,0.1,1226.68,26.05,-1.474,77.2,38.57,13.49,1224.21,4336694.01,1781498.21
00:22:12.293,18/01/2026,07:23:05,17_T02,39.121470138,10.180379509,0.1,1227.37,26.46,-1.509,77.2,38.57,13.49,1225.70,4336694.00,1781498.16
00:22:13.303,18/01/2026,07:23:06,17_T02,39.121469693,10.180379126,0.1,1227.91,27.03,-1.559,77.2,38.57,13.49,1225.70,4336693.96,1781498.12
00:22:14.295,18/01/2026,07:23:07,17_T02,39.121469329,10.180378958,0.1,1228.38,27.63,-1.589,77.2,38.57,13.49,1226.92,4336693.95,1781498.08
00:22:15.291,18/01/2026,07:23:08,17_T02,39.121470807,10.180381306,0.1,1228.81,28.35,-1.336,77.2,38.57,13.49,1226.92,4336694.15,1781498.24
00:22:16.297,18/01/2026,07:23:09,17_T02,39.121471628,10.180382869,0.2,1229.16,28.96,-1.175,77.2,38.57,13.49,1227.78,4336694.29,1781498.33
00:22:17.294,18/01/2026,07:23:10,17_T02,39.121471427,10.180382884,0.2,1229.37,29.44,-1.183,77.2,38.57,13.49,1227.78,4336694.29,1781498.31
00:22:18.291,18/01/2026,07:23:11,17_T02,39.121471246,10.180382812,0.2,1229.67,29.80,-1.197,77.2,38.57,13.50,1228.31,4336694.28,1781498.29
00:22:19.303,18/01/2026,07:23:12,17_T02,39.121470756,10.180383006,0.1,1230.31,30.29,-1.203,77.2,38.57,13.50,1228.31,4336694.30,1781498.23
00:22:20.300,18/01/2026,07:23:13,17_T02,39.121470111,10.180383076,0.1,1231.22,30.73,-1.227,77.2,38.56,13.49,1229.50,4336694.31,1781498.16
00:22:21.302,18/01/2026,07:23:14,17_T02,39.121469333,10.180383016,0.1,1232.03,31.44,-1.267,77.2,38.56,13.49,1229.50,4336694.30,1781498.08
00:22:22.301,18/01/2026,07:23:15,17_T02,39.121468516,10.180382114,0.1,1232.42,31.97,-1.375,77.2,38.57,13.48,1231.04,4336694.22,1781497.99
00:22:23.299,18/01/2026,07:23:16,17_T02,39.121468304,10.180381469,0.2,1232.46,32.26,-1.436,77.2,38.57,13.48,1231.04,4336694.17,1781497.96
00:22:24.298,18/01/2026,07:23:17,17_T02,39.121468268,10.180381343,0.1,1232.57,32.43,-1.448,77.2,38.57,13.49,1231.35,4336694.16,1781497.96
00:22:25.294,18/01/2026,07:23:18,17_T02,39.121467930,10.180381561,0.1,1233.13,32.73,-1.446,77.2,38.57,13.49,1231.35,4336694.18,1781497.92
00:22:26.293,18/01/2026,07:23:19,17_T02,39.121467508,10.180381732,0.1,1234.02,32.96,-1.451,77.2,38.55,13.51,1232.40,4336694.19,1781497.87
00:22:27.301,18/01/2026,07:23:20,17_T02,39.121466905,10.180381497,0.1,1234.86,33.32,-1.497,77.2,38.55,13.51,1232.40,4336694.17,1781497.81
00:22:28.295,18/01/2026,07:23:21,17_T02,39.121466515,10.180381974,0.1,1235.38,33.69,-1.477,77.2,38.57,13.48,1233.95,4336694.21,1781497.77
00:22:29.289,18/01/2026,07:23:22,17_T02,39.121466416,10.180382091,0.1,1235.66,34.03,-1.472,77.2,38.57,13.48,1233.95,4336694.22,1781497.75
00:22:30.301,18/01/2026,07:23:23,17_T02,39.121466258,10.180382093,0.1,1235.86,34.51,-1.479,77.2,38.57,13.50,1234.63,4336694.22,1781497.74
00:22:31.301,18/01/2026,07:23:24,17_T02,39.121466037,10.180382338,0.1,1236.08,34.93,-1.469,77.2,38.57,13.50,1234.63,4336694.24,1781497.71
00:22:32.295,18/01/2026,07:23:25,17_T02,39.121465600,10.180382781,0.1,1236.55,35.49,-1.454,77.2,38.57,13.49,1235.17,4336694.28,1781497.66
00:22:33.288,18/01/2026,07:23:26,17_T02,39.121465048,10.180383184,0.1,1237.39,36.01,-1.447,77.2,38.57,13.49,1235.17,4336694.32,1781497.60
00:22:34.301,18/01/2026,07:23:27,17_T02,39.121463450,10.180381658,0.1,1238.32,36.58,-1.640,77.2,38.57,13.49,1236.79,4336694.18,1781497.43
00:22:35.296,18/01/2026,07:23:28,17_T02,39.121462465,10.180380164,0.1,1238.91,37.15,-1.803,77.2,38.57,13.49,1236.79,4336694.05,1781497.32
00:22:36.290,18/01/2026,07:23:29,17_T02,39.121462570,10.180379439,0.1,1239.07,37.42,-1.856,77.2,38.57,13.49,1237.87,4336693.99,1781497.33
00:22:37.303,18/01/2026,07:23:30,17_T02,39.121462628,10.180379264,0.1,1239.08,37.51,-1.867,77.2,38.57,13.49,1237.87,4336693.98,1781497.34
00:22:38.299,18/01/2026,07:23:31,17_T02,39.121462402,10.180379543,0.1,1239.38,37.59,-1.855,77.2,38.57,13.49,1237.87,4336694.00,1781497.31
00:22:39.293,18/01/2026,07:23:32,17_T02,39.121462040,10.180379858,0.1,1240.13,37.78,-1.846,77.2,38.57,13.49,1238.10,4336694.03,1781497.27
00:22:40.289,18/01/2026,07:23:33,17_T02,39.121462914,10.180385305,0.2,1241.05,38.05,-1.374,77.2,38.57,13.49,1238.10,4336694.50,1781497.37
00:22:41.302,18/01/2026,07:23:34,17_T02,39.121463084,10.180387707,0.2,1241.75,38.60,-1.176,77.2,38.56,13.49,1239.63,4336694.71,1781497.39
00:22:42.296,18/01/2026,07:23:35,17_T02,39.121462907,10.180387252,0.2,1242.08,39.06,-1.220,77.2,38.56,13.49,1239.63,4336694.67,1781497.37
00:22:43.295,18/01/2026,07:23:36,17_T02,39.121462867,10.180387230,0.2,1242.20,39.49,-1.224,77.2,38.57,13.49,1240.84,4336694.67,1781497.36
00:22:44.289,18/01/2026,07:23:37,17_T02,39.121462707,10.180387755,0.2,1242.48,39.93,-1.189,77.2,38.57,13.49,1240.84,4336694.72,1781497.35
00:22:45.299,18/01/2026,07:23:38,17_T02,39.121462230,10.180388506,0.2,1243.07,40.59,-1.151,77.2,38.57,13.49,1241.25,4336694.78,1781497.29
00:22:46.299,18/01/2026,07:23:39,17_T02,39.121464129,10.180392629,0.3,1243.86,41.13,-0.738,77.2,38.57,13.49,1241.25,4336695.14,1781497.50
00:22:47.292,18/01/2026,07:23:40,17_T02,39.121465063,10.180394816,0.3,1244.56,41.68,-0.522,77.2,38.56,13.49,1242.55,4336695.33,1781497.61
00:22:48.300,18/01/2026,07:23:41,17_T02,39.121464877,10.180394637,0.3,1245.00,42.24,-0.545,77.2,38.56,13.49,1242.55,4336695.31,1781497.59
00:22:49.291,18/01/2026,07:23:42,17_T02,39.121464813,10.180394655,0.3,1245.31,42.77,-0.546,77.2,38.57,13.49,1243.77,4336695.32,1781497.58
00:22:50.302,18/01/2026,07:23:43,17_T02,39.121464607,10.180395108,0.3,1245.72,43.41,-0.520,77.2,38.57,13.49,1243.77,4336695.35,1781497.56
00:22:51.288,18/01/2026,07:23:44,17_T02,39.121464258,10.180395674,0.3,1246.28,44.06,-0.490,77.2,38.57,13.50,1244.51,4336695.40,1781497.52
00:22:52.301,18/01/2026,07:23:45,17_T02,39.121464056,10.180395998,0.3,1246.78,44.45,-0.474,77.2,38.57,13.50,1244.51,4336695.43,1781497.50
00:22:53.298,18/01/2026,07:23:46,17_T02,39.121463574,10.180394869,0.3,1247.13,44.50,-0.585,77.2,38.57,13.49,1245.57,4336695.33,1781497.44
00:22:54.293,18/01/2026,07:23:47,17_T02,39.121463314,10.180394155,0.2,1247.56,44.46,-0.654,77.2,38.57,13.49,1245.57,4336695.27,1781497.41
00:22:55.303,18/01/2026,07:23:48,17_T02,39.121463044,10.180394187,0.2,1248.22,44.65,-0.663,77.2,38.57,13.49,1246.37,4336695.27,1781497.38
00:22:56.297,18/01/2026,07:23:49,17_T02,39.121462761,10.180394206,0.2,1248.97,45.01,-0.674,77.2,38.57,13.49,1246.37,4336695.28,1781497.35
00:22:57.290,18/01/2026,07:23:50,17_T02,39.121462641,10.180394237,0.1,1249.49,45.43,-0.677,77.2,38.57,13.49,1247.79,4336695.28,1781497.34
00:22:58.297,18/01/2026,07:23:51,17_T02,39.121462850,10.180394094,0.1,1249.69,45.67,-0.679,77.2,38.57,13.49,1247.79,4336695.27,1781497.36
00:22:59.293,18/01/2026,07:23:52,17_T02,39.121462501,10.180393832,0.1,1249.86,45.82,-0.716,77.2,38.57,13.49,1248.53,4336695.24,1781497.32
00:23:00.303,18/01/2026,07:23:53,17_T02,39.121462020,10.180394006,0.1,1250.33,46.11,-0.724,77.2,38.57,13.49,1248.53,4336695.26,1781497.27
00:23:01.299,18/01/2026,07:23:54,17_T02,39.121461739,10.180394262,0.1,1251.12,46.39,-0.716,77.2,38.58,13.50,1249.20,4336695.28,1781497.24
00:23:02.293,18/01/2026,07:23:55,17_T02,39.121461414,10.180394244,0.1,1251.89,46.72,-0.732,77.2,38.58,13.50,1249.20,4336695.28,1781497.20
00:23:03.297,18/01/2026,07:23:56,17_T02,39.121461270,10.180394055,0.1,1252.37,47.13,-0.754,77.2,38.57,13.49,1250.74,4336695.26,1781497.19
00:23:04.293,18/01/2026,07:23:57,17_T02,39.121461413,10.180393885,0.1,1252.61,47.44,-0.761,77.2,38.57,13.49,1250.74,4336695.25,1781497.20
00:23:05.292,18/01/2026,07:23:58,17_T02,39.121459771,10.180392163,0.1,1252.90,47.87,-0.972,77.2,38.57,13.50,1251.49,4336695.10,1781497.02
00:23:06.298,18/01/2026,07:23:59,17_T02,39.121458709,10.180391653,0.1,1253.42,48.41,-1.060,77.2,38.57,13.50,1251.49,4336695.06,1781496.91
00:23:07.291,18/01/2026,07:24:00,17_T02,39.121458382,10.180391935,0.1,1254.10,48.88,-1.052,77.2,38.56,13.51,1252.36,4336695.08,1781496.87
00:23:08.292,18/01/2026,07:24:01,17_T02,39.121458092,10.180391885,0.1,1254.76,49.35,-1.069,77.2,38.56,13.51,1252.36,4336695.08,1781496.84
00:23:09.289,18/01/2026,07:24:02,17_T02,39.121457829,10.180391696,0.1,1255.29,49.92,-1.096,77.2,38.57,13.49,1253.69,4336695.06,1781496.81
00:23:10.303,18/01/2026,07:24:03,17_T02,39.121457788,10.180391606,0.1,1255.63,50.47,-1.105,77.2,38.57,13.49,1253.69,4336695.05,1781496.80
00:23:11.298,18/01/2026,07:24:04,17_T02,39.121457751,10.180391750,0.1,1255.89,50.92,-1.096,77.2,38.57,13.49,1254.53,4336695.06,1781496.80
00:23:12.295,18/01/2026,07:24:05,17_T02,39.121457896,10.180390204,0.1,1256.31,51.47,-1.212,77.2,38.57,13.49,1254.53,4336694.93,1781496.82
00:23:13.303,18/01/2026,07:24:06,17_T02,39.121457725,10.180389462,0.1,1256.92,52.02,-1.278,77.2,38.56,13.50,1255.29,4336694.86,1781496.80
00:23:14.299,18/01/2026,07:24:07,17_T02,39.121457463,10.180389413,0.2,1257.63,52.35,-1.294,77.2,38.56,13.50,1255.29,4336694.86,1781496.77
00:23:15.291,18/01/2026,07:24:08,17_T02,39.121457155,10.180389157,0.2,1258.26,52.80,-1.328,77.2,38.57,13.49,1256.66,4336694.84,1781496.73
00:23:16.304,18/01/2026,07:24:09,17_T02,39.121457087,10.180388985,0.2,1258.66,53.33,-1.345,77.2,38.57,13.49,1256.66,4336694.82,1781496.73
00:23:17.300,18/01/2026,07:24:10,17_T02,39.121457141,10.180389033,0.2,1258.88,53.75,-1.339,77.2,38.57,13.49,1257.58,4336694.83,1781496.73
00:23:18.292,18/01/2026,07:24:11,17_T02,39.121455117,10.180389902,0.1,1259.14,54.18,-1.361,77.2,38.57,13.49,1257.58,4336694.90,1781496.51
00:23:19.289,18/01/2026,07:24:12,17_T02,39.121453753,10.180390575,0.1,1259.66,54.76,-1.369,77.2,38.57,13.51,1258.14,4336694.96,1781496.36
00:23:20.303,18/01/2026,07:24:13,17_T02,39.121453200,10.180390864,0.1,1260.44,55.25,-1.371,77.2,38.57,13.51,1258.14,4336694.99,1781496.30
00:23:21.299,18/01/2026,07:24:14,17_T02,39.121452672,10.180390740,0.1,1261.25,55.70,-1.405,77.2,38.57,13.49,1259.60,4336694.98,1781496.24
00:23:22.295,18/01/2026,07:24:15,17_T02,39.121452375,10.180390461,0.1,1261.82,56.22,-1.440,77.2,38.57,13.49,1259.60,4336694.95,1781496.21
00:23:23.291,18/01/2026,07:24:16,17_T02,39.121452504,10.180390307,0.1,1262.09,56.58,-1.447,77.2,38.57,13.49,1260.80,4336694.94,1781496.22
00:23:24.291,18/01/2026,07:24:17,17_T02,39.121452549,10.180390495,0.1,1262.18,56.80,-1.430,77.2,38.57,13.49,1260.80,4336694.96,1781496.23
00:23:25.302,18/01/2026,07:24:18,17_T02,39.121450661,10.180390037,0.1,1262.43,56.98,-1.551,77.2,38.57,13.50,1261.15,4336694.92,1781496.02
00:23:26.299,18/01/2026,07:24:19,17_T02,39.121449247,10.180390047,0.1,1263.10,57.38,-1.614,77.2,38.57,13.50,1261.15,4336694.92,1781495.86
00:23:27.292,18/01/2026,07:24:20,17_T02,39.121448548,10.180390279,0.1,1264.05,57.73,-1.627,77.2,38.55,13.51,1262.39,4336694.94,1781495.78
00:23:28.292,18/01/2026,07:24:21,17_T02,39.121447837,10.180390026,0.1,1264.91,58.34,-1.680,77.2,38.55,13.51,1262.39,4336694.92,1781495.71
00:23:29.301,18/01/2026,07:24:22,17_T02,39.121447768,10.180389553,0.1,1265.31,58.71,-1.720,77.2,38.57,13.49,1263.98,4336694.88,1781495.70
00:23:30.299,18/01/2026,07:24:23,17_T02,39.121447949,10.180389449,0.1,1265.27,58.79,-1.720,77.2,38.57,13.49,1263.98,4336694.87,1781495.72
00:23:31.295,18/01/2026,07:24:24,17_T02,39.121449353,10.180390665,0.1,1265.17,58.60,-1.561,77.2,38.57,13.49,1264.09,4336694.97,1781495.87
00:23:32.292,18/01/2026,07:24:25,17_T02,39.121449836,10.180391670,0.1,1265.56,58.56,-1.459,77.2,38.57,13.49,1264.09,4336695.06,1781495.93
00:23:33.291,18/01/2026,07:24:26,17_T02,39.121449276,10.180392150,0.1,1266.54,58.61,-1.446,77.2,38.58,13.50,1264.94,4336695.10,1781495.87
00:23:34.304,18/01/2026,07:24:27,17_T02,39.121448268,10.180392385,0.1,1267.66,59.17,-1.473,77.2,38.58,13.50,1264.94,4336695.12,1781495.75
00:23:35.302,18/01/2026,07:24:28,17_T02,39.121447650,10.180392046,0.1,1268.42,59.86,-1.528,77.2,38.57,13.49,1266.95,4336695.09,1781495.69
00:23:36.298,18/01/2026,07:24:29,17_T02,39.121447912,10.180391631,0.1,1268.67,60.08,-1.549,77.2,38.57,13.49,1266.95,4336695.06,1781495.71
00:23:37.293,18/01/2026,07:24:30,17_T02,39.121448285,10.180391997,0.1,1268.67,60.13,-1.503,77.2,38.56,13.50,1267.56,4336695.09,1781495.76
00:23:38.290,18/01/2026,07:24:31,17_T02,39.121448198,10.180392701,0.1,1268.79,60.09,-1.451,77.2,38.56,13.50,1267.56,4336695.15,1781495.75
00:23:39.290,18/01/2026,07:24:32,17_T02,39.121447691,10.180393412,0.1,1269.32,60.11,-1.417,77.2,38.57,13.49,1267.96,4336695.21,1781495.69
00:23:40.294,18/01/2026,07:24:33,17_T02,39.121447049,10.180393952,0.1,1270.25,60.23,-1.403,77.2,38.57,13.49,1267.96,4336695.26,1781495.62
00:23:41.302,18/01/2026,07:24:34,17_T02,39.121446230,10.180394070,0.1,1271.23,60.66,-1.431,77.2,38.57,13.49,1267.96,4336695.27,1781495.53
00:23:42.298,18/01/2026,07:24:35,17_T02,39.121445888,10.180393644,0.1,1271.86,61.09,-1.480,77.2,38.57,13.49,1269.81,4336695.23,1781495.49
00:23:43.293,18/01/2026,07:24:36,17_T02,39.121446125,10.180393359,0.1,1272.00,61.24,-1.492,77.2,38.57,13.49,1269.81,4336695.21,1781495.52
00:23:44.304,18/01/2026,07:24:37,17_T02,39.121446091,10.180393868,0.1,1271.87,61.31,-1.453,77.2,38.57,13.50,1270.85,4336695.25,1781495.51
00:23:45.295,18/01/2026,07:24:38,17_T02,39.121445820,10.180394703,0.1,1271.95,61.19,-1.399,77.2,38.57,13.50,1270.85,4336695.32,1781495.48
00:23:46.294,18/01/2026,07:24:39,17_T02,39.121445358,10.180395362,0.1,1272.59,61.26,-1.368,77.2,38.57,13.49,1270.78,4336695.38,1781495.43
00:23:47.301,18/01/2026,07:24:40,17_T02,39.121444350,10.180396097,0.1,1273.64,61.68,-1.355,77.2,38.57,13.49,1270.78,4336695.45,1781495.32
00:23:48.291,18/01/2026,07:24:41,17_T02,39.121443369,10.180396215,0.1,1274.67,62.36,-1.390,77.2,38.56,13.50,1272.27,4336695.46,1781495.21
00:23:49.289,18/01/2026,07:24:42,17_T02,39.121443081,10.180395863,0.1,1275.26,63.01,-1.431,77.2,38.56,13.50,1272.27,4336695.43,1781495.18
00:23:50.299,18/01/2026,07:24:43,17_T02,39.121442277,10.180393074,0.1,1275.36,63.31,-1.688,77.2,38.57,13.49,1273.99,4336695.18,1781495.09
00:23:51.295,18/01/2026,07:24:44,17_T02,39.121441513,10.180392117,0.1,1275.28,63.46,-1.799,77.2,38.57,13.49,1273.99,4336695.10,1781495.01
00:23:52.294,18/01/2026,07:24:45,17_T02,39.121440906,10.180393046,0.1,1275.51,63.70,-1.752,77.2,38.57,13.50,1274.18,4336695.18,1781494.94
00:23:53.300,18/01/2026,07:24:46,17_T02,39.121440123,10.180393825,0.1,1276.30,64.12,-1.726,77.2,38.57,13.50,1274.18,4336695.25,1781494.86
00:23:54.293,18/01/2026,07:24:47,17_T02,39.121439027,10.180394271,0.1,1277.36,64.80,-1.740,77.2,38.58,13.50,1275.06,4336695.29,1781494.73
00:23:55.299,18/01/2026,07:24:48,17_T02,39.121438203,10.180394143,0.1,1278.20,65.64,-1.787,77.2,38.58,13.50,1275.06,4336695.28,1781494.64
00:23:56.290,18/01/2026,07:24:49,17_T02,39.121440419,10.180398721,0.2,1278.51,66.02,-1.324,77.2,38.57,13.49,1276.95,4336695.67,1781494.89
00:23:57.290,18/01/2026,07:24:50,17_T02,39.121441459,10.180401591,0.2,1278.45,66.41,-1.049,77.2,38.57,13.49,1276.95,4336695.92,1781495.00
00:23:58.300,18/01/2026,07:24:51,17_T02,39.121441018,10.180402525,0.2,1278.46,66.74,-0.995,77.2,38.56,13.50,1277.35,4336696.01,1781494.96
00:23:59.296,18/01/2026,07:24:52,17_T02,39.121440121,10.180403545,0.2,1278.97,67.35,-0.954,77.2,38.56,13.50,1277.35,4336696.09,1781494.86
00:24:00.288,18/01/2026,07:24:53,17_T02,39.121439026,10.180404346,0.2,1279.97,68.10,-0.940,77.2,38.57,13.49,1277.84,4336696.16,1781494.74
00:24:01.300,18/01/2026,07:24:54,17_T02,39.121437886,10.180404690,0.2,1281.02,69.10,-0.964,77.2,38.57,13.49,1277.84,4336696.19,1781494.61
00:24:02.298,18/01/2026,07:24:55,17_T02,39.121437506,10.180404544,0.2,1281.67,69.81,-0.993,77.2,38.57,13.49,1279.85,4336696.18,1781494.57
00:24:03.292,18/01/2026,07:24:56,17_T02,39.121436979,10.180401281,0.2,1281.74,70.16,-1.276,77.2,38.57,13.49,1279.85,4336695.90,1781494.51
00:24:04.293,18/01/2026,07:24:57,17_T02,39.121436335,10.180400426,0.2,1281.52,70.52,-1.373,77.2,38.56,13.50,1280.59,4336695.82,1781494.44
00:24:05.290,18/01/2026,07:24:58,17_T02,39.121435703,10.180401304,0.1,1281.61,70.89,-1.331,77.2,38.56,13.50,1280.59,4336695.90,1781494.37
00:24:06.301,18/01/2026,07:24:59,17_T02,39.121434727,10.180402183,0.1,1282.40,71.35,-1.306,77.2,38.57,13.49,1280.54,4336695.98,1781494.26
00:24:07.297,18/01/2026,07:25:00,17_T02,39.121433318,10.180402659,0.2,1283.61,72.18,-1.331,77.2,38.57,13.49,1280.54,4336696.02,1781494.11
00:24:08.291,18/01/2026,07:25:01,17_T02,39.121431894,10.180402624,0.2,1284.74,73.37,-1.398,77.2,38.56,13.50,1282.62,4336696.02,1781493.95
00:24:09.290,18/01/2026,07:25:02,17_T02,39.121430876,10.180400214,0.2,1285.12,73.95,-1.636,77.2,38.56,13.50,1282.62,4336695.81,1781493.84
00:24:10.299,18/01/2026,07:25:03,17_T02,39.121430384,10.180399479,0.2,1284.80,74.25,-1.716,77.2,38.57,13.50,1283.92,4336695.74,1781493.78
00:24:11.296,18/01/2026,07:25:04,17_T02,39.121429740,10.180400400,0.2,1284.50,74.73,-1.672,77.2,38.57,13.50,1283.92,4336695.82,1781493.71
00:24:12.292,18/01/2026,07:25:05,17_T02,39.121428599,10.180401309,0.2,1284.94,75.53,-1.651,77.2,38.57,13.50,1283.43,4336695.90,1781493.59
00:24:13.291,18/01/2026,07:25:06,17_T02,39.121427248,10.180401986,0.2,1285.96,76.31,-1.659,77.2,38.57,13.50,1283.43,4336695.96,1781493.44
00:24:14.290,18/01/2026,07:25:07,17_T02,39.121425438,10.180402033,0.2,1287.27,77.52,-1.736,77.2,38.57,13.50,1285.05,4336695.97,1781493.24
00:24:15.302,18/01/2026,07:25:08,17_T02,39.121424431,10.180401560,0.2,1288.13,78.86,-1.820,77.2,38.57,13.50,1285.05,4336695.93,1781493.13
00:24:16.296,18/01/2026,07:25:09,17_T02,39.121426914,10.180401585,0.2,1288.03,79.08,-1.705,77.2,38.57,13.49,1286.95,4336695.93,1781493.40
00:24:17.290,18/01/2026,07:25:10,17_T02,39.121427316,10.180402479,0.2,1287.62,79.77,-1.616,77.2,38.57,13.49,1286.95,4336696.00,1781493.44
00:24:18.288,18/01/2026,07:25:11,17_T02,39.121426107,10.180403498,0.2,1287.83,80.86,-1.590,77.2,38.57,13.50,1286.51,4336696.09,1781493.31
00:24:19.297,18/01/2026,07:25:12,17_T02,39.121424968,10.180404212,0.2,1288.71,81.89,-1.585,77.2,38.57,13.50,1286.51,4336696.16,1781493.19
00:24:20.294,18/01/2026,07:25:13,17_T02,39.121423424,10.180404291,0.2,1289.97,82.97,-1.648,77.2,38.57,13.50,1287.93,4336696.16,1781493.01
00:24:21.292,18/01/2026,07:25:14,17_T02,39.121422322,10.180403853,0.2,1290.97,84.22,-1.733,77.2,38.57,13.50,1287.93,4336696.13,1781492.89
00:24:22.293,18/01/2026,07:25:15,17_T02,39.121422452,10.180403670,0.2,1291.20,84.85,-1.741,77.2,38.57,13.49,1289.90,4336696.11,1781492.91
00:24:23.291,18/01/2026,07:25:16,17_T02,39.121422343,10.180404151,0.1,1291.01,85.38,-1.708,77.2,38.57,13.49,1289.90,4336696.15,1781492.90
00:24:24.290,18/01/2026,07:25:17,17_T02,39.121421359,10.180404891,0.1,1291.14,86.19,-1.694,77.2,38.57,13.49,1289.88,4336696.22,1781492.79
00:24:25.300,18/01/2026,07:25:18,17_T02,39.121420425,10.180405375,0.1,1291.86,86.95,-1.697,77.2,38.57,13.49,1289.88,4336696.26,1781492.68
00:24:26.294,18/01/2026,07:25:19,17_T02,39.121419648,10.180405519,0.1,1292.82,87.36,-1.721,77.2,38.57,13.50,1291.12,4336696.27,1781492.60
00:24:27.289,18/01/2026,07:25:20,17_T02,39.121419049,10.180405389,0.1,1293.55,88.01,-1.758,77.2,38.57,13.50,1291.12,4336696.26,1781492.53
00:24:28.300,18/01/2026,07:25:21,17_T02,39.121419067,10.180405401,0.1,1293.95,88.43,-1.756,77.2,38.57,13.49,1292.57,4336696.26,1781492.53
00:24:29.297,18/01/2026,07:25:22,17_T02,39.121420563,10.180403390,0.1,1294.27,88.84,-1.849,77.2,38.57,13.49,1292.57,4336696.09,1781492.70
00:24:30.290,18/01/2026,07:25:23,17_T02,39.121421046,10.180402357,0.1,1294.67,89.36,-1.909,77.2,38.57,13.50,1293.31,4336696.00,1781492.75
00:24:31.301,18/01/2026,07:25:24,17_T02,39.121420510,10.180402514,0.1,1295.12,89.94,-1.921,77.2,38.57,13.50,1293.31,4336696.01,1781492.69
00:24:32.297,18/01/2026,07:25:25,17_T02,39.121420232,10.180402602,0.1,1295.53,90.32,-1.926,77.2,38.56,13.49,1294.18,4336696.02,1781492.66
00:24:33.289,18/01/2026,07:25:26,17_T02,39.121420968,10.180399810,0.1,1296.03,90.61,-2.115,77.2,38.56,13.49,1294.18,4336695.77,1781492.74
00:24:34.298,18/01/2026,07:25:27,17_T02,39.121421166,10.180398127,0.2,1296.69,90.99,-2.239,77.2,38.56,13.49,1295.23,4336695.63,1781492.76
00:24:35.295,18/01/2026,07:25:28,17_T02,39.121421091,10.180397667,0.2,1297.39,91.44,-2.279,77.2,38.56,13.49,1295.23,4336695.59,1781492.76
00:24:36.303,18/01/2026,07:25:29,17_T02,39.121421181,10.180397420,0.2,1297.86,91.88,-2.295,77.2,38.57,13.49,1296.53,4336695.57,1781492.77
00:24:37.297,18/01/2026,07:25:30,17_T02,39.121421513,10.180397430,0.2,1298.07,92.13,-2.279,77.2,38.57,13.49,1296.53,4336695.57,1781492.80
00:24:38.290,18/01/2026,07:25:31,17_T02,39.121421670,10.180397474,0.2,1298.28,92.35,-2.269,77.2,38.57,13.50,1297.03,4336695.57,1781492.82
00:24:39.302,18/01/2026,07:25:32,17_T02,39.121421391,10.180397312,0.2,1298.83,92.79,-2.294,77.2,38.57,13.50,1297.03,4336695.56,1781492.79
00:24:40.297,18/01/2026,07:25:33,17_T02,39.121420090,10.180393214,0.3,1299.65,92.98,-2.678,77.2,38.56,13.50,1298.21,4336695.20,1781492.64
00:24:41.290,18/01/2026,07:25:34,17_T02,39.121419553,10.180390904,0.3,1300.37,93.27,-2.886,77.2,38.56,13.50,1298.21,4336695.00,1781492.58
00:24:42.288,18/01/2026,07:25:35,17_T02,39.121419781,10.180390484,0.2,1300.75,93.56,-2.909,77.2,38.56,13.50,1298.21,4336694.96,1781492.61
00:24:43.294,18/01/2026,07:25:36,17_T02,39.121420120,10.180390342,0.2,1300.94,93.75,-2.905,77.2,38.57,13.49,1299.49,4336694.95,1781492.65
00:24:44.301,18/01/2026,07:25:37,17_T02,39.121421407,10.180390607,0.1,1301.30,94.07,-2.826,77.2,38.57,13.49,1299.49,4336694.97,1781492.79
00:24:45.300,18/01/2026,07:25:38,17_T02,39.121421778,10.180390503,0.2,1302.01,94.48,-2.817,77.2,38.57,13.51,1300.03,4336694.96,1781492.83
00:24:46.298,18/01/2026,07:25:39,17_T02,39.121421705,10.180390059,0.2,1302.78,94.74,-2.856,77.2,38.57,13.51,1300.03,4336694.93,1781492.82
00:24:47.295,18/01/2026,07:25:40,17_T02,39.121422015,10.180389611,0.2,1303.24,94.95,-2.877,77.2,38.56,13.50,1301.43,4336694.89,1781492.86
00:24:48.294,18/01/2026,07:25:41,17_T02,39.121422591,10.180389407,0.2,1303.43,94.95,-2.868,77.2,38.56,13.50,1301.43,4336694.87,1781492.92
00:24:49.291,18/01/2026,07:25:42,17_T02,39.121422810,10.180389280,0.1,1303.71,94.98,-2.868,77.2,38.57,13.50,1302.25,4336694.86,1781492.94
00:24:50.292,18/01/2026,07:25:43,17_T02,39.121425063,10.180390021,0.1,1304.34,95.24,-2.707,77.2,38.57,13.50,1302.25,4336694.92,1781493.19
00:24:51.291,18/01/2026,07:25:44,17_T02,39.121426219,10.180390157,0.2,1305.17,95.37,-2.644,77.2,38.56,13.51,1303.06,4336694.93,1781493.32
00:24:52.303,18/01/2026,07:25:45,17_T02,39.121426355,10.180389704,0.2,1305.81,95.63,-2.674,77.2,38.56,13.51,1303.06,4336694.89,1781493.34
00:24:53.287,18/01/2026,07:25:46,17_T02,39.121426980,10.180389488,0.1,1306.05,95.69,-2.663,77.2,38.57,13.49,1304.55,4336694.87,1781493.40
00:24:54.298,18/01/2026,07:25:47,17_T02,39.121427460,10.180389459,0.1,1306.16,95.72,-2.644,77.2,38.57,13.49,1304.55,4336694.87,1781493.46
00:24:55.296,18/01/2026,07:25:48,17_T02,39.121427366,10.180389272,0.1,1306.64,95.94,-2.663,77.2,38.56,13.50,1305.01,4336694.86,1781493.45
00:24:56.291,18/01/2026,07:25:49,17_T02,39.121427112,10.180388924,0.1,1307.54,96.19,-2.702,77.2,38.56,13.50,1305.01,4336694.83,1781493.42
00:24:57.302,18/01/2026,07:25:50,17_T02,39.121427137,10.180386232,0.2,1308.41,96.51,-2.915,77.2,38.56,13.50,1306.32,4336694.59,1781493.42
00:24:58.296,18/01/2026,07:25:51,17_T02,39.121427576,10.180384438,0.2,1308.80,96.69,-3.037,77.2,38.56,13.50,1306.32,4336694.43,1781493.47
00:24:59.296,18/01/2026,07:25:52,17_T02,39.121428153,10.180384472,0.2,1308.80,96.72,-3.009,77.2,38.57,13.50,1307.62,4336694.44,1781493.53
00:25:00.291,18/01/2026,07:25:53,17_T02,39.121428280,10.180384540,0.2,1308.96,96.72,-2.997,77.2,38.57,13.50,1307.62,4336694.44,1781493.55
00:25:01.290,18/01/2026,07:25:54,17_T02,39.121428364,10.180380531,0.2,1309.66,96.80,-3.312,77.2,38.57,13.50,1307.83,4336694.09,1781493.56
00:25:02.301,18/01/2026,07:25:55,17_T02,39.121428251,10.180377636,0.2,1310.65,96.89,-3.547,77.2,38.57,13.50,1307.83,4336693.84,1781493.54
00:25:03.293,18/01/2026,07:25:56,17_T02,39.121428323,10.180377013,0.2,1311.44,97.12,-3.593,77.2,38.56,13.50,1309.53,4336693.79,1781493.55
00:25:04.300,18/01/2026,07:25:57,17_T02,39.121428908,10.180376737,0.2,1311.68,97.17,-3.589,77.2,38.56,13.50,1309.53,4336693.76,1781493.61
00:25:05.310,18/01/2026,07:25:58,17_T02,39.121429324,10.180376764,0.2,1311.59,97.09,-3.568,77.2,38.57,13.50,1310.51,4336693.77,1781493.66
00:25:06.298,18/01/2026,07:25:59,17_T02,39.121429384,10.180376862,0.2,1311.69,96.91,-3.557,77.2,38.57,13.50,1310.51,4336693.78,1781493.67
00:25:07.292,18/01/2026,07:26:00,17_T02,39.121429131,10.180376769,0.2,1312.35,96.89,-3.576,77.2,38.57,13.50,1310.59,4336693.77,1781493.64
00:25:08.290,18/01/2026,07:26:01,17_T02,39.121428934,10.180371622,0.2,1313.39,97.17,-3.994,77.2,38.57,13.50,1310.59,4336693.32,1781493.62
00:25:09.289,18/01/2026,07:26:02,17_T02,39.121428798,10.180367744,0.3,1314.33,97.80,-4.308,77.2,38.56,13.50,1312.36,4336692.98,1781493.60
00:25:10.289,18/01/2026,07:26:03,17_T02,39.121429223,10.180367217,0.3,1314.74,98.20,-4.331,77.2,38.56,13.50,1312.36,4336692.94,1781493.65
00:25:11.303,18/01/2026,07:26:04,17_T02,39.121429602,10.180367151,0.2,1314.74,98.49,-4.319,77.2,38.57,13.50,1313.58,4336692.93,1781493.69
00:25:12.301,18/01/2026,07:26:05,17_T02,39.121429516,10.180367209,0.2,1314.77,98.66,-4.318,77.2,38.57,13.50,1313.58,4336692.94,1781493.68
00:25:13.300,18/01/2026,07:26:06,17_T02,39.121429004,10.180367108,0.2,1315.26,98.93,-4.349,77.2,38.57,13.50,1313.70,4336692.93,1781493.62
00:25:14.298,18/01/2026,07:26:07,17_T02,39.121426706,10.180362784,0.3,1316.18,99.20,-4.796,77.2,38.57,13.50,1313.70,4336692.55,1781493.37
00:25:15.291,18/01/2026,07:26:08,17_T02,39.121425284,10.180359832,0.4,1317.14,99.70,-5.095,77.2,38.56,13.50,1315.24,4336692.29,1781493.21
00:25:16.300,18/01/2026,07:26:09,17_T02,39.121425281,10.180359029,0.4,1317.75,100.33,-5.159,77.2,38.56,13.50,1315.24,4336692.22,1781493.21
00:25:17.296,18/01/2026,07:26:10,17_T02,39.121425550,10.180358723,0.3,1317.91,100.81,-5.171,77.2,38.57,13.50,1316.64,4336692.20,1781493.24
00:25:18.295,18/01/2026,07:26:11,17_T02,39.121425416,10.180358673,0.3,1317.88,101.16,-5.181,77.2,38.57,13.50,1316.64,4336692.19,1781493.23
00:25:19.289,18/01/2026,07:26:12,17_T02,39.121425125,10.180357404,0.1,1318.10,101.34,-5.295,77.2,38.57,13.50,1316.76,4336692.08,1781493.19
00:25:20.301,18/01/2026,07:26:13,17_T02,39.121424546,10.180356515,0.1,1318.84,101.72,-5.391,77.2,38.57,13.50,1316.76,4336692.01,1781493.13
00:25:21.296,18/01/2026,07:26:14,17_T02,39.121423863,10.180355874,0.1,1319.87,102.33,-5.473,77.2,38.56,13.51,1318.01,4336691.95,1781493.05
00:25:22.290,18/01/2026,07:26:15,17_T02,39.121423555,10.180354977,0.1,1320.71,103.06,-5.558,77.2,38.56,13.51,1318.01,4336691.87,1781493.02
00:25:23.298,18/01/2026,07:26:16,17_T02,39.121423988,10.180354554,0.1,1321.05,103.46,-5.572,77.2,38.57,13.49,1319.67,4336691.84,1781493.07
00:25:24.289,18/01/2026,07:26:17,17_T02,39.121424139,10.180354578,0.1,1321.02,103.71,-5.564,77.2,38.57,13.49,1319.67,4336691.84,1781493.08
00:25:25.303,18/01/2026,07:26:18,17_T02,39.121425016,10.180354412,0.1,1321.09,103.96,-5.537,77.2,38.56,13.50,1319.90,4336691.82,1781493.18
00:25:26.300,18/01/2026,07:26:19,17_T02,39.121425136,10.180354069,0.1,1321.66,104.27,-5.559,77.2,38.56,13.50,1319.90,4336691.79,1781493.19
00:25:27.294,18/01/2026,07:26:20,17_T02,39.121424550,10.180353585,0.1,1322.65,104.61,-5.624,77.2,38.56,13.51,1320.92,4336691.75,1781493.13
00:25:28.302,18/01/2026,07:26:21,17_T02,39.121424252,10.180352752,0.1,1323.62,105.16,-5.704,77.2,38.56,13.51,1320.92,4336691.68,1781493.10
00:25:29.295,18/01/2026,07:26:22,17_T02,39.121424450,10.180352208,0.1,1324.12,105.62,-5.738,77.2,38.57,13.49,1322.71,4336691.63,1781493.12
00:25:30.289,18/01/2026,07:26:23,17_T02,39.121424778,10.180352153,0.1,1324.14,105.85,-5.727,77.2,38.57,13.49,1322.71,4336691.63,1781493.15
00:25:31.289,18/01/2026,07:26:24,17_T02,39.121424690,10.180352259,0.1,1324.10,105.93,-5.723,77.2,38.56,13.50,1322.98,4336691.64,1781493.14
00:25:32.297,18/01/2026,07:26:25,17_T02,39.121423446,10.180347669,0.1,1324.51,106.20,-6.143,77.2,38.56,13.50,1322.98,4336691.24,1781493.01
00:25:33.295,18/01/2026,07:26:26,17_T02,39.121422404,10.180344683,0.1,1325.44,106.59,-6.428,77.2,38.57,13.50,1323.82,4336690.98,1781492.89
00:25:34.290,18/01/2026,07:26:27,17_T02,39.121421951,10.180343864,0.1,1326.43,107.11,-6.513,77.2,38.57,13.50,1323.82,4336690.91,1781492.84
00:25:35.302,18/01/2026,07:26:28,17_T02,39.121422097,10.180343162,0.1,1326.98,107.65,-6.562,77.2,38.57,13.49,1325.58,4336690.85,1781492.86
00:25:36.290,18/01/2026,07:26:29,17_T02,39.121422378,10.180343389,0.1,1327.08,107.89,-6.532,77.2,38.57,13.49,1325.58,4336690.86,1781492.89
00:25:37.300,18/01/2026,07:26:30,17_T02,39.121422169,10.180343559,0.1,1327.13,108.15,-6.527,77.2,38.56,13.50,1325.93,4336690.88,1781492.86
00:25:38.295,18/01/2026,07:26:31,17_T02,39.121421528,10.180343330,0.1,1327.56,108.61,-6.575,77.2,38.56,13.50,1325.93,4336690.86,1781492.79
00:25:39.293,18/01/2026,07:26:32,17_T02,39.121420940,10.180342914,0.1,1328.42,109.04,-6.634,77.2,38.57,13.50,1326.88,4336690.82,1781492.73
00:25:40.300,18/01/2026,07:26:33,17_T02,39.121420635,10.180342255,0.1,1329.32,109.46,-6.700,77.2,38.57,13.50,1326.88,4336690.77,1781492.69
00:25:41.290,18/01/2026,07:26:34,17_T02,39.121420725,10.180341725,0.1,1329.88,109.95,-6.738,77.2,38.57,13.49,1328.53,4336690.72,1781492.70
00:25:42.298,18/01/2026,07:26:35,17_T02,39.121420960,10.180341641,0.1,1330.05,110.32,-6.734,77.2,38.57,13.49,1328.53,4336690.71,1781492.73
00:25:43.294,18/01/2026,07:26:36,17_T02,39.121421789,10.180342318,0.1,1330.13,110.77,-6.643,77.2,38.57,13.49,1328.53,4336690.77,1781492.82
00:25:44.289,18/01/2026,07:26:37,17_T02,39.121421842,10.180342578,0.1,1330.48,111.27,-6.620,77.2,38.56,13.50,1328.97,4336690.79,1781492.83
00:25:45.300,18/01/2026,07:26:38,17_T02,39.121421254,10.180342212,0.1,1331.24,111.85,-6.676,77.2,38.56,13.50,1328.97,4336690.76,1781492.76
00:25:46.296,18/01/2026,07:26:39,17_T02,39.121420864,10.180341662,0.1,1332.13,112.40,-6.737,77.2,38.57,13.52,1329.82,4336690.71,1781492.72
00:25:47.294,18/01/2026,07:26:40,17_T02,39.121420925,10.180341018,0.1,1332.80,112.95,-6.785,77.2,38.57,13.52,1329.82,4336690.66,1781492.73
00:25:48.290,18/01/2026,07:26:41,17_T02,39.121424538,10.180345228,0.1,1333.03,113.31,-6.288,77.2,38.57,13.49,1331.48,4336691.02,1781493.13
00:25:49.288,18/01/2026,07:26:42,17_T02,39.121426110,10.180347349,0.2,1333.02,113.61,-6.049,77.2,38.57,13.49,1331.48,4336691.21,1781493.30
00:25:50.303,18/01/2026,07:26:43,17_T02,39.121425855,10.180347369,0.2,1333.26,113.86,-6.059,77.2,38.56,13.50,1331.89,4336691.21,1781493.27
00:25:51.293,18/01/2026,07:26:44,17_T02,39.121425405,10.180347101,0.2,1334.08,114.29,-6.100,77.2,38.56,13.50,1331.89,4336691.19,1781493.22
00:25:52.288,18/01/2026,07:26:45,17_T02,39.121424924,10.180346417,0.2,1335.18,114.95,-6.176,77.2,38.57,13.51,1332.75,4336691.13,1781493.17
00:25:53.301,18/01/2026,07:26:46,17_T02,39.121424798,10.180345548,0.2,1335.99,115.88,-6.251,77.2,38.57,13.51,1332.75,4336691.05,1781493.15
00:25:54.296,18/01/2026,07:26:47,17_T02,39.121423871,10.180342737,0.2,1336.18,116.19,-6.516,77.2,38.57,13.50,1334.69,4336690.81,1781493.05
00:25:55.293,18/01/2026,07:26:48,17_T02,39.121423303,10.180341518,0.3,1336.02,116.20,-6.638,77.2,38.57,13.50,1334.69,4336690.70,1781492.99
00:25:56.303,18/01/2026,07:26:49,17_T02,39.121423170,10.180341606,0.3,1336.14,116.04,-6.637,77.2,38.56,13.50,1334.92,4336690.71,1781492.97
00:25:57.300,18/01/2026,07:26:50,17_T02,39.121422873,10.180341418,0.2,1336.94,116.04,-6.666,77.2,38.56,13.50,1334.92,4336690.69,1781492.94
00:25:58.295,18/01/2026,07:26:51,17_T02,39.121422504,10.180340721,0.2,1338.04,116.33,-6.738,77.2,38.57,13.50,1335.72,4336690.63,1781492.90
00:25:59.290,18/01/2026,07:26:52,17_T02,39.121422568,10.180340129,0.2,1338.80,116.76,-6.782,77.2,38.57,13.50,1335.72,4336690.58,1781492.91
00:26:00.297,18/01/2026,07:26:53,17_T02,39.121423275,10.180340346,0.2,1338.91,116.64,-6.733,77.2,38.57,13.49,1337.55,4336690.60,1781492.99
00:26:01.291,18/01/2026,07:26:54,17_T02,39.121423530,10.180339968,0.2,1338.78,116.53,-6.751,77.2,38.57,13.49,1337.55,4336690.57,1781493.01
00:26:02.288,18/01/2026,07:26:55,17_T02,39.121423242,10.180339542,0.1,1339.03,116.60,-6.798,77.2,38.56,13.50,1337.67,4336690.53,1781492.98
00:26:03.297,18/01/2026,07:26:56,17_T02,39.121422839,10.180339200,0.1,1339.92,116.78,-6.843,77.2,38.56,13.50,1337.67,4336690.50,1781492.94
00:26:04.294,18/01/2026,07:26:57,17_T02,39.121422406,10.180338396,0.1,1341.01,117.23,-6.927,77.2,38.57,13.50,1338.80,4336690.43,1781492.89
00:26:05.288,18/01/2026,07:26:58,17_T02,39.121422724,10.180336285,0.1,1341.70,117.71,-7.080,77.2,38.57,13.50,1338.80,4336690.25,1781492.92
00:26:06.301,18/01/2026,07:26:59,17_T02,39.121423389,10.180335691,0.1,1341.84,117.82,-7.097,77.2,38.57,13.50,1340.51,4336690.19,1781493.00
00:26:07.300,18/01/2026,07:27:00,17_T02,39.121423410,10.180335821,0.1,1341.83,118.00,-7.086,77.2,38.57,13.50,1340.51,4336690.21,1781493.00
00:26:08.293,18/01/2026,07:27:01,17_T02,39.121423023,10.180335640,0.1,1342.16,118.24,-7.118,77.2,38.56,13.50,1340.72,4336690.19,1781492.96
00:26:09.291,18/01/2026,07:27:02,17_T02,39.121422639,10.180335280,0.1,1342.96,118.45,-7.164,77.2,38.56,13.50,1340.72,4336690.16,1781492.91
00:26:10.302,18/01/2026,07:27:03,17_T02,39.121422374,10.180334708,0.1,1343.89,118.85,-7.221,77.2,38.56,13.50,1341.92,4336690.11,1781492.88
00:26:11.302,18/01/2026,07:27:04,17_T02,39.121422516,10.180334305,0.1,1344.49,119.26,-7.247,77.2,38.56,13.50,1341.92,4336690.07,1781492.90
00:26:12.294,18/01/2026,07:27:05,17_T02,39.121420760,10.180331636,0.1,1344.70,119.48,-7.538,77.2,38.57,13.50,1343.34,4336689.84,1781492.71
00:26:13.290,18/01/2026,07:27:06,17_T02,39.121419618,10.180330178,0.2,1344.86,119.69,-7.705,77.2,38.57,13.50,1343.34,4336689.72,1781492.58
00:26:14.303,18/01/2026,07:27:07,17_T02,39.121419243,10.180329915,0.2,1345.23,120.09,-7.743,77.2,38.57,13.50,1343.77,4336689.69,1781492.54
00:26:15.302,18/01/2026,07:27:08,17_T02,39.121418791,10.180329498,0.2,1345.84,120.59,-7.796,77.2,38.57,13.50,1343.77,4336689.66,1781492.49
00:26:16.293,18/01/2026,07:27:09,17_T02,39.121418562,10.180329105,0.2,1346.57,121.05,-7.838,77.2,38.55,13.51,1344.84,4336689.62,1781492.46
00:26:17.301,18/01/2026,07:27:10,17_T02,39.121418553,10.180328646,0.2,1347.21,121.58,-7.875,77.2,38.55,13.51,1344.84,4336689.58,1781492.46
00:26:18.300,18/01/2026,07:27:11,17_T02,39.121418698,10.180328253,0.2,1347.71,122.18,-7.900,77.2,38.57,13.49,1346.15,4336689.55,1781492.48
00:26:19.289,18/01/2026,07:27:12,17_T02,39.121417333,10.180323469,0.2,1348.11,122.75,-8.341,77.2,38.57,13.49,1346.15,4336689.13,1781492.33
00:26:20.300,18/01/2026,07:27:13,17_T02,39.121416446,10.180320863,0.2,1348.46,123.37,-8.588,77.2,38.57,13.50,1347.07,4336688.91,1781492.23
00:26:21.295,18/01/2026,07:27:14,17_T02,39.121416285,10.180320582,0.2,1348.79,123.85,-8.618,77.2,38.57,13.50,1347.07,4336688.88,1781492.21
00:26:22.295,18/01/2026,07:27:15,17_T02,39.121416246,10.180320344,0.2,1349.14,124.20,-8.638,77.2,38.57,13.51,1347.75,4336688.86,1781492.21
00:26:23.290,18/01/2026,07:27:16,17_T02,39.121415749,10.180319240,0.2,1349.64,124.44,-8.748,77.2,38.57,13.51,1347.75,4336688.77,1781492.15
00:26:24.300,18/01/2026,07:27:17,17_T02,39.121415551,10.180318297,0.3,1350.34,124.67,-8.832,77.2,38.56,13.50,1348.72,4336688.68,1781492.13
00:26:25.291,18/01/2026,07:27:18,17_T02,39.121415718,10.180317629,0.2,1351.11,125.04,-8.878,77.2,38.56,13.50,1348.72,4336688.63,1781492.15
00:26:26.300,18/01/2026,07:27:19,17_T02,39.121415837,10.180316977,0.1,1351.70,125.70,-8.924,77.2,38.57,13.50,1350.19,4336688.57,1781492.16
00:26:27.291,18/01/2026,07:27:20,17_T02,39.121415998,10.180316923,0.1,1351.98,126.21,-8.921,77.2,38.57,13.50,1350.19,4336688.56,1781492.18
00:26:28.299,18/01/2026,07:27:21,17_T02,39.121416115,10.180316935,0.1,1352.03,126.50,-8.915,77.2,38.57,13.50,1350.85,4336688.56,1781492.19
00:26:29.296,18/01/2026,07:27:22,17_T02,39.121416142,10.180316800,0.1,1352.18,126.74,-8.924,77.2,38.57,13.50,1350.85,4336688.55,1781492.19
00:26:30.293,18/01/2026,07:27:23,17_T02,39.121417291,10.180318244,0.1,1352.79,127.17,-8.758,77.2,38.57,13.50,1351.23,4336688.68,1781492.32
00:26:31.293,18/01/2026,07:27:24,17_T02,39.121417737,10.180318383,0.1,1353.78,127.55,-8.727,77.2,38.57,13.50,1351.23,4336688.69,1781492.37
00:26:32.300,18/01/2026,07:27:25,17_T02,39.121417777,10.180317308,0.1,1354.71,128.22,-8.810,77.2,38.56,13.50,1353.07,4336688.60,1781492.37
00:26:33.292,18/01/2026,07:27:26,17_T02,39.121418327,10.180317017,0.1,1355.17,128.79,-8.809,77.2,38.56,13.50,1353.07,4336688.57,1781492.43
00:26:34.289,18/01/2026,07:27:27,17_T02,39.121418106,10.180317548,0.1,1355.11,129.00,-8.776,77.2,38.56,13.51,1353.99,4336688.62,1781492.41
00:26:35.299,18/01/2026,07:27:28,17_T02,39.121417834,10.180317859,0.1,1354.99,128.83,-8.764,77.2,38.56,13.51,1353.99,4336688.64,1781492.38
00:26:36.296,18/01/2026,07:27:29,17_T02,39.121417663,10.180317659,0.1,1355.37,128.74,-8.787,77.2,38.57,13.50,1353.98,4336688.63,1781492.36
00:26:37.294,18/01/2026,07:27:30,17_T02,39.121417443,10.180317111,0.1,1356.33,128.76,-8.841,77.2,38.57,13.50,1353.98,4336688.58,1781492.34
00:26:38.293,18/01/2026,07:27:31,17_T02,39.121417258,10.180316100,0.1,1357.38,129.25,-8.930,77.2,38.56,13.50,1355.82,4336688.49,1781492.32
00:26:39.301,18/01/2026,07:27:32,17_T02,39.121417698,10.180315475,0.1,1357.99,129.81,-8.959,77.2,38.56,13.50,1355.82,4336688.44,1781492.36
00:26:40.293,18/01/2026,07:27:33,17_T02,39.121418335,10.180315769,0.1,1358.03,129.87,-8.907,77.2,38.57,13.51,1356.88,4336688.46,1781492.44
00:26:41.302,18/01/2026,07:27:34,17_T02,39.121417542,10.180313047,0.1,1357.90,129.81,-9.159,77.2,38.57,13.51,1356.88,4336688.23,1781492.35
00:26:42.295,18/01/2026,07:27:35,17_T02,39.121416773,10.180311301,0.1,1358.19,129.83,-9.333,77.2,38.57,13.50,1356.89,4336688.07,1781492.26
00:26:43.289,18/01/2026,07:27:36,17_T02,39.121416355,10.180310598,0.1,1359.12,129.97,-9.407,77.2,38.57,13.50,1356.89,4336688.01,1781492.22
00:26:44.299,18/01/2026,07:27:37,17_T02,39.121415874,10.180309261,0.2,1360.26,130.70,-9.535,77.2,38.57,13.50,1356.89,4336687.90,1781492.16
00:26:45.291,18/01/2026,07:27:38,17_T02,39.121415982,10.180308223,0.2,1360.99,131.59,-9.613,77.2,38.56,13.50,1358.76,4336687.81,1781492.17
00:26:46.302,18/01/2026,07:27:39,17_T02,39.121416722,10.180308477,0.2,1361.00,131.66,-9.559,77.2,38.56,13.50,1358.76,4336687.83,1781492.26
00:26:47.301,18/01/2026,07:27:40,17_T02,39.121416701,10.180308554,0.2,1360.71,131.63,-9.554,77.2,38.57,13.50,1359.85,4336687.84,1781492.25
00:26:48.296,18/01/2026,07:27:41,17_T02,39.121414973,10.180307293,0.2,1360.84,131.85,-9.732,77.2,38.57,13.50,1359.85,4336687.73,1781492.06
00:26:49.295,18/01/2026,07:27:42,17_T02,39.121413780,10.180306086,0.2,1361.68,132.22,-9.882,77.2,38.57,13.50,1359.64,4336687.62,1781491.93
00:26:50.290,18/01/2026,07:27:43,17_T02,39.121413291,10.180304713,0.2,1362.84,132.88,-10.013,77.2,38.57,13.50,1359.64,4336687.50,1781491.88
00:26:51.300,18/01/2026,07:27:44,17_T02,39.121413190,10.180303367,0.2,1363.76,133.89,-10.124,77.2,38.56,13.50,1361.44,4336687.38,1781491.86
00:26:52.295,18/01/2026,07:27:45,17_T02,39.121413311,10.180302675,0.1,1363.97,134.18,-10.174,77.2,38.56,13.50,1361.44,4336687.32,1781491.88
00:26:53.287,18/01/2026,07:27:46,17_T02,39.121413021,10.180302251,0.1,1363.77,134.63,-10.220,77.2,38.57,13.50,1362.78,4336687.29,1781491.85
00:26:54.299,18/01/2026,07:27:47,17_T02,39.121412333,10.180301633,0.1,1363.73,135.43,-10.301,77.2,38.57,13.50,1362.78,4336687.23,1781491.77
00:26:55.296,18/01/2026,07:27:48,17_T02,39.121411517,10.180300566,0.1,1364.33,136.44,-10.422,77.2,38.57,13.50,1362.60,4336687.14,1781491.68
00:26:56.296,18/01/2026,07:27:49,17_T02,39.121410875,10.180299151,0.1,1365.42,137.14,-10.563,77.2,38.57,13.50,1362.60,4336687.02,1781491.61
00:26:57.292,18/01/2026,07:27:50,17_T02,39.121410683,10.180297620,0.1,1366.50,138.01,-10.694,77.2,38.57,13.50,1364.14,4336686.89,1781491.59
00:26:58.289,18/01/2026,07:27:51,17_T02,39.121411071,10.180296951,0.1,1367.10,138.59,-10.729,77.2,38.57,13.50,1364.14,4336686.83,1781491.63
00:26:59.295,18/01/2026,07:27:52,17_T02,39.121411007,10.180296076,0.1,1367.16,138.69,-10.802,77.2,38.57,13.50,1365.88,4336686.75,1781491.62
00:27:00.290,18/01/2026,07:27:53,17_T02,39.121410494,10.180295471,0.1,1366.99,138.84,-10.873,77.2,38.57,13.50,1365.88,4336686.70,1781491.57
00:27:01.302,18/01/2026,07:27:54,17_T02,39.121409837,10.180294985,0.1,1367.07,139.04,-10.941,77.2,38.56,13.50,1365.87,4336686.66,1781491.49
00:27:02.300,18/01/2026,07:27:55,17_T02,39.121409029,10.180294018,0.1,1367.76,139.63,-11.054,77.2,38.56,13.50,1365.87,4336686.57,1781491.40
00:27:03.293,18/01/2026,07:27:56,17_T02,39.121408463,10.180292642,0.1,1368.83,140.16,-11.189,77.2,38.57,13.50,1366.59,4336686.45,1781491.34
00:27:04.301,18/01/2026,07:27:57,17_T02,39.121409127,10.180287064,0.1,1369.76,141.00,-11.602,77.2,38.57,13.50,1366.59,4336685.97,1781491.41
00:27:05.297,18/01/2026,07:27:58,17_T02,39.121410067,10.180284828,0.2,1370.17,141.26,-11.737,77.2,38.57,13.50,1368.55,4336685.77,1781491.52
00:27:06.295,18/01/2026,07:27:59,17_T02,39.121410269,10.180284829,0.2,1370.17,141.40,-11.728,77.2,38.57,13.50,1368.55,4336685.77,1781491.54
00:27:07.300,18/01/2026,07:28:00,17_T02,39.121409825,10.180284346,0.2,1370.16,141.60,-11.786,77.2,38.56,13.50,1369.03,4336685.73,1781491.49
00:27:08.297,18/01/2026,07:28:01,17_T02,39.121410714,10.180284301,0.2,1370.53,141.89,-11.750,77.2,38.56,13.50,1369.03,4336685.73,1781491.59
00:27:09.296,18/01/2026,07:28:02,17_T02,39.121411012,10.180283781,0.2,1371.33,142.13,-11.778,77.2,38.57,13.50,1369.45,4336685.68,1781491.62
00:27:10.293,18/01/2026,07:28:03,17_T02,39.121410814,10.180282612,0.2,1372.23,142.55,-11.880,77.2,38.57,13.50,1369.45,4336685.58,1781491.60
00:27:11.288,18/01/2026,07:28:04,17_T02,39.121411098,10.180281934,0.2,1372.91,142.95,-11.921,77.2,38.56,13.50,1371.14,4336685.52,1781491.63
00:27:12.295,18/01/2026,07:28:05,17_T02,39.121411546,10.180281913,0.2,1373.23,143.10,-11.902,77.2,38.56,13.50,1371.14,4336685.52,1781491.68
00:27:13.300,18/01/2026,07:28:06,17_T02,39.121412430,10.180282567,0.1,1373.32,143.31,-11.810,77.2,38.57,13.50,1372.11,4336685.58,1781491.78
00:27:14.292,18/01/2026,07:28:07,17_T02,39.121412549,10.180282504,0.1,1373.51,143.62,-11.810,77.2,38.57,13.50,1372.11,4336685.57,1781491.79
00:27:15.300,18/01/2026,07:28:08,17_T02,39.121412064,10.180281521,0.1,1374.08,144.11,-11.910,77.2,38.57,13.50,1372.45,4336685.48,1781491.74
00:27:16.292,18/01/2026,07:28:09,17_T02,39.121411776,10.180280497,0.1,1374.94,144.50,-12.004,77.2,38.57,13.50,1372.45,4336685.40,1781491.70
00:27:17.298,18/01/2026,07:28:10,17_T02,39.121413230,10.180275813,0.1,1375.71,144.89,-12.310,77.2,38.56,13.50,1373.98,4336684.99,1781491.86
00:27:18.295,18/01/2026,07:28:11,17_T02,39.121414317,10.180273512,0.2,1376.06,145.24,-12.444,77.2,38.56,13.50,1373.98,4336684.79,1781491.98
00:27:19.298,18/01/2026,07:28:12,17_T02,39.121414535,10.180273339,0.2,1376.05,145.49,-12.448,77.2,38.57,13.50,1374.91,4336684.77,1781492.01
00:27:20.288,18/01/2026,07:28:13,17_T02,39.121414373,10.180272910,0.2,1376.14,145.62,-12.489,77.2,38.57,13.50,1374.91,4336684.73,1781491.99
00:27:21.296,18/01/2026,07:28:14,17_T02,39.121414143,10.180272061,0.2,1376.79,145.89,-12.567,77.2,38.57,13.50,1375.15,4336684.66,1781491.96
00:27:22.295,18/01/2026,07:28:15,17_T02,39.121415567,10.180270672,0.2,1377.83,146.41,-12.613,77.2,38.57,13.50,1375.15,4336684.54,1781492.12
00:27:23.303,18/01/2026,07:28:16,17_T02,39.121416587,10.180269405,0.3,1378.68,147.18,-12.668,77.2,38.56,13.50,1377.01,4336684.43,1781492.23
00:27:24.299,18/01/2026,07:28:17,17_T02,39.121417049,10.180269109,0.3,1378.93,147.53,-12.671,77.2,38.56,13.50,1377.01,4336684.40,1781492.28
00:27:25.294,18/01/2026,07:28:18,17_T02,39.121417194,10.180269030,0.3,1378.82,147.71,-12.670,77.2,38.56,13.51,1377.75,4336684.40,1781492.30
00:27:26.290,18/01/2026,07:28:19,17_T02,39.121417977,10.180269839,0.2,1378.94,147.79,-12.571,77.2,38.56,13.51,1377.75,4336684.47,1781492.39
00:27:27.300,18/01/2026,07:28:20,17_T02,39.121418248,10.180269609,0.2,1379.68,148.07,-12.577,77.2,38.57,13.50,1378.04,4336684.45,1781492.42
00:27:28.299,18/01/2026,07:28:21,17_T02,39.121418234,10.180268579,0.2,1380.68,148.40,-12.659,77.2,38.57,13.50,1378.04,4336684.36,1781492.41
00:27:29.296,18/01/2026,07:28:22,17_T02,39.121418562,10.180267820,0.2,1381.37,148.85,-12.705,77.2,38.56,13.50,1379.82,4336684.29,1781492.45
00:27:30.289,18/01/2026,07:28:23,17_T02,39.121419080,10.180267724,0.1,1381.60,149.08,-12.689,77.2,38.56,13.50,1379.82,4336684.28,1781492.51
00:27:31.301,18/01/2026,07:28:24,17_T02,39.121419439,10.180266909,0.1,1381.72,149.33,-12.737,77.2,38.56,13.51,1380.51,4336684.21,1781492.55
00:27:32.296,18/01/2026,07:28:25,17_T02,39.121419388,10.180265863,0.1,1382.08,149.71,-12.823,77.2,38.56,13.51,1380.51,4336684.12,1781492.54
00:27:33.291,18/01/2026,07:28:26,17_T02,39.121419291,10.180264982,0.1,1382.70,150.08,-12.897,77.2,38.57,13.51,1381.22,4336684.04,1781492.53
00:27:34.311,18/01/2026,07:28:27,17_T02,39.121419384,10.180264287,0.1,1383.33,150.43,-12.948,77.2,38.57,13.51,1381.22,4336683.98,1781492.54
00:27:35.297,18/01/2026,07:28:28,17_T02,39.121419715,10.180263907,0.1,1383.79,150.69,-12.963,77.2,38.56,13.50,1382.43,4336683.95,1781492.58
00:27:36.291,18/01/2026,07:28:29,17_T02,39.121419960,10.180262578,0.1,1384.15,150.91,-13.058,77.2,38.56,13.50,1382.43,4336683.83,1781492.60
00:27:37.287,18/01/2026,07:28:30,17_T02,39.121420107,10.180261346,0.1,1384.64,151.28,-13.149,77.2,38.57,13.51,1383.27,4336683.73,1781492.62
00:27:38.296,18/01/2026,07:28:31,17_T02,39.121420298,10.180260550,0.1,1385.28,151.62,-13.204,77.2,38.57,13.51,1383.27,4336683.66,1781492.64
00:27:39.292,18/01/2026,07:28:32,17_T02,39.121420530,10.180259841,0.1,1385.87,151.83,-13.250,77.2,38.56,13.50,1384.51,4336683.60,1781492.67
00:27:40.289,18/01/2026,07:28:33,17_T02,39.121422108,10.180262403,0.1,1386.21,151.88,-12.975,77.2,38.56,13.50,1384.51,4336683.82,1781492.84
00:27:41.300,18/01/2026,07:28:34,17_T02,39.121423107,10.180263844,0.2,1386.38,151.77,-12.815,77.2,38.57,13.50,1385.18,4336683.94,1781492.95
00:27:42.291,18/01/2026,07:28:35,17_T02,39.121423382,10.180263553,0.2,1386.70,151.75,-12.826,77.2,38.57,13.50,1385.18,4336683.92,1781492.98
00:27:43.302,18/01/2026,07:28:36,17_T02,39.121423602,10.180262874,0.2,1387.36,151.85,-12.870,77.2,38.56,13.51,1385.97,4336683.86,1781493.01
00:27:44.288,18/01/2026,07:28:37,17_T02,39.121423917,10.180262006,0.2,1388.18,152.01,-12.925,77.2,38.56,13.51,1385.97,4336683.78,1781493.04
00:27:45.297,18/01/2026,07:28:38,17_T02,39.121424505,10.180263149,0.2,1388.84,152.35,-12.808,77.2,38.56,13.51,1385.97,4336683.88,1781493.11
00:27:46.290,18/01/2026,07:28:39,17_T02,39.121425050,10.180264040,0.2,1389.15,152.52,-12.712,77.2,38.56,13.50,1387.51,4336683.96,1781493.17
00:27:47.287,18/01/2026,07:28:40,17_T02,39.121425308,10.180263904,0.2,1389.24,152.69,-12.711,77.2,38.56,13.50,1387.51,4336683.95,1781493.19
00:27:48.296,18/01/2026,07:28:41,17_T02,39.121425416,10.180263532,0.2,1389.45,152.81,-12.736,77.2,38.56,13.51,1388.08,4336683.92,1781493.21
00:27:49.289,18/01/2026,07:28:42,17_T02,39.121426474,10.180264887,0.1,1390.02,153.10,-12.581,77.2,38.56,13.51,1388.08,4336684.03,1781493.32
00:27:50.297,18/01/2026,07:28:43,17_T02,39.121427139,10.180265085,0.2,1390.87,153.33,-12.535,77.2,38.57,13.51,1388.70,4336684.05,1781493.40
00:27:51.292,18/01/2026,07:28:44,17_T02,39.121427651,10.180264273,0.2,1391.68,153.70,-12.576,77.2,38.57,13.51,1388.70,4336683.98,1781493.45
00:27:52.301,18/01/2026,07:28:45,17_T02,39.121428328,10.180263989,0.2,1392.14,154.03,-12.568,77.2,38.56,13.50,1390.37,4336683.96,1781493.53
00:27:53.293,18/01/2026,07:28:46,17_T02,39.121428744,10.180264072,0.2,1392.28,154.14,-12.543,77.2,38.56,13.50,1390.37,4336683.96,1781493.57
00:27:54.290,18/01/2026,07:28:47,17_T02,39.121428798,10.180265502,0.1,1392.36,154.20,-12.427,77.2,38.56,13.51,1391.12,4336684.09,1781493.58
00:27:55.289,18/01/2026,07:28:48,17_T02,39.121428750,10.180265767,0.2,1392.69,154.23,-12.408,77.2,38.56,13.51,1391.12,4336684.11,1781493.57
00:27:56.289,18/01/2026,07:28:49,17_T02,39.121428752,10.180264954,0.2,1393.43,154.46,-12.473,77.2,38.57,13.50,1391.49,4336684.04,1781493.57
00:27:57.300,18/01/2026,07:28:50,17_T02,39.121428966,10.180263873,0.1,1394.36,154.89,-12.549,77.2,38.57,13.50,1391.49,4336683.94,1781493.60
00:27:58.296,18/01/2026,07:28:51,17_T02,39.121428176,10.180261574,0.1,1395.12,155.64,-12.767,77.2,38.56,13.50,1393.12,4336683.75,1781493.51
00:27:59.295,18/01/2026,07:28:52,17_T02,39.121428034,10.180260712,0.2,1395.43,156.13,-12.842,77.2,38.56,13.50,1393.12,4336683.67,1781493.49
00:28:00.288,18/01/2026,07:28:53,17_T02,39.121428136,10.180260556,0.2,1395.38,156.36,-12.850,77.2,38.57,13.50,1394.24,4336683.66,1781493.51
00:28:01.295,18/01/2026,07:28:54,17_T02,39.121428003,10.180260053,0.1,1395.39,156.43,-12.896,77.2,38.57,13.50,1394.24,4336683.61,1781493.49
00:28:02.292,18/01/2026,07:28:55,17_T02,39.121427854,10.180259185,0.1,1395.95,156.53,-12.971,77.2,38.56,13.50,1394.28,4336683.54,1781493.47
00:28:03.296,18/01/2026,07:28:56,17_T02,39.121427288,10.180256906,0.1,1396.97,156.87,-13.178,77.2,38.56,13.50,1394.28,4336683.34,1781493.41
00:28:04.297,18/01/2026,07:28:57,17_T02,39.121427323,10.180254953,0.2,1397.96,157.58,-13.331,77.2,38.56,13.50,1395.85,4336683.17,1781493.41
00:28:05.302,18/01/2026,07:28:58,17_T02,39.121427951,10.180254588,0.2,1398.41,158.03,-13.332,77.2,38.56,13.50,1395.85,4336683.14,1781493.48
00:28:06.291,18/01/2026,07:28:59,17_T02,39.121428202,10.180254523,0.2,1398.32,158.21,-13.326,77.2,38.57,13.50,1397.24,4336683.13,1781493.51
00:28:07.301,18/01/2026,07:29:00,17_T02,39.121428418,10.180255803,0.2,1398.14,158.30,-13.214,77.2,38.57,13.50,1397.24,4336683.24,1781493.54
00:28:08.293,18/01/2026,07:29:01,17_T02,39.121428304,10.180255574,0.2,1398.47,158.59,-13.238,77.2,38.56,13.50,1397.04,4336683.22,1781493.52
00:28:09.290,18/01/2026,07:29:02,17_T02,39.121428110,10.180254051,0.2,1399.44,159.09,-13.367,77.2,38.56,13.50,1397.04,4336683.09,1781493.50
00:28:10.287,18/01/2026,07:29:03,17_T02,39.121428186,10.180251868,0.2,1400.64,160.19,-13.537,77.2,38.56,13.50,1398.47,4336682.90,1781493.51
00:28:11.294,18/01/2026,07:29:04,17_T02,39.121428656,10.180250555,0.2,1401.47,161.30,-13.620,77.2,38.56,13.50,1398.47,4336682.79,1781493.56
00:28:12.290,18/01/2026,07:29:05,17_T02,39.121429353,10.180250988,0.2,1401.57,161.61,-13.555,77.2,38.57,13.50,1400.29,4336682.82,1781493.64
00:28:13.293,18/01/2026,07:29:06,17_T02,39.121429391,10.180250655,0.2,1401.28,161.80,-13.579,77.2,38.57,13.50,1400.29,4336682.79,1781493.64
00:28:14.299,18/01/2026,07:29:07,17_T02,39.121428925,10.180249449,0.2,1401.28,162.37,-13.696,77.2,38.56,13.50,1400.11,4336682.69,1781493.59
00:28:15.290,18/01/2026,07:29:08,17_T02,39.121428524,10.180247819,0.2,1401.97,163.06,-13.844,77.2,38.56,13.50,1400.11,4336682.55,1781493.55
00:28:16.288,18/01/2026,07:29:09,17_T02,39.121428497,10.180246048,0.2,1403.07,163.82,-13.985,77.2,38.56,13.50,1401.02,4336682.39,1781493.54
00:28:17.297,18/01/2026,07:29:10,17_T02,39.121428995,10.180243420,0.2,1404.03,165.09,-14.172,77.2,38.56,13.50,1401.02,4336682.17,1781493.60
00:28:18.289,18/01/2026,07:29:11,17_T02,39.121429544,10.180242596,0.2,1404.51,165.69,-14.212,77.2,38.56,13.49,1402.99,4336682.09,1781493.66
00:28:19.299,18/01/2026,07:29:12,17_T02,39.121429679,10.180242496,0.2,1404.62,165.92,-14.214,77.2,38.56,13.49,1402.99,4336682.08,1781493.67
00:28:20.295,18/01/2026,07:29:13,17_T02,39.121429444,10.180241850,0.2,1404.66,166.16,-14.276,77.2,38.56,13.51,1403.48,4336682.03,1781493.65
00:28:21.290,18/01/2026,07:29:14,17_T02,39.121428752,10.180241156,0.2,1405.00,166.45,-14.363,77.2,38.56,13.51,1403.48,4336681.97,1781493.57
00:28:22.300,18/01/2026,07:29:15,17_T02,39.121428379,10.180240108,0.2,1405.82,166.71,-14.463,77.2,38.56,13.50,1404.06,4336681.88,1781493.53
00:28:23.294,18/01/2026,07:29:16,17_T02,39.121428486,10.180238500,0.2,1406.88,167.27,-14.585,77.2,38.56,13.50,1404.06,4336681.74,1781493.54
00:28:24.290,18/01/2026,07:29:17,17_T02,39.121428997,10.180237281,0.2,1407.76,168.01,-14.659,77.2,38.56,13.49,1406.05,4336681.63,1781493.60
00:28:25.300,18/01/2026,07:29:18,17_T02,39.121429347,10.180237384,0.1,1408.14,168.27,-14.635,77.2,38.56,13.49,1406.05,4336681.64,1781493.63
00:28:26.304,18/01/2026,07:29:19,17_T02,39.121429336,10.180238596,0.1,1408.11,168.58,-14.539,77.2,38.56,13.50,1406.98,4336681.75,1781493.63
00:28:27.289,18/01/2026,07:29:20,17_T02,39.121429065,10.180238627,0.1,1408.09,168.75,-14.549,77.2,38.56,13.50,1406.98,4336681.75,1781493.60
00:28:28.290,18/01/2026,07:29:21,17_T02,39.121428778,10.180237367,0.1,1408.49,169.14,-14.662,77.2,38.56,13.49,1407.05,4336681.64,1781493.57
00:28:29.290,18/01/2026,07:29:22,17_T02,39.121428627,10.180236122,0.1,1409.38,169.56,-14.768,77.2,38.56,13.49,1407.05,4336681.53,1781493.55
00:28:30.288,18/01/2026,07:29:23,17_T02,39.121428814,10.180234868,0.1,1410.37,170.16,-14.859,77.2,38.55,13.50,1408.68,4336681.42,1781493.57
00:28:31.299,18/01/2026,07:29:24,17_T02,39.121429401,10.180234052,0.1,1411.02,170.69,-14.897,77.2,38.55,13.50,1408.68,4336681.35,1781493.64
00:28:32.292,18/01/2026,07:29:25,17_T02,39.121429805,10.180233939,0.1,1411.20,170.99,-14.888,77.2,38.57,13.49,1409.97,4336681.34,1781493.68
00:28:33.301,18/01/2026,07:29:26,17_T02,39.121429718,10.180233452,0.1,1411.23,171.38,-14.931,77.2,38.57,13.49,1409.97,4336681.30,1781493.67
00:28:34.299,18/01/2026,07:29:27,17_T02,39.121429452,10.180232514,0.1,1411.47,171.78,-15.017,77.2,38.56,13.49,1410.18,4336681.22,1781493.64
00:28:35.295,18/01/2026,07:29:28,17_T02,39.121429758,10.180232691,0.1,1412.10,172.27,-14.989,77.2,38.56,13.49,1410.18,4336681.23,1781493.68
00:28:36.288,18/01/2026,07:29:29,17_T02,39.121430023,10.180232395,0.1,1412.95,172.75,-15.001,77.2,38.55,13.50,1411.41,4336681.21,1781493.71
00:28:37.294,18/01/2026,07:29:30,17_T02,39.121430322,10.180231784,0.1,1413.64,173.27,-15.036,77.2,38.55,13.50,1411.41,4336681.15,1781493.74
00:28:38.295,18/01/2026,07:29:31,17_T02,39.121430675,10.180231820,0.1,1414.00,173.58,-15.017,77.2,38.56,13.49,1412.70,4336681.16,1781493.78
00:28:39.289,18/01/2026,07:29:32,17_T02,39.121430798,10.180231749,0.1,1414.19,173.76,-15.017,77.2,38.56,13.49,1412.70,4336681.15,1781493.79
00:28:40.300,18/01/2026,07:29:33,17_T02,39.121431295,10.180232614,0.1,1414.52,174.03,-14.926,77.2,38.56,13.50,1413.24,4336681.22,1781493.85
00:28:41.299,18/01/2026,07:29:34,17_T02,39.121431605,10.180232537,0.1,1415.08,174.41,-14.918,77.2,38.56,13.50,1413.24,4336681.22,1781493.88
00:28:42.294,18/01/2026,07:29:35,17_T02,39.121431709,10.180231962,0.1,1415.76,174.65,-14.959,77.2,38.56,13.50,1413.24,4336681.17,1781493.89
00:28:43.287,18/01/2026,07:29:36,17_T02,39.121431988,10.180231722,0.1,1416.33,174.75,-14.966,77.2,38.56,13.49,1414.38,4336681.15,1781493.92
00:28:44.300,18/01/2026,07:29:37,17_T02,39.121432271,10.180231875,0.1,1416.69,174.82,-14.941,77.2,38.56,13.49,1414.38,4336681.16,1781493.96
00:28:45.293,18/01/2026,07:29:38,17_T02,39.121432917,10.180231414,0.1,1416.98,174.94,-14.948,77.2,38.56,13.49,1415.43,4336681.12,1781494.03
00:28:46.300,18/01/2026,07:29:39,17_T02,39.121433354,10.180230639,0.1,1417.45,175.20,-14.990,77.2,38.56,13.49,1415.43,4336681.05,1781494.07
00:28:47.294,18/01/2026,07:29:40,17_T02,39.121433563,10.180230163,0.1,1418.11,175.34,-15.018,77.2,38.56,13.50,1416.16,4336681.01,1781494.10
00:28:48.291,18/01/2026,07:29:41,17_T02,39.121433881,10.180229936,0.1,1418.70,175.37,-15.022,77.2,38.56,13.50,1416.16,4336680.99,1781494.13
00:28:49.290,18/01/2026,07:29:42,17_T02,39.121435885,10.180234544,0.1,1419.04,175.34,-14.566,77.2,38.56,13.49,1417.42,4336681.39,1781494.36
00:28:50.289,18/01/2026,07:29:43,17_T02,39.121436954,10.180236997,0.1,1419.26,175.27,-14.323,77.2,38.56,13.49,1417.42,4336681.60,1781494.47
00:28:51.299,18/01/2026,07:29:44,17_T02,39.121437181,10.180236837,0.1,1419.66,175.40,-14.325,77.2,38.56,13.49,1418.08,4336681.59,1781494.50
00:28:52.289,18/01/2026,07:29:45,17_T02,39.121437473,10.180236426,0.1,1420.34,175.65,-14.345,77.2,38.56,13.49,1418.08,4336681.55,1781494.53
00:28:53.298,18/01/2026,07:29:46,17_T02,39.121437864,10.180236089,0.1,1421.08,175.94,-14.354,77.2,38.55,13.50,1419.07,4336681.53,1781494.57
00:28:54.289,18/01/2026,07:29:47,17_T02,39.121436424,10.180235914,0.1,1421.59,176.29,-14.433,77.2,38.55,13.50,1419.07,4336681.51,1781494.41
00:28:55.297,18/01/2026,07:29:48,17_T02,39.121435650,10.180236173,0.2,1421.84,176.49,-14.447,77.2,38.56,13.49,1420.36,4336681.53,1781494.33
00:28:56.295,18/01/2026,07:29:49,17_T02,39.121435774,10.180236259,0.2,1422.06,176.69,-14.435,77.2,38.56,13.49,1420.36,4336681.54,1781494.34
00:28:57.288,18/01/2026,07:29:50,17_T02,39.121435934,10.180235885,0.2,1422.51,177.00,-14.457,77.2,38.56,13.50,1420.90,4336681.51,1781494.36
00:28:58.293,18/01/2026,07:29:51,17_T02,39.121436162,10.180235445,0.1,1423.22,177.27,-14.482,77.2,38.56,13.50,1420.90,4336681.47,1781494.39
00:28:59.301,18/01/2026,07:29:52,17_T02,39.121435795,10.180234989,0.1,1423.94,177.42,-14.535,77.2,38.54,13.50,1422.03,4336681.43,1781494.35
00:29:00.301,18/01/2026,07:29:53,17_T02,39.121435751,10.180234905,0.1,1424.44,177.65,-14.543,77.2,38.54,13.50,1422.03,4336681.42,1781494.34
00:29:01.296,18/01/2026,07:29:54,17_T02,39.121435950,10.180235236,0.1,1424.72,177.83,-14.508,77.2,38.56,13.49,1423.27,4336681.45,1781494.36
00:29:02.294,18/01/2026,07:29:55,17_T02,39.121435975,10.180235199,0.1,1424.94,178.11,-14.510,77.2,38.56,13.49,1423.27,4336681.45,1781494.37
00:29:03.289,18/01/2026,07:29:56,17_T02,39.121436920,10.180233847,0.1,1425.28,178.43,-14.575,77.2,38.56,13.50,1423.79,4336681.33,1781494.47
00:29:04.297,18/01/2026,07:29:57,17_T02,39.121437604,10.180232660,0.1,1425.85,178.88,-14.638,77.2,38.56,13.50,1423.79,4336681.23,1781494.54
00:29:05.292,18/01/2026,07:29:58,17_T02,39.121437855,10.180232369,0.1,1426.58,179.07,-14.650,77.2,38.55,13.50,1424.73,4336681.20,1781494.57
00:29:06.300,18/01/2026,07:29:59,17_T02,39.121438346,10.180232236,0.1,1427.26,179.34,-14.638,77.2,38.55,13.50,1424.73,4336681.19,1781494.63
00:29:07.294,18/01/2026,07:30:00,17_T02,39.121438695,10.180232367,0.1,1427.70,179.70,-14.612,77.2,38.56,13.49,1426.14,4336681.20,1781494.66
00:29:08.295,18/01/2026,07:30:01,17_T02,39.121438747,10.180234761,0.1,1427.88,179.94,-14.419,77.2,38.56,13.49,1426.14,4336681.41,1781494.67
00:29:09.291,18/01/2026,07:30:02,17_T02,39.121438695,10.180235737,0.2,1428.00,180.22,-14.344,77.2,38.56,13.50,1426.74,4336681.49,1781494.67
00:29:10.289,18/01/2026,07:30:03,17_T02,39.121438735,10.180235090,0.2,1428.45,180.61,-14.394,77.2,38.56,13.50,1426.74,4336681.44,1781494.67
00:29:11.297,18/01/2026,07:30:04,17_T02,39.121438910,10.180234337,0.2,1429.35,180.94,-14.446,77.2,38.56,13.50,1427.41,4336681.37,1781494.69
00:29:12.294,18/01/2026,07:30:05,17_T02,39.121439394,10.180233719,0.2,1430.32,181.40,-14.473,77.2,38.56,13.50,1427.41,4336681.32,1781494.74
00:29:13.287,18/01/2026,07:30:06,17_T02,39.121440534,10.180236099,0.2,1430.82,181.89,-14.233,77.2,38.56,13.49,1429.27,4336681.53,1781494.87
00:29:14.297,18/01/2026,07:30:07,17_T02,39.121440917,10.180237718,0.2,1430.74,182.06,-14.087,77.2,38.56,13.49,1429.27,4336681.67,1781494.91
00:29:15.290,18/01/2026,07:30:08,17_T02,39.121440763,10.180237918,0.2,1430.53,181.85,-14.078,77.2,38.55,13.50,1429.55,4336681.68,1781494.89
00:29:16.300,18/01/2026,07:30:09,17_T02,39.121440680,10.180237515,0.2,1430.85,181.82,-14.114,77.2,38.55,13.50,1429.55,4336681.65,1781494.88
00:29:17.294,18/01/2026,07:30:10,17_T02,39.121441319,10.180237170,0.2,1431.82,182.05,-14.112,77.2,38.56,13.49,1429.94,4336681.62,1781494.96
00:29:18.290,18/01/2026,07:30:11,17_T02,39.121442117,10.180236293,0.2,1432.99,182.67,-14.146,77.2,38.56,13.49,1429.94,4336681.54,1781495.04
00:29:19.289,18/01/2026,07:30:12,17_T02,39.121442792,10.180235850,0.1,1433.75,183.58,-14.150,77.2,38.56,13.49,1432.08,4336681.50,1781495.12
00:29:20.289,18/01/2026,07:30:13,17_T02,39.121442899,10.180236672,0.1,1433.82,183.68,-14.080,77.2,38.56,13.49,1432.08,4336681.57,1781495.13
00:29:21.287,18/01/2026,07:30:14,17_T02,39.121442707,10.180236943,0.1,1433.67,183.45,-14.068,77.2,38.56,13.50,1432.62,4336681.60,1781495.11
00:29:22.301,18/01/2026,07:30:15,17_T02,39.121443117,10.180236619,0.1,1433.92,183.43,-14.075,77.2,38.56,13.50,1432.62,4336681.57,1781495.15
00:29:23.308,18/01/2026,07:30:16,17_T02,39.121443410,10.180236119,0.1,1434.77,183.40,-14.101,77.2,38.56,13.49,1433.04,4336681.53,1781495.19
00:29:24.293,18/01/2026,07:30:17,17_T02,39.121443735,10.180235423,0.1,1435.76,183.81,-14.142,77.2,38.56,13.49,1433.04,4336681.47,1781495.22
00:29:25.290,18/01/2026,07:30:18,17_T02,39.121444134,10.180235243,0.1,1436.38,184.36,-14.138,77.2,38.56,13.49,1434.89,4336681.45,1781495.27
00:29:26.302,18/01/2026,07:30:19,17_T02,39.121444285,10.180235781,0.1,1436.58,184.46,-14.089,77.2,38.56,13.49,1434.89,4336681.50,1781495.28
00:29:27.299,18/01/2026,07:30:20,17_T02,39.121445367,10.180237783,0.1,1436.68,184.53,-13.881,77.2,38.56,13.50,1435.46,4336681.67,1781495.40
00:29:28.293,18/01/2026,07:30:21,17_T02,39.121445767,10.180238237,0.1,1436.95,184.67,-13.827,77.2,38.56,13.50,1435.46,4336681.71,1781495.45
00:29:29.288,18/01/2026,07:30:22,17_T02,39.121445738,10.180237588,0.1,1437.45,184.98,-13.880,77.2,38.57,13.50,1436.01,4336681.65,1781495.44
00:29:30.286,18/01/2026,07:30:23,17_T02,39.121445865,10.180236997,0.1,1438.16,185.29,-13.921,77.2,38.57,13.50,1436.01,4336681.60,1781495.46
00:29:31.300,18/01/2026,07:30:24,17_T02,39.121446967,10.180232596,0.1,1438.97,185.69,-14.221,77.2,38.56,13.49,1437.42,4336681.22,1781495.58
00:29:32.293,18/01/2026,07:30:25,17_T02,39.121447791,10.180230498,0.2,1439.65,186.21,-14.350,77.2,38.56,13.49,1437.42,4336681.04,1781495.67
00:29:33.290,18/01/2026,07:30:26,17_T02,39.121448010,10.180230673,0.2,1440.01,186.63,-14.326,77.2,38.56,13.49,1438.72,4336681.05,1781495.69
00:29:34.290,18/01/2026,07:30:27,17_T02,39.121447973,10.180230635,0.2,1440.13,186.97,-14.331,77.2,38.56,13.49,1438.72,4336681.05,1781495.69
00:29:35.288,18/01/2026,07:30:28,17_T02,39.121447883,10.180230273,0.2,1440.29,187.31,-14.364,77.2,38.56,13.50,1439.06,4336681.02,1781495.68
00:29:36.300,18/01/2026,07:30:29,17_T02,39.121447983,10.180229182,0.2,1440.74,187.78,-14.446,77.2,38.56,13.50,1439.06,4336680.92,1781495.69
00:29:37.297,18/01/2026,07:30:30,17_T02,39.121448152,10.180228316,0.2,1441.47,188.20,-14.507,77.2,38.55,13.51,1440.00,4336680.85,1781495.71
00:29:38.293,18/01/2026,07:30:31,17_T02,39.121448445,10.180227949,0.2,1442.26,188.56,-14.523,77.2,38.55,13.51,1440.00,4336680.81,1781495.74
00:29:39.288,18/01/2026,07:30:32,17_T02,39.121448879,10.180227962,0.1,1442.85,189.02,-14.502,77.2,38.56,13.49,1441.51,4336680.82,1781495.79
00:29:40.301,18/01/2026,07:30:33,17_T02,39.121449052,10.180228335,0.1,1443.14,189.38,-14.465,77.2,38.56,13.49,1441.51,4336680.85,1781495.81
00:29:41.295,18/01/2026,07:30:34,17_T02,39.121449659,10.180226811,0.1,1443.30,189.71,-14.559,77.2,38.56,13.49,1441.51,4336680.72,1781495.87
00:29:42.293,18/01/2026,07:30:35,17_T02,39.121449991,10.180225431,0.1,1443.61,190.10,-14.653,77.2,38.56,13.50,1442.12,4336680.60,1781495.91
00:29:43.302,18/01/2026,07:30:36,17_T02,39.121450091,10.180224661,0.1,1444.17,190.68,-14.710,77.2,38.56,13.50,1442.12,4336680.53,1781495.92
00:29:44.296,18/01/2026,07:30:37,17_T02,39.121450235,10.180224309,0.1,1444.83,191.08,-14.731,77.2,38.56,13.51,1442.83,4336680.50,1781495.94
00:29:45.289,18/01/2026,07:30:38,17_T02,39.121451500,10.180226455,0.1,1445.43,191.37,-14.504,77.2,38.56,13.51,1442.83,4336680.68,1781496.08
00:29:46.287,18/01/2026,07:30:39,17_T02,39.121452374,10.180227701,0.1,1446.02,191.69,-14.365,77.2,38.56,13.49,1444.12,4336680.79,1781496.17
00:29:47.302,18/01/2026,07:30:40,17_T02,39.121452698,10.180227689,0.1,1446.58,192.12,-14.352,77.2,38.56,13.49,1444.12,4336680.79,1781496.21
00:29:48.298,18/01/2026,07:30:41,17_T02,39.121452826,10.180227603,0.1,1446.96,192.48,-14.353,77.2,38.56,13.49,1445.30,4336680.78,1781496.22
00:29:49.290,18/01/2026,07:30:42,17_T02,39.121452817,10.180227707,0.1,1447.15,192.64,-14.345,77.2,38.56,13.49,1445.30,4336680.79,1781496.22
00:29:50.299,18/01/2026,07:30:43,17_T02,39.121453145,10.180225640,0.1,1447.35,192.71,-14.494,77.2,38.56,13.49,1445.97,4336680.61,1781496.26
00:29:51.290,18/01/2026,07:30:44,17_T02,39.121453491,10.180224297,0.2,1447.83,192.87,-14.585,77.2,38.56,13.49,1445.97,4336680.50,1781496.30
00:29:52.298,18/01/2026,07:30:45,17_T02,39.121453805,10.180224125,0.2,1448.57,192.95,-14.585,77.2,38.56,13.50,1446.58,4336680.48,1781496.33
00:29:53.288,18/01/2026,07:30:46,17_T02,39.121454265,10.180224190,0.2,1449.32,193.10,-14.559,77.2,38.56,13.50,1446.58,4336680.49,1781496.38
00:29:54.296,18/01/2026,07:30:47,17_T02,39.121454752,10.180224432,0.2,1449.88,193.41,-14.518,77.2,38.56,13.49,1448.06,4336680.51,1781496.43
00:29:55.290,18/01/2026,07:30:48,17_T02,39.121456926,10.180226907,0.2,1450.18,193.62,-14.223,77.2,38.56,13.49,1448.06,4336680.72,1781496.68
00:29:56.300,18/01/2026,07:30:49,17_T02,39.121457872,10.180227940,0.2,1450.42,193.83,-14.098,77.2,38.56,13.49,1449.00,4336680.81,1781496.78
00:29:57.293,18/01/2026,07:30:50,17_T02,39.121457992,10.180227634,0.2,1450.83,194.14,-14.117,77.2,38.56,13.49,1449.00,4336680.78,1781496.79
00:29:58.287,18/01/2026,07:30:51,17_T02,39.121458251,10.180227291,0.2,1451.44,194.52,-14.133,77.2,38.56,13.51,1449.66,4336680.76,1781496.82
00:29:59.291,18/01/2026,07:30:52,17_T02,39.121458551,10.180227393,0.2,1452.00,194.68,-14.111,77.2,38.56,13.51,1449.66,4336680.76,1781496.85
