ASFIndex,Date,Time,Area,Lat,Long,Speed,P,Heading,mp,Altitude,Sal,T,Depth,E,N
00:00:00.248,18/01/2026,08:00:53,17_T02,39.121525116,10.180468726,0.1,1872.47,68.18,8.056,2.0,38.52,13.42,1871.22,4336701.75,1781504.25
00:00:01.247,18/01/2026,08:00:54,17_T02,39.121525494,10.180469626,0.1,1872.60,68.03,8.144,1.9,38.52,13.43,1871.56,4336701.82,1781504.29
00:00:02.259,18/01/2026,08:00:55,17_T02,39.121525929,10.180471331,0.1,1872.71,68.15,8.299,1.8,38.52,13.43,1871.56,4336701.97,1781504.34
00:00:03.249,18/01/2026,08:00:56,17_T02,39.121526531,10.180473732,0.2,1872.83,68.47,8.517,1.7,38.52,13.44,1871.77,4336702.18,1781504.41
00:00:04.256,18/01/2026,08:00:57,17_T02,39.121527028,10.180473984,0.2,1872.94,68.80,8.560,1.6,38.52,13.44,1871.77,4336702.20,1781504.46
00:00:05.255,18/01/2026,08:00:58,17_T02,39.121527718,10.180474990,0.2,1873.04,69.16,8.671,1.4,38.52,13.44,1872.01,4336702.29,1781504.54
00:00:06.247,18/01/2026,08:00:59,17_T02,39.121528613,10.180478046,0.3,1873.13,69.35,8.954,1.4,38.52,13.44,1872.01,4336702.56,1781504.64
00:00:07.256,18/01/2026,08:01:00,17_T02,39.121529560,10.180480952,0.4,1873.19,69.42,9.227,1.1,38.52,13.44,1872.17,4336702.81,1781504.74
00:00:08.256,18/01/2026,08:01:01,17_T02,39.121530668,10.180483615,0.4,1873.23,69.29,9.489,1.3,38.52,13.44,1872.17,4336703.04,1781504.87
00:00:09.254,18/01/2026,08:01:02,17_T02,39.121531143,10.180485390,0.4,1873.26,69.04,9.651,1.3,38.51,13.44,1872.26,4336703.19,1781504.92
00:00:10.250,18/01/2026,08:01:03,17_T02,39.121531655,10.180487081,0.4,1873.29,68.67,9.808,0.9,38.51,13.44,1872.26,4336703.34,1781504.97
00:00:11.246,18/01/2026,08:01:04,17_T02,39.121532716,10.180488977,0.4,1873.33,68.28,10.007,0.9,38.51,13.44,1872.26,4336703.51,1781505.09
00:00:12.254,18/01/2026,08:01:05,17_T02,39.121533606,10.180490815,0.4,1873.36,68.10,10.193,0.9,38.52,13.43,1872.33,4336703.67,1781505.19
00:00:13.259,18/01/2026,08:01:06,17_T02,39.121534292,10.180492644,0.3,1873.38,68.05,10.369,0.9,38.52,13.43,1872.33,4336703.82,1781505.27
00:00:14.254,18/01/2026,08:01:07,17_T02,39.121534871,10.180494314,0.3,1873.38,68.06,10.528,0.4,38.52,13.43,1872.40,4336703.97,1781505.33
00:00:15.251,18/01/2026,08:01:08,17_T02,39.121534212,10.180495148,0.3,1873.37,68.10,10.564,0.7,38.52,13.43,1872.40,4336704.04,1781505.26
00:00:16.255,18/01/2026,08:01:09,17_T02,39.121533617,10.180496172,0.3,1873.36,68.11,10.619,0.9,38.52,13.43,1872.39,4336704.13,1781505.19
00:00:17.249,18/01/2026,08:01:10,17_T02,39.121533905,10.180497585,0.3,1873.38,68.11,10.744,1.0,38.52,13.43,1872.39,4336704.25,1781505.23
00:00:18.256,18/01/2026,08:01:11,17_T02,39.121534277,10.180499158,0.3,1873.40,68.07,10.886,1.0,38.52,13.43,1872.39,4336704.39,1781505.27
00:00:19.252,18/01/2026,08:01:12,17_T02,39.121534720,10.180500670,0.3,1873.42,67.95,11.026,0.8,38.52,13.43,1872.39,4336704.52,1781505.32
00:00:20.247,18/01/2026,08:01:13,17_T02,39.121535087,10.180502313,0.3,1873.45,67.83,11.173,0.9,38.52,13.44,1872.44,4336704.67,1781505.36
00:00:21.256,18/01/2026,08:01:14,17_T02,39.121533790,10.180502749,0.3,1873.46,67.68,11.149,0.8,38.52,13.44,1872.44,4336704.70,1781505.21
00:00:22.254,18/01/2026,08:01:15,17_T02,39.121532831,10.180502963,0.3,1873.48,67.52,11.123,0.9,38.52,13.43,1872.49,4336704.72,1781505.11
00:00:23.250,18/01/2026,08:01:16,17_T02,39.121533230,10.180504223,0.3,1873.50,67.40,11.241,0.9,38.52,13.43,1872.49,4336704.83,1781505.15
00:00:24.247,18/01/2026,08:01:17,17_T02,39.121533525,10.180505400,0.3,1873.56,67.23,11.348,1.0,38.52,13.43,1872.52,4336704.93,1781505.18
00:00:25.259,18/01/2026,08:01:18,17_T02,39.121533999,10.180506505,0.2,1873.63,67.04,11.457,0.9,38.52,13.43,1872.52,4336705.03,1781505.24
00:00:26.256,18/01/2026,08:01:19,17_T02,39.121534515,10.180507613,0.2,1873.68,66.87,11.568,0.9,38.51,13.43,1872.63,4336705.13,1781505.29
00:00:27.252,18/01/2026,08:01:20,17_T02,39.121534373,10.180507855,0.2,1873.74,66.76,11.581,0.8,38.51,13.43,1872.63,4336705.15,1781505.28
00:00:28.246,18/01/2026,08:01:21,17_T02,39.121534193,10.180508163,0.2,1873.79,66.68,11.597,0.8,38.52,13.42,1872.77,4336705.17,1781505.26
00:00:29.258,18/01/2026,08:01:22,17_T02,39.121534435,10.180508985,0.2,1873.84,66.59,11.673,0.7,38.52,13.42,1872.77,4336705.25,1781505.29
00:00:30.250,18/01/2026,08:01:23,17_T02,39.121534731,10.180509812,0.2,1873.88,66.53,11.752,0.7,38.52,13.42,1872.85,4336705.32,1781505.32
00:00:31.250,18/01/2026,08:01:24,17_T02,39.121535080,10.180510728,0.2,1873.93,66.48,11.841,0.6,38.52,13.42,1872.85,4336705.40,1781505.36
00:00:32.246,18/01/2026,08:01:25,17_T02,39.121535392,10.180511580,0.1,1873.98,66.44,11.923,0.6,38.52,13.42,1872.94,4336705.47,1781505.39
00:00:33.246,18/01/2026,08:01:26,17_T02,39.121536893,10.180513888,0.1,1874.03,66.46,12.174,0.5,38.52,13.42,1872.94,4336705.67,1781505.56
00:00:34.258,18/01/2026,08:01:27,17_T02,39.121538259,10.180516070,0.2,1874.07,66.51,12.408,0.5,38.52,13.42,1873.06,4336705.86,1781505.71
00:00:35.252,18/01/2026,08:01:28,17_T02,39.121538513,10.180516820,0.2,1874.10,66.56,12.479,0.5,38.52,13.42,1873.06,4336705.93,1781505.74
00:00:36.250,18/01/2026,08:01:29,17_T02,39.121538735,10.180517519,0.2,1874.13,66.60,12.545,0.4,38.52,13.42,1873.12,4336705.99,1781505.76
00:00:37.247,18/01/2026,08:01:30,17_T02,39.121538939,10.180518283,0.2,1874.15,66.64,12.615,0.4,38.52,13.42,1873.12,4336706.05,1781505.78
00:00:38.256,18/01/2026,08:01:31,17_T02,39.121539161,10.180519098,0.2,1874.17,66.68,12.690,0.4,38.52,13.42,1873.17,4336706.12,1781505.81
00:00:39.249,18/01/2026,08:01:32,17_T02,39.121540319,10.180521876,0.2,1874.18,66.72,12.962,0.4,38.52,13.42,1873.17,4336706.37,1781505.94
00:00:40.259,18/01/2026,08:01:33,17_T02,39.121541359,10.180524423,0.2,1874.19,66.76,13.212,0.4,38.52,13.42,1873.21,4336706.59,1781506.05
00:00:41.258,18/01/2026,08:01:34,17_T02,39.121541553,10.180525102,0.1,1874.20,66.80,13.274,0.4,38.52,13.42,1873.21,4336706.65,1781506.07
00:00:42.254,18/01/2026,08:01:35,17_T02,39.121541723,10.180525701,0.1,1874.20,66.79,13.330,0.4,38.52,13.42,1873.21,4336706.70,1781506.09
00:00:43.248,18/01/2026,08:01:36,17_T02,39.121541924,10.180526375,0.1,1874.22,66.76,13.392,0.4,38.52,13.42,1873.21,4336706.76,1781506.12
00:00:44.259,18/01/2026,08:01:37,17_T02,39.121542179,10.180527106,0.1,1874.23,66.76,13.462,0.3,38.52,13.42,1873.23,4336706.82,1781506.14
00:00:45.254,18/01/2026,08:01:38,17_T02,39.121543190,10.180528566,0.2,1874.25,66.74,13.623,0.3,38.52,13.42,1873.23,4336706.95,1781506.26
00:00:46.252,18/01/2026,08:01:39,17_T02,39.121544009,10.180529740,0.2,1874.26,66.71,13.753,0.3,38.52,13.42,1873.25,4336707.05,1781506.35
00:00:47.253,18/01/2026,08:01:40,17_T02,39.121544182,10.180530237,0.2,1874.28,66.65,13.801,0.3,38.52,13.42,1873.25,4336707.09,1781506.37
00:00:48.250,18/01/2026,08:01:41,17_T02,39.121544374,10.180530723,0.1,1874.30,66.56,13.848,0.3,38.52,13.42,1873.30,4336707.13,1781506.39
00:00:49.247,18/01/2026,08:01:42,17_T02,39.121544589,10.180531257,0.1,1874.33,66.46,13.900,0.3,38.52,13.42,1873.30,4336707.18,1781506.41
00:00:50.253,18/01/2026,08:01:43,17_T02,39.121545709,10.180532021,0.1,1874.38,66.36,14.011,0.2,38.52,13.42,1873.36,4336707.25,1781506.53
00:00:51.252,18/01/2026,08:01:44,17_T02,39.121546492,10.180532602,0.2,1874.42,66.26,14.093,0.2,38.52,13.42,1873.36,4336707.30,1781506.62
00:00:52.247,18/01/2026,08:01:45,17_T02,39.121546671,10.180533104,0.2,1874.47,66.17,14.141,0.1,38.52,13.42,1873.45,4336707.34,1781506.64
00:00:53.249,18/01/2026,08:01:46,17_T02,39.121547036,10.180533238,0.2,1874.48,66.18,14.168,0.1,38.52,13.42,1873.45,4336707.35,1781506.68
00:00:54.256,18/01/2026,08:01:47,17_T02,39.121547357,10.180532612,0.1,1874.50,66.40,14.132,0.1,38.52,13.42,1873.48,4336707.30,1781506.72
00:00:55.250,18/01/2026,08:01:48,17_T02,39.121547580,10.180532493,0.1,1874.51,66.63,14.133,0.1,38.52,13.42,1873.48,4336707.29,1781506.74
00:00:56.259,18/01/2026,08:01:49,17_T02,39.121547596,10.180532246,0.1,1874.51,66.84,14.114,0.1,38.52,13.42,1873.50,4336707.27,1781506.74
00:00:57.256,18/01/2026,08:01:50,17_T02,39.121547660,10.180532265,0.1,1874.51,66.98,14.119,0.1,38.52,13.42,1873.50,4336707.27,1781506.75
00:00:58.258,18/01/2026,08:01:51,17_T02,39.121547679,10.180532450,0.1,1874.51,67.05,14.134,0.1,38.52,13.42,1873.50,4336707.28,1781506.75
00:00:59.255,18/01/2026,08:01:52,17_T02,39.121548028,10.180532680,0.1,1874.52,66.92,14.168,0.1,38.52,13.42,1873.50,4336707.30,1781506.79
00:01:00.261,18/01/2026,08:01:53,17_T02,39.121548251,10.180532773,0.1,1874.52,66.81,14.186,0.1,38.52,13.42,1873.51,4336707.31,1781506.82
00:01:01.255,18/01/2026,08:01:54,17_T02,39.121548458,10.180532827,0.1,1874.52,66.68,14.199,0.1,38.52,13.42,1873.51,4336707.32,1781506.84
00:01:02.249,18/01/2026,08:01:55,17_T02,39.121547367,10.180531179,0.1,1874.52,66.49,14.019,0.1,38.52,13.42,1873.49,4336707.17,1781506.72
00:01:03.253,18/01/2026,08:01:56,17_T02,39.121546874,10.180530231,0.1,1874.52,66.30,13.922,0.1,38.52,13.42,1873.49,4336707.09,1781506.66
00:01:04.252,18/01/2026,08:01:57,17_T02,39.121547024,10.180530087,0.1,1874.52,66.13,13.917,0.1,38.52,13.42,1873.51,4336707.08,1781506.68
00:01:05.248,18/01/2026,08:01:58,17_T02,39.121547156,10.180529926,0.1,1874.52,65.96,13.910,0.1,38.52,13.42,1873.51,4336707.06,1781506.69
00:01:06.253,18/01/2026,08:01:59,17_T02,39.121547322,10.180529714,0.1,1874.52,65.73,13.901,0.1,38.52,13.42,1873.49,4336707.05,1781506.71
00:01:07.253,18/01/2026,08:02:00,17_T02,39.121547491,10.180529489,0.1,1874.53,65.47,13.890,0.1,38.52,13.42,1873.49,4336707.03,1781506.73
00:01:08.250,18/01/2026,08:02:01,17_T02,39.121546523,10.180528121,0.1,1874.53,65.15,13.738,0.1,38.52,13.42,1873.49,4336706.91,1781506.62
00:01:09.255,18/01/2026,08:02:02,17_T02,39.121546095,10.180527283,0.1,1874.53,64.86,13.652,0.1,38.52,13.42,1873.49,4336706.84,1781506.58
00:01:10.254,18/01/2026,08:02:03,17_T02,39.121546240,10.180527026,0.1,1874.53,64.61,13.638,0.1,38.52,13.42,1873.49,4336706.81,1781506.59
00:01:11.257,18/01/2026,08:02:04,17_T02,39.121546330,10.180526801,0.1,1874.53,64.51,13.625,0.1,38.52,13.42,1873.50,4336706.79,1781506.60
00:01:12.251,18/01/2026,08:02:05,17_T02,39.121546372,10.180526610,0.1,1874.53,64.45,13.611,0.1,38.52,13.42,1873.50,4336706.78,1781506.61
00:01:13.250,18/01/2026,08:02:06,17_T02,39.121546434,10.180526418,0.1,1874.53,64.38,13.599,0.1,38.52,13.42,1873.50,4336706.76,1781506.61
00:01:14.261,18/01/2026,08:02:07,17_T02,39.121547439,10.180526613,0.1,1874.53,64.32,13.660,0.1,38.52,13.42,1873.50,4336706.78,1781506.72
00:01:15.259,18/01/2026,08:02:08,17_T02,39.121547983,10.180526623,0.2,1874.53,64.31,13.685,0.1,38.52,13.42,1873.51,4336706.78,1781506.78
00:01:16.253,18/01/2026,08:02:09,17_T02,39.121548045,10.180526466,0.2,1874.53,64.29,13.675,0.1,38.52,13.42,1873.51,4336706.76,1781506.79
00:01:17.247,18/01/2026,08:02:10,17_T02,39.121548085,10.180526312,0.2,1874.53,64.28,13.665,0.1,38.52,13.42,1873.51,4336706.75,1781506.80
00:01:18.258,18/01/2026,08:02:11,17_T02,39.121548138,10.180526128,0.2,1874.54,64.27,13.653,0.1,38.52,13.42,1873.51,4336706.73,1781506.80
00:01:19.253,18/01/2026,08:02:12,17_T02,39.121548180,10.180525939,0.2,1874.54,64.26,13.640,0.1,38.52,13.42,1873.51,4336706.72,1781506.81
00:01:20.247,18/01/2026,08:02:13,17_T02,39.121546336,10.180523586,0.1,1874.54,64.25,13.370,0.1,38.52,13.42,1873.51,4336706.51,1781506.60
00:01:21.259,18/01/2026,08:02:14,17_T02,39.121545371,10.180522251,0.2,1874.54,64.25,13.220,0.1,38.52,13.42,1873.51,4336706.40,1781506.50
00:01:22.255,18/01/2026,08:02:15,17_T02,39.121545373,10.180522085,0.2,1874.54,64.30,13.207,0.1,38.52,13.42,1873.51,4336706.38,1781506.50
00:01:23.254,18/01/2026,08:02:16,17_T02,39.121545376,10.180521877,0.2,1874.54,64.32,13.191,0.1,38.52,13.42,1873.51,4336706.36,1781506.50
00:01:24.254,18/01/2026,08:02:17,17_T02,39.121545391,10.180521745,0.2,1874.54,64.33,13.181,0.1,38.52,13.42,1873.51,4336706.35,1781506.50
00:01:25.248,18/01/2026,08:02:18,17_T02,39.121545371,10.180521416,0.2,1874.54,64.38,13.154,0.1,38.52,13.42,1873.51,4336706.32,1781506.50
00:01:26.260,18/01/2026,08:02:19,17_T02,39.121543544,10.180519504,0.2,1874.54,64.39,12.920,0.1,38.52,13.42,1873.51,4336706.16,1781506.29
00:01:27.252,18/01/2026,08:02:20,17_T02,39.121542553,10.180518378,0.2,1874.54,64.45,12.785,0.1,38.52,13.42,1873.51,4336706.06,1781506.18
00:01:28.246,18/01/2026,08:02:21,17_T02,39.121542521,10.180518120,0.2,1874.54,64.48,12.763,0.1,38.52,13.42,1873.51,4336706.04,1781506.18
00:01:29.258,18/01/2026,08:02:22,17_T02,39.121542496,10.180517841,0.2,1874.54,64.49,12.740,0.1,38.52,13.42,1873.51,4336706.01,1781506.18
00:01:30.256,18/01/2026,08:02:23,17_T02,39.121542473,10.180517579,0.2,1874.55,64.50,12.718,0.1,38.52,13.42,1873.51,4336705.99,1781506.17
00:01:31.256,18/01/2026,08:02:24,17_T02,39.121541029,10.180516151,0.3,1874.55,64.51,12.540,0.1,38.52,13.42,1873.51,4336705.87,1781506.02
00:01:32.251,18/01/2026,08:02:25,17_T02,39.121540278,10.180515285,0.3,1874.55,64.52,12.437,0.1,38.52,13.42,1873.51,4336705.79,1781505.93
00:01:33.250,18/01/2026,08:02:26,17_T02,39.121540223,10.180514971,0.3,1874.55,64.52,12.410,0.1,38.52,13.42,1873.51,4336705.77,1781505.93
00:01:34.247,18/01/2026,08:02:27,17_T02,39.121540171,10.180514656,0.2,1874.55,64.53,12.382,0.1,38.52,13.42,1873.51,4336705.74,1781505.92
00:01:35.260,18/01/2026,08:02:28,17_T02,39.121540112,10.180514328,0.2,1874.55,64.54,12.354,0.1,38.52,13.42,1873.51,4336705.71,1781505.91
00:01:36.255,18/01/2026,08:02:29,17_T02,39.121540062,10.180514011,0.2,1874.55,64.54,12.326,0.1,38.52,13.42,1873.51,4336705.68,1781505.91
00:01:37.253,18/01/2026,08:02:30,17_T02,39.121540420,10.180515616,0.2,1874.55,64.55,12.470,0.1,38.52,13.42,1873.51,4336705.82,1781505.95
00:01:38.247,18/01/2026,08:02:31,17_T02,39.121540581,10.180516302,0.2,1874.55,64.56,12.532,0.1,38.52,13.42,1873.51,4336705.88,1781505.97
00:01:39.256,18/01/2026,08:02:32,17_T02,39.121540546,10.180516003,0.2,1874.55,64.56,12.506,0.1,38.52,13.42,1873.51,4336705.86,1781505.96
00:01:40.251,18/01/2026,08:02:33,17_T02,39.121540493,10.180515705,0.2,1874.55,64.57,12.480,0.1,38.52,13.42,1873.51,4336705.83,1781505.96
00:01:41.249,18/01/2026,08:02:34,17_T02,39.121540452,10.180515426,0.2,1874.55,64.58,12.456,0.1,38.52,13.42,1873.51,4336705.80,1781505.95
00:01:42.250,18/01/2026,08:02:35,17_T02,39.121540415,10.180515128,0.2,1874.55,64.59,12.431,0.1,38.52,13.42,1873.51,4336705.78,1781505.95
00:01:43.251,18/01/2026,08:02:36,17_T02,39.121542557,10.180517949,0.2,1874.55,64.60,12.752,0.1,38.52,13.42,1873.51,4336706.02,1781506.18
00:01:44.250,18/01/2026,08:02:37,17_T02,39.121543678,10.180519254,0.2,1874.55,64.57,12.906,0.1,38.52,13.42,1873.51,4336706.14,1781506.31
00:01:45.260,18/01/2026,08:02:38,17_T02,39.121543687,10.180519009,0.2,1874.56,64.58,12.887,0.1,38.52,13.42,1873.51,4336706.12,1781506.31
00:01:46.254,18/01/2026,08:02:39,17_T02,39.121543699,10.180518778,0.2,1874.56,64.59,12.869,0.1,38.52,13.42,1873.51,4336706.10,1781506.31
00:01:47.253,18/01/2026,08:02:40,17_T02,39.121543717,10.180518527,0.1,1874.56,64.58,12.850,0.1,38.52,13.42,1873.51,4336706.07,1781506.31
00:01:48.251,18/01/2026,08:02:41,17_T02,39.121543742,10.180518282,0.1,1874.56,64.60,12.831,0.1,38.52,13.42,1873.51,4336706.05,1781506.31
00:01:49.258,18/01/2026,08:02:42,17_T02,39.121546260,10.180521498,0.2,1874.56,64.59,13.200,0.1,38.52,13.42,1873.51,4336706.33,1781506.59
00:01:50.247,18/01/2026,08:02:43,17_T02,39.121547760,10.180523281,0.3,1874.56,64.59,13.410,0.1,38.52,13.42,1873.51,4336706.49,1781506.76
00:01:51.259,18/01/2026,08:02:44,17_T02,39.121547859,10.180523115,0.3,1874.56,64.59,13.401,0.1,38.52,13.42,1873.51,4336706.47,1781506.77
00:01:52.252,18/01/2026,08:02:45,17_T02,39.121547940,10.180522933,0.3,1874.56,64.60,13.390,0.1,38.52,13.42,1873.51,4336706.46,1781506.78
00:01:53.248,18/01/2026,08:02:46,17_T02,39.121548021,10.180522768,0.3,1874.56,64.60,13.381,0.1,38.52,13.42,1873.51,4336706.44,1781506.79
00:01:54.256,18/01/2026,08:02:47,17_T02,39.121548105,10.180522584,0.3,1874.56,64.60,13.370,0.1,38.52,13.42,1873.51,4336706.43,1781506.80
00:01:55.252,18/01/2026,08:02:48,17_T02,39.121550338,10.180524001,0.4,1874.56,64.60,13.583,0.1,38.52,13.42,1873.51,4336706.55,1781507.04
00:01:56.245,18/01/2026,08:02:49,17_T02,39.121551537,10.180524635,0.4,1874.56,64.60,13.687,0.1,38.52,13.42,1873.51,4336706.60,1781507.18
00:01:57.255,18/01/2026,08:02:50,17_T02,39.121551688,10.180524501,0.4,1874.56,64.60,13.684,0.1,38.52,13.42,1873.51,4336706.59,1781507.19
00:01:58.250,18/01/2026,08:02:51,17_T02,39.121551838,10.180524351,0.3,1874.56,64.60,13.679,0.1,38.52,13.42,1873.51,4336706.58,1781507.21
00:01:59.248,18/01/2026,08:02:52,17_T02,39.121551985,10.180524202,0.3,1874.56,64.61,13.673,0.1,38.52,13.42,1873.51,4336706.57,1781507.23
00:02:00.247,18/01/2026,08:02:53,17_T02,39.121552134,10.180524053,0.3,1874.56,64.61,13.668,0.1,38.52,13.42,1873.51,4336706.55,1781507.24
00:02:01.245,18/01/2026,08:02:54,17_T02,39.121552478,10.180524173,0.2,1874.56,64.62,13.693,0.1,38.52,13.42,1873.51,4336706.56,1781507.28
00:02:02.252,18/01/2026,08:02:55,17_T02,39.121552733,10.180524153,0.2,1874.56,64.61,13.703,0.1,38.52,13.42,1873.51,4336706.56,1781507.31
00:02:03.252,18/01/2026,08:02:56,17_T02,39.121552894,10.180524007,0.2,1874.56,64.62,13.699,0.1,38.52,13.42,1873.51,4336706.55,1781507.33
00:02:04.251,18/01/2026,08:02:57,17_T02,39.121553063,10.180523839,0.2,1874.56,64.61,13.693,0.1,38.52,13.42,1873.51,4336706.53,1781507.34
00:02:05.259,18/01/2026,08:02:58,17_T02,39.121553246,10.180523689,0.2,1874.56,64.62,13.689,0.1,38.52,13.42,1873.51,4336706.52,1781507.36
00:02:06.253,18/01/2026,08:02:59,17_T02,39.121551944,10.180518190,0.1,1874.56,64.62,13.194,0.1,38.52,13.42,1873.51,4336706.04,1781507.22
00:02:07.249,18/01/2026,08:03:00,17_T02,39.121551343,10.180515141,0.2,1874.56,64.62,12.925,0.1,38.52,13.42,1873.51,4336705.78,1781507.15
00:02:08.259,18/01/2026,08:03:01,17_T02,39.121551476,10.180514824,0.2,1874.56,64.62,12.906,0.1,38.52,13.42,1873.51,4336705.75,1781507.17
00:02:09.258,18/01/2026,08:03:02,17_T02,39.121551626,10.180514524,0.2,1874.56,64.62,12.889,0.1,38.52,13.42,1873.51,4336705.72,1781507.18
00:02:10.251,18/01/2026,08:03:03,17_T02,39.121551756,10.180514226,0.1,1874.56,64.63,12.871,0.1,38.52,13.42,1873.51,4336705.70,1781507.20
00:02:11.248,18/01/2026,08:03:04,17_T02,39.121551906,10.180513926,0.1,1874.56,64.63,12.854,0.1,38.52,13.42,1873.51,4336705.67,1781507.21
00:02:12.249,18/01/2026,08:03:05,17_T02,39.121549970,10.180511994,0.2,1874.56,64.63,12.613,0.1,38.52,13.42,1873.51,4336705.50,1781507.00
00:02:13.246,18/01/2026,08:03:06,17_T02,39.121548801,10.180510612,0.2,1874.56,64.64,12.451,0.1,38.52,13.42,1873.51,4336705.38,1781506.87
00:02:14.260,18/01/2026,08:03:07,17_T02,39.121548881,10.180510281,0.2,1874.56,64.64,12.428,0.1,38.52,13.42,1873.51,4336705.36,1781506.88
00:02:15.258,18/01/2026,08:03:08,17_T02,39.121548981,10.180509898,0.2,1874.56,64.64,12.402,0.1,38.52,13.42,1873.51,4336705.32,1781506.89
00:02:16.253,18/01/2026,08:03:09,17_T02,39.121549077,10.180509550,0.2,1874.56,64.64,12.379,0.1,38.52,13.42,1873.51,4336705.29,1781506.90
00:02:17.248,18/01/2026,08:03:10,17_T02,39.121549158,10.180509184,0.2,1874.56,64.65,12.353,0.1,38.52,13.42,1873.51,4336705.26,1781506.91
00:02:18.255,18/01/2026,08:03:11,17_T02,39.121548306,10.180510652,0.2,1874.56,64.65,12.431,0.1,38.52,13.42,1873.51,4336705.39,1781506.82
00:02:19.254,18/01/2026,08:03:12,17_T02,39.121547852,10.180511321,0.2,1874.56,64.66,12.464,0.1,38.52,13.42,1873.51,4336705.45,1781506.77
00:02:20.253,18/01/2026,08:03:13,17_T02,39.121547919,10.180511004,0.2,1874.56,64.66,12.442,0.1,38.52,13.42,1873.51,4336705.42,1781506.77
00:02:21.250,18/01/2026,08:03:14,17_T02,39.121547999,10.180510656,0.2,1874.56,64.66,12.418,0.1,38.52,13.42,1873.51,4336705.39,1781506.78
00:02:22.260,18/01/2026,08:03:15,17_T02,39.121548085,10.180510321,0.2,1874.56,64.66,12.395,0.1,38.52,13.42,1873.51,4336705.36,1781506.79
00:02:23.258,18/01/2026,08:03:16,17_T02,39.121548167,10.180509972,0.2,1874.56,64.66,12.371,0.1,38.52,13.42,1873.51,4336705.33,1781506.80
00:02:24.255,18/01/2026,08:03:17,17_T02,39.121545764,10.180508407,0.1,1874.56,64.66,12.138,0.1,38.52,13.42,1873.51,4336705.19,1781506.54
00:02:25.251,18/01/2026,08:03:18,17_T02,39.121544496,10.180507374,0.2,1874.56,64.67,11.999,0.1,38.52,13.42,1873.51,4336705.10,1781506.40
00:02:26.246,18/01/2026,08:03:19,17_T02,39.121544512,10.180507008,0.2,1874.56,64.67,11.971,0.1,38.52,13.42,1873.51,4336705.07,1781506.40
00:02:27.256,18/01/2026,08:03:20,17_T02,39.121544541,10.180506627,0.2,1874.56,64.67,11.942,0.1,38.52,13.42,1873.51,4336705.04,1781506.40
00:02:28.254,18/01/2026,08:03:21,17_T02,39.121544559,10.180506227,0.2,1874.56,64.67,11.911,0.1,38.52,13.42,1873.51,4336705.00,1781506.40
00:02:29.252,18/01/2026,08:03:22,17_T02,39.121544574,10.180505844,0.1,1874.56,64.67,11.881,0.1,38.52,13.42,1873.51,4336704.97,1781506.40
00:02:30.251,18/01/2026,08:03:23,17_T02,39.121543371,10.180502346,0.2,1874.56,64.68,11.549,0.1,38.52,13.42,1873.51,4336704.67,1781506.27
00:02:31.250,18/01/2026,08:03:24,17_T02,39.121542717,10.180500248,0.3,1874.56,64.69,11.353,0.1,38.52,13.42,1873.51,4336704.48,1781506.20
00:02:32.248,18/01/2026,08:03:25,17_T02,39.121542720,10.180499763,0.3,1874.56,64.68,11.315,0.1,38.52,13.42,1873.51,4336704.44,1781506.20
00:02:33.258,18/01/2026,08:03:26,17_T02,39.121542700,10.180499281,0.3,1874.56,64.69,11.276,0.1,38.52,13.42,1873.51,4336704.40,1781506.20
00:02:34.254,18/01/2026,08:03:27,17_T02,39.121542699,10.180498799,0.3,1874.56,64.69,11.237,0.1,38.52,13.42,1873.51,4336704.36,1781506.20
00:02:35.254,18/01/2026,08:03:28,17_T02,39.121542681,10.180498283,0.2,1874.56,64.69,11.195,0.1,38.52,13.42,1873.51,4336704.31,1781506.19
00:02:36.252,18/01/2026,08:03:29,17_T02,39.121542763,10.180496967,0.1,1874.56,64.69,11.095,0.1,38.52,13.42,1873.51,4336704.20,1781506.20
00:02:37.257,18/01/2026,08:03:30,17_T02,39.121542796,10.180496001,0.2,1874.56,64.69,11.019,0.1,38.52,13.42,1873.51,4336704.11,1781506.21
00:02:38.252,18/01/2026,08:03:31,17_T02,39.121542794,10.180495485,0.2,1874.56,64.69,10.978,0.1,38.52,13.42,1873.51,4336704.07,1781506.21
00:02:39.247,18/01/2026,08:03:32,17_T02,39.121542793,10.180494952,0.1,1874.56,64.70,10.936,0.1,38.52,13.42,1873.51,4336704.02,1781506.21
00:02:40.259,18/01/2026,08:03:33,17_T02,39.121542792,10.180494403,0.1,1874.55,64.70,10.892,0.1,38.52,13.42,1873.51,4336703.98,1781506.21
00:02:41.253,18/01/2026,08:03:34,17_T02,39.121543323,10.180497337,0.1,1874.55,64.70,11.149,0.1,38.52,13.42,1873.51,4336704.23,1781506.26
00:02:42.248,18/01/2026,08:03:35,17_T02,39.121543586,10.180498573,0.1,1874.55,64.71,11.259,0.1,38.52,13.42,1873.51,4336704.34,1781506.29
00:02:43.244,18/01/2026,08:03:36,17_T02,39.121543599,10.180498108,0.1,1874.55,64.71,11.223,0.1,38.52,13.42,1873.51,4336704.30,1781506.29
00:02:44.259,18/01/2026,08:03:37,17_T02,39.121543613,10.180497626,0.1,1874.55,64.72,11.185,0.1,38.52,13.42,1873.51,4336704.26,1781506.30
00:02:45.256,18/01/2026,08:03:38,17_T02,39.121543628,10.180497177,0.1,1874.55,64.72,11.150,0.1,38.52,13.42,1873.51,4336704.22,1781506.30
00:02:46.254,18/01/2026,08:03:39,17_T02,39.121543643,10.180496695,0.1,1874.55,64.72,11.113,0.1,38.52,13.42,1873.51,4336704.17,1781506.30
00:02:47.251,18/01/2026,08:03:40,17_T02,39.121543243,10.180499312,0.1,1874.55,64.72,11.302,0.1,38.52,13.42,1873.51,4336704.40,1781506.26
00:02:48.248,18/01/2026,08:03:41,17_T02,39.121543057,10.180500430,0.1,1874.55,64.73,11.383,0.1,38.52,13.42,1873.51,4336704.50,1781506.24
00:02:49.255,18/01/2026,08:03:42,17_T02,39.121543055,10.180499997,0.1,1874.55,64.73,11.348,0.1,38.52,13.42,1873.51,4336704.46,1781506.24
00:02:50.252,18/01/2026,08:03:43,17_T02,39.121543069,10.180499583,0.1,1874.55,64.73,11.316,0.1,38.52,13.42,1873.51,4336704.43,1781506.24
00:02:51.247,18/01/2026,08:03:44,17_T02,39.121543067,10.180499167,0.1,1874.55,64.74,11.283,0.1,38.52,13.42,1873.51,4336704.39,1781506.24
00:02:52.259,18/01/2026,08:03:45,17_T02,39.121543083,10.180498751,0.1,1874.54,64.74,11.251,0.1,38.52,13.42,1873.51,4336704.35,1781506.24
00:02:53.252,18/01/2026,08:03:46,17_T02,39.121540047,10.180500385,0.1,1874.54,64.74,11.244,0.1,38.52,13.42,1873.51,4336704.50,1781505.90
00:02:54.250,18/01/2026,08:03:47,17_T02,39.121538262,10.180501136,0.2,1874.54,64.75,11.223,0.1,38.52,13.42,1873.51,4336704.56,1781505.71
00:02:55.258,18/01/2026,08:03:48,17_T02,39.121538190,10.180500756,0.2,1874.54,64.75,11.189,0.1,38.52,13.42,1873.51,4336704.53,1781505.70
00:02:56.251,18/01/2026,08:03:49,17_T02,39.121538118,10.180500359,0.2,1874.54,64.76,11.154,0.1,38.52,13.42,1873.51,4336704.49,1781505.69
00:02:57.247,18/01/2026,08:03:50,17_T02,39.121538050,10.180499977,0.2,1874.54,64.76,11.121,0.1,38.52,13.42,1873.51,4336704.46,1781505.68
00:02:58.250,18/01/2026,08:03:51,17_T02,39.121537998,10.180499594,0.1,1874.54,64.77,11.088,0.1,38.52,13.42,1873.51,4336704.43,1781505.68
00:02:59.250,18/01/2026,08:03:52,17_T02,39.121540860,10.180506297,0.2,1874.54,64.77,11.750,0.1,38.52,13.42,1873.51,4336705.01,1781505.99
00:03:00.251,18/01/2026,08:03:53,17_T02,39.121542308,10.180509565,0.3,1874.54,64.78,12.074,0.1,38.52,13.42,1873.51,4336705.29,1781506.15
00:03:01.255,18/01/2026,08:03:54,17_T02,39.121542318,10.180509335,0.3,1874.54,64.78,12.057,0.1,38.52,13.42,1873.51,4336705.27,1781506.16
00:03:02.248,18/01/2026,08:03:55,17_T02,39.121542315,10.180509103,0.3,1874.54,64.79,12.038,0.1,38.52,13.42,1873.51,4336705.25,1781506.16
00:03:03.249,18/01/2026,08:03:56,17_T02,39.121542328,10.180508872,0.3,1874.54,64.80,12.020,0.1,38.52,13.42,1873.51,4336705.23,1781506.16
00:03:04.247,18/01/2026,08:03:57,17_T02,39.121542324,10.180508625,0.3,1874.54,64.80,12.001,0.1,38.52,13.42,1873.51,4336705.21,1781506.16
00:03:05.249,18/01/2026,08:03:58,17_T02,39.121545388,10.180513709,0.4,1874.54,64.81,12.543,0.1,38.52,13.42,1873.51,4336705.65,1781506.50
00:03:06.245,18/01/2026,08:03:59,17_T02,39.121547054,10.180516343,0.5,1874.53,64.81,12.827,0.1,38.52,13.42,1873.51,4336705.88,1781506.68
00:03:07.248,18/01/2026,08:04:00,17_T02,39.121547135,10.180516228,0.5,1874.53,64.81,12.821,0.1,38.52,13.42,1873.51,4336705.87,1781506.69
00:03:08.245,18/01/2026,08:04:01,17_T02,39.121547217,10.180516111,0.5,1874.53,64.81,12.816,0.1,38.52,13.42,1873.51,4336705.86,1781506.70
00:03:09.259,18/01/2026,08:04:02,17_T02,39.121547313,10.180515980,0.5,1874.53,64.82,12.810,0.1,38.52,13.42,1873.51,4336705.85,1781506.71
00:03:10.258,18/01/2026,08:04:03,17_T02,39.121547397,10.180515864,0.5,1874.53,64.82,12.804,0.1,38.52,13.42,1873.51,4336705.84,1781506.72
00:03:11.258,18/01/2026,08:04:04,17_T02,39.121544876,10.180513733,0.6,1874.53,64.82,12.521,0.1,38.52,13.42,1873.51,4336705.66,1781506.44
00:03:12.254,18/01/2026,08:04:05,17_T02,39.121543736,10.180512669,0.6,1874.53,64.83,12.385,0.1,38.52,13.42,1873.51,4336705.56,1781506.31
00:03:13.250,18/01/2026,08:04:06,17_T02,39.121543766,10.180512505,0.6,1874.53,64.84,12.374,0.1,38.52,13.42,1873.51,4336705.55,1781506.32
00:03:14.247,18/01/2026,08:04:07,17_T02,39.121543800,10.180512338,0.6,1874.53,64.84,12.362,0.1,38.52,13.42,1873.51,4336705.54,1781506.32
00:03:15.259,18/01/2026,08:04:08,17_T02,39.121543825,10.180512159,0.4,1874.53,64.85,12.349,0.1,38.52,13.42,1873.51,4336705.52,1781506.32
00:03:16.256,18/01/2026,08:04:09,17_T02,39.121543855,10.180511978,0.4,1874.53,64.86,12.336,0.1,38.52,13.42,1873.51,4336705.50,1781506.33
00:03:17.253,18/01/2026,08:04:10,17_T02,39.121547886,10.180514895,0.4,1874.53,64.86,12.749,0.1,38.52,13.42,1873.51,4336705.76,1781506.77
00:03:18.255,18/01/2026,08:04:11,17_T02,39.121550069,10.180516396,0.6,1874.53,64.86,12.967,0.1,38.52,13.42,1873.51,4336705.89,1781507.01
00:03:19.259,18/01/2026,08:04:12,17_T02,39.121550201,10.180516280,0.6,1874.53,64.86,12.964,0.1,38.52,13.42,1873.51,4336705.88,1781507.03
00:03:20.258,18/01/2026,08:04:13,17_T02,39.121550332,10.180516181,0.6,1874.52,64.86,12.962,0.1,38.52,13.42,1873.51,4336705.87,1781507.04
00:03:21.254,18/01/2026,08:04:14,17_T02,39.121550474,10.180516069,0.4,1874.52,64.88,12.959,0.1,38.52,13.42,1873.51,4336705.86,1781507.06
00:03:22.253,18/01/2026,08:04:15,17_T02,39.121552058,10.180517052,0.3,1874.52,64.88,13.109,0.1,38.52,13.42,1873.51,4336705.94,1781507.23
00:03:23.251,18/01/2026,08:04:16,17_T02,39.121552954,10.180517521,0.4,1874.52,64.88,13.187,0.1,38.52,13.42,1873.51,4336705.98,1781507.33
00:03:24.256,18/01/2026,08:04:17,17_T02,39.121553139,10.180517420,0.4,1874.52,64.88,13.187,0.1,38.52,13.42,1873.51,4336705.98,1781507.35
00:03:25.254,18/01/2026,08:04:18,17_T02,39.121553315,10.180517341,0.2,1874.52,64.89,13.188,0.1,38.52,13.42,1873.51,4336705.97,1781507.37
00:03:26.253,18/01/2026,08:04:19,17_T02,39.121553479,10.180517242,0.2,1874.52,64.89,13.188,0.1,38.52,13.42,1873.51,4336705.96,1781507.39
00:03:27.248,18/01/2026,08:04:20,17_T02,39.121553663,10.180517159,0.2,1874.52,64.89,13.190,0.1,38.52,13.42,1873.51,4336705.95,1781507.41
00:03:28.245,18/01/2026,08:04:21,17_T02,39.121553911,10.180516909,0.2,1874.52,64.89,13.181,0.1,38.52,13.42,1873.51,4336705.93,1781507.44
00:03:29.247,18/01/2026,08:04:22,17_T02,39.121554109,10.180516727,0.2,1874.52,64.90,13.176,0.1,38.52,13.42,1873.51,4336705.91,1781507.46
00:03:30.255,18/01/2026,08:04:23,17_T02,39.121554307,10.180516628,0.2,1874.52,64.90,13.177,0.1,38.52,13.42,1873.51,4336705.91,1781507.48
00:03:31.251,18/01/2026,08:04:24,17_T02,39.121554503,10.180516531,0.2,1874.52,64.91,13.178,0.1,38.52,13.42,1873.51,4336705.90,1781507.50
00:03:32.252,18/01/2026,08:04:25,17_T02,39.121554682,10.180516433,0.2,1874.52,64.92,13.178,0.1,38.52,13.42,1873.51,4336705.89,1781507.52
00:03:33.245,18/01/2026,08:04:26,17_T02,39.121554881,10.180516317,0.2,1874.52,64.92,13.178,0.1,38.52,13.42,1873.51,4336705.88,1781507.54
00:03:34.256,18/01/2026,08:04:27,17_T02,39.121553731,10.180520701,0.1,1874.52,64.92,13.474,0.1,38.52,13.42,1873.51,4336706.26,1781507.42
00:03:35.252,18/01/2026,08:04:28,17_T02,39.121553241,10.180522921,0.2,1874.52,64.93,13.628,0.1,38.52,13.42,1873.51,4336706.45,1781507.36
00:03:36.248,18/01/2026,08:04:29,17_T02,39.121553406,10.180522905,0.2,1874.52,64.93,13.634,0.1,38.52,13.42,1873.51,4336706.45,1781507.38
00:03:37.257,18/01/2026,08:04:30,17_T02,39.121553572,10.180522906,0.2,1874.52,64.93,13.642,0.1,38.52,13.42,1873.51,4336706.45,1781507.40
00:03:38.252,18/01/2026,08:04:31,17_T02,39.121553751,10.180522908,0.1,1874.52,64.94,13.650,0.1,38.52,13.42,1873.51,4336706.45,1781507.42
00:03:39.250,18/01/2026,08:04:32,17_T02,39.121553930,10.180522893,0.1,1874.52,64.94,13.657,0.1,38.52,13.42,1873.51,4336706.45,1781507.44
00:03:40.260,18/01/2026,08:04:33,17_T02,39.121551180,10.180517527,0.2,1874.52,64.94,13.107,0.1,38.52,13.42,1873.51,4336705.99,1781507.14
00:03:41.244,18/01/2026,08:04:34,17_T02,39.121549710,10.180514496,0.3,1874.52,64.95,12.800,0.1,38.52,13.42,1873.51,4336705.72,1781506.97
00:03:42.254,18/01/2026,08:04:35,17_T02,39.121549824,10.180514364,0.3,1874.52,64.95,12.795,0.1,38.52,13.42,1873.51,4336705.71,1781506.99
00:03:43.245,18/01/2026,08:04:36,17_T02,39.121549937,10.180514232,0.3,1874.52,64.96,12.789,0.1,38.52,13.42,1873.51,4336705.70,1781507.00
00:03:44.255,18/01/2026,08:04:37,17_T02,39.121550056,10.180514081,0.3,1874.51,64.96,12.783,0.1,38.52,13.42,1873.51,4336705.69,1781507.01
00:03:45.255,18/01/2026,08:04:38,17_T02,39.121550187,10.180513949,0.3,1874.51,64.96,12.778,0.1,38.52,13.42,1873.51,4336705.67,1781507.03
00:03:46.252,18/01/2026,08:04:39,17_T02,39.121552568,10.180513800,0.4,1874.51,64.96,12.874,0.1,38.52,13.42,1873.51,4336705.66,1781507.29
00:03:47.247,18/01/2026,08:04:40,17_T02,39.121553865,10.180513652,0.4,1874.51,64.97,12.920,0.1,38.52,13.42,1873.51,4336705.65,1781507.43
00:03:48.259,18/01/2026,08:04:41,17_T02,39.121554030,10.180513503,0.4,1874.51,64.97,12.917,0.1,38.52,13.42,1873.51,4336705.63,1781507.45
00:03:49.251,18/01/2026,08:04:42,17_T02,39.121554213,10.180513353,0.3,1874.51,64.97,12.912,0.1,38.52,13.42,1873.51,4336705.62,1781507.47
00:03:50.251,18/01/2026,08:04:43,17_T02,39.121554413,10.180513203,0.3,1874.51,64.97,12.909,0.1,38.52,13.42,1873.51,4336705.61,1781507.49
00:03:51.248,18/01/2026,08:04:44,17_T02,39.121554595,10.180513054,0.2,1874.51,64.97,12.906,0.1,38.52,13.42,1873.51,4336705.60,1781507.51
00:03:52.247,18/01/2026,08:04:45,17_T02,39.121553728,10.180513104,0.2,1874.51,64.97,12.871,0.1,38.52,13.42,1873.51,4336705.60,1781507.42
00:03:53.258,18/01/2026,08:04:46,17_T02,39.121553375,10.180513056,0.2,1874.51,64.98,12.851,0.1,38.52,13.42,1873.51,4336705.60,1781507.38
00:03:54.252,18/01/2026,08:04:47,17_T02,39.121553539,10.180512924,0.2,1874.51,64.98,12.848,0.1,38.52,13.42,1873.51,4336705.58,1781507.39
00:03:55.245,18/01/2026,08:04:48,17_T02,39.121553721,10.180512758,0.2,1874.51,64.98,12.843,0.1,38.52,13.42,1873.51,4336705.57,1781507.41
00:03:56.256,18/01/2026,08:04:49,17_T02,39.121553885,10.180512609,0.2,1874.51,64.99,12.838,0.1,38.52,13.42,1873.51,4336705.56,1781507.43
00:03:57.248,18/01/2026,08:04:50,17_T02,39.121555350,10.180514694,0.2,1874.51,64.99,13.070,0.1,38.52,13.42,1873.51,4336705.74,1781507.59
00:03:58.247,18/01/2026,08:04:51,17_T02,39.121556248,10.180515795,0.2,1874.51,64.99,13.198,0.1,38.52,13.42,1873.51,4336705.83,1781507.69
00:03:59.257,18/01/2026,08:04:52,17_T02,39.121556464,10.180515695,0.2,1874.51,64.99,13.200,0.1,38.52,13.42,1873.51,4336705.82,1781507.72
00:04:00.254,18/01/2026,08:04:53,17_T02,39.121556675,10.180515598,0.1,1874.51,65.00,13.202,0.1,38.52,13.42,1873.51,4336705.82,1781507.74
00:04:01.256,18/01/2026,08:04:54,17_T02,39.121556888,10.180515483,0.1,1874.51,65.01,13.202,0.1,38.52,13.42,1873.51,4336705.81,1781507.76
00:04:02.258,18/01/2026,08:04:55,17_T02,39.121557120,10.180515368,0.1,1874.51,65.01,13.203,0.1,38.52,13.42,1873.51,4336705.80,1781507.79
00:04:03.256,18/01/2026,08:04:56,17_T02,39.121558120,10.180518584,0.2,1874.51,65.01,13.504,0.1,38.52,13.42,1873.51,4336706.08,1781507.90
00:04:04.251,18/01/2026,08:04:57,17_T02,39.121558785,10.180520352,0.2,1874.51,65.01,13.674,0.1,38.52,13.42,1873.51,4336706.23,1781507.98
00:04:05.251,18/01/2026,08:04:58,17_T02,39.121559033,10.180520319,0.2,1874.51,65.01,13.683,0.1,38.52,13.42,1873.51,4336706.23,1781508.00
00:04:06.247,18/01/2026,08:04:59,17_T02,39.121559283,10.180520286,0.2,1874.51,65.02,13.692,0.1,38.52,13.42,1873.51,4336706.22,1781508.03
00:04:07.260,18/01/2026,08:05:00,17_T02,39.121559530,10.180520255,0.2,1874.51,65.02,13.700,0.1,38.52,13.42,1873.51,4336706.22,1781508.06
00:04:08.259,18/01/2026,08:05:01,17_T02,39.121559778,10.180520222,0.2,1874.51,65.02,13.709,0.1,38.52,13.42,1873.51,4336706.22,1781508.08
00:04:09.257,18/01/2026,08:05:02,17_T02,39.121562628,10.180523822,0.2,1874.51,65.02,14.123,0.1,38.52,13.42,1873.51,4336706.53,1781508.40
00:04:10.255,18/01/2026,08:05:03,17_T02,39.121564097,10.180525521,0.3,1874.51,65.02,14.324,0.1,38.52,13.42,1873.51,4336706.68,1781508.56
00:04:11.253,18/01/2026,08:05:04,17_T02,39.121564427,10.180525573,0.3,1874.51,65.02,14.343,0.1,38.52,13.42,1873.51,4336706.68,1781508.60
00:04:12.248,18/01/2026,08:05:05,17_T02,39.121564742,10.180525607,0.3,1874.51,65.03,14.360,0.1,38.52,13.42,1873.51,4336706.68,1781508.63
00:04:13.258,18/01/2026,08:05:06,17_T02,39.121565057,10.180525658,0.3,1874.51,65.03,14.379,0.1,38.52,13.42,1873.51,4336706.69,1781508.67
00:04:14.255,18/01/2026,08:05:07,17_T02,39.121565388,10.180525709,0.3,1874.51,65.03,14.398,0.1,38.52,13.42,1873.51,4336706.69,1781508.70
00:04:15.255,18/01/2026,08:05:08,17_T02,39.121562887,10.180525460,0.2,1874.51,65.03,14.265,0.1,38.52,13.42,1873.51,4336706.67,1781508.43
00:04:16.250,18/01/2026,08:05:09,17_T02,39.121561869,10.180525377,0.2,1874.51,65.04,14.213,0.1,38.52,13.42,1873.51,4336706.67,1781508.32
00:04:17.248,18/01/2026,08:05:10,17_T02,39.121562135,10.180525411,0.2,1874.51,65.04,14.227,0.1,38.52,13.42,1873.51,4336706.67,1781508.35
00:04:18.258,18/01/2026,08:05:11,17_T02,39.121562414,10.180525447,0.2,1874.51,65.04,14.243,0.1,38.52,13.42,1873.51,4336706.67,1781508.38
00:04:19.255,18/01/2026,08:05:12,17_T02,39.121562682,10.180525496,0.2,1874.51,65.04,14.259,0.1,38.52,13.42,1873.51,4336706.68,1781508.41
00:04:20.254,18/01/2026,08:05:13,17_T02,39.121562964,10.180525530,0.2,1874.51,65.04,14.274,0.1,38.52,13.42,1873.51,4336706.68,1781508.44
00:04:21.249,18/01/2026,08:05:14,17_T02,39.121567166,10.180527813,0.1,1874.51,65.04,14.645,0.1,38.52,13.42,1873.51,4336706.88,1781508.90
00:04:22.256,18/01/2026,08:05:15,17_T02,39.121569581,10.180529080,0.2,1874.51,65.04,14.854,0.1,38.52,13.42,1873.51,4336706.99,1781509.17
00:04:23.250,18/01/2026,08:05:16,17_T02,39.121569960,10.180529165,0.2,1874.51,65.05,14.878,0.1,38.52,13.42,1873.51,4336706.99,1781509.21
00:04:24.251,18/01/2026,08:05:17,17_T02,39.121570357,10.180529251,0.2,1874.51,65.05,14.903,0.1,38.52,13.42,1873.51,4336707.00,1781509.25
00:04:25.248,18/01/2026,08:05:18,17_T02,39.121570742,10.180529333,0.2,1874.51,65.05,14.927,0.1,38.52,13.42,1873.51,4336707.01,1781509.30
00:04:26.244,18/01/2026,08:05:19,17_T02,39.121571119,10.180529420,0.2,1874.51,65.06,14.951,0.1,38.52,13.42,1873.51,4336707.02,1781509.34
00:04:27.254,18/01/2026,08:05:20,17_T02,39.121568234,10.180526838,0.1,1874.51,65.06,14.616,0.1,38.52,13.42,1873.51,4336706.79,1781509.02
00:04:28.249,18/01/2026,08:05:21,17_T02,39.121566834,10.180525588,0.3,1874.51,65.07,14.453,0.1,38.52,13.42,1873.51,4336706.68,1781508.86
00:04:29.249,18/01/2026,08:05:22,17_T02,39.121567317,10.180525621,0.3,1874.51,65.06,14.478,0.1,38.52,13.42,1873.51,4336706.69,1781508.92
00:04:30.247,18/01/2026,08:05:23,17_T02,39.121567631,10.180525656,0.3,1874.51,65.07,14.495,0.1,38.52,13.42,1873.51,4336706.69,1781508.95
00:04:31.256,18/01/2026,08:05:24,17_T02,39.121567978,10.180525674,0.3,1874.50,65.07,14.512,0.1,38.52,13.42,1873.51,4336706.69,1781508.99
00:04:32.251,18/01/2026,08:05:25,17_T02,39.121568310,10.180525708,0.1,1874.50,65.08,14.529,0.1,38.52,13.42,1873.51,4336706.69,1781509.03
00:04:33.261,18/01/2026,08:05:26,17_T02,39.121569393,10.180528442,0.1,1874.50,65.07,14.795,0.1,38.52,13.42,1873.51,4336706.93,1781509.15
00:04:34.255,18/01/2026,08:05:27,17_T02,39.121570091,10.180529743,0.2,1874.50,65.08,14.930,0.1,38.52,13.42,1873.51,4336707.04,1781509.22
00:04:35.252,18/01/2026,08:05:28,17_T02,39.121570439,10.180529827,0.2,1874.50,65.08,14.952,0.1,38.52,13.42,1873.51,4336707.05,1781509.26
00:04:36.245,18/01/2026,08:05:29,17_T02,39.121570805,10.180529911,0.2,1874.50,65.08,14.976,0.1,38.52,13.42,1873.51,4336707.06,1781509.30
00:04:37.259,18/01/2026,08:05:30,17_T02,39.121571171,10.180529995,0.2,1874.50,65.08,14.999,0.1,38.52,13.42,1873.51,4336707.07,1781509.34
00:04:38.247,18/01/2026,08:05:31,17_T02,39.121567385,10.180531079,0.2,1874.50,65.09,14.914,0.1,38.52,13.42,1873.51,4336707.16,1781508.93
00:04:39.259,18/01/2026,08:05:32,17_T02,39.121565615,10.180531682,0.2,1874.50,65.09,14.882,0.1,38.52,13.42,1873.51,4336707.21,1781508.73
00:04:40.256,18/01/2026,08:05:33,17_T02,39.121565877,10.180531784,0.2,1874.50,65.10,14.902,0.1,38.52,13.42,1873.51,4336707.22,1781508.76
00:04:41.251,18/01/2026,08:05:34,17_T02,39.121566161,10.180531900,0.2,1874.50,65.10,14.924,0.1,38.52,13.42,1873.51,4336707.23,1781508.79
00:04:42.248,18/01/2026,08:05:35,17_T02,39.121566443,10.180532001,0.2,1874.50,65.10,14.945,0.1,38.52,13.42,1873.51,4336707.24,1781508.82
00:04:43.261,18/01/2026,08:05:36,17_T02,39.121566708,10.180532119,0.2,1874.50,65.10,14.966,0.1,38.52,13.42,1873.51,4336707.25,1781508.85
00:04:44.257,18/01/2026,08:05:37,17_T02,39.121561503,10.180530721,0.2,1874.50,65.11,14.620,0.1,38.52,13.42,1873.51,4336707.13,1781508.28
00:04:45.254,18/01/2026,08:05:38,17_T02,39.121558951,10.180530056,0.3,1874.50,65.11,14.452,0.1,38.52,13.42,1873.51,4336707.07,1781508.00
00:04:46.249,18/01/2026,08:05:39,17_T02,39.121559098,10.180530141,0.3,1874.50,65.12,14.466,0.1,38.52,13.42,1873.51,4336707.08,1781508.01
00:04:47.249,18/01/2026,08:05:40,17_T02,39.121559244,10.180530210,0.3,1874.50,65.13,14.478,0.1,38.52,13.42,1873.51,4336707.09,1781508.03
00:04:48.248,18/01/2026,08:05:41,17_T02,39.121559410,10.180530277,0.3,1874.50,65.13,14.491,0.1,38.52,13.42,1873.51,4336707.09,1781508.05
00:04:49.246,18/01/2026,08:05:42,17_T02,39.121559574,10.180530345,0.3,1874.50,65.13,14.503,0.1,38.52,13.42,1873.51,4336707.10,1781508.06
00:04:50.249,18/01/2026,08:05:43,17_T02,39.121557004,10.180529513,0.3,1874.50,65.13,14.322,0.1,38.52,13.42,1873.51,4336707.03,1781507.78
00:04:51.247,18/01/2026,08:05:44,17_T02,39.121555702,10.180529081,0.2,1874.50,65.14,14.228,0.1,38.52,13.42,1873.51,4336706.99,1781507.64
00:04:52.255,18/01/2026,08:05:45,17_T02,39.121555800,10.180529132,0.2,1874.49,65.14,14.237,0.1,38.52,13.42,1873.51,4336706.99,1781507.65
00:04:53.250,18/01/2026,08:05:46,17_T02,39.121555882,10.180529183,0.2,1874.49,65.14,14.245,0.1,38.52,13.42,1873.51,4336707.00,1781507.66
00:04:54.249,18/01/2026,08:05:47,17_T02,39.121555979,10.180529218,0.2,1874.49,65.15,14.252,0.1,38.52,13.42,1873.51,4336707.00,1781507.67
00:04:55.246,18/01/2026,08:05:48,17_T02,39.121556075,10.180529270,0.2,1874.49,65.15,14.260,0.1,38.52,13.42,1873.51,4336707.01,1781507.68
00:04:56.245,18/01/2026,08:05:49,17_T02,39.121554806,10.180527605,0.2,1874.49,65.16,14.071,0.1,38.52,13.42,1873.51,4336706.86,1781507.54
00:04:57.255,18/01/2026,08:05:50,17_T02,39.121554206,10.180526771,0.3,1874.49,65.16,13.978,0.1,38.52,13.42,1873.51,4336706.79,1781507.47
00:04:58.255,18/01/2026,08:05:51,17_T02,39.121554270,10.180526773,0.3,1874.49,65.16,13.981,0.1,38.52,13.42,1873.51,4336706.79,1781507.48
00:04:59.253,18/01/2026,08:05:52,17_T02,39.121554337,10.180526773,0.3,1874.49,65.16,13.984,0.1,38.52,13.42,1873.51,4336706.79,1781507.49
00:05:00.253,18/01/2026,08:05:53,17_T02,39.121554399,10.180526776,0.3,1874.49,65.17,13.987,0.1,38.52,13.42,1873.51,4336706.79,1781507.49
00:05:01.251,18/01/2026,08:05:54,17_T02,39.121554462,10.180526761,0.3,1874.49,65.17,13.988,0.1,38.52,13.42,1873.51,4336706.79,1781507.50
00:05:02.246,18/01/2026,08:05:55,17_T02,39.121556041,10.180530947,0.2,1874.49,65.18,14.392,0.1,38.52,13.42,1873.51,4336707.15,1781507.67
00:05:03.255,18/01/2026,08:05:56,17_T02,39.121556889,10.180533098,0.3,1874.49,65.18,14.601,0.1,38.52,13.42,1873.51,4336707.34,1781507.77
00:05:04.255,18/01/2026,08:05:57,17_T02,39.121556985,10.180533200,0.3,1874.49,65.19,14.613,0.1,38.52,13.42,1873.51,4336707.35,1781507.78
00:05:05.252,18/01/2026,08:05:58,17_T02,39.121557100,10.180533284,0.3,1874.48,65.19,14.625,0.1,38.52,13.42,1873.51,4336707.35,1781507.79
00:05:06.247,18/01/2026,08:05:59,17_T02,39.121557197,10.180533385,0.3,1874.48,65.19,14.638,0.1,38.52,13.42,1873.51,4336707.36,1781507.80
00:05:07.248,18/01/2026,08:06:00,17_T02,39.121557312,10.180533470,0.3,1874.48,65.20,14.650,0.1,38.52,13.42,1873.51,4336707.37,1781507.82
00:05:08.247,18/01/2026,08:06:01,17_T02,39.121560857,10.180536423,0.3,1874.48,65.21,15.044,0.1,38.52,13.42,1873.51,4336707.63,1781508.21
00:05:09.259,18/01/2026,08:06:02,17_T02,39.121562835,10.180538075,0.4,1874.48,65.22,15.264,0.1,38.52,13.42,1873.51,4336707.77,1781508.43
00:05:10.254,18/01/2026,08:06:03,17_T02,39.121563030,10.180538228,0.4,1874.48,65.22,15.285,0.1,38.52,13.42,1873.51,4336707.78,1781508.45
00:05:11.259,18/01/2026,08:06:04,17_T02,39.121563212,10.180538379,0.4,1874.48,65.22,15.306,0.1,38.52,13.42,1873.51,4336707.80,1781508.47
00:05:12.249,18/01/2026,08:06:05,17_T02,39.121563408,10.180538548,0.4,1874.48,65.23,15.328,0.1,38.52,13.42,1873.51,4336707.81,1781508.49
00:05:13.244,18/01/2026,08:06:06,17_T02,39.121563604,10.180538717,0.3,1874.48,65.23,15.350,0.1,38.52,13.42,1873.51,4336707.83,1781508.51
00:05:14.250,18/01/2026,08:06:07,17_T02,39.121563471,10.180538083,0.3,1874.48,65.23,15.294,0.1,38.52,13.42,1873.51,4336707.77,1781508.50
00:05:15.245,18/01/2026,08:06:08,17_T02,39.121563486,10.180537817,0.3,1874.48,65.24,15.273,0.1,38.52,13.42,1873.51,4336707.75,1781508.50
00:05:16.249,18/01/2026,08:06:09,17_T02,39.121563683,10.180537952,0.3,1874.48,65.24,15.293,0.1,38.52,13.42,1873.51,4336707.76,1781508.52
00:05:17.258,18/01/2026,08:06:10,17_T02,39.121563878,10.180538105,0.3,1874.48,65.25,15.314,0.1,38.52,13.42,1873.50,4336707.77,1781508.54
00:05:18.249,18/01/2026,08:06:11,17_T02,39.121564074,10.180538241,0.3,1874.48,65.26,15.333,0.1,38.52,13.42,1873.50,4336707.78,1781508.56
00:05:19.247,18/01/2026,08:06:12,17_T02,39.121567788,10.180542292,0.2,1874.47,65.26,15.823,0.1,38.52,13.42,1873.50,4336708.14,1781508.97
00:05:20.254,18/01/2026,08:06:13,17_T02,39.121569734,10.180544395,0.4,1874.47,65.27,16.077,0.1,38.52,13.42,1873.50,4336708.32,1781509.19
00:05:21.251,18/01/2026,08:06:14,17_T02,39.121570016,10.180544612,0.4,1874.47,65.27,16.107,0.1,38.52,13.42,1873.50,4336708.34,1781509.22
00:05:22.246,18/01/2026,08:06:15,17_T02,39.121570294,10.180544865,0.4,1874.47,65.28,16.140,0.1,38.52,13.42,1873.51,4336708.36,1781509.25
00:05:23.256,18/01/2026,08:06:16,17_T02,39.121570573,10.180545084,0.2,1874.47,65.28,16.170,0.1,38.52,13.42,1873.51,4336708.38,1781509.28
00:05:24.256,18/01/2026,08:06:17,17_T02,39.121570869,10.180545336,0.1,1874.47,65.29,16.203,0.1,38.52,13.42,1873.50,4336708.40,1781509.31
00:05:25.247,18/01/2026,08:06:18,17_T02,39.121568965,10.180542305,0.1,1874.47,65.30,15.877,0.1,38.52,13.42,1873.50,4336708.14,1781509.10
00:05:26.258,18/01/2026,08:06:19,17_T02,39.121568028,10.180540724,0.3,1874.47,65.30,15.709,0.1,38.52,13.42,1873.51,4336708.00,1781509.00
00:05:27.256,18/01/2026,08:06:20,17_T02,39.121568261,10.180540874,0.3,1874.47,65.30,15.731,0.1,38.52,13.42,1873.51,4336708.01,1781509.02
00:05:28.254,18/01/2026,08:06:21,17_T02,39.121568505,10.180541027,0.3,1874.47,65.31,15.755,0.1,38.52,13.42,1873.51,4336708.03,1781509.05
00:05:29.250,18/01/2026,08:06:22,17_T02,39.121568749,10.180541197,0.3,1874.47,65.32,15.779,0.1,38.52,13.42,1873.51,4336708.04,1781509.08
00:05:30.248,18/01/2026,08:06:23,17_T02,39.121568997,10.180541348,0.3,1874.47,65.32,15.802,0.1,38.52,13.42,1873.49,4336708.05,1781509.11
00:05:31.258,18/01/2026,08:06:24,17_T02,39.121569955,10.180544386,0.1,1874.47,65.33,16.087,0.1,38.52,13.42,1873.49,4336708.32,1781509.21
00:05:32.254,18/01/2026,08:06:25,17_T02,39.121570570,10.180546037,0.2,1874.47,65.34,16.246,0.1,38.52,13.42,1873.49,4336708.46,1781509.28
00:05:33.255,18/01/2026,08:06:26,17_T02,39.121570831,10.180546257,0.2,1874.47,65.35,16.275,0.1,38.52,13.42,1873.49,4336708.48,1781509.31
00:05:34.252,18/01/2026,08:06:27,17_T02,39.121571114,10.180546473,0.2,1874.47,65.35,16.305,0.1,38.52,13.42,1873.51,4336708.50,1781509.34
00:05:35.251,18/01/2026,08:06:28,17_T02,39.121571381,10.180546707,0.2,1874.47,65.35,16.335,0.1,38.52,13.42,1873.51,4336708.52,1781509.37
00:05:36.246,18/01/2026,08:06:29,17_T02,39.121571658,10.180546927,0.2,1874.47,65.36,16.365,0.1,38.52,13.42,1873.52,4336708.54,1781509.40
00:05:37.245,18/01/2026,08:06:30,17_T02,39.121572206,10.180545945,0.1,1874.47,65.36,16.312,0.1,38.52,13.42,1873.52,4336708.45,1781509.46
00:05:38.256,18/01/2026,08:06:31,17_T02,39.121572621,10.180545546,0.1,1874.47,65.36,16.299,0.1,38.52,13.42,1873.50,4336708.42,1781509.51
00:05:39.257,18/01/2026,08:06:32,17_T02,39.121572903,10.180545746,0.1,1874.47,65.36,16.328,0.1,38.52,13.42,1873.50,4336708.44,1781509.54
00:05:40.254,18/01/2026,08:06:33,17_T02,39.121573185,10.180545930,0.1,1874.47,65.36,16.355,0.1,38.52,13.42,1873.51,4336708.45,1781509.57
00:05:41.254,18/01/2026,08:06:34,17_T02,39.121573480,10.180546133,0.1,1874.47,65.37,16.385,0.1,38.52,13.42,1873.51,4336708.47,1781509.60
00:05:42.250,18/01/2026,08:06:35,17_T02,39.121573779,10.180546334,0.1,1874.47,65.37,16.414,0.1,38.52,13.42,1873.50,4336708.49,1781509.64
00:05:43.248,18/01/2026,08:06:36,17_T02,39.121571778,10.180546734,0.1,1874.47,65.38,16.355,0.1,38.52,13.42,1873.50,4336708.52,1781509.41
00:05:44.248,18/01/2026,08:06:37,17_T02,39.121570928,10.180547034,0.1,1874.47,65.38,16.341,0.1,38.52,13.42,1873.49,4336708.55,1781509.32
00:05:45.245,18/01/2026,08:06:38,17_T02,39.121571176,10.180547235,0.1,1874.47,65.38,16.368,0.1,38.52,13.42,1873.49,4336708.57,1781509.35
00:05:46.254,18/01/2026,08:06:39,17_T02,39.121571426,10.180547435,0.1,1874.47,65.38,16.395,0.1,38.52,13.42,1873.49,4336708.58,1781509.38
00:05:47.249,18/01/2026,08:06:40,17_T02,39.121571672,10.180547637,0.1,1874.47,65.38,16.422,0.1,38.52,13.42,1873.49,4336708.60,1781509.40
00:05:48.247,18/01/2026,08:06:41,17_T02,39.121571904,10.180547838,0.1,1874.47,65.39,16.449,0.1,38.52,13.42,1873.50,4336708.62,1781509.43
00:05:49.257,18/01/2026,08:06:42,17_T02,39.121570398,10.180549692,0.1,1874.47,65.40,16.528,0.1,38.52,13.42,1873.50,4336708.78,1781509.26
00:05:50.255,18/01/2026,08:06:43,17_T02,39.121569729,10.180550743,0.2,1874.47,65.40,16.581,0.1,38.52,13.42,1873.50,4336708.87,1781509.19
00:05:51.246,18/01/2026,08:06:44,17_T02,39.121569942,10.180550978,0.2,1874.46,65.41,16.610,0.1,38.52,13.42,1873.50,4336708.89,1781509.21
00:05:52.246,18/01/2026,08:06:45,17_T02,39.121570143,10.180551211,0.2,1874.47,65.40,16.637,0.1,38.52,13.42,1873.50,4336708.91,1781509.23
00:05:53.257,18/01/2026,08:06:46,17_T02,39.121570373,10.180551462,0.2,1874.47,65.41,16.668,0.1,38.52,13.42,1873.50,4336708.93,1781509.26
00:05:54.248,18/01/2026,08:06:47,17_T02,39.121567020,10.180551281,0.2,1874.47,65.41,16.502,0.1,38.52,13.42,1873.50,4336708.92,1781508.89
00:05:55.255,18/01/2026,08:06:48,17_T02,39.121565534,10.180551316,0.2,1874.46,65.42,16.438,0.1,38.52,13.42,1873.50,4336708.92,1781508.73
00:05:56.247,18/01/2026,08:06:49,17_T02,39.121565668,10.180551532,0.2,1874.46,65.42,16.461,0.1,38.52,13.42,1873.50,4336708.94,1781508.74
00:05:57.252,18/01/2026,08:06:50,17_T02,39.121565798,10.180551767,0.2,1874.46,65.42,16.485,0.1,38.52,13.42,1873.50,4336708.96,1781508.76
00:05:58.258,18/01/2026,08:06:51,17_T02,39.121565925,10.180552004,0.2,1874.46,65.43,16.510,0.1,38.52,13.42,1873.50,4336708.98,1781508.77
00:05:59.251,18/01/2026,08:06:52,17_T02,39.121566059,10.180552237,0.2,1874.46,65.43,16.534,0.1,38.52,13.42,1873.50,4336709.00,1781508.78
00:06:00.258,18/01/2026,08:06:53,17_T02,39.121566755,10.180554172,0.2,1874.46,65.44,16.720,0.1,38.52,13.42,1873.50,4336709.17,1781508.86
00:06:01.256,18/01/2026,08:06:54,17_T02,39.121567168,10.180555258,0.2,1874.46,65.44,16.824,0.1,38.52,13.42,1873.50,4336709.26,1781508.91
00:06:02.253,18/01/2026,08:06:55,17_T02,39.121567316,10.180555525,0.2,1874.46,65.44,16.852,0.1,38.52,13.42,1873.50,4336709.29,1781508.92
00:06:03.257,18/01/2026,08:06:56,17_T02,39.121567465,10.180555809,0.2,1874.46,65.45,16.882,0.1,38.52,13.42,1873.50,4336709.31,1781508.94
00:06:04.254,18/01/2026,08:06:57,17_T02,39.121567610,10.180556079,0.2,1874.46,65.45,16.910,0.1,38.52,13.42,1873.50,4336709.34,1781508.96
00:06:05.251,18/01/2026,08:06:58,17_T02,39.121567757,10.180556364,0.2,1874.46,65.46,16.939,0.1,38.52,13.42,1873.50,4336709.36,1781508.97
00:06:06.246,18/01/2026,08:06:59,17_T02,39.121567906,10.180556631,0.2,1874.46,65.46,16.967,0.1,38.52,13.42,1873.50,4336709.38,1781508.99
00:06:07.259,18/01/2026,08:07:00,17_T02,39.121568051,10.180556900,0.2,1874.46,65.47,16.995,0.1,38.52,13.42,1873.50,4336709.41,1781509.01
00:06:08.256,18/01/2026,08:07:01,17_T02,39.121568217,10.180557184,0.1,1874.46,65.47,17.025,0.1,38.52,13.42,1873.51,4336709.43,1781509.02
00:06:09.254,18/01/2026,08:07:02,17_T02,39.121568349,10.180557451,0.1,1874.46,65.47,17.052,0.1,38.52,13.42,1873.51,4336709.45,1781509.04
00:06:10.252,18/01/2026,08:07:03,17_T02,39.121568511,10.180557737,0.1,1874.46,65.48,17.082,0.1,38.52,13.42,1873.50,4336709.48,1781509.06
00:06:11.252,18/01/2026,08:07:04,17_T02,39.121568658,10.180558022,0.1,1874.46,65.48,17.111,0.1,38.52,13.42,1873.50,4336709.50,1781509.07
00:06:12.254,18/01/2026,08:07:05,17_T02,39.121567256,10.180557240,0.1,1874.46,65.48,16.986,0.1,38.52,13.42,1873.49,4336709.44,1781508.92
00:06:13.248,18/01/2026,08:07:06,17_T02,39.121566304,10.180556791,0.1,1874.46,65.49,16.907,0.1,38.52,13.42,1873.49,4336709.40,1781508.81
00:06:14.251,18/01/2026,08:07:07,17_T02,39.121566420,10.180557042,0.1,1874.46,65.49,16.932,0.1,38.52,13.42,1873.49,4336709.42,1781508.83
00:06:15.254,18/01/2026,08:07:08,17_T02,39.121566516,10.180557293,0.1,1874.46,65.49,16.957,0.1,38.52,13.42,1873.50,4336709.44,1781508.84
00:06:16.248,18/01/2026,08:07:09,17_T02,39.121566633,10.180557543,0.1,1874.46,65.49,16.982,0.1,38.52,13.42,1873.50,4336709.46,1781508.85
00:06:17.250,18/01/2026,08:07:10,17_T02,39.121566733,10.180557793,0.1,1874.46,65.49,17.006,0.1,38.52,13.42,1873.50,4336709.48,1781508.86
00:06:18.248,18/01/2026,08:07:11,17_T02,39.121569431,10.180558028,0.1,1874.46,65.50,17.146,0.1,38.52,13.42,1873.50,4336709.50,1781509.16
00:06:19.257,18/01/2026,08:07:12,17_T02,39.121570763,10.180558262,0.2,1874.46,65.50,17.225,0.1,38.52,13.42,1873.52,4336709.52,1781509.30
00:06:20.252,18/01/2026,08:07:13,17_T02,39.121570946,10.180558529,0.2,1874.46,65.50,17.255,0.1,38.52,13.42,1873.52,4336709.55,1781509.32
00:06:21.251,18/01/2026,08:07:14,17_T02,39.121571094,10.180558763,0.2,1874.46,65.50,17.280,0.1,38.52,13.42,1873.51,4336709.57,1781509.34
00:06:22.251,18/01/2026,08:07:15,17_T02,39.121571258,10.180559031,0.2,1874.46,65.50,17.309,0.1,38.52,13.42,1873.51,4336709.59,1781509.36
00:06:23.247,18/01/2026,08:07:16,17_T02,39.121571420,10.180559284,0.2,1874.46,65.51,17.336,0.1,38.52,13.42,1873.50,4336709.61,1781509.38
00:06:24.244,18/01/2026,08:07:17,17_T02,39.121573354,10.180558067,0.2,1874.46,65.51,17.327,0.1,38.52,13.42,1873.50,4336709.51,1781509.59
00:06:25.258,18/01/2026,08:07:18,17_T02,39.121574519,10.180557484,0.2,1874.46,65.52,17.333,0.1,38.52,13.42,1873.50,4336709.46,1781509.72
00:06:26.258,18/01/2026,08:07:19,17_T02,39.121574734,10.180557702,0.2,1874.46,65.52,17.360,0.1,38.52,13.42,1873.50,4336709.47,1781509.74
00:06:27.253,18/01/2026,08:07:20,17_T02,39.121574930,10.180557921,0.2,1874.46,65.52,17.386,0.1,38.52,13.42,1873.50,4336709.49,1781509.76
00:06:28.248,18/01/2026,08:07:21,17_T02,39.121575147,10.180558154,0.2,1874.46,65.52,17.414,0.1,38.52,13.42,1873.50,4336709.51,1781509.79
00:06:29.259,18/01/2026,08:07:22,17_T02,39.121575346,10.180558371,0.2,1874.46,65.53,17.441,0.1,38.52,13.42,1873.51,4336709.53,1781509.81
00:06:30.257,18/01/2026,08:07:23,17_T02,39.121576794,10.180560105,0.2,1874.47,65.53,17.644,0.1,38.52,13.42,1873.51,4336709.68,1781509.97
00:06:31.254,18/01/2026,08:07:24,17_T02,39.121577610,10.180561072,0.2,1874.47,65.53,17.757,0.1,38.52,13.42,1873.51,4336709.77,1781510.06
00:06:32.251,18/01/2026,08:07:25,17_T02,39.121577742,10.180561223,0.2,1874.47,65.53,17.775,0.1,38.52,13.42,1873.51,4336709.78,1781510.08
00:06:33.245,18/01/2026,08:07:26,17_T02,39.121577742,10.180561223,0.2,1874.47,65.53,17.775,0.1,38.52,13.42,1873.50,4336709.78,1781510.08
00:06:34.257,18/01/2026,08:07:27,17_T02,39.121578322,10.180561842,0.2,1874.47,65.54,17.850,0.1,38.52,13.42,1873.50,4336709.83,1781510.14
00:06:35.254,18/01/2026,08:07:28,17_T02,39.121573989,10.180558175,0.3,1874.47,65.54,17.364,0.1,38.52,13.42,1873.50,4336709.52,1781509.66
00:06:36.247,18/01/2026,08:07:29,17_T02,39.121572055,10.180556559,0.3,1874.47,65.54,17.148,0.1,38.52,13.42,1873.50,4336709.38,1781509.45
00:06:37.251,18/01/2026,08:07:30,17_T02,39.121572185,10.180556727,0.3,1874.47,65.54,17.167,0.1,38.52,13.41,1873.51,4336709.39,1781509.46
00:06:38.254,18/01/2026,08:07:31,17_T02,39.121572335,10.180556910,0.2,1874.47,65.54,17.189,0.1,38.52,13.41,1873.51,4336709.41,1781509.48
00:06:39.259,18/01/2026,08:07:32,17_T02,39.121572465,10.180557079,0.2,1874.47,65.55,17.208,0.1,38.52,13.42,1873.50,4336709.42,1781509.49
00:06:40.253,18/01/2026,08:07:33,17_T02,39.121572599,10.180557245,0.2,1874.47,65.55,17.227,0.1,38.52,13.42,1873.50,4336709.44,1781509.51
00:06:41.259,18/01/2026,08:07:34,17_T02,39.121568766,10.180554528,0.3,1874.47,65.55,16.839,0.1,38.52,13.42,1873.51,4336709.20,1781509.08
00:06:42.252,18/01/2026,08:07:35,17_T02,39.121566917,10.180553369,0.4,1874.47,65.80,16.663,0.1,38.52,13.42,1873.51,4336709.10,1781508.88
00:06:43.248,18/01/2026,08:07:36,17_T02,39.121566548,10.180553652,0.4,1874.46,66.55,16.669,0.1,38.52,13.42,1873.50,4336709.12,1781508.84
00:06:44.247,18/01/2026,08:07:37,17_T02,39.121566141,10.180554034,0.4,1874.46,67.41,16.681,0.1,38.52,13.42,1873.50,4336709.16,1781508.79
00:06:45.257,18/01/2026,08:07:38,17_T02,39.121565682,10.180554417,0.4,1874.46,68.21,16.691,0.1,38.52,13.43,1873.51,4336709.19,1781508.74
00:06:46.250,18/01/2026,08:07:39,17_T02,39.121565236,10.180554729,0.4,1874.45,68.97,16.695,0.1,38.52,13.43,1873.51,4336709.22,1781508.69
00:06:47.249,18/01/2026,08:07:40,17_T02,39.121567860,10.180557208,0.4,1874.41,69.55,17.010,0.1,38.52,13.42,1873.49,4336709.43,1781508.98
00:06:48.257,18/01/2026,08:07:41,17_T02,39.121569072,10.180558541,0.5,1874.38,69.97,17.171,0.1,38.52,13.42,1873.49,4336709.55,1781509.12
00:06:49.251,18/01/2026,08:07:42,17_T02,39.121568915,10.180558765,0.5,1874.34,70.23,17.182,0.1,38.52,13.43,1873.42,4336709.57,1781509.10
00:06:50.247,18/01/2026,08:07:43,17_T02,39.121568890,10.180559056,0.5,1874.31,70.31,17.204,0.2,38.52,13.43,1873.42,4336709.59,1781509.10
00:06:51.246,18/01/2026,08:07:44,17_T02,39.121568832,10.180558626,0.4,1874.28,70.15,17.167,0.3,38.52,13.43,1873.33,4336709.56,1781509.09
00:06:52.256,18/01/2026,08:07:45,17_T02,39.121568752,10.180558287,0.3,1874.25,69.91,17.136,0.3,38.52,13.43,1873.33,4336709.53,1781509.08
00:06:53.255,18/01/2026,08:07:46,17_T02,39.121566251,10.180555896,0.4,1874.22,69.53,16.834,0.3,38.52,13.42,1873.27,4336709.32,1781508.81
00:06:54.252,18/01/2026,08:07:47,17_T02,39.121564311,10.180554057,0.4,1874.21,69.19,16.600,0.3,38.52,13.42,1873.27,4336709.16,1781508.59
00:06:55.252,18/01/2026,08:07:48,17_T02,39.121564543,10.180554776,0.3,1874.23,68.88,16.668,0.3,38.52,13.42,1873.26,4336709.22,1781508.62
00:06:56.248,18/01/2026,08:07:49,17_T02,39.121564831,10.180555726,0.3,1874.25,68.71,16.756,0.3,38.52,13.42,1873.26,4336709.31,1781508.65
00:06:57.257,18/01/2026,08:07:50,17_T02,39.121565092,10.180556926,0.1,1874.28,68.72,16.863,0.3,38.52,13.43,1873.28,4336709.41,1781508.68
00:06:58.251,18/01/2026,08:07:51,17_T02,39.121565340,10.180557963,0.2,1874.28,68.85,16.957,0.3,38.52,13.43,1873.28,4336709.50,1781508.71
00:06:59.251,18/01/2026,08:07:52,17_T02,39.121564202,10.180555228,0.2,1874.25,69.05,16.688,0.3,38.52,13.42,1873.30,4336709.26,1781508.58
00:07:00.249,18/01/2026,08:07:53,17_T02,39.121563316,10.180553462,0.2,1874.21,69.15,16.508,0.3,38.52,13.42,1873.30,4336709.11,1781508.48
00:07:01.245,18/01/2026,08:07:54,17_T02,39.121563503,10.180554367,0.2,1874.17,69.17,16.588,0.4,38.52,13.43,1873.23,4336709.19,1781508.50
00:07:02.258,18/01/2026,08:07:55,17_T02,39.121563896,10.180555232,0.2,1874.14,69.11,16.675,0.4,38.52,13.43,1873.23,4336709.26,1781508.55
00:07:03.253,18/01/2026,08:07:56,17_T02,39.121564255,10.180556329,0.2,1874.10,68.99,16.778,0.5,38.52,13.42,1873.17,4336709.36,1781508.59
00:07:04.248,18/01/2026,08:07:57,17_T02,39.121564499,10.180557505,0.2,1874.04,68.88,16.882,0.5,38.52,13.42,1873.17,4336709.46,1781508.61
00:07:05.244,18/01/2026,08:07:58,17_T02,39.121562671,10.180555591,0.2,1873.97,68.77,16.648,0.6,38.52,13.43,1873.04,4336709.29,1781508.41
00:07:06.260,18/01/2026,08:07:59,17_T02,39.121561080,10.180554085,0.2,1873.90,68.74,16.457,0.7,38.52,13.43,1873.04,4336709.16,1781508.24
00:07:07.257,18/01/2026,08:08:00,17_T02,39.121561366,10.180555233,0.2,1873.82,68.73,16.561,0.7,38.52,13.43,1872.87,4336709.26,1781508.27
00:07:08.252,18/01/2026,08:08:01,17_T02,39.121561818,10.180556566,0.2,1873.76,68.73,16.687,0.8,38.52,13.43,1872.87,4336709.38,1781508.32
00:07:09.271,18/01/2026,08:08:02,17_T02,39.121562254,10.180558098,0.2,1873.70,68.72,16.828,0.9,38.52,13.44,1872.75,4336709.51,1781508.37
00:07:10.256,18/01/2026,08:08:03,17_T02,39.121562966,10.180558998,0.2,1873.63,68.68,16.932,0.9,38.52,13.44,1872.75,4336709.59,1781508.44
00:07:11.249,18/01/2026,08:08:04,17_T02,39.121563605,10.180559874,0.2,1873.57,68.60,17.030,1.0,38.52,13.44,1872.75,4336709.67,1781508.52
00:07:12.255,18/01/2026,08:08:05,17_T02,39.121564028,10.180561141,0.2,1873.50,68.49,17.150,1.1,38.52,13.45,1872.60,4336709.78,1781508.56
00:07:13.249,18/01/2026,08:08:06,17_T02,39.121564534,10.180562503,0.2,1873.46,68.33,17.281,1.1,38.52,13.45,1872.60,4336709.90,1781508.62
00:07:14.258,18/01/2026,08:08:07,17_T02,39.121565120,10.180563991,0.2,1873.44,68.13,17.426,1.1,38.52,13.44,1872.48,4336710.02,1781508.68
00:07:15.249,18/01/2026,08:08:08,17_T02,39.121565666,10.180565441,0.2,1873.44,67.97,17.565,1.1,38.52,13.44,1872.48,4336710.15,1781508.74
00:07:16.248,18/01/2026,08:08:09,17_T02,39.121567950,10.180568701,0.3,1873.44,67.84,17.927,1.1,38.52,13.43,1872.47,4336710.43,1781509.00
00:07:17.256,18/01/2026,08:08:10,17_T02,39.121569837,10.180571542,0.3,1873.44,67.76,18.238,1.1,38.52,13.43,1872.47,4336710.68,1781509.21
00:07:18.247,18/01/2026,08:08:11,17_T02,39.121570243,10.180572787,0.3,1873.45,67.70,18.355,1.1,38.52,13.43,1872.46,4336710.79,1781509.25
00:07:19.250,18/01/2026,08:08:12,17_T02,39.121570658,10.180574095,0.3,1873.47,67.68,18.478,1.1,38.52,13.43,1872.46,4336710.90,1781509.30
00:07:20.247,18/01/2026,08:08:13,17_T02,39.121571046,10.180575528,0.3,1873.50,67.73,18.609,1.1,38.51,13.42,1872.48,4336711.03,1781509.34
00:07:21.244,18/01/2026,08:08:14,17_T02,39.121571445,10.180576937,0.2,1873.54,67.81,18.739,1.1,38.51,13.42,1872.48,4336711.15,1781509.38
00:07:22.255,18/01/2026,08:08:15,17_T02,39.121572720,10.180579328,0.2,1873.57,67.89,18.986,1.0,38.52,13.42,1872.55,4336711.36,1781509.52
00:07:23.247,18/01/2026,08:08:16,17_T02,39.121573804,10.180581557,0.3,1873.59,67.98,19.212,1.0,38.52,13.42,1872.55,4336711.55,1781509.65
00:07:24.255,18/01/2026,08:08:17,17_T02,39.121574158,10.180582900,0.3,1873.59,68.06,19.335,1.0,38.52,13.42,1872.58,4336711.67,1781509.68
00:07:25.267,18/01/2026,08:08:18,17_T02,39.121574557,10.180584227,0.3,1873.58,68.08,19.458,1.0,38.52,13.42,1872.58,4336711.78,1781509.73
00:07:26.252,18/01/2026,08:08:19,17_T02,39.121574991,10.180585635,0.3,1873.56,68.05,19.590,1.0,38.52,13.42,1872.57,4336711.91,1781509.78
00:07:27.250,18/01/2026,08:08:20,17_T02,39.121575448,10.180587075,0.3,1873.55,67.97,19.725,1.0,38.52,13.42,1872.57,4336712.03,1781509.83
00:07:28.249,18/01/2026,08:08:21,17_T02,39.121575149,10.180586442,0.2,1873.54,67.87,19.661,1.0,38.52,13.42,1872.56,4336711.98,1781509.79
00:07:29.247,18/01/2026,08:08:22,17_T02,39.121574946,10.180586134,0.2,1873.52,67.80,19.627,1.1,38.52,13.42,1872.56,4336711.95,1781509.77
00:07:30.245,18/01/2026,08:08:23,17_T02,39.121575400,10.180587600,0.2,1873.50,67.74,19.764,1.1,38.52,13.42,1872.52,4336712.08,1781509.82
00:07:31.252,18/01/2026,08:08:24,17_T02,39.121575869,10.180589018,0.2,1873.48,67.69,19.898,1.1,38.52,13.42,1872.52,4336712.20,1781509.87
00:07:32.246,18/01/2026,08:08:25,17_T02,39.121576339,10.180590375,0.2,1873.45,67.66,20.027,1.1,38.52,13.43,1872.47,4336712.32,1781509.93
00:07:33.252,18/01/2026,08:08:26,17_T02,39.121576805,10.180591742,0.2,1873.43,67.61,20.156,1.1,38.52,13.43,1872.47,4336712.44,1781509.98
00:07:34.247,18/01/2026,08:08:27,17_T02,39.121576216,10.180593212,0.3,1873.42,67.52,20.247,1.1,38.52,13.43,1872.41,4336712.56,1781509.91
00:07:35.257,18/01/2026,08:08:28,17_T02,39.121575803,10.180594694,0.3,1873.41,67.42,20.346,1.1,38.52,13.43,1872.41,4336712.69,1781509.87
00:07:36.254,18/01/2026,08:08:29,17_T02,39.121576268,10.180596044,0.3,1873.40,67.32,20.474,1.1,38.51,13.42,1872.39,4336712.81,1781509.92
00:07:37.253,18/01/2026,08:08:30,17_T02,39.121576727,10.180597323,0.2,1873.38,67.25,20.596,1.1,38.51,13.42,1872.39,4336712.92,1781509.97
00:07:38.249,18/01/2026,08:08:31,17_T02,39.121577138,10.180598519,0.2,1873.35,67.24,20.710,1.2,38.52,13.42,1872.37,4336713.03,1781510.02
00:07:39.258,18/01/2026,08:08:32,17_T02,39.121577505,10.180599761,0.2,1873.32,67.27,20.825,1.2,38.52,13.42,1872.37,4336713.13,1781510.06
00:07:40.251,18/01/2026,08:08:33,17_T02,39.121576991,10.180599584,0.2,1873.28,67.29,20.788,1.2,38.52,13.42,1872.31,4336713.12,1781510.00
00:07:41.246,18/01/2026,08:08:34,17_T02,39.121576673,10.180599644,0.2,1873.25,67.26,20.778,1.2,38.52,13.42,1872.31,4336713.12,1781509.97
00:07:42.258,18/01/2026,08:08:35,17_T02,39.121577077,10.180600807,0.2,1873.21,67.21,20.889,1.3,38.52,13.42,1872.21,4336713.22,1781510.01
00:07:43.252,18/01/2026,08:08:36,17_T02,39.121577410,10.180601832,0.2,1873.16,67.18,20.985,1.3,38.52,13.42,1872.21,4336713.31,1781510.05
00:07:44.244,18/01/2026,08:08:37,17_T02,39.121577679,10.180602764,0.2,1873.10,67.18,21.071,1.3,38.52,13.42,1872.13,4336713.39,1781510.08
00:07:45.257,18/01/2026,08:08:38,17_T02,39.121577944,10.180603632,0.2,1873.04,67.18,21.152,1.4,38.52,13.42,1872.13,4336713.47,1781510.11
00:07:46.254,18/01/2026,08:08:39,17_T02,39.121576773,10.180603783,0.2,1872.97,67.19,21.111,1.4,38.52,13.43,1872.00,4336713.48,1781509.98
00:07:47.247,18/01/2026,08:08:40,17_T02,39.121575879,10.180603998,0.2,1872.90,67.18,21.088,1.5,38.52,13.43,1872.00,4336713.50,1781509.88
00:07:48.243,18/01/2026,08:08:41,17_T02,39.121576094,10.180604658,0.2,1872.81,67.16,21.150,1.6,38.52,13.43,1871.85,4336713.56,1781509.90
00:07:49.254,18/01/2026,08:08:42,17_T02,39.121576318,10.180605346,0.2,1872.73,67.12,21.215,1.6,38.52,13.43,1871.85,4336713.62,1781509.93
00:07:50.250,18/01/2026,08:08:43,17_T02,39.121576551,10.180606030,0.1,1872.65,67.07,21.280,1.7,38.52,13.42,1871.67,4336713.68,1781509.95
00:07:51.247,18/01/2026,08:08:44,17_T02,39.121576752,10.180607446,0.1,1872.57,67.02,21.401,1.8,38.52,13.42,1871.67,4336713.80,1781509.98
00:07:52.244,18/01/2026,08:08:45,17_T02,39.121576933,10.180608662,0.2,1872.48,66.97,21.506,1.8,38.52,13.42,1871.51,4336713.91,1781510.00
00:07:53.256,18/01/2026,08:08:46,17_T02,39.121577134,10.180609353,0.2,1872.38,66.95,21.570,1.9,38.52,13.42,1871.51,4336713.97,1781510.02
00:07:54.249,18/01/2026,08:08:47,17_T02,39.121577312,10.180609982,0.1,1872.28,66.93,21.628,2.0,38.52,13.42,1871.31,4336714.02,1781510.04
00:07:55.255,18/01/2026,08:08:48,17_T02,39.121577508,10.180610609,0.1,1872.17,66.91,21.686,2.1,38.52,13.42,1871.31,4336714.08,1781510.06
00:07:56.250,18/01/2026,08:08:49,17_T02,39.121577707,10.180611268,0.1,1872.07,66.89,21.748,2.2,38.52,13.42,1871.12,4336714.13,1781510.08
00:07:57.243,18/01/2026,08:08:50,17_T02,39.121576401,10.180610379,0.1,1871.97,66.87,21.618,2.3,38.52,13.42,1871.12,4336714.06,1781509.94
00:07:58.256,18/01/2026,08:08:51,17_T02,39.121575365,10.180609744,0.2,1871.87,66.88,21.521,2.4,38.52,13.42,1870.90,4336714.00,1781509.82
00:07:59.251,18/01/2026,08:08:52,17_T02,39.121575506,10.180610248,0.1,1871.77,66.89,21.567,2.5,38.52,13.42,1870.90,4336714.05,1781509.84
00:08:00.246,18/01/2026,08:08:53,17_T02,39.121575631,10.180610689,0.1,1871.64,66.90,21.608,2.6,38.52,13.42,1870.65,4336714.08,1781509.85
00:08:01.245,18/01/2026,08:08:54,17_T02,39.121575756,10.180611110,0.1,1871.52,66.92,21.647,2.7,38.52,13.42,1870.65,4336714.12,1781509.87
00:08:02.255,18/01/2026,08:08:55,17_T02,39.121575894,10.180611607,0.1,1871.40,66.91,21.693,2.8,38.52,13.42,1870.41,4336714.16,1781509.88
00:08:03.248,18/01/2026,08:08:56,17_T02,39.121574440,10.180611084,0.1,1871.29,66.89,21.586,2.9,38.52,13.42,1870.41,4336714.12,1781509.72
00:08:04.251,18/01/2026,08:08:57,17_T02,39.121573299,10.180610742,0.2,1871.18,66.87,21.507,3.0,38.52,13.42,1870.18,4336714.09,1781509.60
00:08:05.248,18/01/2026,08:08:58,17_T02,39.121573410,10.180611062,0.2,1871.07,66.83,21.537,3.1,38.52,13.42,1870.18,4336714.12,1781509.61
00:08:06.252,18/01/2026,08:08:59,17_T02,39.121573513,10.180611281,0.2,1870.96,66.78,21.559,3.2,38.52,13.42,1870.18,4336714.14,1781509.62
00:08:07.252,18/01/2026,08:09:00,17_T02,39.121573614,10.180611612,0.2,1870.85,66.78,21.590,3.3,38.52,13.42,1869.96,4336714.17,1781509.63
00:08:08.257,18/01/2026,08:09:01,17_T02,39.121573729,10.180612106,0.1,1870.74,66.81,21.635,3.4,38.52,13.42,1869.96,4336714.21,1781509.64
00:08:09.249,18/01/2026,08:09:02,17_T02,39.121573857,10.180612591,0.1,1870.63,66.81,21.679,3.5,38.52,13.42,1869.73,4336714.25,1781509.66
00:08:10.253,18/01/2026,08:09:03,17_T02,39.121573962,10.180612839,0.1,1870.58,66.71,21.703,3.6,38.52,13.42,1869.73,4336714.27,1781509.67
00:08:11.243,18/01/2026,08:09:04,17_T02,39.121574098,10.180613070,0.1,1870.50,66.65,21.728,3.6,38.52,13.42,1869.54,4336714.29,1781509.68
00:08:12.255,18/01/2026,08:09:05,17_T02,39.121574226,10.180613324,0.1,1870.40,66.66,21.754,3.7,38.52,13.42,1869.54,4336714.31,1781509.70
00:08:13.249,18/01/2026,08:09:06,17_T02,39.121574306,10.180613504,0.1,1870.33,66.56,21.772,3.8,38.52,13.42,1869.37,4336714.33,1781509.71
00:08:14.256,18/01/2026,08:09:07,17_T02,39.121574365,10.180613661,0.1,1870.32,66.37,21.787,3.8,38.52,13.42,1869.37,4336714.34,1781509.71
00:08:15.249,18/01/2026,08:09:08,17_T02,39.121574254,10.180613266,0.1,1870.31,66.26,21.751,3.9,38.52,13.42,1869.27,4336714.31,1781509.70
00:08:16.243,18/01/2026,08:09:09,17_T02,39.121574253,10.180612987,0.1,1870.34,66.17,21.728,3.8,38.52,13.42,1869.27,4336714.29,1781509.70
00:08:17.253,18/01/2026,08:09:10,17_T02,39.121574394,10.180613215,0.1,1870.39,66.11,21.753,3.8,38.52,13.42,1869.30,4336714.30,1781509.72
00:08:18.247,18/01/2026,08:09:11,17_T02,39.121574457,10.180613417,0.1,1870.41,66.11,21.772,3.7,38.52,13.42,1869.30,4336714.32,1781509.72
00:08:19.257,18/01/2026,08:09:12,17_T02,39.121574494,10.180613642,0.1,1870.43,66.18,21.791,3.7,38.52,13.42,1869.36,4336714.34,1781509.73
00:08:20.252,18/01/2026,08:09:13,17_T02,39.121574547,10.180613859,0.1,1870.45,66.28,21.811,3.7,38.52,13.42,1869.36,4336714.36,1781509.73
00:08:21.248,18/01/2026,08:09:14,17_T02,39.121575325,10.180616021,0.1,1870.45,66.42,22.018,3.7,38.52,13.42,1869.41,4336714.55,1781509.82
00:08:22.244,18/01/2026,08:09:15,17_T02,39.121576035,10.180618090,0.1,1870.45,66.52,22.214,3.6,38.52,13.42,1869.41,4336714.73,1781509.90
00:08:23.255,18/01/2026,08:09:16,17_T02,39.121576119,10.180618482,0.1,1870.44,66.59,22.249,3.6,38.52,13.42,1869.42,4336714.76,1781509.91
00:08:24.249,18/01/2026,08:09:17,17_T02,39.121576222,10.180618800,0.1,1870.41,66.64,22.279,3.6,38.52,13.42,1869.42,4336714.79,1781509.92
00:08:25.247,18/01/2026,08:09:18,17_T02,39.121576373,10.180619159,0.1,1870.37,66.67,22.314,3.7,38.52,13.42,1869.37,4336714.82,1781509.94
00:08:26.257,18/01/2026,08:09:19,17_T02,39.121575896,10.180618997,0.1,1870.34,66.68,22.280,3.7,38.52,13.42,1869.37,4336714.81,1781509.88
00:08:27.252,18/01/2026,08:09:20,17_T02,39.121575615,10.180619062,0.1,1870.30,66.68,22.272,3.7,38.52,13.42,1869.29,4336714.81,1781509.85
00:08:28.252,18/01/2026,08:09:21,17_T02,39.121575854,10.180619650,0.1,1870.27,66.64,22.330,3.7,38.52,13.42,1869.29,4336714.86,1781509.88
00:08:29.250,18/01/2026,08:09:22,17_T02,39.121576131,10.180620278,0.1,1870.22,66.58,22.392,3.8,38.52,13.42,1869.23,4336714.92,1781509.91
00:08:30.243,18/01/2026,08:09:23,17_T02,39.121576488,10.180620940,0.1,1870.16,66.47,22.461,3.8,38.52,13.42,1869.23,4336714.98,1781509.95
00:08:31.253,18/01/2026,08:09:24,17_T02,39.121576814,10.180621635,0.1,1870.11,66.35,22.531,3.8,38.52,13.42,1869.13,4336715.04,1781509.99
00:08:32.248,18/01/2026,08:09:25,17_T02,39.121575887,10.180620605,0.1,1870.05,66.27,22.407,3.8,38.52,13.42,1869.13,4336714.95,1781509.88
00:08:33.244,18/01/2026,08:09:26,17_T02,39.121575136,10.180619871,0.1,1870.00,66.22,22.315,3.9,38.52,13.43,1869.00,4336714.88,1781509.80
00:08:34.252,18/01/2026,08:09:27,17_T02,39.121575420,10.180620603,0.1,1869.94,66.22,22.386,3.9,38.52,13.43,1869.00,4336714.95,1781509.83
00:08:35.247,18/01/2026,08:09:28,17_T02,39.121575681,10.180621366,0.1,1869.87,66.25,22.458,4.0,38.52,13.43,1868.88,4336715.01,1781509.86
00:08:36.253,18/01/2026,08:09:29,17_T02,39.121575944,10.180622202,0.1,1869.79,66.31,22.536,4.0,38.52,13.43,1868.88,4336715.09,1781509.89
00:08:37.252,18/01/2026,08:09:30,17_T02,39.121576249,10.180623100,0.1,1869.72,66.35,22.622,4.0,38.52,13.43,1868.73,4336715.16,1781509.92
00:08:38.250,18/01/2026,08:09:31,17_T02,39.121577223,10.180625389,0.1,1869.64,66.36,22.847,4.1,38.52,13.43,1868.73,4336715.36,1781510.03
00:08:39.243,18/01/2026,08:09:32,17_T02,39.121578113,10.180627484,0.2,1869.58,66.35,23.054,4.1,38.52,13.43,1868.59,4336715.55,1781510.13
00:08:40.246,18/01/2026,08:09:33,17_T02,39.121578491,10.180628485,0.2,1869.50,66.31,23.150,4.1,38.52,13.43,1868.59,4336715.63,1781510.17
00:08:41.255,18/01/2026,08:09:34,17_T02,39.121578873,10.180629437,0.2,1869.42,66.27,23.243,4.2,38.52,13.42,1868.45,4336715.72,1781510.21
00:08:42.245,18/01/2026,08:09:35,17_T02,39.121579231,10.180630357,0.2,1869.33,66.23,23.332,4.2,38.52,13.42,1868.45,4336715.80,1781510.25
00:08:43.249,18/01/2026,08:09:36,17_T02,39.121579613,10.180631366,0.2,1869.24,66.20,23.430,4.3,38.52,13.42,1868.26,4336715.88,1781510.30
00:08:44.255,18/01/2026,08:09:37,17_T02,39.121581267,10.180633681,0.2,1869.16,66.20,23.688,4.3,38.52,13.42,1868.26,4336716.08,1781510.48
00:08:45.246,18/01/2026,08:09:38,17_T02,39.121582601,10.180635664,0.2,1869.08,66.20,23.906,4.3,38.52,13.42,1868.08,4336716.26,1781510.63
00:08:46.247,18/01/2026,08:09:39,17_T02,39.121583002,10.180636762,0.2,1869.00,66.19,24.011,4.3,38.52,13.42,1868.08,4336716.35,1781510.67
00:08:47.256,18/01/2026,08:09:40,17_T02,39.121583369,10.180637853,0.2,1868.89,66.22,24.114,4.3,38.52,13.42,1867.93,4336716.45,1781510.71
00:08:48.245,18/01/2026,08:09:41,17_T02,39.121583751,10.180638999,0.2,1868.74,66.27,24.222,4.4,38.52,13.42,1867.93,4336716.55,1781510.75
00:08:49.243,18/01/2026,08:09:42,17_T02,39.121584082,10.180639897,0.2,1868.61,66.25,24.309,4.4,38.52,13.42,1867.65,4336716.62,1781510.79
00:08:50.248,18/01/2026,08:09:43,17_T02,39.121584710,10.180642851,0.2,1868.45,66.20,24.572,4.6,38.52,13.42,1867.65,4336716.88,1781510.86
00:08:51.255,18/01/2026,08:09:44,17_T02,39.121585303,10.180645445,0.2,1868.31,66.14,24.804,4.8,38.52,13.42,1867.35,4336717.11,1781510.93
00:08:52.251,18/01/2026,08:09:45,17_T02,39.121585643,10.180646316,0.2,1868.18,66.11,24.889,4.8,38.52,13.42,1867.35,4336717.18,1781510.96
00:08:53.248,18/01/2026,08:09:46,17_T02,39.121585973,10.180647159,0.2,1868.06,66.09,24.971,4.8,38.52,13.42,1867.09,4336717.26,1781511.00
00:08:54.245,18/01/2026,08:09:47,17_T02,39.121586298,10.180648071,0.2,1867.95,66.08,25.058,4.9,38.52,13.42,1867.09,4336717.33,1781511.04
00:08:55.245,18/01/2026,08:09:48,17_T02,39.121586619,10.180648916,0.2,1867.84,66.07,25.139,4.9,38.52,13.43,1866.86,4336717.41,1781511.07
00:08:56.253,18/01/2026,08:09:49,17_T02,39.121587403,10.180650400,0.2,1867.72,66.07,25.293,5.0,38.52,13.43,1866.86,4336717.54,1781511.16
00:08:57.246,18/01/2026,08:09:50,17_T02,39.121588099,10.180651738,0.2,1867.60,66.08,25.430,5.1,38.52,13.43,1866.61,4336717.65,1781511.24
00:08:58.258,18/01/2026,08:09:51,17_T02,39.121588357,10.180652492,0.2,1867.47,66.09,25.502,5.2,38.52,13.43,1866.61,4336717.72,1781511.27
00:08:59.252,18/01/2026,08:09:52,17_T02,39.121588639,10.180653327,0.2,1867.36,66.09,25.581,5.3,38.52,13.43,1866.37,4336717.79,1781511.30
00:09:00.247,18/01/2026,08:09:53,17_T02,39.121588933,10.180654137,0.2,1867.25,66.07,25.658,5.3,38.52,13.43,1866.37,4336717.86,1781511.33
00:09:01.255,18/01/2026,08:09:54,17_T02,39.121589237,10.180654976,0.2,1867.14,66.04,25.739,5.3,38.52,13.44,1866.13,4336717.93,1781511.36
00:09:02.252,18/01/2026,08:09:55,17_T02,39.121588225,10.180655214,0.2,1867.05,65.96,25.712,5.4,38.52,13.44,1866.13,4336717.96,1781511.25
00:09:03.252,18/01/2026,08:09:56,17_T02,39.121587367,10.180655625,0.2,1866.95,65.95,25.706,5.5,38.52,13.44,1866.13,4336717.99,1781511.16
00:09:04.244,18/01/2026,08:09:57,17_T02,39.121587640,10.180656404,0.1,1866.89,65.89,25.780,5.5,38.52,13.43,1865.95,4336718.06,1781511.19
00:09:05.259,18/01/2026,08:09:58,17_T02,39.121587894,10.180657143,0.1,1866.83,65.86,25.850,5.6,38.52,13.43,1865.95,4336718.12,1781511.22
00:09:06.257,18/01/2026,08:09:59,17_T02,39.121588173,10.180657938,0.1,1866.77,65.84,25.926,5.6,38.52,13.43,1865.82,4336718.19,1781511.25
00:09:07.248,18/01/2026,08:10:00,17_T02,39.121587651,10.180656723,0.2,1866.71,65.85,25.806,5.5,38.52,13.43,1865.82,4336718.09,1781511.19
00:09:08.259,18/01/2026,08:10:01,17_T02,39.121587243,10.180655869,0.2,1866.64,65.88,25.720,5.6,38.52,13.42,1865.67,4336718.01,1781511.14
00:09:09.253,18/01/2026,08:10:02,17_T02,39.121587455,10.180656598,0.2,1866.56,65.92,25.787,5.6,38.52,13.42,1865.67,4336718.08,1781511.17
00:09:10.250,18/01/2026,08:10:03,17_T02,39.121587692,10.180657372,0.1,1866.46,65.94,25.859,5.6,38.52,13.42,1865.53,4336718.14,1781511.19
00:09:11.259,18/01/2026,08:10:04,17_T02,39.121587932,10.180658134,0.1,1866.38,65.92,25.931,5.6,38.52,13.42,1865.53,4336718.21,1781511.22
00:09:12.250,18/01/2026,08:10:05,17_T02,39.121588171,10.180658914,0.1,1866.30,65.92,26.003,5.7,38.52,13.42,1865.37,4336718.28,1781511.25
00:09:13.246,18/01/2026,08:10:06,17_T02,39.121587971,10.180659708,0.1,1866.23,65.94,26.057,5.6,38.52,13.42,1865.37,4336718.35,1781511.22
00:09:14.257,18/01/2026,08:10:07,17_T02,39.121587812,10.180660425,0.1,1866.16,65.95,26.107,5.6,38.52,13.42,1865.21,4336718.41,1781511.21
00:09:15.247,18/01/2026,08:10:08,17_T02,39.121588021,10.180661122,0.1,1866.08,65.94,26.172,5.6,38.52,13.42,1865.21,4336718.47,1781511.23
00:09:16.255,18/01/2026,08:10:09,17_T02,39.121588217,10.180661725,0.1,1865.99,65.90,26.229,5.7,38.52,13.42,1865.05,4336718.52,1781511.25
00:09:17.248,18/01/2026,08:10:10,17_T02,39.121588452,10.180662428,0.1,1865.91,65.87,26.295,5.8,38.52,13.42,1865.05,4336718.58,1781511.28
00:09:18.245,18/01/2026,08:10:11,17_T02,39.121588685,10.180663282,0.1,1865.84,65.87,26.373,5.7,38.52,13.42,1864.90,4336718.66,1781511.30
00:09:19.247,18/01/2026,08:10:12,17_T02,39.121589086,10.180665421,0.1,1865.78,65.89,26.561,5.7,38.52,13.42,1864.90,4336718.84,1781511.35
00:09:20.256,18/01/2026,08:10:13,17_T02,39.121589443,10.180667364,0.1,1865.71,65.96,26.732,5.6,38.52,13.42,1864.73,4336719.01,1781511.39
00:09:21.245,18/01/2026,08:10:14,17_T02,39.121589581,10.180667897,0.1,1865.62,66.01,26.780,5.6,38.52,13.42,1864.73,4336719.06,1781511.40
00:09:22.248,18/01/2026,08:10:15,17_T02,39.121589763,10.180668588,0.1,1865.50,66.03,26.843,5.8,38.52,13.41,1864.59,4336719.12,1781511.42
00:09:23.246,18/01/2026,08:10:16,17_T02,39.121589942,10.180669207,0.1,1865.39,66.01,26.901,5.9,38.52,13.41,1864.59,4336719.17,1781511.44
00:09:24.246,18/01/2026,08:10:17,17_T02,39.121590192,10.180670007,0.1,1865.30,65.96,26.975,6.0,38.52,13.42,1864.35,4336719.24,1781511.47
00:09:25.246,18/01/2026,08:10:18,17_T02,39.121589576,10.180670437,0.2,1865.22,65.87,26.982,6.0,38.52,13.42,1864.35,4336719.28,1781511.40
00:09:26.246,18/01/2026,08:10:19,17_T02,39.121589055,10.180670870,0.2,1865.15,65.81,26.993,5.9,38.52,13.42,1864.18,4336719.32,1781511.35
00:09:27.245,18/01/2026,08:10:20,17_T02,39.121589278,10.180671556,0.1,1865.06,65.77,27.057,5.8,38.52,13.42,1864.18,4336719.38,1781511.37
00:09:28.257,18/01/2026,08:10:21,17_T02,39.121589468,10.180672163,0.1,1864.95,65.72,27.114,6.0,38.52,13.42,1864.01,4336719.43,1781511.39
00:09:29.258,18/01/2026,08:10:22,17_T02,39.121589657,10.180672871,0.1,1864.85,65.76,27.179,6.2,38.52,13.42,1864.01,4336719.49,1781511.41
00:09:30.245,18/01/2026,08:10:23,17_T02,39.121589865,10.180673745,0.1,1864.75,65.83,27.257,6.2,38.52,13.42,1863.80,4336719.57,1781511.44
00:09:31.246,18/01/2026,08:10:24,17_T02,39.121590141,10.180674829,0.1,1864.67,65.86,27.356,6.1,38.52,13.42,1863.80,4336719.66,1781511.47
00:09:32.245,18/01/2026,08:10:25,17_T02,39.121590423,10.180675775,0.1,1864.59,65.86,27.444,6.1,38.52,13.42,1863.62,4336719.74,1781511.50
00:09:33.246,18/01/2026,08:10:26,17_T02,39.121590685,10.180676551,0.1,1864.51,65.79,27.517,6.0,38.52,13.42,1863.62,4336719.81,1781511.53
00:09:34.245,18/01/2026,08:10:27,17_T02,39.121590929,10.180677199,0.1,1864.42,65.73,27.580,6.1,38.52,13.42,1863.46,4336719.87,1781511.55
00:09:35.246,18/01/2026,08:10:28,17_T02,39.121591154,10.180677883,0.1,1864.33,65.69,27.644,6.2,38.52,13.42,1863.46,4336719.93,1781511.58
00:09:36.246,18/01/2026,08:10:29,17_T02,39.121591399,10.180678659,0.1,1864.24,65.67,27.717,6.3,38.52,13.42,1863.28,4336719.99,1781511.61
00:09:37.245,18/01/2026,08:10:30,17_T02,39.121591657,10.180679574,0.1,1864.17,65.66,27.801,6.3,38.52,13.42,1863.28,4336720.07,1781511.64
00:09:38.244,18/01/2026,08:10:31,17_T02,39.121591893,10.180680396,0.1,1864.13,65.58,27.877,6.2,38.52,13.42,1863.14,4336720.15,1781511.66
00:09:39.251,18/01/2026,08:10:32,17_T02,39.121592189,10.180681153,0.1,1864.10,65.46,27.951,6.2,38.52,13.42,1863.14,4336720.21,1781511.69
00:09:40.252,18/01/2026,08:10:33,17_T02,39.121592484,10.180681979,0.1,1864.06,65.44,28.029,6.2,38.52,13.42,1863.06,4336720.28,1781511.73
00:09:41.246,18/01/2026,08:10:34,17_T02,39.121592676,10.180682735,0.1,1864.00,65.51,28.098,6.2,38.52,13.42,1863.06,4336720.35,1781511.75
00:09:42.257,18/01/2026,08:10:35,17_T02,39.121591762,10.180683063,0.1,1863.93,65.63,28.083,6.2,38.52,13.42,1862.95,4336720.38,1781511.65
00:09:43.256,18/01/2026,08:10:36,17_T02,39.121591077,10.180683465,0.1,1863.86,65.73,28.084,5.9,38.52,13.42,1862.95,4336720.41,1781511.57
00:09:44.251,18/01/2026,08:10:37,17_T02,39.121591291,10.180684267,0.1,1863.80,65.79,28.157,5.9,38.52,13.42,1862.81,4336720.48,1781511.60
00:09:45.246,18/01/2026,08:10:38,17_T02,39.121591549,10.180685149,0.1,1863.75,65.82,28.239,5.8,38.52,13.42,1862.81,4336720.56,1781511.62
00:09:46.258,18/01/2026,08:10:39,17_T02,39.121591801,10.180685997,0.1,1863.69,65.82,28.318,5.7,38.52,13.43,1862.71,4336720.63,1781511.65
00:09:47.251,18/01/2026,08:10:40,17_T02,39.121592012,10.180686800,0.1,1863.62,65.83,28.391,5.7,38.52,13.43,1862.71,4336720.70,1781511.68
00:09:48.247,18/01/2026,08:10:41,17_T02,39.121592666,10.180687474,0.1,1863.55,65.80,28.474,5.7,38.52,13.43,1862.55,4336720.76,1781511.75
00:09:49.245,18/01/2026,08:10:42,17_T02,39.121593270,10.180688196,0.1,1863.47,65.77,28.559,5.8,38.52,13.43,1862.55,4336720.82,1781511.81
00:09:50.254,18/01/2026,08:10:43,17_T02,39.121593554,10.180689061,0.2,1863.40,65.72,28.640,5.8,38.52,13.43,1862.43,4336720.90,1781511.85
00:09:51.251,18/01/2026,08:10:44,17_T02,39.121593821,10.180689943,0.2,1863.32,65.67,28.722,5.8,38.52,13.43,1862.43,4336720.98,1781511.88
00:09:52.248,18/01/2026,08:10:45,17_T02,39.121594097,10.180690812,0.2,1863.24,65.63,28.804,5.8,38.52,13.43,1862.26,4336721.05,1781511.91
00:09:53.252,18/01/2026,08:10:46,17_T02,39.121594340,10.180691657,0.2,1863.16,65.61,28.882,5.8,38.52,13.43,1862.26,4336721.13,1781511.93
00:09:54.251,18/01/2026,08:10:47,17_T02,39.121593854,10.180691342,0.2,1863.07,65.62,28.835,5.8,38.52,13.42,1862.09,4336721.10,1781511.88
00:09:55.243,18/01/2026,08:10:48,17_T02,39.121593443,10.180691181,0.2,1862.98,65.63,28.803,5.7,38.52,13.42,1862.09,4336721.08,1781511.83
00:09:56.252,18/01/2026,08:10:49,17_T02,39.121593690,10.180692025,0.1,1862.89,65.66,28.882,5.8,38.52,13.42,1861.89,4336721.16,1781511.86
00:09:57.247,18/01/2026,08:10:50,17_T02,39.121593917,10.180692854,0.1,1862.80,65.70,28.958,5.8,38.52,13.42,1861.89,4336721.23,1781511.89
00:09:58.251,18/01/2026,08:10:51,17_T02,39.121594162,10.180693716,0.1,1862.71,65.73,29.037,5.8,38.52,13.42,1861.89,4336721.30,1781511.91
00:09:59.244,18/01/2026,08:10:52,17_T02,39.121594414,10.180694624,0.1,1862.61,65.75,29.121,5.9,38.52,13.42,1861.70,4336721.38,1781511.94
00:10:00.257,18/01/2026,08:10:53,17_T02,39.121594740,10.180695344,0.1,1862.52,65.76,29.193,5.9,38.52,13.42,1861.70,4336721.45,1781511.98
00:10:01.250,18/01/2026,08:10:54,17_T02,39.121595011,10.180696049,0.1,1862.44,65.78,29.261,5.9,38.52,13.42,1861.52,4336721.51,1781512.01
00:10:02.251,18/01/2026,08:10:55,17_T02,39.121595251,10.180696788,0.1,1862.37,65.75,29.330,5.9,38.52,13.42,1861.52,4336721.57,1781512.04
00:10:03.255,18/01/2026,08:10:56,17_T02,39.121595530,10.180697533,0.1,1862.30,65.78,29.402,5.9,38.52,13.42,1861.37,4336721.64,1781512.07
00:10:04.252,18/01/2026,08:10:57,17_T02,39.121595790,10.180698286,0.1,1862.21,65.79,29.474,6.0,38.52,13.42,1861.37,4336721.70,1781512.10
00:10:05.257,18/01/2026,08:10:58,17_T02,39.121596003,10.180699071,0.1,1862.12,65.79,29.546,6.0,38.52,13.43,1861.21,4336721.77,1781512.12
00:10:06.252,18/01/2026,08:10:59,17_T02,39.121596222,10.180699937,0.1,1862.02,65.79,29.624,6.0,38.52,13.43,1861.21,4336721.85,1781512.14
00:10:07.243,18/01/2026,08:11:00,17_T02,39.121596488,10.180700777,0.1,1861.94,65.76,29.703,6.0,38.52,13.43,1861.02,4336721.92,1781512.17
00:10:08.251,18/01/2026,08:11:01,17_T02,39.121596754,10.180701614,0.1,1861.86,65.74,29.781,5.9,38.52,13.43,1861.02,4336721.99,1781512.20
00:10:09.243,18/01/2026,08:11:02,17_T02,39.121597011,10.180702338,0.1,1861.75,65.70,29.850,5.8,38.52,13.43,1860.85,4336722.05,1781512.23
00:10:10.249,18/01/2026,08:11:03,17_T02,39.121597250,10.180703078,0.1,1861.63,65.67,29.920,6.0,38.52,13.43,1860.85,4336722.12,1781512.26
00:10:11.243,18/01/2026,08:11:04,17_T02,39.121596127,10.180702759,0.1,1861.52,65.63,29.844,6.1,38.52,13.42,1860.62,4336722.09,1781512.13
00:10:12.249,18/01/2026,08:11:05,17_T02,39.121595248,10.180702741,0.1,1861.43,65.57,29.803,6.2,38.52,13.42,1860.62,4336722.09,1781512.04
00:10:13.245,18/01/2026,08:11:06,17_T02,39.121595601,10.180703698,0.2,1861.35,65.49,29.895,6.1,38.52,13.42,1860.41,4336722.17,1781512.08
00:10:14.243,18/01/2026,08:11:07,17_T02,39.121595895,10.180704448,0.1,1861.31,65.40,29.968,6.1,38.52,13.42,1860.41,4336722.24,1781512.11
00:10:15.251,18/01/2026,08:11:08,17_T02,39.121596173,10.180705252,0.1,1861.25,65.41,30.044,6.1,38.52,13.42,1860.30,4336722.31,1781512.14
00:10:16.245,18/01/2026,08:11:09,17_T02,39.121596391,10.180706003,0.2,1861.20,65.46,30.113,6.0,38.52,13.42,1860.30,4336722.37,1781512.16
00:10:17.254,18/01/2026,08:11:10,17_T02,39.121597492,10.180708488,0.2,1861.15,65.56,30.360,6.1,38.52,13.42,1860.17,4336722.59,1781512.29
00:10:18.249,18/01/2026,08:11:11,17_T02,39.121598488,10.180710835,0.2,1861.09,65.69,30.592,5.9,38.52,13.42,1860.17,4336722.79,1781512.40
00:10:19.258,18/01/2026,08:11:12,17_T02,39.121598682,10.180711740,0.2,1861.02,65.80,30.672,6.0,38.52,13.42,1860.08,4336722.87,1781512.42
00:10:20.257,18/01/2026,08:11:13,17_T02,39.121598920,10.180712614,0.2,1860.95,65.87,30.753,5.8,38.52,13.42,1860.08,4336722.95,1781512.44
00:10:21.251,18/01/2026,08:11:14,17_T02,39.121599148,10.180713325,0.2,1860.90,65.85,30.819,5.8,38.52,13.42,1859.94,4336723.01,1781512.47
00:10:22.245,18/01/2026,08:11:15,17_T02,39.121599371,10.180714081,0.2,1860.84,65.87,30.889,5.8,38.52,13.42,1859.94,4336723.07,1781512.49
00:10:23.243,18/01/2026,08:11:16,17_T02,39.121599594,10.180716468,0.2,1860.77,65.83,31.089,5.8,38.52,13.42,1859.82,4336723.28,1781512.52
00:10:24.243,18/01/2026,08:11:17,17_T02,39.121599840,10.180718594,0.2,1860.70,65.76,31.269,5.8,38.52,13.42,1859.82,4336723.47,1781512.55
00:10:25.251,18/01/2026,08:11:18,17_T02,39.121600117,10.180719345,0.1,1860.61,65.67,31.341,5.8,38.52,13.42,1859.66,4336723.53,1781512.58
00:10:26.252,18/01/2026,08:11:19,17_T02,39.121600410,10.180720130,0.1,1860.53,65.58,31.417,5.8,38.52,13.42,1859.66,4336723.60,1781512.61
00:10:27.248,18/01/2026,08:11:20,17_T02,39.121600692,10.180720929,0.1,1860.46,65.53,31.493,5.9,38.52,13.42,1859.50,4336723.67,1781512.64
00:10:28.256,18/01/2026,08:11:21,17_T02,39.121600977,10.180721743,0.1,1860.38,65.53,31.570,5.9,38.52,13.42,1859.50,4336723.74,1781512.67
00:10:29.250,18/01/2026,08:11:22,17_T02,39.121601229,10.180722568,0.1,1860.29,65.55,31.647,5.9,38.52,13.42,1859.34,4336723.81,1781512.70
00:10:30.249,18/01/2026,08:11:23,17_T02,39.121601466,10.180723385,0.1,1860.20,65.60,31.723,6.0,38.52,13.42,1859.34,4336723.88,1781512.73
00:10:31.246,18/01/2026,08:11:24,17_T02,39.121601714,10.180724227,0.1,1860.11,65.63,31.801,6.0,38.52,13.42,1859.16,4336723.96,1781512.75
00:10:32.252,18/01/2026,08:11:25,17_T02,39.121601979,10.180725144,0.1,1860.04,65.68,31.886,6.0,38.52,13.42,1859.16,4336724.04,1781512.78
00:10:33.256,18/01/2026,08:11:26,17_T02,39.121602272,10.180726137,0.2,1859.98,65.79,31.978,6.0,38.52,13.44,1859.00,4336724.12,1781512.82
00:10:34.245,18/01/2026,08:11:27,17_T02,39.121602068,10.180725469,0.2,1859.92,65.84,31.915,6.0,38.52,13.44,1859.00,4336724.07,1781512.79
00:10:35.252,18/01/2026,08:11:28,17_T02,39.121601904,10.180724877,0.2,1859.84,65.81,31.861,6.0,38.52,13.45,1858.87,4336724.01,1781512.78
00:10:36.246,18/01/2026,08:11:29,17_T02,39.121602143,10.180725559,0.2,1859.77,65.76,31.926,6.0,38.52,13.45,1858.87,4336724.07,1781512.80
00:10:37.257,18/01/2026,08:11:30,17_T02,39.121602453,10.180726284,0.2,1859.69,65.69,31.997,6.1,38.52,13.43,1858.71,4336724.14,1781512.84
00:10:38.254,18/01/2026,08:11:31,17_T02,39.121602788,10.180727124,0.2,1859.62,65.61,32.079,6.1,38.52,13.43,1858.71,4336724.21,1781512.87
00:10:39.242,18/01/2026,08:11:32,17_T02,39.121603111,10.180727986,0.2,1859.56,65.55,32.162,6.1,38.52,13.43,1858.59,4336724.28,1781512.91
00:10:40.255,18/01/2026,08:11:33,17_T02,39.121603274,10.180726952,0.1,1859.50,65.46,32.088,6.0,38.52,13.43,1858.59,4336724.19,1781512.93
00:10:41.262,18/01/2026,08:11:34,17_T02,39.121603433,10.180725814,0.1,1859.43,65.45,32.004,6.0,38.52,13.43,1858.46,4336724.09,1781512.94
00:10:42.246,18/01/2026,08:11:35,17_T02,39.121603710,10.180726625,0.1,1859.36,65.43,32.081,6.0,38.52,13.43,1858.46,4336724.17,1781512.97
00:10:43.252,18/01/2026,08:11:36,17_T02,39.121603996,10.180727496,0.1,1859.31,65.40,32.163,5.9,38.53,13.43,1858.31,4336724.24,1781513.01
00:10:44.246,18/01/2026,08:11:37,17_T02,39.121604276,10.180728407,0.1,1859.27,65.43,32.248,5.8,38.53,13.43,1858.31,4336724.32,1781513.04
00:10:45.245,18/01/2026,08:11:38,17_T02,39.121604567,10.180729382,0.1,1859.24,65.50,32.339,5.8,38.52,13.45,1858.24,4336724.40,1781513.07
00:10:46.253,18/01/2026,08:11:39,17_T02,39.121605278,10.180731187,0.1,1859.21,65.56,32.514,5.8,38.52,13.45,1858.24,4336724.56,1781513.15
00:10:47.244,18/01/2026,08:11:40,17_T02,39.121605888,10.180732842,0.2,1859.17,65.62,32.673,5.7,38.52,13.44,1858.17,4336724.71,1781513.22
00:10:48.244,18/01/2026,08:11:41,17_T02,39.121606172,10.180733785,0.2,1859.14,65.69,32.761,5.6,38.52,13.44,1858.17,4336724.79,1781513.25
00:10:49.255,18/01/2026,08:11:42,17_T02,39.121606464,10.180734798,0.2,1859.11,65.73,32.854,5.6,38.52,13.44,1858.11,4336724.88,1781513.28
00:10:50.251,18/01/2026,08:11:43,17_T02,39.121606803,10.180735862,0.2,1859.08,65.72,32.954,5.5,38.52,13.44,1858.11,4336724.97,1781513.32
00:10:51.249,18/01/2026,08:11:44,17_T02,39.121607153,10.180736860,0.2,1859.05,65.67,33.049,5.5,38.52,13.44,1858.05,4336725.05,1781513.36
00:10:52.245,18/01/2026,08:11:45,17_T02,39.121608066,10.180738626,0.2,1859.01,65.62,33.231,5.3,38.52,13.44,1858.05,4336725.21,1781513.46
00:10:53.257,18/01/2026,08:11:46,17_T02,39.121608905,10.180740290,0.2,1858.97,65.61,33.401,5.3,38.52,13.43,1857.97,4336725.35,1781513.55
00:10:54.253,18/01/2026,08:11:47,17_T02,39.121609212,10.180741254,0.2,1858.92,65.60,33.491,5.3,38.52,13.43,1857.97,4336725.44,1781513.58
00:10:55.249,18/01/2026,08:11:48,17_T02,39.121609542,10.180742264,0.2,1858.87,65.58,33.586,5.2,38.52,13.43,1857.97,4336725.52,1781513.62
00:10:56.245,18/01/2026,08:11:49,17_T02,39.121609890,10.180743298,0.2,1858.81,65.59,33.684,5.2,38.52,13.43,1857.88,4336725.61,1781513.66
00:10:57.245,18/01/2026,08:11:50,17_T02,39.121610250,10.180744435,0.2,1858.76,65.60,33.791,5.2,38.52,13.43,1857.88,4336725.71,1781513.70
00:10:58.244,18/01/2026,08:11:51,17_T02,39.121610238,10.180744974,0.2,1858.71,65.62,33.833,5.2,38.52,13.43,1857.78,4336725.76,1781513.70
00:10:59.256,18/01/2026,08:11:52,17_T02,39.121610281,10.180745628,0.2,1858.65,65.63,33.887,5.2,38.52,13.43,1857.78,4336725.82,1781513.70
00:11:00.251,18/01/2026,08:11:53,17_T02,39.121610638,10.180746775,0.2,1858.58,65.61,33.994,5.2,38.52,13.43,1857.66,4336725.92,1781513.74
00:11:01.249,18/01/2026,08:11:54,17_T02,39.121611006,10.180747957,0.2,1858.51,65.61,34.104,5.2,38.52,13.43,1857.66,4336726.02,1781513.78
00:11:02.245,18/01/2026,08:11:55,17_T02,39.121611405,10.180749191,0.2,1858.45,65.61,34.220,5.3,38.52,13.42,1857.52,4336726.13,1781513.83
00:11:03.256,18/01/2026,08:11:56,17_T02,39.121612230,10.180750179,0.2,1858.38,65.63,34.336,5.4,38.52,13.42,1857.52,4336726.21,1781513.92
00:11:04.255,18/01/2026,08:11:57,17_T02,39.121613001,10.180751252,0.2,1858.32,65.65,34.456,3.7,38.52,13.42,1857.39,4336726.31,1781514.01
00:11:05.248,18/01/2026,08:11:58,17_T02,39.121613396,10.180752404,0.2,1858.25,65.65,34.565,5.4,38.52,13.42,1857.39,4336726.41,1781514.05
00:11:06.246,18/01/2026,08:11:59,17_T02,39.121613781,10.180753620,0.2,1858.18,65.65,34.679,5.4,38.52,13.42,1857.24,4336726.51,1781514.09
00:11:07.246,18/01/2026,08:12:00,17_T02,39.121614178,10.180754896,0.2,1858.10,65.63,34.798,5.5,38.52,13.42,1857.24,4336726.62,1781514.14
00:11:08.258,18/01/2026,08:12:01,17_T02,39.121614569,10.180756160,0.2,1858.02,65.62,34.916,5.5,38.52,13.42,1857.10,4336726.73,1781514.18
00:11:09.253,18/01/2026,08:12:02,17_T02,39.121616655,10.180758158,0.2,1857.94,65.61,35.169,5.5,38.52,13.42,1857.10,4336726.91,1781514.41
00:11:10.251,18/01/2026,08:12:03,17_T02,39.121618792,10.180760330,0.3,1857.87,65.58,35.438,5.5,38.52,13.42,1856.97,4336727.09,1781514.65
00:11:11.246,18/01/2026,08:12:04,17_T02,39.121619207,10.180761630,0.3,1857.79,65.53,35.560,3.6,38.52,13.42,1856.97,4336727.21,1781514.69
00:11:12.255,18/01/2026,08:12:05,17_T02,39.121619666,10.180763016,0.3,1857.71,65.50,35.691,2.7,38.52,13.42,1856.80,4336727.33,1781514.74
00:11:13.248,18/01/2026,08:12:06,17_T02,39.121620081,10.180764341,0.3,1857.63,65.47,35.815,2.7,38.52,13.42,1856.80,4336727.44,1781514.79
00:11:14.248,18/01/2026,08:12:07,17_T02,39.121620513,10.180765625,0.3,1857.55,65.48,35.936,2.7,38.52,13.42,1856.64,4336727.55,1781514.84
00:11:15.257,18/01/2026,08:12:08,17_T02,39.121621997,10.180767767,0.2,1857.47,65.50,36.173,2.7,38.52,13.42,1856.64,4336727.74,1781515.00
00:11:16.252,18/01/2026,08:12:09,17_T02,39.121623207,10.180769663,0.3,1857.39,65.54,36.378,2.7,38.52,13.42,1856.47,4336727.91,1781515.14
00:11:17.245,18/01/2026,08:12:10,17_T02,39.121623631,10.180771043,0.3,1857.31,65.58,36.507,2.7,38.52,13.42,1856.47,4336728.03,1781515.18
00:11:18.243,18/01/2026,08:12:11,17_T02,39.121624064,10.180772336,0.3,1857.23,65.60,36.629,2.8,38.52,13.43,1856.32,4336728.14,1781515.23
00:11:19.252,18/01/2026,08:12:12,17_T02,39.121624511,10.180773681,0.3,1857.14,65.63,36.756,2.8,38.52,13.43,1856.32,4336728.25,1781515.28
00:11:20.247,18/01/2026,08:12:13,17_T02,39.121624948,10.180775004,0.2,1857.06,65.65,36.881,2.8,38.52,13.43,1856.13,4336728.37,1781515.33
00:11:21.242,18/01/2026,08:12:14,17_T02,39.121624994,10.180776639,0.2,1856.97,65.66,37.013,2.8,38.52,13.43,1856.13,4336728.51,1781515.33
00:11:22.254,18/01/2026,08:12:15,17_T02,39.121625113,10.180778297,0.2,1856.90,65.68,37.150,2.8,38.52,13.43,1855.96,4336728.66,1781515.35
00:11:23.248,18/01/2026,08:12:16,17_T02,39.121625557,10.180779673,0.2,1856.83,65.71,37.279,2.8,38.52,13.43,1855.96,4336728.78,1781515.40
00:11:24.247,18/01/2026,08:12:17,17_T02,39.121625979,10.180781020,0.2,1856.74,65.75,37.405,2.7,38.52,13.42,1855.83,4336728.89,1781515.44
00:11:25.256,18/01/2026,08:12:18,17_T02,39.121626356,10.180782260,0.2,1856.65,65.76,37.521,2.8,38.52,13.42,1855.83,4336729.00,1781515.49
00:11:26.249,18/01/2026,08:12:19,17_T02,39.121626791,10.180783526,0.2,1856.56,65.76,37.641,2.5,38.52,13.42,1855.62,4336729.11,1781515.53
00:11:27.246,18/01/2026,08:12:20,17_T02,39.121626737,10.180782218,0.2,1856.47,65.74,37.535,2.9,38.52,13.42,1855.62,4336729.00,1781515.53
00:11:28.243,18/01/2026,08:12:21,17_T02,39.121626800,10.180781304,0.2,1856.40,65.70,37.465,2.8,38.52,13.42,1855.46,4336728.92,1781515.53
00:11:29.254,18/01/2026,08:12:22,17_T02,39.121627309,10.180782670,0.2,1856.34,65.66,37.596,2.8,38.52,13.42,1855.46,4336729.04,1781515.59
00:11:30.246,18/01/2026,08:12:23,17_T02,39.121627768,10.180783985,0.2,1856.28,65.64,37.721,3.2,38.52,13.42,1855.31,4336729.15,1781515.64
00:11:31.256,18/01/2026,08:12:24,17_T02,39.121628139,10.180785207,0.2,1856.18,65.63,37.835,3.2,38.52,13.42,1855.31,4336729.26,1781515.68
00:11:32.252,18/01/2026,08:12:25,17_T02,39.121630048,10.180787271,0.2,1856.07,65.65,38.085,3.2,38.52,13.43,1855.15,4336729.44,1781515.89
00:11:33.248,18/01/2026,08:12:26,17_T02,39.121631589,10.180789026,0.3,1855.97,65.69,38.294,3.4,38.52,13.43,1855.15,4336729.59,1781516.06
00:11:34.258,18/01/2026,08:12:27,17_T02,39.121632051,10.180790415,0.2,1855.89,65.69,38.425,3.3,38.52,13.43,1854.93,4336729.71,1781516.12
00:11:35.254,18/01/2026,08:12:28,17_T02,39.121632606,10.180791924,0.2,1855.83,65.66,38.570,3.3,38.52,13.43,1854.93,4336729.84,1781516.18
00:11:36.252,18/01/2026,08:12:29,17_T02,39.121633141,10.180793283,0.2,1855.75,65.63,38.702,3.2,38.52,13.43,1854.78,4336729.96,1781516.24
00:11:37.249,18/01/2026,08:12:30,17_T02,39.121633618,10.180794611,0.3,1855.61,65.66,38.829,3.2,38.52,13.43,1854.78,4336730.07,1781516.29
00:11:38.245,18/01/2026,08:12:31,17_T02,39.121633651,10.180796442,0.2,1855.44,65.66,38.976,3.3,38.52,13.44,1854.54,4336730.23,1781516.29
00:11:39.258,18/01/2026,08:12:32,17_T02,39.121633700,10.180798053,0.3,1855.25,65.70,39.106,3.5,38.52,13.44,1854.54,4336730.37,1781516.30
00:11:40.257,18/01/2026,08:12:33,17_T02,39.121634110,10.180799076,0.2,1855.07,65.76,39.206,3.6,38.51,13.44,1854.14,4336730.46,1781516.34
00:11:41.257,18/01/2026,08:12:34,17_T02,39.121634535,10.180800164,0.2,1854.90,65.82,39.312,3.7,38.51,13.44,1854.14,4336730.56,1781516.39
00:11:42.247,18/01/2026,08:12:35,17_T02,39.121634905,10.180801219,0.2,1854.73,65.89,39.412,3.8,38.52,13.43,1853.80,4336730.65,1781516.43
00:11:43.246,18/01/2026,08:12:36,17_T02,39.121635185,10.180802411,0.2,1854.55,66.03,39.519,3.9,38.52,13.43,1853.80,4336730.75,1781516.46
00:11:44.258,18/01/2026,08:12:37,17_T02,39.121634001,10.180801968,0.2,1854.35,66.32,39.431,4.2,38.52,13.43,1853.43,4336730.71,1781516.33
00:11:45.252,18/01/2026,08:12:38,17_T02,39.121633249,10.180801706,0.2,1854.15,66.42,39.376,4.4,38.52,13.43,1853.43,4336730.69,1781516.25
00:11:46.247,18/01/2026,08:12:39,17_T02,39.121633627,10.180802642,0.2,1853.95,66.33,39.467,4.5,38.52,13.43,1853.01,4336730.77,1781516.29
00:11:47.255,18/01/2026,08:12:40,17_T02,39.121634042,10.180803514,0.2,1853.75,66.15,39.555,4.6,38.52,13.43,1853.01,4336730.85,1781516.34
00:11:48.257,18/01/2026,08:12:41,17_T02,39.121634459,10.180804221,0.2,1853.56,65.92,39.630,4.8,38.52,13.43,1852.62,4336730.91,1781516.38
00:11:49.256,18/01/2026,08:12:42,17_T02,39.121634962,10.180804906,0.2,1853.38,65.69,39.707,4.9,38.52,13.43,1852.62,4336730.97,1781516.44
00:11:50.245,18/01/2026,08:12:43,17_T02,39.121634554,10.180804730,0.1,1853.22,65.53,39.675,5.0,38.52,13.43,1852.62,4336730.95,1781516.39
00:11:51.254,18/01/2026,08:12:44,17_T02,39.121634118,10.180804763,0.2,1853.08,65.44,39.658,5.1,38.52,13.43,1852.27,4336730.96,1781516.35
00:11:52.264,18/01/2026,08:12:45,17_T02,39.121634507,10.180805665,0.2,1852.97,65.31,39.747,5.2,38.52,13.43,1852.27,4336731.03,1781516.39
00:11:53.248,18/01/2026,08:12:46,17_T02,39.121634866,10.180806507,0.2,1852.88,65.24,39.830,5.3,38.52,13.42,1851.97,4336731.11,1781516.43
00:11:54.244,18/01/2026,08:12:47,17_T02,39.121635257,10.180807314,0.2,1852.81,65.12,39.912,5.3,38.52,13.42,1851.97,4336731.18,1781516.47
00:11:55.251,18/01/2026,08:12:48,17_T02,39.121635424,10.180808109,0.2,1852.75,65.02,39.983,5.4,38.52,13.42,1851.81,4336731.25,1781516.49
00:11:56.244,18/01/2026,08:12:49,17_T02,39.121635522,10.180808850,0.2,1852.73,64.95,40.046,5.3,38.52,13.42,1851.81,4336731.31,1781516.50
00:11:57.250,18/01/2026,08:12:50,17_T02,39.121635818,10.180809549,0.2,1852.74,64.91,40.115,5.3,38.52,13.42,1851.72,4336731.37,1781516.53
00:11:58.245,18/01/2026,08:12:51,17_T02,39.121636123,10.180810155,0.1,1852.80,64.88,40.177,5.2,38.52,13.42,1851.72,4336731.43,1781516.57
00:11:59.242,18/01/2026,08:12:52,17_T02,39.121636396,10.180810807,0.1,1852.86,64.98,40.241,5.1,38.52,13.43,1851.78,4336731.48,1781516.60
00:12:00.251,18/01/2026,08:12:53,17_T02,39.121636508,10.180811664,0.1,1852.89,65.33,40.314,5.0,38.52,13.43,1851.78,4336731.56,1781516.61
00:12:01.252,18/01/2026,08:12:54,17_T02,39.121636362,10.180813067,0.1,1852.98,65.51,40.419,4.9,38.52,13.43,1851.87,4336731.68,1781516.60
00:12:02.245,18/01/2026,08:12:55,17_T02,39.121636381,10.180814324,0.1,1853.07,65.52,40.519,4.8,38.52,13.43,1851.87,4336731.79,1781516.60
00:12:03.242,18/01/2026,08:12:56,17_T02,39.121636674,10.180815157,0.1,1853.14,65.62,40.599,4.7,38.52,13.42,1852.05,4336731.86,1781516.63
00:12:04.253,18/01/2026,08:12:57,17_T02,39.121637006,10.180816065,0.1,1853.22,65.58,40.686,4.6,38.52,13.42,1852.05,4336731.94,1781516.67
00:12:05.247,18/01/2026,08:12:58,17_T02,39.121637326,10.180816969,0.1,1853.33,65.56,40.772,4.4,38.52,13.42,1852.20,4336732.02,1781516.70
00:12:06.252,18/01/2026,08:12:59,17_T02,39.121637764,10.180818103,0.2,1853.39,65.60,40.882,4.3,38.52,13.42,1852.20,4336732.12,1781516.75
00:12:07.252,18/01/2026,08:13:00,17_T02,39.121637453,10.180817475,0.2,1853.45,65.67,40.818,4.1,38.52,13.42,1852.38,4336732.06,1781516.72
00:12:08.247,18/01/2026,08:13:01,17_T02,39.121637261,10.180817052,0.2,1853.50,65.70,40.776,4.0,38.52,13.42,1852.38,4336732.02,1781516.70
00:12:09.245,18/01/2026,08:13:02,17_T02,39.121637772,10.180818423,0.2,1853.53,65.71,40.907,3.9,38.52,13.42,1852.49,4336732.14,1781516.75
00:12:10.255,18/01/2026,08:13:03,17_T02,39.121638297,10.180819897,0.2,1853.55,65.73,41.048,3.8,38.52,13.42,1852.49,4336732.27,1781516.81
00:12:11.254,18/01/2026,08:13:04,17_T02,39.121638889,10.180821284,0.2,1853.57,65.68,41.185,3.7,38.52,13.42,1852.53,4336732.39,1781516.88
00:12:12.249,18/01/2026,08:13:05,17_T02,39.121639599,10.180822944,0.3,1853.58,65.62,41.349,3.5,38.52,13.42,1852.53,4336732.54,1781516.95
00:12:13.246,18/01/2026,08:13:06,17_T02,39.121641082,10.180824878,0.3,1853.59,65.62,41.569,3.5,38.52,13.42,1852.57,4336732.70,1781517.12
00:12:14.244,18/01/2026,08:13:07,17_T02,39.121642429,10.180826796,0.3,1853.60,65.68,41.782,3.4,38.52,13.42,1852.57,4336732.87,1781517.27
00:12:15.256,18/01/2026,08:13:08,17_T02,39.121643106,10.180828625,0.3,1853.60,65.76,41.958,3.2,38.52,13.42,1852.58,4336733.03,1781517.34
00:12:16.252,18/01/2026,08:13:09,17_T02,39.121643814,10.180830422,0.3,1853.59,65.80,42.133,2.6,38.52,13.42,1852.58,4336733.19,1781517.42
00:12:17.252,18/01/2026,08:13:10,17_T02,39.121644492,10.180832302,0.3,1853.58,65.83,42.313,3.0,38.52,13.42,1852.57,4336733.35,1781517.50
00:12:18.248,18/01/2026,08:13:11,17_T02,39.121644145,10.180833364,0.3,1853.53,65.83,42.381,2.9,38.52,13.42,1852.57,4336733.44,1781517.46
00:12:19.243,18/01/2026,08:13:12,17_T02,39.121643961,10.180834489,0.3,1853.47,65.75,42.462,2.9,38.52,13.42,1852.51,4336733.54,1781517.44
00:12:20.245,18/01/2026,08:13:13,17_T02,39.121644657,10.180836266,0.3,1853.41,65.68,42.635,2.9,38.52,13.42,1852.51,4336733.69,1781517.52
00:12:21.255,18/01/2026,08:13:14,17_T02,39.121645294,10.180837821,0.3,1853.37,65.60,42.787,2.9,38.52,13.42,1852.40,4336733.83,1781517.59
00:12:22.243,18/01/2026,08:13:15,17_T02,39.121645879,10.180839360,0.3,1853.33,65.58,42.936,2.9,38.52,13.42,1852.40,4336733.96,1781517.65
00:12:23.249,18/01/2026,08:13:16,17_T02,39.121646453,10.180840946,0.3,1853.29,65.59,43.088,2.9,38.52,13.42,1852.31,4336734.10,1781517.71
00:12:24.250,18/01/2026,08:13:17,17_T02,39.121646168,10.180842374,0.3,1853.24,65.62,43.188,2.9,38.52,13.42,1852.31,4336734.23,1781517.68
00:12:25.253,18/01/2026,08:13:18,17_T02,39.121646017,10.180843636,0.3,1853.18,65.65,43.282,2.9,38.52,13.42,1852.21,4336734.34,1781517.67
00:12:26.244,18/01/2026,08:13:19,17_T02,39.121646553,10.180845060,0.3,1853.12,65.67,43.419,2.9,38.52,13.42,1852.21,4336734.46,1781517.73
00:12:27.254,18/01/2026,08:13:20,17_T02,39.121647071,10.180846485,0.3,1853.07,65.69,43.555,2.9,38.52,13.42,1852.09,4336734.58,1781517.78
00:12:28.249,18/01/2026,08:13:21,17_T02,39.121647632,10.180847937,0.3,1853.03,65.70,43.696,2.9,38.52,13.42,1852.09,4336734.71,1781517.85
00:12:29.255,18/01/2026,08:13:22,17_T02,39.121648194,10.180849295,0.3,1852.98,65.68,43.829,2.9,38.52,13.42,1852.01,4336734.83,1781517.91
00:12:30.250,18/01/2026,08:13:23,17_T02,39.121648669,10.180850765,0.3,1852.92,65.64,43.967,2.9,38.52,13.42,1852.01,4336734.96,1781517.96
00:12:31.243,18/01/2026,08:13:24,17_T02,39.121649103,10.180852149,0.3,1852.85,65.59,44.097,3.0,38.52,13.42,1851.90,4336735.08,1781518.01
00:12:32.248,18/01/2026,08:13:25,17_T02,39.121649625,10.180853479,0.3,1852.78,65.53,44.226,3.0,38.52,13.42,1851.90,4336735.19,1781518.07
00:12:33.245,18/01/2026,08:13:26,17_T02,39.121650148,10.180854806,0.2,1852.71,65.47,44.355,3.1,38.52,13.42,1851.76,4336735.31,1781518.13
00:12:34.251,18/01/2026,08:13:27,17_T02,39.121650664,10.180856157,0.2,1852.65,65.42,44.485,3.1,38.52,13.42,1851.76,4336735.42,1781518.18
00:12:35.246,18/01/2026,08:13:28,17_T02,39.121651131,10.180857405,0.2,1852.60,65.37,44.606,3.1,38.52,13.42,1851.62,4336735.53,1781518.23
00:12:36.254,18/01/2026,08:13:29,17_T02,39.121653163,10.180859920,0.2,1852.56,65.33,44.897,3.1,38.52,13.42,1851.62,4336735.75,1781518.46
00:12:37.252,18/01/2026,08:13:30,17_T02,39.121654955,10.180862247,0.3,1852.50,65.36,45.163,3.1,38.52,13.42,1851.51,4336735.95,1781518.66
00:12:38.243,18/01/2026,08:13:31,17_T02,39.121655322,10.180863375,0.3,1852.43,65.44,45.269,3.1,38.52,13.42,1851.51,4336736.05,1781518.70
00:12:39.253,18/01/2026,08:13:32,17_T02,39.121655641,10.180864579,0.3,1852.34,65.54,45.379,3.2,38.52,13.42,1851.38,4336736.16,1781518.73
00:12:40.252,18/01/2026,08:13:33,17_T02,39.121655988,10.180865774,0.2,1852.26,65.62,45.489,3.3,38.52,13.42,1851.38,4336736.26,1781518.77
00:12:41.251,18/01/2026,08:13:34,17_T02,39.121656756,10.180867415,0.2,1852.18,65.64,45.654,3.3,38.52,13.42,1851.22,4336736.40,1781518.86
00:12:42.247,18/01/2026,08:13:35,17_T02,39.121657531,10.180868901,0.2,1852.13,65.55,45.807,3.3,38.52,13.42,1851.22,4336736.53,1781518.94
00:12:43.243,18/01/2026,08:13:36,17_T02,39.121658015,10.180870016,0.2,1852.09,65.42,45.918,3.3,38.52,13.42,1851.09,4336736.63,1781519.00
00:12:44.254,18/01/2026,08:13:37,17_T02,39.121658423,10.180871054,0.2,1852.06,65.35,46.018,3.2,38.52,13.42,1851.09,4336736.72,1781519.04
00:12:45.255,18/01/2026,08:13:38,17_T02,39.121658764,10.180871966,0.2,1851.99,65.37,46.106,3.2,38.52,13.42,1851.00,4336736.80,1781519.08
00:12:46.249,18/01/2026,08:13:39,17_T02,39.121659039,10.180872802,0.2,1851.91,65.41,46.185,3.3,38.52,13.42,1851.00,4336736.87,1781519.11
00:12:47.258,18/01/2026,08:13:40,17_T02,39.121658523,10.180871997,0.2,1851.83,65.46,46.098,3.4,38.52,13.42,1851.00,4336736.80,1781519.05
00:12:48.255,18/01/2026,08:13:41,17_T02,39.121658176,10.180871532,0.2,1851.76,65.51,46.045,3.5,38.52,13.42,1850.84,4336736.76,1781519.01
00:12:49.248,18/01/2026,08:13:42,17_T02,39.121658569,10.180872749,0.2,1851.70,65.54,46.160,3.4,38.52,13.42,1850.84,4336736.87,1781519.06
00:12:50.245,18/01/2026,08:13:43,17_T02,39.121658959,10.180873748,0.2,1851.65,65.56,46.257,3.4,38.52,13.42,1850.71,4336736.95,1781519.10
00:12:51.243,18/01/2026,08:13:44,17_T02,39.121659281,10.180874526,0.2,1851.61,65.49,46.333,3.4,38.52,13.42,1850.71,4336737.02,1781519.14
00:12:52.252,18/01/2026,08:13:45,17_T02,39.121659593,10.180875341,0.2,1851.54,65.48,46.412,3.5,38.52,13.43,1850.62,4336737.09,1781519.17
00:12:53.245,18/01/2026,08:13:46,17_T02,39.121659489,10.180876236,0.2,1851.46,65.46,46.478,3.5,38.52,13.43,1850.62,4336737.17,1781519.16
00:12:54.253,18/01/2026,08:13:47,17_T02,39.121659465,10.180877192,0.2,1851.39,65.44,46.553,3.6,38.52,13.42,1850.47,4336737.25,1781519.16
00:12:55.248,18/01/2026,08:13:48,17_T02,39.121659854,10.180878309,0.2,1851.34,65.44,46.659,3.5,38.52,13.42,1850.47,4336737.35,1781519.20
00:12:56.256,18/01/2026,08:13:49,17_T02,39.121660228,10.180879432,0.2,1851.31,65.40,46.765,3.5,38.52,13.43,1850.34,4336737.45,1781519.24
00:12:57.251,18/01/2026,08:13:50,17_T02,39.121660566,10.180880468,0.2,1851.29,65.39,46.863,3.4,38.52,13.43,1850.34,4336737.54,1781519.28
00:12:58.256,18/01/2026,08:13:51,17_T02,39.121661077,10.180882701,0.2,1851.24,65.40,47.063,3.4,38.52,13.43,1850.28,4336737.73,1781519.34
00:12:59.246,18/01/2026,08:13:52,17_T02,39.121661483,10.180884487,0.2,1851.18,65.37,47.223,3.5,38.52,13.43,1850.28,4336737.89,1781519.38
00:13:00.250,18/01/2026,08:13:53,17_T02,39.121661658,10.180885132,0.2,1851.12,65.38,47.282,3.6,38.52,13.42,1850.15,4336737.94,1781519.40
00:13:01.244,18/01/2026,08:13:54,17_T02,39.121661899,10.180886072,0.2,1851.07,65.44,47.368,3.6,38.52,13.42,1850.15,4336738.02,1781519.43
00:13:02.251,18/01/2026,08:13:55,17_T02,39.121662288,10.180887230,0.2,1851.05,65.49,47.477,3.5,38.52,13.42,1850.07,4336738.12,1781519.47
00:13:03.244,18/01/2026,08:13:56,17_T02,39.121662662,10.180888295,0.2,1851.03,65.50,47.579,3.5,38.52,13.42,1850.07,4336738.22,1781519.51
00:13:04.254,18/01/2026,08:13:57,17_T02,39.121663355,10.180890926,0.2,1850.99,65.54,47.819,3.5,38.52,13.42,1850.03,4336738.45,1781519.59
00:13:05.254,18/01/2026,08:13:58,17_T02,39.121663970,10.180893250,0.2,1850.95,65.59,48.031,3.5,38.52,13.42,1850.03,4336738.65,1781519.66
00:13:06.248,18/01/2026,08:13:59,17_T02,39.121664277,10.180894261,0.2,1850.90,65.63,48.125,3.5,38.52,13.42,1849.95,4336738.74,1781519.69
00:13:07.257,18/01/2026,08:14:00,17_T02,39.121664605,10.180895391,0.2,1850.87,65.67,48.230,3.5,38.52,13.42,1849.95,4336738.83,1781519.73
00:13:08.247,18/01/2026,08:14:01,17_T02,39.121665001,10.180896653,0.2,1850.84,65.70,48.348,3.4,38.52,13.42,1849.86,4336738.94,1781519.77
00:13:09.245,18/01/2026,08:14:02,17_T02,39.121665359,10.180897837,0.2,1850.80,65.71,48.458,3.4,38.52,13.42,1849.86,4336739.05,1781519.81
00:13:10.256,18/01/2026,08:14:03,17_T02,39.121665884,10.180900618,0.2,1850.74,65.69,48.703,3.4,38.52,13.42,1849.76,4336739.29,1781519.87
00:13:11.251,18/01/2026,08:14:04,17_T02,39.121666355,10.180902898,0.2,1850.69,65.58,48.905,3.4,38.52,13.42,1849.76,4336739.49,1781519.92
00:13:12.244,18/01/2026,08:14:05,17_T02,39.121666727,10.180903998,0.2,1850.65,65.50,49.009,3.5,38.52,13.42,1849.68,4336739.58,1781519.97
00:13:13.253,18/01/2026,08:14:06,17_T02,39.121667169,10.180905188,0.2,1850.62,65.47,49.124,3.3,38.52,13.42,1849.68,4336739.69,1781520.01
00:13:14.251,18/01/2026,08:14:07,17_T02,39.121667591,10.180906416,0.2,1850.59,65.46,49.240,3.3,38.52,13.42,1849.60,4336739.79,1781520.06
00:13:15.245,18/01/2026,08:14:08,17_T02,39.121667986,10.180907534,0.2,1850.55,65.47,49.347,3.3,38.52,13.42,1849.60,4336739.89,1781520.10
00:13:16.257,18/01/2026,08:14:09,17_T02,39.121668386,10.180908698,0.2,1850.49,65.55,49.457,3.3,38.52,13.42,1849.52,4336739.99,1781520.15
00:13:17.253,18/01/2026,08:14:10,17_T02,39.121668753,10.180909825,0.2,1850.43,65.62,49.563,3.3,38.52,13.42,1849.52,4336740.09,1781520.19
00:13:18.248,18/01/2026,08:14:11,17_T02,39.121669183,10.180911062,0.2,1850.38,65.67,49.681,3.3,38.52,13.42,1849.41,4336740.20,1781520.24
00:13:19.243,18/01/2026,08:14:12,17_T02,39.121669582,10.180912254,0.2,1850.33,65.70,49.794,3.2,38.52,13.42,1849.41,4336740.30,1781520.28
00:13:20.255,18/01/2026,08:14:13,17_T02,39.121670018,10.180913460,0.2,1850.28,65.61,49.909,3.2,38.52,13.42,1849.29,4336740.41,1781520.33
00:13:21.250,18/01/2026,08:14:14,17_T02,39.121670429,10.180914533,0.2,1850.24,65.50,50.013,3.3,38.52,13.42,1849.29,4336740.50,1781520.38
00:13:22.245,18/01/2026,08:14:15,17_T02,39.121670477,10.180913747,0.2,1850.21,65.40,49.953,3.2,38.52,13.43,1849.21,4336740.43,1781520.38
00:13:23.252,18/01/2026,08:14:16,17_T02,39.121670572,10.180913066,0.2,1850.19,65.31,49.903,3.2,38.52,13.43,1849.21,4336740.37,1781520.39
00:13:24.253,18/01/2026,08:14:17,17_T02,39.121670997,10.180914294,0.2,1850.18,65.30,50.019,3.1,38.52,13.43,1849.18,4336740.48,1781520.44
00:13:25.252,18/01/2026,08:14:18,17_T02,39.121671350,10.180915458,0.2,1850.19,65.34,50.128,3.0,38.52,13.43,1849.18,4336740.58,1781520.48
00:13:26.244,18/01/2026,08:14:19,17_T02,39.121671706,10.180916591,0.2,1850.17,65.44,50.234,3.0,38.52,13.42,1849.17,4336740.68,1781520.52
00:13:27.254,18/01/2026,08:14:20,17_T02,39.121672021,10.180917545,0.2,1850.17,65.49,50.324,3.0,38.52,13.42,1849.17,4336740.76,1781520.55
00:13:28.250,18/01/2026,08:14:21,17_T02,39.121672358,10.180918348,0.2,1850.21,65.43,50.403,2.9,38.52,13.43,1849.16,4336740.83,1781520.59
00:13:29.258,18/01/2026,08:14:22,17_T02,39.121672774,10.180919465,0.2,1850.23,65.46,50.510,2.9,38.52,13.43,1849.16,4336740.93,1781520.64
00:13:30.248,18/01/2026,08:14:23,17_T02,39.121673201,10.180920722,0.2,1850.26,65.52,50.629,2.7,38.51,13.43,1849.22,4336741.04,1781520.68
00:13:31.246,18/01/2026,08:14:24,17_T02,39.121673533,10.180921838,0.2,1850.29,65.62,50.733,2.6,38.51,13.43,1849.22,4336741.13,1781520.72
00:13:32.255,18/01/2026,08:14:25,17_T02,39.121673812,10.180922871,0.2,1850.28,65.75,50.828,2.5,38.52,13.41,1849.26,4336741.22,1781520.75
00:13:33.249,18/01/2026,08:14:26,17_T02,39.121673246,10.180922951,0.2,1850.24,65.88,50.808,2.5,38.52,13.41,1849.26,4336741.23,1781520.69
00:13:34.253,18/01/2026,08:14:27,17_T02,39.121672919,10.180923104,0.2,1850.20,65.94,50.806,2.5,38.52,13.42,1849.21,4336741.24,1781520.65
00:13:35.246,18/01/2026,08:14:28,17_T02,39.121673384,10.180924145,0.2,1850.18,65.92,50.909,2.6,38.52,13.42,1849.21,4336741.33,1781520.70
00:13:36.250,18/01/2026,08:14:29,17_T02,39.121673928,10.180925485,0.2,1850.16,65.82,51.040,2.5,38.52,13.42,1849.16,4336741.45,1781520.76
00:13:37.246,18/01/2026,08:14:30,17_T02,39.121674463,10.180926802,0.2,1850.14,65.72,51.169,2.3,38.52,13.42,1849.16,4336741.56,1781520.82
00:13:38.255,18/01/2026,08:14:31,17_T02,39.121674912,10.180927925,0.2,1850.10,65.64,51.279,2.3,38.52,13.42,1849.10,4336741.66,1781520.87
00:13:39.250,18/01/2026,08:14:32,17_T02,39.121674831,10.180927360,0.2,1850.04,65.63,51.230,2.3,38.52,13.42,1849.10,4336741.61,1781520.86
00:13:40.247,18/01/2026,08:14:33,17_T02,39.121674802,10.180927101,0.2,1849.98,65.64,51.208,2.3,38.52,13.42,1848.99,4336741.59,1781520.86
00:13:41.243,18/01/2026,08:14:34,17_T02,39.121675192,10.180928230,0.2,1849.93,65.68,51.315,2.3,38.52,13.42,1848.99,4336741.69,1781520.90
00:13:42.251,18/01/2026,08:14:35,17_T02,39.121675633,10.180929547,0.2,1849.89,65.72,51.440,2.3,38.52,13.42,1848.99,4336741.80,1781520.95
00:13:43.246,18/01/2026,08:14:36,17_T02,39.121676066,10.180930821,0.2,1849.86,65.75,51.560,2.2,38.52,13.42,1848.89,4336741.91,1781521.00
00:13:44.257,18/01/2026,08:14:37,17_T02,39.121676542,10.180932113,0.2,1849.81,65.73,51.685,2.2,38.52,13.42,1848.89,4336742.03,1781521.05
00:13:45.255,18/01/2026,08:14:38,17_T02,39.121676677,10.180931746,0.2,1849.75,65.73,51.662,2.2,38.52,13.42,1848.79,4336741.99,1781521.07
00:13:46.255,18/01/2026,08:14:39,17_T02,39.121676829,10.180931547,0.2,1849.69,65.73,51.653,2.2,38.52,13.42,1848.79,4336741.98,1781521.09
00:13:47.247,18/01/2026,08:14:40,17_T02,39.121677289,10.180932710,0.2,1849.62,65.71,51.766,2.2,38.52,13.41,1848.70,4336742.08,1781521.14
00:13:48.246,18/01/2026,08:14:41,17_T02,39.121677725,10.180933800,0.2,1849.56,65.68,51.872,2.2,38.52,13.41,1848.70,4336742.17,1781521.18
00:13:49.256,18/01/2026,08:14:42,17_T02,39.121678191,10.180934982,0.2,1849.49,65.63,51.987,2.2,38.52,13.41,1848.57,4336742.28,1781521.24
00:13:50.256,18/01/2026,08:14:43,17_T02,39.121678868,10.180936417,0.2,1849.43,65.59,52.131,2.2,38.52,13.41,1848.57,4336742.40,1781521.31
00:13:51.251,18/01/2026,08:14:44,17_T02,39.121679434,10.180937678,0.2,1849.38,65.59,52.257,2.2,38.52,13.41,1848.44,4336742.51,1781521.37
00:13:52.255,18/01/2026,08:14:45,17_T02,39.121679808,10.180938644,0.2,1849.32,65.63,52.351,2.1,38.52,13.41,1848.44,4336742.59,1781521.42
00:13:53.249,18/01/2026,08:14:46,17_T02,39.121680047,10.180939346,0.2,1849.24,65.67,52.417,2.1,38.52,13.42,1848.32,4336742.65,1781521.44
00:13:54.247,18/01/2026,08:14:47,17_T02,39.121680247,10.180939921,0.2,1849.15,65.70,52.472,2.2,38.52,13.42,1848.32,4336742.70,1781521.46
00:13:55.247,18/01/2026,08:14:48,17_T02,39.121680496,10.180940504,0.2,1849.05,65.70,52.529,2.3,38.52,13.42,1848.15,4336742.76,1781521.49
00:13:56.245,18/01/2026,08:14:49,17_T02,39.121680769,10.180941074,0.2,1848.96,65.67,52.587,2.4,38.52,13.42,1848.15,4336742.81,1781521.52
00:13:57.254,18/01/2026,08:14:50,17_T02,39.121681149,10.180941852,0.1,1848.89,65.60,52.666,2.3,38.52,13.42,1847.93,4336742.87,1781521.56
00:13:58.250,18/01/2026,08:14:51,17_T02,39.121681531,10.180942659,0.1,1848.83,65.55,52.747,2.4,38.52,13.42,1847.93,4336742.94,1781521.61
00:13:59.247,18/01/2026,08:14:52,17_T02,39.121681832,10.180943337,0.1,1848.76,65.54,52.815,2.4,38.52,13.42,1847.81,4336743.00,1781521.64
00:14:00.244,18/01/2026,08:14:53,17_T02,39.121682079,10.180943934,0.1,1848.66,65.55,52.873,2.4,38.52,13.42,1847.81,4336743.05,1781521.67
00:14:01.253,18/01/2026,08:14:54,17_T02,39.121682305,10.180944554,0.1,1848.55,65.56,52.933,2.5,38.52,13.42,1847.65,4336743.11,1781521.69
00:14:02.258,18/01/2026,08:14:55,17_T02,39.121682468,10.180945069,0.1,1848.46,65.57,52.981,2.6,38.52,13.42,1847.65,4336743.15,1781521.71
00:14:03.255,18/01/2026,08:14:56,17_T02,39.121682733,10.180945716,0.1,1848.39,65.54,53.044,2.6,38.52,13.42,1847.44,4336743.21,1781521.74
00:14:04.259,18/01/2026,08:14:57,17_T02,39.121683084,10.180946529,0.1,1848.35,65.44,53.125,2.6,38.52,13.42,1847.44,4336743.28,1781521.78
00:14:05.256,18/01/2026,08:14:58,17_T02,39.121683370,10.180947282,0.1,1848.32,65.41,53.197,2.5,38.52,13.42,1847.32,4336743.34,1781521.81
00:14:06.257,18/01/2026,08:14:59,17_T02,39.121683626,10.180947938,0.1,1848.26,65.43,53.261,2.5,38.52,13.42,1847.32,4336743.40,1781521.84
00:14:07.256,18/01/2026,08:15:00,17_T02,39.121683329,10.180948215,0.1,1848.19,65.40,53.269,2.6,38.52,13.42,1847.23,4336743.43,1781521.81
00:14:08.263,18/01/2026,08:15:01,17_T02,39.121683118,10.180948582,0.1,1848.13,65.42,53.289,2.7,38.52,13.42,1847.23,4336743.46,1781521.78
00:14:09.257,18/01/2026,08:15:02,17_T02,39.121683383,10.180949361,0.1,1848.08,65.45,53.363,2.7,38.52,13.42,1847.09,4336743.53,1781521.81
00:14:10.255,18/01/2026,08:15:03,17_T02,39.121683691,10.180950244,0.1,1848.04,65.49,53.447,2.6,38.52,13.42,1847.09,4336743.60,1781521.85
00:14:11.256,18/01/2026,08:15:04,17_T02,39.121683956,10.180951069,0.1,1848.01,65.54,53.524,2.6,38.52,13.42,1847.00,4336743.67,1781521.88
00:14:12.257,18/01/2026,08:15:05,17_T02,39.121684154,10.180951716,0.1,1847.95,65.56,53.585,2.6,38.52,13.42,1847.00,4336743.73,1781521.90
00:14:13.255,18/01/2026,08:15:06,17_T02,39.121683213,10.180950311,0.1,1847.88,65.58,53.431,2.6,38.52,13.42,1846.90,4336743.61,1781521.79
00:14:14.257,18/01/2026,08:15:07,17_T02,39.121682392,10.180949120,0.1,1847.81,65.58,53.299,2.7,38.52,13.42,1846.90,4336743.50,1781521.70
00:14:15.242,18/01/2026,08:15:08,17_T02,39.121682739,10.180949907,0.1,1847.76,65.53,53.377,2.7,38.52,13.43,1846.77,4336743.57,1781521.74
00:14:16.255,18/01/2026,08:15:09,17_T02,39.121683134,10.180950889,0.1,1847.73,65.47,53.473,2.7,38.52,13.43,1846.77,4336743.66,1781521.79
00:14:17.256,18/01/2026,08:15:10,17_T02,39.121683480,10.180951854,0.2,1847.68,65.45,53.565,2.6,38.52,13.43,1846.67,4336743.74,1781521.82
00:14:18.254,18/01/2026,08:15:11,17_T02,39.121683745,10.180952672,0.2,1847.62,65.50,53.642,2.6,38.52,13.43,1846.67,4336743.81,1781521.85
00:14:19.254,18/01/2026,08:15:12,17_T02,39.121684271,10.180954532,0.2,1847.53,65.59,53.814,2.7,38.52,13.43,1846.55,4336743.98,1781521.91
00:14:20.254,18/01/2026,08:15:13,17_T02,39.121684729,10.180956243,0.2,1847.43,65.68,53.970,2.8,38.52,13.43,1846.55,4336744.12,1781521.96
00:14:21.254,18/01/2026,08:15:14,17_T02,39.121685040,10.180957169,0.2,1847.35,65.71,54.058,2.8,38.52,13.43,1846.37,4336744.20,1781522.00
00:14:22.254,18/01/2026,08:15:15,17_T02,39.121685463,10.180958314,0.2,1847.29,65.68,54.168,2.8,38.52,13.43,1846.37,4336744.30,1781522.04
00:14:23.253,18/01/2026,08:15:16,17_T02,39.121685931,10.180959441,0.2,1847.24,65.62,54.278,2.8,38.52,13.43,1846.24,4336744.40,1781522.10
00:14:24.243,18/01/2026,08:15:17,17_T02,39.121686322,10.180960408,0.2,1847.16,65.58,54.373,2.7,38.52,13.43,1846.24,4336744.49,1781522.14
00:14:25.255,18/01/2026,08:15:18,17_T02,39.121686642,10.180959412,0.2,1847.07,65.58,54.308,2.8,38.52,13.43,1846.09,4336744.40,1781522.17
00:14:26.255,18/01/2026,08:15:19,17_T02,39.121686940,10.180958706,0.2,1846.98,65.61,54.265,2.9,38.52,13.43,1846.09,4336744.34,1781522.21
00:14:27.257,18/01/2026,08:15:20,17_T02,39.121687297,10.180959760,0.2,1846.89,65.63,54.365,2.9,38.52,13.43,1845.90,4336744.43,1781522.25
00:14:28.255,18/01/2026,08:15:21,17_T02,39.121687752,10.180960892,0.2,1846.82,65.62,54.476,2.9,38.52,13.43,1845.90,4336744.53,1781522.30
00:14:29.257,18/01/2026,08:15:22,17_T02,39.121688183,10.180962018,0.2,1846.74,65.60,54.584,2.9,38.52,13.43,1845.73,4336744.63,1781522.34
00:14:30.254,18/01/2026,08:15:23,17_T02,39.121689809,10.180964662,0.2,1846.66,65.58,54.868,2.9,38.52,13.43,1845.73,4336744.86,1781522.52
00:14:31.254,18/01/2026,08:15:24,17_T02,39.121691182,10.180966877,0.2,1846.57,65.57,55.106,2.9,38.52,13.43,1845.56,4336745.05,1781522.68
00:14:32.243,18/01/2026,08:15:25,17_T02,39.121691654,10.180967924,0.2,1846.48,65.56,55.210,3.0,38.52,13.43,1845.56,4336745.14,1781522.73
00:14:33.255,18/01/2026,08:15:26,17_T02,39.121692124,10.180969055,0.2,1846.39,65.56,55.321,3.0,38.52,13.43,1845.36,4336745.24,1781522.78
00:14:34.255,18/01/2026,08:15:27,17_T02,39.121692566,10.180970226,0.2,1846.30,65.57,55.434,3.0,38.52,13.43,1845.36,4336745.34,1781522.83
00:14:35.255,18/01/2026,08:15:28,17_T02,39.121693050,10.180971568,0.2,1846.22,65.60,55.562,3.0,38.52,13.43,1845.20,4336745.46,1781522.88
00:14:36.254,18/01/2026,08:15:29,17_T02,39.121693694,10.180970538,0.2,1846.13,65.61,55.510,3.0,38.52,13.43,1845.20,4336745.37,1781522.95
00:14:37.254,18/01/2026,08:15:30,17_T02,39.121694325,10.180969823,0.2,1846.03,65.61,55.481,3.0,38.52,13.43,1845.04,4336745.30,1781523.02
00:14:38.255,18/01/2026,08:15:31,17_T02,39.121694759,10.180971022,0.2,1845.94,65.61,55.596,3.0,38.52,13.43,1845.04,4336745.41,1781523.07
00:14:39.255,18/01/2026,08:15:32,17_T02,39.121695279,10.180972346,0.2,1845.84,65.63,55.725,3.0,38.52,13.43,1845.04,4336745.52,1781523.13
00:14:40.254,18/01/2026,08:15:33,17_T02,39.121695750,10.180973527,0.2,1845.74,65.62,55.840,3.0,38.52,13.42,1844.83,4336745.63,1781523.18
00:14:41.254,18/01/2026,08:15:34,17_T02,39.121696185,10.180974726,0.2,1845.64,65.62,55.955,3.1,38.52,13.42,1844.83,4336745.73,1781523.23
00:14:42.255,18/01/2026,08:15:35,17_T02,39.121697180,10.180976129,0.2,1845.54,65.63,56.111,3.1,38.52,13.42,1844.61,4336745.85,1781523.34
00:14:43.254,18/01/2026,08:15:36,17_T02,39.121698139,10.180977583,0.2,1845.45,65.64,56.270,3.1,38.52,13.42,1844.61,4336745.98,1781523.45
00:14:44.254,18/01/2026,08:15:37,17_T02,39.121698586,10.180978860,0.2,1845.36,65.67,56.391,3.1,38.52,13.42,1844.40,4336746.09,1781523.50
00:14:45.253,18/01/2026,08:15:38,17_T02,39.121699033,10.180980070,0.2,1845.27,65.70,56.507,3.0,38.52,13.42,1844.40,4336746.19,1781523.55
00:14:46.253,18/01/2026,08:15:39,17_T02,39.121699472,10.180981260,0.2,1845.17,65.71,56.622,3.0,38.52,13.42,1844.24,4336746.30,1781523.59
00:14:47.252,18/01/2026,08:15:40,17_T02,39.121699936,10.180982511,0.2,1845.08,65.72,56.742,3.1,38.52,13.42,1844.24,4336746.41,1781523.65
00:14:48.253,18/01/2026,08:15:41,17_T02,39.121701446,10.180984956,0.2,1844.99,65.70,57.004,3.1,38.52,13.42,1844.05,4336746.62,1781523.81
00:14:49.257,18/01/2026,08:15:42,17_T02,39.121702878,10.180987378,0.2,1844.92,65.68,57.261,3.1,38.52,13.42,1844.05,4336746.83,1781523.97
00:14:50.252,18/01/2026,08:15:43,17_T02,39.121703314,10.180988500,0.2,1844.85,65.65,57.370,3.0,38.52,13.42,1843.88,4336746.93,1781524.02
00:14:51.254,18/01/2026,08:15:44,17_T02,39.121703746,10.180989596,0.2,1844.77,65.63,57.476,3.0,38.52,13.42,1843.88,4336747.02,1781524.07
00:14:52.256,18/01/2026,08:15:45,17_T02,39.121704165,10.180990693,0.2,1844.68,65.62,57.583,3.1,38.52,13.42,1843.74,4336747.12,1781524.11
00:14:53.252,18/01/2026,08:15:46,17_T02,39.121703141,10.180990576,0.2,1844.60,65.58,57.527,3.1,38.52,13.42,1843.74,4336747.11,1781524.00
00:14:54.260,18/01/2026,08:15:47,17_T02,39.121702213,10.180990675,0.2,1844.53,65.52,57.493,3.1,38.52,13.42,1843.54,4336747.12,1781523.90
00:14:55.256,18/01/2026,08:15:48,17_T02,39.121702742,10.180991958,0.2,1844.47,65.43,57.619,3.0,38.52,13.42,1843.54,4336747.23,1781523.96
00:14:56.254,18/01/2026,08:15:49,17_T02,39.121703235,10.180993123,0.2,1844.42,65.29,57.734,3.0,38.52,13.42,1843.42,4336747.33,1781524.01
00:14:57.252,18/01/2026,08:15:50,17_T02,39.121703696,10.180994266,0.2,1844.37,65.22,57.845,3.0,38.52,13.42,1843.42,4336747.43,1781524.06
00:14:58.255,18/01/2026,08:15:51,17_T02,39.121704137,10.180995404,0.2,1844.30,65.19,57.955,3.0,38.52,13.41,1843.33,4336747.53,1781524.11
00:14:59.256,18/01/2026,08:15:52,17_T02,39.121705406,10.180998093,0.2,1844.23,65.21,58.226,3.0,38.52,13.41,1843.33,4336747.76,1781524.25
00:15:00.252,18/01/2026,08:15:53,17_T02,39.121706558,10.181000804,0.2,1844.17,65.33,58.493,3.0,38.52,13.41,1843.18,4336748.00,1781524.38
00:15:01.255,18/01/2026,08:15:54,17_T02,39.121706956,10.181002203,0.2,1844.13,65.46,58.622,3.0,38.52,13.41,1843.18,4336748.12,1781524.42
00:15:02.254,18/01/2026,08:15:55,17_T02,39.121707368,10.181003481,0.2,1844.10,65.50,58.743,2.9,38.52,13.41,1843.06,4336748.23,1781524.47
00:15:03.254,18/01/2026,08:15:56,17_T02,39.121707800,10.181004648,0.2,1844.08,65.50,58.855,2.8,38.52,13.41,1843.06,4336748.33,1781524.52
00:15:04.251,18/01/2026,08:15:57,17_T02,39.121708225,10.181005702,0.2,1844.05,65.46,58.957,2.3,38.52,13.42,1843.01,4336748.42,1781524.57
00:15:05.254,18/01/2026,08:15:58,17_T02,39.121709364,10.181007854,0.2,1844.04,65.37,59.180,2.3,38.52,13.42,1843.01,4336748.61,1781524.69
00:15:06.250,18/01/2026,08:15:59,17_T02,39.121710300,10.181009877,0.2,1844.02,65.34,59.383,2.3,38.52,13.42,1842.97,4336748.78,1781524.79
00:15:07.254,18/01/2026,08:16:00,17_T02,39.121710709,10.181011065,0.2,1843.99,65.36,59.495,2.2,38.52,13.42,1842.97,4336748.89,1781524.84
00:15:08.253,18/01/2026,08:16:01,17_T02,39.121711144,10.181012381,0.2,1843.97,65.41,59.620,2.1,38.52,13.42,1842.92,4336749.00,1781524.89
00:15:09.253,18/01/2026,08:16:02,17_T02,39.121711551,10.181013652,0.2,1843.93,65.47,59.739,1.9,38.52,13.42,1842.92,4336749.11,1781524.93
00:15:10.252,18/01/2026,08:16:03,17_T02,39.121711936,10.181014821,0.2,1843.89,65.52,59.849,2.2,38.52,13.42,1842.85,4336749.21,1781524.98
00:15:11.254,18/01/2026,08:16:04,17_T02,39.121712507,10.181016572,0.2,1843.84,65.56,60.014,2.2,38.52,13.42,1842.85,4336749.37,1781525.04
00:15:12.254,18/01/2026,08:16:05,17_T02,39.121713051,10.181018267,0.2,1843.79,65.60,60.173,2.2,38.52,13.42,1842.78,4336749.51,1781525.10
00:15:13.253,18/01/2026,08:16:06,17_T02,39.121713465,10.181019432,0.2,1843.76,65.55,60.284,2.1,38.52,13.42,1842.78,4336749.61,1781525.15
00:15:14.253,18/01/2026,08:16:07,17_T02,39.121713948,10.181020648,0.2,1843.74,65.50,60.403,2.1,38.52,13.42,1842.69,4336749.72,1781525.20
00:15:15.248,18/01/2026,08:16:08,17_T02,39.121714466,10.181022023,0.2,1843.72,65.47,60.535,1.9,38.52,13.42,1842.69,4336749.84,1781525.26
00:15:16.253,18/01/2026,08:16:09,17_T02,39.121714943,10.181023376,0.2,1843.70,65.50,60.664,1.8,38.52,13.42,1842.66,4336749.96,1781525.31
00:15:17.253,18/01/2026,08:16:10,17_T02,39.121715302,10.181024531,0.2,1843.66,65.57,60.772,1.8,38.52,13.42,1842.66,4336750.06,1781525.35
00:15:18.251,18/01/2026,08:16:11,17_T02,39.121715675,10.181025697,0.2,1843.60,65.64,60.881,1.8,38.52,13.42,1842.58,4336750.16,1781525.39
00:15:19.257,18/01/2026,08:16:12,17_T02,39.121716079,10.181026862,0.2,1843.53,65.68,60.992,1.8,38.52,13.42,1842.58,4336750.26,1781525.44
00:15:20.253,18/01/2026,08:16:13,17_T02,39.121716539,10.181028146,0.2,1843.47,65.69,61.115,1.8,38.52,13.42,1842.44,4336750.37,1781525.49
00:15:21.254,18/01/2026,08:16:14,17_T02,39.121717047,10.181029554,0.2,1843.44,65.65,61.250,1.4,38.52,13.42,1842.44,4336750.49,1781525.54
00:15:22.253,18/01/2026,08:16:15,17_T02,39.121717323,10.181031292,0.2,1843.41,65.58,61.400,1.3,38.52,13.42,1842.37,4336750.65,1781525.57
00:15:23.253,18/01/2026,08:16:16,17_T02,39.121717587,10.181032868,0.2,1843.36,65.53,61.537,1.3,38.52,13.42,1842.37,4336750.78,1781525.60
00:15:24.252,18/01/2026,08:16:17,17_T02,39.121718007,10.181034010,0.2,1843.29,65.53,61.647,1.3,38.52,13.42,1842.26,4336750.88,1781525.65
00:15:25.252,18/01/2026,08:16:18,17_T02,39.121718373,10.181035171,0.2,1843.21,65.56,61.755,1.5,38.52,13.42,1842.26,4336750.98,1781525.69
00:15:26.251,18/01/2026,08:16:19,17_T02,39.121718758,10.181036416,0.2,1843.14,65.61,61.872,1.5,38.52,13.42,1842.12,4336751.09,1781525.73
00:15:27.253,18/01/2026,08:16:20,17_T02,39.121719238,10.181037882,0.2,1843.09,65.64,62.010,1.5,38.52,13.42,1842.12,4336751.22,1781525.79
00:15:28.252,18/01/2026,08:16:21,17_T02,39.121720324,10.181040395,0.2,1843.05,65.63,62.258,1.5,38.52,13.42,1842.00,4336751.44,1781525.91
00:15:29.252,18/01/2026,08:16:22,17_T02,39.121721250,10.181042542,0.2,1843.01,65.61,62.471,1.4,38.52,13.42,1842.00,4336751.62,1781526.01
00:15:30.254,18/01/2026,08:16:23,17_T02,39.121721730,10.181043844,0.2,1842.93,65.60,62.596,1.4,38.52,13.42,1841.91,4336751.74,1781526.06
00:15:31.253,18/01/2026,08:16:24,17_T02,39.121722124,10.181044931,0.2,1842.84,65.58,62.700,1.5,38.52,13.42,1841.91,4336751.83,1781526.11
00:15:32.250,18/01/2026,08:16:25,17_T02,39.121722566,10.181046200,0.2,1842.75,65.57,62.820,1.6,38.52,13.42,1841.74,4336751.94,1781526.16
00:15:33.254,18/01/2026,08:16:26,17_T02,39.121723095,10.181047637,0.2,1842.69,65.53,62.958,1.6,38.52,13.42,1841.74,4336752.07,1781526.21
00:15:34.254,18/01/2026,08:16:27,17_T02,39.121724438,10.181049503,0.2,1842.65,65.46,63.167,1.6,38.52,13.42,1841.74,4336752.23,1781526.36
00:15:35.253,18/01/2026,08:16:28,17_T02,39.121725623,10.181051250,0.3,1842.61,65.38,63.359,1.6,38.52,13.42,1841.61,4336752.38,1781526.49
00:15:36.252,18/01/2026,08:16:29,17_T02,39.121726079,10.181052457,0.3,1842.56,65.35,63.476,1.6,38.52,13.42,1841.61,4336752.49,1781526.54
00:15:37.253,18/01/2026,08:16:30,17_T02,39.121726483,10.181053525,0.3,1842.53,65.29,63.579,1.6,38.52,13.42,1841.52,4336752.58,1781526.59
00:15:38.254,18/01/2026,08:16:31,17_T02,39.121726894,10.181054629,0.2,1842.49,65.28,63.685,1.6,38.52,13.42,1841.52,4336752.67,1781526.64
00:15:39.254,18/01/2026,08:16:32,17_T02,39.121728087,10.181056830,0.2,1842.46,65.32,63.914,1.6,38.52,13.42,1841.45,4336752.87,1781526.77
00:15:40.253,18/01/2026,08:16:33,17_T02,39.121729277,10.181059265,0.2,1842.44,65.41,64.161,1.6,38.52,13.42,1841.45,4336753.08,1781526.90
00:15:41.253,18/01/2026,08:16:34,17_T02,39.121729705,10.181060708,0.2,1842.41,65.54,64.294,1.5,38.52,13.42,1841.38,4336753.20,1781526.95
00:15:42.252,18/01/2026,08:16:35,17_T02,39.121730102,10.181062005,0.3,1842.37,65.67,64.415,1.6,38.52,13.42,1841.38,4336753.31,1781526.99
00:15:43.252,18/01/2026,08:16:36,17_T02,39.121730477,10.181063258,0.3,1842.31,65.76,64.532,1.6,38.52,13.42,1841.33,4336753.42,1781527.03
00:15:44.251,18/01/2026,08:16:37,17_T02,39.121730882,10.181064473,0.3,1842.26,65.80,64.647,1.6,38.52,13.42,1841.33,4336753.53,1781527.08
00:15:45.252,18/01/2026,08:16:38,17_T02,39.121731845,10.181067042,0.2,1842.21,65.80,64.894,1.6,38.52,13.42,1841.22,4336753.75,1781527.18
00:15:46.253,18/01/2026,08:16:39,17_T02,39.121732925,10.181069777,0.2,1842.16,65.76,65.160,1.6,38.52,13.42,1841.22,4336753.99,1781527.30
00:15:47.249,18/01/2026,08:16:40,17_T02,39.121733432,10.181071146,0.2,1842.11,65.67,65.291,1.6,38.52,13.42,1841.12,4336754.11,1781527.36
00:15:48.251,18/01/2026,08:16:41,17_T02,39.121733941,10.181072529,0.3,1842.07,65.58,65.424,1.5,38.52,13.42,1841.12,4336754.23,1781527.42
00:15:49.254,18/01/2026,08:16:42,17_T02,39.121734423,10.181073903,0.3,1842.01,65.51,65.555,1.6,38.52,13.42,1841.04,4336754.35,1781527.47
00:15:50.254,18/01/2026,08:16:43,17_T02,39.121734895,10.181075217,0.3,1841.96,65.45,65.681,1.6,38.52,13.42,1841.04,4336754.46,1781527.52
00:15:51.251,18/01/2026,08:16:44,17_T02,39.121735934,10.181076613,0.2,1841.91,65.44,65.839,1.6,38.52,13.43,1840.92,4336754.58,1781527.64
00:15:52.252,18/01/2026,08:16:45,17_T02,39.121736860,10.181078044,0.3,1841.87,65.48,65.994,1.3,38.52,13.43,1840.92,4336754.71,1781527.74
00:15:53.253,18/01/2026,08:16:46,17_T02,39.121737494,10.181079478,0.3,1841.82,65.53,66.136,1.4,38.52,13.43,1840.83,4336754.83,1781527.81
00:15:54.251,18/01/2026,08:16:47,17_T02,39.121738071,10.181080864,0.3,1841.79,65.54,66.273,1.4,38.52,13.43,1840.83,4336754.95,1781527.87
00:15:55.249,18/01/2026,08:16:48,17_T02,39.121738548,10.181082277,0.3,1841.75,65.57,66.406,1.4,38.52,13.43,1840.74,4336755.08,1781527.93
00:15:56.253,18/01/2026,08:16:49,17_T02,39.121739030,10.181083610,0.3,1841.73,65.57,66.534,1.6,38.52,13.43,1840.74,4336755.19,1781527.98
00:15:57.252,18/01/2026,08:16:50,17_T02,39.121738963,10.181084182,0.3,1841.70,65.55,66.576,1.5,38.52,13.43,1840.68,4336755.24,1781527.97
00:15:58.254,18/01/2026,08:16:51,17_T02,39.121738971,10.181084780,0.2,1841.66,65.54,66.624,1.5,38.52,13.43,1840.68,4336755.29,1781527.97
00:15:59.249,18/01/2026,08:16:52,17_T02,39.121739413,10.181086010,0.2,1841.62,65.53,66.742,1.5,38.52,13.44,1840.62,4336755.40,1781528.02
00:16:00.252,18/01/2026,08:16:53,17_T02,39.121739853,10.181087237,0.2,1841.58,65.52,66.859,1.5,38.52,13.44,1840.62,4336755.51,1781528.07
00:16:01.255,18/01/2026,08:16:54,17_T02,39.121740348,10.181088582,0.2,1841.55,65.50,66.988,1.5,38.52,13.43,1840.54,4336755.62,1781528.13
00:16:02.251,18/01/2026,08:16:55,17_T02,39.121740734,10.181091371,0.2,1841.54,65.47,67.227,1.5,38.52,13.43,1840.54,4336755.87,1781528.17
00:16:03.252,18/01/2026,08:16:56,17_T02,39.121741074,10.181093658,0.2,1841.52,65.45,67.424,1.5,38.52,13.44,1840.49,4336756.07,1781528.21
00:16:04.251,18/01/2026,08:16:57,17_T02,39.121741502,10.181094734,0.3,1841.49,65.42,67.529,1.4,38.52,13.44,1840.49,4336756.16,1781528.26
00:16:05.251,18/01/2026,08:16:58,17_T02,39.121741874,10.181095766,0.2,1841.46,65.41,67.627,1.5,38.52,13.43,1840.45,4336756.25,1781528.30
00:16:06.252,18/01/2026,08:16:59,17_T02,39.121742303,10.181096928,0.2,1841.43,65.41,67.739,1.5,38.52,13.43,1840.45,4336756.35,1781528.34
00:16:07.250,18/01/2026,08:17:00,17_T02,39.121742768,10.181098253,0.2,1841.42,65.47,67.865,1.5,38.52,13.43,1840.40,4336756.47,1781528.40
00:16:08.250,18/01/2026,08:17:01,17_T02,39.121743027,10.181100233,0.2,1841.43,65.50,68.034,1.4,38.52,13.43,1840.40,4336756.64,1781528.42
00:16:09.248,18/01/2026,08:17:02,17_T02,39.121743307,10.181101910,0.2,1841.44,65.53,68.180,1.4,38.52,13.42,1840.39,4336756.78,1781528.46
00:16:10.251,18/01/2026,08:17:03,17_T02,39.121743697,10.181103044,0.2,1841.42,65.57,68.288,1.4,38.52,13.42,1840.39,4336756.88,1781528.50
00:16:11.251,18/01/2026,08:17:04,17_T02,39.121744034,10.181104059,0.2,1841.37,65.62,68.383,1.4,38.52,13.42,1840.37,4336756.97,1781528.54
00:16:12.251,18/01/2026,08:17:05,17_T02,39.121744365,10.181105058,0.2,1841.32,65.67,68.478,1.5,38.52,13.42,1840.37,4336757.06,1781528.57
00:16:13.250,18/01/2026,08:17:06,17_T02,39.121744791,10.181106320,0.2,1841.29,65.71,68.597,1.5,38.52,13.42,1840.30,4336757.17,1781528.62
00:16:14.251,18/01/2026,08:17:07,17_T02,39.121745255,10.181107644,0.2,1841.28,65.71,68.723,1.4,38.52,13.42,1840.30,4336757.28,1781528.67
00:16:15.255,18/01/2026,08:17:08,17_T02,39.121745691,10.181108834,0.2,1841.30,65.62,68.837,1.5,38.52,13.42,1840.25,4336757.39,1781528.72
00:16:16.251,18/01/2026,08:17:09,17_T02,39.121746119,10.181109872,0.2,1841.30,65.58,68.939,1.4,38.52,13.42,1840.25,4336757.48,1781528.77
00:16:17.251,18/01/2026,08:17:10,17_T02,39.121746472,10.181110772,0.2,1841.26,65.58,69.027,1.4,38.52,13.42,1840.24,4336757.55,1781528.81
00:16:18.251,18/01/2026,08:17:11,17_T02,39.121746757,10.181111606,0.2,1841.20,65.61,69.106,1.5,38.52,13.42,1840.24,4336757.63,1781528.84
00:16:19.248,18/01/2026,08:17:12,17_T02,39.121747076,10.181112630,0.2,1841.15,65.66,69.201,1.6,38.52,13.43,1840.15,4336757.72,1781528.87
00:16:20.253,18/01/2026,08:17:13,17_T02,39.121747510,10.181113919,0.2,1841.13,65.65,69.323,1.6,38.52,13.43,1840.15,4336757.83,1781528.92
00:16:21.251,18/01/2026,08:17:14,17_T02,39.121748044,10.181115352,0.2,1841.13,65.60,69.461,1.6,38.52,13.43,1840.10,4336757.95,1781528.98
00:16:22.257,18/01/2026,08:17:15,17_T02,39.121748571,10.181116710,0.2,1841.12,65.58,69.593,1.6,38.52,13.43,1840.10,4336758.07,1781529.04
00:16:23.249,18/01/2026,08:17:16,17_T02,39.121748972,10.181117892,0.2,1841.07,65.61,69.705,1.6,38.52,13.42,1840.08,4336758.17,1781529.08
00:16:24.248,18/01/2026,08:17:17,17_T02,39.121749323,10.181118992,0.2,1841.00,65.67,69.808,1.6,38.52,13.42,1840.08,4336758.27,1781529.12
00:16:25.254,18/01/2026,08:17:18,17_T02,39.121750058,10.181119348,0.2,1840.93,65.70,69.869,1.7,38.52,13.43,1839.93,4336758.30,1781529.20
00:16:26.251,18/01/2026,08:17:19,17_T02,39.121750861,10.181120099,0.2,1840.89,65.70,69.965,1.8,38.52,13.43,1839.93,4336758.36,1781529.29
00:16:27.250,18/01/2026,08:17:20,17_T02,39.121751466,10.181121719,0.2,1840.87,65.65,70.121,1.8,38.52,13.44,1839.85,4336758.51,1781529.36
00:16:28.252,18/01/2026,08:17:21,17_T02,39.121752045,10.181123199,0.2,1840.85,65.57,70.265,1.8,38.52,13.44,1839.85,4336758.63,1781529.42
00:16:29.250,18/01/2026,08:17:22,17_T02,39.121752552,10.181124555,0.2,1840.80,65.54,70.395,1.8,38.52,13.43,1839.79,4336758.75,1781529.48
00:16:30.250,18/01/2026,08:17:23,17_T02,39.121753012,10.181125853,0.3,1840.72,65.56,70.519,1.9,38.52,13.43,1839.79,4336758.86,1781529.53
00:16:31.250,18/01/2026,08:17:24,17_T02,39.121751895,10.181125767,0.3,1840.65,65.60,70.462,2.0,38.52,13.43,1839.79,4336758.86,1781529.41
00:16:32.249,18/01/2026,08:17:25,17_T02,39.121751088,10.181126056,0.2,1840.59,65.66,70.448,2.0,38.52,13.43,1839.65,4336758.88,1781529.32
00:16:33.250,18/01/2026,08:17:26,17_T02,39.121751687,10.181127581,0.2,1840.56,65.51,70.597,2.1,38.52,13.43,1839.65,4336759.02,1781529.39
00:16:34.249,18/01/2026,08:17:27,17_T02,39.121752465,10.181128957,0.2,1840.58,64.94,70.741,2.1,38.52,13.43,1839.54,4336759.13,1781529.47
00:16:35.248,18/01/2026,08:17:28,17_T02,39.121753661,10.181129723,0.2,1840.66,63.22,70.856,2.0,38.52,13.43,1839.54,4336759.20,1781529.60
00:16:36.249,18/01/2026,08:17:29,17_T02,39.121755354,10.181129747,0.2,1840.80,60.31,70.934,1.9,38.52,13.42,1839.61,4336759.20,1781529.79
00:16:37.249,18/01/2026,08:17:30,17_T02,39.121756179,10.181128517,0.2,1840.93,57.38,70.874,1.8,38.52,13.42,1839.61,4336759.10,1781529.88
00:16:38.250,18/01/2026,08:17:31,17_T02,39.121757352,10.181127445,0.2,1841.05,53.93,70.841,1.7,38.52,13.42,1839.87,4336759.00,1781530.01
00:16:39.248,18/01/2026,08:17:32,17_T02,39.121759550,10.181127194,0.2,1841.16,50.24,70.921,1.6,38.52,13.42,1839.87,4336758.98,1781530.25
00:16:40.246,18/01/2026,08:17:33,17_T02,39.121761388,10.181126786,0.2,1841.24,47.09,70.971,1.5,38.52,13.42,1840.12,4336758.94,1781530.46
00:16:41.250,18/01/2026,08:17:34,17_T02,39.121762636,10.181126790,0.2,1841.28,45.35,71.028,1.4,38.52,13.42,1840.12,4336758.94,1781530.59
00:16:42.248,18/01/2026,08:17:35,17_T02,39.121763324,10.181127410,0.2,1841.30,44.93,71.108,1.4,38.52,13.42,1840.25,4336759.00,1781530.67
00:16:43.249,18/01/2026,08:17:36,17_T02,39.121763750,10.181128678,0.2,1841.33,45.56,71.228,1.4,38.52,13.42,1840.25,4336759.11,1781530.72
00:16:44.248,18/01/2026,08:17:37,17_T02,39.121764034,10.181130382,0.2,1841.38,46.93,71.376,1.3,38.52,13.42,1840.32,4336759.26,1781530.75
00:16:45.248,18/01/2026,08:17:38,17_T02,39.121764274,10.181132260,0.2,1841.44,48.55,71.536,1.3,38.52,13.42,1840.32,4336759.42,1781530.78
00:16:46.250,18/01/2026,08:17:39,17_T02,39.121764594,10.181133833,0.2,1841.47,49.91,71.675,1.3,38.52,13.42,1840.42,4336759.56,1781530.81
00:16:47.250,18/01/2026,08:17:40,17_T02,39.121765138,10.181135073,0.2,1841.48,50.43,71.798,1.3,38.52,13.42,1840.42,4336759.66,1781530.87
00:16:48.251,18/01/2026,08:17:41,17_T02,39.121766991,10.181136383,0.3,1841.47,49.43,71.986,1.3,38.53,13.42,1840.47,4336759.78,1781531.08
00:16:49.248,18/01/2026,08:17:42,17_T02,39.121769056,10.181137616,0.3,1841.47,47.99,72.177,1.4,38.53,13.42,1840.47,4336759.88,1781531.30
00:16:50.249,18/01/2026,08:17:43,17_T02,39.121770614,10.181138113,0.3,1841.48,46.27,72.287,1.3,38.52,13.43,1840.45,4336759.93,1781531.48
00:16:51.249,18/01/2026,08:17:44,17_T02,39.121772477,10.181138534,0.3,1841.51,44.19,72.404,1.3,38.52,13.43,1840.45,4336759.96,1781531.68
00:16:52.253,18/01/2026,08:17:45,17_T02,39.121774197,10.181138758,0.3,1841.52,42.18,72.500,1.4,38.52,13.43,1840.49,4336759.98,1781531.87
00:16:53.248,18/01/2026,08:17:46,17_T02,39.121775616,10.181139305,0.3,1841.51,41.06,72.607,1.4,38.52,13.43,1840.49,4336760.03,1781532.03
00:16:54.245,18/01/2026,08:17:47,17_T02,39.121778457,10.181141065,0.3,1841.47,39.86,72.875,1.4,38.52,13.43,1840.49,4336760.18,1781532.34
00:16:55.244,18/01/2026,08:17:48,17_T02,39.121780878,10.181142662,0.3,1841.44,38.99,73.111,1.5,38.52,13.43,1840.49,4336760.32,1781532.61
00:16:56.255,18/01/2026,08:17:49,17_T02,39.121782175,10.181143903,0.3,1841.43,38.82,73.268,1.5,38.52,13.43,1840.44,4336760.43,1781532.75
00:16:57.256,18/01/2026,08:17:50,17_T02,39.121783253,10.181145213,0.3,1841.43,39.05,73.421,1.5,38.52,13.43,1840.44,4336760.54,1781532.87
00:16:58.252,18/01/2026,08:17:51,17_T02,39.121784307,10.181146596,0.3,1841.42,39.58,73.578,1.5,38.52,13.44,1840.41,4336760.66,1781532.99
00:16:59.252,18/01/2026,08:17:52,17_T02,39.121785291,10.181147853,0.3,1841.39,40.13,73.722,1.5,38.52,13.44,1840.41,4336760.77,1781533.10
00:17:00.249,18/01/2026,08:17:53,17_T02,39.121786158,10.181151140,0.3,1841.34,40.60,74.022,1.6,38.52,13.44,1840.38,4336761.06,1781533.19
00:17:01.248,18/01/2026,08:17:54,17_T02,39.121787204,10.181154567,0.3,1841.29,40.86,74.342,1.6,38.52,13.44,1840.38,4336761.35,1781533.31
00:17:02.245,18/01/2026,08:17:55,17_T02,39.121788212,10.181155676,0.3,1841.26,40.94,74.475,1.6,38.52,13.44,1840.28,4336761.45,1781533.42
00:17:03.254,18/01/2026,08:17:56,17_T02,39.121789567,10.181156883,0.3,1841.23,40.83,74.632,1.7,38.52,13.44,1840.28,4336761.56,1781533.57
00:17:04.252,18/01/2026,08:17:57,17_T02,39.121790832,10.181157921,0.3,1841.21,40.62,74.772,1.7,38.52,13.43,1840.24,4336761.65,1781533.71
00:17:05.248,18/01/2026,08:17:58,17_T02,39.121790959,10.181159682,0.3,1841.16,40.39,74.917,1.7,38.52,13.43,1840.24,4336761.80,1781533.73
00:17:06.245,18/01/2026,08:17:59,17_T02,39.121791179,10.181161380,0.3,1841.11,40.21,75.062,1.8,38.52,13.43,1840.16,4336761.95,1781533.75
00:17:07.252,18/01/2026,08:18:00,17_T02,39.121792348,10.181162486,0.3,1841.05,40.10,75.203,1.9,38.52,13.43,1840.16,4336762.04,1781533.88
00:17:08.248,18/01/2026,08:18:01,17_T02,39.121793556,10.181163659,0.3,1841.01,40.09,75.350,1.9,38.52,13.43,1840.03,4336762.14,1781534.01
00:17:09.247,18/01/2026,08:18:02,17_T02,39.121794732,10.181164804,0.3,1841.01,40.11,75.494,2.1,38.52,13.43,1840.03,4336762.24,1781534.14
00:17:10.256,18/01/2026,08:18:03,17_T02,39.121795879,10.181165833,0.3,1841.04,40.08,75.628,2.0,38.52,13.43,1840.01,4336762.33,1781534.27
00:17:11.246,18/01/2026,08:18:04,17_T02,39.121796494,10.181164531,0.3,1841.06,39.97,75.552,2.0,38.52,13.43,1840.01,4336762.22,1781534.34
00:17:12.254,18/01/2026,08:18:05,17_T02,39.121797168,10.181163414,0.3,1841.10,39.93,75.494,2.0,38.52,13.43,1840.09,4336762.12,1781534.41
00:17:13.249,18/01/2026,08:18:06,17_T02,39.121798281,10.181164584,0.3,1841.13,40.01,75.637,2.1,38.52,13.43,1840.09,4336762.22,1781534.54
00:17:14.252,18/01/2026,08:18:07,17_T02,39.121799291,10.181165781,0.3,1841.16,40.16,75.777,2.1,38.52,13.42,1840.16,4336762.33,1781534.65
00:17:15.249,18/01/2026,08:18:08,17_T02,39.121800194,10.181166865,0.3,1841.19,40.38,75.904,2.0,38.52,13.42,1840.16,4336762.42,1781534.75
00:17:16.241,18/01/2026,08:18:09,17_T02,39.121801021,10.181167683,0.3,1841.22,40.58,76.006,2.2,38.52,13.43,1840.20,4336762.49,1781534.84
00:17:17.250,18/01/2026,08:18:10,17_T02,39.121802251,10.181168709,0.3,1841.24,40.69,76.143,2.2,38.52,13.43,1840.20,4336762.58,1781534.97
00:17:18.242,18/01/2026,08:18:11,17_T02,39.121803418,10.181169537,0.3,1841.25,40.69,76.262,2.2,38.52,13.42,1840.26,4336762.65,1781535.10
00:17:19.250,18/01/2026,08:18:12,17_T02,39.121804263,10.181170136,0.2,1841.27,40.69,76.347,2.2,38.52,13.42,1840.26,4336762.71,1781535.20
00:17:20.245,18/01/2026,08:18:13,17_T02,39.121805134,10.181170966,0.2,1841.30,40.66,76.453,2.2,38.52,13.42,1840.30,4336762.78,1781535.29
00:17:21.251,18/01/2026,08:18:14,17_T02,39.121806066,10.181171806,0.2,1841.35,40.59,76.561,2.3,38.52,13.42,1840.30,4336762.85,1781535.40
00:17:22.250,18/01/2026,08:18:15,17_T02,39.121806975,10.181172239,0.2,1841.40,40.47,76.637,2.3,38.52,13.42,1840.38,4336762.89,1781535.50
00:17:23.246,18/01/2026,08:18:16,17_T02,39.121807533,10.181173422,0.2,1841.38,40.35,76.756,2.3,38.52,13.42,1840.38,4336762.99,1781535.56
00:17:24.252,18/01/2026,08:18:17,17_T02,39.121807995,10.181174369,0.2,1841.32,40.25,76.852,2.3,38.52,13.42,1840.37,4336763.07,1781535.61
00:17:25.242,18/01/2026,08:18:18,17_T02,39.121808505,10.181174598,0.2,1841.25,40.28,76.893,2.3,38.52,13.42,1840.37,4336763.09,1781535.67
00:17:26.247,18/01/2026,08:18:19,17_T02,39.121809167,10.181175278,0.2,1841.23,40.38,76.977,2.3,38.52,13.42,1840.37,4336763.15,1781535.74
00:17:27.243,18/01/2026,08:18:20,17_T02,39.121810211,10.181176115,0.2,1841.24,40.39,77.091,2.4,38.52,13.42,1840.23,4336763.22,1781535.85
00:17:28.248,18/01/2026,08:18:21,17_T02,39.121810364,10.181178013,0.2,1841.27,40.36,77.248,2.4,38.52,13.42,1840.23,4336763.39,1781535.87
00:17:29.241,18/01/2026,08:18:22,17_T02,39.121810430,10.181179655,0.2,1841.26,40.36,77.382,2.4,38.52,13.42,1840.27,4336763.53,1781535.88
00:17:30.250,18/01/2026,08:18:23,17_T02,39.121811149,10.181180038,0.2,1841.20,40.37,77.444,2.5,38.52,13.42,1840.27,4336763.57,1781535.96
00:17:31.248,18/01/2026,08:18:24,17_T02,39.121811760,10.181180460,0.2,1841.13,40.39,77.505,2.5,38.52,13.42,1840.26,4336763.60,1781536.03
00:17:32.241,18/01/2026,08:18:25,17_T02,39.121812526,10.181181034,0.2,1841.08,40.40,77.586,2.6,38.52,13.42,1840.26,4336763.65,1781536.11
00:17:33.252,18/01/2026,08:18:26,17_T02,39.121813617,10.181181773,0.2,1841.07,40.33,77.693,2.6,38.52,13.42,1840.11,4336763.72,1781536.23
00:17:34.243,18/01/2026,08:18:27,17_T02,39.121814316,10.181181600,0.2,1841.09,40.34,77.711,2.7,38.52,13.42,1840.11,4336763.70,1781536.31
00:17:35.253,18/01/2026,08:18:28,17_T02,39.121814820,10.181181337,0.2,1841.09,40.44,77.713,2.7,38.52,13.42,1840.11,4336763.68,1781536.36
00:17:36.251,18/01/2026,08:18:29,17_T02,39.121815547,10.181181640,0.2,1841.02,40.50,77.770,2.7,38.52,13.42,1840.11,4336763.70,1781536.44
00:17:37.250,18/01/2026,08:18:30,17_T02,39.121816138,10.181181690,0.2,1840.95,40.40,77.801,2.8,38.52,13.42,1840.06,4336763.71,1781536.51
00:17:38.247,18/01/2026,08:18:31,17_T02,39.121816762,10.181181961,0.2,1840.90,40.33,77.850,2.8,38.52,13.42,1840.06,4336763.73,1781536.58
00:17:39.255,18/01/2026,08:18:32,17_T02,39.121817785,10.181182695,0.2,1840.89,40.24,77.955,2.9,38.52,13.42,1839.94,4336763.79,1781536.69
00:17:40.249,18/01/2026,08:18:33,17_T02,39.121819800,10.181181883,0.2,1840.91,40.17,77.981,2.9,38.52,13.42,1839.94,4336763.72,1781536.91
00:17:41.247,18/01/2026,08:18:34,17_T02,39.121821488,10.181181131,0.2,1840.94,40.14,77.998,2.9,38.52,13.42,1839.93,4336763.66,1781537.10
00:17:42.255,18/01/2026,08:18:35,17_T02,39.121822380,10.181181685,0.2,1840.93,40.20,78.082,2.9,38.52,13.42,1839.93,4336763.71,1781537.20
00:17:43.250,18/01/2026,08:18:36,17_T02,39.121823143,10.181182093,0.2,1840.90,40.19,78.149,2.9,38.52,13.43,1839.95,4336763.74,1781537.28
00:17:44.246,18/01/2026,08:18:37,17_T02,39.121823937,10.181182568,0.2,1840.88,40.16,78.222,2.9,38.52,13.43,1839.95,4336763.78,1781537.37
00:17:45.244,18/01/2026,08:18:38,17_T02,39.121824853,10.181183233,0.2,1840.87,40.16,78.316,2.9,38.52,13.43,1839.91,4336763.84,1781537.47
00:17:46.255,18/01/2026,08:18:39,17_T02,39.121825649,10.181183285,0.2,1840.87,40.18,78.356,2.9,38.52,13.43,1839.91,4336763.84,1781537.56
00:17:47.253,18/01/2026,08:18:40,17_T02,39.121826427,10.181183423,0.2,1840.88,40.22,78.402,2.9,38.52,13.44,1839.92,4336763.86,1781537.64
00:17:48.253,18/01/2026,08:18:41,17_T02,39.121827315,10.181184082,0.2,1840.90,40.20,78.495,2.9,38.52,13.44,1839.92,4336763.91,1781537.74
00:17:49.249,18/01/2026,08:18:42,17_T02,39.121828087,10.181184537,0.2,1840.94,40.13,78.566,2.8,38.52,13.43,1839.92,4336763.95,1781537.83
00:17:50.245,18/01/2026,08:18:43,17_T02,39.121828865,10.181184828,0.2,1840.97,40.00,78.624,2.8,38.52,13.43,1839.92,4336763.98,1781537.91
00:17:51.254,18/01/2026,08:18:44,17_T02,39.121830674,10.181187047,0.2,1841.01,39.91,78.882,2.8,38.52,13.43,1839.99,4336764.17,1781538.11
00:17:52.253,18/01/2026,08:18:45,17_T02,39.121832272,10.181189242,0.2,1841.08,39.88,79.128,2.7,38.52,13.43,1839.99,4336764.36,1781538.29
00:17:53.249,18/01/2026,08:18:46,17_T02,39.121833117,10.181190023,0.2,1841.17,39.89,79.228,2.6,38.52,13.43,1840.13,4336764.43,1781538.38
00:17:54.243,18/01/2026,08:18:47,17_T02,39.121834026,10.181190687,0.2,1841.26,39.84,79.322,2.5,38.52,13.43,1840.13,4336764.49,1781538.48
00:17:55.257,18/01/2026,08:18:48,17_T02,39.121834897,10.181191254,0.2,1841.34,39.80,79.406,2.4,38.52,13.43,1840.30,4336764.54,1781538.58
00:17:56.247,18/01/2026,08:18:49,17_T02,39.121835751,10.181191923,0.2,1841.41,39.83,79.498,2.3,38.52,13.43,1840.30,4336764.59,1781538.68
00:17:57.244,18/01/2026,08:18:50,17_T02,39.121836840,10.181192980,0.2,1841.46,39.95,79.631,2.3,38.52,13.43,1840.46,4336764.68,1781538.80
00:17:58.250,18/01/2026,08:18:51,17_T02,39.121837795,10.181193977,0.2,1841.50,40.13,79.753,2.2,38.52,13.43,1840.46,4336764.77,1781538.90
00:17:59.253,18/01/2026,08:18:52,17_T02,39.121838653,10.181194851,0.2,1841.53,40.28,79.861,2.2,38.52,13.42,1840.55,4336764.85,1781539.00
00:18:00.257,18/01/2026,08:18:53,17_T02,39.121839618,10.181195742,0.2,1841.56,40.38,79.976,2.1,38.52,13.42,1840.55,4336764.92,1781539.10
00:18:01.245,18/01/2026,08:18:54,17_T02,39.121840541,10.181196591,0.2,1841.59,40.43,80.085,2.1,38.52,13.42,1840.60,4336765.00,1781539.20
00:18:02.252,18/01/2026,08:18:55,17_T02,39.121841437,10.181197400,0.2,1841.61,40.43,80.189,2.0,38.52,13.42,1840.60,4336765.07,1781539.30
00:18:03.246,18/01/2026,08:18:56,17_T02,39.121842630,10.181200291,0.2,1841.62,40.31,80.473,2.0,38.52,13.42,1840.66,4336765.32,1781539.44
00:18:04.242,18/01/2026,08:18:57,17_T02,39.121843735,10.181202624,0.3,1841.62,40.13,80.708,2.0,38.52,13.42,1840.66,4336765.52,1781539.56
00:18:05.248,18/01/2026,08:18:58,17_T02,39.121844650,10.181203316,0.3,1841.62,40.03,80.804,2.0,38.52,13.42,1840.66,4336765.58,1781539.66
00:18:06.248,18/01/2026,08:18:59,17_T02,39.121845677,10.181204247,0.3,1841.63,39.98,80.924,2.0,38.52,13.42,1840.66,4336765.66,1781539.77
00:18:07.241,18/01/2026,08:19:00,17_T02,39.121846692,10.181205297,0.3,1841.65,40.01,81.053,1.9,38.52,13.42,1840.66,4336765.75,1781539.89
00:18:08.249,18/01/2026,08:19:01,17_T02,39.121847559,10.181206142,0.3,1841.68,40.11,81.160,1.9,38.52,13.42,1840.66,4336765.83,1781539.98
00:18:09.244,18/01/2026,08:19:02,17_T02,39.121847271,10.181205959,0.2,1841.65,40.17,81.132,1.9,38.52,13.42,1840.69,4336765.81,1781539.95
00:18:10.252,18/01/2026,08:19:03,17_T02,39.121847016,10.181205735,0.2,1841.60,40.17,81.103,1.9,38.52,13.42,1840.69,4336765.79,1781539.92
00:18:11.245,18/01/2026,08:19:04,17_T02,39.121847711,10.181206319,0.2,1841.56,40.12,81.181,1.9,38.52,13.42,1840.62,4336765.84,1781540.00
00:18:12.255,18/01/2026,08:19:05,17_T02,39.121848705,10.181207283,0.2,1841.55,40.07,81.302,1.9,38.52,13.42,1840.62,4336765.93,1781540.11
00:18:13.248,18/01/2026,08:19:06,17_T02,39.121849801,10.181208262,0.2,1841.58,39.99,81.429,1.9,38.52,13.42,1840.59,4336766.01,1781540.23
00:18:14.245,18/01/2026,08:19:07,17_T02,39.121851698,10.181209736,0.2,1841.61,39.92,81.632,1.8,38.52,13.42,1840.59,4336766.14,1781540.44
00:18:15.242,18/01/2026,08:19:08,17_T02,39.121853645,10.181211149,0.3,1841.59,39.88,81.832,1.8,38.52,13.42,1840.64,4336766.26,1781540.65
00:18:16.252,18/01/2026,08:19:09,17_T02,39.121854413,10.181211731,0.3,1841.52,39.86,81.913,1.8,38.52,13.42,1840.64,4336766.31,1781540.74
00:18:17.251,18/01/2026,08:19:10,17_T02,39.121855101,10.181212408,0.3,1841.45,39.88,81.997,1.9,38.52,13.42,1840.53,4336766.37,1781540.81
00:18:18.250,18/01/2026,08:19:11,17_T02,39.121855981,10.181213353,0.2,1841.41,39.91,82.112,1.9,38.52,13.42,1840.53,4336766.45,1781540.91
00:18:19.247,18/01/2026,08:19:12,17_T02,39.121857106,10.181214437,0.2,1841.40,39.92,82.249,1.9,38.52,13.42,1840.43,4336766.55,1781541.04
00:18:20.245,18/01/2026,08:19:13,17_T02,39.121857959,10.181215955,0.2,1841.40,40.84,82.408,1.9,38.52,13.42,1840.43,4336766.68,1781541.13
00:18:21.255,18/01/2026,08:19:14,17_T02,39.121857769,10.181218469,0.3,1841.38,44.20,82.599,1.8,38.52,13.42,1840.42,4336766.90,1781541.11
00:18:22.254,18/01/2026,08:19:15,17_T02,39.121856689,10.181221354,0.3,1841.32,49.03,82.780,1.9,38.52,13.42,1840.42,4336767.15,1781540.99
00:18:23.247,18/01/2026,08:19:16,17_T02,39.121855094,10.181224291,0.3,1841.24,54.46,82.941,1.9,38.52,13.42,1840.42,4336767.40,1781540.82
00:18:24.249,18/01/2026,08:19:17,17_T02,39.121853675,10.181226914,0.3,1841.18,59.45,83.085,1.9,38.52,13.43,1840.30,4336767.63,1781540.66
00:18:25.247,18/01/2026,08:19:18,17_T02,39.121852846,10.181229131,0.3,1841.14,63.04,83.224,1.9,38.52,13.43,1840.30,4336767.83,1781540.57
00:18:26.247,18/01/2026,08:19:19,17_T02,39.121852563,10.181228777,0.3,1841.12,65.34,83.183,1.9,38.52,13.43,1840.19,4336767.80,1781540.54
00:18:27.244,18/01/2026,08:19:20,17_T02,39.121852495,10.181228598,0.3,1841.09,67.03,83.166,1.8,38.52,13.43,1840.19,4336767.78,1781540.53
00:18:28.255,18/01/2026,08:19:21,17_T02,39.121852626,10.181230077,0.3,1841.04,68.03,83.289,1.9,38.53,13.43,1840.14,4336767.91,1781540.55
00:18:29.247,18/01/2026,08:19:22,17_T02,39.121853169,10.181231351,0.3,1840.97,68.19,83.415,1.9,38.53,13.43,1840.14,4336768.02,1781540.61
00:18:30.256,18/01/2026,08:19:23,17_T02,39.121854046,10.181232545,0.3,1840.91,67.61,83.549,1.9,38.52,13.45,1840.02,4336768.12,1781540.70
00:18:31.261,18/01/2026,08:19:24,17_T02,39.121855080,10.181233737,0.3,1840.86,66.71,83.690,1.9,38.52,13.45,1840.02,4336768.23,1781540.82
00:18:32.244,18/01/2026,08:19:25,17_T02,39.121857034,10.181236407,0.3,1840.82,65.83,83.990,2.0,38.51,13.44,1839.91,4336768.46,1781541.03
00:18:33.250,18/01/2026,08:19:26,17_T02,39.121858791,10.181238931,0.3,1840.78,65.05,84.270,2.0,38.51,13.44,1839.91,4336768.68,1781541.23
00:18:34.247,18/01/2026,08:19:27,17_T02,39.121859637,10.181240273,0.3,1840.75,64.59,84.415,2.0,38.52,13.42,1839.82,4336768.79,1781541.32
00:18:35.256,18/01/2026,08:19:28,17_T02,39.121860338,10.181241699,0.3,1840.74,64.45,84.560,2.0,38.52,13.42,1839.82,4336768.92,1781541.40
00:18:36.255,18/01/2026,08:19:29,17_T02,39.121860866,10.181243157,0.3,1840.74,64.57,84.699,1.9,38.52,13.42,1839.78,4336769.04,1781541.46
00:18:37.250,18/01/2026,08:19:30,17_T02,39.121861267,10.181244662,0.3,1840.73,64.91,84.837,1.9,38.52,13.42,1839.78,4336769.18,1781541.50
00:18:38.241,18/01/2026,08:19:31,17_T02,39.121861667,10.181246235,0.3,1840.71,65.33,84.980,1.9,38.52,13.43,1839.76,4336769.31,1781541.55
00:18:39.244,18/01/2026,08:19:32,17_T02,39.121862104,10.181247751,0.3,1840.69,65.65,85.120,1.9,38.52,13.43,1839.76,4336769.44,1781541.59
00:18:40.250,18/01/2026,08:19:33,17_T02,39.121862626,10.181249234,0.3,1840.69,65.74,85.261,1.8,38.52,13.42,1839.72,4336769.57,1781541.65
00:18:41.241,18/01/2026,08:19:34,17_T02,39.121863169,10.181250636,0.3,1840.69,65.69,85.397,1.8,38.52,13.42,1839.72,4336769.70,1781541.71
00:18:42.246,18/01/2026,08:19:35,17_T02,39.121863835,10.181252231,0.3,1840.68,65.54,85.554,1.7,38.52,13.42,1839.72,4336769.83,1781541.79
00:18:43.253,18/01/2026,08:19:36,17_T02,39.121864461,10.181253674,0.3,1840.67,65.35,85.697,1.7,38.52,13.42,1839.72,4336769.96,1781541.86
00:18:44.246,18/01/2026,08:19:37,17_T02,39.121864690,10.181255535,0.3,1840.64,65.15,85.855,1.7,38.52,13.42,1839.70,4336770.12,1781541.88
00:18:45.241,18/01/2026,08:19:38,17_T02,39.121864885,10.181257222,0.3,1840.61,64.95,85.998,1.7,38.52,13.42,1839.70,4336770.27,1781541.90
00:18:46.251,18/01/2026,08:19:39,17_T02,39.121865391,10.181258571,0.3,1840.58,64.88,86.127,1.7,38.52,13.42,1839.64,4336770.38,1781541.96
00:18:47.241,18/01/2026,08:19:40,17_T02,39.121866047,10.181260026,0.3,1840.56,64.65,86.273,1.7,38.52,13.42,1839.64,4336770.51,1781542.03
00:18:48.255,18/01/2026,08:19:41,17_T02,39.121867215,10.181261414,0.3,1840.54,63.53,86.435,1.6,38.52,13.42,1839.57,4336770.63,1781542.16
00:18:49.252,18/01/2026,08:19:42,17_T02,39.121869968,10.181263259,0.3,1840.54,61.74,86.706,1.6,38.52,13.42,1839.57,4336770.79,1781542.47
00:18:50.244,18/01/2026,08:19:43,17_T02,39.121872543,10.181264568,0.3,1840.52,59.47,86.926,1.6,38.52,13.42,1839.56,4336770.90,1781542.75
00:18:51.253,18/01/2026,08:19:44,17_T02,39.121873574,10.181265558,0.3,1840.47,58.25,87.051,1.6,38.52,13.42,1839.56,4336770.99,1781542.86
00:18:52.248,18/01/2026,08:19:45,17_T02,39.121874794,10.181266053,0.3,1840.41,56.32,87.146,1.6,38.52,13.42,1839.50,4336771.03,1781543.00
00:18:53.244,18/01/2026,08:19:46,17_T02,39.121876547,10.181266153,0.3,1840.34,53.45,87.233,1.7,38.52,13.42,1839.50,4336771.04,1781543.19
00:18:54.252,18/01/2026,08:19:47,17_T02,39.121877908,10.181266757,0.3,1840.30,51.53,87.342,1.7,38.52,13.42,1839.36,4336771.09,1781543.34
00:18:55.248,18/01/2026,08:19:48,17_T02,39.121877571,10.181269227,0.3,1840.28,50.93,87.523,1.7,38.52,13.42,1839.36,4336771.31,1781543.31
00:18:56.254,18/01/2026,08:19:49,17_T02,39.121877105,10.181271531,0.3,1840.26,50.97,87.685,1.6,38.52,13.42,1839.29,4336771.51,1781543.26
00:18:57.248,18/01/2026,08:19:50,17_T02,39.121877523,10.181272743,0.3,1840.24,51.37,87.800,1.6,38.52,13.42,1839.29,4336771.62,1781543.30
00:18:58.249,18/01/2026,08:19:51,17_T02,39.121877760,10.181274078,0.2,1840.19,52.16,87.917,1.6,38.52,13.42,1839.25,4336771.73,1781543.33
00:18:59.249,18/01/2026,08:19:52,17_T02,39.121877887,10.181275450,0.2,1840.13,53.03,88.031,1.7,38.52,13.42,1839.25,4336771.85,1781543.34
00:19:00.243,18/01/2026,08:19:53,17_T02,39.121878129,10.181276844,0.2,1840.07,53.76,88.153,1.7,38.52,13.42,1839.13,4336771.97,1781543.37
00:19:01.254,18/01/2026,08:19:54,17_T02,39.121878890,10.181275915,0.2,1840.03,54.26,88.114,1.7,38.52,13.42,1839.13,4336771.89,1781543.45
00:19:02.256,18/01/2026,08:19:55,17_T02,39.121879785,10.181275203,0.2,1839.98,54.49,88.097,1.7,38.52,13.42,1839.03,4336771.83,1781543.55
00:19:03.248,18/01/2026,08:19:56,17_T02,39.121880493,10.181276459,0.2,1839.94,54.44,88.229,1.7,38.52,13.42,1839.03,4336771.94,1781543.63
00:19:04.244,18/01/2026,08:19:57,17_T02,39.121881122,10.181277461,0.2,1839.88,54.23,88.337,1.8,38.52,13.43,1838.92,4336772.02,1781543.70
00:19:05.241,18/01/2026,08:19:58,17_T02,39.121881815,10.181278463,0.2,1839.81,53.94,88.448,1.8,38.52,13.43,1838.92,4336772.11,1781543.78
00:19:06.250,18/01/2026,08:19:59,17_T02,39.121882498,10.181279413,0.2,1839.74,53.66,88.554,1.8,38.52,13.44,1838.81,4336772.19,1781543.85
00:19:07.251,18/01/2026,08:20:00,17_T02,39.121882722,10.181280657,0.2,1839.69,53.40,88.663,1.9,38.52,13.44,1838.81,4336772.30,1781543.88
00:19:08.255,18/01/2026,08:20:01,17_T02,39.121883019,10.181281972,0.2,1839.63,53.21,88.781,1.9,38.52,13.43,1838.69,4336772.42,1781543.91
00:19:09.248,18/01/2026,08:20:02,17_T02,39.121883706,10.181283202,0.2,1839.58,53.15,88.910,1.9,38.52,13.43,1838.69,4336772.52,1781543.99
00:19:10.252,18/01/2026,08:20:03,17_T02,39.121884290,10.181284410,0.2,1839.52,53.24,89.032,2.0,38.52,13.43,1838.57,4336772.63,1781544.05
00:19:11.241,18/01/2026,08:20:04,17_T02,39.121884806,10.181285558,0.2,1839.45,53.38,89.146,2.0,38.52,13.43,1838.57,4336772.73,1781544.11
00:19:12.248,18/01/2026,08:20:05,17_T02,39.121884089,10.181286884,0.2,1839.38,53.53,89.219,2.1,38.52,13.44,1838.43,4336772.84,1781544.03
00:19:13.241,18/01/2026,08:20:06,17_T02,39.121883483,10.181288229,0.2,1839.32,53.68,89.299,2.1,38.52,13.44,1838.43,4336772.96,1781543.96
00:19:14.245,18/01/2026,08:20:07,17_T02,39.121884105,10.181289517,0.2,1839.26,53.81,89.429,2.2,38.52,13.44,1838.30,4336773.07,1781544.03
00:19:15.241,18/01/2026,08:20:08,17_T02,39.121884748,10.181290800,0.2,1839.20,53.90,89.560,2.2,38.52,13.44,1838.30,4336773.18,1781544.10
00:19:16.249,18/01/2026,08:20:09,17_T02,39.121885376,10.181291983,0.2,1839.13,53.93,89.682,2.3,38.52,13.44,1838.17,4336773.29,1781544.17
00:19:17.242,18/01/2026,08:20:10,17_T02,39.121885981,10.181292979,0.2,1839.06,53.89,89.789,2.3,38.52,13.44,1838.17,4336773.37,1781544.24
00:19:18.251,18/01/2026,08:20:11,17_T02,39.121885870,10.181292503,0.2,1838.98,53.77,89.746,2.4,38.52,13.43,1838.01,4336773.33,1781544.23
00:19:19.247,18/01/2026,08:20:12,17_T02,39.121885806,10.181292043,0.2,1838.91,53.60,89.706,2.5,38.52,13.43,1838.01,4336773.29,1781544.22
00:19:20.243,18/01/2026,08:20:13,17_T02,39.121886462,10.181293055,0.2,1838.86,53.47,89.816,2.5,38.52,13.43,1838.01,4336773.38,1781544.29
00:19:21.254,18/01/2026,08:20:14,17_T02,39.121887176,10.181294238,0.2,1838.82,53.40,89.942,2.5,38.52,13.43,1837.88,4336773.48,1781544.37
00:19:22.249,18/01/2026,08:20:15,17_T02,39.121887873,10.181295373,0.2,1838.78,53.38,90.064,2.6,38.52,13.43,1837.88,4336773.58,1781544.45
00:19:23.245,18/01/2026,08:20:16,17_T02,39.121888540,10.181296550,0.2,1838.74,53.40,90.188,2.6,38.52,13.43,1837.78,4336773.68,1781544.52
00:19:24.253,18/01/2026,08:20:17,17_T02,39.121890156,10.181298571,0.2,1838.68,53.47,90.421,2.6,38.52,13.43,1837.78,4336773.86,1781544.70
00:19:25.253,18/01/2026,08:20:18,17_T02,39.121891707,10.181300547,0.3,1838.62,53.55,90.648,2.7,38.52,13.43,1837.71,4336774.03,1781544.87
00:19:26.248,18/01/2026,08:20:19,17_T02,39.121892294,10.181301639,0.2,1838.57,53.63,90.761,2.8,38.52,13.43,1837.71,4336774.13,1781544.94
00:19:27.245,18/01/2026,08:20:20,17_T02,39.121892888,10.181302791,0.2,1838.52,53.69,90.879,2.8,38.52,13.43,1837.58,4336774.23,1781545.00
00:19:28.243,18/01/2026,08:20:21,17_T02,39.121893494,10.181303946,0.2,1838.46,53.74,90.998,2.8,38.52,13.43,1837.58,4336774.33,1781545.07
00:19:29.241,18/01/2026,08:20:22,17_T02,39.121894124,10.181305082,0.2,1838.39,53.74,91.117,2.9,38.52,13.43,1837.48,4336774.42,1781545.14
00:19:30.243,18/01/2026,08:20:23,17_T02,39.121894256,10.181305040,0.2,1838.32,53.69,91.120,2.9,38.52,13.43,1837.48,4336774.42,1781545.15
00:19:31.252,18/01/2026,08:20:24,17_T02,39.121894418,10.181305083,0.2,1838.25,53.60,91.130,3.0,38.52,13.43,1837.33,4336774.42,1781545.17
00:19:32.248,18/01/2026,08:20:25,17_T02,39.121895087,10.181306186,0.2,1838.19,53.52,91.248,3.0,38.52,13.43,1837.33,4336774.52,1781545.25
00:19:33.248,18/01/2026,08:20:26,17_T02,39.121895752,10.181307291,0.2,1838.14,53.47,91.366,3.1,38.52,13.43,1837.18,4336774.62,1781545.32
00:19:34.243,18/01/2026,08:20:27,17_T02,39.121896412,10.181308417,0.2,1838.10,53.42,91.485,3.1,38.52,13.43,1837.18,4336774.71,1781545.39
00:19:35.253,18/01/2026,08:20:28,17_T02,39.121897210,10.181310734,0.2,1838.05,53.46,91.705,3.1,38.52,13.43,1837.10,4336774.92,1781545.48
00:19:36.248,18/01/2026,08:20:29,17_T02,39.121897912,10.181312779,0.2,1837.99,53.51,91.899,3.2,38.52,13.43,1837.10,4336775.09,1781545.56
00:19:37.244,18/01/2026,08:20:30,17_T02,39.121898489,10.181313882,0.2,1837.95,53.55,92.013,3.2,38.52,13.43,1836.99,4336775.19,1781545.62
00:19:38.253,18/01/2026,08:20:31,17_T02,39.121899088,10.181315000,0.2,1837.92,53.55,92.129,3.3,38.52,13.43,1836.99,4336775.29,1781545.69
00:19:39.250,18/01/2026,08:20:32,17_T02,39.121899728,10.181316079,0.2,1837.92,53.51,92.243,3.2,38.52,13.43,1836.91,4336775.38,1781545.76
00:19:40.250,18/01/2026,08:20:33,17_T02,39.121900376,10.181317143,0.2,1837.91,53.48,92.357,3.2,38.52,13.43,1836.91,4336775.47,1781545.83
00:19:41.240,18/01/2026,08:20:34,17_T02,39.121900697,10.181317353,0.2,1837.92,53.36,92.388,3.2,38.53,13.42,1836.89,4336775.49,1781545.87
00:19:42.255,18/01/2026,08:20:35,17_T02,39.121901032,10.181317621,0.2,1837.92,53.24,92.424,3.2,38.53,13.42,1836.89,4336775.51,1781545.90
00:19:43.249,18/01/2026,08:20:36,17_T02,39.121901559,10.181318474,0.2,1837.97,53.13,92.516,3.2,38.52,13.42,1836.91,4336775.59,1781545.96
00:19:44.243,18/01/2026,08:20:37,17_T02,39.121902118,10.181319345,0.2,1838.06,52.95,92.610,3.1,38.52,13.42,1836.91,4336775.66,1781546.02
00:19:45.255,18/01/2026,08:20:38,17_T02,39.121902696,10.181320345,0.2,1838.15,52.91,92.716,3.0,38.52,13.42,1837.06,4336775.75,1781546.09
00:19:46.248,18/01/2026,08:20:39,17_T02,39.121903106,10.181320973,0.2,1838.30,52.74,92.784,2.8,38.52,13.42,1837.06,4336775.81,1781546.13
00:19:47.259,18/01/2026,08:20:40,17_T02,39.121903338,10.181321479,0.2,1838.43,52.70,92.835,2.7,38.52,13.42,1837.31,4336775.85,1781546.16
00:19:48.255,18/01/2026,08:20:41,17_T02,39.121903504,10.181321879,0.1,1838.58,52.70,92.874,2.6,38.52,13.42,1837.31,4336775.88,1781546.18
00:19:49.243,18/01/2026,08:20:42,17_T02,39.121903768,10.181322525,0.2,1838.70,52.84,92.937,2.4,38.52,13.42,1837.58,4336775.94,1781546.21
00:19:50.249,18/01/2026,08:20:43,17_T02,39.121904014,10.181323332,0.1,1838.82,53.13,93.012,2.3,38.52,13.42,1837.58,4336776.01,1781546.24
00:19:51.247,18/01/2026,08:20:44,17_T02,39.121904286,10.181324257,0.1,1838.90,53.46,93.098,2.2,38.52,13.42,1837.83,4336776.09,1781546.27
00:19:52.254,18/01/2026,08:20:45,17_T02,39.121904499,10.181325071,0.1,1838.93,53.75,93.172,2.1,38.52,13.42,1837.83,4336776.16,1781546.29
00:19:53.246,18/01/2026,08:20:46,17_T02,39.121903985,10.181323921,0.1,1838.94,54.00,93.058,2.1,38.52,13.42,1837.93,4336776.06,1781546.23
00:19:54.253,18/01/2026,08:20:47,17_T02,39.121903558,10.181322759,0.1,1838.93,54.11,92.946,2.1,38.52,13.42,1837.93,4336775.96,1781546.18
00:19:55.245,18/01/2026,08:20:48,17_T02,39.121903865,10.181323261,0.1,1838.94,54.09,93.000,2.1,38.52,13.42,1837.93,4336776.00,1781546.22
00:19:56.251,18/01/2026,08:20:49,17_T02,39.121904365,10.181323992,0.1,1838.97,53.98,93.081,2.1,38.52,13.42,1837.93,4336776.07,1781546.27
00:19:57.245,18/01/2026,08:20:50,17_T02,39.121904919,10.181324809,0.1,1839.00,53.85,93.170,2.0,38.52,13.42,1837.96,4336776.14,1781546.34
00:19:58.245,18/01/2026,08:20:51,17_T02,39.121906232,10.181326967,0.2,1839.00,53.74,93.401,2.0,38.52,13.42,1837.96,4336776.33,1781546.48
00:19:59.256,18/01/2026,08:20:52,17_T02,39.121907394,10.181328785,0.2,1838.97,53.60,93.598,2.0,38.52,13.42,1837.98,4336776.48,1781546.61
00:20:00.247,18/01/2026,08:20:53,17_T02,39.121907850,10.181329326,0.2,1838.93,53.44,93.661,2.0,38.52,13.42,1837.98,4336776.53,1781546.66
00:20:01.243,18/01/2026,08:20:54,17_T02,39.121908261,10.181329855,0.2,1838.90,53.31,93.722,2.1,38.52,13.42,1837.91,4336776.58,1781546.70
00:20:02.242,18/01/2026,08:20:55,17_T02,39.121908728,10.181330552,0.2,1838.90,53.25,93.798,2.1,38.52,13.42,1837.91,4336776.64,1781546.76
00:20:03.255,18/01/2026,08:20:56,17_T02,39.121909244,10.181331377,0.2,1838.95,53.23,93.887,2.0,38.52,13.42,1837.90,4336776.71,1781546.81
00:20:04.248,18/01/2026,08:20:57,17_T02,39.121910754,10.181333920,0.2,1839.01,53.21,94.157,1.9,38.52,13.42,1837.90,4336776.93,1781546.98
00:20:05.246,18/01/2026,08:20:58,17_T02,39.121912052,10.181336177,0.2,1839.05,53.27,94.395,1.8,38.52,13.42,1838.01,4336777.13,1781547.12
00:20:06.244,18/01/2026,08:20:59,17_T02,39.121912475,10.181336949,0.2,1839.07,53.41,94.475,1.8,38.52,13.42,1838.01,4336777.19,1781547.17
00:20:07.245,18/01/2026,08:21:00,17_T02,39.121912852,10.181337783,0.2,1839.06,53.59,94.559,1.8,38.52,13.42,1838.05,4336777.27,1781547.21
00:20:08.243,18/01/2026,08:21:01,17_T02,39.121913223,10.181338619,0.2,1839.05,53.75,94.642,1.7,38.52,13.42,1838.05,4336777.34,1781547.25
00:20:09.252,18/01/2026,08:21:02,17_T02,39.121913720,10.181339515,0.2,1839.04,53.84,94.735,1.7,38.52,13.42,1838.03,4336777.42,1781547.31
00:20:10.248,18/01/2026,08:21:03,17_T02,39.121913785,10.181339695,0.2,1839.02,53.83,94.752,1.7,38.52,13.42,1838.03,4336777.43,1781547.32
00:20:11.246,18/01/2026,08:21:04,17_T02,39.121913869,10.181339848,0.2,1838.97,53.77,94.768,1.7,38.52,13.43,1837.98,4336777.44,1781547.33
00:20:12.255,18/01/2026,08:21:05,17_T02,39.121914404,10.181340643,0.2,1838.91,53.66,94.856,1.7,38.52,13.43,1837.98,4336777.51,1781547.39
00:20:13.249,18/01/2026,08:21:06,17_T02,39.121914938,10.181341366,0.2,1838.86,53.54,94.937,1.7,38.52,13.43,1837.87,4336777.58,1781547.44
00:20:14.242,18/01/2026,08:21:07,17_T02,39.121915513,10.181342129,0.2,1838.83,53.48,95.024,1.8,38.52,13.43,1837.87,4336777.64,1781547.51
00:20:15.252,18/01/2026,08:21:08,17_T02,39.121916086,10.181343090,0.2,1838.81,53.47,95.126,1.8,38.52,13.42,1837.79,4336777.73,1781547.57
00:20:16.243,18/01/2026,08:21:09,17_T02,39.121916759,10.181344241,0.2,1838.80,53.51,95.248,1.8,38.52,13.42,1837.79,4336777.83,1781547.65
00:20:17.252,18/01/2026,08:21:10,17_T02,39.121917359,10.181345335,0.2,1838.78,53.60,95.362,1.8,38.52,13.42,1837.79,4336777.92,1781547.71
00:20:18.250,18/01/2026,08:21:11,17_T02,39.121917833,10.181346195,0.2,1838.74,53.70,95.451,1.8,38.52,13.44,1837.78,4336778.00,1781547.76
00:20:19.242,18/01/2026,08:21:12,17_T02,39.121918351,10.181347055,0.2,1838.70,53.75,95.543,1.8,38.52,13.44,1837.78,4336778.07,1781547.82
00:20:20.248,18/01/2026,08:21:13,17_T02,39.121918965,10.181348058,0.2,1838.68,53.69,95.650,1.9,38.52,13.43,1837.69,4336778.16,1781547.89
00:20:21.241,18/01/2026,08:21:14,17_T02,39.121919721,10.181349134,0.2,1838.67,53.54,95.770,1.8,38.52,13.43,1837.69,4336778.25,1781547.97
00:20:22.251,18/01/2026,08:21:15,17_T02,39.121920557,10.181350303,0.2,1838.67,53.33,95.900,1.8,38.52,13.43,1837.66,4336778.35,1781548.07
00:20:23.262,18/01/2026,08:21:16,17_T02,39.121921244,10.181351303,0.2,1838.67,53.18,96.011,1.6,38.52,13.43,1837.66,4336778.44,1781548.14
00:20:24.241,18/01/2026,08:21:17,17_T02,39.121921771,10.181352190,0.2,1838.63,53.15,96.105,1.6,38.52,13.42,1837.63,4336778.52,1781548.20
00:20:25.253,18/01/2026,08:21:18,17_T02,39.121922201,10.181353089,0.2,1838.56,53.25,96.196,1.7,38.52,13.42,1837.63,4336778.59,1781548.25
00:20:26.247,18/01/2026,08:21:19,17_T02,39.121922662,10.181354086,0.2,1838.51,53.42,96.296,1.7,38.52,13.42,1837.55,4336778.68,1781548.30
00:20:27.252,18/01/2026,08:21:20,17_T02,39.121923287,10.181355336,0.2,1838.48,53.55,96.423,1.7,38.52,13.42,1837.55,4336778.79,1781548.37
00:20:28.240,18/01/2026,08:21:21,17_T02,39.121924072,10.181356714,0.2,1838.48,53.58,96.568,1.7,38.52,13.42,1837.45,4336778.91,1781548.46
00:20:29.250,18/01/2026,08:21:22,17_T02,39.121924924,10.181357998,0.2,1838.49,53.53,96.708,1.6,38.52,13.42,1837.45,4336779.02,1781548.55
00:20:30.243,18/01/2026,08:21:23,17_T02,39.121925639,10.181359093,0.2,1838.48,53.49,96.828,1.7,38.52,13.42,1837.47,4336779.12,1781548.63
00:20:31.247,18/01/2026,08:21:24,17_T02,39.121926195,10.181360013,0.2,1838.43,53.47,96.926,1.7,38.52,13.42,1837.47,4336779.20,1781548.69
00:20:32.248,18/01/2026,08:21:25,17_T02,39.121926704,10.181360857,0.2,1838.35,53.44,97.016,1.8,38.52,13.42,1837.39,4336779.27,1781548.75
00:20:33.252,18/01/2026,08:21:26,17_T02,39.121928212,10.181361842,0.2,1838.30,53.44,97.162,1.9,38.52,13.42,1837.39,4336779.35,1781548.91
00:20:34.251,18/01/2026,08:21:27,17_T02,39.121929784,10.181363090,0.2,1838.28,53.46,97.332,1.9,38.52,13.42,1837.27,4336779.46,1781549.09
00:20:35.248,18/01/2026,08:21:28,17_T02,39.121930607,10.181364486,0.2,1838.28,53.46,97.480,1.9,38.52,13.42,1837.27,4336779.58,1781549.18
00:20:36.244,18/01/2026,08:21:29,17_T02,39.121931434,10.181365812,0.3,1838.29,53.43,97.623,1.8,38.52,13.42,1837.24,4336779.70,1781549.27
00:20:37.252,18/01/2026,08:21:30,17_T02,39.121932143,10.181366946,0.3,1838.27,53.43,97.745,1.8,38.52,13.42,1837.24,4336779.80,1781549.35
00:20:38.246,18/01/2026,08:21:31,17_T02,39.121932754,10.181367958,0.3,1838.21,53.46,97.853,1.8,38.52,13.42,1837.24,4336779.89,1781549.42
00:20:39.247,18/01/2026,08:21:32,17_T02,39.121932943,10.181368879,0.3,1838.13,53.52,97.934,1.9,38.52,13.42,1837.24,4336779.97,1781549.44
00:20:40.243,18/01/2026,08:21:33,17_T02,39.121933231,10.181369951,0.2,1838.07,53.58,98.032,1.9,38.52,13.42,1837.10,4336780.06,1781549.47
00:20:41.255,18/01/2026,08:21:34,17_T02,39.121934023,10.181371333,0.2,1838.05,53.59,98.178,1.9,38.52,13.42,1837.10,4336780.18,1781549.56
00:20:42.252,18/01/2026,08:21:35,17_T02,39.121934876,10.181372680,0.2,1838.06,53.50,98.323,1.9,38.52,13.42,1837.02,4336780.30,1781549.65
00:20:43.248,18/01/2026,08:21:36,17_T02,39.121935772,10.181373999,0.2,1838.06,53.39,98.468,1.8,38.52,13.42,1837.02,4336780.41,1781549.75
00:20:44.243,18/01/2026,08:21:37,17_T02,39.121936353,10.181376292,0.2,1838.04,53.31,98.677,1.8,38.52,13.42,1837.01,4336780.61,1781549.81
00:20:45.254,18/01/2026,08:21:38,17_T02,39.121936890,10.181378548,0.3,1837.99,53.26,98.880,1.8,38.52,13.42,1837.01,4336780.81,1781549.87
00:20:46.251,18/01/2026,08:21:39,17_T02,39.121937526,10.181379600,0.3,1837.95,53.28,98.992,1.8,38.52,13.42,1836.93,4336780.90,1781549.94
00:20:47.247,18/01/2026,08:21:40,17_T02,39.121938543,10.181380514,0.3,1837.93,52.55,99.111,1.8,38.52,13.42,1836.93,4336780.98,1781550.06
00:20:48.242,18/01/2026,08:21:41,17_T02,39.121940353,10.181380963,0.3,1837.94,50.13,99.228,1.8,38.52,13.42,1836.89,4336781.02,1781550.26
00:20:49.256,18/01/2026,08:21:42,17_T02,39.121942845,10.181380583,0.3,1837.95,45.89,99.310,1.8,38.52,13.42,1836.89,4336780.98,1781550.53
00:20:50.252,18/01/2026,08:21:43,17_T02,39.121945360,10.181379487,0.3,1837.94,40.62,99.337,1.8,38.52,13.42,1836.92,4336780.89,1781550.81
00:20:51.247,18/01/2026,08:21:44,17_T02,39.121947552,10.181377966,0.3,1837.89,35.55,99.315,1.8,38.52,13.42,1836.92,4336780.75,1781551.05
00:20:52.255,18/01/2026,08:21:45,17_T02,39.121949555,10.181376496,0.3,1837.83,31.34,99.288,1.9,38.52,13.42,1836.84,4336780.62,1781551.27
00:20:53.253,18/01/2026,08:21:46,17_T02,39.121951129,10.181375882,0.3,1837.79,28.63,99.311,1.9,38.52,13.42,1836.84,4336780.57,1781551.44
00:20:54.249,18/01/2026,08:21:47,17_T02,39.121952481,10.181376172,0.3,1837.77,27.43,99.395,2.0,38.52,13.42,1836.73,4336780.60,1781551.59
00:20:55.241,18/01/2026,08:21:48,17_T02,39.121953648,10.181377139,0.3,1837.77,27.38,99.524,1.9,38.52,13.42,1836.73,4336780.68,1781551.72
00:20:56.249,18/01/2026,08:21:49,17_T02,39.121953043,10.181377339,0.3,1837.76,27.52,99.513,1.9,38.52,13.42,1836.70,4336780.70,1781551.66
00:20:57.255,18/01/2026,08:21:50,17_T02,39.121952882,10.181377406,0.3,1837.73,27.34,99.511,1.9,38.52,13.42,1836.70,4336780.70,1781551.64
00:20:58.247,18/01/2026,08:21:51,17_T02,39.121953993,10.181377850,0.3,1837.69,26.97,99.596,1.9,38.52,13.42,1836.68,4336780.74,1781551.76
00:20:59.253,18/01/2026,08:21:52,17_T02,39.121955164,10.181378304,0.3,1837.64,26.53,99.685,1.9,38.52,13.42,1836.68,4336780.78,1781551.89
00:21:00.250,18/01/2026,08:21:53,17_T02,39.121956261,10.181378767,0.3,1837.59,26.12,99.771,1.9,38.52,13.42,1836.58,4336780.82,1781552.01
00:21:01.242,18/01/2026,08:21:54,17_T02,39.121957627,10.181379344,0.3,1837.57,25.76,99.879,1.9,38.52,13.42,1836.58,4336780.87,1781552.16
00:21:02.253,18/01/2026,08:21:55,17_T02,39.121960247,10.181380472,0.3,1837.55,25.55,100.086,1.9,38.52,13.43,1836.52,4336780.97,1781552.45
00:21:03.243,18/01/2026,08:21:56,17_T02,39.121962319,10.181381529,0.3,1837.54,25.53,100.264,1.8,38.52,13.43,1836.52,4336781.06,1781552.68
00:21:04.248,18/01/2026,08:21:57,17_T02,39.121963418,10.181382330,0.3,1837.52,25.69,100.377,1.8,38.52,13.43,1836.50,4336781.13,1781552.80
00:21:05.244,18/01/2026,08:21:58,17_T02,39.121964425,10.181383009,0.3,1837.49,25.92,100.476,1.8,38.52,13.43,1836.50,4336781.19,1781552.91
00:21:06.242,18/01/2026,08:21:59,17_T02,39.121965373,10.181383535,0.3,1837.45,26.08,100.561,1.8,38.52,13.45,1836.44,4336781.23,1781553.02
00:21:07.252,18/01/2026,08:22:00,17_T02,39.121966350,10.181384093,0.2,1837.40,26.19,100.649,1.8,38.52,13.45,1836.44,4336781.28,1781553.13
00:21:08.245,18/01/2026,08:22:01,17_T02,39.121967446,10.181384803,0.2,1837.37,26.25,100.755,1.8,38.52,13.45,1836.34,4336781.34,1781553.25
00:21:09.242,18/01/2026,08:22:02,17_T02,39.121968623,10.181385524,0.2,1837.37,26.23,100.865,1.8,38.52,13.45,1836.34,4336781.41,1781553.38
00:21:10.253,18/01/2026,08:22:03,17_T02,39.121969832,10.181386156,0.2,1837.38,26.19,100.970,1.8,38.52,13.45,1836.33,4336781.46,1781553.51
00:21:11.249,18/01/2026,08:22:04,17_T02,39.121970970,10.181386700,0.3,1837.39,26.24,101.065,1.7,38.52,13.45,1836.33,4336781.51,1781553.64
00:21:12.244,18/01/2026,08:22:05,17_T02,39.121971955,10.181387022,0.3,1837.37,26.25,101.135,1.7,38.52,13.45,1836.33,4336781.54,1781553.75
00:21:13.246,18/01/2026,08:22:06,17_T02,39.121974138,10.181387945,0.3,1837.33,26.23,101.306,1.7,38.52,13.45,1836.35,4336781.62,1781553.99
00:21:14.244,18/01/2026,08:22:07,17_T02,39.121976265,10.181388994,0.3,1837.31,26.22,101.486,1.8,38.52,13.45,1836.35,4336781.71,1781554.22
00:21:15.242,18/01/2026,08:22:08,17_T02,39.121977405,10.181389601,0.3,1837.31,26.20,101.585,1.7,38.52,13.45,1836.27,4336781.76,1781554.35
00:21:16.250,18/01/2026,08:22:09,17_T02,39.121978621,10.181390213,0.3,1837.34,26.24,101.689,1.7,38.52,13.45,1836.27,4336781.81,1781554.48
00:21:17.246,18/01/2026,08:22:10,17_T02,39.121979850,10.181390837,0.3,1837.38,26.40,101.794,1.6,38.52,13.46,1836.29,4336781.87,1781554.62
00:21:18.241,18/01/2026,08:22:11,17_T02,39.121980872,10.181391286,0.3,1837.38,26.55,101.876,1.6,38.52,13.46,1836.29,4336781.90,1781554.73
00:21:19.251,18/01/2026,08:22:12,17_T02,39.121981470,10.181391990,0.2,1837.35,26.62,101.958,1.6,38.52,13.45,1836.34,4336781.97,1781554.80
00:21:20.253,18/01/2026,08:22:13,17_T02,39.121982137,10.181392793,0.2,1837.30,26.62,102.052,1.6,38.52,13.45,1836.34,4336782.03,1781554.87
00:21:21.249,18/01/2026,08:22:14,17_T02,39.121983209,10.181393307,0.2,1837.28,26.58,102.141,1.6,38.52,13.45,1836.27,4336782.08,1781554.99
00:21:22.247,18/01/2026,08:22:15,17_T02,39.121984516,10.181393932,0.2,1837.29,26.54,102.250,1.6,38.52,13.45,1836.27,4336782.13,1781555.13
00:21:23.242,18/01/2026,08:22:16,17_T02,39.121985808,10.181394491,0.2,1837.32,26.54,102.353,1.6,38.52,13.43,1836.24,4336782.18,1781555.28
00:21:24.252,18/01/2026,08:22:17,17_T02,39.121988021,10.181394783,0.2,1837.32,26.52,102.476,1.6,38.52,13.43,1836.24,4336782.21,1781555.52
00:21:25.249,18/01/2026,08:22:18,17_T02,39.121989968,10.181394972,0.3,1837.28,26.47,102.579,1.6,38.52,13.43,1836.28,4336782.22,1781555.73
00:21:26.244,18/01/2026,08:22:19,17_T02,39.121990933,10.181395382,0.3,1837.23,26.44,102.655,1.6,38.52,13.43,1836.28,4336782.26,1781555.84
00:21:27.254,18/01/2026,08:22:20,17_T02,39.121991994,10.181395963,0.3,1837.19,26.44,102.749,1.7,38.52,13.42,1836.20,4336782.31,1781555.96
00:21:28.251,18/01/2026,08:22:21,17_T02,39.121993185,10.181396547,0.3,1837.19,26.44,102.849,1.7,38.52,13.42,1836.20,4336782.36,1781556.09
00:21:29.241,18/01/2026,08:22:22,17_T02,39.121994505,10.181397060,0.3,1837.20,26.42,102.949,1.6,38.52,13.42,1836.17,4336782.40,1781556.24
00:21:30.244,18/01/2026,08:22:23,17_T02,39.121996440,10.181397776,0.3,1837.19,26.40,103.093,1.7,38.52,13.42,1836.17,4336782.47,1781556.45
00:21:31.250,18/01/2026,08:22:24,17_T02,39.121998181,10.181398510,0.3,1837.15,26.40,103.230,1.7,38.52,13.42,1836.17,4336782.53,1781556.64
00:21:32.253,18/01/2026,08:22:25,17_T02,39.121999208,10.181399065,0.3,1837.11,26.42,103.320,1.7,38.52,13.42,1836.17,4336782.58,1781556.75
00:21:33.247,18/01/2026,08:22:26,17_T02,39.122000343,10.181399641,0.3,1837.08,26.41,103.417,1.7,38.52,13.42,1836.07,4336782.63,1781556.88
00:21:34.239,18/01/2026,08:22:27,17_T02,39.122001628,10.181400167,0.3,1837.07,26.36,103.517,1.7,38.52,13.42,1836.07,4336782.67,1781557.02
00:21:35.249,18/01/2026,08:22:28,17_T02,39.122002876,10.181400618,0.3,1837.08,26.22,103.609,1.7,38.52,13.42,1836.03,4336782.71,1781557.16
00:21:36.254,18/01/2026,08:22:29,17_T02,39.122003556,10.181400519,0.3,1837.10,26.08,103.632,1.7,38.52,13.42,1836.03,4336782.70,1781557.23
00:21:37.249,18/01/2026,08:22:30,17_T02,39.122004287,10.181400560,0.2,1837.13,25.99,103.668,1.6,38.52,13.42,1836.06,4336782.71,1781557.32
00:21:38.254,18/01/2026,08:22:31,17_T02,39.122005412,10.181401082,0.2,1837.16,26.02,103.760,1.6,38.52,13.42,1836.06,4336782.75,1781557.44
00:21:39.247,18/01/2026,08:22:32,17_T02,39.122006521,10.181401669,0.2,1837.19,26.19,103.857,1.5,38.52,13.42,1836.14,4336782.80,1781557.56
00:21:40.252,18/01/2026,08:22:33,17_T02,39.122007599,10.181402294,0.2,1837.21,26.45,103.955,1.5,38.52,13.42,1836.14,4336782.86,1781557.68
00:21:41.246,18/01/2026,08:22:34,17_T02,39.122008642,10.181402925,0.2,1837.21,26.67,104.052,1.5,38.52,13.42,1836.17,4336782.91,1781557.80
00:21:42.266,18/01/2026,08:22:35,17_T02,39.122010647,10.181404615,0.3,1837.19,26.75,104.277,1.5,38.52,13.42,1836.17,4336783.06,1781558.02
00:21:43.254,18/01/2026,08:22:36,17_T02,39.122012613,10.181406143,0.3,1837.16,26.70,104.487,1.5,38.52,13.42,1836.14,4336783.19,1781558.24
00:21:44.248,18/01/2026,08:22:37,17_T02,39.122013880,10.181406697,0.3,1837.15,26.60,104.588,1.5,38.52,13.42,1836.14,4336783.24,1781558.38
00:21:45.244,18/01/2026,08:22:38,17_T02,39.122015128,10.181407230,0.3,1837.15,26.50,104.687,1.4,38.52,13.42,1836.12,4336783.28,1781558.51
00:21:46.255,18/01/2026,08:22:39,17_T02,39.122016388,10.181407742,0.3,1837.13,26.41,104.784,1.4,38.52,13.42,1836.12,4336783.33,1781558.65
00:21:47.255,18/01/2026,08:22:40,17_T02,39.122017537,10.181408247,0.3,1837.09,26.38,104.876,1.5,38.52,13.42,1836.07,4336783.37,1781558.78
00:21:48.253,18/01/2026,08:22:41,17_T02,39.122018024,10.181408845,0.3,1837.05,26.38,104.946,1.5,38.52,13.42,1836.07,4336783.42,1781558.83
00:21:49.249,18/01/2026,08:22:42,17_T02,39.122018652,10.181409539,0.2,1837.02,26.39,105.029,1.5,38.52,13.42,1835.99,4336783.48,1781558.90
00:21:50.248,18/01/2026,08:22:43,17_T02,39.122019859,10.181410156,0.2,1837.00,26.36,105.133,1.5,38.52,13.42,1835.99,4336783.54,1781559.04
00:21:51.242,18/01/2026,08:22:44,17_T02,39.122021144,10.181410761,0.2,1836.99,26.31,105.239,1.5,38.52,13.42,1835.95,4336783.59,1781559.18
00:21:52.253,18/01/2026,08:22:45,17_T02,39.122022431,10.181411397,0.2,1836.98,26.30,105.347,1.5,38.52,13.42,1835.95,4336783.64,1781559.32
00:21:53.249,18/01/2026,08:22:46,17_T02,39.122023207,10.181411213,0.2,1836.96,26.32,105.368,1.5,38.52,13.42,1835.94,4336783.63,1781559.41
00:21:54.246,18/01/2026,08:22:47,17_T02,39.122023977,10.181411061,0.3,1836.94,26.31,105.390,1.5,38.52,13.42,1835.94,4336783.61,1781559.49
00:21:55.243,18/01/2026,08:22:48,17_T02,39.122025157,10.181411612,0.2,1836.92,26.27,105.487,1.5,38.52,13.42,1835.90,4336783.66,1781559.62
00:21:56.241,18/01/2026,08:22:49,17_T02,39.122026384,10.181412185,0.2,1836.91,26.24,105.588,1.5,38.52,13.42,1835.90,4336783.71,1781559.76
00:21:57.253,18/01/2026,08:22:50,17_T02,39.122027586,10.181412817,0.2,1836.91,26.24,105.692,1.5,38.52,13.42,1835.88,4336783.77,1781559.89
00:21:58.250,18/01/2026,08:22:51,17_T02,39.122028792,10.181413491,0.2,1836.94,26.30,105.800,1.5,38.52,13.42,1835.88,4336783.82,1781560.02
00:21:59.245,18/01/2026,08:22:52,17_T02,39.122029558,10.181413596,0.3,1836.96,26.36,105.843,1.5,38.52,13.42,1835.92,4336783.83,1781560.11
00:22:00.241,18/01/2026,08:22:53,17_T02,39.122030259,10.181413564,0.2,1836.94,26.39,105.872,1.4,38.52,13.42,1835.92,4336783.83,1781560.18
00:22:01.250,18/01/2026,08:22:54,17_T02,39.122031143,10.181413846,0.2,1836.90,26.42,105.935,1.5,38.52,13.42,1835.89,4336783.86,1781560.28
00:22:02.243,18/01/2026,08:22:55,17_T02,39.122032054,10.181414298,0.2,1836.88,26.47,106.012,1.5,38.52,13.42,1835.89,4336783.89,1781560.38
00:22:03.243,18/01/2026,08:22:56,17_T02,39.122033109,10.181414889,0.2,1836.90,26.51,106.106,1.5,38.52,13.42,1835.84,4336783.95,1781560.50
00:22:04.255,18/01/2026,08:22:57,17_T02,39.122034266,10.181415414,0.2,1836.94,26.57,106.200,1.4,38.52,13.42,1835.84,4336783.99,1781560.63
00:22:05.247,18/01/2026,08:22:58,17_T02,39.122036436,10.181416912,0.2,1836.97,26.66,106.417,1.4,38.52,13.42,1835.93,4336784.12,1781560.87
00:22:06.240,18/01/2026,08:22:59,17_T02,39.122038202,10.181417960,0.3,1836.96,26.70,106.580,1.4,38.52,13.42,1835.93,4336784.21,1781561.06
00:22:07.248,18/01/2026,08:23:00,17_T02,39.122038891,10.181418023,0.3,1836.91,26.72,106.616,1.4,38.52,13.42,1835.89,4336784.22,1781561.14
00:22:08.255,18/01/2026,08:23:01,17_T02,39.122039569,10.181418251,0.2,1836.87,26.70,106.664,1.5,38.52,13.42,1835.89,4336784.24,1781561.21
00:22:09.246,18/01/2026,08:23:02,17_T02,39.122040496,10.181418636,0.2,1836.89,26.63,106.737,1.5,38.52,13.42,1835.89,4336784.27,1781561.31
00:22:10.254,18/01/2026,08:23:03,17_T02,39.122041845,10.181419924,0.2,1836.93,26.49,106.900,1.4,38.52,13.43,1835.82,4336784.38,1781561.46
00:22:11.240,18/01/2026,08:23:04,17_T02,39.122043059,10.181420803,0.2,1836.95,26.36,107.025,1.4,38.52,13.43,1835.82,4336784.46,1781561.60
00:22:12.249,18/01/2026,08:23:05,17_T02,39.122043972,10.181420919,0.2,1836.93,26.31,107.075,1.4,38.52,13.43,1835.91,4336784.47,1781561.70
00:22:13.253,18/01/2026,08:23:06,17_T02,39.122044696,10.181421211,0.2,1836.89,26.36,107.131,1.4,38.52,13.43,1835.91,4336784.49,1781561.78
00:22:14.245,18/01/2026,08:23:07,17_T02,39.122045495,10.181421619,0.2,1836.87,26.43,107.199,1.5,38.52,13.43,1835.86,4336784.53,1781561.87
00:22:15.252,18/01/2026,08:23:08,17_T02,39.122046545,10.181422030,0.2,1836.89,26.44,107.279,1.5,38.52,13.43,1835.86,4336784.56,1781561.98
00:22:16.241,18/01/2026,08:23:09,17_T02,39.122047832,10.181422864,0.2,1836.92,26.40,107.403,1.4,38.52,13.43,1835.83,4336784.64,1781562.13
00:22:17.252,18/01/2026,08:23:10,17_T02,39.122049018,10.181423622,0.2,1836.94,26.37,107.517,1.4,38.52,13.43,1835.83,4336784.70,1781562.26
00:22:18.247,18/01/2026,08:23:11,17_T02,39.122049962,10.181424063,0.2,1836.95,26.50,107.595,1.4,38.52,13.42,1835.90,4336784.74,1781562.36
00:22:19.247,18/01/2026,08:23:12,17_T02,39.122050314,10.181425695,0.2,1836.93,28.65,107.740,1.4,38.52,13.42,1835.90,4336784.88,1781562.40
00:22:20.244,18/01/2026,08:23:13,17_T02,39.122050040,10.181428372,0.2,1836.92,33.03,107.940,1.4,38.52,13.42,1835.90,4336785.11,1781562.37
00:22:21.242,18/01/2026,08:23:14,17_T02,39.122049304,10.181431884,0.3,1836.92,38.57,108.186,1.4,38.52,13.42,1835.90,4336785.42,1781562.29
00:22:22.250,18/01/2026,08:23:15,17_T02,39.122049245,10.181434247,0.3,1836.94,44.15,108.371,1.5,38.52,13.42,1835.88,4336785.63,1781562.28
00:22:23.248,18/01/2026,08:23:16,17_T02,39.122049345,10.181435955,0.3,1836.97,48.03,108.511,1.4,38.52,13.42,1835.88,4336785.77,1781562.29
00:22:24.246,18/01/2026,08:23:17,17_T02,39.122049076,10.181437819,0.3,1836.99,50.58,108.647,1.4,38.52,13.43,1835.93,4336785.94,1781562.27
00:22:25.241,18/01/2026,08:23:18,17_T02,39.122048891,10.181439375,0.3,1836.98,52.73,108.762,1.4,38.52,13.43,1835.93,4336786.07,1781562.25
00:22:26.249,18/01/2026,08:23:19,17_T02,39.122048804,10.181440763,0.3,1836.96,54.57,108.869,1.5,38.52,13.43,1835.94,4336786.19,1781562.24
00:22:27.245,18/01/2026,08:23:20,17_T02,39.122048962,10.181442060,0.2,1836.95,55.99,108.979,1.5,38.52,13.43,1835.94,4336786.31,1781562.25
00:22:28.255,18/01/2026,08:23:21,17_T02,39.122049359,10.181441964,0.2,1836.98,57.45,108.989,1.5,38.52,13.44,1835.92,4336786.30,1781562.30
00:22:29.251,18/01/2026,08:23:22,17_T02,39.122049024,10.181442582,0.2,1837.02,60.20,109.023,1.4,38.52,13.44,1835.92,4336786.35,1781562.26
00:22:30.248,18/01/2026,08:23:23,17_T02,39.122047803,10.181444667,0.3,1837.03,64.07,109.134,1.4,38.52,13.45,1835.98,4336786.53,1781562.13
00:22:31.248,18/01/2026,08:23:24,17_T02,39.122046514,10.181446410,0.3,1837.00,67.64,109.214,1.4,38.52,13.45,1835.98,4336786.68,1781561.98
00:22:32.248,18/01/2026,08:23:25,17_T02,39.122045841,10.181447652,0.3,1836.95,69.93,109.282,1.3,38.52,13.46,1835.97,4336786.79,1781561.91
00:22:33.243,18/01/2026,08:23:26,17_T02,39.122044686,10.181448336,0.2,1836.92,70.97,109.284,1.6,38.52,13.46,1835.97,4336786.85,1781561.78
00:22:34.251,18/01/2026,08:23:27,17_T02,39.122044170,10.181449204,0.2,1836.92,70.92,109.330,1.5,38.51,13.45,1835.88,4336786.93,1781561.73
00:22:35.249,18/01/2026,08:23:28,17_T02,39.122045140,10.181450484,0.2,1836.94,69.97,109.475,1.3,38.51,13.45,1835.88,4336787.04,1781561.83
00:22:36.247,18/01/2026,08:23:29,17_T02,39.122046610,10.181451699,0.2,1836.95,68.56,109.638,1.5,38.51,13.45,1835.90,4336787.14,1781562.00
00:22:37.242,18/01/2026,08:23:30,17_T02,39.122047805,10.181452699,0.2,1836.93,67.28,109.772,1.4,38.51,13.45,1835.90,4336787.23,1781562.13
00:22:38.242,18/01/2026,08:23:31,17_T02,39.122048628,10.181453552,0.2,1836.89,66.34,109.876,1.5,38.52,13.42,1835.89,4336787.31,1781562.22
00:22:39.252,18/01/2026,08:23:32,17_T02,39.122049490,10.181454381,0.2,1836.85,65.73,109.981,1.5,38.52,13.42,1835.89,4336787.38,1781562.31
00:22:40.248,18/01/2026,08:23:33,17_T02,39.122050187,10.181455415,0.2,1836.83,65.46,110.095,1.5,38.52,13.42,1835.80,4336787.47,1781562.39
00:22:41.241,18/01/2026,08:23:34,17_T02,39.122050679,10.181456877,0.2,1836.83,65.54,110.233,1.5,38.52,13.42,1835.80,4336787.59,1781562.45
00:22:42.245,18/01/2026,08:23:35,17_T02,39.122051018,10.181458369,0.2,1836.83,65.86,110.367,1.5,38.52,13.42,1835.79,4336787.72,1781562.48
00:22:43.249,18/01/2026,08:23:36,17_T02,39.122051252,10.181459841,0.2,1836.82,66.39,110.494,1.5,38.52,13.42,1835.79,4336787.85,1781562.51
00:22:44.242,18/01/2026,08:23:37,17_T02,39.122051484,10.181461227,0.2,1836.79,66.89,110.615,1.5,38.52,13.42,1835.77,4336787.97,1781562.54
00:22:45.247,18/01/2026,08:23:38,17_T02,39.122050702,10.181462571,0.2,1836.76,67.20,110.686,1.5,38.52,13.42,1835.77,4336788.09,1781562.45
00:22:46.252,18/01/2026,08:23:39,17_T02,39.122050148,10.181463894,0.2,1836.75,67.22,110.766,1.5,38.52,13.42,1835.71,4336788.20,1781562.39
00:22:47.243,18/01/2026,08:23:40,17_T02,39.122050659,10.181465238,0.2,1836.76,66.99,110.896,1.5,38.52,13.42,1835.71,4336788.32,1781562.45
00:22:48.251,18/01/2026,08:23:41,17_T02,39.122051322,10.181466565,0.2,1836.80,66.57,111.031,1.5,38.52,13.41,1835.73,4336788.44,1781562.52
00:22:49.247,18/01/2026,08:23:42,17_T02,39.122051972,10.181467861,0.2,1836.84,66.18,111.164,1.4,38.52,13.41,1835.73,4336788.55,1781562.59
00:22:50.252,18/01/2026,08:23:43,17_T02,39.122052519,10.181469114,0.2,1836.89,65.96,111.288,1.3,38.52,13.41,1835.82,4336788.66,1781562.65
00:22:51.247,18/01/2026,08:23:44,17_T02,39.122052658,10.181469966,0.2,1836.91,65.99,111.362,1.3,38.52,13.41,1835.82,4336788.73,1781562.67
00:22:52.253,18/01/2026,08:23:45,17_T02,39.122052706,10.181470941,0.2,1836.92,66.19,111.441,1.3,38.52,13.41,1835.88,4336788.82,1781562.67
00:22:53.254,18/01/2026,08:23:46,17_T02,39.122052947,10.181472319,0.2,1836.90,66.46,111.562,1.2,38.52,13.41,1835.88,4336788.94,1781562.70
00:22:54.248,18/01/2026,08:23:47,17_T02,39.122053292,10.181473682,0.2,1836.88,66.64,111.685,1.3,38.52,13.42,1835.85,4336789.06,1781562.74
00:22:55.244,18/01/2026,08:23:48,17_T02,39.122053751,10.181475203,0.2,1836.86,66.70,111.827,1.3,38.52,13.42,1835.85,4336789.19,1781562.79
00:22:56.241,18/01/2026,08:23:49,17_T02,39.122054588,10.181476925,0.2,1836.85,66.66,112.001,1.3,38.52,13.42,1835.82,4336789.34,1781562.88
00:22:57.240,18/01/2026,08:23:50,17_T02,39.122055539,10.181478897,0.3,1836.82,66.58,112.201,1.3,38.52,13.42,1835.82,4336789.51,1781562.99
00:22:58.249,18/01/2026,08:23:51,17_T02,39.122056001,10.181480330,0.3,1836.80,66.49,112.335,1.3,38.52,13.42,1835.76,4336789.63,1781563.04
00:22:59.243,18/01/2026,08:23:52,17_T02,39.122056413,10.181481683,0.3,1836.76,66.40,112.461,1.3,38.52,13.42,1835.76,4336789.75,1781563.08
00:23:00.254,18/01/2026,08:23:53,17_T02,39.122056809,10.181483187,0.3,1836.71,66.36,112.599,1.3,38.52,13.42,1835.71,4336789.88,1781563.13
00:23:01.250,18/01/2026,08:23:54,17_T02,39.122057170,10.181484590,0.3,1836.66,66.37,112.726,1.3,38.52,13.42,1835.71,4336790.00,1781563.17
00:23:02.246,18/01/2026,08:23:55,17_T02,39.122057270,10.181486224,0.3,1836.63,66.37,112.861,1.3,38.52,13.42,1835.60,4336790.15,1781563.18
00:23:03.245,18/01/2026,08:23:56,17_T02,39.122057445,10.181487874,0.3,1836.60,66.33,113.000,1.3,38.52,13.42,1835.60,4336790.29,1781563.20
00:23:04.241,18/01/2026,08:23:57,17_T02,39.122057873,10.181489365,0.3,1836.59,66.28,113.137,1.3,38.52,13.42,1835.60,4336790.42,1781563.25
00:23:05.241,18/01/2026,08:23:58,17_T02,39.122058120,10.181490807,0.3,1836.54,66.29,113.263,1.3,38.52,13.42,1835.56,4336790.54,1781563.27
00:23:06.252,18/01/2026,08:23:59,17_T02,39.122058377,10.181492236,0.3,1836.48,66.36,113.388,1.4,38.52,13.42,1835.56,4336790.67,1781563.30
00:23:07.248,18/01/2026,08:24:00,17_T02,39.122058782,10.181493650,0.3,1836.44,66.37,113.519,1.4,38.52,13.42,1835.48,4336790.79,1781563.35
00:23:08.255,18/01/2026,08:24:01,17_T02,39.122059968,10.181496003,0.3,1836.42,66.32,113.759,1.4,38.52,13.42,1835.48,4336791.00,1781563.48
00:23:09.251,18/01/2026,08:24:02,17_T02,39.122061042,10.181498316,0.3,1836.43,66.20,113.991,1.4,38.52,13.42,1835.39,4336791.20,1781563.60
00:23:10.247,18/01/2026,08:24:03,17_T02,39.122061443,10.181499930,0.3,1836.43,66.12,114.137,1.3,38.52,13.42,1835.39,4336791.34,1781563.64
00:23:11.243,18/01/2026,08:24:04,17_T02,39.122061701,10.181501300,0.3,1836.40,66.11,114.258,1.3,38.52,13.42,1835.40,4336791.46,1781563.67
00:23:12.252,18/01/2026,08:24:05,17_T02,39.122061930,10.181502515,0.3,1836.34,66.16,114.365,1.4,38.52,13.42,1835.40,4336791.56,1781563.70
00:23:13.249,18/01/2026,08:24:06,17_T02,39.122062274,10.181503766,0.3,1836.29,66.18,114.479,1.4,38.52,13.42,1835.32,4336791.67,1781563.74
00:23:14.241,18/01/2026,08:24:07,17_T02,39.122062731,10.181505302,0.2,1836.26,66.20,114.622,1.4,38.52,13.42,1835.32,4336791.80,1781563.79
00:23:15.246,18/01/2026,08:24:08,17_T02,39.122063213,10.181506999,0.2,1836.27,66.20,114.779,1.4,38.52,13.42,1835.24,4336791.95,1781563.84
00:23:16.252,18/01/2026,08:24:09,17_T02,39.122063651,10.181508634,0.2,1836.29,66.16,114.928,1.3,38.52,13.42,1835.24,4336792.09,1781563.89
00:23:17.246,18/01/2026,08:24:10,17_T02,39.122064007,10.181510049,0.3,1836.29,66.14,115.057,1.3,38.52,13.42,1835.26,4336792.22,1781563.93
00:23:18.242,18/01/2026,08:24:11,17_T02,39.122064242,10.181511292,0.3,1836.23,66.18,115.166,1.3,38.52,13.42,1835.26,4336792.33,1781563.95
00:23:19.250,18/01/2026,08:24:12,17_T02,39.122063471,10.181510578,0.3,1836.16,66.25,115.074,1.4,38.52,13.42,1835.23,4336792.26,1781563.87
00:23:20.245,18/01/2026,08:24:13,17_T02,39.122062776,10.181510002,0.3,1836.11,66.27,114.997,1.4,38.52,13.42,1835.23,4336792.21,1781563.79
00:23:21.242,18/01/2026,08:24:14,17_T02,39.122063250,10.181511494,0.2,1836.10,66.21,115.137,1.4,38.52,13.42,1835.09,4336792.34,1781563.84
00:23:22.241,18/01/2026,08:24:15,17_T02,39.122063818,10.181513276,0.2,1836.11,66.09,115.304,1.4,38.52,13.42,1835.09,4336792.50,1781563.91
00:23:23.250,18/01/2026,08:24:16,17_T02,39.122064258,10.181514847,0.3,1836.11,66.02,115.449,1.3,38.52,13.42,1835.08,4336792.63,1781563.96
00:23:24.243,18/01/2026,08:24:17,17_T02,39.122064556,10.181516313,0.3,1836.07,66.06,115.579,1.3,38.52,13.42,1835.08,4336792.76,1781563.99
00:23:25.254,18/01/2026,08:24:18,17_T02,39.122064093,10.181517358,0.2,1836.01,66.14,115.641,1.4,38.52,13.42,1835.05,4336792.85,1781563.94
00:23:26.251,18/01/2026,08:24:19,17_T02,39.122063782,10.181518534,0.3,1835.95,66.23,115.720,1.4,38.52,13.42,1835.05,4336792.96,1781563.90
00:23:27.249,18/01/2026,08:24:20,17_T02,39.122064157,10.181520020,0.2,1835.92,66.29,115.855,1.4,38.52,13.42,1834.92,4336793.08,1781563.95
00:23:28.247,18/01/2026,08:24:21,17_T02,39.122064605,10.181521747,0.2,1835.91,66.29,116.012,1.4,38.52,13.42,1834.92,4336793.23,1781564.00
00:23:29.248,18/01/2026,08:24:22,17_T02,39.122065043,10.181523314,0.2,1835.90,66.25,116.157,1.4,38.52,13.42,1834.88,4336793.37,1781564.05
00:23:30.243,18/01/2026,08:24:23,17_T02,39.122065507,10.181524907,0.3,1835.88,66.20,116.304,1.4,38.52,13.42,1834.88,4336793.51,1781564.10
00:23:31.240,18/01/2026,08:24:24,17_T02,39.122065031,10.181525990,0.3,1835.84,66.20,116.369,1.4,38.52,13.42,1834.85,4336793.60,1781564.04
00:23:32.252,18/01/2026,08:24:25,17_T02,39.122064590,10.181526961,0.3,1835.79,66.24,116.426,1.4,38.52,13.42,1834.85,4336793.69,1781564.00
00:23:33.248,18/01/2026,08:24:26,17_T02,39.122064861,10.181528315,0.3,1835.74,66.31,116.546,1.4,38.52,13.42,1834.74,4336793.81,1781564.03
00:23:34.241,18/01/2026,08:24:27,17_T02,39.122065256,10.181529841,0.2,1835.70,66.34,116.685,1.5,38.52,13.42,1834.74,4336793.94,1781564.07
00:23:35.250,18/01/2026,08:24:28,17_T02,39.122065771,10.181531456,0.2,1835.69,66.32,116.836,1.4,38.52,13.42,1834.67,4336794.08,1781564.13
00:23:36.240,18/01/2026,08:24:29,17_T02,39.122066278,10.181533023,0.3,1835.68,66.28,116.983,1.4,38.52,13.42,1834.67,4336794.22,1781564.18
00:23:37.242,18/01/2026,08:24:30,17_T02,39.122067182,10.181536073,0.3,1835.66,66.25,117.266,1.4,38.52,13.43,1834.66,4336794.48,1781564.28
00:23:38.242,18/01/2026,08:24:31,17_T02,39.122067998,10.181538908,0.3,1835.62,66.25,117.528,1.4,38.52,13.43,1834.66,4336794.73,1781564.37
00:23:39.242,18/01/2026,08:24:32,17_T02,39.122068311,10.181540227,0.3,1835.58,66.29,117.647,1.4,38.52,13.42,1834.60,4336794.84,1781564.41
00:23:40.252,18/01/2026,08:24:33,17_T02,39.122068629,10.181541508,0.3,1835.53,66.33,117.763,1.4,38.52,13.42,1834.60,4336794.95,1781564.44
00:23:41.251,18/01/2026,08:24:34,17_T02,39.122069041,10.181542942,0.3,1835.50,66.34,117.896,1.5,38.52,13.42,1834.50,4336795.08,1781564.49
00:23:42.253,18/01/2026,08:24:35,17_T02,39.122069822,10.181546055,0.3,1835.49,66.31,118.178,1.4,38.52,13.42,1834.50,4336795.35,1781564.58
00:23:43.249,18/01/2026,08:24:36,17_T02,39.122070500,10.181548768,0.3,1835.49,66.27,118.424,1.4,38.52,13.42,1834.47,4336795.58,1781564.65
00:23:44.245,18/01/2026,08:24:37,17_T02,39.122070860,10.181550088,0.3,1835.48,66.22,118.545,1.4,38.52,13.42,1834.47,4336795.70,1781564.69
00:23:45.242,18/01/2026,08:24:38,17_T02,39.122071080,10.181551246,0.3,1835.44,66.22,118.647,1.4,38.52,13.43,1834.45,4336795.80,1781564.72
00:23:46.248,18/01/2026,08:24:39,17_T02,39.122071295,10.181552368,0.3,1835.38,66.26,118.746,1.4,38.52,13.43,1834.45,4336795.90,1781564.74
00:23:47.242,18/01/2026,08:24:40,17_T02,39.122071570,10.181553453,0.2,1835.33,66.29,118.845,1.5,38.52,13.43,1834.35,4336795.99,1781564.77
00:23:48.243,18/01/2026,08:24:41,17_T02,39.122072016,10.181554957,0.2,1835.31,66.30,118.984,1.5,38.52,13.43,1834.35,4336796.12,1781564.82
00:23:49.240,18/01/2026,08:24:42,17_T02,39.122072461,10.181556393,0.2,1835.32,66.28,119.118,1.4,38.52,13.43,1834.30,4336796.25,1781564.87
00:23:50.242,18/01/2026,08:24:43,17_T02,39.122072850,10.181557881,0.2,1835.33,66.26,119.254,1.4,38.52,13.43,1834.30,4336796.38,1781564.91
00:23:51.251,18/01/2026,08:24:44,17_T02,39.122073075,10.181559110,0.2,1835.31,66.33,119.362,1.4,38.52,13.43,1834.31,4336796.48,1781564.94
00:23:52.246,18/01/2026,08:24:45,17_T02,39.122073211,10.181560241,0.2,1835.25,66.43,119.458,1.4,38.52,13.43,1834.31,4336796.58,1781564.95
00:23:53.240,18/01/2026,08:24:46,17_T02,39.122073374,10.181561184,0.2,1835.18,66.51,119.540,1.5,38.52,13.43,1834.21,4336796.66,1781564.97
00:23:54.244,18/01/2026,08:24:47,17_T02,39.122075682,10.181562160,0.2,1835.14,66.52,119.721,1.5,38.52,13.43,1834.21,4336796.75,1781565.23
00:23:55.253,18/01/2026,08:24:48,17_T02,39.122077695,10.181563351,0.2,1835.14,66.45,119.907,1.5,38.52,13.43,1834.14,4336796.85,1781565.45
00:23:56.246,18/01/2026,08:24:49,17_T02,39.122078147,10.181564814,0.2,1835.14,66.35,120.043,1.4,38.52,13.43,1834.14,4336796.98,1781565.50
00:23:57.244,18/01/2026,08:24:50,17_T02,39.122078542,10.181566191,0.2,1835.13,66.28,120.171,1.4,38.52,13.42,1834.12,4336797.10,1781565.54
00:23:58.261,18/01/2026,08:24:51,17_T02,39.122078863,10.181567336,0.3,1835.10,66.25,120.276,1.4,38.52,13.42,1834.12,4336797.20,1781565.58
00:23:59.246,18/01/2026,08:24:52,17_T02,39.122079086,10.181568355,0.2,1835.05,66.28,120.367,1.4,38.52,13.42,1834.06,4336797.29,1781565.60
00:24:00.240,18/01/2026,08:24:53,17_T02,39.122080851,10.181570167,0.2,1835.00,66.32,120.590,1.5,38.52,13.42,1834.06,4336797.44,1781565.80
00:24:01.251,18/01/2026,08:24:54,17_T02,39.122082751,10.181572263,0.2,1834.97,66.37,120.842,1.5,38.52,13.42,1834.06,4336797.63,1781566.01
00:24:02.248,18/01/2026,08:24:55,17_T02,39.122083175,10.181573703,0.2,1834.97,66.36,120.976,1.5,38.52,13.42,1833.98,4336797.75,1781566.06
00:24:03.245,18/01/2026,08:24:56,17_T02,39.122083650,10.181575141,0.2,1834.98,66.29,121.112,1.4,38.52,13.42,1833.98,4336797.88,1781566.11
00:24:04.241,18/01/2026,08:24:57,17_T02,39.122084011,10.181576381,0.2,1834.97,66.27,121.226,1.4,38.52,13.42,1833.98,4336797.98,1781566.15
00:24:05.241,18/01/2026,08:24:58,17_T02,39.122083600,10.181578159,0.3,1834.93,66.32,121.349,1.4,38.52,13.42,1833.98,4336798.14,1781566.10
00:24:06.250,18/01/2026,08:24:59,17_T02,39.122083129,10.181579820,0.3,1834.87,66.41,121.460,1.4,38.52,13.41,1833.95,4336798.28,1781566.05
00:24:07.247,18/01/2026,08:25:00,17_T02,39.122083364,10.181580898,0.2,1834.82,66.47,121.556,1.5,38.52,13.41,1833.95,4336798.38,1781566.08
00:24:08.243,18/01/2026,08:25:01,17_T02,39.122083773,10.181582214,0.2,1834.80,66.46,121.679,1.5,38.52,13.42,1833.83,4336798.49,1781566.12
00:24:09.243,18/01/2026,08:25:02,17_T02,39.122084198,10.181583618,0.2,1834.81,66.40,121.810,1.4,38.52,13.42,1833.83,4336798.61,1781566.17
00:24:10.256,18/01/2026,08:25:03,17_T02,39.122084590,10.181585095,0.2,1834.81,66.33,121.944,1.4,38.52,13.42,1833.80,4336798.74,1781566.21
00:24:11.251,18/01/2026,08:25:04,17_T02,39.122084447,10.181585549,0.2,1834.78,66.30,121.974,1.4,38.52,13.42,1833.80,4336798.78,1781566.20
00:24:12.247,18/01/2026,08:25:05,17_T02,39.122084295,10.181585975,0.2,1834.72,66.28,122.001,1.4,38.52,13.42,1833.79,4336798.82,1781566.18
00:24:13.243,18/01/2026,08:25:06,17_T02,39.122084572,10.181586966,0.2,1834.66,66.26,122.092,1.5,38.52,13.42,1833.79,4336798.90,1781566.21
00:24:14.241,18/01/2026,08:25:07,17_T02,39.122084892,10.181588143,0.2,1834.63,66.26,122.200,1.5,38.52,13.42,1833.67,4336799.01,1781566.25
00:24:15.250,18/01/2026,08:25:08,17_T02,39.122085244,10.181589567,0.2,1834.62,66.26,122.329,1.5,38.52,13.42,1833.67,4336799.13,1781566.29
00:24:16.247,18/01/2026,08:25:09,17_T02,39.122085592,10.181590950,0.2,1834.62,66.26,122.455,1.4,38.52,13.42,1833.61,4336799.25,1781566.33
00:24:17.254,18/01/2026,08:25:10,17_T02,39.122085346,10.181590567,0.2,1834.60,66.28,122.413,1.4,38.52,13.42,1833.61,4336799.22,1781566.30
00:24:18.246,18/01/2026,08:25:11,17_T02,39.122085108,10.181590167,0.2,1834.57,66.31,122.371,1.4,38.52,13.42,1833.60,4336799.18,1781566.27
00:24:19.251,18/01/2026,08:25:12,17_T02,39.122085360,10.181591270,0.2,1834.52,66.36,122.470,1.4,38.52,13.42,1833.60,4336799.28,1781566.30
00:24:20.240,18/01/2026,08:25:13,17_T02,39.122085618,10.181592515,0.2,1834.48,66.40,122.580,1.5,38.52,13.42,1833.52,4336799.39,1781566.33
00:24:21.243,18/01/2026,08:25:14,17_T02,39.122085948,10.181593825,0.2,1834.46,66.38,122.699,1.5,38.52,13.42,1833.52,4336799.50,1781566.37
00:24:22.251,18/01/2026,08:25:15,17_T02,39.122086363,10.181595135,0.2,1834.44,66.30,122.822,1.5,38.52,13.42,1833.45,4336799.61,1781566.41
00:24:23.239,18/01/2026,08:25:16,17_T02,39.122086789,10.181596451,0.2,1834.43,66.21,122.946,1.4,38.52,13.42,1833.45,4336799.73,1781566.46
00:24:24.248,18/01/2026,08:25:17,17_T02,39.122087134,10.181597718,0.2,1834.41,66.17,123.062,1.4,38.52,13.42,1833.45,4336799.84,1781566.50
00:24:25.251,18/01/2026,08:25:18,17_T02,39.122087433,10.181599013,0.2,1834.38,66.20,123.178,1.4,38.52,13.42,1833.45,4336799.95,1781566.53
00:24:26.242,18/01/2026,08:25:19,17_T02,39.122087686,10.181600206,0.2,1834.34,66.27,123.284,1.4,38.52,13.42,1833.39,4336800.06,1781566.56
00:24:27.246,18/01/2026,08:25:20,17_T02,39.122087962,10.181601419,0.2,1834.31,66.36,123.393,1.4,38.52,13.42,1833.39,4336800.16,1781566.59
00:24:28.258,18/01/2026,08:25:21,17_T02,39.122088296,10.181602728,0.2,1834.28,66.43,123.512,1.4,38.52,13.42,1833.32,4336800.27,1781566.63
00:24:29.242,18/01/2026,08:25:22,17_T02,39.122088677,10.181604054,0.2,1834.26,66.46,123.634,1.4,38.52,13.42,1833.32,4336800.39,1781566.67
00:24:30.250,18/01/2026,08:25:23,17_T02,39.122089056,10.181605396,0.2,1834.24,66.44,123.758,1.4,38.52,13.42,1833.26,4336800.51,1781566.71
00:24:31.241,18/01/2026,08:25:24,17_T02,39.122089419,10.181606694,0.2,1834.21,66.39,123.878,1.4,38.52,13.42,1833.26,4336800.62,1781566.75
00:24:32.250,18/01/2026,08:25:25,17_T02,39.122089779,10.181608017,0.2,1834.17,66.35,123.999,1.4,38.52,13.42,1833.21,4336800.73,1781566.79
00:24:33.243,18/01/2026,08:25:26,17_T02,39.122090119,10.181609190,0.2,1834.13,66.32,124.107,1.4,38.52,13.42,1833.21,4336800.84,1781566.83
00:24:34.250,18/01/2026,08:25:27,17_T02,39.122090645,10.181610834,0.2,1834.09,66.31,124.262,1.5,38.52,13.42,1833.12,4336800.98,1781566.89
00:24:35.249,18/01/2026,08:25:28,17_T02,39.122091189,10.181612563,0.2,1834.07,66.29,124.423,1.5,38.52,13.42,1833.12,4336801.13,1781566.95
00:24:36.243,18/01/2026,08:25:29,17_T02,39.122091581,10.181613923,0.2,1834.06,66.28,124.549,1.4,38.52,13.42,1833.08,4336801.25,1781566.99
00:24:37.239,18/01/2026,08:25:30,17_T02,39.122091917,10.181615295,0.2,1834.03,66.30,124.673,1.4,38.52,13.42,1833.08,4336801.37,1781567.03
00:24:38.252,18/01/2026,08:25:31,17_T02,39.122092217,10.181616615,0.2,1833.99,66.35,124.792,1.5,38.52,13.42,1833.03,4336801.48,1781567.06
00:24:39.248,18/01/2026,08:25:32,17_T02,39.122092528,10.181617811,0.2,1833.94,66.38,124.901,1.5,38.52,13.42,1833.03,4336801.59,1781567.10
00:24:40.248,18/01/2026,08:25:33,17_T02,39.122092626,10.181618528,0.2,1833.90,66.38,124.962,1.5,38.52,13.42,1832.94,4336801.65,1781567.11
00:24:41.248,18/01/2026,08:25:34,17_T02,39.122092780,10.181619368,0.2,1833.88,66.35,125.036,1.5,38.52,13.42,1832.94,4336801.72,1781567.13
00:24:42.242,18/01/2026,08:25:35,17_T02,39.122093220,10.181620819,0.2,1833.87,66.32,125.171,1.4,38.52,13.42,1832.89,4336801.85,1781567.17
00:24:43.251,18/01/2026,08:25:36,17_T02,39.122093585,10.181622165,0.2,1833.85,66.32,125.294,1.4,38.52,13.42,1832.89,4336801.96,1781567.22
00:24:44.248,18/01/2026,08:25:37,17_T02,39.122093887,10.181623413,0.2,1833.81,66.34,125.407,1.4,38.52,13.42,1832.86,4336802.07,1781567.25
00:24:45.243,18/01/2026,08:25:38,17_T02,39.122094208,10.181624570,0.2,1833.76,66.36,125.513,1.5,38.52,13.42,1832.86,4336802.17,1781567.28
00:24:46.240,18/01/2026,08:25:39,17_T02,39.122096275,10.181627574,0.2,1833.73,66.33,125.845,1.5,38.52,13.42,1832.75,4336802.43,1781567.51
00:24:47.250,18/01/2026,08:25:40,17_T02,39.122098069,10.181630315,0.2,1833.72,66.29,126.143,1.5,38.52,13.42,1832.75,4336802.67,1781567.71
00:24:48.245,18/01/2026,08:25:41,17_T02,39.122098473,10.181631665,0.2,1833.72,66.26,126.269,1.4,38.52,13.42,1832.73,4336802.79,1781567.76
00:24:49.254,18/01/2026,08:25:42,17_T02,39.122098819,10.181633051,0.2,1833.70,66.29,126.395,1.4,38.52,13.42,1832.73,4336802.91,1781567.79
00:24:50.249,18/01/2026,08:25:43,17_T02,39.122099052,10.181634212,0.2,1833.66,66.35,126.497,1.4,38.52,13.42,1832.70,4336803.01,1781567.82
00:24:51.248,18/01/2026,08:25:44,17_T02,39.122099325,10.181635304,0.2,1833.61,66.42,126.596,1.5,38.52,13.42,1832.70,4336803.11,1781567.85
00:24:52.240,18/01/2026,08:25:45,17_T02,39.122099687,10.181636510,0.2,1833.57,66.44,126.708,1.5,38.52,13.42,1832.60,4336803.21,1781567.89
00:24:53.252,18/01/2026,08:25:46,17_T02,39.122100174,10.181638038,0.2,1833.56,66.41,126.852,1.5,38.52,13.42,1832.60,4336803.34,1781567.95
00:24:54.243,18/01/2026,08:25:47,17_T02,39.122100605,10.181639435,0.2,1833.56,66.36,126.982,1.4,38.52,13.42,1832.57,4336803.47,1781567.99
00:24:55.252,18/01/2026,08:25:48,17_T02,39.122100968,10.181640803,0.2,1833.54,66.34,127.107,1.4,38.52,13.42,1832.57,4336803.58,1781568.03
00:24:56.241,18/01/2026,08:25:49,17_T02,39.122101278,10.181641999,0.2,1833.50,66.36,127.216,1.4,38.52,13.42,1832.53,4336803.69,1781568.07
00:24:57.246,18/01/2026,08:25:50,17_T02,39.122101238,10.181642539,0.2,1833.45,66.37,127.257,1.4,38.52,13.42,1832.53,4336803.74,1781568.06
00:24:58.253,18/01/2026,08:25:51,17_T02,39.122101267,10.181643222,0.2,1833.41,66.37,127.313,1.5,38.52,13.42,1832.53,4336803.80,1781568.07
00:24:59.247,18/01/2026,08:25:52,17_T02,39.122101665,10.181644601,0.2,1833.40,66.40,127.440,1.5,38.52,13.42,1832.44,4336803.91,1781568.11
00:25:00.239,18/01/2026,08:25:53,17_T02,39.122102046,10.181646100,0.2,1833.39,66.46,127.576,1.4,38.52,13.42,1832.44,4336804.05,1781568.15
00:25:01.246,18/01/2026,08:25:54,17_T02,39.122102369,10.181647402,0.2,1833.36,66.52,127.694,1.4,38.52,13.42,1832.40,4336804.16,1781568.19
00:25:02.253,18/01/2026,08:25:55,17_T02,39.122102721,10.181648657,0.2,1833.31,66.57,127.810,1.4,38.52,13.42,1832.40,4336804.27,1781568.23
00:25:03.248,18/01/2026,08:25:56,17_T02,39.122104575,10.181649365,0.2,1833.26,66.59,127.950,1.5,38.52,13.42,1832.32,4336804.33,1781568.43
00:25:04.246,18/01/2026,08:25:57,17_T02,39.122106505,10.181650291,0.2,1833.23,66.56,128.110,1.5,38.52,13.42,1832.32,4336804.41,1781568.65
00:25:05.244,18/01/2026,08:25:58,17_T02,39.122106940,10.181651657,0.2,1833.21,66.51,128.238,1.5,38.52,13.42,1832.24,4336804.53,1781568.69
00:25:06.254,18/01/2026,08:25:59,17_T02,39.122107375,10.181653061,0.2,1833.18,66.43,128.369,1.4,38.52,13.42,1832.24,4336804.65,1781568.74
00:25:07.250,18/01/2026,08:26:00,17_T02,39.122107829,10.181654350,0.2,1833.15,66.35,128.492,1.4,38.52,13.42,1832.19,4336804.76,1781568.79
00:25:08.248,18/01/2026,08:26:01,17_T02,39.122106977,10.181654736,0.2,1833.11,66.31,128.485,1.5,38.52,13.42,1832.19,4336804.80,1781568.70
00:25:09.240,18/01/2026,08:26:02,17_T02,39.122106173,10.181655263,0.2,1833.07,66.29,128.490,1.5,38.52,13.43,1832.14,4336804.84,1781568.61
00:25:10.251,18/01/2026,08:26:03,17_T02,39.122106582,10.181656650,0.2,1833.04,66.30,128.619,1.5,38.52,13.43,1832.14,4336804.96,1781568.66
00:25:11.247,18/01/2026,08:26:04,17_T02,39.122106951,10.181657956,0.2,1833.02,66.32,128.739,1.5,38.52,13.43,1832.05,4336805.08,1781568.70
00:25:12.244,18/01/2026,08:26:05,17_T02,39.122107322,10.181659270,0.2,1832.99,66.37,128.860,1.5,38.52,13.43,1832.05,4336805.19,1781568.74
00:25:13.243,18/01/2026,08:26:06,17_T02,39.122107670,10.181660498,0.2,1832.95,66.45,128.973,1.4,38.52,13.42,1832.01,4336805.30,1781568.78
00:25:14.240,18/01/2026,08:26:07,17_T02,39.122109580,10.181662620,0.2,1832.91,66.51,129.228,1.5,38.52,13.42,1832.01,4336805.48,1781568.99
00:25:15.250,18/01/2026,08:26:08,17_T02,39.122111290,10.181664632,0.3,1832.88,66.54,129.465,1.5,38.52,13.42,1831.94,4336805.66,1781569.18
00:25:16.246,18/01/2026,08:26:09,17_T02,39.122111740,10.181665982,0.3,1832.85,66.54,129.592,1.5,38.52,13.42,1831.94,4336805.77,1781569.23
00:25:17.243,18/01/2026,08:26:10,17_T02,39.122112168,10.181667268,0.3,1832.83,66.49,129.714,1.5,38.52,13.42,1831.86,4336805.88,1781569.27
00:25:18.253,18/01/2026,08:26:11,17_T02,39.122112650,10.181668608,0.3,1832.81,66.42,129.842,1.5,38.52,13.42,1831.86,4336806.00,1781569.33
00:25:19.248,18/01/2026,08:26:12,17_T02,39.122113148,10.181669834,0.2,1832.79,66.30,129.962,1.4,38.52,13.42,1831.81,4336806.11,1781569.38
00:25:20.244,18/01/2026,08:26:13,17_T02,39.122112232,10.181670740,0.2,1832.78,66.17,129.992,1.4,38.52,13.42,1831.81,4336806.19,1781569.28
00:25:21.242,18/01/2026,08:26:14,17_T02,39.122111455,10.181671676,0.2,1832.79,66.09,130.032,1.4,38.52,13.42,1831.79,4336806.27,1781569.20
00:25:22.248,18/01/2026,08:26:15,17_T02,39.122111874,10.181672942,0.2,1832.80,66.09,130.151,1.4,38.52,13.42,1831.79,4336806.38,1781569.24
00:25:23.243,18/01/2026,08:26:16,17_T02,39.122112229,10.181674047,0.2,1832.84,66.11,130.255,1.3,38.52,13.43,1831.81,4336806.47,1781569.28
00:25:24.247,18/01/2026,08:26:17,17_T02,39.122112624,10.181675310,0.2,1832.88,66.19,130.373,1.2,38.52,13.43,1831.81,4336806.58,1781569.33
00:25:25.247,18/01/2026,08:26:18,17_T02,39.122112993,10.181676561,0.2,1832.92,66.34,130.489,1.2,38.52,13.42,1831.88,4336806.69,1781569.37
00:25:26.242,18/01/2026,08:26:19,17_T02,39.122112322,10.181677216,0.2,1832.96,66.52,130.511,1.1,38.52,13.42,1831.88,4336806.75,1781569.29
00:25:27.248,18/01/2026,08:26:20,17_T02,39.122111706,10.181677971,0.2,1832.97,66.74,130.543,1.0,38.52,13.42,1831.98,4336806.82,1781569.23
00:25:28.240,18/01/2026,08:26:21,17_T02,39.122111920,10.181679098,0.2,1832.95,66.90,130.642,1.0,38.52,13.42,1831.98,4336806.91,1781569.25
00:25:29.243,18/01/2026,08:26:22,17_T02,39.122112236,10.181680287,0.2,1832.91,66.94,130.751,1.0,38.52,13.42,1831.95,4336807.02,1781569.29
00:25:30.250,18/01/2026,08:26:23,17_T02,39.122112652,10.181681412,0.2,1832.88,66.86,130.859,1.0,38.52,13.42,1831.95,4336807.12,1781569.33
00:25:31.255,18/01/2026,08:26:24,17_T02,39.122113160,10.181682674,0.2,1832.86,66.70,130.982,1.0,38.52,13.42,1831.88,4336807.22,1781569.39
00:25:32.246,18/01/2026,08:26:25,17_T02,39.122113431,10.181682812,0.2,1832.84,66.54,131.005,1.0,38.52,13.42,1831.88,4336807.24,1781569.42
00:25:33.251,18/01/2026,08:26:26,17_T02,39.122113601,10.181682933,0.2,1832.80,66.44,131.022,1.0,38.52,13.42,1831.85,4336807.25,1781569.44
00:25:34.242,18/01/2026,08:26:27,17_T02,39.122113904,10.181684017,0.2,1832.74,66.42,131.122,1.1,38.52,13.42,1831.85,4336807.34,1781569.47
00:25:35.248,18/01/2026,08:26:28,17_T02,39.122114199,10.181685001,0.2,1832.67,66.45,131.214,1.1,38.52,13.42,1831.73,4336807.43,1781569.50
00:25:36.254,18/01/2026,08:26:29,17_T02,39.122114588,10.181686204,0.2,1832.62,66.52,131.327,1.1,38.52,13.42,1831.73,4336807.53,1781569.55
00:25:37.247,18/01/2026,08:26:30,17_T02,39.122115649,10.181685352,0.2,1832.59,66.55,131.307,1.2,38.52,13.42,1831.61,4336807.46,1781569.66
00:25:38.239,18/01/2026,08:26:31,17_T02,39.122116600,10.181684932,0.2,1832.58,66.55,131.317,1.1,38.52,13.42,1831.61,4336807.42,1781569.77
00:25:39.250,18/01/2026,08:26:32,17_T02,39.122116984,10.181686173,0.2,1832.56,66.54,131.432,1.1,38.52,13.42,1831.58,4336807.53,1781569.81
00:25:40.247,18/01/2026,08:26:33,17_T02,39.122117329,10.181687357,0.2,1832.52,66.53,131.542,1.1,38.52,13.42,1831.58,4336807.63,1781569.85
00:25:41.242,18/01/2026,08:26:34,17_T02,39.122117696,10.181688454,0.2,1832.46,66.50,131.646,1.2,38.52,13.42,1831.51,4336807.73,1781569.89
00:25:42.253,18/01/2026,08:26:35,17_T02,39.122118104,10.181689671,0.2,1832.42,66.47,131.761,1.2,38.52,13.42,1831.51,4336807.83,1781569.93
00:25:43.244,18/01/2026,08:26:36,17_T02,39.122118734,10.181692991,0.2,1832.39,66.42,132.053,1.2,38.52,13.42,1831.40,4336808.12,1781570.00
00:25:44.240,18/01/2026,08:26:37,17_T02,39.122119328,10.181696027,0.2,1832.38,66.38,132.321,1.2,38.52,13.42,1831.40,4336808.38,1781570.07
00:25:45.253,18/01/2026,08:26:38,17_T02,39.122119743,10.181697356,0.2,1832.36,66.33,132.445,1.1,38.52,13.42,1831.36,4336808.50,1781570.12
00:25:46.246,18/01/2026,08:26:39,17_T02,39.122120110,10.181698550,0.3,1832.32,66.31,132.556,1.1,38.52,13.42,1831.36,4336808.60,1781570.16
00:25:47.240,18/01/2026,08:26:40,17_T02,39.122120496,10.181699718,0.3,1832.27,66.31,132.666,1.2,38.52,13.42,1831.29,4336808.71,1781570.20
00:25:48.254,18/01/2026,08:26:41,17_T02,39.122120883,10.181700932,0.2,1832.24,66.30,132.780,1.2,38.52,13.42,1831.29,4336808.81,1781570.24
00:25:49.251,18/01/2026,08:26:42,17_T02,39.122121292,10.181702237,0.2,1832.22,66.31,132.902,1.2,38.52,13.42,1831.24,4336808.92,1781570.29
00:25:50.250,18/01/2026,08:26:43,17_T02,39.122121728,10.181703643,0.2,1832.20,66.33,133.034,1.2,38.52,13.42,1831.24,4336809.05,1781570.34
00:25:51.249,18/01/2026,08:26:44,17_T02,39.122122110,10.181704916,0.2,1832.18,66.36,133.152,1.1,38.52,13.42,1831.18,4336809.16,1781570.38
00:25:52.241,18/01/2026,08:26:45,17_T02,39.122122499,10.181706191,0.2,1832.15,66.38,133.271,1.1,38.52,13.42,1831.18,4336809.27,1781570.42
00:25:53.242,18/01/2026,08:26:46,17_T02,39.122122841,10.181707380,0.2,1832.11,66.39,133.381,1.2,38.52,13.42,1831.13,4336809.37,1781570.46
00:25:54.252,18/01/2026,08:26:47,17_T02,39.122121815,10.181707302,0.2,1832.08,66.40,133.328,1.2,38.52,13.42,1831.13,4336809.37,1781570.35
00:25:55.254,18/01/2026,08:26:48,17_T02,39.122120954,10.181707357,0.2,1832.06,66.42,133.294,1.2,38.52,13.42,1831.13,4336809.37,1781570.25
00:25:56.250,18/01/2026,08:26:49,17_T02,39.122121353,10.181708674,0.2,1832.04,66.42,133.416,1.1,38.52,13.43,1831.06,4336809.48,1781570.30
00:25:57.244,18/01/2026,08:26:50,17_T02,39.122121764,10.181710000,0.2,1832.01,66.40,133.540,1.1,38.52,13.43,1831.06,4336809.60,1781570.34
00:25:58.241,18/01/2026,08:26:51,17_T02,39.122122167,10.181711241,0.2,1831.98,66.37,133.657,1.1,38.52,13.42,1831.00,4336809.71,1781570.39
00:25:59.252,18/01/2026,08:26:52,17_T02,39.122122583,10.181712483,0.2,1831.94,66.35,133.774,1.1,38.52,13.42,1831.00,4336809.82,1781570.43
00:26:00.245,18/01/2026,08:26:53,17_T02,39.122121698,10.181713468,0.2,1831.91,66.35,133.813,1.1,38.52,13.42,1830.95,4336809.90,1781570.34
00:26:01.241,18/01/2026,08:26:54,17_T02,39.122121065,10.181714526,0.2,1831.88,66.38,133.868,1.1,38.52,13.42,1830.95,4336809.99,1781570.27
00:26:02.240,18/01/2026,08:26:55,17_T02,39.122121431,10.181715861,0.2,1831.85,66.43,133.990,1.1,38.52,13.42,1830.87,4336810.11,1781570.31
00:26:03.240,18/01/2026,08:26:56,17_T02,39.122121841,10.181717172,0.2,1831.82,66.46,134.113,1.1,38.52,13.42,1830.87,4336810.22,1781570.35
00:26:04.250,18/01/2026,08:26:57,17_T02,39.122122298,10.181718492,0.2,1831.79,66.48,134.239,1.1,38.52,13.42,1830.81,4336810.34,1781570.40
00:26:05.243,18/01/2026,08:26:58,17_T02,39.122122645,10.181719725,0.2,1831.76,66.48,134.352,1.1,38.52,13.42,1830.81,4336810.45,1781570.44
00:26:06.253,18/01/2026,08:26:59,17_T02,39.122123790,10.181721221,0.2,1831.72,66.46,134.523,1.1,38.52,13.42,1830.76,4336810.58,1781570.57
00:26:07.247,18/01/2026,08:27:00,17_T02,39.122124859,10.181722646,0.2,1831.67,66.43,134.684,1.2,38.52,13.42,1830.76,4336810.70,1781570.69
00:26:08.253,18/01/2026,08:27:01,17_T02,39.122125292,10.181723903,0.2,1831.63,66.36,134.803,1.2,38.52,13.42,1830.66,4336810.81,1781570.73
00:26:09.240,18/01/2026,08:27:02,17_T02,39.122125791,10.181725220,0.2,1831.61,66.26,134.930,1.2,38.52,13.42,1830.66,4336810.92,1781570.79
00:26:10.248,18/01/2026,08:27:03,17_T02,39.122126295,10.181726605,0.2,1831.59,66.18,135.063,1.2,38.52,13.43,1830.62,4336811.04,1781570.85
00:26:11.241,18/01/2026,08:27:04,17_T02,39.122126645,10.181727893,0.2,1831.56,66.15,135.181,1.1,38.52,13.43,1830.62,4336811.16,1781570.88
00:26:12.249,18/01/2026,08:27:05,17_T02,39.122127066,10.181730496,0.2,1831.52,66.20,135.407,1.1,38.52,13.42,1830.55,4336811.38,1781570.93
00:26:13.239,18/01/2026,08:27:06,17_T02,39.122127475,10.181732653,0.2,1831.47,66.27,135.597,1.2,38.52,13.42,1830.55,4336811.57,1781570.98
00:26:14.245,18/01/2026,08:27:07,17_T02,39.122127877,10.181733934,0.2,1831.43,66.31,135.716,1.2,38.52,13.42,1830.47,4336811.68,1781571.02
00:26:15.244,18/01/2026,08:27:08,17_T02,39.122128293,10.181735278,0.2,1831.41,66.34,135.842,1.2,38.52,13.42,1830.47,4336811.80,1781571.07
00:26:16.252,18/01/2026,08:27:09,17_T02,39.122128676,10.181736703,0.2,1831.39,66.36,135.972,1.2,38.52,13.42,1830.41,4336811.92,1781571.11
00:26:17.245,18/01/2026,08:27:10,17_T02,39.122128490,10.181737561,0.2,1831.37,66.39,136.032,1.2,38.52,13.42,1830.41,4336812.00,1781571.09
00:26:18.251,18/01/2026,08:27:11,17_T02,39.122128398,10.181738350,0.2,1831.33,66.40,136.091,1.1,38.52,13.43,1830.38,4336812.07,1781571.08
00:26:19.248,18/01/2026,08:27:12,17_T02,39.122128781,10.181739585,0.2,1831.29,66.40,136.206,1.1,38.52,13.43,1830.38,4336812.17,1781571.12
00:26:20.242,18/01/2026,08:27:13,17_T02,39.122129158,10.181740863,0.2,1831.25,66.39,136.325,1.2,38.52,13.43,1830.28,4336812.28,1781571.16
00:26:21.238,18/01/2026,08:27:14,17_T02,39.122129505,10.181742123,0.2,1831.22,66.37,136.440,1.2,38.52,13.43,1830.28,4336812.39,1781571.20
00:26:22.251,18/01/2026,08:27:15,17_T02,39.122129922,10.181743447,0.2,1831.18,66.34,136.564,1.2,38.52,13.43,1830.20,4336812.51,1781571.25
00:26:23.249,18/01/2026,08:27:16,17_T02,39.122130357,10.181744813,0.2,1831.15,66.34,136.692,1.2,38.52,13.43,1830.20,4336812.63,1781571.30
00:26:24.246,18/01/2026,08:27:17,17_T02,39.122130804,10.181746164,0.2,1831.13,66.34,136.820,1.2,38.52,13.43,1830.13,4336812.74,1781571.35
00:26:25.246,18/01/2026,08:27:18,17_T02,39.122131202,10.181747414,0.2,1831.11,66.34,136.937,1.1,38.52,13.43,1830.13,4336812.85,1781571.39
00:26:26.243,18/01/2026,08:27:19,17_T02,39.122131584,10.181748729,0.2,1831.09,66.35,137.059,1.1,38.52,13.43,1830.09,4336812.97,1781571.43
00:26:27.247,18/01/2026,08:27:20,17_T02,39.122131905,10.181749952,0.2,1831.06,66.37,137.170,1.2,38.52,13.43,1830.09,4336813.07,1781571.47
00:26:28.244,18/01/2026,08:27:21,17_T02,39.122132225,10.181751171,0.2,1831.01,66.41,137.281,1.2,38.52,13.42,1830.04,4336813.18,1781571.51
00:26:29.242,18/01/2026,08:27:22,17_T02,39.122132559,10.181752363,0.2,1830.97,66.49,137.391,1.2,38.52,13.42,1830.04,4336813.28,1781571.54
00:26:30.240,18/01/2026,08:27:23,17_T02,39.122132924,10.181753623,0.2,1830.94,66.57,137.508,1.2,38.52,13.43,1829.95,4336813.39,1781571.58
00:26:31.238,18/01/2026,08:27:24,17_T02,39.122133355,10.181755025,0.2,1830.92,66.56,137.638,1.2,38.52,13.43,1829.95,4336813.51,1781571.63
00:26:32.247,18/01/2026,08:27:25,17_T02,39.122133803,10.181756326,0.2,1830.90,66.48,137.762,1.1,38.52,13.43,1829.90,4336813.63,1781571.68
00:26:33.247,18/01/2026,08:27:26,17_T02,39.122134233,10.181757620,0.2,1830.88,66.39,137.884,1.1,38.52,13.43,1829.90,4336813.74,1781571.73
00:26:34.242,18/01/2026,08:27:27,17_T02,39.122134574,10.181758794,0.2,1830.83,66.34,137.993,1.1,38.52,13.42,1829.84,4336813.84,1781571.77
00:26:35.253,18/01/2026,08:27:28,17_T02,39.122134798,10.181759974,0.2,1830.77,66.33,138.097,1.2,38.52,13.42,1829.84,4336813.94,1781571.79
00:26:36.248,18/01/2026,08:27:29,17_T02,39.122135100,10.181761219,0.2,1830.73,66.32,138.209,1.2,38.52,13.42,1829.76,4336814.05,1781571.82
00:26:37.247,18/01/2026,08:27:30,17_T02,39.122135558,10.181762571,0.2,1830.72,66.31,138.337,1.2,38.52,13.42,1829.76,4336814.17,1781571.88
00:26:38.241,18/01/2026,08:27:31,17_T02,39.122135977,10.181763977,0.2,1830.71,66.31,138.468,1.1,38.52,13.42,1829.71,4336814.29,1781571.92
00:26:39.240,18/01/2026,08:27:32,17_T02,39.122136291,10.181765234,0.2,1830.68,66.33,138.582,1.1,38.52,13.42,1829.71,4336814.40,1781571.96
00:26:40.248,18/01/2026,08:27:33,17_T02,39.122136336,10.181766406,0.2,1830.63,66.37,138.677,1.1,38.52,13.42,1829.65,4336814.50,1781571.96
00:26:41.243,18/01/2026,08:27:34,17_T02,39.122136467,10.181767498,0.2,1830.57,66.40,138.769,1.2,38.52,13.42,1829.65,4336814.60,1781571.98
00:26:42.248,18/01/2026,08:27:35,17_T02,39.122136904,10.181768694,0.2,1830.54,66.39,138.884,1.2,38.52,13.42,1829.54,4336814.70,1781572.03
00:26:43.247,18/01/2026,08:27:36,17_T02,39.122137388,10.181770089,0.2,1830.54,66.36,139.017,1.2,38.52,13.42,1829.54,4336814.82,1781572.08
00:26:44.241,18/01/2026,08:27:37,17_T02,39.122137808,10.181771471,0.2,1830.54,66.36,139.145,1.1,38.52,13.42,1829.53,4336814.94,1781572.13
00:26:45.250,18/01/2026,08:27:38,17_T02,39.122138113,10.181772677,0.2,1830.51,66.37,139.255,1.1,38.52,13.42,1829.53,4336815.05,1781572.16
00:26:46.243,18/01/2026,08:27:39,17_T02,39.122138123,10.181774497,0.2,1830.45,66.39,139.400,1.2,38.52,13.42,1829.44,4336815.21,1781572.16
00:26:47.238,18/01/2026,08:27:40,17_T02,39.122138209,10.181776314,0.2,1830.39,66.41,139.548,1.2,38.52,13.42,1829.44,4336815.37,1781572.17
00:26:48.243,18/01/2026,08:27:41,17_T02,39.122138636,10.181777467,0.2,1830.36,66.36,139.659,1.2,38.52,13.42,1829.35,4336815.47,1781572.22
00:26:49.249,18/01/2026,08:27:42,17_T02,39.122139151,10.181778887,0.2,1830.38,66.27,139.795,1.2,38.52,13.42,1829.35,4336815.59,1781572.28
00:26:50.244,18/01/2026,08:27:43,17_T02,39.122139501,10.181780139,0.2,1830.37,66.24,139.910,1.1,38.52,13.42,1829.35,4336815.70,1781572.31
00:26:51.242,18/01/2026,08:27:44,17_T02,39.122139746,10.181781179,0.2,1830.33,66.28,140.004,1.1,38.52,13.42,1829.37,4336815.79,1781572.34
00:26:52.247,18/01/2026,08:27:45,17_T02,39.122141403,10.181784057,0.2,1830.26,66.37,140.307,1.2,38.52,13.42,1829.37,4336816.04,1781572.53
00:26:53.242,18/01/2026,08:27:46,17_T02,39.122142910,10.181786602,0.3,1830.21,66.43,140.577,1.2,38.52,13.42,1829.26,4336816.26,1781572.69
00:26:54.253,18/01/2026,08:27:47,17_T02,39.122143406,10.181787929,0.2,1830.20,66.39,140.705,1.2,38.52,13.42,1829.26,4336816.38,1781572.75
00:26:55.239,18/01/2026,08:27:48,17_T02,39.122143818,10.181789166,0.2,1830.21,66.32,140.822,1.1,38.52,13.42,1829.19,4336816.48,1781572.79
00:26:56.248,18/01/2026,08:27:49,17_T02,39.122144164,10.181790429,0.3,1830.19,66.29,140.937,1.1,38.52,13.42,1829.19,4336816.59,1781572.83
00:26:57.240,18/01/2026,08:27:50,17_T02,39.122144455,10.181791482,0.2,1830.14,66.31,141.034,1.1,38.52,13.42,1829.18,4336816.68,1781572.86
00:26:58.253,18/01/2026,08:27:51,17_T02,39.122145857,10.181793278,0.2,1830.09,66.34,141.240,1.2,38.52,13.42,1829.18,4336816.84,1781573.02
00:26:59.253,18/01/2026,08:27:52,17_T02,39.122147227,10.181795146,0.2,1830.05,66.35,141.450,1.2,38.52,13.42,1829.08,4336817.00,1781573.17
00:27:00.248,18/01/2026,08:27:53,17_T02,39.122147635,10.181796374,0.2,1830.04,66.32,141.566,1.2,38.52,13.42,1829.08,4336817.11,1781573.22
00:27:01.247,18/01/2026,08:27:54,17_T02,39.122148035,10.181797731,0.2,1830.04,66.27,141.692,1.1,38.52,13.42,1829.02,4336817.23,1781573.26
00:27:02.240,18/01/2026,08:27:55,17_T02,39.122148361,10.181798888,0.2,1830.01,66.25,141.798,1.1,38.52,13.42,1829.02,4336817.33,1781573.30
00:27:03.248,18/01/2026,08:27:56,17_T02,39.122148767,10.181801438,0.2,1829.96,66.28,142.019,1.1,38.52,13.42,1829.00,4336817.55,1781573.34
00:27:04.241,18/01/2026,08:27:57,17_T02,39.122149201,10.181804081,0.2,1829.91,66.35,142.249,1.2,38.52,13.42,1829.00,4336817.78,1781573.39
00:27:05.247,18/01/2026,08:27:58,17_T02,39.122149563,10.181805308,0.2,1829.88,66.43,142.363,1.2,38.52,13.42,1828.90,4336817.89,1781573.43
00:27:06.244,18/01/2026,08:27:59,17_T02,39.122149929,10.181806586,0.2,1829.87,66.45,142.481,1.2,38.52,13.42,1828.90,4336818.00,1781573.47
00:27:07.253,18/01/2026,08:28:00,17_T02,39.122150328,10.181807860,0.2,1829.86,66.45,142.600,1.1,38.52,13.42,1828.85,4336818.11,1781573.51
00:27:08.249,18/01/2026,08:28:01,17_T02,39.122150669,10.181808990,0.2,1829.83,66.44,142.705,1.1,38.52,13.42,1828.85,4336818.21,1781573.55
00:27:09.244,18/01/2026,08:28:02,17_T02,39.122150937,10.181809074,0.2,1829.78,66.42,142.724,1.2,38.52,13.42,1828.83,4336818.21,1781573.58
00:27:10.243,18/01/2026,08:28:03,17_T02,39.122151221,10.181809179,0.2,1829.73,66.39,142.745,1.2,38.52,13.42,1828.83,4336818.22,1781573.61
00:27:11.241,18/01/2026,08:28:04,17_T02,39.122151630,10.181810393,0.2,1829.70,66.38,142.860,1.2,38.52,13.42,1828.71,4336818.33,1781573.66
00:27:12.249,18/01/2026,08:28:05,17_T02,39.122152046,10.181811702,0.2,1829.68,66.36,142.982,1.2,38.52,13.42,1828.71,4336818.44,1781573.71
00:27:13.245,18/01/2026,08:28:06,17_T02,39.122152460,10.181812958,0.2,1829.66,66.33,143.101,1.2,38.52,13.42,1828.66,4336818.55,1781573.75
00:27:14.240,18/01/2026,08:28:07,17_T02,39.122152843,10.181814109,0.2,1829.62,66.33,143.209,1.2,38.52,13.42,1828.66,4336818.65,1781573.79
00:27:15.249,18/01/2026,08:28:08,17_T02,39.122154146,10.181815977,0.2,1829.58,66.38,143.417,1.2,38.52,13.42,1828.61,4336818.81,1781573.94
00:27:16.243,18/01/2026,08:28:09,17_T02,39.122155231,10.181817627,0.2,1829.55,66.43,143.596,1.2,38.52,13.42,1828.61,4336818.96,1781574.06
00:27:17.254,18/01/2026,08:28:10,17_T02,39.122155641,10.181818921,0.2,1829.51,66.46,143.718,1.2,38.52,13.42,1828.51,4336819.07,1781574.10
00:27:18.249,18/01/2026,08:28:11,17_T02,39.122156096,10.181820186,0.2,1829.49,66.45,143.839,1.2,38.52,13.42,1828.51,4336819.18,1781574.15
00:27:19.239,18/01/2026,08:28:12,17_T02,39.122156601,10.181821466,0.2,1829.47,66.39,143.963,1.2,38.52,13.42,1828.46,4336819.29,1781574.21
00:27:20.243,18/01/2026,08:28:13,17_T02,39.122157088,10.181822732,0.2,1829.46,66.31,144.086,1.1,38.52,13.42,1828.46,4336819.40,1781574.26
00:27:21.246,18/01/2026,08:28:14,17_T02,39.122158231,10.181824519,0.2,1829.43,66.27,144.279,1.1,38.52,13.42,1828.43,4336819.56,1781574.39
00:27:22.252,18/01/2026,08:28:15,17_T02,39.122159255,10.181826213,0.2,1829.38,66.29,144.460,1.1,38.52,13.42,1828.43,4336819.70,1781574.50
00:27:23.244,18/01/2026,08:28:16,17_T02,39.122159606,10.181827287,0.2,1829.34,66.32,144.561,1.2,38.52,13.42,1828.36,4336819.80,1781574.54
00:27:24.251,18/01/2026,08:28:17,17_T02,39.122160077,10.181828593,0.2,1829.30,66.33,144.686,1.2,38.52,13.42,1828.36,4336819.91,1781574.59
00:27:25.245,18/01/2026,08:28:18,17_T02,39.122160548,10.181829918,0.2,1829.28,66.35,144.812,1.2,38.52,13.42,1828.26,4336820.02,1781574.65
00:27:26.242,18/01/2026,08:28:19,17_T02,39.122161742,10.181831787,0.2,1829.25,66.36,145.015,1.2,38.52,13.42,1828.26,4336820.19,1781574.78
00:27:27.246,18/01/2026,08:28:20,17_T02,39.122162812,10.181833541,0.2,1829.23,66.38,145.202,1.1,38.52,13.42,1828.22,4336820.34,1781574.90
00:27:28.254,18/01/2026,08:28:21,17_T02,39.122163276,10.181834802,0.3,1829.19,66.41,145.323,1.1,38.52,13.42,1828.22,4336820.45,1781574.95
00:27:29.248,18/01/2026,08:28:22,17_T02,39.122163724,10.181836054,0.3,1829.15,66.41,145.443,1.2,38.52,13.42,1828.14,4336820.56,1781575.00
00:27:30.243,18/01/2026,08:28:23,17_T02,39.122164175,10.181837279,0.2,1829.12,66.39,145.561,1.2,38.52,13.42,1828.14,4336820.66,1781575.05
00:27:31.252,18/01/2026,08:28:24,17_T02,39.122164578,10.181838470,0.2,1829.08,66.36,145.673,1.2,38.52,13.42,1828.08,4336820.77,1781575.09
00:27:32.241,18/01/2026,08:28:25,17_T02,39.122165712,10.181839752,0.2,1829.04,66.36,145.826,1.2,38.52,13.42,1828.08,4336820.88,1781575.22
00:27:33.239,18/01/2026,08:28:26,17_T02,39.122166814,10.181841143,0.2,1829.01,66.38,145.986,1.2,38.52,13.42,1828.01,4336821.00,1781575.34
00:27:34.251,18/01/2026,08:28:27,17_T02,39.122167331,10.181842468,0.2,1828.99,66.40,146.115,1.2,38.52,13.42,1828.01,4336821.11,1781575.40
00:27:35.247,18/01/2026,08:28:28,17_T02,39.122167840,10.181843796,0.2,1828.96,66.44,146.243,1.1,38.52,13.42,1827.96,4336821.23,1781575.45
00:27:36.241,18/01/2026,08:28:29,17_T02,39.122168307,10.181845096,0.2,1828.92,66.49,146.368,1.1,38.52,13.42,1827.96,4336821.34,1781575.51
00:27:37.259,18/01/2026,08:28:30,17_T02,39.122168795,10.181846404,0.2,1828.88,66.51,146.494,1.2,38.52,13.42,1827.88,4336821.46,1781575.56
00:27:38.245,18/01/2026,08:28:31,17_T02,39.122169273,10.181847590,0.2,1828.83,66.51,146.609,1.2,38.52,13.42,1827.88,4336821.56,1781575.61
00:27:39.253,18/01/2026,08:28:32,17_T02,39.122169810,10.181848945,0.2,1828.79,66.48,146.741,1.2,38.52,13.42,1827.79,4336821.68,1781575.67
00:27:40.250,18/01/2026,08:28:33,17_T02,39.122170381,10.181850285,0.2,1828.77,66.40,146.873,1.2,38.52,13.42,1827.79,4336821.79,1781575.74
00:27:41.246,18/01/2026,08:28:34,17_T02,39.122170941,10.181851619,0.2,1828.75,66.31,147.004,1.2,38.52,13.42,1827.73,4336821.91,1781575.80
00:27:42.244,18/01/2026,08:28:35,17_T02,39.122171483,10.181852910,0.2,1828.71,66.25,147.131,1.1,38.52,13.42,1827.73,4336822.02,1781575.86
00:27:43.244,18/01/2026,08:28:36,17_T02,39.122171950,10.181854197,0.2,1828.67,66.25,147.255,1.2,38.52,13.43,1827.66,4336822.13,1781575.91
00:27:44.240,18/01/2026,08:28:37,17_T02,39.122172405,10.181855413,0.2,1828.61,66.29,147.372,1.2,38.52,13.43,1827.66,4336822.24,1781575.96
00:27:45.251,18/01/2026,08:28:38,17_T02,39.122172901,10.181856680,0.2,1828.57,66.35,147.495,1.2,38.52,13.43,1827.55,4336822.35,1781576.02
00:27:46.250,18/01/2026,08:28:39,17_T02,39.122173491,10.181858096,0.2,1828.55,66.33,147.634,1.2,38.52,13.43,1827.55,4336822.47,1781576.08
00:27:47.249,18/01/2026,08:28:40,17_T02,39.122174100,10.181859539,0.2,1828.55,66.29,147.776,1.1,38.52,13.43,1827.55,4336822.60,1781576.15
00:27:48.246,18/01/2026,08:28:41,17_T02,39.122174545,10.181860813,0.2,1828.51,66.33,147.897,1.1,38.52,13.43,1827.53,4336822.71,1781576.20
00:27:49.254,18/01/2026,08:28:42,17_T02,39.122174869,10.181861874,0.2,1828.45,66.43,147.996,1.1,38.52,13.43,1827.53,4336822.80,1781576.23
00:27:50.255,18/01/2026,08:28:43,17_T02,39.122175233,10.181862905,0.2,1828.39,66.53,148.094,1.2,38.52,13.43,1827.45,4336822.89,1781576.27
00:27:51.248,18/01/2026,08:28:44,17_T02,39.122175768,10.181864233,0.2,1828.35,66.56,148.224,1.2,38.52,13.43,1827.45,4336823.01,1781576.33
00:27:52.240,18/01/2026,08:28:45,17_T02,39.122176420,10.181865699,0.2,1828.35,66.44,148.370,1.2,38.52,13.43,1827.32,4336823.13,1781576.41
00:27:53.249,18/01/2026,08:28:46,17_T02,39.122177049,10.181867105,0.2,1828.35,66.26,148.510,1.1,38.52,13.43,1827.32,4336823.26,1781576.48
00:27:54.243,18/01/2026,08:28:47,17_T02,39.122177562,10.181868376,0.2,1828.32,66.17,148.634,1.1,38.52,13.43,1827.32,4336823.37,1781576.53
00:27:55.249,18/01/2026,08:28:48,17_T02,39.122177529,10.181869324,0.2,1828.26,66.24,148.708,1.1,38.52,13.43,1827.32,4336823.45,1781576.53
00:27:56.251,18/01/2026,08:28:49,17_T02,39.122177582,10.181870396,0.2,1828.20,66.36,148.795,1.2,38.52,13.43,1827.22,4336823.54,1781576.54
00:27:57.243,18/01/2026,08:28:50,17_T02,39.122178047,10.181871702,0.2,1828.15,66.48,148.920,1.2,38.52,13.43,1827.22,4336823.66,1781576.59
00:27:58.248,18/01/2026,08:28:51,17_T02,39.122178648,10.181873236,0.2,1828.14,66.44,149.069,1.2,38.52,13.43,1827.13,4336823.79,1781576.65
00:27:59.251,18/01/2026,08:28:52,17_T02,39.122179318,10.181874694,0.2,1828.15,66.25,149.215,1.1,38.52,13.43,1827.13,4336823.92,1781576.73
00:28:00.239,18/01/2026,08:28:53,17_T02,39.122179831,10.181875813,0.2,1828.13,66.10,149.327,1.1,38.52,13.43,1827.12,4336824.01,1781576.78
00:28:01.251,18/01/2026,08:28:54,17_T02,39.122178956,10.181877777,0.2,1828.07,66.08,149.443,1.1,38.52,13.43,1827.12,4336824.18,1781576.69
00:28:02.243,18/01/2026,08:28:55,17_T02,39.122178044,10.181879632,0.3,1827.97,66.21,149.549,1.2,38.52,13.43,1827.04,4336824.35,1781576.59
00:28:03.264,18/01/2026,08:28:56,17_T02,39.122178378,10.181880723,0.2,1827.90,66.35,149.651,1.3,38.52,13.43,1827.04,4336824.44,1781576.63
00:28:04.253,18/01/2026,08:28:57,17_T02,39.122178850,10.181882075,0.2,1827.89,66.41,149.780,1.3,38.52,13.43,1826.87,4336824.56,1781576.68
00:28:05.243,18/01/2026,08:28:58,17_T02,39.122179568,10.181883591,0.2,1827.93,66.21,149.933,1.2,38.52,13.43,1826.87,4336824.69,1781576.76
00:28:06.252,18/01/2026,08:28:59,17_T02,39.122180152,10.181884779,0.2,1827.97,65.92,150.053,1.1,38.52,13.43,1826.89,4336824.79,1781576.82
00:28:07.245,18/01/2026,08:29:00,17_T02,39.122180411,10.181885326,0.2,1827.93,65.83,150.108,1.0,38.52,13.43,1826.89,4336824.84,1781576.85
00:28:08.252,18/01/2026,08:29:01,17_T02,39.122180444,10.181885672,0.2,1827.83,65.96,150.137,1.1,38.52,13.43,1826.89,4336824.87,1781576.85
00:28:09.242,18/01/2026,08:29:02,17_T02,39.122180525,10.181886277,0.2,1827.73,66.18,150.189,1.3,38.52,13.43,1826.89,4336824.92,1781576.86
00:28:10.253,18/01/2026,08:29:03,17_T02,39.122180834,10.181887181,0.2,1827.69,66.30,150.275,1.3,38.52,13.43,1826.70,4336825.00,1781576.90
00:28:11.247,18/01/2026,08:29:04,17_T02,39.122181291,10.181888510,0.2,1827.72,66.34,150.401,1.3,38.52,13.43,1826.70,4336825.12,1781576.95
00:28:12.242,18/01/2026,08:29:05,17_T02,39.122182585,10.181891986,0.2,1827.77,66.27,150.735,1.1,38.52,13.43,1826.70,4336825.42,1781577.09
00:28:13.242,18/01/2026,08:29:06,17_T02,39.122183638,10.181894779,0.2,1827.78,66.16,151.005,1.1,38.52,13.43,1826.70,4336825.66,1781577.21
00:28:14.253,18/01/2026,08:29:07,17_T02,39.122183760,10.181895404,0.2,1827.72,66.16,151.060,1.1,38.52,13.43,1826.75,4336825.72,1781577.22
00:28:15.248,18/01/2026,08:29:08,17_T02,39.122183793,10.181895860,0.2,1827.62,66.29,151.097,1.2,38.52,13.43,1826.75,4336825.76,1781577.23
00:28:16.247,18/01/2026,08:29:09,17_T02,39.122183874,10.181896405,0.2,1827.55,66.43,151.144,1.3,38.52,13.43,1826.58,4336825.80,1781577.23
00:28:17.241,18/01/2026,08:29:10,17_T02,39.122184179,10.181897450,0.2,1827.54,66.49,151.241,1.3,38.52,13.43,1826.58,4336825.89,1781577.27
00:28:18.240,18/01/2026,08:29:11,17_T02,39.122185199,10.181898534,0.2,1827.57,66.39,151.373,1.2,38.52,13.43,1826.50,4336825.99,1781577.38
00:28:19.251,18/01/2026,08:29:12,17_T02,39.122186168,10.181899453,0.2,1827.62,66.12,151.490,1.1,38.52,13.43,1826.50,4336826.07,1781577.49
00:28:20.256,18/01/2026,08:29:13,17_T02,39.122186451,10.181900205,0.2,1827.61,65.94,151.562,1.1,38.52,13.43,1826.57,4336826.13,1781577.52
00:28:21.243,18/01/2026,08:29:14,17_T02,39.122186463,10.181900734,0.1,1827.53,65.98,151.605,1.1,38.52,13.43,1826.57,4336826.18,1781577.52
00:28:22.240,18/01/2026,08:29:15,17_T02,39.122186418,10.181901199,0.1,1827.44,66.15,151.640,1.2,38.52,13.43,1826.47,4336826.22,1781577.52
00:28:23.239,18/01/2026,08:29:16,17_T02,39.122186550,10.181901879,0.1,1827.40,66.28,151.700,1.3,38.52,13.43,1826.47,4336826.28,1781577.53
00:28:24.247,18/01/2026,08:29:17,17_T02,39.122186923,10.181902926,0.2,1827.42,66.25,151.800,1.3,38.52,13.44,1826.34,4336826.37,1781577.57
00:28:25.238,18/01/2026,08:29:18,17_T02,39.122187353,10.181904097,0.2,1827.47,66.11,151.912,1.2,38.52,13.44,1826.34,4336826.47,1781577.62
00:28:26.239,18/01/2026,08:29:19,17_T02,39.122187597,10.181905010,0.2,1827.47,66.01,151.996,1.1,38.52,13.43,1826.44,4336826.55,1781577.65
00:28:27.250,18/01/2026,08:29:20,17_T02,39.122187638,10.181905648,0.1,1827.42,66.06,152.048,1.1,38.52,13.43,1826.44,4336826.61,1781577.65
00:28:28.242,18/01/2026,08:29:21,17_T02,39.122187665,10.181906138,0.1,1827.33,66.18,152.088,1.2,38.52,13.43,1826.33,4336826.65,1781577.66
00:28:29.242,18/01/2026,08:29:22,17_T02,39.122187769,10.181906736,0.1,1827.28,66.31,152.140,1.3,38.52,13.43,1826.33,4336826.70,1781577.67
00:28:30.251,18/01/2026,08:29:23,17_T02,39.122187582,10.181905632,0.2,1827.27,66.42,152.044,1.3,38.52,13.43,1826.23,4336826.61,1781577.65
00:28:31.249,18/01/2026,08:29:24,17_T02,39.122187545,10.181905037,0.2,1827.30,66.46,151.995,1.2,38.52,13.43,1826.23,4336826.55,1781577.64
00:28:32.238,18/01/2026,08:29:25,17_T02,39.122187898,10.181906118,0.1,1827.33,66.39,152.097,1.1,38.52,13.43,1826.27,4336826.65,1781577.68
00:28:33.243,18/01/2026,08:29:26,17_T02,39.122188205,10.181906923,0.1,1827.33,66.20,152.175,1.1,38.52,13.43,1826.27,4336826.72,1781577.71
00:28:34.249,18/01/2026,08:29:27,17_T02,39.122188369,10.181907507,0.1,1827.28,66.11,152.229,1.1,38.52,13.42,1826.29,4336826.77,1781577.73
00:28:35.240,18/01/2026,08:29:28,17_T02,39.122187694,10.181909183,0.1,1827.20,66.16,152.331,1.2,38.52,13.42,1826.29,4336826.91,1781577.66
00:28:36.245,18/01/2026,08:29:29,17_T02,39.122187155,10.181910865,0.2,1827.14,66.28,152.441,1.3,38.52,13.43,1826.11,4336827.06,1781577.60
00:28:37.246,18/01/2026,08:29:30,17_T02,39.122187421,10.181911830,0.2,1827.13,66.36,152.529,1.3,38.52,13.43,1826.11,4336827.14,1781577.63
00:28:38.239,18/01/2026,08:29:31,17_T02,39.122187865,10.181913075,0.2,1827.15,66.28,152.648,1.2,38.52,13.42,1826.09,4336827.25,1781577.68
00:28:39.252,18/01/2026,08:29:32,17_T02,39.122188278,10.181914159,0.2,1827.19,66.11,152.753,1.1,38.52,13.42,1826.09,4336827.35,1781577.72
00:28:40.245,18/01/2026,08:29:33,17_T02,39.122188452,10.181914971,0.2,1827.17,66.04,152.825,1.1,38.52,13.42,1826.14,4336827.42,1781577.74
00:28:41.247,18/01/2026,08:29:34,17_T02,39.122188736,10.181915687,0.2,1827.10,66.15,152.895,1.1,38.52,13.42,1826.14,4336827.48,1781577.78
00:28:42.240,18/01/2026,08:29:35,17_T02,39.122188993,10.181916324,0.2,1827.01,66.31,152.957,1.2,38.52,13.43,1826.01,4336827.54,1781577.80
00:28:43.248,18/01/2026,08:29:36,17_T02,39.122189183,10.181917163,0.2,1826.97,66.44,153.032,1.3,38.52,13.43,1826.01,4336827.61,1781577.82
00:28:44.246,18/01/2026,08:29:37,17_T02,39.122189548,10.181918282,0.2,1826.97,66.41,153.138,1.3,38.52,13.43,1826.01,4336827.71,1781577.87
00:28:45.243,18/01/2026,08:29:38,17_T02,39.122190019,10.181919556,0.2,1827.02,66.20,153.260,1.2,38.52,13.43,1825.94,4336827.82,1781577.92
00:28:46.242,18/01/2026,08:29:39,17_T02,39.122190364,10.181920542,0.2,1827.03,65.99,153.354,1.1,38.52,13.43,1825.94,4336827.90,1781577.96
00:28:47.253,18/01/2026,08:29:40,17_T02,39.122189217,10.181921178,0.2,1826.98,65.96,153.353,1.1,38.52,13.43,1826.00,4336827.96,1781577.83
00:28:48.250,18/01/2026,08:29:41,17_T02,39.122188117,10.181921646,0.2,1826.89,66.11,153.340,1.2,38.52,13.43,1826.00,4336828.00,1781577.71
00:28:49.250,18/01/2026,08:29:42,17_T02,39.122188183,10.181922322,0.2,1826.83,66.31,153.397,1.3,38.52,13.42,1825.88,4336828.06,1781577.72
00:28:50.248,18/01/2026,08:29:43,17_T02,39.122188410,10.181923338,0.2,1826.81,66.45,153.488,1.3,38.52,13.42,1825.88,4336828.15,1781577.74
00:28:51.249,18/01/2026,08:29:44,17_T02,39.122188858,10.181924579,0.2,1826.85,66.33,153.606,1.2,38.52,13.43,1825.77,4336828.25,1781577.79
00:28:52.246,18/01/2026,08:29:45,17_T02,39.122189933,10.181926723,0.2,1826.89,66.03,153.825,1.1,38.52,13.43,1825.77,4336828.44,1781577.91
00:28:53.240,18/01/2026,08:29:46,17_T02,39.122190626,10.181928297,0.2,1826.87,65.89,153.981,1.1,38.52,13.43,1825.86,4336828.58,1781577.99
00:28:54.253,18/01/2026,08:29:47,17_T02,39.122190616,10.181928810,0.2,1826.79,65.98,154.022,1.1,38.52,13.43,1825.86,4336828.62,1781577.99
00:28:55.253,18/01/2026,08:29:48,17_T02,39.122190585,10.181929335,0.2,1826.70,66.17,154.062,1.2,38.52,13.43,1825.77,4336828.67,1781577.98
00:28:56.248,18/01/2026,08:29:49,17_T02,39.122190770,10.181930144,0.2,1826.67,66.30,154.135,1.3,38.52,13.43,1825.77,4336828.74,1781578.00
00:28:57.248,18/01/2026,08:29:50,17_T02,39.122191108,10.181931291,0.2,1826.69,66.33,154.241,1.3,38.52,13.43,1825.65,4336828.84,1781578.04
00:28:58.246,18/01/2026,08:29:51,17_T02,39.122190666,10.181930946,0.2,1826.72,66.29,154.194,1.2,38.52,13.43,1825.65,4336828.81,1781577.99
00:28:59.242,18/01/2026,08:29:52,17_T02,39.122190224,10.181930575,0.2,1826.72,66.26,154.144,1.1,38.52,13.43,1825.69,4336828.77,1781577.94
00:29:00.265,18/01/2026,08:29:53,17_T02,39.122190308,10.181931245,0.2,1826.66,66.33,154.201,1.1,38.52,13.43,1825.69,4336828.83,1781577.95
00:29:01.248,18/01/2026,08:29:54,17_T02,39.122190370,10.181931832,0.1,1826.59,66.45,154.251,1.2,38.52,13.43,1825.64,4336828.88,1781577.96
00:29:02.243,18/01/2026,08:29:55,17_T02,39.122190519,10.181932539,0.1,1826.54,66.52,154.314,1.3,38.52,13.43,1825.64,4336828.95,1781577.98
00:29:03.238,18/01/2026,08:29:56,17_T02,39.122190796,10.181933568,0.2,1826.53,66.52,154.408,1.3,38.52,13.43,1825.53,4336829.04,1781578.01
00:29:04.250,18/01/2026,08:29:57,17_T02,39.122190952,10.181935758,0.2,1826.54,66.47,154.589,1.2,38.52,13.43,1825.53,4336829.23,1781578.02
00:29:05.242,18/01/2026,08:29:58,17_T02,39.122191140,10.181937655,0.2,1826.55,66.36,154.748,1.2,38.52,13.43,1825.51,4336829.39,1781578.05
00:29:06.240,18/01/2026,08:29:59,17_T02,39.122191451,10.181938519,0.2,1826.53,66.21,154.830,1.1,38.52,13.43,1825.51,4336829.47,1781578.08
00:29:07.240,18/01/2026,08:30:00,17_T02,39.122191652,10.181939198,0.2,1826.48,66.11,154.893,1.2,38.52,13.43,1825.49,4336829.52,1781578.10
00:29:08.249,18/01/2026,08:30:01,17_T02,39.122191775,10.181939934,0.2,1826.44,66.11,154.957,1.2,38.52,13.43,1825.49,4336829.59,1781578.12
00:29:09.242,18/01/2026,08:30:02,17_T02,39.122191866,10.181940727,0.2,1826.40,66.20,155.024,1.2,38.52,13.42,1825.40,4336829.66,1781578.13
00:29:10.251,18/01/2026,08:30:03,17_T02,39.122192813,10.181942132,0.2,1826.38,66.31,155.179,1.2,38.52,13.42,1825.40,4336829.78,1781578.23
00:29:11.243,18/01/2026,08:30:04,17_T02,39.122193700,10.181943525,0.2,1826.38,66.38,155.329,1.2,38.52,13.42,1825.35,4336829.90,1781578.33
00:29:12.251,18/01/2026,08:30:05,17_T02,39.122193988,10.181944539,0.2,1826.38,66.39,155.423,1.2,38.52,13.42,1825.35,4336829.99,1781578.36
00:29:13.245,18/01/2026,08:30:06,17_T02,39.122194248,10.181945456,0.2,1826.37,66.32,155.507,1.1,38.52,13.43,1825.36,4336830.07,1781578.39
00:29:14.252,18/01/2026,08:30:07,17_T02,39.122194396,10.181946213,0.2,1826.33,66.27,155.574,1.2,38.52,13.43,1825.36,4336830.13,1781578.41
00:29:15.244,18/01/2026,08:30:08,17_T02,39.122193767,10.181946749,0.2,1826.28,66.30,155.588,1.2,38.52,13.43,1825.30,4336830.18,1781578.34
00:29:16.252,18/01/2026,08:30:09,17_T02,39.122193238,10.181947382,0.2,1826.23,66.36,155.615,1.2,38.52,13.43,1825.30,4336830.24,1781578.28
00:29:17.248,18/01/2026,08:30:10,17_T02,39.122193433,10.181948284,0.2,1826.20,66.42,155.695,1.3,38.52,13.43,1825.20,4336830.31,1781578.30
00:29:18.238,18/01/2026,08:30:11,17_T02,39.122193736,10.181949375,0.2,1826.21,66.42,155.796,1.2,38.52,13.43,1825.20,4336830.41,1781578.33
00:29:19.247,18/01/2026,08:30:12,17_T02,39.122194044,10.181950351,0.2,1826.22,66.29,155.887,1.2,38.52,13.43,1825.20,4336830.49,1781578.37
00:29:20.252,18/01/2026,08:30:13,17_T02,39.122194280,10.181951205,0.2,1826.20,66.16,155.965,1.1,38.52,13.43,1825.20,4336830.57,1781578.39
00:29:21.242,18/01/2026,08:30:14,17_T02,39.122194581,10.181952648,0.2,1826.15,66.18,156.094,1.2,38.52,13.43,1825.16,4336830.69,1781578.43
00:29:22.252,18/01/2026,08:30:15,17_T02,39.122194852,10.181954104,0.2,1826.09,66.28,156.221,1.2,38.52,13.43,1825.16,4336830.82,1781578.46
00:29:23.247,18/01/2026,08:30:16,17_T02,39.122194989,10.181954873,0.2,1826.06,66.36,156.289,1.3,38.52,13.43,1825.04,4336830.89,1781578.47
00:29:24.247,18/01/2026,08:30:17,17_T02,39.122195251,10.181955930,0.2,1826.06,66.40,156.384,1.3,38.52,13.43,1825.04,4336830.98,1781578.50
00:29:25.239,18/01/2026,08:30:18,17_T02,39.122195513,10.181956937,0.2,1826.07,66.38,156.476,1.2,38.52,13.43,1825.04,4336831.07,1781578.53
00:29:26.249,18/01/2026,08:30:19,17_T02,39.122195691,10.181957921,0.2,1826.07,66.38,156.562,1.1,38.52,13.43,1825.04,4336831.15,1781578.55
00:29:27.241,18/01/2026,08:30:20,17_T02,39.122195774,10.181958654,0.2,1826.03,66.44,156.624,1.2,38.52,13.43,1825.03,4336831.22,1781578.56
00:29:28.242,18/01/2026,08:30:21,17_T02,39.122195856,10.181959299,0.1,1825.98,66.49,156.679,1.2,38.52,13.43,1825.03,4336831.27,1781578.57
00:29:29.240,18/01/2026,08:30:22,17_T02,39.122196025,10.181960051,0.1,1825.94,66.51,156.747,1.2,38.52,13.43,1824.93,4336831.34,1781578.59
00:29:30.252,18/01/2026,08:30:23,17_T02,39.122196275,10.181960989,0.1,1825.93,66.46,156.832,1.2,38.52,13.43,1824.93,4336831.42,1781578.62
00:29:31.251,18/01/2026,08:30:24,17_T02,39.122196503,10.181962004,0.1,1825.93,66.42,156.923,1.2,38.52,13.43,1824.92,4336831.51,1781578.64
00:29:32.248,18/01/2026,08:30:25,17_T02,39.122195622,10.181961625,0.1,1825.91,66.39,156.853,1.2,38.52,13.43,1824.92,4336831.47,1781578.54
00:29:33.245,18/01/2026,08:30:26,17_T02,39.122194887,10.181961305,0.1,1825.88,66.37,156.795,1.2,38.52,13.43,1824.87,4336831.45,1781578.46
00:29:34.243,18/01/2026,08:30:27,17_T02,39.122195112,10.181962051,0.1,1825.86,66.31,156.864,1.2,38.52,13.43,1824.87,4336831.51,1781578.49
00:29:35.238,18/01/2026,08:30:28,17_T02,39.122195288,10.181962745,0.1,1825.86,66.21,156.927,1.2,38.52,13.43,1824.83,4336831.57,1781578.51
00:29:36.249,18/01/2026,08:30:29,17_T02,39.122195315,10.181963413,0.1,1825.84,66.19,156.982,1.2,38.52,13.43,1824.83,4336831.63,1781578.51
00:29:37.244,18/01/2026,08:30:30,17_T02,39.122195200,10.181964013,0.1,1825.80,66.30,157.024,1.2,38.52,13.42,1824.80,4336831.68,1781578.50
00:29:38.241,18/01/2026,08:30:31,17_T02,39.122196767,10.181965455,0.1,1825.74,66.43,157.209,1.2,38.52,13.42,1824.80,4336831.81,1781578.67
00:29:39.238,18/01/2026,08:30:32,17_T02,39.122198278,10.181966878,0.2,1825.71,66.47,157.390,1.3,38.52,13.42,1824.80,4336831.93,1781578.84
00:29:40.242,18/01/2026,08:30:33,17_T02,39.122198561,10.181967848,0.1,1825.71,66.45,157.480,1.3,38.52,13.42,1824.70,4336832.02,1781578.87
00:29:41.239,18/01/2026,08:30:34,17_T02,39.122198841,10.181968869,0.2,1825.73,66.36,157.574,1.2,38.52,13.42,1824.70,4336832.10,1781578.90
00:29:42.247,18/01/2026,08:30:35,17_T02,39.122199041,10.181969893,0.2,1825.73,66.28,157.664,1.1,38.52,13.42,1824.70,4336832.19,1781578.92
00:29:43.242,18/01/2026,08:30:36,17_T02,39.122199202,10.181970713,0.2,1825.70,66.27,157.737,1.2,38.52,13.42,1824.70,4336832.26,1781578.94
00:29:44.253,18/01/2026,08:30:37,17_T02,39.122200571,10.181972989,0.2,1825.65,66.32,157.979,1.2,38.52,13.42,1824.69,4336832.46,1781579.09
00:29:45.238,18/01/2026,08:30:38,17_T02,39.122201785,10.181975140,0.2,1825.61,66.40,158.205,1.2,38.52,13.42,1824.69,4336832.65,1781579.23
00:29:46.247,18/01/2026,08:30:39,17_T02,39.122202002,10.181976178,0.2,1825.59,66.44,158.297,1.2,38.52,13.42,1824.59,4336832.74,1781579.25
00:29:47.247,18/01/2026,08:30:40,17_T02,39.122202332,10.181977350,0.2,1825.60,66.40,158.405,1.2,38.52,13.42,1824.59,4336832.84,1781579.29
00:29:48.245,18/01/2026,08:30:41,17_T02,39.122202648,10.181978405,0.2,1825.60,66.31,158.503,1.1,38.52,13.43,1824.57,4336832.93,1781579.32
00:29:49.244,18/01/2026,08:30:42,17_T02,39.122201357,10.181978346,0.2,1825.57,66.33,158.440,1.1,38.52,13.43,1824.57,4336832.93,1781579.18
00:29:50.247,18/01/2026,08:30:43,17_T02,39.122200283,10.181978359,0.2,1825.50,66.43,158.393,1.2,38.52,13.42,1824.56,4336832.93,1781579.06
00:29:51.247,18/01/2026,08:30:44,17_T02,39.122200430,10.181979234,0.2,1825.44,66.53,158.469,1.2,38.52,13.42,1824.56,4336833.01,1781579.08
00:29:52.246,18/01/2026,08:30:45,17_T02,39.122200699,10.181980297,0.2,1825.42,66.57,158.565,1.3,38.52,13.42,1824.43,4336833.10,1781579.11
00:29:53.245,18/01/2026,08:30:46,17_T02,39.122201076,10.181981531,0.2,1825.42,66.53,158.680,1.2,38.52,13.42,1824.43,4336833.21,1781579.15
00:29:54.238,18/01/2026,08:30:47,17_T02,39.122201465,10.181982680,0.2,1825.42,66.42,158.789,1.1,38.53,13.43,1824.40,4336833.31,1781579.19
00:29:55.240,18/01/2026,08:30:48,17_T02,39.122201436,10.181984575,0.2,1825.40,66.33,158.938,1.1,38.53,13.43,1824.40,4336833.47,1781579.19
00:29:56.247,18/01/2026,08:30:49,17_T02,39.122201277,10.181986623,0.2,1825.35,66.33,159.094,1.1,38.52,13.43,1824.38,4336833.65,1781579.17
00:29:57.245,18/01/2026,08:30:50,17_T02,39.122201497,10.181987524,0.2,1825.29,66.38,159.175,1.2,38.52,13.43,1824.38,4336833.73,1781579.20
00:29:58.239,18/01/2026,08:30:51,17_T02,39.122201756,10.181988500,0.2,1825.24,66.44,159.264,1.3,38.52,13.42,1824.27,4336833.81,1781579.23
00:29:59.249,18/01/2026,08:30:52,17_T02,39.122202150,10.181989806,0.2,1825.23,66.47,159.386,1.2,38.52,13.42,1824.27,4336833.93,1781579.27
