ASFIndex,Date,Time,Area,Lat,Long,Speed,P,Heading,mp,Altitude,Sal,T,Depth,E,N
00:00:00.138,18/01/2026,10:00:53,17_T02,39.121700711,10.187379014,0.2,1665.17,126.89,665.859,2.1,38.53,13.42,1664.12,4337302.93,1781525.08
00:00:01.136,18/01/2026,10:00:54,17_T02,39.121700468,10.187380141,0.2,1665.20,126.80,665.961,2.0,38.52,13.41,1664.19,4337303.03,1781525.05
00:00:02.133,18/01/2026,10:00:55,17_T02,39.121700219,10.187380618,0.2,1665.17,126.65,666.009,2.0,38.52,13.41,1664.19,4337303.07,1781525.02
00:00:03.126,18/01/2026,10:00:56,17_T02,39.121700099,10.187380923,0.2,1665.10,126.51,666.039,2.1,38.53,13.41,1664.10,4337303.10,1781525.01
00:00:04.125,18/01/2026,10:00:57,17_T02,39.121699751,10.187381600,0.2,1665.02,126.45,666.107,2.2,38.53,13.41,1664.10,4337303.16,1781524.97
00:00:05.137,18/01/2026,10:00:58,17_T02,39.121699886,10.187384273,0.2,1665.01,126.49,666.321,2.2,38.53,13.42,1663.98,4337303.39,1781524.99
00:00:06.130,18/01/2026,10:00:59,17_T02,39.121699986,10.187387000,0.2,1665.05,126.58,666.540,2.1,38.53,13.42,1663.98,4337303.63,1781525.00
00:00:07.128,18/01/2026,10:01:00,17_T02,39.121699436,10.187387820,0.2,1665.09,126.66,666.628,2.1,38.53,13.42,1663.98,4337303.70,1781524.94
00:00:08.136,18/01/2026,10:01:01,17_T02,39.121698966,10.187388373,0.2,1665.08,126.87,666.691,2.0,38.52,13.42,1664.05,4337303.75,1781524.88
00:00:09.128,18/01/2026,10:01:02,17_T02,39.121698488,10.187388981,0.2,1665.03,127.03,666.758,2.1,38.52,13.42,1664.05,4337303.80,1781524.83
00:00:10.125,18/01/2026,10:01:03,17_T02,39.121698026,10.187389685,0.2,1664.97,127.00,666.833,2.1,38.53,13.41,1664.02,4337303.86,1781524.78
00:00:11.144,18/01/2026,10:01:04,17_T02,39.121698042,10.187391407,0.2,1664.94,126.86,666.974,2.2,38.53,13.41,1664.02,4337304.01,1781524.78
00:00:12.131,18/01/2026,10:01:05,17_T02,39.121698305,10.187394549,0.2,1664.94,126.77,667.221,2.1,38.53,13.42,1663.92,4337304.29,1781524.81
00:00:13.124,18/01/2026,10:01:06,17_T02,39.121697759,10.187395482,0.2,1664.95,126.78,667.318,2.1,38.53,13.42,1663.92,4337304.37,1781524.75
00:00:14.136,18/01/2026,10:01:07,17_T02,39.121697246,10.187396213,0.2,1664.95,126.81,667.397,2.1,38.53,13.41,1663.92,4337304.43,1781524.70
00:00:15.128,18/01/2026,10:01:08,17_T02,39.121696786,10.187396961,0.2,1664.92,126.73,667.475,2.1,38.53,13.41,1663.92,4337304.50,1781524.65
00:00:16.123,18/01/2026,10:01:09,17_T02,39.121697163,10.187398242,0.2,1664.88,126.58,667.566,2.1,38.53,13.41,1663.90,4337304.61,1781524.69
00:00:17.132,18/01/2026,10:01:10,17_T02,39.121697532,10.187399647,0.2,1664.84,126.56,667.668,2.2,38.53,13.41,1663.90,4337304.73,1781524.73
00:00:18.129,18/01/2026,10:01:11,17_T02,39.121696893,10.187400489,0.2,1664.82,126.78,667.760,2.1,38.53,13.42,1663.83,4337304.80,1781524.66
00:00:19.125,18/01/2026,10:01:12,17_T02,39.121696248,10.187401207,0.2,1664.82,127.07,667.843,2.1,38.53,13.42,1663.83,4337304.86,1781524.59
00:00:20.137,18/01/2026,10:01:13,17_T02,39.121695665,10.187401980,0.2,1664.80,127.15,667.928,2.1,38.53,13.42,1663.79,4337304.93,1781524.52
00:00:21.131,18/01/2026,10:01:14,17_T02,39.121695386,10.187402885,0.2,1664.78,126.99,668.013,2.1,38.53,13.42,1663.79,4337305.01,1781524.49
00:00:22.129,18/01/2026,10:01:15,17_T02,39.121695161,10.187403771,0.2,1664.74,126.76,668.094,2.1,38.53,13.42,1663.76,4337305.09,1781524.47
00:00:23.137,18/01/2026,10:01:16,17_T02,39.121694709,10.187404640,0.2,1664.71,126.58,668.182,2.2,38.53,13.42,1663.76,4337305.16,1781524.42
00:00:24.130,18/01/2026,10:01:17,17_T02,39.121694231,10.187405563,0.2,1664.69,126.43,668.275,2.2,38.53,13.42,1663.69,4337305.24,1781524.37
00:00:25.122,18/01/2026,10:01:18,17_T02,39.121693762,10.187406441,0.2,1664.68,126.28,668.364,2.2,38.53,13.42,1663.69,4337305.32,1781524.31
00:00:26.127,18/01/2026,10:01:19,17_T02,39.121693313,10.187407288,0.2,1664.66,126.23,668.450,2.1,38.53,13.42,1663.64,4337305.39,1781524.26
00:00:27.133,18/01/2026,10:01:20,17_T02,39.121693501,10.187408827,0.2,1664.63,126.48,668.569,2.2,38.53,13.42,1663.64,4337305.53,1781524.29
00:00:28.125,18/01/2026,10:01:21,17_T02,39.121693639,10.187410199,0.2,1664.60,126.73,668.677,2.2,38.53,13.42,1663.62,4337305.65,1781524.30
00:00:29.133,18/01/2026,10:01:22,17_T02,39.121693050,10.187410960,0.2,1664.58,126.84,668.761,2.2,38.53,13.42,1663.62,4337305.71,1781524.24
00:00:30.125,18/01/2026,10:01:23,17_T02,39.121692609,10.187411869,0.2,1664.56,126.77,668.852,2.2,38.53,13.42,1663.56,4337305.79,1781524.19
00:00:31.135,18/01/2026,10:01:24,17_T02,39.121692142,10.187412631,0.2,1664.55,126.87,668.932,2.2,38.53,13.42,1663.56,4337305.86,1781524.14
00:00:32.126,18/01/2026,10:01:25,17_T02,39.121691405,10.187413460,0.2,1664.54,127.11,669.027,2.1,38.53,13.42,1663.53,4337305.93,1781524.06
00:00:33.129,18/01/2026,10:01:26,17_T02,39.121690690,10.187414192,0.2,1664.53,127.21,669.113,2.1,38.53,13.42,1663.53,4337306.00,1781523.98
00:00:34.125,18/01/2026,10:01:27,17_T02,39.121690353,10.187414884,0.2,1664.51,126.99,669.183,2.2,38.53,13.42,1663.49,4337306.06,1781523.94
00:00:35.136,18/01/2026,10:01:28,17_T02,39.121690110,10.187415688,0.2,1664.45,126.63,669.258,2.2,38.53,13.42,1663.49,4337306.13,1781523.91
00:00:36.134,18/01/2026,10:01:29,17_T02,39.121689700,10.187416557,0.2,1664.41,126.50,669.344,2.2,38.53,13.42,1663.42,4337306.20,1781523.87
00:00:37.127,18/01/2026,10:01:30,17_T02,39.121688592,10.187415728,0.2,1664.38,126.58,669.317,2.2,38.53,13.42,1663.42,4337306.13,1781523.75
00:00:38.123,18/01/2026,10:01:31,17_T02,39.121687484,10.187414965,0.2,1664.38,126.63,669.296,2.2,38.53,13.42,1663.37,4337306.06,1781523.62
00:00:39.122,18/01/2026,10:01:32,17_T02,39.121687018,10.187415854,0.2,1664.39,126.53,669.386,2.2,38.53,13.42,1663.37,4337306.14,1781523.57
00:00:40.128,18/01/2026,10:01:33,17_T02,39.121686679,10.187416514,0.2,1664.40,126.44,669.453,2.1,38.53,13.42,1663.37,4337306.20,1781523.53
00:00:41.124,18/01/2026,10:01:34,17_T02,39.121686324,10.187416996,0.2,1664.35,126.46,669.506,2.1,38.53,13.42,1663.37,4337306.24,1781523.50
00:00:42.131,18/01/2026,10:01:35,17_T02,39.121684936,10.187416317,0.2,1664.27,126.42,669.502,2.2,38.53,13.42,1663.33,4337306.18,1781523.34
00:00:43.127,18/01/2026,10:01:36,17_T02,39.121683211,10.187415561,0.2,1664.20,126.44,669.504,2.3,38.53,13.42,1663.33,4337306.12,1781523.15
00:00:44.135,18/01/2026,10:01:37,17_T02,39.121682576,10.187416474,0.2,1664.19,126.65,669.602,2.3,38.53,13.42,1663.18,4337306.20,1781523.08
00:00:45.133,18/01/2026,10:01:38,17_T02,39.121681880,10.187417425,0.2,1664.21,126.89,669.706,2.2,38.53,13.42,1663.18,4337306.28,1781523.01
00:00:46.126,18/01/2026,10:01:39,17_T02,39.121681309,10.187418097,0.2,1664.24,127.01,669.782,2.1,38.53,13.42,1663.20,4337306.34,1781522.94
00:00:47.122,18/01/2026,10:01:40,17_T02,39.121680952,10.187418702,0.2,1664.23,126.84,669.845,2.1,38.53,13.42,1663.20,4337306.39,1781522.90
00:00:48.136,18/01/2026,10:01:41,17_T02,39.121681129,10.187421426,0.2,1664.17,126.63,670.062,2.1,38.53,13.41,1663.20,4337306.63,1781522.92
00:00:49.127,18/01/2026,10:01:42,17_T02,39.121681237,10.187424063,0.2,1664.09,126.48,670.274,2.2,38.53,13.41,1663.20,4337306.86,1781522.94
00:00:50.124,18/01/2026,10:01:43,17_T02,39.121680662,10.187424931,0.2,1664.04,126.62,670.366,2.3,38.53,13.42,1663.03,4337306.93,1781522.87
00:00:51.133,18/01/2026,10:01:44,17_T02,39.121679846,10.187425779,0.2,1664.05,126.98,670.466,2.3,38.53,13.42,1663.03,4337307.01,1781522.78
00:00:52.127,18/01/2026,10:01:45,17_T02,39.121679299,10.187426730,0.2,1664.08,126.93,670.564,2.2,38.53,13.42,1663.03,4337307.09,1781522.72
00:00:53.124,18/01/2026,10:01:46,17_T02,39.121679323,10.187427937,0.2,1664.09,126.75,670.662,2.1,38.53,13.42,1663.03,4337307.19,1781522.73
00:00:54.136,18/01/2026,10:01:47,17_T02,39.121679422,10.187428790,0.2,1664.05,126.68,670.728,2.1,38.53,13.41,1663.05,4337307.27,1781522.74
00:00:55.134,18/01/2026,10:01:48,17_T02,39.121679237,10.187429015,0.2,1663.97,126.73,670.754,2.2,38.53,13.41,1663.05,4337307.29,1781522.72
00:00:56.124,18/01/2026,10:01:49,17_T02,39.121678698,10.187429779,0.2,1663.89,126.71,670.836,2.3,38.53,13.41,1662.90,4337307.36,1781522.66
00:00:57.129,18/01/2026,10:01:50,17_T02,39.121678123,10.187430836,0.2,1663.87,126.58,670.944,2.3,38.53,13.41,1662.90,4337307.45,1781522.59
00:00:58.123,18/01/2026,10:01:51,17_T02,39.121678372,10.187432204,0.2,1663.90,126.57,671.047,2.2,38.53,13.42,1662.85,4337307.57,1781522.62
00:00:59.140,18/01/2026,10:01:52,17_T02,39.121678618,10.187433337,0.2,1663.92,126.74,671.131,2.1,38.53,13.42,1662.85,4337307.66,1781522.65
00:01:00.122,18/01/2026,10:01:53,17_T02,39.121678083,10.187433932,0.2,1663.90,126.89,671.199,2.1,38.53,13.42,1662.89,4337307.72,1781522.59
00:01:01.129,18/01/2026,10:01:54,17_T02,39.121677664,10.187434628,0.2,1663.83,126.79,671.272,2.2,38.53,13.42,1662.89,4337307.78,1781522.54
00:01:02.122,18/01/2026,10:01:55,17_T02,39.121677325,10.187435555,0.2,1663.77,126.53,671.360,2.2,38.53,13.42,1662.77,4337307.86,1781522.51
00:01:03.120,18/01/2026,10:01:56,17_T02,39.121676873,10.187436449,0.2,1663.73,126.45,671.450,2.3,38.53,13.42,1662.77,4337307.94,1781522.46
00:01:04.122,18/01/2026,10:01:57,17_T02,39.121675737,10.187437101,0.2,1663.72,126.76,671.546,2.3,38.53,13.42,1662.68,4337307.99,1781522.33
00:01:05.128,18/01/2026,10:01:58,17_T02,39.121674798,10.187437802,0.2,1663.71,126.86,671.639,2.2,38.53,13.42,1662.68,4337308.05,1781522.23
00:01:06.135,18/01/2026,10:01:59,17_T02,39.121674265,10.187438488,0.2,1663.68,126.91,671.715,2.2,38.53,13.42,1662.67,4337308.11,1781522.17
00:01:07.125,18/01/2026,10:02:00,17_T02,39.121673885,10.187439233,0.2,1663.63,126.81,671.790,2.2,38.53,13.42,1662.67,4337308.18,1781522.13
00:01:08.133,18/01/2026,10:02:01,17_T02,39.121673435,10.187440063,0.2,1663.57,126.75,671.874,2.3,38.53,13.42,1662.67,4337308.25,1781522.08
00:01:09.131,18/01/2026,10:02:02,17_T02,39.121674142,10.187441538,0.2,1663.51,126.80,671.969,2.3,38.53,13.42,1662.56,4337308.38,1781522.16
00:01:10.125,18/01/2026,10:02:03,17_T02,39.121674662,10.187442907,0.2,1663.46,126.91,672.062,2.4,38.53,13.42,1662.56,4337308.50,1781522.21
00:01:11.132,18/01/2026,10:02:04,17_T02,39.121674117,10.187443906,0.2,1663.42,126.84,672.164,2.3,38.53,13.42,1662.46,4337308.59,1781522.15
00:01:12.129,18/01/2026,10:02:05,17_T02,39.121673693,10.187444707,0.2,1663.36,126.88,672.245,2.4,38.53,13.42,1662.46,4337308.66,1781522.11
00:01:13.128,18/01/2026,10:02:06,17_T02,39.121673114,10.187445381,0.2,1663.29,127.08,672.322,2.4,38.53,13.42,1662.34,4337308.71,1781522.04
00:01:14.137,18/01/2026,10:02:07,17_T02,39.121673283,10.187446823,0.2,1663.22,127.17,672.434,2.4,38.53,13.42,1662.34,4337308.84,1781522.06
00:01:15.133,18/01/2026,10:02:08,17_T02,39.121673454,10.187448311,0.2,1663.15,127.22,672.549,2.5,38.53,13.42,1662.22,4337308.97,1781522.08
00:01:16.127,18/01/2026,10:02:09,17_T02,39.121672940,10.187449148,0.2,1663.10,127.18,672.637,2.5,38.53,13.42,1662.22,4337309.04,1781522.03
00:01:17.137,18/01/2026,10:02:10,17_T02,39.121672525,10.187450215,0.2,1663.07,126.95,672.740,2.5,38.53,13.42,1662.08,4337309.13,1781521.98
00:01:18.135,18/01/2026,10:02:11,17_T02,39.121672018,10.187451084,0.2,1663.03,126.90,672.830,2.5,38.53,13.42,1662.08,4337309.21,1781521.92
00:01:19.127,18/01/2026,10:02:12,17_T02,39.121671771,10.187452025,0.2,1662.97,126.66,672.916,2.5,38.52,13.42,1662.00,4337309.29,1781521.90
00:01:20.126,18/01/2026,10:02:13,17_T02,39.121671479,10.187452958,0.2,1662.90,126.46,673.003,2.4,38.52,13.42,1662.00,4337309.37,1781521.87
00:01:21.124,18/01/2026,10:02:14,17_T02,39.121671077,10.187453775,0.2,1662.85,126.36,673.085,2.5,38.53,13.42,1661.87,4337309.44,1781521.82
00:01:22.133,18/01/2026,10:02:15,17_T02,39.121670379,10.187454442,0.2,1662.80,126.68,673.166,2.5,38.53,13.42,1661.87,4337309.50,1781521.74
00:01:23.128,18/01/2026,10:02:16,17_T02,39.121669692,10.187455066,0.2,1662.74,126.96,673.243,2.5,38.53,13.42,1661.76,4337309.56,1781521.67
00:01:24.123,18/01/2026,10:02:17,17_T02,39.121669119,10.187455685,0.2,1662.68,127.08,673.314,2.5,38.53,13.42,1661.76,4337309.61,1781521.61
00:01:25.122,18/01/2026,10:02:18,17_T02,39.121667624,10.187455066,0.2,1662.60,127.21,673.320,2.5,38.53,13.42,1661.65,4337309.56,1781521.44
00:01:26.131,18/01/2026,10:02:19,17_T02,39.121666105,10.187454450,0.2,1662.51,127.44,673.326,2.5,38.53,13.42,1661.65,4337309.50,1781521.27
00:01:27.129,18/01/2026,10:02:20,17_T02,39.121665608,10.187455125,0.2,1662.43,127.52,673.399,2.6,38.53,13.42,1661.48,4337309.56,1781521.22
00:01:28.129,18/01/2026,10:02:21,17_T02,39.121665122,10.187455842,0.2,1662.35,127.41,673.476,2.6,38.53,13.42,1661.48,4337309.63,1781521.16
00:01:29.126,18/01/2026,10:02:22,17_T02,39.121664912,10.187456689,0.2,1662.28,126.90,673.553,2.6,38.53,13.42,1661.32,4337309.70,1781521.14
00:01:30.122,18/01/2026,10:02:23,17_T02,39.121665182,10.187455953,0.2,1662.21,126.27,673.483,2.7,38.53,13.42,1661.32,4337309.64,1781521.17
00:01:31.132,18/01/2026,10:02:24,17_T02,39.121664840,10.187454923,0.2,1662.12,126.60,673.411,2.7,38.53,13.42,1661.16,4337309.55,1781521.13
00:01:32.127,18/01/2026,10:02:25,17_T02,39.121664296,10.187455550,0.2,1662.03,126.76,673.483,2.7,38.53,13.42,1661.16,4337309.60,1781521.07
00:01:33.125,18/01/2026,10:02:26,17_T02,39.121663938,10.187456164,0.1,1661.95,126.68,673.547,2.8,38.53,13.42,1660.99,4337309.65,1781521.03
00:01:34.135,18/01/2026,10:02:27,17_T02,39.121663624,10.187456637,0.1,1661.88,126.62,673.597,2.9,38.53,13.42,1660.99,4337309.70,1781521.00
00:01:35.121,18/01/2026,10:02:28,17_T02,39.121662463,10.187456794,0.1,1661.83,126.64,673.653,2.9,38.53,13.42,1660.85,4337309.71,1781520.87
00:01:36.130,18/01/2026,10:02:29,17_T02,39.121661313,10.187457177,0.2,1661.78,126.63,673.727,2.9,38.53,13.42,1660.85,4337309.74,1781520.74
00:01:37.122,18/01/2026,10:02:30,17_T02,39.121660791,10.187457871,0.2,1661.75,126.68,673.803,2.8,38.53,13.42,1660.72,4337309.80,1781520.69
00:01:38.127,18/01/2026,10:02:31,17_T02,39.121660299,10.187458556,0.1,1661.72,126.71,673.878,2.7,38.53,13.42,1660.72,4337309.86,1781520.63
00:01:39.123,18/01/2026,10:02:32,17_T02,39.121659917,10.187459260,0.1,1661.70,126.62,673.950,2.8,38.53,13.42,1660.67,4337309.92,1781520.59
00:01:40.129,18/01/2026,10:02:33,17_T02,39.121659535,10.187459898,0.1,1661.67,126.64,674.016,2.7,38.53,13.42,1660.67,4337309.98,1781520.55
00:01:41.132,18/01/2026,10:02:34,17_T02,39.121658387,10.187460311,0.2,1661.61,127.05,674.093,2.7,38.53,13.42,1660.61,4337310.02,1781520.42
00:01:42.125,18/01/2026,10:02:35,17_T02,39.121657066,10.187460696,0.2,1661.54,127.67,674.173,2.8,38.53,13.42,1660.61,4337310.05,1781520.28
00:01:43.137,18/01/2026,10:02:36,17_T02,39.121656492,10.187461505,0.2,1661.49,127.63,674.261,2.7,38.53,13.42,1660.47,4337310.12,1781520.21
00:01:44.134,18/01/2026,10:02:37,17_T02,39.121656035,10.187462436,0.2,1661.45,127.45,674.354,2.6,38.53,13.42,1660.47,4337310.20,1781520.16
00:01:45.126,18/01/2026,10:02:38,17_T02,39.121655611,10.187463290,0.2,1661.41,127.16,674.440,2.4,38.53,13.42,1660.40,4337310.28,1781520.12
00:01:46.130,18/01/2026,10:02:39,17_T02,39.121654572,10.187464899,0.2,1661.37,126.81,674.611,2.5,38.53,13.42,1660.40,4337310.42,1781520.00
00:01:47.124,18/01/2026,10:02:40,17_T02,39.121653572,10.187466274,0.2,1661.30,126.60,674.760,2.6,38.53,13.42,1660.29,4337310.54,1781519.89
00:01:48.122,18/01/2026,10:02:41,17_T02,39.121653169,10.187466915,0.2,1661.23,126.49,674.828,2.6,38.53,13.42,1660.29,4337310.59,1781519.85
00:01:49.134,18/01/2026,10:02:42,17_T02,39.121652644,10.187467609,0.2,1661.16,126.59,674.904,2.6,38.53,13.42,1660.17,4337310.65,1781519.79
00:01:50.131,18/01/2026,10:02:43,17_T02,39.121652023,10.187468335,0.2,1661.11,126.75,674.987,2.6,38.53,13.42,1660.17,4337310.72,1781519.72
00:01:51.127,18/01/2026,10:02:44,17_T02,39.121651852,10.187469746,0.2,1661.06,126.84,675.109,2.6,38.53,13.42,1660.04,4337310.84,1781519.70
00:01:52.126,18/01/2026,10:02:45,17_T02,39.121651841,10.187471156,0.2,1661.02,126.63,675.225,2.6,38.53,13.42,1660.04,4337310.96,1781519.70
00:01:53.123,18/01/2026,10:02:46,17_T02,39.121651236,10.187471910,0.2,1660.96,126.80,675.309,2.5,38.53,13.42,1659.94,4337311.03,1781519.64
00:01:54.134,18/01/2026,10:02:47,17_T02,39.121650506,10.187472539,0.2,1660.87,127.14,675.388,2.6,38.53,13.42,1659.94,4337311.08,1781519.56
00:01:55.129,18/01/2026,10:02:48,17_T02,39.121650077,10.187473168,0.2,1660.78,127.07,675.455,2.6,38.53,13.42,1659.78,4337311.14,1781519.51
00:01:56.121,18/01/2026,10:02:49,17_T02,39.121649556,10.187474167,0.2,1660.70,126.91,675.556,2.6,38.53,13.42,1659.78,4337311.22,1781519.45
00:01:57.132,18/01/2026,10:02:50,17_T02,39.121649109,10.187475290,0.2,1660.63,126.65,675.665,2.6,38.53,13.42,1659.61,4337311.32,1781519.40
00:01:58.129,18/01/2026,10:02:51,17_T02,39.121648795,10.187476330,0.2,1660.56,126.41,675.762,2.6,38.53,13.42,1659.61,4337311.41,1781519.37
00:01:59.121,18/01/2026,10:02:52,17_T02,39.121648244,10.187477067,0.2,1660.47,126.50,675.843,2.6,38.53,13.42,1659.47,4337311.48,1781519.31
00:02:00.135,18/01/2026,10:02:53,17_T02,39.121647774,10.187477674,0.2,1660.37,126.58,675.910,2.7,38.53,13.42,1659.47,4337311.53,1781519.25
00:02:01.128,18/01/2026,10:02:54,17_T02,39.121647219,10.187477996,0.2,1660.26,126.97,675.957,2.8,38.53,13.42,1659.26,4337311.56,1781519.19
00:02:02.123,18/01/2026,10:02:55,17_T02,39.121647091,10.187479284,0.2,1660.17,126.69,676.067,2.9,38.53,13.42,1659.26,4337311.67,1781519.18
00:02:03.135,18/01/2026,10:02:56,17_T02,39.121647954,10.187481886,0.2,1660.12,123.80,676.248,2.9,38.53,13.42,1659.08,4337311.90,1781519.28
00:02:04.132,18/01/2026,10:02:57,17_T02,39.121649032,10.187484225,0.2,1660.12,120.04,676.400,2.8,38.53,13.42,1659.08,4337312.10,1781519.40
00:02:05.122,18/01/2026,10:02:58,17_T02,39.121650352,10.187486418,0.2,1660.12,116.07,676.530,2.7,38.52,13.42,1659.07,4337312.29,1781519.54
00:02:06.132,18/01/2026,10:02:59,17_T02,39.121651994,10.187488467,0.2,1660.10,111.65,676.637,2.5,38.52,13.42,1659.07,4337312.47,1781519.72
00:02:07.129,18/01/2026,10:03:00,17_T02,39.121653689,10.187490866,0.3,1660.05,107.75,676.770,2.5,38.52,13.42,1659.07,4337312.68,1781519.91
00:02:08.121,18/01/2026,10:03:01,17_T02,39.121655415,10.187493049,0.3,1659.98,104.03,676.885,2.6,38.53,13.42,1659.01,4337312.87,1781520.10
00:02:09.132,18/01/2026,10:03:02,17_T02,39.121657105,10.187494660,0.3,1659.94,100.02,676.954,2.6,38.53,13.42,1659.01,4337313.01,1781520.29
00:02:10.122,18/01/2026,10:03:03,17_T02,39.121658563,10.187495973,0.3,1659.92,96.63,677.007,2.5,38.53,13.42,1658.90,4337313.12,1781520.45
00:02:11.127,18/01/2026,10:03:04,17_T02,39.121659346,10.187497163,0.2,1659.92,94.78,677.075,2.4,38.53,13.42,1658.90,4337313.22,1781520.54
00:02:12.121,18/01/2026,10:03:05,17_T02,39.121658217,10.187496714,0.2,1659.87,94.27,677.081,2.3,38.53,13.42,1658.87,4337313.18,1781520.41
00:02:13.126,18/01/2026,10:03:06,17_T02,39.121656743,10.187496203,0.2,1659.78,94.93,677.094,2.3,38.53,13.42,1658.87,4337313.14,1781520.25
00:02:14.131,18/01/2026,10:03:07,17_T02,39.121656076,10.187496878,0.2,1659.67,96.06,677.174,2.4,38.53,13.42,1658.75,4337313.20,1781520.18
00:02:15.121,18/01/2026,10:03:08,17_T02,39.121655360,10.187497663,0.2,1659.58,97.31,677.265,2.6,38.53,13.42,1658.75,4337313.27,1781520.10
00:02:16.132,18/01/2026,10:03:09,17_T02,39.121654498,10.187498513,0.2,1659.55,98.81,677.366,2.6,38.53,13.42,1658.55,4337313.34,1781520.00
00:02:17.128,18/01/2026,10:03:10,17_T02,39.121653879,10.187499266,0.2,1659.58,99.88,677.451,2.5,38.53,13.42,1658.55,4337313.41,1781519.93
00:02:18.124,18/01/2026,10:03:11,17_T02,39.121652760,10.187498897,0.2,1659.60,100.29,677.462,2.4,38.52,13.43,1658.50,4337313.38,1781519.81
00:02:19.132,18/01/2026,10:03:12,17_T02,39.121651756,10.187498507,0.2,1659.59,100.75,677.468,2.4,38.52,13.43,1658.50,4337313.34,1781519.70
00:02:20.126,18/01/2026,10:03:13,17_T02,39.121651254,10.187498860,0.1,1659.55,101.53,677.515,2.4,38.53,13.42,1658.54,4337313.37,1781519.64
00:02:21.134,18/01/2026,10:03:14,17_T02,39.121650868,10.187499534,0.1,1659.52,101.86,677.585,2.5,38.53,13.42,1658.54,4337313.43,1781519.60
00:02:22.130,18/01/2026,10:03:15,17_T02,39.121651068,10.187500624,0.1,1659.50,101.20,677.667,2.5,38.53,13.42,1658.46,4337313.53,1781519.62
00:02:23.123,18/01/2026,10:03:16,17_T02,39.121651740,10.187502683,0.1,1659.51,100.46,677.810,2.4,38.53,13.42,1658.46,4337313.70,1781519.70
00:02:24.136,18/01/2026,10:03:17,17_T02,39.121652054,10.187504338,0.2,1659.53,100.06,677.934,2.0,38.52,13.42,1658.45,4337313.85,1781519.73
00:02:25.128,18/01/2026,10:03:18,17_T02,39.121652067,10.187505024,0.2,1659.55,99.69,677.990,2.1,38.52,13.42,1658.45,4337313.91,1781519.73
00:02:26.125,18/01/2026,10:03:19,17_T02,39.121652229,10.187505739,0.1,1659.54,99.41,678.043,2.1,38.53,13.42,1658.48,4337313.97,1781519.75
00:02:27.134,18/01/2026,10:03:20,17_T02,39.121652227,10.187506398,0.1,1659.49,99.49,678.097,2.1,38.53,13.42,1658.48,4337314.03,1781519.75
00:02:28.141,18/01/2026,10:03:21,17_T02,39.121651454,10.187507046,0.1,1659.45,99.97,678.178,2.1,38.53,13.42,1658.46,4337314.08,1781519.67
00:02:29.130,18/01/2026,10:03:22,17_T02,39.121650625,10.187507905,0.2,1659.45,100.13,678.280,2.0,38.53,13.42,1658.46,4337314.16,1781519.58
00:02:30.128,18/01/2026,10:03:23,17_T02,39.121650784,10.187509027,0.2,1659.46,99.30,678.366,1.9,38.53,13.42,1658.40,4337314.26,1781519.59
00:02:31.122,18/01/2026,10:03:24,17_T02,39.121651194,10.187510079,0.1,1659.47,98.44,678.437,1.9,38.53,13.42,1658.40,4337314.35,1781519.64
00:02:32.131,18/01/2026,10:03:25,17_T02,39.121651133,10.187510900,0.2,1659.45,98.38,678.506,1.9,38.53,13.42,1658.40,4337314.42,1781519.63
00:02:33.131,18/01/2026,10:03:26,17_T02,39.121649751,10.187513225,0.2,1659.39,98.60,678.748,2.0,38.53,13.42,1658.40,4337314.62,1781519.48
00:02:34.128,18/01/2026,10:03:27,17_T02,39.121648600,10.187515528,0.2,1659.32,98.51,678.979,2.1,38.53,13.42,1658.33,4337314.82,1781519.35
00:02:35.125,18/01/2026,10:03:28,17_T02,39.121648646,10.187516678,0.2,1659.29,98.02,679.072,2.1,38.53,13.42,1658.33,4337314.92,1781519.36
00:02:36.123,18/01/2026,10:03:29,17_T02,39.121648686,10.187517930,0.2,1659.28,97.77,679.173,2.1,38.53,13.42,1658.23,4337315.03,1781519.36
00:02:37.134,18/01/2026,10:03:30,17_T02,39.121648367,10.187518937,0.2,1659.30,98.10,679.267,2.1,38.53,13.42,1658.23,4337315.12,1781519.33
00:02:38.131,18/01/2026,10:03:31,17_T02,39.121647816,10.187519732,0.2,1659.32,98.66,679.353,2.1,38.53,13.41,1658.28,4337315.19,1781519.27
00:02:39.125,18/01/2026,10:03:32,17_T02,39.121647358,10.187520960,0.2,1659.31,98.95,679.470,2.1,38.53,13.41,1658.28,4337315.30,1781519.22
00:02:40.136,18/01/2026,10:03:33,17_T02,39.121647123,10.187522361,0.2,1659.28,99.03,679.594,2.1,38.53,13.42,1658.26,4337315.42,1781519.19
00:02:41.125,18/01/2026,10:03:34,17_T02,39.121646747,10.187523566,0.2,1659.27,99.42,679.707,2.1,38.53,13.42,1658.26,4337315.52,1781519.15
00:02:42.132,18/01/2026,10:03:35,17_T02,39.121646317,10.187524862,0.2,1659.30,99.66,679.829,2.1,38.53,13.42,1658.24,4337315.64,1781519.10
00:02:43.122,18/01/2026,10:03:36,17_T02,39.121645971,10.187526169,0.2,1659.39,99.65,679.949,2.0,38.53,13.42,1658.24,4337315.75,1781519.07
00:02:44.129,18/01/2026,10:03:37,17_T02,39.121645526,10.187526758,0.2,1659.49,99.71,680.014,1.9,38.53,13.41,1658.35,4337315.80,1781519.02
00:02:45.124,18/01/2026,10:03:38,17_T02,39.121645260,10.187527247,0.2,1659.53,99.97,680.063,1.7,38.53,13.41,1658.35,4337315.84,1781518.99
00:02:46.131,18/01/2026,10:03:39,17_T02,39.121644953,10.187527965,0.2,1659.50,100.57,680.134,1.8,38.53,13.42,1658.49,4337315.91,1781518.95
00:02:47.125,18/01/2026,10:03:40,17_T02,39.121644416,10.187528892,0.2,1659.46,101.02,680.230,1.8,38.53,13.42,1658.49,4337315.99,1781518.90
00:02:48.134,18/01/2026,10:03:41,17_T02,39.121644174,10.187530362,0.2,1659.44,100.54,680.359,1.8,38.53,13.42,1658.41,4337316.11,1781518.87
00:02:49.130,18/01/2026,10:03:42,17_T02,39.121644431,10.187530423,0.2,1659.45,99.13,680.354,1.8,38.53,13.42,1658.41,4337316.12,1781518.90
00:02:50.125,18/01/2026,10:03:43,17_T02,39.121644727,10.187530472,0.2,1659.47,98.06,680.347,1.8,38.53,13.42,1658.40,4337316.12,1781518.93
00:02:51.130,18/01/2026,10:03:44,17_T02,39.121644625,10.187531620,0.2,1659.46,97.96,680.445,1.8,38.53,13.42,1658.40,4337316.22,1781518.92
00:02:52.126,18/01/2026,10:03:45,17_T02,39.121644273,10.187532694,0.2,1659.41,98.14,680.546,1.8,38.53,13.41,1658.41,4337316.32,1781518.88
00:02:53.137,18/01/2026,10:03:46,17_T02,39.121643923,10.187533935,0.2,1659.36,98.28,680.661,1.9,38.53,13.41,1658.41,4337316.43,1781518.84
00:02:54.132,18/01/2026,10:03:47,17_T02,39.121643890,10.187535343,0.2,1659.34,97.96,680.778,1.9,38.53,13.41,1658.31,4337316.55,1781518.84
00:02:55.124,18/01/2026,10:03:48,17_T02,39.121643258,10.187535782,0.2,1659.34,96.63,680.837,1.9,38.53,13.41,1658.31,4337316.59,1781518.77
00:02:56.134,18/01/2026,10:03:49,17_T02,39.121642574,10.187536332,0.2,1659.35,95.51,680.907,1.9,38.53,13.41,1658.31,4337316.63,1781518.69
00:02:57.130,18/01/2026,10:03:50,17_T02,39.121642822,10.187537732,0.2,1659.35,94.59,681.013,1.9,38.53,13.41,1658.31,4337316.76,1781518.72
00:02:58.125,18/01/2026,10:03:51,17_T02,39.121643168,10.187538873,0.2,1659.34,93.58,681.093,1.9,38.53,13.41,1658.29,4337316.86,1781518.76
00:02:59.121,18/01/2026,10:03:52,17_T02,39.121643569,10.187540245,0.2,1659.33,92.81,681.191,1.9,38.53,13.41,1658.29,4337316.97,1781518.80
00:03:00.131,18/01/2026,10:03:53,17_T02,39.121644469,10.187542175,0.2,1659.34,92.63,681.315,1.9,38.53,13.41,1658.28,4337317.14,1781518.90
00:03:01.126,18/01/2026,10:03:54,17_T02,39.121645075,10.187543708,0.2,1659.37,92.60,681.418,1.9,38.53,13.41,1658.28,4337317.28,1781518.97
00:03:02.133,18/01/2026,10:03:55,17_T02,39.121644870,10.187544812,0.2,1659.41,92.75,681.517,1.8,38.53,13.41,1658.34,4337317.37,1781518.95
00:03:03.127,18/01/2026,10:03:56,17_T02,39.121644835,10.187545722,0.2,1659.42,93.06,681.592,1.8,38.53,13.41,1658.34,4337317.45,1781518.95
00:03:04.122,18/01/2026,10:03:57,17_T02,39.121644602,10.187546683,0.2,1659.41,93.63,681.680,1.8,38.53,13.41,1658.35,4337317.53,1781518.92
00:03:05.128,18/01/2026,10:03:58,17_T02,39.121644718,10.187547594,0.2,1659.41,94.25,681.750,1.8,38.53,13.41,1658.35,4337317.61,1781518.93
00:03:06.122,18/01/2026,10:03:59,17_T02,39.121645149,10.187548763,0.2,1659.45,94.21,681.830,1.8,38.53,13.41,1658.35,4337317.72,1781518.98
00:03:07.131,18/01/2026,10:04:00,17_T02,39.121645542,10.187550022,0.2,1659.50,93.71,681.918,1.8,38.53,13.41,1658.37,4337317.82,1781519.02
00:03:08.121,18/01/2026,10:04:01,17_T02,39.121645908,10.187551000,0.2,1659.53,93.54,681.985,1.8,38.53,13.41,1658.37,4337317.91,1781519.06
00:03:09.128,18/01/2026,10:04:02,17_T02,39.121645849,10.187552012,0.2,1659.50,93.91,682.070,1.8,38.53,13.42,1658.46,4337318.00,1781519.06
00:03:10.123,18/01/2026,10:04:03,17_T02,39.121645672,10.187553386,0.2,1659.47,94.14,682.189,1.9,38.53,13.42,1658.46,4337318.12,1781519.04
00:03:11.128,18/01/2026,10:04:04,17_T02,39.121645903,10.187554936,0.2,1659.47,93.70,682.307,1.9,38.53,13.42,1658.44,4337318.25,1781519.06
00:03:12.122,18/01/2026,10:04:05,17_T02,39.121646468,10.187556496,0.2,1659.50,93.02,682.414,1.9,38.53,13.42,1658.44,4337318.39,1781519.13
00:03:13.127,18/01/2026,10:04:06,17_T02,39.121646780,10.187557863,0.2,1659.52,92.83,682.514,1.8,38.53,13.41,1658.42,4337318.51,1781519.16
00:03:14.135,18/01/2026,10:04:07,17_T02,39.121646659,10.187559055,0.2,1659.52,93.12,682.617,1.8,38.53,13.41,1658.42,4337318.61,1781519.15
00:03:15.127,18/01/2026,10:04:08,17_T02,39.121646616,10.187560302,0.2,1659.50,93.11,682.720,1.9,38.53,13.41,1658.48,4337318.72,1781519.14
00:03:16.133,18/01/2026,10:04:09,17_T02,39.121646943,10.187561633,0.2,1659.49,92.74,682.817,1.8,38.53,13.41,1658.48,4337318.83,1781519.18
00:03:17.126,18/01/2026,10:04:10,17_T02,39.121647208,10.187563067,0.2,1659.49,92.74,682.925,1.9,38.53,13.41,1658.45,4337318.96,1781519.21
00:03:18.130,18/01/2026,10:04:11,17_T02,39.121647032,10.187564355,0.2,1659.51,93.50,683.037,1.9,38.53,13.41,1658.45,4337319.07,1781519.19
00:03:19.120,18/01/2026,10:04:12,17_T02,39.121646679,10.187565366,0.2,1659.53,94.25,683.133,1.9,38.53,13.42,1658.46,4337319.16,1781519.15
00:03:20.128,18/01/2026,10:04:13,17_T02,39.121646716,10.187566526,0.2,1659.52,94.43,683.226,1.9,38.53,13.42,1658.46,4337319.26,1781519.16
00:03:21.135,18/01/2026,10:04:14,17_T02,39.121646267,10.187566817,0.2,1659.50,94.35,683.267,1.9,38.53,13.42,1658.48,4337319.29,1781519.11
00:03:22.132,18/01/2026,10:04:15,17_T02,39.121645894,10.187567322,0.2,1659.49,94.28,683.322,1.9,38.53,13.42,1658.48,4337319.33,1781519.07
00:03:23.128,18/01/2026,10:04:16,17_T02,39.121646128,10.187568670,0.2,1659.50,93.94,683.424,1.9,38.53,13.42,1658.42,4337319.45,1781519.09
00:03:24.135,18/01/2026,10:04:17,17_T02,39.121646555,10.187570137,0.2,1659.52,93.26,683.528,1.9,38.53,13.42,1658.42,4337319.57,1781519.14
00:03:25.138,18/01/2026,10:04:18,17_T02,39.121647116,10.187571454,0.2,1659.52,92.55,683.615,1.9,38.53,13.42,1658.47,4337319.69,1781519.20
00:03:26.123,18/01/2026,10:04:19,17_T02,39.121647597,10.187572707,0.2,1659.50,92.05,683.700,1.9,38.53,13.42,1658.47,4337319.80,1781519.26
00:03:27.134,18/01/2026,10:04:20,17_T02,39.121647882,10.187574003,0.2,1659.49,91.87,683.795,1.9,38.53,13.41,1658.45,4337319.91,1781519.29
00:03:28.131,18/01/2026,10:04:21,17_T02,39.121648034,10.187575245,0.2,1659.49,91.99,683.891,1.9,38.53,13.41,1658.45,4337320.02,1781519.30
00:03:29.128,18/01/2026,10:04:22,17_T02,39.121648161,10.187576479,0.2,1659.48,92.31,683.988,1.9,38.53,13.41,1658.44,4337320.13,1781519.32
00:03:30.123,18/01/2026,10:04:23,17_T02,39.121648025,10.187577767,0.2,1659.47,92.99,684.098,2.0,38.53,13.41,1658.44,4337320.24,1781519.30
00:03:31.135,18/01/2026,10:04:24,17_T02,39.121648528,10.187580336,0.2,1659.46,93.78,684.290,2.0,38.53,13.42,1658.42,4337320.46,1781519.36
00:03:32.125,18/01/2026,10:04:25,17_T02,39.121649188,10.187582744,0.2,1659.47,94.08,684.463,2.0,38.53,13.42,1658.42,4337320.67,1781519.43
00:03:33.135,18/01/2026,10:04:26,17_T02,39.121649395,10.187584005,0.2,1659.49,94.02,684.558,2.0,38.52,13.41,1658.40,4337320.78,1781519.46
00:03:34.133,18/01/2026,10:04:27,17_T02,39.121649740,10.187585255,0.2,1659.49,93.78,684.648,2.0,38.52,13.41,1658.40,4337320.89,1781519.49
00:03:35.126,18/01/2026,10:04:28,17_T02,39.121649979,10.187586545,0.2,1659.47,93.63,684.744,2.0,38.53,13.41,1658.44,4337321.00,1781519.52
00:03:36.121,18/01/2026,10:04:29,17_T02,39.121650169,10.187587952,0.2,1659.46,93.38,684.853,2.0,38.53,13.41,1658.44,4337321.12,1781519.54
00:03:37.130,18/01/2026,10:04:30,17_T02,39.121650667,10.187589450,0.2,1659.46,92.95,684.957,2.0,38.53,13.41,1658.39,4337321.25,1781519.60
00:03:38.121,18/01/2026,10:04:31,17_T02,39.121651292,10.187590890,0.2,1659.48,92.56,685.051,1.9,38.53,13.41,1658.39,4337321.38,1781519.67
00:03:39.129,18/01/2026,10:04:32,17_T02,39.121651530,10.187592181,0.2,1659.48,92.61,685.148,1.9,38.53,13.41,1658.40,4337321.49,1781519.69
00:03:40.127,18/01/2026,10:04:33,17_T02,39.121651485,10.187593422,0.2,1659.46,93.05,685.252,2.0,38.53,13.41,1658.40,4337321.60,1781519.69
00:03:41.133,18/01/2026,10:04:34,17_T02,39.121651449,10.187594706,0.2,1659.44,93.33,685.358,2.0,38.53,13.41,1658.40,4337321.71,1781519.69
00:03:42.126,18/01/2026,10:04:35,17_T02,39.121651832,10.187594344,0.2,1659.42,93.28,685.314,2.0,38.53,13.41,1658.40,4337321.68,1781519.73
00:03:43.129,18/01/2026,10:04:36,17_T02,39.121652243,10.187594193,0.2,1659.41,93.30,685.287,2.0,38.53,13.41,1658.34,4337321.67,1781519.77
00:03:44.121,18/01/2026,10:04:37,17_T02,39.121652323,10.187595589,0.2,1659.41,93.55,685.398,2.0,38.53,13.41,1658.34,4337321.79,1781519.78
00:03:45.124,18/01/2026,10:04:38,17_T02,39.121652326,10.187596788,0.2,1659.40,93.69,685.496,2.0,38.53,13.42,1658.35,4337321.89,1781519.78
00:03:46.130,18/01/2026,10:04:39,17_T02,39.121652587,10.187598156,0.2,1659.40,93.42,685.598,2.0,38.53,13.42,1658.35,4337322.01,1781519.81
00:03:47.123,18/01/2026,10:04:40,17_T02,39.121653120,10.187600924,0.2,1659.39,92.98,685.805,2.0,38.53,13.41,1658.31,4337322.25,1781519.87
00:03:48.130,18/01/2026,10:04:41,17_T02,39.121653555,10.187603586,0.3,1659.37,92.89,686.007,2.0,38.53,13.41,1658.31,4337322.48,1781519.92
00:03:49.125,18/01/2026,10:04:42,17_T02,39.121653585,10.187604870,0.2,1659.35,93.18,686.111,2.0,38.53,13.42,1658.30,4337322.59,1781519.92
00:03:50.121,18/01/2026,10:04:43,17_T02,39.121653596,10.187606209,0.2,1659.34,93.27,686.220,2.1,38.53,13.42,1658.30,4337322.71,1781519.92
00:03:51.132,18/01/2026,10:04:44,17_T02,39.121653902,10.187607720,0.3,1659.33,92.91,686.333,2.1,38.53,13.42,1658.26,4337322.84,1781519.96
00:03:52.127,18/01/2026,10:04:45,17_T02,39.121654280,10.187609160,0.2,1659.35,92.71,686.437,2.0,38.53,13.42,1658.26,4337322.97,1781520.00
00:03:53.121,18/01/2026,10:04:46,17_T02,39.121654877,10.187611059,0.2,1659.35,92.96,686.570,2.0,38.53,13.41,1658.28,4337323.13,1781520.07
00:03:54.129,18/01/2026,10:04:47,17_T02,39.121655312,10.187612619,0.2,1659.33,93.42,686.681,2.0,38.53,13.41,1658.28,4337323.27,1781520.12
00:03:55.122,18/01/2026,10:04:48,17_T02,39.121655256,10.187613719,0.2,1659.29,93.80,686.774,2.0,38.53,13.41,1658.25,4337323.36,1781520.11
00:03:56.133,18/01/2026,10:04:49,17_T02,39.121655392,10.187615098,0.2,1659.27,93.78,686.882,2.1,38.53,13.41,1658.25,4337323.48,1781520.12
00:03:57.129,18/01/2026,10:04:50,17_T02,39.121655722,10.187616603,0.2,1659.28,93.57,686.992,2.1,38.53,13.41,1658.18,4337323.62,1781520.16
00:03:58.122,18/01/2026,10:04:51,17_T02,39.121655857,10.187616284,0.2,1659.29,93.54,686.961,2.0,38.53,13.41,1658.18,4337323.59,1781520.18
00:03:59.134,18/01/2026,10:04:52,17_T02,39.121655756,10.187615816,0.2,1659.29,93.80,686.927,2.0,38.53,13.41,1658.22,4337323.55,1781520.17
00:04:00.129,18/01/2026,10:04:53,17_T02,39.121655802,10.187616997,0.2,1659.28,93.88,687.022,1.9,38.53,13.41,1658.22,4337323.65,1781520.17
00:04:01.123,18/01/2026,10:04:54,17_T02,39.121656149,10.187618255,0.2,1659.24,93.53,687.112,2.0,38.53,13.42,1658.17,4337323.76,1781520.21
00:04:02.133,18/01/2026,10:04:55,17_T02,39.121656604,10.187619535,0.2,1659.22,93.17,687.200,2.1,38.53,13.42,1658.17,4337323.87,1781520.26
00:04:03.125,18/01/2026,10:04:56,17_T02,39.121656680,10.187620213,0.2,1659.21,93.25,687.253,2.1,38.53,13.42,1658.14,4337323.93,1781520.27
00:04:04.121,18/01/2026,10:04:57,17_T02,39.121656527,10.187620843,0.2,1659.21,93.49,687.310,2.0,38.53,13.42,1658.14,4337323.98,1781520.25
00:04:05.134,18/01/2026,10:04:58,17_T02,39.121656701,10.187622243,0.2,1659.20,93.37,687.418,2.0,38.52,13.42,1658.14,4337324.11,1781520.27
00:04:06.135,18/01/2026,10:04:59,17_T02,39.121657166,10.187623537,0.2,1659.19,92.97,687.507,2.0,38.52,13.42,1658.14,4337324.22,1781520.32
00:04:07.132,18/01/2026,10:05:00,17_T02,39.121657486,10.187624801,0.2,1659.15,92.94,687.598,2.0,38.52,13.42,1658.14,4337324.33,1781520.36
00:04:08.123,18/01/2026,10:05:01,17_T02,39.121658482,10.187627808,0.2,1659.12,93.31,687.808,2.1,38.53,13.42,1658.08,4337324.59,1781520.47
00:04:09.133,18/01/2026,10:05:02,17_T02,39.121659411,10.187630735,0.2,1659.10,93.38,688.013,2.1,38.53,13.42,1658.08,4337324.84,1781520.57
00:04:10.125,18/01/2026,10:05:03,17_T02,39.121659821,10.187632184,0.2,1659.10,92.97,688.116,2.1,38.53,13.42,1658.03,4337324.97,1781520.62
00:04:11.132,18/01/2026,10:05:04,17_T02,39.121660287,10.187633565,0.3,1659.10,92.67,688.212,2.1,38.53,13.42,1658.03,4337325.09,1781520.67
00:04:12.122,18/01/2026,10:05:05,17_T02,39.121660420,10.187634816,0.3,1659.10,92.93,688.309,2.1,38.53,13.42,1657.99,4337325.20,1781520.68
00:04:13.133,18/01/2026,10:05:06,17_T02,39.121660359,10.187635897,0.3,1659.09,93.42,688.400,2.1,38.53,13.42,1657.99,4337325.29,1781520.68
00:04:14.121,18/01/2026,10:05:07,17_T02,39.121659849,10.187636764,0.2,1659.05,93.61,688.490,2.1,38.53,13.42,1658.01,4337325.37,1781520.62
00:04:15.135,18/01/2026,10:05:08,17_T02,39.121659451,10.187637758,0.2,1659.01,93.72,688.586,2.1,38.53,13.42,1658.01,4337325.45,1781520.58
00:04:16.126,18/01/2026,10:05:09,17_T02,39.121659531,10.187639263,0.2,1658.99,94.00,688.707,2.1,38.53,13.41,1657.92,4337325.59,1781520.59
00:04:17.131,18/01/2026,10:05:10,17_T02,39.121659548,10.187640714,0.2,1659.00,94.22,688.825,2.1,38.53,13.41,1657.92,4337325.71,1781520.59
00:04:18.127,18/01/2026,10:05:11,17_T02,39.121659748,10.187642065,0.2,1659.02,94.03,688.928,2.0,38.53,13.42,1657.92,4337325.83,1781520.61
00:04:19.134,18/01/2026,10:05:12,17_T02,39.121659915,10.187643622,0.2,1659.01,93.61,689.049,2.0,38.53,13.42,1657.92,4337325.97,1781520.63
00:04:20.123,18/01/2026,10:05:13,17_T02,39.121660097,10.187644964,0.2,1658.98,93.28,689.152,2.0,38.53,13.42,1657.92,4337326.08,1781520.65
00:04:21.128,18/01/2026,10:05:14,17_T02,39.121660375,10.187646240,0.2,1658.94,93.11,689.247,2.0,38.53,13.42,1657.92,4337326.19,1781520.68
00:04:22.134,18/01/2026,10:05:15,17_T02,39.121660648,10.187647590,0.2,1658.92,92.87,689.347,2.1,38.53,13.42,1657.87,4337326.31,1781520.71
00:04:23.125,18/01/2026,10:05:16,17_T02,39.121661016,10.187648962,0.2,1658.92,92.55,689.446,2.1,38.53,13.42,1657.87,4337326.43,1781520.75
00:04:24.135,18/01/2026,10:05:17,17_T02,39.121661842,10.187651162,0.2,1658.92,92.49,689.595,2.1,38.53,13.42,1657.83,4337326.62,1781520.84
00:04:25.128,18/01/2026,10:05:18,17_T02,39.121662313,10.187653110,0.2,1658.91,92.96,689.737,2.1,38.53,13.42,1657.83,4337326.79,1781520.90
00:04:26.122,18/01/2026,10:05:19,17_T02,39.121662172,10.187654339,0.2,1658.89,93.63,689.843,2.1,38.53,13.41,1657.83,4337326.90,1781520.88
00:04:27.145,18/01/2026,10:05:20,17_T02,39.121662150,10.187655505,0.2,1658.87,94.07,689.939,2.0,38.53,13.41,1657.83,4337327.00,1781520.88
00:04:28.129,18/01/2026,10:05:21,17_T02,39.121662323,10.187656735,0.2,1658.84,94.35,690.034,2.1,38.53,13.41,1657.76,4337327.11,1781520.90
00:04:29.125,18/01/2026,10:05:22,17_T02,39.121662394,10.187657967,0.2,1658.82,94.71,690.132,2.1,38.53,13.41,1657.76,4337327.21,1781520.91
00:04:30.136,18/01/2026,10:05:23,17_T02,39.121661922,10.187658605,0.2,1658.80,94.98,690.202,2.1,38.53,13.41,1657.73,4337327.27,1781520.85
00:04:31.131,18/01/2026,10:05:24,17_T02,39.121661752,10.187659331,0.2,1658.78,94.69,690.268,2.1,38.53,13.41,1657.73,4337327.33,1781520.84
00:04:32.123,18/01/2026,10:05:25,17_T02,39.121662370,10.187660812,0.2,1658.77,93.80,690.366,2.1,38.53,13.43,1657.68,4337327.46,1781520.90
00:04:33.134,18/01/2026,10:05:26,17_T02,39.121663039,10.187662241,0.2,1658.77,92.99,690.458,2.1,38.53,13.43,1657.68,4337327.58,1781520.98
00:04:34.134,18/01/2026,10:05:27,17_T02,39.121663469,10.187663508,0.2,1658.77,92.60,690.546,2.1,38.52,13.43,1657.69,4337327.69,1781521.03
00:04:35.130,18/01/2026,10:05:28,17_T02,39.121663082,10.187664862,0.2,1658.75,92.54,690.671,2.0,38.52,13.43,1657.69,4337327.81,1781520.98
00:04:36.126,18/01/2026,10:05:29,17_T02,39.121662634,10.187666335,0.2,1658.71,92.69,690.808,2.0,38.53,13.42,1657.65,4337327.94,1781520.93
00:04:37.133,18/01/2026,10:05:30,17_T02,39.121662631,10.187667639,0.2,1658.67,93.13,690.915,2.1,38.53,13.42,1657.65,4337328.05,1781520.93
00:04:38.133,18/01/2026,10:05:31,17_T02,39.121662536,10.187669043,0.2,1658.65,93.68,691.034,2.1,38.53,13.42,1657.60,4337328.18,1781520.92
00:04:39.131,18/01/2026,10:05:32,17_T02,39.121662544,10.187670418,0.2,1658.65,94.00,691.146,2.1,38.53,13.42,1657.60,4337328.30,1781520.93
00:04:40.125,18/01/2026,10:05:33,17_T02,39.121663179,10.187672176,0.2,1658.65,94.01,691.266,2.1,38.53,13.42,1657.55,4337328.45,1781521.00
00:04:41.134,18/01/2026,10:05:34,17_T02,39.121663784,10.187673760,0.2,1658.64,93.95,691.374,2.0,38.53,13.42,1657.55,4337328.59,1781521.06
00:04:42.133,18/01/2026,10:05:35,17_T02,39.121664007,10.187675004,0.2,1658.62,93.85,691.467,2.1,38.53,13.42,1657.54,4337328.69,1781521.09
00:04:43.126,18/01/2026,10:05:36,17_T02,39.121664363,10.187676325,0.2,1658.61,93.54,691.562,2.0,38.53,13.42,1657.54,4337328.81,1781521.13
00:04:44.136,18/01/2026,10:05:37,17_T02,39.121664892,10.187677526,0.2,1658.60,93.11,691.641,2.0,38.53,13.42,1657.52,4337328.91,1781521.19
00:04:45.126,18/01/2026,10:05:38,17_T02,39.121665191,10.187677354,0.2,1658.56,93.14,691.616,2.1,38.53,13.42,1657.52,4337328.90,1781521.22
00:04:46.133,18/01/2026,10:05:39,17_T02,39.121665096,10.187677467,0.2,1658.52,93.62,691.629,2.1,38.53,13.42,1657.48,4337328.91,1781521.21
00:04:47.121,18/01/2026,10:05:40,17_T02,39.121665008,10.187678902,0.2,1658.49,93.95,691.749,2.1,38.53,13.42,1657.48,4337329.03,1781521.20
00:04:48.127,18/01/2026,10:05:41,17_T02,39.121665249,10.187680413,0.2,1658.50,93.82,691.864,2.1,38.53,13.42,1657.41,4337329.16,1781521.23
00:04:49.136,18/01/2026,10:05:42,17_T02,39.121665695,10.187681789,0.2,1658.52,93.56,691.960,2.0,38.53,13.42,1657.41,4337329.28,1781521.28
00:04:50.124,18/01/2026,10:05:43,17_T02,39.121665988,10.187682921,0.2,1658.51,93.64,692.042,2.0,38.53,13.42,1657.45,4337329.38,1781521.31
00:04:51.131,18/01/2026,10:05:44,17_T02,39.121665259,10.187682567,0.2,1658.45,93.99,692.040,2.0,38.53,13.42,1657.45,4337329.35,1781521.23
00:04:52.125,18/01/2026,10:05:45,17_T02,39.121664509,10.187682213,0.2,1658.38,94.39,692.039,2.1,38.53,13.42,1657.35,4337329.32,1781521.15
00:04:53.132,18/01/2026,10:05:46,17_T02,39.121664760,10.187683686,0.2,1658.34,94.13,692.150,2.2,38.53,13.42,1657.35,4337329.45,1781521.17
00:04:54.127,18/01/2026,10:05:47,17_T02,39.121665259,10.187685341,0.2,1658.36,93.62,692.267,2.2,38.53,13.42,1657.24,4337329.59,1781521.23
00:04:55.121,18/01/2026,10:05:48,17_T02,39.121665672,10.187686869,0.2,1658.40,93.42,692.377,2.1,38.53,13.42,1657.24,4337329.73,1781521.27
00:04:56.120,18/01/2026,10:05:49,17_T02,39.121665651,10.187689362,0.3,1658.41,93.54,692.582,2.0,38.53,13.41,1657.33,4337329.94,1781521.27
00:04:57.126,18/01/2026,10:05:50,17_T02,39.121665530,10.187691904,0.3,1658.38,93.71,692.795,2.0,38.53,13.41,1657.33,4337330.16,1781521.26
00:04:58.121,18/01/2026,10:05:51,17_T02,39.121665755,10.187693147,0.2,1658.32,93.64,692.888,2.1,38.53,13.42,1657.26,4337330.27,1781521.29
00:04:59.141,18/01/2026,10:05:52,17_T02,39.121666080,10.187694485,0.2,1658.27,93.44,692.986,2.1,38.53,13.42,1657.26,4337330.39,1781521.32
00:05:00.127,18/01/2026,10:05:53,17_T02,39.121666305,10.187696090,0.2,1658.27,93.44,693.109,2.1,38.53,13.42,1657.18,4337330.53,1781521.35
00:05:01.132,18/01/2026,10:05:54,17_T02,39.121667202,10.187697867,0.2,1658.29,93.58,693.221,2.1,38.53,13.42,1657.18,4337330.68,1781521.45
00:05:02.125,18/01/2026,10:05:55,17_T02,39.121668012,10.187699306,0.2,1658.30,93.59,693.309,2.0,38.53,13.41,1657.22,4337330.81,1781521.54
00:05:03.132,18/01/2026,10:05:56,17_T02,39.121668335,10.187700562,0.2,1658.27,93.46,693.400,2.0,38.53,13.41,1657.22,4337330.92,1781521.57
00:05:04.132,18/01/2026,10:05:57,17_T02,39.121668609,10.187701792,0.2,1658.22,93.44,693.490,2.0,38.53,13.41,1657.15,4337331.02,1781521.60
00:05:05.130,18/01/2026,10:05:58,17_T02,39.121668795,10.187703109,0.2,1658.18,93.50,693.591,2.1,38.53,13.41,1657.15,4337331.14,1781521.62
00:05:06.126,18/01/2026,10:05:59,17_T02,39.121668968,10.187704524,0.2,1658.16,93.49,693.700,2.1,38.53,13.41,1657.15,4337331.26,1781521.64
00:05:07.126,18/01/2026,10:06:00,17_T02,39.121668863,10.187704526,0.2,1658.16,93.27,693.705,2.1,38.53,13.42,1657.08,4337331.26,1781521.63
00:05:08.125,18/01/2026,10:06:01,17_T02,39.121668891,10.187704518,0.2,1658.15,93.06,693.703,2.1,38.53,13.42,1657.08,4337331.26,1781521.63
00:05:09.121,18/01/2026,10:06:02,17_T02,39.121669116,10.187705844,0.2,1658.13,93.13,693.803,2.1,38.53,13.42,1657.07,4337331.38,1781521.66
00:05:10.133,18/01/2026,10:06:03,17_T02,39.121669233,10.187707104,0.2,1658.10,93.31,693.902,2.1,38.53,13.42,1657.07,4337331.49,1781521.67
00:05:11.126,18/01/2026,10:06:04,17_T02,39.121669458,10.187708379,0.2,1658.07,93.24,693.998,2.1,38.53,13.41,1657.01,4337331.60,1781521.70
00:05:12.120,18/01/2026,10:06:05,17_T02,39.121669020,10.187708554,0.2,1658.05,93.14,694.029,2.1,38.53,13.41,1657.01,4337331.61,1781521.65
00:05:13.129,18/01/2026,10:06:06,17_T02,39.121668569,10.187708777,0.2,1658.03,93.28,694.064,2.1,38.53,13.41,1656.95,4337331.63,1781521.60
00:05:14.130,18/01/2026,10:06:07,17_T02,39.121668592,10.187710113,0.2,1658.01,93.67,694.172,2.1,38.53,13.41,1656.95,4337331.75,1781521.60
00:05:15.128,18/01/2026,10:06:08,17_T02,39.121668566,10.187711420,0.2,1657.98,93.96,694.280,2.1,38.53,13.41,1656.94,4337331.86,1781521.60
00:05:16.125,18/01/2026,10:06:09,17_T02,39.121668809,10.187712794,0.2,1657.96,93.86,694.384,2.1,38.53,13.41,1656.94,4337331.98,1781521.63
00:05:17.121,18/01/2026,10:06:10,17_T02,39.121669273,10.187714916,0.2,1657.95,93.59,694.540,2.1,38.53,13.41,1656.89,4337332.17,1781521.68
00:05:18.131,18/01/2026,10:06:11,17_T02,39.121669591,10.187716733,0.2,1657.95,93.48,694.677,2.1,38.53,13.41,1656.89,4337332.32,1781521.71
00:05:19.127,18/01/2026,10:06:12,17_T02,39.121669812,10.187718025,0.2,1657.94,93.45,694.775,2.1,38.53,13.41,1656.85,4337332.44,1781521.74
00:05:20.125,18/01/2026,10:06:13,17_T02,39.121670099,10.187719266,0.2,1657.90,93.30,694.866,2.1,38.53,13.41,1656.85,4337332.54,1781521.77
00:05:21.121,18/01/2026,10:06:14,17_T02,39.121670348,10.187720234,0.2,1657.86,93.18,694.936,2.1,38.53,13.41,1656.82,4337332.63,1781521.80
00:05:22.129,18/01/2026,10:06:15,17_T02,39.121670144,10.187721356,0.2,1657.82,93.32,695.035,2.1,38.53,13.41,1656.82,4337332.73,1781521.78
00:05:23.125,18/01/2026,10:06:16,17_T02,39.121669770,10.187722373,0.2,1657.81,93.54,695.132,2.1,38.53,13.41,1656.73,4337332.81,1781521.73
00:05:24.131,18/01/2026,10:06:17,17_T02,39.121669919,10.187723763,0.2,1657.81,93.60,695.241,2.1,38.53,13.41,1656.73,4337332.94,1781521.75
00:05:25.124,18/01/2026,10:06:18,17_T02,39.121670208,10.187725102,0.2,1657.81,93.53,695.340,2.1,38.53,13.41,1656.72,4337333.05,1781521.78
00:05:26.132,18/01/2026,10:06:19,17_T02,39.121670430,10.187726300,0.2,1657.78,93.60,695.430,2.1,38.53,13.41,1656.72,4337333.16,1781521.81
00:05:27.126,18/01/2026,10:06:20,17_T02,39.121670614,10.187727526,0.2,1657.74,93.68,695.523,2.1,38.53,13.41,1656.70,4337333.26,1781521.83
00:05:28.120,18/01/2026,10:06:21,17_T02,39.121670742,10.187729637,0.2,1657.70,93.55,695.691,2.1,38.53,13.41,1656.70,4337333.45,1781521.84
00:05:29.130,18/01/2026,10:06:22,17_T02,39.121671015,10.187731718,0.2,1657.68,93.16,695.851,2.1,38.53,13.41,1656.62,4337333.63,1781521.87
00:05:30.129,18/01/2026,10:06:23,17_T02,39.121671674,10.187733255,0.2,1657.68,92.40,695.953,2.1,38.53,13.41,1656.62,4337333.76,1781521.95
00:05:31.121,18/01/2026,10:06:24,17_T02,39.121672212,10.187734350,0.2,1657.67,91.63,696.022,2.1,38.53,13.41,1656.60,4337333.86,1781522.01
00:05:32.125,18/01/2026,10:06:25,17_T02,39.121672930,10.187735919,0.2,1657.65,90.97,696.124,2.1,38.53,13.41,1656.60,4337333.99,1781522.09
00:05:33.120,18/01/2026,10:06:26,17_T02,39.121673982,10.187737487,0.2,1657.62,90.23,696.214,2.1,38.53,13.42,1656.57,4337334.13,1781522.20
00:05:34.135,18/01/2026,10:06:27,17_T02,39.121675180,10.187739112,0.2,1657.59,89.25,696.302,2.1,38.53,13.42,1656.57,4337334.27,1781522.33
00:05:35.131,18/01/2026,10:06:28,17_T02,39.121675904,10.187740502,0.2,1657.57,88.42,696.389,2.1,38.53,13.42,1656.50,4337334.39,1781522.42
00:05:36.123,18/01/2026,10:06:29,17_T02,39.121676434,10.187741900,0.2,1657.56,88.00,696.484,2.1,38.53,13.42,1656.50,4337334.51,1781522.47
00:05:37.133,18/01/2026,10:06:30,17_T02,39.121676709,10.187743247,0.2,1657.54,88.03,696.584,2.1,38.53,13.42,1656.48,4337334.63,1781522.50
00:05:38.125,18/01/2026,10:06:31,17_T02,39.121677609,10.187745248,0.2,1657.52,88.30,696.714,2.1,38.53,13.42,1656.48,4337334.80,1781522.60
00:05:39.123,18/01/2026,10:06:32,17_T02,39.121678455,10.187747198,0.2,1657.49,88.78,696.842,2.1,38.53,13.41,1656.43,4337334.97,1781522.70
00:05:40.121,18/01/2026,10:06:33,17_T02,39.121678458,10.187748586,0.3,1657.48,89.45,696.956,2.1,38.53,13.41,1656.43,4337335.09,1781522.70
00:05:41.130,18/01/2026,10:06:34,17_T02,39.121678469,10.187749764,0.3,1657.46,90.13,697.052,2.1,38.53,13.42,1656.38,4337335.20,1781522.70
00:05:42.123,18/01/2026,10:06:35,17_T02,39.121678543,10.187750922,0.2,1657.43,90.67,697.144,2.1,38.53,13.42,1656.38,4337335.30,1781522.71
00:05:43.120,18/01/2026,10:06:36,17_T02,39.121678595,10.187752178,0.2,1657.39,91.07,697.245,2.1,38.53,13.42,1656.35,4337335.41,1781522.71
00:05:44.132,18/01/2026,10:06:37,17_T02,39.121679727,10.187755349,0.2,1657.36,90.91,697.463,2.1,38.53,13.42,1656.35,4337335.68,1781522.84
00:05:45.125,18/01/2026,10:06:38,17_T02,39.121681039,10.187758225,0.3,1657.35,90.19,697.649,2.1,38.53,13.42,1656.27,4337335.93,1781522.99
00:05:46.121,18/01/2026,10:06:39,17_T02,39.121681802,10.187759619,0.3,1657.34,89.37,697.735,2.1,38.53,13.42,1656.27,4337336.05,1781523.07
00:05:47.132,18/01/2026,10:06:40,17_T02,39.121682322,10.187760865,0.3,1657.33,88.96,697.818,2.1,38.53,13.42,1656.26,4337336.16,1781523.13
00:05:48.124,18/01/2026,10:06:41,17_T02,39.121682653,10.187762137,0.3,1657.30,88.91,697.910,2.1,38.53,13.42,1656.26,4337336.27,1781523.16
00:05:49.120,18/01/2026,10:06:42,17_T02,39.121682470,10.187762815,0.3,1657.27,88.86,697.972,2.1,38.53,13.42,1656.21,4337336.33,1781523.14
00:05:50.128,18/01/2026,10:06:43,17_T02,39.121682337,10.187763666,0.2,1657.23,88.87,698.047,2.1,38.53,13.42,1656.21,4337336.40,1781523.13
00:05:51.124,18/01/2026,10:06:44,17_T02,39.121682539,10.187765097,0.2,1657.21,89.11,698.156,2.1,38.53,13.42,1656.13,4337336.53,1781523.15
00:05:52.120,18/01/2026,10:06:45,17_T02,39.121682621,10.187766475,0.2,1657.20,89.52,698.266,2.1,38.53,13.42,1656.13,4337336.65,1781523.16
00:05:53.130,18/01/2026,10:06:46,17_T02,39.121682792,10.187767891,0.2,1657.20,89.79,698.376,2.1,38.53,13.41,1656.11,4337336.77,1781523.18
00:05:54.125,18/01/2026,10:06:47,17_T02,39.121683187,10.187768861,0.2,1657.18,89.96,698.441,2.1,38.53,13.41,1656.11,4337336.86,1781523.22
00:05:55.134,18/01/2026,10:06:48,17_T02,39.121683654,10.187769870,0.2,1657.15,90.07,698.506,2.1,38.53,13.41,1656.09,4337336.94,1781523.28
00:05:56.125,18/01/2026,10:06:49,17_T02,39.121683900,10.187771128,0.2,1657.11,90.12,698.600,2.1,38.53,13.41,1656.09,4337337.05,1781523.30
00:05:57.130,18/01/2026,10:06:50,17_T02,39.121684313,10.187772549,0.2,1657.08,89.80,698.701,2.1,38.53,13.42,1656.02,4337337.18,1781523.35
00:05:58.129,18/01/2026,10:06:51,17_T02,39.121685119,10.187774049,0.2,1657.07,88.89,698.794,2.1,38.53,13.42,1656.02,4337337.31,1781523.44
00:05:59.134,18/01/2026,10:06:52,17_T02,39.121686825,10.187776855,0.2,1657.07,88.02,698.960,2.1,38.53,13.42,1656.00,4337337.55,1781523.63
00:06:00.133,18/01/2026,10:06:53,17_T02,39.121688151,10.187779326,0.3,1657.06,87.80,699.113,2.1,38.53,13.42,1656.00,4337337.77,1781523.77
00:06:01.122,18/01/2026,10:06:54,17_T02,39.121688511,10.187780427,0.3,1657.02,88.03,699.190,2.1,38.53,13.41,1655.96,4337337.86,1781523.81
00:06:02.133,18/01/2026,10:06:55,17_T02,39.121688784,10.187781750,0.3,1656.97,88.38,699.288,2.1,38.53,13.41,1655.96,4337337.98,1781523.85
00:06:03.127,18/01/2026,10:06:56,17_T02,39.121689159,10.187783164,0.3,1656.94,88.51,699.390,2.2,38.53,13.41,1655.88,4337338.10,1781523.89
00:06:04.134,18/01/2026,10:06:57,17_T02,39.121689749,10.187784652,0.3,1656.95,88.48,699.490,2.1,38.53,13.41,1655.88,4337338.23,1781523.95
00:06:05.126,18/01/2026,10:06:58,17_T02,39.121691044,10.187787468,0.3,1656.95,88.68,699.672,2.1,38.53,13.42,1655.88,4337338.47,1781524.10
00:06:06.132,18/01/2026,10:06:59,17_T02,39.121692063,10.187789993,0.3,1656.95,89.14,699.841,2.0,38.53,13.42,1655.88,4337338.69,1781524.21
00:06:07.127,18/01/2026,10:07:00,17_T02,39.121692410,10.187791078,0.3,1656.91,89.50,699.917,2.1,38.53,13.42,1655.88,4337338.79,1781524.25
00:06:08.125,18/01/2026,10:07:01,17_T02,39.121692800,10.187792254,0.3,1656.86,89.72,699.999,2.1,38.53,13.42,1655.87,4337338.89,1781524.29
00:06:09.135,18/01/2026,10:07:02,17_T02,39.121693409,10.187793695,0.3,1656.82,89.56,700.094,2.1,38.53,13.42,1655.87,4337339.01,1781524.36
00:06:10.127,18/01/2026,10:07:03,17_T02,39.121694105,10.187793566,0.2,1656.82,88.36,700.058,2.2,38.53,13.42,1655.76,4337339.00,1781524.43
00:06:11.124,18/01/2026,10:07:04,17_T02,39.121695095,10.187793515,0.2,1656.84,86.58,700.017,2.1,38.53,13.42,1655.76,4337339.00,1781524.54
00:06:12.132,18/01/2026,10:07:05,17_T02,39.121696560,10.187794619,0.2,1656.85,84.83,700.052,2.0,38.53,13.42,1655.78,4337339.09,1781524.71
00:06:13.126,18/01/2026,10:07:06,17_T02,39.121697768,10.187795618,0.2,1656.81,83.74,700.089,2.1,38.53,13.42,1655.78,4337339.18,1781524.84
00:06:14.133,18/01/2026,10:07:07,17_T02,39.121698917,10.187796802,0.2,1656.74,82.81,700.144,2.1,38.53,13.42,1655.74,4337339.28,1781524.97
00:06:15.131,18/01/2026,10:07:08,17_T02,39.121700089,10.187797306,0.2,1656.70,81.61,700.141,2.1,38.53,13.42,1655.74,4337339.33,1781525.10
00:06:16.123,18/01/2026,10:07:09,17_T02,39.121701267,10.187797953,0.2,1656.69,80.35,700.150,2.1,38.53,13.42,1655.64,4337339.38,1781525.23
00:06:17.121,18/01/2026,10:07:10,17_T02,39.121702535,10.187799238,0.2,1656.70,79.35,700.208,2.1,38.53,13.42,1655.64,4337339.49,1781525.37
00:06:18.132,18/01/2026,10:07:11,17_T02,39.121703464,10.187800349,0.2,1656.71,79.24,700.265,2.1,38.53,13.42,1655.62,4337339.59,1781525.47
00:06:19.124,18/01/2026,10:07:12,17_T02,39.121703881,10.187801280,0.2,1656.68,79.81,700.326,2.0,38.53,13.42,1655.62,4337339.67,1781525.52
00:06:20.134,18/01/2026,10:07:13,17_T02,39.121703801,10.187802606,0.2,1656.63,80.36,700.437,2.1,38.53,13.42,1655.61,4337339.79,1781525.51
00:06:21.129,18/01/2026,10:07:14,17_T02,39.121704232,10.187804064,0.2,1656.58,79.67,700.541,2.1,38.53,13.42,1655.61,4337339.91,1781525.55
00:06:22.124,18/01/2026,10:07:15,17_T02,39.121706294,10.187805107,0.2,1656.56,76.99,700.549,2.2,38.53,13.42,1655.53,4337340.00,1781525.78
00:06:23.123,18/01/2026,10:07:16,17_T02,39.121708683,10.187806032,0.2,1656.57,73.88,700.536,2.1,38.53,13.42,1655.53,4337340.08,1781526.05
00:06:24.133,18/01/2026,10:07:17,17_T02,39.121710711,10.187806831,0.2,1656.58,71.51,700.526,2.1,38.53,13.42,1655.51,4337340.15,1781526.27
00:06:25.129,18/01/2026,10:07:18,17_T02,39.121712062,10.187807510,0.2,1656.57,70.08,700.531,2.0,38.53,13.42,1655.51,4337340.21,1781526.42
00:06:26.126,18/01/2026,10:07:19,17_T02,39.121713384,10.187808464,0.2,1656.54,69.37,700.560,2.1,38.52,13.42,1655.53,4337340.29,1781526.57
00:06:27.122,18/01/2026,10:07:20,17_T02,39.121714460,10.187809531,0.2,1656.50,69.35,700.608,2.1,38.52,13.42,1655.53,4337340.39,1781526.68
00:06:28.126,18/01/2026,10:07:21,17_T02,39.121715123,10.187810789,0.2,1656.48,69.96,700.686,2.1,38.53,13.41,1655.43,4337340.50,1781526.76
00:06:29.134,18/01/2026,10:07:22,17_T02,39.121715578,10.187812392,0.3,1656.47,70.92,700.800,2.1,38.53,13.41,1655.43,4337340.64,1781526.81
00:06:30.125,18/01/2026,10:07:23,17_T02,39.121716255,10.187813946,0.3,1656.46,71.36,700.903,2.1,38.53,13.42,1655.40,4337340.77,1781526.88
00:06:31.131,18/01/2026,10:07:24,17_T02,39.121716682,10.187814253,0.3,1656.46,71.01,700.912,2.1,38.53,13.42,1655.40,4337340.80,1781526.93
00:06:32.121,18/01/2026,10:07:25,17_T02,39.121717262,10.187814448,0.3,1656.45,70.29,700.906,2.0,38.53,13.42,1655.41,4337340.81,1781526.99
00:06:33.129,18/01/2026,10:07:26,17_T02,39.121718696,10.187815714,0.3,1656.43,69.42,700.956,2.0,38.53,13.42,1655.41,4337340.92,1781527.15
00:06:34.134,18/01/2026,10:07:27,17_T02,39.121720334,10.187816683,0.3,1656.40,68.16,700.975,2.0,38.53,13.42,1655.37,4337341.01,1781527.33
00:06:35.124,18/01/2026,10:07:28,17_T02,39.121721769,10.187817810,0.3,1656.35,67.24,701.014,2.0,38.53,13.42,1655.37,4337341.11,1781527.49
00:06:36.120,18/01/2026,10:07:29,17_T02,39.121721640,10.187818280,0.2,1656.31,66.77,701.057,2.1,38.53,13.42,1655.30,4337341.15,1781527.48
00:06:37.124,18/01/2026,10:07:30,17_T02,39.121721566,10.187818839,0.2,1656.29,66.34,701.106,2.1,38.53,13.42,1655.30,4337341.19,1781527.47
00:06:38.129,18/01/2026,10:07:31,17_T02,39.121722891,10.187820279,0.3,1656.28,66.00,701.174,2.1,38.53,13.42,1655.22,4337341.32,1781527.62
00:06:39.120,18/01/2026,10:07:32,17_T02,39.121723877,10.187821568,0.3,1656.27,66.18,701.243,2.0,38.53,13.42,1655.22,4337341.43,1781527.73
00:06:40.127,18/01/2026,10:07:33,17_T02,39.121724595,10.187823002,0.3,1656.24,66.79,701.334,2.0,38.53,13.42,1655.20,4337341.56,1781527.81
00:06:41.121,18/01/2026,10:07:34,17_T02,39.121725259,10.187824542,0.3,1656.20,67.49,701.435,2.0,38.53,13.42,1655.20,4337341.69,1781527.88
00:06:42.132,18/01/2026,10:07:35,17_T02,39.121725509,10.187826293,0.3,1656.15,67.99,701.569,2.1,38.53,13.42,1655.14,4337341.84,1781527.91
00:06:43.128,18/01/2026,10:07:36,17_T02,39.121725943,10.187828003,0.3,1656.12,68.23,701.693,2.1,38.53,13.42,1655.14,4337341.99,1781527.96
00:06:44.126,18/01/2026,10:07:37,17_T02,39.121727043,10.187829604,0.3,1656.10,68.27,701.783,2.1,38.53,13.43,1655.07,4337342.13,1781528.08
00:06:45.124,18/01/2026,10:07:38,17_T02,39.121728071,10.187831039,0.3,1656.09,68.17,701.863,2.1,38.53,13.43,1655.07,4337342.25,1781528.19
00:06:46.132,18/01/2026,10:07:39,17_T02,39.121729208,10.187832427,0.3,1656.08,67.88,701.934,2.1,38.53,13.42,1655.04,4337342.37,1781528.32
00:06:47.126,18/01/2026,10:07:40,17_T02,39.121730983,10.187835190,0.3,1656.05,67.51,702.094,2.1,38.53,13.42,1655.04,4337342.61,1781528.51
00:06:48.122,18/01/2026,10:07:41,17_T02,39.121732806,10.187838039,0.4,1656.03,67.28,702.260,2.1,38.53,13.42,1654.97,4337342.86,1781528.71
00:06:49.130,18/01/2026,10:07:42,17_T02,39.121733890,10.187839305,0.4,1655.99,67.26,702.323,2.1,38.53,13.42,1654.97,4337342.97,1781528.83
00:06:50.131,18/01/2026,10:07:43,17_T02,39.121734798,10.187840803,0.3,1655.95,67.57,702.412,2.1,38.53,13.42,1654.93,4337343.10,1781528.94
00:06:51.124,18/01/2026,10:07:44,17_T02,39.121735620,10.187842395,0.4,1655.92,67.84,702.512,2.1,38.53,13.42,1654.93,4337343.24,1781529.03
00:06:52.120,18/01/2026,10:07:45,17_T02,39.121736180,10.187843720,0.4,1655.90,67.57,702.600,2.1,38.53,13.42,1654.86,4337343.36,1781529.09
00:06:53.130,18/01/2026,10:07:46,17_T02,39.121737003,10.187845025,0.3,1655.90,67.04,702.676,2.1,38.53,13.42,1654.86,4337343.47,1781529.18
00:06:54.124,18/01/2026,10:07:47,17_T02,39.121738194,10.187846222,0.3,1655.88,66.71,702.730,2.1,38.53,13.42,1654.84,4337343.57,1781529.31
00:06:55.120,18/01/2026,10:07:48,17_T02,39.121739305,10.187847548,0.3,1655.84,66.63,702.797,2.0,38.53,13.42,1654.84,4337343.69,1781529.43
00:06:56.129,18/01/2026,10:07:49,17_T02,39.121740348,10.187848843,0.3,1655.78,66.52,702.864,2.1,38.53,13.42,1654.76,4337343.80,1781529.55
00:06:57.122,18/01/2026,10:07:50,17_T02,39.121740239,10.187848941,0.3,1655.73,66.28,702.876,2.1,38.53,13.42,1654.76,4337343.81,1781529.54
00:06:58.127,18/01/2026,10:07:51,17_T02,39.121740281,10.187849139,0.3,1655.70,65.92,702.891,2.2,38.53,13.42,1654.66,4337343.83,1781529.54
00:06:59.120,18/01/2026,10:07:52,17_T02,39.121741560,10.187850705,0.3,1655.69,65.70,702.971,2.1,38.53,13.42,1654.66,4337343.96,1781529.68
00:07:00.125,18/01/2026,10:07:53,17_T02,39.121742546,10.187852094,0.3,1655.69,65.88,703.048,2.1,38.53,13.42,1654.62,4337344.08,1781529.79
00:07:01.131,18/01/2026,10:07:54,17_T02,39.121743305,10.187853351,0.3,1655.69,66.40,703.123,2.0,38.53,13.42,1654.62,4337344.19,1781529.88
00:07:02.124,18/01/2026,10:07:55,17_T02,39.121744147,10.187854593,0.3,1655.66,67.00,703.194,2.0,38.53,13.42,1654.60,4337344.30,1781529.97
00:07:03.131,18/01/2026,10:07:56,17_T02,39.121743550,10.187855281,0.3,1655.60,67.76,703.272,2.1,38.53,13.42,1654.60,4337344.36,1781529.90
00:07:04.126,18/01/2026,10:07:57,17_T02,39.121743134,10.187856300,0.3,1655.55,68.39,703.371,2.1,38.53,13.42,1654.52,4337344.45,1781529.86
00:07:05.128,18/01/2026,10:07:58,17_T02,39.121744105,10.187857875,0.3,1655.53,68.39,703.464,2.1,38.53,13.42,1654.52,4337344.59,1781529.97
00:07:06.121,18/01/2026,10:07:59,17_T02,39.121745451,10.187859191,0.3,1655.56,67.77,703.522,2.1,38.53,13.42,1654.52,4337344.70,1781530.11
00:07:07.128,18/01/2026,10:08:00,17_T02,39.121746846,10.187860112,0.3,1655.58,67.28,703.545,2.0,38.53,13.42,1654.48,4337344.78,1781530.27
00:07:08.121,18/01/2026,10:08:01,17_T02,39.121746727,10.187861147,0.3,1655.55,67.46,703.634,2.0,38.53,13.42,1654.48,4337344.87,1781530.26
00:07:09.130,18/01/2026,10:08:02,17_T02,39.121746417,10.187861963,0.3,1655.47,67.92,703.713,2.1,38.53,13.42,1654.50,4337344.94,1781530.22
00:07:10.129,18/01/2026,10:08:03,17_T02,39.121746938,10.187862734,0.3,1655.38,68.44,703.757,2.2,38.53,13.42,1654.50,4337345.01,1781530.28
00:07:11.122,18/01/2026,10:08:04,17_T02,39.121747968,10.187864247,0.3,1655.35,68.17,703.842,2.2,38.53,13.42,1654.35,4337345.14,1781530.39
00:07:12.131,18/01/2026,10:08:05,17_T02,39.121749731,10.187865818,0.3,1655.37,67.18,703.905,2.1,38.53,13.42,1654.35,4337345.28,1781530.59
00:07:13.127,18/01/2026,10:08:06,17_T02,39.121751928,10.187868307,0.3,1655.40,66.56,704.027,2.0,38.53,13.42,1654.29,4337345.49,1781530.83
00:07:14.126,18/01/2026,10:08:07,17_T02,39.121753644,10.187870710,0.3,1655.39,66.54,704.160,2.0,38.53,13.42,1654.29,4337345.70,1781531.02
00:07:15.124,18/01/2026,10:08:08,17_T02,39.121754583,10.187872232,0.4,1655.34,66.72,704.250,2.0,38.53,13.43,1654.35,4337345.83,1781531.13
00:07:16.123,18/01/2026,10:08:09,17_T02,39.121755698,10.187873869,0.4,1655.27,66.70,704.342,2.0,38.53,13.43,1654.35,4337345.97,1781531.25
00:07:17.118,18/01/2026,10:08:10,17_T02,39.121756979,10.187875555,0.4,1655.21,66.62,704.433,2.1,38.53,13.42,1654.23,4337346.12,1781531.39
00:07:18.130,18/01/2026,10:08:11,17_T02,39.121758365,10.187877507,0.4,1655.18,66.58,704.541,2.1,38.53,13.42,1654.23,4337346.29,1781531.54
00:07:19.125,18/01/2026,10:08:12,17_T02,39.121759225,10.187878746,0.4,1655.17,66.69,704.611,2.1,38.53,13.42,1654.12,4337346.40,1781531.64
00:07:20.120,18/01/2026,10:08:13,17_T02,39.121760142,10.187880031,0.3,1655.15,66.72,704.682,2.0,38.53,13.42,1654.12,4337346.51,1781531.74
00:07:21.130,18/01/2026,10:08:14,17_T02,39.121760729,10.187881994,0.3,1655.11,67.34,704.821,2.0,38.53,13.42,1654.09,4337346.68,1781531.81
00:07:22.126,18/01/2026,10:08:15,17_T02,39.121761281,10.187884040,0.3,1655.05,68.00,704.968,2.0,38.53,13.42,1654.09,4337346.86,1781531.87
00:07:23.123,18/01/2026,10:08:16,17_T02,39.121762023,10.187885899,0.3,1654.99,68.09,705.092,2.1,38.53,13.42,1653.98,4337347.02,1781531.95
00:07:24.122,18/01/2026,10:08:17,17_T02,39.121763717,10.187888359,0.3,1654.94,67.68,705.231,2.1,38.53,13.42,1653.98,4337347.23,1781532.14
00:07:25.131,18/01/2026,10:08:18,17_T02,39.121765728,10.187891056,0.4,1654.90,66.88,705.377,2.1,38.53,13.42,1653.88,4337347.47,1781532.36
00:07:26.128,18/01/2026,10:08:19,17_T02,39.121767071,10.187892958,0.4,1654.86,65.79,705.483,2.1,38.53,13.42,1653.88,4337347.63,1781532.51
00:07:27.125,18/01/2026,10:08:20,17_T02,39.121768442,10.187894633,0.4,1654.83,64.51,705.569,2.1,38.53,13.42,1653.80,4337347.78,1781532.66
00:07:28.121,18/01/2026,10:08:21,17_T02,39.121769770,10.187896299,0.4,1654.79,63.49,705.656,2.0,38.53,13.42,1653.80,4337347.92,1781532.81
00:07:29.129,18/01/2026,10:08:22,17_T02,39.121770999,10.187898896,0.4,1654.74,62.83,705.823,2.0,38.53,13.42,1653.72,4337348.15,1781532.94
00:07:30.125,18/01/2026,10:08:23,17_T02,39.121771933,10.187901585,0.4,1654.68,62.80,706.008,2.1,38.53,13.42,1653.72,4337348.38,1781533.05
00:07:31.121,18/01/2026,10:08:24,17_T02,39.121772536,10.187903622,0.4,1654.63,63.27,706.153,2.1,38.53,13.42,1653.61,4337348.56,1781533.11
00:07:32.127,18/01/2026,10:08:25,17_T02,39.121773205,10.187905771,0.4,1654.57,63.64,706.304,2.1,38.53,13.42,1653.61,4337348.75,1781533.19
00:07:33.119,18/01/2026,10:08:26,17_T02,39.121774037,10.187907864,0.4,1654.54,63.65,706.444,2.1,38.53,13.42,1653.50,4337348.93,1781533.28
00:07:34.121,18/01/2026,10:08:27,17_T02,39.121775205,10.187909565,0.4,1654.51,63.50,706.540,2.1,38.53,13.42,1653.50,4337349.07,1781533.41
00:07:35.126,18/01/2026,10:08:28,17_T02,39.121776313,10.187911219,0.4,1654.49,63.43,706.634,2.1,38.53,13.42,1653.45,4337349.22,1781533.53
00:07:36.132,18/01/2026,10:08:29,17_T02,39.121777189,10.187913177,0.4,1654.44,63.47,706.762,2.0,38.53,13.42,1653.45,4337349.39,1781533.63
00:07:37.120,18/01/2026,10:08:30,17_T02,39.121778014,10.187915115,0.4,1654.38,63.65,706.890,2.1,38.53,13.42,1653.36,4337349.56,1781533.72
00:07:38.123,18/01/2026,10:08:31,17_T02,39.121778708,10.187917173,0.4,1654.31,63.99,707.033,2.1,38.53,13.42,1653.36,4337349.74,1781533.80
00:07:39.131,18/01/2026,10:08:32,17_T02,39.121779477,10.187919344,0.4,1654.26,64.13,707.182,2.1,38.53,13.42,1653.22,4337349.92,1781533.88
00:07:40.127,18/01/2026,10:08:33,17_T02,39.121781188,10.187921623,0.4,1654.23,63.81,707.305,2.1,38.53,13.42,1653.22,4337350.12,1781534.07
00:07:41.134,18/01/2026,10:08:34,17_T02,39.121782831,10.187923529,0.4,1654.22,63.30,707.400,2.0,38.53,13.42,1653.15,4337350.29,1781534.25
00:07:42.128,18/01/2026,10:08:35,17_T02,39.121783871,10.187925242,0.4,1654.20,63.09,707.501,2.0,38.53,13.42,1653.15,4337350.44,1781534.37
00:07:43.126,18/01/2026,10:08:36,17_T02,39.121784643,10.187926981,0.4,1654.13,63.44,707.615,2.0,38.53,13.42,1653.11,4337350.59,1781534.45
00:07:44.131,18/01/2026,10:08:37,17_T02,39.121785092,10.187929003,0.4,1654.04,64.31,707.764,2.1,38.53,13.42,1653.11,4337350.76,1781534.50
00:07:45.129,18/01/2026,10:08:38,17_T02,39.121787056,10.187931448,0.4,1653.97,65.11,707.891,2.1,38.53,13.42,1652.94,4337350.98,1781534.72
00:07:46.127,18/01/2026,10:08:39,17_T02,39.121789132,10.187933638,0.4,1653.93,65.03,707.993,2.1,38.53,13.42,1652.94,4337351.17,1781534.95
00:07:47.125,18/01/2026,10:08:40,17_T02,39.121790488,10.187935663,0.4,1653.93,64.28,708.109,2.1,38.53,13.42,1652.86,4337351.34,1781535.10
00:07:48.133,18/01/2026,10:08:41,17_T02,39.121791717,10.187937266,0.4,1653.92,63.67,708.194,2.0,38.53,13.42,1652.86,4337351.48,1781535.24
00:07:49.130,18/01/2026,10:08:42,17_T02,39.121792690,10.187938647,0.4,1653.86,63.61,708.271,2.0,38.53,13.42,1652.83,4337351.60,1781535.34
00:07:50.127,18/01/2026,10:08:43,17_T02,39.121793377,10.187939886,0.4,1653.77,63.87,708.347,2.1,38.53,13.42,1652.83,4337351.71,1781535.42
00:07:51.124,18/01/2026,10:08:44,17_T02,39.121793985,10.187941752,0.3,1653.69,64.17,708.477,2.2,38.53,13.42,1652.69,4337351.87,1781535.49
00:07:52.123,18/01/2026,10:08:45,17_T02,39.121795028,10.187943855,0.3,1653.67,63.89,708.611,2.2,38.53,13.42,1652.69,4337352.05,1781535.60
00:07:53.120,18/01/2026,10:08:46,17_T02,39.121796187,10.187945689,0.3,1653.66,63.60,708.718,2.1,38.53,13.42,1652.58,4337352.21,1781535.73
00:07:54.131,18/01/2026,10:08:47,17_T02,39.121797038,10.187947681,0.3,1653.64,63.89,708.849,2.1,38.53,13.42,1652.58,4337352.39,1781535.83
00:07:55.129,18/01/2026,10:08:48,17_T02,39.121797522,10.187949833,0.4,1653.58,64.45,709.008,2.1,38.53,13.43,1652.55,4337352.57,1781535.88
00:07:56.122,18/01/2026,10:08:49,17_T02,39.121797544,10.187951933,0.4,1653.51,64.64,709.179,2.1,38.53,13.43,1652.55,4337352.76,1781535.88
00:07:57.129,18/01/2026,10:08:50,17_T02,39.121797983,10.187953962,0.4,1653.45,64.31,709.329,2.1,38.53,13.43,1652.40,4337352.93,1781535.93
00:07:58.123,18/01/2026,10:08:51,17_T02,39.121799185,10.187955914,0.4,1653.41,63.91,709.444,2.2,38.53,13.43,1652.40,4337353.10,1781536.06
00:07:59.140,18/01/2026,10:08:52,17_T02,39.121800124,10.187957975,0.4,1653.38,63.84,709.578,2.1,38.53,13.42,1652.32,4337353.28,1781536.17
00:08:00.128,18/01/2026,10:08:53,17_T02,39.121800845,10.187959832,0.4,1653.34,63.88,709.703,2.1,38.53,13.42,1652.32,4337353.44,1781536.25
00:08:01.123,18/01/2026,10:08:54,17_T02,39.121800462,10.187960867,0.4,1653.28,63.82,709.802,2.1,38.53,13.42,1652.23,4337353.53,1781536.21
00:08:02.131,18/01/2026,10:08:55,17_T02,39.121800207,10.187961816,0.4,1653.22,63.76,709.889,2.1,38.53,13.42,1652.23,4337353.61,1781536.18
00:08:03.124,18/01/2026,10:08:56,17_T02,39.121801110,10.187963963,0.4,1653.16,63.84,710.031,2.1,38.53,13.42,1652.12,4337353.80,1781536.28
00:08:04.128,18/01/2026,10:08:57,17_T02,39.121801852,10.187965919,0.4,1653.11,63.89,710.164,2.1,38.53,13.42,1652.12,4337353.97,1781536.36
00:08:05.133,18/01/2026,10:08:58,17_T02,39.121802811,10.187968014,0.4,1653.08,63.77,710.300,2.1,38.53,13.42,1652.01,4337354.15,1781536.47
00:08:06.125,18/01/2026,10:08:59,17_T02,39.121803844,10.187969026,0.4,1653.03,63.70,710.344,2.1,38.53,13.42,1652.01,4337354.24,1781536.58
00:08:07.120,18/01/2026,10:09:00,17_T02,39.121804704,10.187970192,0.3,1652.97,63.90,710.408,2.1,38.53,13.42,1652.01,4337354.34,1781536.68
00:08:08.129,18/01/2026,10:09:01,17_T02,39.121805343,10.187972263,0.3,1652.91,64.32,710.554,2.1,38.53,13.42,1651.93,4337354.52,1781536.75
00:08:09.120,18/01/2026,10:09:02,17_T02,39.121806024,10.187974391,0.3,1652.85,64.52,710.703,2.1,38.53,13.42,1651.93,4337354.71,1781536.82
00:08:10.125,18/01/2026,10:09:03,17_T02,39.121807057,10.187976457,0.3,1652.81,64.16,710.833,2.2,38.53,13.42,1651.79,4337354.89,1781536.94
00:08:11.127,18/01/2026,10:09:04,17_T02,39.121809088,10.187979547,0.4,1652.79,63.56,711.011,2.1,38.53,13.42,1651.79,4337355.16,1781537.16
00:08:12.119,18/01/2026,10:09:05,17_T02,39.121811000,10.187982492,0.4,1652.78,63.25,711.181,2.1,38.53,13.42,1651.72,4337355.41,1781537.37
00:08:13.124,18/01/2026,10:09:06,17_T02,39.121811822,10.187984267,0.4,1652.73,63.59,711.296,2.1,38.53,13.42,1651.72,4337355.57,1781537.47
00:08:14.122,18/01/2026,10:09:07,17_T02,39.121812195,10.187986071,0.4,1652.64,64.61,711.429,2.1,38.53,13.43,1651.66,4337355.72,1781537.51
00:08:15.129,18/01/2026,10:09:08,17_T02,39.121812418,10.187988353,0.4,1652.55,65.76,711.608,2.2,38.53,13.43,1651.66,4337355.92,1781537.53
00:08:16.124,18/01/2026,10:09:09,17_T02,39.121813136,10.187990655,0.4,1652.50,65.81,711.770,2.2,38.53,13.42,1651.51,4337356.12,1781537.61
00:08:17.121,18/01/2026,10:09:10,17_T02,39.121815843,10.187992571,0.4,1652.49,64.76,711.826,2.2,38.53,13.42,1651.51,4337356.29,1781537.91
00:08:18.134,18/01/2026,10:09:11,17_T02,39.121818917,10.187994233,0.4,1652.49,63.69,711.848,2.1,38.53,13.42,1651.41,4337356.43,1781538.25
00:08:19.128,18/01/2026,10:09:12,17_T02,39.121819946,10.187995739,0.4,1652.48,63.40,711.933,2.0,38.53,13.42,1651.41,4337356.56,1781538.36
00:08:20.128,18/01/2026,10:09:13,17_T02,39.121820753,10.187996809,0.4,1652.42,63.62,711.990,2.0,38.53,13.42,1651.40,4337356.65,1781538.45
00:08:21.120,18/01/2026,10:09:14,17_T02,39.121821353,10.187998064,0.3,1652.31,64.21,712.071,2.1,38.53,13.42,1651.40,4337356.76,1781538.52
00:08:22.123,18/01/2026,10:09:15,17_T02,39.121822503,10.188001167,0.3,1652.21,65.36,712.282,2.3,38.53,13.42,1651.23,4337357.03,1781538.65
00:08:23.134,18/01/2026,10:09:16,17_T02,39.121824147,10.188004975,0.3,1652.18,65.99,712.533,2.3,38.53,13.42,1651.23,4337357.36,1781538.83
00:08:24.128,18/01/2026,10:09:17,17_T02,39.121825357,10.188007201,0.3,1652.19,65.42,712.670,2.2,38.53,13.42,1651.10,4337357.56,1781538.96
00:08:25.125,18/01/2026,10:09:18,17_T02,39.121826685,10.188009034,0.4,1652.20,64.55,712.771,2.1,38.53,13.42,1651.10,4337357.72,1781539.11
00:08:26.133,18/01/2026,10:09:19,17_T02,39.121827745,10.188010648,0.4,1652.17,64.02,712.864,2.0,38.53,13.42,1651.12,4337357.86,1781539.23
00:08:27.131,18/01/2026,10:09:20,17_T02,39.121828316,10.188013268,0.4,1652.09,63.83,713.057,2.1,38.53,13.42,1651.12,4337358.08,1781539.29
00:08:28.123,18/01/2026,10:09:21,17_T02,39.121828914,10.188015958,0.4,1652.00,63.63,713.255,2.1,38.53,13.42,1651.02,4337358.32,1781539.36
00:08:29.133,18/01/2026,10:09:22,17_T02,39.121829884,10.188017881,0.4,1651.93,63.39,713.376,2.1,38.53,13.42,1651.02,4337358.49,1781539.47
00:08:30.124,18/01/2026,10:09:23,17_T02,39.121830917,10.188020007,0.4,1651.90,63.26,713.512,2.1,38.53,13.42,1650.86,4337358.67,1781539.58
00:08:31.121,18/01/2026,10:09:24,17_T02,39.121831855,10.188022170,0.4,1651.87,63.32,713.654,2.1,38.53,13.42,1650.86,4337358.86,1781539.68
00:08:32.131,18/01/2026,10:09:25,17_T02,39.121832222,10.188025086,0.4,1651.83,63.64,713.880,2.1,38.53,13.42,1650.78,4337359.11,1781539.72
00:08:33.121,18/01/2026,10:09:26,17_T02,39.121832525,10.188027863,0.4,1651.76,64.02,714.096,2.1,38.53,13.42,1650.78,4337359.35,1781539.76
00:08:34.128,18/01/2026,10:09:27,17_T02,39.121833240,10.188029946,0.4,1651.68,64.28,714.240,2.1,38.53,13.42,1650.68,4337359.53,1781539.84
00:08:35.120,18/01/2026,10:09:28,17_T02,39.121834203,10.188032183,0.4,1651.61,64.14,714.387,2.2,38.53,13.42,1650.68,4337359.73,1781539.95
00:08:36.122,18/01/2026,10:09:29,17_T02,39.121835293,10.188034119,0.4,1651.58,63.58,714.505,2.1,38.53,13.42,1650.53,4337359.90,1781540.07
00:08:37.123,18/01/2026,10:09:30,17_T02,39.121836578,10.188035925,0.4,1651.56,62.95,714.605,2.1,38.53,13.42,1650.53,4337360.05,1781540.21
00:08:38.132,18/01/2026,10:09:31,17_T02,39.121837572,10.188037670,0.4,1651.50,62.91,714.711,2.1,38.53,13.42,1650.46,4337360.21,1781540.32
00:08:39.123,18/01/2026,10:09:32,17_T02,39.121838143,10.188039668,0.4,1651.41,63.46,714.853,2.1,38.53,13.42,1650.46,4337360.38,1781540.38
00:08:40.132,18/01/2026,10:09:33,17_T02,39.121838688,10.188042041,0.4,1651.34,64.00,715.028,2.2,38.53,13.42,1650.32,4337360.59,1781540.44
00:08:41.122,18/01/2026,10:09:34,17_T02,39.121839606,10.188044145,0.4,1651.30,63.90,715.166,2.2,38.53,13.42,1650.32,4337360.77,1781540.54
00:08:42.130,18/01/2026,10:09:35,17_T02,39.121840752,10.188045977,0.4,1651.27,63.43,715.273,2.2,38.53,13.43,1650.20,4337360.93,1781540.67
00:08:43.124,18/01/2026,10:09:36,17_T02,39.121841830,10.188047443,0.4,1651.24,63.30,715.353,2.1,38.53,13.43,1650.20,4337361.05,1781540.79
00:08:44.120,18/01/2026,10:09:37,17_T02,39.121842543,10.188048852,0.4,1651.19,63.57,715.442,2.1,38.53,13.43,1650.14,4337361.18,1781540.87
00:08:45.127,18/01/2026,10:09:38,17_T02,39.121843255,10.188050828,0.4,1651.11,63.87,715.577,2.1,38.53,13.43,1650.14,4337361.35,1781540.95
00:08:46.124,18/01/2026,10:09:39,17_T02,39.121844029,10.188052878,0.3,1651.02,64.14,715.716,2.2,38.53,13.43,1650.00,4337361.53,1781541.03
00:08:47.133,18/01/2026,10:09:40,17_T02,39.121844835,10.188055027,0.3,1650.96,64.22,715.862,2.2,38.53,13.43,1650.00,4337361.71,1781541.12
00:08:48.129,18/01/2026,10:09:41,17_T02,39.121845668,10.188056291,0.3,1650.94,63.97,715.935,2.2,38.53,13.43,1649.87,4337361.82,1781541.22
00:08:49.122,18/01/2026,10:09:42,17_T02,39.121846621,10.188057229,0.3,1650.94,63.53,715.976,2.1,38.53,13.43,1649.87,4337361.90,1781541.32
00:08:50.122,18/01/2026,10:09:43,17_T02,39.121847596,10.188058744,0.3,1650.91,63.41,716.064,2.1,38.53,13.43,1649.85,4337362.04,1781541.43
00:08:51.129,18/01/2026,10:09:44,17_T02,39.121848274,10.188060326,0.3,1650.83,63.94,716.168,2.1,38.53,13.43,1649.85,4337362.17,1781541.50
00:08:52.123,18/01/2026,10:09:45,17_T02,39.121848542,10.188062456,0.3,1650.71,65.18,716.333,2.2,38.53,13.42,1649.73,4337362.36,1781541.53
00:08:53.122,18/01/2026,10:09:46,17_T02,39.121848786,10.188064794,0.3,1650.62,66.22,716.515,2.3,38.53,13.42,1649.73,4337362.56,1781541.56
00:08:54.133,18/01/2026,10:09:47,17_T02,39.121848637,10.188065495,0.3,1650.58,65.96,716.578,2.3,38.53,13.43,1649.53,4337362.62,1781541.54
00:08:55.127,18/01/2026,10:09:48,17_T02,39.121849305,10.188066007,0.3,1650.59,64.70,716.595,2.2,38.53,13.43,1649.53,4337362.67,1781541.62
00:08:56.119,18/01/2026,10:09:49,17_T02,39.121850656,10.188067428,0.3,1650.61,63.70,716.661,2.1,38.53,13.43,1649.52,4337362.79,1781541.77
00:08:57.131,18/01/2026,10:09:50,17_T02,39.121851493,10.188068286,0.3,1650.58,63.57,716.701,2.0,38.53,13.43,1649.52,4337362.87,1781541.86
00:08:58.125,18/01/2026,10:09:51,17_T02,39.121852143,10.188068782,0.3,1650.46,63.80,716.717,2.1,38.53,13.43,1649.45,4337362.91,1781541.93
00:08:59.123,18/01/2026,10:09:52,17_T02,39.121852682,10.188070513,0.2,1650.31,64.49,716.839,2.3,38.53,13.43,1649.45,4337363.06,1781541.99
00:09:00.132,18/01/2026,10:09:53,17_T02,39.121853084,10.188073092,0.3,1650.23,65.29,717.035,2.4,38.53,13.43,1649.20,4337363.28,1781542.04
00:09:01.124,18/01/2026,10:09:54,17_T02,39.121854116,10.188075527,0.3,1650.21,65.23,717.196,2.4,38.53,13.43,1649.20,4337363.49,1781542.15
00:09:02.130,18/01/2026,10:09:55,17_T02,39.121855579,10.188077607,0.3,1650.23,64.41,717.312,2.2,38.53,13.43,1649.15,4337363.68,1781542.31
00:09:03.123,18/01/2026,10:09:56,17_T02,39.121856518,10.188079374,0.4,1650.24,64.15,717.422,2.1,38.53,13.43,1649.15,4337363.83,1781542.42
00:09:04.125,18/01/2026,10:09:57,17_T02,39.121857216,10.188080981,0.4,1650.19,64.21,717.527,2.0,38.53,13.43,1649.14,4337363.97,1781542.49
00:09:05.131,18/01/2026,10:09:58,17_T02,39.121857999,10.188082790,0.4,1650.07,64.42,717.646,2.1,38.53,13.43,1649.14,4337364.13,1781542.58
00:09:06.121,18/01/2026,10:09:59,17_T02,39.121858773,10.188084602,0.4,1649.94,64.61,717.766,2.2,38.53,13.43,1649.14,4337364.28,1781542.67
00:09:07.133,18/01/2026,10:10:00,17_T02,39.121859524,10.188086563,0.3,1649.85,64.64,717.899,2.3,38.53,13.43,1648.91,4337364.45,1781542.75
00:09:08.121,18/01/2026,10:10:01,17_T02,39.121860374,10.188088374,0.3,1649.81,64.13,718.015,2.3,38.53,13.43,1648.91,4337364.61,1781542.84
00:09:09.130,18/01/2026,10:10:02,17_T02,39.121861176,10.188088577,0.3,1649.81,63.47,718.002,2.2,38.53,13.43,1648.75,4337364.63,1781542.93
00:09:10.122,18/01/2026,10:10:03,17_T02,39.121861733,10.188088578,0.3,1649.77,63.60,717.981,2.1,38.53,13.43,1648.75,4337364.63,1781542.99
00:09:11.131,18/01/2026,10:10:04,17_T02,39.121861441,10.188090304,0.3,1649.66,65.66,718.134,2.2,38.53,13.43,1648.71,4337364.78,1781542.96
00:09:12.125,18/01/2026,10:10:05,17_T02,39.121860867,10.188092239,0.3,1649.53,67.87,718.313,2.3,38.53,13.43,1648.71,4337364.95,1781542.90
00:09:13.121,18/01/2026,10:10:06,17_T02,39.121860480,10.188094220,0.3,1649.43,69.70,718.490,2.4,38.53,13.43,1648.50,4337365.12,1781542.86
00:09:14.130,18/01/2026,10:10:07,17_T02,39.121860458,10.188096369,0.2,1649.38,70.89,718.667,2.4,38.53,13.43,1648.50,4337365.31,1781542.86
00:09:15.126,18/01/2026,10:10:08,17_T02,39.121860963,10.188100207,0.3,1649.37,72.13,718.962,2.4,38.53,13.43,1648.33,4337365.64,1781542.91
00:09:16.122,18/01/2026,10:10:09,17_T02,39.121861105,10.188103733,0.3,1649.36,73.88,719.246,2.2,38.53,13.43,1648.33,4337365.95,1781542.93
00:09:17.131,18/01/2026,10:10:10,17_T02,39.121860206,10.188105478,0.3,1649.31,76.32,719.422,2.2,38.53,13.43,1648.30,4337366.10,1781542.83
00:09:18.128,18/01/2026,10:10:11,17_T02,39.121859271,10.188107152,0.3,1649.20,78.79,719.594,2.3,38.53,13.43,1648.30,4337366.25,1781542.73
00:09:19.121,18/01/2026,10:10:12,17_T02,39.121858804,10.188108850,0.3,1649.09,80.41,719.751,2.3,38.53,13.43,1648.14,4337366.39,1781542.68
00:09:20.120,18/01/2026,10:10:13,17_T02,39.121857241,10.188110231,0.3,1649.00,82.04,719.922,2.4,38.53,13.43,1648.14,4337366.51,1781542.50
00:09:21.130,18/01/2026,10:10:14,17_T02,39.121855755,10.188111460,0.3,1648.95,83.91,720.078,2.4,38.53,13.43,1647.94,4337366.62,1781542.34
00:09:22.126,18/01/2026,10:10:15,17_T02,39.121855467,10.188113507,0.3,1648.92,84.58,720.256,2.4,38.53,13.43,1647.94,4337366.80,1781542.31
00:09:23.122,18/01/2026,10:10:16,17_T02,39.121855736,10.188114900,0.3,1648.89,84.43,720.360,2.3,38.53,13.43,1647.86,4337366.92,1781542.34
00:09:24.131,18/01/2026,10:10:17,17_T02,39.121855808,10.188116076,0.3,1648.84,84.50,720.454,2.3,38.53,13.43,1647.86,4337367.02,1781542.35
00:09:25.124,18/01/2026,10:10:18,17_T02,39.121855505,10.188118117,0.2,1648.75,83.85,720.632,2.3,38.53,13.43,1647.77,4337367.20,1781542.31
00:09:26.133,18/01/2026,10:10:19,17_T02,39.121855417,10.188120202,0.3,1648.63,82.81,720.806,2.4,38.53,13.43,1647.77,4337367.38,1781542.30
00:09:27.126,18/01/2026,10:10:20,17_T02,39.121856153,10.188121695,0.2,1648.52,81.67,720.901,2.5,38.53,13.43,1647.57,4337367.51,1781542.39
00:09:28.120,18/01/2026,10:10:21,17_T02,39.121856739,10.188123347,0.3,1648.47,80.81,721.015,2.5,38.53,13.43,1647.57,4337367.65,1781542.45
00:09:29.128,18/01/2026,10:10:22,17_T02,39.121857259,10.188125009,0.3,1648.46,80.34,721.132,2.5,38.53,13.43,1647.40,4337367.80,1781542.51
00:09:30.120,18/01/2026,10:10:23,17_T02,39.121857569,10.188126372,0.3,1648.45,80.30,721.232,2.3,38.53,13.43,1647.40,4337367.92,1781542.54
00:09:31.131,18/01/2026,10:10:24,17_T02,39.121858836,10.188128587,0.3,1648.39,80.36,721.366,2.3,38.53,13.43,1647.39,4337368.11,1781542.68
00:09:32.125,18/01/2026,10:10:25,17_T02,39.121860047,10.188130989,0.3,1648.27,80.53,721.518,2.4,38.53,13.43,1647.39,4337368.32,1781542.82
00:09:33.129,18/01/2026,10:10:26,17_T02,39.121859752,10.188132398,0.3,1648.15,81.53,721.644,2.5,38.53,13.43,1647.20,4337368.44,1781542.79
00:09:34.133,18/01/2026,10:10:27,17_T02,39.121859338,10.188134163,0.2,1648.07,82.84,721.804,2.6,38.53,13.43,1647.20,4337368.60,1781542.74
00:09:35.123,18/01/2026,10:10:28,17_T02,39.121858915,10.188135919,0.3,1648.03,84.17,721.964,2.5,38.53,13.43,1646.99,4337368.75,1781542.69
00:09:36.128,18/01/2026,10:10:29,17_T02,39.121858785,10.188137396,0.3,1648.01,84.84,722.089,2.4,38.53,13.43,1646.99,4337368.88,1781542.68
00:09:37.130,18/01/2026,10:10:30,17_T02,39.121858772,10.188138738,0.3,1647.96,84.99,722.200,2.3,38.53,13.43,1646.95,4337368.99,1781542.68
00:09:38.126,18/01/2026,10:10:31,17_T02,39.121858900,10.188139991,0.3,1647.88,85.07,722.298,2.3,38.53,13.43,1646.95,4337369.10,1781542.69
00:09:39.132,18/01/2026,10:10:32,17_T02,39.121858860,10.188141202,0.2,1647.80,85.35,722.398,2.4,38.53,13.43,1646.79,4337369.21,1781542.69
00:09:40.126,18/01/2026,10:10:33,17_T02,39.121858795,10.188142497,0.2,1647.70,85.82,722.507,2.4,38.53,13.43,1646.79,4337369.32,1781542.68
00:09:41.130,18/01/2026,10:10:34,17_T02,39.121859553,10.188145624,0.2,1647.63,85.94,722.735,2.5,38.53,13.43,1646.63,4337369.59,1781542.77
00:09:42.125,18/01/2026,10:10:35,17_T02,39.121860312,10.188148508,0.2,1647.59,85.85,722.943,2.5,38.53,13.43,1646.63,4337369.84,1781542.85
00:09:43.119,18/01/2026,10:10:36,17_T02,39.121860679,10.188150119,0.2,1647.58,85.58,723.061,2.4,38.53,13.43,1646.53,4337369.98,1781542.89
00:09:44.129,18/01/2026,10:10:37,17_T02,39.121860883,10.188151572,0.2,1647.58,85.47,723.172,2.3,38.53,13.43,1646.53,4337370.11,1781542.91
00:09:45.121,18/01/2026,10:10:38,17_T02,39.121861204,10.188152665,0.2,1647.55,85.21,723.250,2.2,38.53,13.43,1646.52,4337370.20,1781542.95
00:09:46.120,18/01/2026,10:10:39,17_T02,39.121862574,10.188155037,0.3,1647.45,85.27,723.393,2.2,38.53,13.43,1646.52,4337370.41,1781543.10
00:09:47.130,18/01/2026,10:10:40,17_T02,39.121863727,10.188157417,0.3,1647.33,85.53,723.545,2.4,38.53,13.43,1646.35,4337370.62,1781543.23
00:09:48.125,18/01/2026,10:10:41,17_T02,39.121863787,10.188158854,0.3,1647.26,85.68,723.661,2.5,38.53,13.43,1646.35,4337370.74,1781543.24
00:09:49.120,18/01/2026,10:10:42,17_T02,39.121863979,10.188160657,0.3,1647.24,85.75,723.801,2.5,38.53,13.44,1646.19,4337370.90,1781543.26
00:09:50.133,18/01/2026,10:10:43,17_T02,39.121864447,10.188162570,0.3,1647.25,85.49,723.940,2.3,38.53,13.44,1646.19,4337371.07,1781543.31
00:09:51.129,18/01/2026,10:10:44,17_T02,39.121864493,10.188163543,0.3,1647.25,85.64,724.018,1.9,38.53,13.44,1646.18,4337371.15,1781543.32
00:09:52.129,18/01/2026,10:10:45,17_T02,39.121863855,10.188163377,0.2,1647.25,85.87,724.029,2.0,38.53,13.44,1646.18,4337371.14,1781543.25
00:09:53.123,18/01/2026,10:10:46,17_T02,39.121863296,10.188163092,0.2,1647.16,85.93,724.026,2.1,38.53,13.44,1646.15,4337371.11,1781543.18
00:09:54.133,18/01/2026,10:10:47,17_T02,39.121863448,10.188163848,0.2,1647.01,86.00,724.082,2.0,38.53,13.44,1646.15,4337371.18,1781543.20
00:09:55.126,18/01/2026,10:10:48,17_T02,39.121863307,10.188164956,0.2,1646.89,86.58,724.178,2.5,38.53,13.44,1645.90,4337371.27,1781543.19
00:09:56.126,18/01/2026,10:10:49,17_T02,39.121862847,10.188166322,0.2,1646.86,87.50,724.307,2.6,38.53,13.44,1645.90,4337371.39,1781543.13
00:09:57.124,18/01/2026,10:10:50,17_T02,39.121861595,10.188166779,0.2,1646.90,87.63,724.391,2.2,38.53,13.44,1645.82,4337371.43,1781543.00
00:09:58.122,18/01/2026,10:10:51,17_T02,39.121860550,10.188166978,0.2,1646.94,87.43,724.446,2.3,38.53,13.44,1645.82,4337371.45,1781542.88
00:09:59.131,18/01/2026,10:10:52,17_T02,39.121860815,10.188168054,0.2,1646.93,87.15,724.525,2.2,38.53,13.44,1645.89,4337371.54,1781542.91
00:10:00.127,18/01/2026,10:10:53,17_T02,39.121861037,10.188169111,0.2,1646.86,86.78,724.603,2.2,38.53,13.44,1645.89,4337371.64,1781542.94
00:10:01.125,18/01/2026,10:10:54,17_T02,39.121861509,10.188170356,0.2,1646.78,86.01,724.687,2.3,38.53,13.44,1645.74,4337371.74,1781542.99
00:10:02.123,18/01/2026,10:10:55,17_T02,39.121862421,10.188171766,0.2,1646.73,85.31,724.769,2.4,38.53,13.44,1645.74,4337371.87,1781543.09
00:10:03.120,18/01/2026,10:10:56,17_T02,39.121863129,10.188173242,0.2,1646.71,85.02,724.863,2.3,38.53,13.44,1645.74,4337371.99,1781543.17
00:10:04.133,18/01/2026,10:10:57,17_T02,39.121863394,10.188174810,0.2,1646.71,84.94,724.982,2.2,38.54,13.44,1645.65,4337372.13,1781543.20
00:10:05.132,18/01/2026,10:10:58,17_T02,39.121863266,10.188176240,0.2,1646.70,85.44,725.104,2.2,38.54,13.44,1645.65,4337372.26,1781543.18
00:10:06.129,18/01/2026,10:10:59,17_T02,39.121863082,10.188177564,0.2,1646.66,86.00,725.219,2.2,38.54,13.44,1645.66,4337372.37,1781543.16
00:10:07.128,18/01/2026,10:11:00,17_T02,39.121864219,10.188178880,0.3,1646.57,86.50,725.285,2.2,38.54,13.44,1645.66,4337372.48,1781543.29
00:10:08.121,18/01/2026,10:11:01,17_T02,39.121865514,10.188180225,0.3,1646.50,86.68,725.347,2.3,38.54,13.44,1645.55,4337372.60,1781543.43
00:10:09.131,18/01/2026,10:11:02,17_T02,39.121865555,10.188181877,0.3,1646.46,86.77,725.480,2.3,38.54,13.44,1645.55,4337372.75,1781543.44
00:10:10.123,18/01/2026,10:11:03,17_T02,39.121865689,10.188183526,0.3,1646.45,86.69,725.611,2.3,38.54,13.44,1645.41,4337372.89,1781543.45
00:10:11.133,18/01/2026,10:11:04,17_T02,39.121865904,10.188184952,0.3,1646.44,86.38,725.719,2.2,38.54,13.44,1645.41,4337373.01,1781543.48
00:10:12.132,18/01/2026,10:11:05,17_T02,39.121866098,10.188185999,0.3,1646.39,86.18,725.798,2.2,38.54,13.44,1645.38,4337373.10,1781543.50
00:10:13.129,18/01/2026,10:11:06,17_T02,39.121866389,10.188188693,0.2,1646.33,86.04,726.008,2.2,38.54,13.44,1645.38,4337373.34,1781543.53
00:10:14.127,18/01/2026,10:11:07,17_T02,39.121866716,10.188191560,0.3,1646.27,85.78,726.230,2.3,38.53,13.44,1645.29,4337373.59,1781543.57
00:10:15.119,18/01/2026,10:11:08,17_T02,39.121866948,10.188192882,0.2,1646.25,85.58,726.330,2.3,38.53,13.44,1645.29,4337373.70,1781543.59
00:10:16.128,18/01/2026,10:11:09,17_T02,39.121866903,10.188194320,0.2,1646.22,85.87,726.449,2.3,38.54,13.44,1645.20,4337373.83,1781543.59
00:10:17.122,18/01/2026,10:11:10,17_T02,39.121866932,10.188195801,0.2,1646.18,86.12,726.570,2.3,38.54,13.44,1645.20,4337373.96,1781543.59
00:10:18.122,18/01/2026,10:11:11,17_T02,39.121868279,10.188198095,0.3,1646.15,86.40,726.707,2.3,38.54,13.44,1645.14,4337374.16,1781543.74
00:10:19.128,18/01/2026,10:11:12,17_T02,39.121869682,10.188200232,0.2,1646.14,86.46,726.830,2.2,38.54,13.44,1645.14,4337374.34,1781543.90
00:10:20.124,18/01/2026,10:11:13,17_T02,39.121869826,10.188201159,0.2,1646.14,86.42,726.901,2.2,38.54,13.44,1645.07,4337374.42,1781543.91
00:10:21.122,18/01/2026,10:11:14,17_T02,39.121869893,10.188201812,0.2,1646.11,86.35,726.952,2.1,38.54,13.44,1645.07,4337374.48,1781543.92
00:10:22.130,18/01/2026,10:11:15,17_T02,39.121869972,10.188202800,0.2,1646.05,86.44,727.030,2.2,38.53,13.44,1645.06,4337374.56,1781543.93
00:10:23.129,18/01/2026,10:11:16,17_T02,39.121870913,10.188203772,0.2,1645.96,86.63,727.074,2.3,38.53,13.44,1645.06,4337374.65,1781544.03
00:10:24.124,18/01/2026,10:11:17,17_T02,39.121871825,10.188204841,0.2,1645.88,86.75,727.128,2.4,38.53,13.44,1644.89,4337374.74,1781544.13
00:10:25.121,18/01/2026,10:11:18,17_T02,39.121871940,10.188206306,0.2,1645.84,86.92,727.244,2.4,38.53,13.44,1644.89,4337374.87,1781544.15
00:10:26.130,18/01/2026,10:11:19,17_T02,39.121872080,10.188207946,0.2,1645.86,86.96,727.373,2.3,38.53,13.45,1644.78,4337375.01,1781544.16
00:10:27.127,18/01/2026,10:11:20,17_T02,39.121872248,10.188209589,0.2,1645.91,86.93,727.501,2.2,38.53,13.45,1644.78,4337375.15,1781544.18
00:10:28.124,18/01/2026,10:11:21,17_T02,39.121873987,10.188211124,0.3,1645.92,86.72,727.562,2.1,38.53,13.45,1644.85,4337375.29,1781544.37
00:10:29.131,18/01/2026,10:11:22,17_T02,39.121875525,10.188212674,0.3,1645.88,86.72,727.632,2.1,38.53,13.45,1644.85,4337375.42,1781544.54
00:10:30.137,18/01/2026,10:11:23,17_T02,39.121875575,10.188213986,0.3,1645.81,86.77,727.737,2.1,38.53,13.44,1644.83,4337375.54,1781544.55
00:10:31.124,18/01/2026,10:11:24,17_T02,39.121875926,10.188215348,0.2,1645.75,86.48,727.836,2.2,38.53,13.44,1644.83,4337375.65,1781544.59
00:10:32.122,18/01/2026,10:11:25,17_T02,39.121876235,10.188216842,0.2,1645.70,86.32,727.947,2.2,38.53,13.44,1644.68,4337375.78,1781544.62
00:10:33.124,18/01/2026,10:11:26,17_T02,39.121876250,10.188218188,0.2,1645.68,86.57,728.056,2.2,38.53,13.44,1644.68,4337375.90,1781544.62
00:10:34.123,18/01/2026,10:11:27,17_T02,39.121874737,10.188218988,0.2,1645.68,86.86,728.178,2.1,38.53,13.44,1644.63,4337375.97,1781544.46
00:10:35.131,18/01/2026,10:11:28,17_T02,39.121873617,10.188219392,0.2,1645.64,86.78,728.253,2.1,38.53,13.44,1644.63,4337376.01,1781544.33
00:10:36.127,18/01/2026,10:11:29,17_T02,39.121873790,10.188220062,0.2,1645.53,86.77,728.301,2.1,38.54,13.44,1644.57,4337376.07,1781544.35
00:10:37.123,18/01/2026,10:11:30,17_T02,39.121873821,10.188220769,0.2,1645.38,87.03,728.358,2.3,38.54,13.44,1644.57,4337376.13,1781544.36
00:10:38.126,18/01/2026,10:11:31,17_T02,39.121873861,10.188221782,0.2,1645.27,87.29,728.440,2.5,38.53,13.45,1644.28,4337376.21,1781544.36
00:10:39.135,18/01/2026,10:11:32,17_T02,39.121875024,10.188223681,0.2,1645.27,87.44,728.552,2.5,38.53,13.45,1644.28,4337376.38,1781544.49
00:10:40.133,18/01/2026,10:11:33,17_T02,39.121876280,10.188225723,0.2,1645.34,87.19,728.672,2.4,38.54,13.45,1644.21,4337376.56,1781544.63
00:10:41.130,18/01/2026,10:11:34,17_T02,39.121876520,10.188227404,0.2,1645.42,87.09,728.801,2.2,38.54,13.45,1644.21,4337376.70,1781544.66
00:10:42.140,18/01/2026,10:11:35,17_T02,39.121876681,10.188228828,0.2,1645.43,86.89,728.912,2.1,38.53,13.44,1644.37,4337376.83,1781544.67
00:10:43.126,18/01/2026,10:11:36,17_T02,39.121876725,10.188230277,0.3,1645.37,86.83,729.029,2.1,38.53,13.44,1644.37,4337376.95,1781544.68
00:10:44.121,18/01/2026,10:11:37,17_T02,39.121875916,10.188232419,0.3,1645.30,86.41,729.234,2.1,38.54,13.44,1644.28,4337377.14,1781544.59
00:10:45.133,18/01/2026,10:11:38,17_T02,39.121875426,10.188234648,0.3,1645.23,85.97,729.435,2.2,38.54,13.44,1644.28,4337377.33,1781544.54
00:10:46.131,18/01/2026,10:11:39,17_T02,39.121875457,10.188236572,0.3,1645.19,86.17,729.592,2.2,38.54,13.44,1644.15,4337377.50,1781544.54
00:10:47.127,18/01/2026,10:11:40,17_T02,39.121875386,10.188238637,0.3,1645.16,86.44,729.763,2.2,38.54,13.44,1644.15,4337377.68,1781544.53
00:10:48.125,18/01/2026,10:11:41,17_T02,39.121875441,10.188240458,0.3,1645.13,86.55,729.910,2.1,38.54,13.44,1644.08,4337377.84,1781544.54
00:10:49.132,18/01/2026,10:11:42,17_T02,39.121874277,10.188242543,0.3,1645.09,86.61,730.124,2.1,38.54,13.44,1644.08,4337378.02,1781544.41
00:10:50.130,18/01/2026,10:11:43,17_T02,39.121873287,10.188244423,0.3,1645.02,86.74,730.315,2.1,38.54,13.44,1643.99,4337378.18,1781544.30
00:10:51.125,18/01/2026,10:11:44,17_T02,39.121873260,10.188245658,0.3,1644.94,87.00,730.417,2.1,38.54,13.44,1643.99,4337378.29,1781544.30
00:10:52.120,18/01/2026,10:11:45,17_T02,39.121873250,10.188247804,0.3,1644.86,87.08,730.594,2.2,38.54,13.44,1643.84,4337378.48,1781544.30
00:10:53.141,18/01/2026,10:11:46,17_T02,39.121873820,10.188249468,0.3,1644.80,86.38,730.709,2.2,38.54,13.44,1643.84,4337378.62,1781544.36
00:10:54.128,18/01/2026,10:11:47,17_T02,39.121874677,10.188250587,0.3,1644.76,85.97,730.768,2.3,38.54,13.45,1643.72,4337378.72,1781544.46
00:10:55.126,18/01/2026,10:11:48,17_T02,39.121875231,10.188251660,0.3,1644.76,85.91,730.836,2.2,38.54,13.45,1643.72,4337378.81,1781544.52
00:10:56.122,18/01/2026,10:11:49,17_T02,39.121875126,10.188253229,0.3,1644.78,86.16,730.968,2.1,38.54,13.45,1643.70,4337378.95,1781544.51
00:10:57.122,18/01/2026,10:11:50,17_T02,39.121875270,10.188254281,0.2,1644.77,86.07,731.049,2.1,38.54,13.45,1643.70,4337379.04,1781544.52
00:10:58.120,18/01/2026,10:11:51,17_T02,39.121875381,10.188255424,0.2,1644.67,86.17,731.138,2.1,38.54,13.45,1643.66,4337379.14,1781544.54
00:10:59.129,18/01/2026,10:11:52,17_T02,39.121875257,10.188256800,0.2,1644.55,86.76,731.256,2.2,38.54,13.45,1643.66,4337379.26,1781544.52
00:11:00.122,18/01/2026,10:11:53,17_T02,39.121874891,10.188258682,0.2,1644.49,87.22,731.423,2.3,38.54,13.45,1643.45,4337379.43,1781544.48
00:11:01.122,18/01/2026,10:11:54,17_T02,39.121874836,10.188260790,0.2,1644.50,86.98,731.598,2.3,38.54,13.45,1643.45,4337379.61,1781544.48
00:11:02.119,18/01/2026,10:11:55,17_T02,39.121875249,10.188262572,0.2,1644.56,86.42,731.729,2.1,38.54,13.45,1643.47,4337379.76,1781544.52
00:11:03.132,18/01/2026,10:11:56,17_T02,39.121875700,10.188263613,0.3,1644.61,85.94,731.797,2.0,38.54,13.45,1643.47,4337379.85,1781544.57
00:11:04.128,18/01/2026,10:11:57,17_T02,39.121875969,10.188264048,0.2,1644.56,85.74,731.823,2.0,38.54,13.45,1643.47,4337379.89,1781544.60
00:11:05.129,18/01/2026,10:11:58,17_T02,39.121875045,10.188263989,0.2,1644.44,85.73,731.852,2.1,38.54,13.45,1643.52,4337379.89,1781544.50
00:11:06.123,18/01/2026,10:11:59,17_T02,39.121873986,10.188264735,0.2,1644.34,85.88,731.953,2.3,38.54,13.45,1643.52,4337379.95,1781544.38
00:11:07.120,18/01/2026,10:12:00,17_T02,39.121874145,10.188266556,0.2,1644.33,85.89,732.096,2.3,38.54,13.45,1643.29,4337380.11,1781544.40
00:11:08.132,18/01/2026,10:12:01,17_T02,39.121874189,10.188268523,0.2,1644.38,86.10,732.256,2.2,38.54,13.45,1643.29,4337380.28,1781544.41
00:11:09.128,18/01/2026,10:12:02,17_T02,39.121874405,10.188270285,0.2,1644.42,86.09,732.392,2.1,38.53,13.45,1643.30,4337380.43,1781544.43
00:11:10.124,18/01/2026,10:12:03,17_T02,39.121875104,10.188272330,0.3,1644.41,86.30,732.533,2.0,38.53,13.45,1643.30,4337380.61,1781544.51
00:11:11.132,18/01/2026,10:12:04,17_T02,39.121875814,10.188274441,0.3,1644.35,86.39,732.680,2.0,38.54,13.44,1643.34,4337380.80,1781544.59
00:11:12.129,18/01/2026,10:12:05,17_T02,39.121875910,10.188275987,0.3,1644.27,86.46,732.803,2.1,38.54,13.44,1643.34,4337380.93,1781544.60
00:11:13.121,18/01/2026,10:12:06,17_T02,39.121875876,10.188277735,0.3,1644.22,86.86,732.947,2.1,38.54,13.44,1643.20,4337381.08,1781544.60
00:11:14.140,18/01/2026,10:12:07,17_T02,39.121875866,10.188279685,0.3,1644.20,87.20,733.107,2.1,38.54,13.44,1643.20,4337381.25,1781544.60
00:11:15.126,18/01/2026,10:12:08,17_T02,39.121875377,10.188281589,0.3,1644.20,87.29,733.281,2.1,38.54,13.44,1643.13,4337381.42,1781544.54
00:11:16.123,18/01/2026,10:12:09,17_T02,39.121875304,10.188283324,0.3,1644.19,86.88,733.426,2.1,38.54,13.44,1643.13,4337381.57,1781544.53
00:11:17.133,18/01/2026,10:12:10,17_T02,39.121875549,10.188284858,0.3,1644.16,86.62,733.543,2.1,38.53,13.45,1643.12,4337381.70,1781544.56
00:11:18.130,18/01/2026,10:12:11,17_T02,39.121875756,10.188286298,0.3,1644.12,86.39,733.653,2.1,38.53,13.45,1643.12,4337381.83,1781544.58
00:11:19.127,18/01/2026,10:12:12,17_T02,39.121875929,10.188287793,0.3,1644.07,86.18,733.769,2.1,38.54,13.44,1643.07,4337381.96,1781544.60
00:11:20.124,18/01/2026,10:12:13,17_T02,39.121876125,10.188289451,0.3,1644.02,85.91,733.897,2.2,38.54,13.44,1643.07,4337382.10,1781544.63
00:11:21.123,18/01/2026,10:12:14,17_T02,39.121876256,10.188290089,0.3,1643.99,85.57,733.945,2.1,38.54,13.45,1642.95,4337382.16,1781544.64
00:11:22.120,18/01/2026,10:12:15,17_T02,39.121876339,10.188290788,0.2,1643.98,85.60,733.999,2.2,38.54,13.45,1642.95,4337382.22,1781544.65
00:11:23.119,18/01/2026,10:12:16,17_T02,39.121876137,10.188292385,0.2,1643.97,86.09,734.137,2.1,38.53,13.45,1642.91,4337382.36,1781544.63
00:11:24.129,18/01/2026,10:12:17,17_T02,39.121875828,10.188293942,0.2,1643.97,86.69,734.276,2.1,38.53,13.45,1642.91,4337382.49,1781544.59
00:11:25.128,18/01/2026,10:12:18,17_T02,39.121875783,10.188295249,0.2,1643.97,86.90,734.385,2.0,38.54,13.44,1642.90,4337382.61,1781544.59
00:11:26.122,18/01/2026,10:12:19,17_T02,39.121876223,10.188297519,0.2,1643.93,86.87,734.555,2.1,38.54,13.44,1642.90,4337382.80,1781544.64
00:11:27.133,18/01/2026,10:12:20,17_T02,39.121876534,10.188299769,0.2,1643.86,87.03,734.727,2.1,38.54,13.44,1642.87,4337383.00,1781544.67
00:11:28.127,18/01/2026,10:12:21,17_T02,39.121876477,10.188301390,0.3,1643.82,87.21,734.862,2.1,38.54,13.44,1642.87,4337383.14,1781544.67
00:11:29.124,18/01/2026,10:12:22,17_T02,39.121876656,10.188303275,0.3,1643.82,86.89,735.010,2.1,38.54,13.44,1642.74,4337383.30,1781544.69
00:11:30.123,18/01/2026,10:12:23,17_T02,39.121876948,10.188305047,0.3,1643.85,86.44,735.144,2.1,38.54,13.44,1642.74,4337383.46,1781544.72
00:11:31.119,18/01/2026,10:12:24,17_T02,39.121877067,10.188306188,0.3,1643.88,86.12,735.233,2.1,38.53,13.44,1642.77,4337383.56,1781544.73
00:11:32.134,18/01/2026,10:12:25,17_T02,39.121877018,10.188307199,0.3,1643.87,86.08,735.318,2.0,38.53,13.44,1642.77,4337383.65,1781544.73
00:11:33.129,18/01/2026,10:12:26,17_T02,39.121877009,10.188308545,0.2,1643.80,86.17,735.428,2.0,38.54,13.44,1642.79,4337383.76,1781544.73
00:11:34.130,18/01/2026,10:12:27,17_T02,39.121876984,10.188310025,0.2,1643.72,86.37,735.551,2.1,38.54,13.44,1642.79,4337383.89,1781544.73
00:11:35.128,18/01/2026,10:12:28,17_T02,39.121876982,10.188311811,0.2,1643.68,86.67,735.697,2.1,38.54,13.44,1642.63,4337384.05,1781544.73
00:11:36.122,18/01/2026,10:12:29,17_T02,39.121876021,10.188313516,0.2,1643.70,86.95,735.872,2.1,38.54,13.44,1642.63,4337384.20,1781544.62
00:11:37.120,18/01/2026,10:12:30,17_T02,39.121875043,10.188314843,0.3,1643.74,87.24,736.017,2.0,38.53,13.44,1642.66,4337384.31,1781544.51
00:11:38.129,18/01/2026,10:12:31,17_T02,39.121874769,10.188315888,0.3,1643.75,87.62,736.113,2.0,38.53,13.44,1642.66,4337384.40,1781544.48
00:11:39.126,18/01/2026,10:12:32,17_T02,39.121874411,10.188316451,0.3,1643.69,88.11,736.173,2.0,38.54,13.44,1642.68,4337384.45,1781544.44
00:11:40.122,18/01/2026,10:12:33,17_T02,39.121874307,10.188317402,0.2,1643.60,88.29,736.254,2.1,38.54,13.44,1642.68,4337384.53,1781544.43
00:11:41.123,18/01/2026,10:12:34,17_T02,39.121874562,10.188318969,0.2,1643.54,87.94,736.373,2.2,38.54,13.44,1642.50,4337384.67,1781544.46
00:11:42.121,18/01/2026,10:12:35,17_T02,39.121874322,10.188320265,0.2,1643.54,87.63,736.488,2.2,38.54,13.44,1642.50,4337384.78,1781544.43
00:11:43.129,18/01/2026,10:12:36,17_T02,39.121874085,10.188321486,0.2,1643.59,87.12,736.597,2.1,38.53,13.44,1642.50,4337384.89,1781544.41
00:11:44.127,18/01/2026,10:12:37,17_T02,39.121874625,10.188323029,0.2,1643.63,86.19,736.703,2.0,38.53,13.44,1642.50,4337385.02,1781544.47
00:11:45.120,18/01/2026,10:12:38,17_T02,39.121874959,10.188324263,0.2,1643.61,85.68,736.792,2.0,38.54,13.44,1642.55,4337385.13,1781544.50
00:11:46.130,18/01/2026,10:12:39,17_T02,39.121875146,10.188325537,0.2,1643.54,85.51,736.889,2.0,38.54,13.44,1642.55,4337385.24,1781544.53
00:11:47.124,18/01/2026,10:12:40,17_T02,39.121876401,10.188328259,0.2,1643.47,85.17,737.066,2.1,38.54,13.44,1642.44,4337385.48,1781544.66
00:11:48.122,18/01/2026,10:12:41,17_T02,39.121877652,10.188330970,0.3,1643.45,84.67,737.241,2.1,38.54,13.44,1642.44,4337385.71,1781544.80
00:11:49.128,18/01/2026,10:12:42,17_T02,39.121878188,10.188332768,0.3,1643.46,84.33,737.368,2.1,38.54,13.44,1642.37,4337385.87,1781544.86
00:11:50.125,18/01/2026,10:12:43,17_T02,39.121878648,10.188334385,0.3,1643.48,84.30,737.484,2.0,38.54,13.44,1642.37,4337386.01,1781544.91
00:11:51.118,18/01/2026,10:12:44,17_T02,39.121878940,10.188335715,0.3,1643.48,84.44,737.582,2.0,38.54,13.44,1642.40,4337386.13,1781544.95
00:11:52.122,18/01/2026,10:12:45,17_T02,39.121878359,10.188336815,0.3,1643.43,84.62,737.694,2.0,38.54,13.44,1642.40,4337386.22,1781544.88
00:11:53.130,18/01/2026,10:12:46,17_T02,39.121877839,10.188338118,0.3,1643.35,84.87,737.820,2.0,38.54,13.44,1642.32,4337386.34,1781544.83
00:11:54.121,18/01/2026,10:12:47,17_T02,39.121877984,10.188339741,0.3,1643.30,85.45,737.947,2.1,38.54,13.44,1642.32,4337386.48,1781544.84
00:11:55.120,18/01/2026,10:12:48,17_T02,39.121878184,10.188341518,0.3,1643.27,86.00,738.085,2.1,38.54,13.44,1642.22,4337386.63,1781544.86
00:11:56.132,18/01/2026,10:12:49,17_T02,39.121878358,10.188343218,0.3,1643.26,86.44,738.218,2.0,38.54,13.44,1642.22,4337386.78,1781544.88
00:11:57.124,18/01/2026,10:12:50,17_T02,39.121878661,10.188343929,0.3,1643.24,86.76,738.265,2.0,38.53,13.45,1642.18,4337386.84,1781544.92
00:11:58.132,18/01/2026,10:12:51,17_T02,39.121878941,10.188344464,0.3,1643.19,87.04,738.298,2.0,38.53,13.45,1642.18,4337386.89,1781544.95
00:11:59.127,18/01/2026,10:12:52,17_T02,39.121879486,10.188345815,0.2,1643.15,86.76,738.389,2.0,38.54,13.45,1642.10,4337387.01,1781545.01
00:12:00.123,18/01/2026,10:12:53,17_T02,39.121880654,10.188347165,0.2,1643.11,85.57,738.456,2.1,38.54,13.45,1642.10,4337387.12,1781545.14
00:12:01.119,18/01/2026,10:12:54,17_T02,39.121881965,10.188348640,0.2,1643.06,84.39,738.528,2.1,38.54,13.45,1642.10,4337387.25,1781545.28
00:12:02.130,18/01/2026,10:12:55,17_T02,39.121882959,10.188350120,0.2,1643.01,83.67,738.612,2.1,38.54,13.45,1642.02,4337387.38,1781545.39
00:12:03.128,18/01/2026,10:12:56,17_T02,39.121882970,10.188350166,0.2,1642.98,83.62,738.615,2.1,38.54,13.45,1642.02,4337387.38,1781545.39
00:12:04.121,18/01/2026,10:12:57,17_T02,39.121883068,10.188350324,0.2,1642.97,83.78,738.625,2.1,38.53,13.46,1641.93,4337387.40,1781545.41
00:12:05.133,18/01/2026,10:12:58,17_T02,39.121883613,10.188351708,0.2,1643.00,84.25,738.718,2.0,38.53,13.46,1641.93,4337387.52,1781545.47
00:12:06.129,18/01/2026,10:12:59,17_T02,39.121883774,10.188352616,0.2,1642.99,85.10,738.786,1.9,38.54,13.46,1641.91,4337387.60,1781545.48
00:12:07.127,18/01/2026,10:13:00,17_T02,39.121884012,10.188353695,0.2,1642.90,85.70,738.866,1.9,38.54,13.46,1641.91,4337387.69,1781545.51
00:12:08.121,18/01/2026,10:13:01,17_T02,39.121885268,10.188355848,0.2,1642.79,86.03,738.995,2.0,38.53,13.46,1641.87,4337387.88,1781545.65
00:12:09.119,18/01/2026,10:13:02,17_T02,39.121886564,10.188358175,0.3,1642.72,86.28,739.138,2.1,38.53,13.46,1641.87,4337388.08,1781545.79
00:12:10.132,18/01/2026,10:13:03,17_T02,39.121887360,10.188360063,0.3,1642.71,86.35,739.263,2.1,38.54,13.46,1641.65,4337388.24,1781545.88
00:12:11.128,18/01/2026,10:13:04,17_T02,39.121887969,10.188361641,0.3,1642.76,86.45,739.369,2.0,38.54,13.46,1641.65,4337388.38,1781545.95
00:12:12.128,18/01/2026,10:13:05,17_T02,39.121888657,10.188362780,0.3,1642.78,86.31,739.437,1.9,38.53,13.46,1641.68,4337388.48,1781546.02
00:12:13.125,18/01/2026,10:13:06,17_T02,39.121889543,10.188362883,0.3,1642.70,85.86,739.412,1.9,38.53,13.46,1641.68,4337388.49,1781546.12
00:12:14.122,18/01/2026,10:13:07,17_T02,39.121890593,10.188363225,0.3,1642.58,85.28,739.401,2.0,38.54,13.46,1641.66,4337388.52,1781546.24
00:12:15.120,18/01/2026,10:13:08,17_T02,39.121891572,10.188364759,0.2,1642.48,84.90,739.490,2.1,38.54,13.46,1641.66,4337388.65,1781546.35
00:12:16.132,18/01/2026,10:13:09,17_T02,39.121892095,10.188366583,0.2,1642.47,85.23,739.620,2.1,38.54,13.46,1641.43,4337388.81,1781546.40
00:12:17.122,18/01/2026,10:13:10,17_T02,39.121892783,10.188368302,0.3,1642.51,85.49,739.736,2.0,38.54,13.46,1641.43,4337388.96,1781546.48
00:12:18.120,18/01/2026,10:13:11,17_T02,39.121892542,10.188369825,0.3,1642.49,85.97,739.869,1.9,38.54,13.46,1641.44,4337389.09,1781546.45
00:12:19.130,18/01/2026,10:13:12,17_T02,39.121892554,10.188371262,0.3,1642.41,86.11,739.986,1.9,38.54,13.46,1641.44,4337389.22,1781546.46
00:12:20.123,18/01/2026,10:13:13,17_T02,39.121893208,10.188372629,0.3,1642.31,86.20,740.074,2.0,38.53,13.46,1641.35,4337389.33,1781546.53
00:12:21.132,18/01/2026,10:13:14,17_T02,39.121893805,10.188374234,0.3,1642.24,86.32,740.183,2.1,38.53,13.46,1641.35,4337389.47,1781546.60
00:12:22.124,18/01/2026,10:13:15,17_T02,39.121894686,10.188376027,0.3,1642.23,86.12,740.297,2.1,38.54,13.46,1641.16,4337389.63,1781546.69
00:12:23.128,18/01/2026,10:13:16,17_T02,39.121895274,10.188377477,0.3,1642.23,86.09,740.394,2.0,38.54,13.46,1641.16,4337389.76,1781546.76
00:12:24.129,18/01/2026,10:13:17,17_T02,39.121896073,10.188378693,0.3,1642.19,85.75,740.464,2.0,38.53,13.45,1641.17,4337389.86,1781546.85
00:12:25.123,18/01/2026,10:13:18,17_T02,39.121896703,10.188380052,0.3,1642.11,85.79,740.552,2.0,38.53,13.45,1641.17,4337389.98,1781546.92
00:12:26.128,18/01/2026,10:13:19,17_T02,39.121897243,10.188381518,0.3,1642.02,86.00,740.652,2.1,38.54,13.45,1641.03,4337390.11,1781546.98
00:12:27.131,18/01/2026,10:13:20,17_T02,39.121897975,10.188383147,0.3,1641.98,85.94,740.758,2.1,38.54,13.45,1641.03,4337390.25,1781547.06
00:12:28.125,18/01/2026,10:13:21,17_T02,39.121898680,10.188384736,0.3,1641.96,85.96,740.862,2.1,38.54,13.46,1640.91,4337390.39,1781547.14
00:12:29.120,18/01/2026,10:13:22,17_T02,39.121900406,10.188386248,0.3,1641.95,85.89,740.922,2.0,38.54,13.46,1640.91,4337390.52,1781547.33
00:12:30.130,18/01/2026,10:13:23,17_T02,39.121901985,10.188387346,0.3,1641.90,85.65,740.953,2.0,38.54,13.46,1640.88,4337390.61,1781547.50
00:12:31.124,18/01/2026,10:13:24,17_T02,39.121902624,10.188388221,0.3,1641.83,85.39,741.001,2.1,38.54,13.46,1640.88,4337390.69,1781547.57
00:12:32.129,18/01/2026,10:13:25,17_T02,39.121903381,10.188389478,0.3,1641.76,85.10,741.075,2.1,38.54,13.46,1640.76,4337390.80,1781547.66
00:12:33.127,18/01/2026,10:13:26,17_T02,39.121904107,10.188391105,0.3,1641.71,85.09,741.182,2.1,38.54,13.46,1640.76,4337390.94,1781547.74
00:12:34.121,18/01/2026,10:13:27,17_T02,39.121905151,10.188391213,0.2,1641.71,84.78,741.152,2.1,38.54,13.46,1640.64,4337390.95,1781547.85
00:12:35.119,18/01/2026,10:13:28,17_T02,39.121905817,10.188391124,0.2,1641.71,84.79,741.120,2.0,38.54,13.46,1640.64,4337390.94,1781547.92
00:12:36.133,18/01/2026,10:13:29,17_T02,39.121906444,10.188392580,0.2,1641.69,84.94,741.216,2.0,38.53,13.46,1640.64,4337391.07,1781547.99
00:12:37.129,18/01/2026,10:13:30,17_T02,39.121907004,10.188393848,0.3,1641.63,85.13,741.299,2.0,38.53,13.46,1640.64,4337391.18,1781548.06
00:12:38.121,18/01/2026,10:13:31,17_T02,39.121907469,10.188395254,0.3,1641.56,85.58,741.396,2.0,38.54,13.45,1640.55,4337391.30,1781548.11
00:12:39.133,18/01/2026,10:13:32,17_T02,39.121908292,10.188397326,0.3,1641.51,86.21,741.535,1.9,38.54,13.45,1640.55,4337391.48,1781548.20
00:12:40.129,18/01/2026,10:13:33,17_T02,39.121909372,10.188399451,0.3,1641.49,86.37,741.669,2.0,38.54,13.46,1640.44,4337391.66,1781548.32
00:12:41.129,18/01/2026,10:13:34,17_T02,39.121909914,10.188401054,0.3,1641.48,86.64,741.780,2.0,38.54,13.46,1640.44,4337391.80,1781548.38
00:12:42.125,18/01/2026,10:13:35,17_T02,39.121910713,10.188402767,0.3,1641.45,86.55,741.891,2.0,38.53,13.45,1640.41,4337391.95,1781548.47
00:12:43.138,18/01/2026,10:13:36,17_T02,39.121911516,10.188404054,0.3,1641.40,86.27,741.967,2.0,38.53,13.45,1640.41,4337392.06,1781548.56
00:12:44.122,18/01/2026,10:13:37,17_T02,39.121913519,10.188405750,0.3,1641.33,86.06,742.031,2.0,38.54,13.45,1640.32,4337392.21,1781548.78
00:12:45.121,18/01/2026,10:13:38,17_T02,39.121915034,10.188407441,0.3,1641.26,86.64,742.113,2.0,38.54,13.45,1640.32,4337392.36,1781548.94
00:12:46.117,18/01/2026,10:13:39,17_T02,39.121914927,10.188409017,0.3,1641.21,88.14,742.246,2.0,38.54,13.45,1640.16,4337392.50,1781548.93
00:12:47.131,18/01/2026,10:13:40,17_T02,39.121914771,10.188410614,0.3,1641.18,90.10,742.383,2.0,38.54,13.45,1640.16,4337392.63,1781548.92
00:12:48.127,18/01/2026,10:13:41,17_T02,39.121913939,10.188412033,0.4,1641.15,93.28,742.530,2.0,38.54,13.45,1640.11,4337392.76,1781548.82
00:12:49.123,18/01/2026,10:13:42,17_T02,39.121912754,10.188413247,0.4,1641.10,96.61,742.673,1.9,38.54,13.45,1640.11,4337392.86,1781548.69
00:12:50.121,18/01/2026,10:13:43,17_T02,39.121911143,10.188414373,0.4,1641.05,99.55,742.826,2.0,38.54,13.45,1640.00,4337392.96,1781548.52
00:12:51.129,18/01/2026,10:13:44,17_T02,39.121910207,10.188415598,0.3,1641.00,101.27,742.961,2.0,38.54,13.45,1640.00,4337393.07,1781548.41
00:12:52.124,18/01/2026,10:13:45,17_T02,39.121910338,10.188417196,0.3,1640.97,101.95,743.087,1.9,38.53,13.46,1639.91,4337393.21,1781548.43
00:12:53.130,18/01/2026,10:13:46,17_T02,39.121910554,10.188418825,0.3,1640.95,102.11,743.212,1.9,38.53,13.46,1639.91,4337393.35,1781548.45
00:12:54.121,18/01/2026,10:13:47,17_T02,39.121909789,10.188419952,0.3,1640.91,103.34,743.333,1.9,38.53,13.46,1639.87,4337393.45,1781548.37
00:12:55.130,18/01/2026,10:13:48,17_T02,39.121909344,10.188421737,0.3,1640.85,104.31,743.496,2.0,38.53,13.46,1639.87,4337393.60,1781548.32
00:12:56.121,18/01/2026,10:13:49,17_T02,39.121909180,10.188423526,0.3,1640.81,104.79,743.648,2.0,38.54,13.45,1639.76,4337393.76,1781548.30
00:12:57.126,18/01/2026,10:13:50,17_T02,39.121908650,10.188424886,0.3,1640.81,105.19,743.779,2.0,38.54,13.45,1639.76,4337393.88,1781548.24
00:12:58.128,18/01/2026,10:13:51,17_T02,39.121907944,10.188426106,0.3,1640.83,105.61,743.906,2.0,38.54,13.45,1639.76,4337393.98,1781548.17
00:12:59.122,18/01/2026,10:13:52,17_T02,39.121907433,10.188427405,0.3,1640.86,105.47,744.031,2.0,38.53,13.45,1639.76,4337394.10,1781548.11
00:13:00.131,18/01/2026,10:13:53,17_T02,39.121907213,10.188429345,0.3,1640.88,104.69,744.198,2.0,38.53,13.45,1639.76,4337394.27,1781548.09
00:13:01.125,18/01/2026,10:13:54,17_T02,39.121907144,10.188431188,0.3,1640.90,103.81,744.352,2.0,38.54,13.44,1639.80,4337394.43,1781548.08
00:13:02.128,18/01/2026,10:13:55,17_T02,39.121906828,10.188432558,0.2,1640.92,103.15,744.475,1.9,38.54,13.44,1639.80,4337394.55,1781548.04
00:13:03.124,18/01/2026,10:13:56,17_T02,39.121906319,10.188434011,0.3,1640.92,102.69,744.613,1.9,38.54,13.44,1639.83,4337394.67,1781547.99
00:13:04.121,18/01/2026,10:13:57,17_T02,39.121905894,10.188435446,0.3,1640.95,102.14,744.747,2.0,38.54,13.44,1639.83,4337394.80,1781547.94
00:13:05.129,18/01/2026,10:13:58,17_T02,39.121905300,10.188435139,0.3,1640.97,101.71,744.744,1.9,38.54,13.44,1639.87,4337394.77,1781547.88
00:13:06.124,18/01/2026,10:13:59,17_T02,39.121904682,10.188434922,0.3,1640.99,101.31,744.749,1.9,38.54,13.44,1639.87,4337394.75,1781547.81
00:13:07.119,18/01/2026,10:14:00,17_T02,39.121904102,10.188436247,0.3,1640.99,100.96,744.879,1.9,38.54,13.44,1639.92,4337394.87,1781547.74
00:13:08.130,18/01/2026,10:14:01,17_T02,39.121903626,10.188437667,0.3,1641.00,100.43,745.013,2.0,38.54,13.44,1639.92,4337394.99,1781547.69
00:13:09.126,18/01/2026,10:14:02,17_T02,39.121903334,10.188439073,0.3,1641.02,99.81,745.139,2.0,38.54,13.44,1639.94,4337395.11,1781547.66
00:13:10.119,18/01/2026,10:14:03,17_T02,39.121902666,10.188440381,0.3,1641.04,99.69,745.271,2.0,38.54,13.44,1639.94,4337395.23,1781547.59
00:13:11.131,18/01/2026,10:14:04,17_T02,39.121901837,10.188440593,0.3,1641.07,99.27,745.319,2.0,38.54,13.44,1639.98,4337395.25,1781547.50
00:13:12.129,18/01/2026,10:14:05,17_T02,39.121900760,10.188440757,0.3,1641.08,99.33,745.373,2.0,38.54,13.44,1639.98,4337395.26,1781547.38
00:13:13.127,18/01/2026,10:14:06,17_T02,39.121899856,10.188442094,0.3,1641.09,99.73,745.516,2.0,38.54,13.44,1640.01,4337395.38,1781547.28
00:13:14.118,18/01/2026,10:14:07,17_T02,39.121898840,10.188443391,0.3,1641.09,100.28,745.660,2.0,38.54,13.44,1640.01,4337395.49,1781547.17
00:13:15.117,18/01/2026,10:14:08,17_T02,39.121897885,10.188444704,0.3,1641.11,100.70,745.803,2.0,38.54,13.44,1640.03,4337395.60,1781547.06
00:13:16.126,18/01/2026,10:14:09,17_T02,39.121896693,10.188446412,0.3,1641.13,100.83,745.987,2.0,38.54,13.44,1640.03,4337395.75,1781546.93
00:13:17.124,18/01/2026,10:14:10,17_T02,39.121895816,10.188447950,0.3,1641.13,100.50,746.146,2.0,38.54,13.44,1640.07,4337395.89,1781546.83
00:13:18.121,18/01/2026,10:14:11,17_T02,39.121895233,10.188449234,0.3,1641.10,100.09,746.273,2.1,38.54,13.44,1640.07,4337396.00,1781546.77
00:13:19.129,18/01/2026,10:14:12,17_T02,39.121894771,10.188450625,0.3,1641.09,99.68,746.404,2.1,38.54,13.44,1640.05,4337396.12,1781546.72
00:13:20.123,18/01/2026,10:14:13,17_T02,39.121893983,10.188452079,0.3,1641.12,99.76,746.552,2.1,38.54,13.44,1640.05,4337396.25,1781546.63
00:13:21.120,18/01/2026,10:14:14,17_T02,39.121892841,10.188452321,0.3,1641.18,100.10,746.615,2.1,38.54,13.44,1640.06,4337396.27,1781546.51
00:13:22.120,18/01/2026,10:14:15,17_T02,39.121891697,10.188452458,0.3,1641.26,100.50,746.668,2.0,38.54,13.44,1640.06,4337396.28,1781546.38
00:13:23.132,18/01/2026,10:14:16,17_T02,39.121890737,10.188453299,0.3,1641.27,100.85,746.773,1.9,38.54,13.44,1640.21,4337396.35,1781546.27
00:13:24.125,18/01/2026,10:14:17,17_T02,39.121889951,10.188453727,0.2,1641.23,101.06,746.837,2.0,38.54,13.44,1640.21,4337396.39,1781546.19
00:13:25.118,18/01/2026,10:14:18,17_T02,39.121889319,10.188454149,0.2,1641.19,101.12,746.895,2.1,38.54,13.44,1640.16,4337396.43,1781546.12
00:13:26.127,18/01/2026,10:14:19,17_T02,39.121888833,10.188455647,0.2,1641.17,101.06,747.036,2.1,38.54,13.44,1640.16,4337396.56,1781546.06
00:13:27.119,18/01/2026,10:14:20,17_T02,39.121888263,10.188457602,0.2,1641.23,100.78,747.218,2.1,38.53,13.44,1640.12,4337396.73,1781546.00
00:13:28.130,18/01/2026,10:14:21,17_T02,39.121887574,10.188458900,0.2,1641.31,100.52,747.349,2.0,38.53,13.44,1640.12,4337396.84,1781545.93
00:13:29.120,18/01/2026,10:14:22,17_T02,39.121886764,10.188459753,0.2,1641.37,100.50,747.449,2.1,38.53,13.44,1640.28,4337396.92,1781545.84
00:13:30.125,18/01/2026,10:14:23,17_T02,39.121886091,10.188460747,0.2,1641.41,100.25,747.556,2.0,38.53,13.44,1640.28,4337397.00,1781545.76
00:13:31.119,18/01/2026,10:14:24,17_T02,39.121885421,10.188462066,0.3,1641.45,99.91,747.689,2.0,38.54,13.44,1640.36,4337397.12,1781545.69
00:13:32.124,18/01/2026,10:14:25,17_T02,39.121884410,10.188463604,0.3,1641.53,100.13,747.852,2.0,38.54,13.44,1640.36,4337397.25,1781545.58
00:13:33.132,18/01/2026,10:14:26,17_T02,39.121883373,10.188464990,0.3,1641.63,100.54,748.005,1.9,38.54,13.44,1640.50,4337397.37,1781545.46
00:13:34.124,18/01/2026,10:14:27,17_T02,39.121882464,10.188466222,0.3,1641.71,100.61,748.139,1.9,38.54,13.44,1640.50,4337397.48,1781545.36
00:13:35.129,18/01/2026,10:14:28,17_T02,39.121881724,10.188467454,0.3,1641.75,100.40,748.268,1.9,38.54,13.44,1640.68,4337397.59,1781545.28
00:13:36.126,18/01/2026,10:14:29,17_T02,39.121881169,10.188468701,0.3,1641.75,100.07,748.391,1.9,38.54,13.44,1640.68,4337397.70,1781545.22
00:13:37.120,18/01/2026,10:14:30,17_T02,39.121880883,10.188470683,0.3,1641.75,100.04,748.563,1.9,38.54,13.44,1640.70,4337397.87,1781545.19
00:13:38.126,18/01/2026,10:14:31,17_T02,39.121880262,10.188472577,0.3,1641.77,100.44,748.742,1.9,38.54,13.44,1640.70,4337398.03,1781545.12
00:13:39.132,18/01/2026,10:14:32,17_T02,39.121879201,10.188474042,0.3,1641.81,100.60,748.901,1.9,38.53,13.44,1640.72,4337398.16,1781545.01
00:13:40.126,18/01/2026,10:14:33,17_T02,39.121878228,10.188475165,0.3,1641.83,100.86,749.029,1.9,38.53,13.44,1640.72,4337398.26,1781544.90
00:13:41.127,18/01/2026,10:14:34,17_T02,39.121877002,10.188476224,0.3,1641.82,101.67,749.162,1.9,38.54,13.44,1640.77,4337398.35,1781544.76
00:13:42.130,18/01/2026,10:14:35,17_T02,39.121875110,10.188477974,0.3,1641.79,103.10,749.376,1.9,38.54,13.44,1640.77,4337398.50,1781544.55
00:13:43.141,18/01/2026,10:14:36,17_T02,39.121873081,10.188479570,0.3,1641.77,105.00,749.582,1.9,38.54,13.44,1640.73,4337398.64,1781544.33
00:13:44.130,18/01/2026,10:14:37,17_T02,39.121870998,10.188480557,0.3,1641.79,107.38,749.740,1.9,38.54,13.44,1640.73,4337398.73,1781544.10
00:13:45.128,18/01/2026,10:14:38,17_T02,39.121868915,10.188481455,0.3,1641.82,109.49,749.891,1.9,38.53,13.44,1640.76,4337398.81,1781543.87
00:13:46.122,18/01/2026,10:14:39,17_T02,39.121867412,10.188482406,0.3,1641.84,110.51,750.025,1.9,38.53,13.44,1640.76,4337398.89,1781543.71
00:13:47.118,18/01/2026,10:14:40,17_T02,39.121867214,10.188483802,0.3,1641.84,110.86,750.147,1.9,38.54,13.44,1640.80,4337399.01,1781543.68
00:13:48.133,18/01/2026,10:14:41,17_T02,39.121867159,10.188485354,0.3,1641.84,110.82,750.276,1.9,38.54,13.44,1640.80,4337399.15,1781543.68
00:13:49.125,18/01/2026,10:14:42,17_T02,39.121866312,10.188486636,0.3,1641.86,110.53,750.412,1.9,38.54,13.44,1640.79,4337399.26,1781543.59
00:13:50.121,18/01/2026,10:14:43,17_T02,39.121865548,10.188488035,0.3,1641.89,109.99,750.555,1.9,38.54,13.44,1640.79,4337399.38,1781543.50
00:13:51.133,18/01/2026,10:14:44,17_T02,39.121864935,10.188489500,0.3,1641.94,109.11,750.698,1.8,38.53,13.44,1640.87,4337399.51,1781543.43
00:13:52.128,18/01/2026,10:14:45,17_T02,39.121863582,10.188488968,0.3,1641.97,108.21,750.705,1.9,38.53,13.44,1640.87,4337399.46,1781543.28
00:13:53.123,18/01/2026,10:14:46,17_T02,39.121862328,10.188488571,0.3,1642.01,107.58,750.719,1.9,38.54,13.44,1640.93,4337399.43,1781543.15
00:13:54.133,18/01/2026,10:14:47,17_T02,39.121861489,10.188489750,0.3,1642.03,107.29,750.847,1.9,38.54,13.44,1640.93,4337399.53,1781543.05
00:13:55.125,18/01/2026,10:14:48,17_T02,39.121860563,10.188490619,0.3,1642.05,107.41,750.953,1.9,38.54,13.44,1640.99,4337399.61,1781542.95
00:13:56.120,18/01/2026,10:14:49,17_T02,39.121859522,10.188491574,0.3,1642.06,107.56,751.069,1.9,38.54,13.44,1640.99,4337399.69,1781542.84
00:13:57.118,18/01/2026,10:14:50,17_T02,39.121858587,10.188492315,0.3,1642.07,107.84,751.165,1.9,38.54,13.44,1640.99,4337399.76,1781542.73
00:13:58.125,18/01/2026,10:14:51,17_T02,39.121857558,10.188493118,0.2,1642.08,108.23,751.269,1.9,38.54,13.44,1641.02,4337399.83,1781542.62
00:13:59.132,18/01/2026,10:14:52,17_T02,39.121856525,10.188493849,0.2,1642.10,108.60,751.367,1.9,38.54,13.44,1641.02,4337399.89,1781542.51
00:14:00.120,18/01/2026,10:14:53,17_T02,39.121855611,10.188494489,0.2,1642.10,108.79,751.454,1.9,38.54,13.44,1641.06,4337399.95,1781542.41
00:14:01.130,18/01/2026,10:14:54,17_T02,39.121854769,10.188495182,0.2,1642.10,108.88,751.542,1.9,38.54,13.44,1641.06,4337400.01,1781542.31
00:14:02.121,18/01/2026,10:14:55,17_T02,39.121853913,10.188495938,0.2,1642.13,108.97,751.636,1.9,38.54,13.44,1641.04,4337400.07,1781542.22
00:14:03.129,18/01/2026,10:14:56,17_T02,39.121852848,10.188498433,0.2,1642.17,109.13,751.880,1.9,38.54,13.44,1641.04,4337400.29,1781542.10
00:14:04.120,18/01/2026,10:14:57,17_T02,39.121851799,10.188500603,0.2,1642.23,109.31,752.096,1.9,38.53,13.44,1641.11,4337400.48,1781541.99
00:14:05.123,18/01/2026,10:14:58,17_T02,39.121850929,10.188501110,0.2,1642.28,109.33,752.170,1.8,38.53,13.44,1641.11,4337400.52,1781541.89
00:14:06.120,18/01/2026,10:14:59,17_T02,39.121850165,10.188501630,0.2,1642.31,109.20,752.241,1.8,38.54,13.44,1641.22,4337400.57,1781541.81
00:14:07.129,18/01/2026,10:15:00,17_T02,39.121849490,10.188502285,0.2,1642.31,108.95,752.320,1.8,38.54,13.44,1641.22,4337400.63,1781541.73
00:14:08.121,18/01/2026,10:15:01,17_T02,39.121849524,10.188503766,0.2,1642.33,108.92,752.440,1.8,38.54,13.44,1641.27,4337400.75,1781541.74
00:14:09.133,18/01/2026,10:15:02,17_T02,39.121849193,10.188505182,0.2,1642.37,109.31,752.568,1.8,38.54,13.44,1641.27,4337400.88,1781541.70
00:14:10.129,18/01/2026,10:15:03,17_T02,39.121847808,10.188505611,0.2,1642.42,109.97,752.655,1.8,38.54,13.44,1641.32,4337400.92,1781541.55
00:14:11.129,18/01/2026,10:15:04,17_T02,39.121846578,10.188505873,0.2,1642.45,110.29,752.722,1.8,38.54,13.44,1641.32,4337400.94,1781541.41
00:14:12.125,18/01/2026,10:15:05,17_T02,39.121845557,10.188506234,0.2,1642.43,110.34,752.790,1.8,38.54,13.44,1641.39,4337400.97,1781541.30
00:14:13.122,18/01/2026,10:15:06,17_T02,39.121845255,10.188507243,0.2,1642.42,110.39,752.884,1.8,38.54,13.44,1641.39,4337401.06,1781541.27
00:14:14.132,18/01/2026,10:15:07,17_T02,39.121844681,10.188508288,0.2,1642.42,110.68,752.991,1.9,38.54,13.44,1641.35,4337401.15,1781541.20
00:14:15.130,18/01/2026,10:15:08,17_T02,39.121843434,10.188508824,0.2,1642.45,110.92,753.081,1.9,38.54,13.44,1641.35,4337401.20,1781541.07
00:14:16.126,18/01/2026,10:15:09,17_T02,39.121842309,10.188509348,0.2,1642.49,110.83,753.166,1.8,38.54,13.44,1641.41,4337401.24,1781540.94
00:14:17.125,18/01/2026,10:15:10,17_T02,39.121841490,10.188509884,0.2,1642.51,110.38,753.240,1.9,38.54,13.44,1641.41,4337401.29,1781540.85
00:14:18.119,18/01/2026,10:15:11,17_T02,39.121840643,10.188510405,0.2,1642.52,110.11,753.314,1.9,38.54,13.44,1641.45,4337401.33,1781540.76
00:14:19.128,18/01/2026,10:15:12,17_T02,39.121839115,10.188509321,0.2,1642.54,110.55,753.282,1.9,38.54,13.44,1641.45,4337401.24,1781540.59
00:14:20.125,18/01/2026,10:15:13,17_T02,39.121837413,10.188508397,0.3,1642.57,111.28,753.270,1.9,38.54,13.44,1641.50,4337401.16,1781540.40
00:14:21.119,18/01/2026,10:15:14,17_T02,39.121836250,10.188508908,0.3,1642.61,110.85,753.355,1.9,38.54,13.44,1641.50,4337401.21,1781540.27
00:14:22.127,18/01/2026,10:15:15,17_T02,39.121836231,10.188509895,0.3,1642.65,108.77,753.437,1.9,38.54,13.44,1641.54,4337401.29,1781540.27
00:14:23.123,18/01/2026,10:15:16,17_T02,39.121837687,10.188511546,0.3,1642.69,104.59,753.518,1.8,38.54,13.44,1641.54,4337401.43,1781540.43
00:14:24.119,18/01/2026,10:15:17,17_T02,39.121840481,10.188514561,0.3,1642.72,100.19,753.661,1.8,38.54,13.44,1641.64,4337401.70,1781540.74
00:14:25.129,18/01/2026,10:15:18,17_T02,39.121842872,10.188517346,0.3,1642.75,96.17,753.800,1.8,38.54,13.44,1641.64,4337401.94,1781541.01
00:14:26.125,18/01/2026,10:15:19,17_T02,39.121843848,10.188518384,0.3,1642.78,93.47,753.849,1.9,38.54,13.44,1641.70,4337402.03,1781541.11
00:14:27.124,18/01/2026,10:15:20,17_T02,39.121844243,10.188519290,0.3,1642.80,92.28,753.908,1.9,38.54,13.44,1641.70,4337402.11,1781541.16
00:14:28.120,18/01/2026,10:15:21,17_T02,39.121843978,10.188520103,0.2,1642.81,92.61,753.984,1.8,38.54,13.44,1641.73,4337402.18,1781541.13
00:14:29.128,18/01/2026,10:15:22,17_T02,39.121842231,10.188520750,0.2,1642.81,94.09,754.102,1.8,38.54,13.44,1641.73,4337402.23,1781540.94
00:14:30.122,18/01/2026,10:15:23,17_T02,39.121840358,10.188521514,0.2,1642.81,95.19,754.235,1.8,38.53,13.44,1641.74,4337402.30,1781540.73
00:14:31.120,18/01/2026,10:15:24,17_T02,39.121839965,10.188522489,0.2,1642.80,95.40,754.329,1.8,38.53,13.44,1641.74,4337402.39,1781540.69
00:14:32.126,18/01/2026,10:15:25,17_T02,39.121840126,10.188523529,0.2,1642.80,94.84,754.408,1.8,38.54,13.44,1641.72,4337402.48,1781540.70
00:14:33.120,18/01/2026,10:15:26,17_T02,39.121840332,10.188524450,0.2,1642.79,94.23,754.476,1.8,38.54,13.44,1641.72,4337402.56,1781540.73
00:14:34.127,18/01/2026,10:15:27,17_T02,39.121840728,10.188526405,0.2,1642.78,93.87,754.622,1.8,38.54,13.44,1641.72,4337402.73,1781540.77
00:14:35.133,18/01/2026,10:15:28,17_T02,39.121841062,10.188528149,0.2,1642.76,93.39,754.752,1.8,38.54,13.44,1641.72,4337402.88,1781540.81
00:14:36.123,18/01/2026,10:15:29,17_T02,39.121841826,10.188529166,0.2,1642.74,91.53,754.807,1.9,38.54,13.45,1641.67,4337402.97,1781540.89
00:14:37.132,18/01/2026,10:15:30,17_T02,39.121842844,10.188530174,0.2,1642.74,89.32,754.851,1.9,38.54,13.45,1641.67,4337403.05,1781541.01
00:14:38.123,18/01/2026,10:15:31,17_T02,39.121843546,10.188531113,0.2,1642.73,87.88,754.902,1.9,38.53,13.47,1641.67,4337403.14,1781541.08
00:14:39.129,18/01/2026,10:15:32,17_T02,39.121843006,10.188530931,0.2,1642.72,86.97,754.907,1.9,38.53,13.47,1641.67,4337403.12,1781541.02
00:14:40.121,18/01/2026,10:15:33,17_T02,39.121842620,10.188530738,0.2,1642.70,86.01,754.906,1.9,38.53,13.47,1641.66,4337403.10,1781540.98
00:14:41.118,18/01/2026,10:15:34,17_T02,39.121843261,10.188531582,0.2,1642.69,84.82,754.951,1.9,38.53,13.47,1641.66,4337403.18,1781541.05
00:14:42.128,18/01/2026,10:15:35,17_T02,39.121843498,10.188532448,0.2,1642.68,84.29,755.013,1.9,38.54,13.46,1641.64,4337403.25,1781541.08
00:14:43.124,18/01/2026,10:15:36,17_T02,39.121843434,10.188533313,0.2,1642.67,84.28,755.087,1.9,38.54,13.46,1641.64,4337403.33,1781541.07
00:14:44.119,18/01/2026,10:15:37,17_T02,39.121843299,10.188534174,0.2,1642.66,84.45,755.162,1.9,38.53,13.46,1641.61,4337403.40,1781541.06
00:14:45.137,18/01/2026,10:15:38,17_T02,39.121843934,10.188535607,0.2,1642.65,84.70,755.256,1.9,38.53,13.46,1641.61,4337403.53,1781541.13
00:14:46.129,18/01/2026,10:15:39,17_T02,39.121844399,10.188536860,0.2,1642.64,85.06,755.341,1.9,38.54,13.46,1641.57,4337403.64,1781541.18
00:14:47.121,18/01/2026,10:15:40,17_T02,39.121844143,10.188537761,0.2,1642.64,85.46,755.425,1.9,38.54,13.46,1641.57,4337403.71,1781541.15
00:14:48.119,18/01/2026,10:15:41,17_T02,39.121844047,10.188538560,0.2,1642.64,85.53,755.494,1.9,38.54,13.47,1641.58,4337403.78,1781541.14
00:14:49.131,18/01/2026,10:15:42,17_T02,39.121845064,10.188539280,0.2,1642.64,83.59,755.515,1.9,38.54,13.47,1641.58,4337403.85,1781541.25
00:14:50.128,18/01/2026,10:15:43,17_T02,39.121848140,10.188540300,0.2,1642.62,79.68,755.484,1.9,38.54,13.47,1641.56,4337403.93,1781541.59
00:14:51.119,18/01/2026,10:15:44,17_T02,39.121851087,10.188541113,0.2,1642.61,75.42,755.441,1.9,38.54,13.47,1641.56,4337404.00,1781541.92
00:14:52.130,18/01/2026,10:15:45,17_T02,39.121852831,10.188541524,0.2,1642.61,72.25,755.409,2.0,38.53,13.44,1641.53,4337404.04,1781542.11
00:14:53.127,18/01/2026,10:15:46,17_T02,39.121853459,10.188542144,0.2,1642.61,71.31,755.437,2.0,38.53,13.44,1641.53,4337404.09,1781542.18
00:14:54.121,18/01/2026,10:15:47,17_T02,39.121853327,10.188543027,0.2,1642.60,72.03,755.514,2.0,38.54,13.44,1641.52,4337404.17,1781542.17
00:14:55.120,18/01/2026,10:15:48,17_T02,39.121852271,10.188543959,0.2,1642.59,73.87,755.630,1.9,38.54,13.44,1641.52,4337404.25,1781542.05
00:14:56.129,18/01/2026,10:15:49,17_T02,39.121850909,10.188545017,0.2,1642.57,75.94,755.767,1.8,38.54,13.44,1641.52,4337404.34,1781541.90
00:14:57.128,18/01/2026,10:15:50,17_T02,39.121850043,10.188546108,0.2,1642.55,77.75,755.889,2.0,38.54,13.44,1641.50,4337404.44,1781541.80
00:14:58.120,18/01/2026,10:15:51,17_T02,39.121849621,10.188547137,0.1,1642.54,78.89,755.989,1.9,38.54,13.44,1641.50,4337404.53,1781541.76
00:14:59.118,18/01/2026,10:15:52,17_T02,39.121849753,10.188547926,0.1,1642.53,78.86,756.048,1.9,38.54,13.45,1641.47,4337404.60,1781541.77
00:15:00.119,18/01/2026,10:15:53,17_T02,39.121849400,10.188547189,0.1,1642.52,77.36,756.001,1.9,38.54,13.45,1641.47,4337404.53,1781541.73
00:15:01.130,18/01/2026,10:15:54,17_T02,39.121849434,10.188546417,0.1,1642.50,75.06,755.937,1.9,38.54,13.45,1641.45,4337404.47,1781541.74
00:15:02.121,18/01/2026,10:15:55,17_T02,39.121851017,10.188546770,0.2,1642.48,72.10,755.907,2.0,38.54,13.45,1641.45,4337404.50,1781541.91
00:15:03.117,18/01/2026,10:15:56,17_T02,39.121852661,10.188546995,0.2,1642.47,69.30,755.864,2.0,38.53,13.45,1641.40,4337404.52,1781542.09
00:15:04.124,18/01/2026,10:15:57,17_T02,39.121853849,10.188547369,0.2,1642.45,67.20,755.850,2.0,38.53,13.45,1641.40,4337404.55,1781542.22
00:15:05.119,18/01/2026,10:15:58,17_T02,39.121854819,10.188547778,0.2,1642.44,65.31,755.848,2.0,38.53,13.44,1641.38,4337404.58,1781542.33
00:15:06.122,18/01/2026,10:15:59,17_T02,39.121856112,10.188546444,0.2,1642.43,62.69,755.690,2.0,38.53,13.44,1641.38,4337404.47,1781542.47
00:15:07.128,18/01/2026,10:16:00,17_T02,39.121857303,10.188545083,0.2,1642.42,60.08,755.534,2.0,38.54,13.44,1641.35,4337404.35,1781542.60
00:15:08.120,18/01/2026,10:16:01,17_T02,39.121858279,10.188545332,0.2,1642.39,58.67,755.519,2.0,38.54,13.44,1641.35,4337404.37,1781542.71
00:15:09.130,18/01/2026,10:16:02,17_T02,39.121858725,10.188545993,0.2,1642.38,58.24,755.556,2.0,38.54,13.44,1641.32,4337404.43,1781542.76
00:15:10.124,18/01/2026,10:16:03,17_T02,39.121858888,10.188546868,0.2,1642.37,58.42,755.622,2.0,38.54,13.44,1641.32,4337404.50,1781542.78
00:15:11.119,18/01/2026,10:16:04,17_T02,39.121859324,10.188547469,0.2,1642.36,58.99,755.655,2.0,38.54,13.44,1641.28,4337404.55,1781542.83
00:15:12.121,18/01/2026,10:16:05,17_T02,39.121859649,10.188548061,0.2,1642.34,59.77,755.691,2.0,38.54,13.44,1641.28,4337404.61,1781542.86
00:15:13.119,18/01/2026,10:16:06,17_T02,39.121859444,10.188549055,0.2,1642.32,60.77,755.780,2.0,38.54,13.44,1641.26,4337404.69,1781542.84
00:15:14.128,18/01/2026,10:16:07,17_T02,39.121859468,10.188549954,0.1,1642.29,61.16,755.853,2.0,38.54,13.44,1641.26,4337404.77,1781542.84
00:15:15.120,18/01/2026,10:16:08,17_T02,39.121860143,10.188550415,0.1,1642.27,60.16,755.866,2.0,38.54,13.45,1641.21,4337404.81,1781542.92
00:15:16.128,18/01/2026,10:16:09,17_T02,39.121861076,10.188550652,0.1,1642.28,58.60,755.850,2.0,38.54,13.45,1641.21,4337404.83,1781543.02
00:15:17.122,18/01/2026,10:16:10,17_T02,39.121861921,10.188550691,0.1,1642.29,57.36,755.822,2.0,38.53,13.44,1641.20,4337404.83,1781543.11
00:15:18.120,18/01/2026,10:16:11,17_T02,39.121862464,10.188550869,0.1,1642.26,56.75,755.816,2.0,38.53,13.44,1641.20,4337404.85,1781543.17
00:15:19.130,18/01/2026,10:16:12,17_T02,39.121862696,10.188551409,0.1,1642.21,56.70,755.852,2.0,38.53,13.44,1641.18,4337404.90,1781543.20
00:15:20.127,18/01/2026,10:16:13,17_T02,39.121862956,10.188552178,0.1,1642.18,56.55,755.905,2.1,38.53,13.44,1641.18,4337404.96,1781543.23
00:15:21.120,18/01/2026,10:16:14,17_T02,39.121863786,10.188553542,0.1,1642.17,56.07,755.986,2.1,38.54,13.44,1641.09,4337405.08,1781543.32
00:15:22.141,18/01/2026,10:16:15,17_T02,39.121864616,10.188554746,0.1,1642.18,55.76,756.054,2.0,38.54,13.44,1641.09,4337405.19,1781543.41
00:15:23.124,18/01/2026,10:16:16,17_T02,39.121864823,10.188555503,0.1,1642.18,56.08,756.108,2.0,38.53,13.44,1641.10,4337405.25,1781543.44
00:15:24.122,18/01/2026,10:16:17,17_T02,39.121864762,10.188556342,0.1,1642.16,56.56,756.179,2.0,38.53,13.44,1641.10,4337405.33,1781543.43
00:15:25.121,18/01/2026,10:16:18,17_T02,39.121864914,10.188557092,0.1,1642.12,56.67,756.235,2.0,38.54,13.44,1641.07,4337405.39,1781543.45
00:15:26.131,18/01/2026,10:16:19,17_T02,39.121866501,10.188558492,0.2,1642.08,56.52,756.290,2.1,38.54,13.44,1641.07,4337405.51,1781543.62
00:15:27.128,18/01/2026,10:16:20,17_T02,39.121867997,10.188559902,0.2,1642.06,56.62,756.350,2.1,38.54,13.44,1640.98,4337405.63,1781543.79
00:15:28.123,18/01/2026,10:16:21,17_T02,39.121868111,10.188560797,0.2,1642.06,57.08,756.419,2.0,38.54,13.44,1640.98,4337405.71,1781543.80
00:15:29.123,18/01/2026,10:16:22,17_T02,39.121868137,10.188561795,0.1,1642.05,57.41,756.500,2.0,38.54,13.44,1640.98,4337405.80,1781543.80
00:15:30.119,18/01/2026,10:16:23,17_T02,39.121868493,10.188562416,0.1,1642.03,57.18,756.538,2.0,38.54,13.44,1640.98,4337405.85,1781543.84
00:15:31.119,18/01/2026,10:16:24,17_T02,39.121868949,10.188562907,0.1,1642.00,56.90,756.561,2.0,38.54,13.44,1640.94,4337405.90,1781543.89
00:15:32.130,18/01/2026,10:16:25,17_T02,39.121868770,10.188563606,0.1,1641.97,56.94,756.625,2.1,38.54,13.44,1640.94,4337405.96,1781543.87
00:15:33.128,18/01/2026,10:16:26,17_T02,39.121868506,10.188564485,0.1,1641.94,57.06,756.707,2.1,38.54,13.44,1640.88,4337406.03,1781543.84
00:15:34.124,18/01/2026,10:16:27,17_T02,39.121868819,10.188565231,0.1,1641.93,56.86,756.756,2.1,38.54,13.44,1640.88,4337406.10,1781543.88
00:15:35.131,18/01/2026,10:16:28,17_T02,39.121869399,10.188565865,0.1,1641.92,56.32,756.786,2.1,38.54,13.44,1640.84,4337406.15,1781543.94
00:15:36.127,18/01/2026,10:16:29,17_T02,39.121869922,10.188566425,0.1,1641.91,56.01,756.813,2.1,38.54,13.44,1640.84,4337406.20,1781544.00
00:15:37.119,18/01/2026,10:16:30,17_T02,39.121869692,10.188567059,0.1,1641.90,56.65,756.873,2.0,38.54,13.44,1640.83,4337406.26,1781543.98
00:15:38.124,18/01/2026,10:16:31,17_T02,39.121869349,10.188567457,0.1,1641.89,57.18,756.919,2.0,38.54,13.44,1640.83,4337406.29,1781543.94
00:15:39.121,18/01/2026,10:16:32,17_T02,39.121869262,10.188568089,0.1,1641.86,57.81,756.974,2.0,38.54,13.44,1640.79,4337406.35,1781543.93
00:15:40.127,18/01/2026,10:16:33,17_T02,39.121869318,10.188568721,0.1,1641.82,58.31,757.023,2.1,38.54,13.44,1640.79,4337406.40,1781543.94
00:15:41.121,18/01/2026,10:16:34,17_T02,39.121869971,10.188569482,0.1,1641.79,57.95,757.061,2.1,38.54,13.44,1640.73,4337406.47,1781544.01
00:15:42.124,18/01/2026,10:16:35,17_T02,39.121870635,10.188569769,0.1,1641.78,57.42,757.060,2.1,38.54,13.44,1640.73,4337406.49,1781544.08
00:15:43.119,18/01/2026,10:16:36,17_T02,39.121871322,10.188569787,0.1,1641.78,56.77,757.036,2.0,38.54,13.44,1640.68,4337406.49,1781544.16
00:15:44.129,18/01/2026,10:16:37,17_T02,39.121871795,10.188570018,0.1,1641.74,56.38,757.037,2.0,38.54,13.44,1640.68,4337406.51,1781544.21
00:15:45.124,18/01/2026,10:16:38,17_T02,39.121871950,10.188570590,0.1,1641.66,56.80,757.078,2.1,38.54,13.44,1640.63,4337406.56,1781544.23
00:15:46.129,18/01/2026,10:16:39,17_T02,39.121871918,10.188571573,0.1,1641.58,57.48,757.160,2.2,38.54,13.44,1640.63,4337406.65,1781544.22
00:15:47.128,18/01/2026,10:16:40,17_T02,39.121872087,10.188571885,0.1,1641.55,57.74,757.179,2.2,38.54,13.44,1640.46,4337406.68,1781544.24
00:15:48.128,18/01/2026,10:16:41,17_T02,39.121872573,10.188571826,0.1,1641.56,57.45,757.156,2.2,38.54,13.44,1640.46,4337406.67,1781544.29
00:15:49.121,18/01/2026,10:16:42,17_T02,39.121873153,10.188572134,0.1,1641.55,57.17,757.160,2.1,38.54,13.44,1640.47,4337406.70,1781544.36
00:15:50.117,18/01/2026,10:16:43,17_T02,39.121873265,10.188572770,0.1,1641.49,57.65,757.208,2.2,38.54,13.44,1640.47,4337406.75,1781544.37
00:15:51.118,18/01/2026,10:16:44,17_T02,39.121873214,10.188573744,0.1,1641.39,58.11,757.290,2.3,38.53,13.44,1640.36,4337406.84,1781544.37
00:15:52.129,18/01/2026,10:16:45,17_T02,39.121873524,10.188574575,0.1,1641.32,57.89,757.346,2.4,38.53,13.44,1640.36,4337406.91,1781544.40
00:15:53.126,18/01/2026,10:16:46,17_T02,39.121874871,10.188574750,0.1,1641.28,57.14,757.310,2.4,38.53,13.44,1640.36,4337406.92,1781544.55
00:15:54.123,18/01/2026,10:16:47,17_T02,39.121876224,10.188574658,0.1,1641.27,56.87,757.252,2.4,38.54,13.44,1640.19,4337406.92,1781544.70
00:15:55.120,18/01/2026,10:16:48,17_T02,39.121876516,10.188574914,0.1,1641.22,57.14,757.263,2.3,38.54,13.44,1640.19,4337406.94,1781544.73
00:15:56.131,18/01/2026,10:16:49,17_T02,39.121876576,10.188575650,0.1,1641.12,57.53,757.321,2.4,38.54,13.44,1640.16,4337407.00,1781544.74
00:15:57.131,18/01/2026,10:16:50,17_T02,39.121876781,10.188576478,0.1,1641.03,57.44,757.381,2.5,38.54,13.44,1640.16,4337407.07,1781544.76
00:15:58.130,18/01/2026,10:16:51,17_T02,39.121878333,10.188578500,0.2,1640.97,56.78,757.489,2.6,38.54,13.44,1639.97,4337407.25,1781544.93
00:15:59.128,18/01/2026,10:16:52,17_T02,39.121879698,10.188580366,0.2,1640.96,56.56,757.591,2.6,38.54,13.44,1639.97,4337407.41,1781545.08
00:16:00.125,18/01/2026,10:16:53,17_T02,39.121879907,10.188580833,0.2,1640.98,56.80,757.621,2.5,38.54,13.44,1639.86,4337407.45,1781545.11
00:16:01.121,18/01/2026,10:16:54,17_T02,39.121879794,10.188581246,0.2,1640.94,57.50,757.659,2.5,38.54,13.44,1639.86,4337407.49,1781545.09
00:16:02.120,18/01/2026,10:16:55,17_T02,39.121879773,10.188581808,0.2,1640.81,58.16,757.706,2.6,38.54,13.44,1639.89,4337407.54,1781545.09
00:16:03.119,18/01/2026,10:16:56,17_T02,39.121879222,10.188580839,0.2,1640.68,58.73,757.647,2.7,38.54,13.44,1639.89,4337407.45,1781545.03
00:16:04.132,18/01/2026,10:16:57,17_T02,39.121878986,10.188579929,0.2,1640.61,58.69,757.581,2.9,38.54,13.44,1639.63,4337407.37,1781545.00
00:16:05.128,18/01/2026,10:16:58,17_T02,39.121879748,10.188580683,0.2,1640.61,58.03,757.615,2.8,38.54,13.44,1639.63,4337407.44,1781545.09
00:16:06.129,18/01/2026,10:16:59,17_T02,39.121880295,10.188581195,0.2,1640.64,57.54,757.636,2.7,38.54,13.44,1639.51,4337407.48,1781545.15
00:16:07.128,18/01/2026,10:17:00,17_T02,39.121880678,10.188581167,0.1,1640.63,57.30,757.620,2.6,38.54,13.44,1639.51,4337407.48,1781545.19
00:16:08.127,18/01/2026,10:17:01,17_T02,39.121881004,10.188582429,0.1,1640.53,58.06,757.711,2.7,38.54,13.44,1639.55,4337407.59,1781545.23
00:16:09.121,18/01/2026,10:17:02,17_T02,39.121881218,10.188583904,0.1,1640.38,58.92,757.824,2.9,38.54,13.44,1639.55,4337407.72,1781545.25
00:16:10.118,18/01/2026,10:17:03,17_T02,39.121881260,10.188584857,0.1,1640.28,59.30,757.900,3.0,38.54,13.44,1639.34,4337407.80,1781545.26
00:16:11.131,18/01/2026,10:17:04,17_T02,39.121881786,10.188585653,0.1,1640.25,58.63,757.946,3.1,38.54,13.44,1639.34,4337407.87,1781545.31
00:16:12.129,18/01/2026,10:17:05,17_T02,39.121882996,10.188586233,0.2,1640.26,57.40,757.949,3.0,38.54,13.44,1639.17,4337407.92,1781545.45
00:16:13.131,18/01/2026,10:17:06,17_T02,39.121883448,10.188586469,0.2,1640.31,56.92,757.951,2.9,38.54,13.44,1639.17,4337407.94,1781545.50
00:16:14.126,18/01/2026,10:17:07,17_T02,39.121883936,10.188588072,0.2,1640.30,57.24,758.064,2.8,38.54,13.44,1639.20,4337408.08,1781545.55
00:16:15.122,18/01/2026,10:17:08,17_T02,39.121884293,10.188589992,0.2,1640.17,58.28,758.208,2.9,38.54,13.44,1639.20,4337408.25,1781545.59
00:16:16.121,18/01/2026,10:17:09,17_T02,39.121883959,10.188590832,0.2,1640.02,59.52,758.289,3.1,38.54,13.44,1639.09,4337408.32,1781545.56
00:16:17.120,18/01/2026,10:17:10,17_T02,39.121884176,10.188591817,0.2,1639.94,59.64,758.362,3.3,38.54,13.44,1639.09,4337408.41,1781545.58
00:16:18.116,18/01/2026,10:17:11,17_T02,39.121885239,10.188592589,0.2,1639.93,58.53,758.386,3.3,38.54,13.44,1638.86,4337408.47,1781545.70
00:16:19.132,18/01/2026,10:17:12,17_T02,39.121886814,10.188594443,0.2,1639.97,57.40,758.479,3.1,38.54,13.44,1638.86,4337408.63,1781545.87
00:16:20.130,18/01/2026,10:17:13,17_T02,39.121887737,10.188595967,0.2,1640.00,57.22,758.569,3.0,38.53,13.44,1638.89,4337408.77,1781545.97
00:16:21.129,18/01/2026,10:17:14,17_T02,39.121887724,10.188596305,0.2,1639.93,57.84,758.597,3.0,38.53,13.44,1638.89,4337408.80,1781545.97
00:16:22.123,18/01/2026,10:17:15,17_T02,39.121887679,10.188596943,0.2,1639.78,58.58,758.651,3.1,38.54,13.44,1638.82,4337408.85,1781545.97
00:16:23.123,18/01/2026,10:17:16,17_T02,39.121887750,10.188597895,0.2,1639.67,59.01,758.727,3.3,38.54,13.44,1638.82,4337408.94,1781545.98
00:16:24.121,18/01/2026,10:17:17,17_T02,39.121888864,10.188599647,0.2,1639.62,58.63,758.829,3.4,38.54,13.44,1638.57,4337409.09,1781546.10
00:16:25.138,18/01/2026,10:17:18,17_T02,39.121890505,10.188601124,0.2,1639.62,57.62,758.889,3.3,38.54,13.44,1638.57,4337409.22,1781546.28
00:16:26.121,18/01/2026,10:17:19,17_T02,39.121891201,10.188601745,0.2,1639.61,57.06,758.914,3.2,38.53,13.44,1638.53,4337409.27,1781546.36
00:16:27.129,18/01/2026,10:17:20,17_T02,39.121891587,10.188602311,0.2,1639.56,56.71,758.946,3.1,38.53,13.44,1638.53,4337409.32,1781546.40
00:16:28.121,18/01/2026,10:17:21,17_T02,39.121892224,10.188602656,0.2,1639.45,56.09,758.950,3.2,38.54,13.44,1638.46,4337409.35,1781546.47
00:16:29.130,18/01/2026,10:17:22,17_T02,39.121892523,10.188604609,0.2,1639.33,55.92,759.099,3.4,38.54,13.44,1638.46,4337409.52,1781546.50
00:16:30.123,18/01/2026,10:17:23,17_T02,39.121892690,10.188606724,0.2,1639.24,56.12,759.266,3.5,38.54,13.44,1638.20,4337409.70,1781546.52
00:16:31.131,18/01/2026,10:17:24,17_T02,39.121893084,10.188607856,0.2,1639.20,56.27,759.344,3.5,38.54,13.44,1638.20,4337409.80,1781546.57
00:16:32.128,18/01/2026,10:17:25,17_T02,39.121893409,10.188608983,0.2,1639.20,56.37,759.424,3.4,38.53,13.44,1638.13,4337409.90,1781546.60
00:16:33.130,18/01/2026,10:17:26,17_T02,39.121893803,10.188609634,0.2,1639.21,56.19,759.463,3.3,38.53,13.44,1638.13,4337409.95,1781546.65
00:16:34.127,18/01/2026,10:17:27,17_T02,39.121893791,10.188611390,0.2,1639.16,56.35,759.607,3.3,38.54,13.44,1638.10,4337410.11,1781546.64
00:16:35.121,18/01/2026,10:17:28,17_T02,39.121893559,10.188613134,0.2,1639.05,56.83,759.759,3.3,38.54,13.44,1638.10,4337410.26,1781546.62
00:16:36.129,18/01/2026,10:17:29,17_T02,39.121893503,10.188614011,0.2,1638.95,57.53,759.833,3.5,38.54,13.44,1637.93,4337410.34,1781546.61
00:16:37.122,18/01/2026,10:17:30,17_T02,39.121893824,10.188614977,0.2,1638.90,57.47,759.900,3.6,38.54,13.44,1637.93,4337410.42,1781546.65
00:16:38.118,18/01/2026,10:17:31,17_T02,39.121894446,10.188615713,0.2,1638.91,56.98,759.937,3.5,38.54,13.44,1637.81,4337410.48,1781546.72
00:16:39.129,18/01/2026,10:17:32,17_T02,39.121895100,10.188616413,0.2,1638.94,56.55,759.970,3.4,38.54,13.44,1637.81,4337410.54,1781546.79
00:16:40.119,18/01/2026,10:17:33,17_T02,39.121896387,10.188618086,0.2,1638.94,56.46,760.059,3.3,38.53,13.44,1637.86,4337410.69,1781546.93
00:16:41.118,18/01/2026,10:17:34,17_T02,39.121897672,10.188620021,0.2,1638.88,56.47,760.170,3.3,38.53,13.44,1637.86,4337410.86,1781547.07
00:16:42.131,18/01/2026,10:17:35,17_T02,39.121898116,10.188620553,0.2,1638.80,56.14,760.197,3.4,38.54,13.44,1637.76,4337410.90,1781547.12
00:16:43.125,18/01/2026,10:17:36,17_T02,39.121898695,10.188621095,0.2,1638.73,55.69,760.220,3.5,38.54,13.44,1637.76,4337410.95,1781547.19
00:16:44.121,18/01/2026,10:17:37,17_T02,39.121899236,10.188621957,0.2,1638.72,55.55,760.270,3.5,38.54,13.44,1637.64,4337411.03,1781547.25
00:16:45.117,18/01/2026,10:17:38,17_T02,39.121900360,10.188624133,0.2,1638.73,55.63,760.406,3.4,38.54,13.44,1637.64,4337411.21,1781547.37
00:16:46.129,18/01/2026,10:17:39,17_T02,39.121901361,10.188626175,0.2,1638.72,55.78,760.536,3.3,38.53,13.44,1637.64,4337411.39,1781547.48
00:16:47.129,18/01/2026,10:17:40,17_T02,39.121901457,10.188626828,0.2,1638.67,56.09,760.586,3.2,38.53,13.44,1637.64,4337411.45,1781547.49
00:16:48.120,18/01/2026,10:17:41,17_T02,39.121901512,10.188627399,0.2,1638.58,56.55,760.631,3.3,38.54,13.44,1637.54,4337411.50,1781547.50
00:16:49.131,18/01/2026,10:17:42,17_T02,39.121901586,10.188628296,0.2,1638.49,57.15,760.702,3.4,38.54,13.44,1637.54,4337411.58,1781547.51
00:16:50.129,18/01/2026,10:17:43,17_T02,39.121902265,10.188628950,0.2,1638.44,57.31,760.730,3.5,38.54,13.44,1637.37,4337411.63,1781547.58
00:16:51.127,18/01/2026,10:17:44,17_T02,39.121903219,10.188629554,0.2,1638.42,57.04,760.744,3.5,38.54,13.44,1637.37,4337411.69,1781547.69
00:16:52.122,18/01/2026,10:17:45,17_T02,39.121903846,10.188630242,0.2,1638.39,56.60,760.777,3.4,38.54,13.44,1637.31,4337411.75,1781547.76
00:16:53.121,18/01/2026,10:17:46,17_T02,39.121904280,10.188630984,0.1,1638.36,56.45,760.822,3.3,38.54,13.44,1637.31,4337411.81,1781547.81
00:16:54.118,18/01/2026,10:17:47,17_T02,39.121904612,10.188631638,0.1,1638.29,56.32,760.863,3.4,38.54,13.44,1637.31,4337411.87,1781547.84
00:16:55.132,18/01/2026,10:17:48,17_T02,39.121905962,10.188633159,0.2,1638.20,56.05,760.937,3.5,38.54,13.44,1637.22,4337412.00,1781547.99
00:16:56.129,18/01/2026,10:17:49,17_T02,39.121907272,10.188634773,0.2,1638.12,55.94,761.021,3.5,38.54,13.44,1637.22,4337412.14,1781548.14
00:16:57.122,18/01/2026,10:17:50,17_T02,39.121907714,10.188635564,0.2,1638.07,55.91,761.069,3.6,38.54,13.44,1637.05,4337412.21,1781548.19
00:16:58.128,18/01/2026,10:17:51,17_T02,39.121908014,10.188636517,0.2,1638.05,56.08,761.136,3.5,38.54,13.44,1637.05,4337412.29,1781548.22
00:16:59.118,18/01/2026,10:17:52,17_T02,39.121908347,10.188637417,0.2,1638.03,56.15,761.197,3.5,38.54,13.44,1636.95,4337412.37,1781548.26
00:17:00.124,18/01/2026,10:17:53,17_T02,39.121908765,10.188638204,0.2,1637.99,56.04,761.246,3.4,38.54,13.44,1636.95,4337412.44,1781548.30
00:17:01.120,18/01/2026,10:17:54,17_T02,39.121909810,10.188639158,0.2,1637.93,56.14,761.285,3.4,38.54,13.44,1636.91,4337412.52,1781548.42
00:17:02.125,18/01/2026,10:17:55,17_T02,39.121911113,10.188640008,0.2,1637.86,55.81,761.306,3.4,38.54,13.44,1636.91,4337412.59,1781548.56
00:17:03.130,18/01/2026,10:17:56,17_T02,39.121912120,10.188640278,0.2,1637.80,54.19,761.291,3.5,38.54,13.44,1636.78,4337412.62,1781548.67
00:17:04.125,18/01/2026,10:17:57,17_T02,39.121913576,10.188640074,0.2,1637.77,51.56,761.220,3.5,38.54,13.44,1636.78,4337412.60,1781548.83
00:17:05.125,18/01/2026,10:17:58,17_T02,39.121914807,10.188640148,0.2,1637.74,49.65,761.180,3.4,38.54,13.44,1636.69,4337412.60,1781548.97
00:17:06.120,18/01/2026,10:17:59,17_T02,39.121915329,10.188639783,0.2,1637.67,48.88,761.131,3.3,38.54,13.44,1636.69,4337412.57,1781549.03
00:17:07.131,18/01/2026,10:18:00,17_T02,39.121915482,10.188639326,0.2,1637.58,48.65,761.088,3.4,38.54,13.44,1636.58,4337412.53,1781549.04
00:17:08.120,18/01/2026,10:18:01,17_T02,39.121915777,10.188639592,0.2,1637.47,48.54,761.099,3.5,38.54,13.44,1636.58,4337412.56,1781549.08
00:17:09.129,18/01/2026,10:18:02,17_T02,39.121915766,10.188640563,0.2,1637.38,49.34,761.179,3.6,38.54,13.44,1636.39,4337412.64,1781549.08
00:17:10.123,18/01/2026,10:18:03,17_T02,39.121915928,10.188641560,0.2,1637.34,49.94,761.254,3.7,38.54,13.44,1636.39,4337412.73,1781549.09
00:17:11.120,18/01/2026,10:18:04,17_T02,39.121915478,10.188641714,0.2,1637.36,50.38,761.284,3.6,38.53,13.44,1636.24,4337412.74,1781549.04
00:17:12.133,18/01/2026,10:18:05,17_T02,39.121915061,10.188641957,0.1,1637.38,50.98,761.319,3.5,38.53,13.44,1636.24,4337412.76,1781549.00
00:17:13.130,18/01/2026,10:18:06,17_T02,39.121915231,10.188642916,0.1,1637.34,51.68,761.391,3.3,38.53,13.44,1636.28,4337412.85,1781549.02
00:17:14.125,18/01/2026,10:18:07,17_T02,39.121915275,10.188643839,0.1,1637.18,52.41,761.465,3.4,38.53,13.44,1636.28,4337412.93,1781549.02
00:17:15.119,18/01/2026,10:18:08,17_T02,39.121915236,10.188644351,0.1,1637.00,52.96,761.509,3.6,38.54,13.44,1636.08,4337412.97,1781549.02
00:17:16.129,18/01/2026,10:18:09,17_T02,39.121914182,10.188644334,0.1,1636.86,53.04,761.546,3.8,38.54,13.44,1636.08,4337412.97,1781548.90
00:17:17.123,18/01/2026,10:18:10,17_T02,39.121913202,10.188644584,0.1,1636.81,53.05,761.603,4.0,38.54,13.44,1635.78,4337412.99,1781548.79
00:17:18.119,18/01/2026,10:18:11,17_T02,39.121913978,10.188645200,0.1,1636.85,52.45,761.625,3.9,38.54,13.44,1635.78,4337413.04,1781548.88
00:17:19.131,18/01/2026,10:18:12,17_T02,39.121914762,10.188645753,0.1,1636.93,51.74,761.641,3.7,38.53,13.44,1635.78,4337413.09,1781548.97
00:17:20.129,18/01/2026,10:18:13,17_T02,39.121915289,10.188646222,0.1,1636.97,51.45,761.660,3.5,38.53,13.44,1635.78,4337413.13,1781549.02
00:17:21.128,18/01/2026,10:18:14,17_T02,39.121915863,10.188646233,0.1,1636.95,51.78,761.639,3.2,38.53,13.44,1635.90,4337413.13,1781549.09
00:17:22.120,18/01/2026,10:18:15,17_T02,39.121916404,10.188646254,0.2,1636.88,52.04,761.621,3.3,38.53,13.44,1635.90,4337413.14,1781549.15
00:17:23.130,18/01/2026,10:18:16,17_T02,39.121916601,10.188647011,0.2,1636.81,52.31,761.676,3.5,38.54,13.44,1635.78,4337413.20,1781549.17
00:17:24.125,18/01/2026,10:18:17,17_T02,39.121917002,10.188647771,0.2,1636.78,52.35,761.723,3.5,38.54,13.44,1635.78,4337413.27,1781549.21
00:17:25.123,18/01/2026,10:18:18,17_T02,39.121917537,10.188648480,0.1,1636.79,52.27,761.761,3.4,38.53,13.44,1635.70,4337413.33,1781549.27
00:17:26.121,18/01/2026,10:18:19,17_T02,39.121917991,10.188649250,0.1,1636.79,52.24,761.807,3.2,38.53,13.44,1635.70,4337413.40,1781549.32
00:17:27.119,18/01/2026,10:18:20,17_T02,39.121917955,10.188650464,0.2,1636.77,51.95,761.908,3.2,38.53,13.44,1635.71,4337413.50,1781549.32
00:17:28.124,18/01/2026,10:18:21,17_T02,39.121917932,10.188651688,0.2,1636.70,51.68,762.009,3.2,38.53,13.44,1635.71,4337413.61,1781549.32
00:17:29.123,18/01/2026,10:18:22,17_T02,39.121918503,10.188652219,0.2,1636.64,51.46,762.031,3.3,38.54,13.44,1635.59,4337413.65,1781549.38
00:17:30.118,18/01/2026,10:18:23,17_T02,39.121918948,10.188652906,0.2,1636.61,51.47,762.071,3.2,38.54,13.44,1635.59,4337413.71,1781549.43
00:17:31.128,18/01/2026,10:18:24,17_T02,39.121919303,10.188653766,0.2,1636.59,51.57,762.128,3.2,38.54,13.44,1635.52,4337413.79,1781549.47
00:17:32.130,18/01/2026,10:18:25,17_T02,39.121919604,10.188653772,0.2,1636.57,51.40,762.118,3.2,38.54,13.44,1635.52,4337413.79,1781549.50
00:17:33.117,18/01/2026,10:18:26,17_T02,39.121919970,10.188653517,0.2,1636.53,51.06,762.083,3.2,38.53,13.44,1635.48,4337413.77,1781549.54
00:17:34.124,18/01/2026,10:18:27,17_T02,39.121920396,10.188654104,0.1,1636.48,51.06,762.115,3.2,38.53,13.44,1635.48,4337413.82,1781549.59
00:17:35.128,18/01/2026,10:18:28,17_T02,39.121920737,10.188654754,0.1,1636.42,51.23,762.156,3.2,38.53,13.44,1635.38,4337413.87,1781549.63
00:17:36.120,18/01/2026,10:18:29,17_T02,39.121921038,10.188655551,0.1,1636.37,51.43,762.210,3.2,38.53,13.44,1635.38,4337413.94,1781549.66
00:17:37.128,18/01/2026,10:18:30,17_T02,39.121920118,10.188655408,0.1,1636.33,51.25,762.233,3.2,38.53,13.44,1635.29,4337413.93,1781549.56
00:17:38.117,18/01/2026,10:18:31,17_T02,39.121919353,10.188655241,0.1,1636.31,50.96,762.247,3.3,38.53,13.44,1635.29,4337413.92,1781549.47
00:17:39.128,18/01/2026,10:18:32,17_T02,39.121919817,10.188655919,0.1,1636.30,50.91,762.286,3.2,38.54,13.44,1635.21,4337413.98,1781549.53
00:17:40.119,18/01/2026,10:18:33,17_T02,39.121920167,10.188656615,0.1,1636.28,51.10,762.330,3.1,38.54,13.44,1635.21,4337414.04,1781549.56
00:17:41.124,18/01/2026,10:18:34,17_T02,39.121920361,10.188657254,0.1,1636.24,51.39,762.375,3.1,38.54,13.44,1635.20,4337414.09,1781549.59
00:17:42.128,18/01/2026,10:18:35,17_T02,39.121920444,10.188657906,0.1,1636.17,51.63,762.425,3.1,38.54,13.44,1635.20,4337414.15,1781549.60
00:17:43.125,18/01/2026,10:18:36,17_T02,39.121920572,10.188658892,0.1,1636.12,52.08,762.501,3.3,38.54,13.44,1635.09,4337414.23,1781549.61
00:17:44.130,18/01/2026,10:18:37,17_T02,39.121920459,10.188660227,0.1,1636.10,53.39,762.615,3.3,38.54,13.44,1635.09,4337414.35,1781549.60
00:17:45.125,18/01/2026,10:18:38,17_T02,39.121919848,10.188661924,0.1,1636.12,55.91,762.776,3.2,38.54,13.44,1635.05,4337414.50,1781549.53
00:17:46.118,18/01/2026,10:18:39,17_T02,39.121918903,10.188663656,0.2,1636.14,59.02,762.953,3.0,38.54,13.44,1635.05,4337414.65,1781549.43
00:17:47.123,18/01/2026,10:18:40,17_T02,39.121917936,10.188665114,0.2,1636.12,61.61,763.109,3.0,38.53,13.44,1635.08,4337414.78,1781549.32
00:17:48.121,18/01/2026,10:18:41,17_T02,39.121918517,10.188666817,0.2,1636.00,63.04,763.226,3.0,38.53,13.44,1635.08,4337414.92,1781549.39
00:17:49.118,18/01/2026,10:18:42,17_T02,39.121919807,10.188668093,0.2,1635.85,63.03,763.283,3.1,38.54,13.44,1634.85,4337415.03,1781549.53
00:17:50.128,18/01/2026,10:18:43,17_T02,39.121919881,10.188668885,0.2,1635.69,63.68,763.345,3.3,38.54,13.44,1634.85,4337415.10,1781549.54
00:17:51.129,18/01/2026,10:18:44,17_T02,39.121919695,10.188669760,0.2,1635.54,64.87,763.424,3.3,38.54,13.44,1634.53,4337415.18,1781549.52
00:17:52.121,18/01/2026,10:18:45,17_T02,39.121919583,10.188670506,0.2,1635.49,65.62,763.489,3.3,38.54,13.44,1634.53,4337415.24,1781549.50
00:17:53.118,18/01/2026,10:18:46,17_T02,39.121919551,10.188671721,0.2,1635.51,65.65,763.590,3.4,38.54,13.44,1634.53,4337415.35,1781549.50
00:17:54.130,18/01/2026,10:18:47,17_T02,39.121919831,10.188672887,0.2,1635.59,65.16,763.675,3.4,38.54,13.44,1634.44,4337415.45,1781549.53
00:17:55.125,18/01/2026,10:18:48,17_T02,39.121920425,10.188673317,0.2,1635.72,64.77,763.688,3.3,38.54,13.44,1634.44,4337415.49,1781549.60
00:17:56.119,18/01/2026,10:18:49,17_T02,39.121920695,10.188674016,0.1,1635.83,65.14,763.735,3.0,38.53,13.44,1634.59,4337415.55,1781549.63
00:17:57.127,18/01/2026,10:18:50,17_T02,39.121920512,10.188674952,0.1,1635.89,65.92,763.818,2.8,38.53,13.44,1634.59,4337415.63,1781549.61
00:17:58.121,18/01/2026,10:18:51,17_T02,39.121921860,10.188676507,0.2,1635.90,66.28,763.896,2.4,38.54,13.44,1634.82,4337415.77,1781549.76
00:17:59.116,18/01/2026,10:18:52,17_T02,39.121923255,10.188677916,0.2,1635.90,66.55,763.959,2.4,38.54,13.44,1634.82,4337415.89,1781549.91
00:18:00.128,18/01/2026,10:18:53,17_T02,39.121923739,10.188678390,0.2,1635.89,66.29,763.980,2.4,38.54,13.44,1634.85,4337415.93,1781549.96
00:18:01.124,18/01/2026,10:18:54,17_T02,39.121924072,10.188679030,0.1,1635.87,66.26,764.020,2.3,38.54,13.44,1634.85,4337415.99,1781550.00
00:18:02.122,18/01/2026,10:18:55,17_T02,39.121924312,10.188679821,0.1,1635.84,66.22,764.076,2.3,38.54,13.44,1634.82,4337416.05,1781550.03
00:18:03.117,18/01/2026,10:18:56,17_T02,39.121924211,10.188680185,0.1,1635.81,65.92,764.109,2.3,38.54,13.44,1634.82,4337416.09,1781550.02
00:18:04.127,18/01/2026,10:18:57,17_T02,39.121924172,10.188680523,0.1,1635.81,65.57,764.139,2.4,38.53,13.44,1634.77,4337416.12,1781550.01
00:18:05.120,18/01/2026,10:18:58,17_T02,39.121924846,10.188681261,0.1,1635.82,65.06,764.174,2.3,38.53,13.44,1634.77,4337416.18,1781550.09
00:18:06.117,18/01/2026,10:18:59,17_T02,39.121925325,10.188682000,0.1,1635.84,64.73,764.217,2.3,38.53,13.44,1634.76,4337416.24,1781550.14
00:18:07.122,18/01/2026,10:19:00,17_T02,39.121925647,10.188682782,0.1,1635.82,64.62,764.269,2.3,38.53,13.44,1634.76,4337416.31,1781550.18
00:18:08.128,18/01/2026,10:19:01,17_T02,39.121925859,10.188683478,0.1,1635.77,64.59,764.318,2.4,38.54,13.44,1634.77,4337416.37,1781550.20
00:18:09.120,18/01/2026,10:19:02,17_T02,39.121926938,10.188684283,0.1,1635.73,64.50,764.344,2.4,38.54,13.44,1634.77,4337416.44,1781550.32
00:18:10.116,18/01/2026,10:19:03,17_T02,39.121928020,10.188685156,0.2,1635.72,64.47,764.375,2.4,38.54,13.45,1634.68,4337416.52,1781550.44
00:18:11.122,18/01/2026,10:19:04,17_T02,39.121928336,10.188686007,0.2,1635.75,64.62,764.433,2.4,38.54,13.45,1634.68,4337416.59,1781550.47
00:18:12.129,18/01/2026,10:19:05,17_T02,39.121928648,10.188687114,0.2,1635.82,64.77,764.512,2.3,38.54,13.46,1634.70,4337416.69,1781550.51
00:18:13.120,18/01/2026,10:19:06,17_T02,39.121928783,10.188687821,0.2,1635.86,64.85,764.565,2.3,38.54,13.46,1634.70,4337416.75,1781550.52
00:18:14.127,18/01/2026,10:19:07,17_T02,39.121929497,10.188689717,0.2,1635.89,64.89,764.693,2.2,38.53,13.46,1634.80,4337416.91,1781550.60
00:18:15.118,18/01/2026,10:19:08,17_T02,39.121930346,10.188691770,0.2,1635.89,64.87,764.830,2.2,38.53,13.46,1634.80,4337417.09,1781550.70
00:18:16.127,18/01/2026,10:19:09,17_T02,39.121930690,10.188692539,0.2,1635.93,64.80,764.880,2.5,38.53,13.45,1634.86,4337417.16,1781550.73
00:18:17.119,18/01/2026,10:19:10,17_T02,39.121931004,10.188693420,0.2,1636.01,64.79,764.941,2.4,38.53,13.45,1634.86,4337417.24,1781550.77
00:18:18.129,18/01/2026,10:19:11,17_T02,39.121931134,10.188694137,0.2,1636.11,64.89,764.995,2.3,38.53,13.45,1634.97,4337417.30,1781550.78
00:18:19.123,18/01/2026,10:19:12,17_T02,39.121930966,10.188695870,0.2,1636.20,65.00,765.143,2.2,38.53,13.45,1634.97,4337417.45,1781550.76
00:18:20.115,18/01/2026,10:19:13,17_T02,39.121930838,10.188697503,0.2,1636.29,65.05,765.281,2.1,38.54,13.44,1635.16,4337417.59,1781550.75
00:18:21.116,18/01/2026,10:19:14,17_T02,39.121931204,10.188698041,0.2,1636.39,64.88,765.312,1.9,38.54,13.44,1635.16,4337417.64,1781550.79
00:18:22.126,18/01/2026,10:19:15,17_T02,39.121931436,10.188698853,0.2,1636.48,64.97,765.369,1.9,38.54,13.44,1635.35,4337417.71,1781550.82
00:18:23.121,18/01/2026,10:19:16,17_T02,39.121931660,10.188699618,0.1,1636.56,65.06,765.424,1.8,38.54,13.44,1635.35,4337417.77,1781550.84
00:18:24.131,18/01/2026,10:19:17,17_T02,39.121930938,10.188699581,0.1,1636.65,65.26,765.448,1.7,38.53,13.44,1635.52,4337417.77,1781550.76
00:18:25.123,18/01/2026,10:19:18,17_T02,39.121930460,10.188699454,0.2,1636.72,65.16,765.455,1.7,38.53,13.44,1635.52,4337417.76,1781550.71
00:18:26.120,18/01/2026,10:19:19,17_T02,39.121930794,10.188700020,0.2,1636.77,65.06,765.489,1.6,38.54,13.44,1635.67,4337417.81,1781550.75
00:18:27.131,18/01/2026,10:19:20,17_T02,39.121930961,10.188700611,0.1,1636.79,65.16,765.531,1.5,38.54,13.44,1635.67,4337417.86,1781550.77
00:18:28.127,18/01/2026,10:19:21,17_T02,39.121931038,10.188701456,0.1,1636.78,65.38,765.597,1.5,38.54,13.44,1635.74,4337417.93,1781550.77
00:18:29.127,18/01/2026,10:19:22,17_T02,39.121931335,10.188702224,0.1,1636.77,65.34,765.649,1.6,38.54,13.44,1635.74,4337418.00,1781550.81
00:18:30.123,18/01/2026,10:19:23,17_T02,39.121931780,10.188702344,0.1,1636.76,65.26,765.643,1.6,38.54,13.44,1635.72,4337418.01,1781550.86
00:18:31.119,18/01/2026,10:19:24,17_T02,39.121932256,10.188702380,0.1,1636.75,65.12,765.628,1.6,38.54,13.44,1635.72,4337418.01,1781550.91
00:18:32.131,18/01/2026,10:19:25,17_T02,39.121932438,10.188703099,0.1,1636.73,65.17,765.680,1.6,38.54,13.44,1635.70,4337418.08,1781550.93
00:18:33.124,18/01/2026,10:19:26,17_T02,39.121932609,10.188703834,0.1,1636.69,65.25,765.734,1.6,38.54,13.44,1635.70,4337418.14,1781550.95
00:18:34.118,18/01/2026,10:19:27,17_T02,39.121932873,10.188704462,0.1,1636.66,65.18,765.775,1.6,38.53,13.44,1635.64,4337418.20,1781550.98
00:18:35.128,18/01/2026,10:19:28,17_T02,39.121932743,10.188704595,0.1,1636.65,65.23,765.791,1.7,38.53,13.44,1635.64,4337418.21,1781550.96
00:18:36.121,18/01/2026,10:19:29,17_T02,39.121932617,10.188704687,0.1,1636.63,65.30,765.803,1.7,38.54,13.44,1635.60,4337418.22,1781550.95
00:18:37.117,18/01/2026,10:19:30,17_T02,39.121932763,10.188705410,0.1,1636.63,65.45,765.857,1.7,38.54,13.44,1635.60,4337418.28,1781550.97
00:18:38.128,18/01/2026,10:19:31,17_T02,39.121932907,10.188706028,0.1,1636.63,65.51,765.902,1.7,38.53,13.45,1635.58,4337418.33,1781550.98
00:18:39.118,18/01/2026,10:19:32,17_T02,39.121933132,10.188706518,0.1,1636.63,65.39,765.934,1.7,38.53,13.45,1635.58,4337418.37,1781551.01
00:18:40.128,18/01/2026,10:19:33,17_T02,39.121932192,10.188705638,0.1,1636.64,65.42,765.897,1.7,38.54,13.44,1635.59,4337418.30,1781550.90
00:18:41.117,18/01/2026,10:19:34,17_T02,39.121931421,10.188704701,0.1,1636.65,65.30,765.849,1.7,38.54,13.44,1635.59,4337418.22,1781550.82
00:18:42.129,18/01/2026,10:19:35,17_T02,39.121931652,10.188705241,0.1,1636.65,65.27,765.885,1.7,38.53,13.44,1635.59,4337418.26,1781550.84
00:18:43.118,18/01/2026,10:19:36,17_T02,39.121931646,10.188705821,0.1,1636.64,65.42,765.932,1.7,38.53,13.44,1635.59,4337418.31,1781550.84
00:18:44.131,18/01/2026,10:19:37,17_T02,39.121932009,10.188706314,0.1,1636.65,65.10,765.959,1.7,38.54,13.44,1635.61,4337418.36,1781550.88
00:18:45.120,18/01/2026,10:19:38,17_T02,39.121932792,10.188706664,0.1,1636.67,64.81,765.959,1.8,38.54,13.44,1635.61,4337418.39,1781550.97
00:18:46.127,18/01/2026,10:19:39,17_T02,39.121933415,10.188706888,0.1,1636.70,64.71,765.954,1.7,38.54,13.44,1635.66,4337418.41,1781551.04
00:18:47.132,18/01/2026,10:19:40,17_T02,39.121933583,10.188707334,0.1,1636.72,64.72,765.984,1.7,38.54,13.44,1635.66,4337418.45,1781551.06
00:18:48.127,18/01/2026,10:19:41,17_T02,39.121933692,10.188707690,0.1,1636.71,64.73,766.009,1.7,38.54,13.44,1635.69,4337418.48,1781551.07
00:18:49.119,18/01/2026,10:19:42,17_T02,39.121933946,10.188708092,0.1,1636.69,64.62,766.033,1.7,38.54,13.44,1635.69,4337418.51,1781551.10
00:18:50.122,18/01/2026,10:19:43,17_T02,39.121935001,10.188708302,0.1,1636.68,64.94,766.011,1.7,38.54,13.44,1635.69,4337418.53,1781551.21
00:18:51.117,18/01/2026,10:19:44,17_T02,39.121935977,10.188708642,0.1,1636.69,65.53,766.002,1.7,38.54,13.44,1635.62,4337418.56,1781551.32
00:18:52.127,18/01/2026,10:19:45,17_T02,39.121936028,10.188709279,0.1,1636.70,65.85,766.052,1.7,38.54,13.44,1635.62,4337418.61,1781551.33
00:18:53.121,18/01/2026,10:19:46,17_T02,39.121936062,10.188709864,0.1,1636.71,65.98,766.099,1.7,38.54,13.44,1635.65,4337418.66,1781551.33
00:18:54.134,18/01/2026,10:19:47,17_T02,39.121936261,10.188710193,0.1,1636.71,65.85,766.119,1.7,38.54,13.44,1635.65,4337418.69,1781551.35
00:18:55.118,18/01/2026,10:19:48,17_T02,39.121936492,10.188710534,0.1,1636.71,65.62,766.138,1.7,38.54,13.44,1635.65,4337418.72,1781551.38
00:18:56.128,18/01/2026,10:19:49,17_T02,39.121937505,10.188710201,0.1,1636.72,65.45,766.073,1.7,38.54,13.44,1635.65,4337418.69,1781551.49
00:18:57.128,18/01/2026,10:19:50,17_T02,39.121938663,10.188709756,0.1,1636.72,65.08,765.994,1.7,38.54,13.44,1635.70,4337418.65,1781551.62
00:18:58.121,18/01/2026,10:19:51,17_T02,39.121939020,10.188710099,0.1,1636.71,64.72,766.008,1.7,38.54,13.44,1635.70,4337418.68,1781551.66
00:18:59.117,18/01/2026,10:19:52,17_T02,39.121939340,10.188710634,0.1,1636.70,64.54,766.040,1.7,38.54,13.44,1635.65,4337418.73,1781551.69
00:19:00.130,18/01/2026,10:19:53,17_T02,39.121939563,10.188711266,0.1,1636.70,64.60,766.084,1.8,38.54,13.44,1635.65,4337418.79,1781551.72
00:19:01.127,18/01/2026,10:19:54,17_T02,39.121939663,10.188710731,0.1,1636.73,64.72,766.036,1.7,38.54,13.44,1635.66,4337418.74,1781551.73
00:19:02.121,18/01/2026,10:19:55,17_T02,39.121939637,10.188710089,0.1,1636.76,64.94,765.985,1.7,38.54,13.44,1635.66,4337418.68,1781551.72
00:19:03.121,18/01/2026,10:19:56,17_T02,39.121939572,10.188710421,0.1,1636.76,65.30,766.014,1.7,38.54,13.44,1635.72,4337418.71,1781551.72
00:19:04.117,18/01/2026,10:19:57,17_T02,39.121939652,10.188710746,0.1,1636.71,65.47,766.038,1.7,38.54,13.44,1635.72,4337418.74,1781551.73
00:19:05.128,18/01/2026,10:19:58,17_T02,39.121939521,10.188711363,0.1,1636.68,66.21,766.093,1.8,38.54,13.44,1635.67,4337418.79,1781551.71
00:19:06.128,18/01/2026,10:19:59,17_T02,39.121939915,10.188712370,0.1,1636.67,67.60,766.161,1.7,38.54,13.44,1635.67,4337418.88,1781551.76
00:19:07.121,18/01/2026,10:20:00,17_T02,39.121940230,10.188713333,0.1,1636.70,69.03,766.228,1.7,38.53,13.44,1635.63,4337418.97,1781551.79
00:19:08.129,18/01/2026,10:20:01,17_T02,39.121939767,10.188714055,0.1,1636.74,70.26,766.305,1.7,38.53,13.44,1635.63,4337419.03,1781551.74
00:19:09.128,18/01/2026,10:20:02,17_T02,39.121939568,10.188714330,0.1,1636.76,70.83,766.334,1.7,38.54,13.44,1635.69,4337419.05,1781551.72
00:19:10.120,18/01/2026,10:20:03,17_T02,39.121939481,10.188714435,0.1,1636.76,71.16,766.346,1.7,38.54,13.44,1635.69,4337419.06,1781551.71
00:19:11.116,18/01/2026,10:20:04,17_T02,39.121940048,10.188714167,0.1,1636.70,71.57,766.303,1.7,38.54,13.44,1635.72,4337419.04,1781551.77
00:19:12.130,18/01/2026,10:20:05,17_T02,39.121940683,10.188714106,0.1,1636.64,71.89,766.275,1.7,38.54,13.44,1635.72,4337419.03,1781551.84
00:19:13.127,18/01/2026,10:20:06,17_T02,39.121940735,10.188714823,0.1,1636.61,72.20,766.331,1.7,38.54,13.44,1635.59,4337419.10,1781551.85
00:19:14.124,18/01/2026,10:20:07,17_T02,39.121940998,10.188715689,0.2,1636.64,72.22,766.393,1.7,38.54,13.44,1635.59,4337419.17,1781551.88
00:19:15.121,18/01/2026,10:20:08,17_T02,39.121941229,10.188716169,0.1,1636.70,72.04,766.423,1.8,38.53,13.44,1635.59,4337419.21,1781551.90
00:19:16.129,18/01/2026,10:20:09,17_T02,39.121941354,10.188716161,0.1,1636.75,71.88,766.418,1.7,38.53,13.44,1635.59,4337419.21,1781551.92
00:19:17.124,18/01/2026,10:20:10,17_T02,39.121941289,10.188716024,0.1,1636.70,71.85,766.409,1.7,38.54,13.44,1635.71,4337419.20,1781551.91
00:19:18.129,18/01/2026,10:20:11,17_T02,39.121941410,10.188716053,0.1,1636.60,71.56,766.407,1.8,38.54,13.44,1635.71,4337419.20,1781551.92
00:19:19.122,18/01/2026,10:20:12,17_T02,39.121941724,10.188716458,0.1,1636.55,71.31,766.429,1.9,38.54,13.44,1635.54,4337419.24,1781551.96
00:19:20.118,18/01/2026,10:20:13,17_T02,39.121942112,10.188717237,0.1,1636.57,71.08,766.478,1.8,38.54,13.44,1635.54,4337419.30,1781552.00
00:19:21.127,18/01/2026,10:20:14,17_T02,39.121942297,10.188717962,0.1,1636.64,71.17,766.530,1.8,38.54,13.44,1635.54,4337419.37,1781552.02
00:19:22.117,18/01/2026,10:20:15,17_T02,39.121942156,10.188718191,0.1,1636.69,71.50,766.554,1.8,38.54,13.44,1635.54,4337419.39,1781552.00
00:19:23.134,18/01/2026,10:20:16,17_T02,39.121942203,10.188718321,0.1,1636.67,71.61,766.563,1.8,38.54,13.44,1635.64,4337419.40,1781552.01
00:19:24.120,18/01/2026,10:20:17,17_T02,39.121942278,10.188718696,0.1,1636.60,71.74,766.591,1.8,38.54,13.44,1635.64,4337419.43,1781552.02
00:19:25.126,18/01/2026,10:20:18,17_T02,39.121942511,10.188719207,0.1,1636.54,71.70,766.624,1.9,38.54,13.44,1635.54,4337419.48,1781552.04
00:19:26.116,18/01/2026,10:20:19,17_T02,39.121942848,10.188719981,0.1,1636.55,71.63,766.675,1.9,38.54,13.44,1635.54,4337419.54,1781552.08
00:19:27.126,18/01/2026,10:20:20,17_T02,39.121943549,10.188720531,0.1,1636.58,71.69,766.694,1.8,38.54,13.44,1635.52,4337419.59,1781552.16
00:19:28.131,18/01/2026,10:20:21,17_T02,39.121944102,10.188720827,0.1,1636.61,71.76,766.698,1.8,38.54,13.44,1635.52,4337419.62,1781552.22
00:19:29.123,18/01/2026,10:20:22,17_T02,39.121944259,10.188721017,0.1,1636.62,71.61,766.707,1.8,38.54,13.44,1635.58,4337419.63,1781552.24
00:19:30.120,18/01/2026,10:20:23,17_T02,39.121944453,10.188721173,0.1,1636.60,71.42,766.713,1.8,38.54,13.44,1635.58,4337419.65,1781552.26
00:19:31.129,18/01/2026,10:20:24,17_T02,39.121944665,10.188721435,0.1,1636.55,71.21,766.727,1.9,38.53,13.44,1635.53,4337419.67,1781552.28
00:19:32.123,18/01/2026,10:20:25,17_T02,39.121943967,10.188720555,0.1,1636.51,70.97,766.681,1.9,38.53,13.44,1635.53,4337419.59,1781552.20
00:19:33.115,18/01/2026,10:20:26,17_T02,39.121943265,10.188719984,0.1,1636.50,70.98,766.660,1.9,38.53,13.44,1635.45,4337419.54,1781552.13
00:19:34.129,18/01/2026,10:20:27,17_T02,39.121943442,10.188720672,0.1,1636.52,71.10,766.710,1.9,38.53,13.44,1635.45,4337419.60,1781552.15
00:19:35.126,18/01/2026,10:20:28,17_T02,39.121943390,10.188721265,0.1,1636.55,71.48,766.760,1.9,38.54,13.44,1635.49,4337419.66,1781552.14
00:19:36.121,18/01/2026,10:20:29,17_T02,39.121943319,10.188721505,0.1,1636.58,71.67,766.782,1.8,38.54,13.44,1635.49,4337419.68,1781552.13
00:19:37.117,18/01/2026,10:20:30,17_T02,39.121943280,10.188721646,0.1,1636.56,71.68,766.795,1.8,38.54,13.44,1635.53,4337419.69,1781552.13
00:19:38.124,18/01/2026,10:20:31,17_T02,39.121942907,10.188720654,0.1,1636.49,71.45,766.728,1.9,38.54,13.44,1635.53,4337419.60,1781552.09
00:19:39.127,18/01/2026,10:20:32,17_T02,39.121942588,10.188719963,0.1,1636.44,71.40,766.683,2.0,38.54,13.44,1635.42,4337419.54,1781552.05
00:19:40.124,18/01/2026,10:20:33,17_T02,39.121942845,10.188720648,0.1,1636.44,71.43,766.730,2.0,38.54,13.44,1635.42,4337419.60,1781552.08
00:19:41.120,18/01/2026,10:20:34,17_T02,39.121942893,10.188721505,0.1,1636.47,71.65,766.798,1.9,38.54,13.44,1635.41,4337419.68,1781552.09
00:19:42.117,18/01/2026,10:20:35,17_T02,39.121943127,10.188722203,0.1,1636.50,71.39,766.847,1.9,38.54,13.44,1635.41,4337419.74,1781552.11
00:19:43.116,18/01/2026,10:20:36,17_T02,39.121942868,10.188721633,0.1,1636.51,70.98,766.810,1.9,38.54,13.44,1635.46,4337419.69,1781552.08
00:19:44.122,18/01/2026,10:20:37,17_T02,39.121942500,10.188721057,0.1,1636.49,70.89,766.776,1.9,38.54,13.44,1635.46,4337419.64,1781552.04
00:19:45.119,18/01/2026,10:20:38,17_T02,39.121942519,10.188721681,0.1,1636.44,71.25,766.827,1.9,38.54,13.44,1635.42,4337419.69,1781552.05
00:19:46.130,18/01/2026,10:20:39,17_T02,39.121942424,10.188722572,0.1,1636.41,71.76,766.903,2.0,38.54,13.44,1635.42,4337419.77,1781552.03
00:19:47.128,18/01/2026,10:20:40,17_T02,39.121942560,10.188723504,0.1,1636.41,71.90,766.974,1.9,38.54,13.44,1635.34,4337419.85,1781552.05
00:19:48.119,18/01/2026,10:20:41,17_T02,39.121943243,10.188723888,0.1,1636.43,71.84,766.980,1.9,38.54,13.44,1635.34,4337419.88,1781552.13
00:19:49.118,18/01/2026,10:20:42,17_T02,39.121943673,10.188724097,0.1,1636.45,71.97,766.982,1.9,38.54,13.44,1635.34,4337419.90,1781552.17
00:19:50.128,18/01/2026,10:20:43,17_T02,39.121943725,10.188724697,0.1,1636.43,72.05,767.029,1.9,38.54,13.45,1635.39,4337419.95,1781552.18
00:19:51.122,18/01/2026,10:20:44,17_T02,39.121943818,10.188725189,0.1,1636.39,71.85,767.066,1.9,38.54,13.45,1635.39,4337420.00,1781552.19
00:19:52.117,18/01/2026,10:20:45,17_T02,39.121944322,10.188725864,0.1,1636.34,71.31,767.102,2.0,38.54,13.44,1635.35,4337420.06,1781552.25
00:19:53.123,18/01/2026,10:20:46,17_T02,39.121944757,10.188726281,0.1,1636.31,71.04,767.120,2.0,38.54,13.44,1635.35,4337420.09,1781552.29
00:19:54.129,18/01/2026,10:20:47,17_T02,39.121944955,10.188726972,0.1,1636.32,71.24,767.169,2.0,38.53,13.44,1635.25,4337420.15,1781552.32
00:19:55.117,18/01/2026,10:20:48,17_T02,39.121945022,10.188727770,0.1,1636.35,71.44,767.232,2.0,38.53,13.44,1635.25,4337420.22,1781552.32
00:19:56.121,18/01/2026,10:20:49,17_T02,39.121945057,10.188728490,0.1,1636.35,71.54,767.290,1.9,38.53,13.44,1635.30,4337420.28,1781552.33
00:19:57.128,18/01/2026,10:20:50,17_T02,39.121945311,10.188728863,0.1,1636.31,71.36,767.311,1.9,38.53,13.44,1635.30,4337420.32,1781552.35
00:19:58.120,18/01/2026,10:20:51,17_T02,39.121945262,10.188729460,0.1,1636.25,71.22,767.362,2.1,38.53,13.44,1635.28,4337420.37,1781552.35
00:19:59.140,18/01/2026,10:20:52,17_T02,39.121945069,10.188730655,0.1,1636.21,71.39,767.467,2.0,38.53,13.44,1635.28,4337420.47,1781552.33
00:20:00.127,18/01/2026,10:20:53,17_T02,39.121945268,10.188731564,0.1,1636.21,71.38,767.534,2.1,38.53,13.44,1635.17,4337420.55,1781552.35
00:20:01.117,18/01/2026,10:20:54,17_T02,39.121945587,10.188732350,0.1,1636.23,71.14,767.586,2.0,38.53,13.44,1635.17,4337420.62,1781552.39
00:20:02.129,18/01/2026,10:20:55,17_T02,39.121945877,10.188732997,0.1,1636.25,71.01,767.628,2.0,38.54,13.44,1635.18,4337420.68,1781552.42
00:20:03.123,18/01/2026,10:20:56,17_T02,39.121946169,10.188733535,0.1,1636.23,70.98,767.662,2.0,38.54,13.44,1635.18,4337420.72,1781552.45
00:20:04.119,18/01/2026,10:20:57,17_T02,39.121946646,10.188733249,0.1,1636.19,71.14,767.620,2.0,38.53,13.44,1635.18,4337420.70,1781552.50
00:20:05.130,18/01/2026,10:20:58,17_T02,39.121947060,10.188733217,0.1,1636.16,71.33,767.603,2.1,38.53,13.44,1635.18,4337420.69,1781552.55
00:20:06.124,18/01/2026,10:20:59,17_T02,39.121947339,10.188733970,0.1,1636.15,71.20,767.654,2.1,38.54,13.44,1635.11,4337420.76,1781552.58
00:20:07.120,18/01/2026,10:21:00,17_T02,39.121947732,10.188734727,0.1,1636.17,71.06,767.701,2.0,38.54,13.44,1635.11,4337420.83,1781552.62
00:20:08.117,18/01/2026,10:21:01,17_T02,39.121947921,10.188735435,0.1,1636.18,71.19,767.752,2.0,38.54,13.44,1635.13,4337420.89,1781552.64
00:20:09.126,18/01/2026,10:21:02,17_T02,39.121948863,10.188737048,0.1,1636.16,71.43,767.849,2.0,38.54,13.44,1635.13,4337421.03,1781552.75
00:20:10.119,18/01/2026,10:21:03,17_T02,39.121949919,10.188738629,0.2,1636.13,71.35,767.939,2.0,38.54,13.44,1635.11,4337421.16,1781552.87
00:20:11.117,18/01/2026,10:21:04,17_T02,39.121950332,10.188739288,0.2,1636.10,71.02,767.978,2.0,38.54,13.44,1635.11,4337421.22,1781552.91
00:20:12.127,18/01/2026,10:21:05,17_T02,39.121950639,10.188740009,0.1,1636.09,70.92,768.026,2.0,38.54,13.44,1635.03,4337421.28,1781552.95
00:20:13.122,18/01/2026,10:21:06,17_T02,39.121950839,10.188740849,0.2,1636.10,71.10,768.087,2.0,38.54,13.44,1635.03,4337421.36,1781552.97
00:20:14.118,18/01/2026,10:21:07,17_T02,39.121949668,10.188740886,0.1,1636.09,71.62,768.134,1.9,38.54,13.44,1635.03,4337421.36,1781552.84
00:20:15.129,18/01/2026,10:21:08,17_T02,39.121948904,10.188740759,0.2,1636.07,71.63,768.152,1.9,38.54,13.44,1635.03,4337421.35,1781552.75
00:20:16.123,18/01/2026,10:21:09,17_T02,39.121949235,10.188741382,0.2,1636.04,71.43,768.190,2.0,38.54,13.44,1635.00,4337421.40,1781552.79
00:20:17.122,18/01/2026,10:21:10,17_T02,39.121949455,10.188742105,0.1,1636.01,71.47,768.241,2.0,38.54,13.44,1635.00,4337421.47,1781552.82
00:20:18.130,18/01/2026,10:21:11,17_T02,39.121949516,10.188742953,0.1,1636.00,71.64,768.308,2.0,38.53,13.44,1634.94,4337421.54,1781552.82
00:20:19.126,18/01/2026,10:21:12,17_T02,39.121948267,10.188743561,0.1,1635.99,71.61,768.405,2.0,38.53,13.44,1634.94,4337421.59,1781552.68
00:20:20.126,18/01/2026,10:21:13,17_T02,39.121947182,10.188744000,0.2,1635.99,71.46,768.481,2.0,38.53,13.44,1634.93,4337421.63,1781552.56
00:20:21.119,18/01/2026,10:21:14,17_T02,39.121947393,10.188744656,0.2,1635.97,71.48,768.527,2.0,38.53,13.44,1634.93,4337421.69,1781552.59
00:20:22.116,18/01/2026,10:21:15,17_T02,39.121947461,10.188745372,0.2,1635.95,71.65,768.583,2.0,38.54,13.44,1634.91,4337421.75,1781552.60
00:20:23.124,18/01/2026,10:21:16,17_T02,39.121947591,10.188746146,0.1,1635.93,71.67,768.642,2.0,38.54,13.44,1634.91,4337421.82,1781552.61
00:20:24.117,18/01/2026,10:21:17,17_T02,39.121947900,10.188746811,0.1,1635.93,71.41,768.685,2.0,38.54,13.44,1634.88,4337421.88,1781552.64
00:20:25.126,18/01/2026,10:21:18,17_T02,39.121948867,10.188749266,0.2,1635.93,71.19,768.850,2.0,38.54,13.44,1634.88,4337422.09,1781552.75
00:20:26.117,18/01/2026,10:21:19,17_T02,39.121949790,10.188751685,0.2,1635.93,71.09,769.013,2.0,38.54,13.44,1634.88,4337422.30,1781552.85
00:20:27.127,18/01/2026,10:21:20,17_T02,39.121949844,10.188752444,0.2,1635.92,71.32,769.074,1.9,38.54,13.44,1634.88,4337422.37,1781552.86
00:20:28.119,18/01/2026,10:21:21,17_T02,39.121949949,10.188753220,0.1,1635.91,71.39,769.133,2.0,38.54,13.44,1634.85,4337422.43,1781552.87
00:20:29.121,18/01/2026,10:21:22,17_T02,39.121950262,10.188753856,0.1,1635.90,71.15,769.174,2.0,38.54,13.44,1634.85,4337422.49,1781552.91
00:20:30.129,18/01/2026,10:21:23,17_T02,39.121950551,10.188755014,0.1,1635.88,71.01,769.258,2.0,38.54,13.44,1634.82,4337422.59,1781552.94
00:20:31.122,18/01/2026,10:21:24,17_T02,39.121950587,10.188756330,0.2,1635.87,71.38,769.364,2.0,38.54,13.44,1634.82,4337422.70,1781552.94
00:20:32.130,18/01/2026,10:21:25,17_T02,39.121950646,10.188757150,0.1,1635.86,71.70,769.429,2.0,38.54,13.44,1634.79,4337422.78,1781552.95
00:20:33.122,18/01/2026,10:21:26,17_T02,39.121950766,10.188757989,0.1,1635.85,71.78,769.493,1.9,38.54,13.44,1634.79,4337422.85,1781552.96
00:20:34.129,18/01/2026,10:21:27,17_T02,39.121951102,10.188758655,0.1,1635.84,71.60,769.535,2.0,38.54,13.44,1634.79,4337422.91,1781553.00
00:20:35.121,18/01/2026,10:21:28,17_T02,39.121949698,10.188758730,0.2,1635.83,71.64,769.594,2.0,38.54,13.44,1634.79,4337422.91,1781552.85
00:20:36.124,18/01/2026,10:21:29,17_T02,39.121948379,10.188758848,0.2,1635.81,71.69,769.653,1.9,38.54,13.44,1634.75,4337422.92,1781552.70
00:20:37.118,18/01/2026,10:21:30,17_T02,39.121948524,10.188759646,0.2,1635.78,71.67,769.713,2.0,38.54,13.44,1634.75,4337422.99,1781552.72
00:20:38.127,18/01/2026,10:21:31,17_T02,39.121948657,10.188760446,0.1,1635.76,71.68,769.773,2.0,38.54,13.44,1634.71,4337423.06,1781552.73
00:20:39.122,18/01/2026,10:21:32,17_T02,39.121948874,10.188761309,0.1,1635.75,71.73,769.836,2.0,38.54,13.44,1634.71,4337423.14,1781552.76
00:20:40.121,18/01/2026,10:21:33,17_T02,39.121949767,10.188762786,0.2,1635.76,71.71,769.923,2.0,38.54,13.44,1634.69,4337423.27,1781552.85
00:20:41.129,18/01/2026,10:21:34,17_T02,39.121950507,10.188764221,0.2,1635.76,71.74,770.013,1.9,38.54,13.44,1634.69,4337423.39,1781552.94
00:20:42.125,18/01/2026,10:21:35,17_T02,39.121950581,10.188764846,0.2,1635.75,71.78,770.062,1.9,38.54,13.44,1634.69,4337423.45,1781552.94
00:20:43.121,18/01/2026,10:21:36,17_T02,39.121950819,10.188765500,0.1,1635.73,71.61,770.107,2.0,38.54,13.44,1634.69,4337423.50,1781552.97
00:20:44.117,18/01/2026,10:21:37,17_T02,39.121951183,10.188766141,0.1,1635.70,71.34,770.146,2.0,38.54,13.44,1634.64,4337423.56,1781553.01
00:20:45.130,18/01/2026,10:21:38,17_T02,39.121950502,10.188766534,0.1,1635.69,71.52,770.203,2.0,38.54,13.44,1634.64,4337423.59,1781552.94
00:20:46.118,18/01/2026,10:21:39,17_T02,39.121949727,10.188766917,0.2,1635.69,71.81,770.263,2.0,38.54,13.44,1634.61,4337423.63,1781552.85
00:20:47.127,18/01/2026,10:21:40,17_T02,39.121950001,10.188767535,0.2,1635.70,71.61,770.304,1.9,38.54,13.44,1634.61,4337423.68,1781552.88
00:20:48.127,18/01/2026,10:21:41,17_T02,39.121950293,10.188768038,0.1,1635.69,71.44,770.334,2.0,38.54,13.44,1634.61,4337423.72,1781552.91
00:20:49.122,18/01/2026,10:21:42,17_T02,39.121950469,10.188768569,0.1,1635.66,71.46,770.371,1.9,38.54,13.44,1634.64,4337423.77,1781552.93
00:20:50.121,18/01/2026,10:21:43,17_T02,39.121950645,10.188769147,0.1,1635.63,71.43,770.412,1.9,38.54,13.44,1634.64,4337423.82,1781552.95
00:20:51.117,18/01/2026,10:21:44,17_T02,39.121950671,10.188769999,0.1,1635.61,71.31,770.481,2.0,38.54,13.44,1634.57,4337423.89,1781552.96
00:20:52.127,18/01/2026,10:21:45,17_T02,39.121950841,10.188770926,0.1,1635.61,71.03,770.550,2.0,38.54,13.44,1634.57,4337423.97,1781552.97
00:20:53.121,18/01/2026,10:21:46,17_T02,39.121951161,10.188771586,0.1,1635.61,70.92,770.592,2.0,38.54,13.44,1634.54,4337424.03,1781553.01
00:20:54.128,18/01/2026,10:21:47,17_T02,39.121951345,10.188772208,0.1,1635.61,71.02,770.636,1.9,38.54,13.44,1634.54,4337424.09,1781553.03
00:20:55.122,18/01/2026,10:21:48,17_T02,39.121950951,10.188772953,0.1,1635.59,72.03,770.712,2.0,38.54,13.44,1634.54,4337424.15,1781552.99
00:20:56.116,18/01/2026,10:21:49,17_T02,39.121950641,10.188773454,0.1,1635.57,73.24,770.765,1.9,38.54,13.44,1634.54,4337424.19,1781552.95
00:20:57.126,18/01/2026,10:21:50,17_T02,39.121950521,10.188773831,0.1,1635.55,74.17,770.800,2.0,38.54,13.44,1634.50,4337424.23,1781552.94
00:20:58.121,18/01/2026,10:21:51,17_T02,39.121950264,10.188774516,0.1,1635.54,75.07,770.866,1.9,38.54,13.44,1634.50,4337424.29,1781552.91
00:20:59.118,18/01/2026,10:21:52,17_T02,39.121950076,10.188775161,0.1,1635.54,75.67,770.926,2.0,38.53,13.44,1634.49,4337424.34,1781552.89
00:21:00.127,18/01/2026,10:21:53,17_T02,39.121950083,10.188775762,0.1,1635.53,75.83,770.974,1.9,38.53,13.44,1634.49,4337424.39,1781552.89
00:21:01.121,18/01/2026,10:21:54,17_T02,39.121949998,10.188775372,0.1,1635.52,75.61,770.946,1.9,38.53,13.44,1634.47,4337424.36,1781552.88
00:21:02.125,18/01/2026,10:21:55,17_T02,39.121949948,10.188775003,0.1,1635.49,75.35,770.917,2.0,38.53,13.44,1634.47,4337424.33,1781552.88
00:21:03.120,18/01/2026,10:21:56,17_T02,39.121950206,10.188775551,0.1,1635.49,75.11,770.953,2.0,38.54,13.44,1634.43,4337424.38,1781552.91
00:21:04.120,18/01/2026,10:21:57,17_T02,39.121950336,10.188776108,0.1,1635.49,74.90,770.993,1.9,38.54,13.44,1634.43,4337424.42,1781552.92
00:21:05.129,18/01/2026,10:21:58,17_T02,39.121950672,10.188776649,0.1,1635.50,74.45,771.025,1.9,38.53,13.44,1634.43,4337424.47,1781552.96
00:21:06.121,18/01/2026,10:21:59,17_T02,39.121952195,10.188776486,0.1,1635.49,74.07,770.955,1.9,38.53,13.44,1634.43,4337424.46,1781553.12
00:21:07.126,18/01/2026,10:22:00,17_T02,39.121953732,10.188776344,0.1,1635.47,73.95,770.886,1.9,38.54,13.44,1634.44,4337424.44,1781553.29
00:21:08.122,18/01/2026,10:22:01,17_T02,39.121953787,10.188776983,0.1,1635.45,74.14,770.937,2.0,38.54,13.44,1634.44,4337424.50,1781553.30
00:21:09.131,18/01/2026,10:22:02,17_T02,39.121953823,10.188777673,0.1,1635.45,74.29,770.992,1.9,38.54,13.44,1634.38,4337424.56,1781553.30
00:21:10.124,18/01/2026,10:22:03,17_T02,39.121954041,10.188778267,0.1,1635.47,74.22,771.032,1.9,38.54,13.44,1634.38,4337424.61,1781553.33
00:21:11.119,18/01/2026,10:22:04,17_T02,39.121954161,10.188778802,0.1,1635.48,74.31,771.072,1.9,38.53,13.44,1634.39,4337424.66,1781553.34
00:21:12.126,18/01/2026,10:22:05,17_T02,39.121954666,10.188780861,0.1,1635.46,74.55,771.222,1.9,38.53,13.44,1634.39,4337424.84,1781553.40
00:21:13.119,18/01/2026,10:22:06,17_T02,39.121955143,10.188782889,0.2,1635.42,74.75,771.370,1.9,38.54,13.44,1634.40,4337425.01,1781553.45
00:21:14.129,18/01/2026,10:22:07,17_T02,39.121955274,10.188783486,0.2,1635.39,74.75,771.414,2.0,38.54,13.44,1634.40,4337425.07,1781553.47
00:21:15.125,18/01/2026,10:22:08,17_T02,39.121955535,10.188784129,0.1,1635.38,74.65,771.457,2.0,38.54,13.44,1634.32,4337425.12,1781553.50
00:21:16.118,18/01/2026,10:22:09,17_T02,39.121955658,10.188784911,0.1,1635.39,74.77,771.516,2.0,38.54,13.44,1634.32,4337425.19,1781553.51
00:21:17.123,18/01/2026,10:22:10,17_T02,39.121956089,10.188785219,0.1,1635.40,74.87,771.525,1.9,38.54,13.44,1634.33,4337425.22,1781553.56
00:21:18.120,18/01/2026,10:22:11,17_T02,39.121956416,10.188785438,0.1,1635.39,74.96,771.531,1.9,38.54,13.44,1634.33,4337425.24,1781553.59
00:21:19.120,18/01/2026,10:22:12,17_T02,39.121956633,10.188785897,0.1,1635.36,74.80,771.561,1.9,38.54,13.44,1634.31,4337425.28,1781553.62
00:21:20.130,18/01/2026,10:22:13,17_T02,39.121956886,10.188786427,0.1,1635.33,74.61,771.595,2.0,38.54,13.44,1634.31,4337425.32,1781553.64
00:21:21.122,18/01/2026,10:22:14,17_T02,39.121957161,10.188786914,0.1,1635.31,74.40,771.624,2.0,38.53,13.44,1634.27,4337425.36,1781553.68
00:21:22.119,18/01/2026,10:22:15,17_T02,39.121957584,10.188788075,0.1,1635.30,74.31,771.704,2.0,38.53,13.44,1634.27,4337425.46,1781553.72
00:21:23.119,18/01/2026,10:22:16,17_T02,39.121957941,10.188789321,0.1,1635.31,74.29,771.792,2.0,38.54,13.44,1634.25,4337425.57,1781553.76
00:21:24.127,18/01/2026,10:22:17,17_T02,39.121958017,10.188789896,0.1,1635.31,74.59,771.837,2.0,38.54,13.44,1634.25,4337425.62,1781553.77
00:21:25.128,18/01/2026,10:22:18,17_T02,39.121955303,10.188790965,0.1,1635.30,80.30,772.025,2.0,38.54,13.44,1634.23,4337425.72,1781553.47
00:21:26.122,18/01/2026,10:22:19,17_T02,39.121951536,10.188791675,0.2,1635.28,87.41,772.224,1.9,38.54,13.44,1634.23,4337425.78,1781553.06
00:21:27.121,18/01/2026,10:22:20,17_T02,39.121948396,10.188791930,0.2,1635.26,91.59,772.361,1.9,38.54,13.44,1634.19,4337425.80,1781552.71
00:21:28.120,18/01/2026,10:22:21,17_T02,39.121946353,10.188792254,0.2,1635.24,93.16,772.464,1.8,38.54,13.44,1634.19,4337425.83,1781552.48
00:21:29.134,18/01/2026,10:22:22,17_T02,39.121946356,10.188793019,0.2,1635.24,92.90,772.527,1.8,38.54,13.44,1634.19,4337425.90,1781552.48
00:21:30.121,18/01/2026,10:22:23,17_T02,39.121947108,10.188793758,0.2,1635.24,91.41,772.559,1.9,38.54,13.44,1634.19,4337425.96,1781552.57
00:21:31.119,18/01/2026,10:22:24,17_T02,39.121948100,10.188794417,0.2,1635.25,89.45,772.576,1.9,38.53,13.44,1634.18,4337426.02,1781552.68
00:21:32.116,18/01/2026,10:22:25,17_T02,39.121949033,10.188794978,0.2,1635.24,87.81,772.587,1.9,38.53,13.44,1634.18,4337426.07,1781552.78
00:21:33.127,18/01/2026,10:22:26,17_T02,39.121949569,10.188797375,0.2,1635.23,86.60,772.764,1.9,38.54,13.44,1634.16,4337426.28,1781552.84
00:21:34.121,18/01/2026,10:22:27,17_T02,39.121949955,10.188799505,0.2,1635.21,85.57,772.924,1.9,38.54,13.44,1634.16,4337426.46,1781552.88
00:21:35.130,18/01/2026,10:22:28,17_T02,39.121950472,10.188800150,0.1,1635.22,84.56,772.957,1.9,38.54,13.44,1634.15,4337426.52,1781552.94
00:21:36.122,18/01/2026,10:22:29,17_T02,39.121950869,10.188800730,0.1,1635.25,84.01,772.990,1.9,38.54,13.44,1634.15,4337426.57,1781552.98
00:21:37.119,18/01/2026,10:22:30,17_T02,39.121950806,10.188801225,0.1,1635.29,84.23,773.033,1.9,38.54,13.44,1634.20,4337426.61,1781552.98
00:21:38.123,18/01/2026,10:22:31,17_T02,39.121949929,10.188802808,0.1,1635.33,84.74,773.195,1.8,38.54,13.44,1634.20,4337426.75,1781552.88
00:21:39.127,18/01/2026,10:22:32,17_T02,39.121949223,10.188804246,0.2,1635.37,85.10,773.339,1.8,38.54,13.44,1634.28,4337426.87,1781552.80
00:21:40.120,18/01/2026,10:22:33,17_T02,39.121949140,10.188804832,0.2,1635.40,85.50,773.390,1.7,38.54,13.44,1634.28,4337426.92,1781552.79
00:21:41.129,18/01/2026,10:22:34,17_T02,39.121949003,10.188805470,0.1,1635.43,86.01,773.448,1.7,38.54,13.44,1634.35,4337426.98,1781552.78
00:21:42.120,18/01/2026,10:22:35,17_T02,39.121948747,10.188806103,0.1,1635.46,86.61,773.509,1.6,38.54,13.44,1634.35,4337427.04,1781552.75
00:21:43.130,18/01/2026,10:22:36,17_T02,39.121948582,10.188806024,0.1,1635.47,87.07,773.509,1.6,38.54,13.44,1634.40,4337427.03,1781552.73
00:21:44.121,18/01/2026,10:22:37,17_T02,39.121948638,10.188805857,0.1,1635.45,87.15,773.493,1.6,38.54,13.44,1634.40,4337427.01,1781552.74
00:21:45.116,18/01/2026,10:22:38,17_T02,39.121948667,10.188806199,0.1,1635.41,87.16,773.520,1.6,38.54,13.44,1634.37,4337427.04,1781552.74
00:21:46.124,18/01/2026,10:22:39,17_T02,39.121948696,10.188806606,0.1,1635.36,87.19,773.552,1.7,38.54,13.44,1634.37,4337427.08,1781552.75
00:21:47.119,18/01/2026,10:22:40,17_T02,39.121948739,10.188807071,0.1,1635.33,87.11,773.589,1.7,38.54,13.44,1634.37,4337427.12,1781552.75
00:21:48.128,18/01/2026,10:22:41,17_T02,39.121948758,10.188806865,0.1,1635.32,86.82,773.571,1.7,38.54,13.44,1634.30,4337427.10,1781552.75
00:21:49.124,18/01/2026,10:22:42,17_T02,39.121948870,10.188806581,0.1,1635.32,86.40,773.544,1.7,38.54,13.44,1634.30,4337427.08,1781552.76
00:21:50.123,18/01/2026,10:22:43,17_T02,39.121949089,10.188806966,0.1,1635.32,86.12,773.567,1.7,38.54,13.46,1634.25,4337427.11,1781552.79
00:21:51.125,18/01/2026,10:22:44,17_T02,39.121949164,10.188807420,0.1,1635.30,86.07,773.601,1.7,38.54,13.46,1634.25,4337427.15,1781552.80
00:21:52.124,18/01/2026,10:22:45,17_T02,39.121949201,10.188807890,0.1,1635.28,86.04,773.639,1.7,38.54,13.46,1634.25,4337427.19,1781552.80
00:21:53.120,18/01/2026,10:22:46,17_T02,39.121948196,10.188807837,0.1,1635.26,85.95,773.672,1.8,38.54,13.46,1634.25,4337427.19,1781552.69
00:21:54.117,18/01/2026,10:22:47,17_T02,39.121947257,10.188807701,0.1,1635.26,85.89,773.695,1.8,38.53,13.46,1634.20,4337427.17,1781552.59
00:21:55.126,18/01/2026,10:22:48,17_T02,39.121947212,10.188807852,0.1,1635.26,86.08,773.710,1.7,38.53,13.46,1634.20,4337427.19,1781552.58
00:21:56.121,18/01/2026,10:22:49,17_T02,39.121947095,10.188807668,0.1,1635.26,86.24,773.699,1.7,38.53,13.46,1634.19,4337427.17,1781552.57
00:21:57.119,18/01/2026,10:22:50,17_T02,39.121947026,10.188807393,0.1,1635.25,86.26,773.679,1.8,38.53,13.46,1634.19,4337427.15,1781552.56
00:21:58.115,18/01/2026,10:22:51,17_T02,39.121947026,10.188807197,0.1,1635.23,86.24,773.663,1.8,38.53,13.46,1634.16,4337427.13,1781552.56
00:21:59.120,18/01/2026,10:22:52,17_T02,39.121946472,10.188806480,0.1,1635.22,86.24,773.625,1.8,38.53,13.46,1634.16,4337427.07,1781552.50
00:22:00.119,18/01/2026,10:22:53,17_T02,39.121946017,10.188805913,0.1,1635.23,86.23,773.595,1.8,38.53,13.46,1634.15,4337427.02,1781552.45
00:22:01.128,18/01/2026,10:22:54,17_T02,39.121945845,10.188806089,0.1,1635.24,86.61,773.616,1.8,38.53,13.46,1634.15,4337427.03,1781552.43
00:22:02.124,18/01/2026,10:22:55,17_T02,39.121944557,10.188806162,0.1,1635.26,89.02,773.670,1.7,38.54,13.46,1634.18,4337427.04,1781552.29
00:22:03.118,18/01/2026,10:22:56,17_T02,39.121943207,10.188805775,0.1,1635.27,91.75,773.688,1.7,38.54,13.46,1634.18,4337427.01,1781552.14
00:22:04.115,18/01/2026,10:22:57,17_T02,39.121943094,10.188804756,0.1,1635.27,93.08,773.609,1.7,38.54,13.46,1634.19,4337426.92,1781552.13
00:22:05.129,18/01/2026,10:22:58,17_T02,39.121942877,10.188803923,0.2,1635.26,94.14,773.549,1.7,38.54,13.46,1634.19,4337426.85,1781552.10
00:22:06.127,18/01/2026,10:22:59,17_T02,39.121942545,10.188803257,0.1,1635.25,94.45,773.507,1.7,38.53,13.46,1634.22,4337426.79,1781552.07
00:22:07.122,18/01/2026,10:23:00,17_T02,39.121942510,10.188802711,0.1,1635.26,94.41,773.463,1.7,38.53,13.46,1634.22,4337426.74,1781552.06
00:22:08.122,18/01/2026,10:23:01,17_T02,39.121941793,10.188802504,0.1,1635.28,95.17,773.473,1.7,38.54,13.46,1634.18,4337426.72,1781551.98
00:22:09.121,18/01/2026,10:23:02,17_T02,39.121940962,10.188802782,0.1,1635.31,96.79,773.527,1.7,38.54,13.46,1634.18,4337426.75,1781551.89
00:22:10.117,18/01/2026,10:23:03,17_T02,39.121941050,10.188803074,0.1,1635.33,96.65,773.547,1.7,38.53,13.46,1634.24,4337426.77,1781551.90
00:22:11.129,18/01/2026,10:23:04,17_T02,39.121941160,10.188802992,0.1,1635.35,95.66,773.537,1.7,38.53,13.46,1634.24,4337426.77,1781551.91
00:22:12.127,18/01/2026,10:23:05,17_T02,39.121940702,10.188802786,0.1,1635.38,95.44,773.537,1.7,38.53,13.45,1634.29,4337426.75,1781551.86
00:22:13.120,18/01/2026,10:23:06,17_T02,39.121940160,10.188802676,0.1,1635.40,95.39,773.548,1.7,38.53,13.45,1634.29,4337426.74,1781551.80
00:22:14.117,18/01/2026,10:23:07,17_T02,39.121940376,10.188803720,0.1,1635.44,95.26,773.625,1.7,38.53,13.44,1634.34,4337426.83,1781551.83
00:22:15.125,18/01/2026,10:23:08,17_T02,39.121941921,10.188804938,0.1,1635.49,93.52,773.668,1.7,38.53,13.44,1634.34,4337426.94,1781552.00
00:22:16.128,18/01/2026,10:23:09,17_T02,39.121942782,10.188804957,0.1,1635.56,91.72,773.637,1.7,38.54,13.44,1634.44,4337426.94,1781552.09
00:22:17.116,18/01/2026,10:23:10,17_T02,39.121943334,10.188805021,0.1,1635.64,90.80,773.622,1.6,38.54,13.44,1634.44,4337426.94,1781552.15
00:22:18.125,18/01/2026,10:23:11,17_T02,39.121943334,10.188805133,0.1,1635.70,90.47,773.631,1.6,38.54,13.44,1634.59,4337426.95,1781552.15
00:22:19.117,18/01/2026,10:23:12,17_T02,39.121943204,10.188805118,0.1,1635.75,90.21,773.635,1.5,38.54,13.44,1634.59,4337426.95,1781552.14
00:22:20.123,18/01/2026,10:23:13,17_T02,39.121944179,10.188804964,0.1,1635.80,89.57,773.586,1.5,38.54,13.44,1634.69,4337426.94,1781552.25
00:22:21.125,18/01/2026,10:23:14,17_T02,39.121945453,10.188804776,0.1,1635.85,88.88,773.523,1.5,38.54,13.44,1634.69,4337426.92,1781552.39
00:22:22.117,18/01/2026,10:23:15,17_T02,39.121945191,10.188804711,0.1,1635.89,89.26,773.527,1.4,38.54,13.44,1634.79,4337426.91,1781552.36
00:22:23.120,18/01/2026,10:23:16,17_T02,39.121944544,10.188804648,0.1,1635.93,90.06,773.546,1.3,38.54,13.44,1634.79,4337426.91,1781552.29
00:22:24.126,18/01/2026,10:23:17,17_T02,39.121943796,10.188804617,0.1,1636.00,90.96,773.572,1.3,38.54,13.44,1634.89,4337426.91,1781552.20
00:22:25.118,18/01/2026,10:23:18,17_T02,39.121942581,10.188804465,0.1,1636.09,92.07,773.604,1.2,38.54,13.44,1634.89,4337426.89,1781552.07
00:22:26.128,18/01/2026,10:23:19,17_T02,39.121940945,10.188804356,0.1,1636.20,93.67,773.656,1.1,38.54,13.44,1635.07,4337426.88,1781551.89
00:22:27.119,18/01/2026,10:23:20,17_T02,39.121939779,10.188804470,0.1,1636.32,94.85,773.709,1.1,38.54,13.44,1635.07,4337426.90,1781551.76
00:22:28.129,18/01/2026,10:23:21,17_T02,39.121940019,10.188804607,0.1,1636.44,94.25,773.711,0.9,38.54,13.44,1635.30,4337426.91,1781551.79
00:22:29.126,18/01/2026,10:23:22,17_T02,39.121940361,10.188804825,0.1,1636.53,93.53,773.716,0.8,38.54,13.44,1635.30,4337426.93,1781551.83
00:22:30.119,18/01/2026,10:23:23,17_T02,39.121941416,10.188805308,0.1,1636.57,92.88,773.717,0.7,38.54,13.44,1635.49,4337426.97,1781551.94
00:22:31.128,18/01/2026,10:23:24,17_T02,39.121942284,10.188805688,0.1,1636.57,92.33,773.716,0.8,38.54,13.44,1635.49,4337427.00,1781552.04
00:22:32.119,18/01/2026,10:23:25,17_T02,39.121942546,10.188805722,0.1,1636.55,91.78,773.709,0.8,38.54,13.44,1635.50,4337427.00,1781552.07
00:22:33.127,18/01/2026,10:23:26,17_T02,39.121942789,10.188805929,0.1,1636.53,91.41,773.717,0.8,38.54,13.44,1635.50,4337427.02,1781552.09
00:22:34.126,18/01/2026,10:23:27,17_T02,39.121942740,10.188806138,0.1,1636.50,91.49,773.736,0.8,38.54,13.44,1635.44,4337427.04,1781552.09
00:22:35.117,18/01/2026,10:23:28,17_T02,39.121941808,10.188806452,0.1,1636.47,91.58,773.796,0.8,38.54,13.44,1635.44,4337427.07,1781551.99
00:22:36.115,18/01/2026,10:23:29,17_T02,39.121940713,10.188806690,0.1,1636.41,91.71,773.856,0.9,38.54,13.44,1635.38,4337427.09,1781551.86
00:22:37.127,18/01/2026,10:23:30,17_T02,39.121940657,10.188806975,0.1,1636.35,91.66,773.882,1.0,38.54,13.44,1635.38,4337427.11,1781551.86
00:22:38.124,18/01/2026,10:23:31,17_T02,39.121940779,10.188807472,0.1,1636.29,91.55,773.918,1.0,38.53,13.44,1635.23,4337427.16,1781551.87
00:22:39.119,18/01/2026,10:23:32,17_T02,39.121940604,10.188807657,0.1,1636.26,91.84,773.939,1.1,38.53,13.44,1635.23,4337427.17,1781551.85
00:22:40.116,18/01/2026,10:23:33,17_T02,39.121939792,10.188807387,0.1,1636.23,92.17,773.948,1.1,38.54,13.45,1635.17,4337427.15,1781551.76
00:22:41.129,18/01/2026,10:23:34,17_T02,39.121939165,10.188807101,0.1,1636.20,92.14,773.947,1.1,38.54,13.45,1635.17,4337427.12,1781551.69
00:22:42.125,18/01/2026,10:23:35,17_T02,39.121939337,10.188807162,0.1,1636.18,91.93,773.946,1.2,38.53,13.46,1635.13,4337427.13,1781551.71
00:22:43.119,18/01/2026,10:23:36,17_T02,39.121939976,10.188806943,0.1,1636.17,91.38,773.904,1.2,38.53,13.46,1635.13,4337427.11,1781551.78
00:22:44.119,18/01/2026,10:23:37,17_T02,39.121939810,10.188807010,0.1,1636.15,91.79,773.916,1.2,38.54,13.46,1635.11,4337427.12,1781551.76
00:22:45.117,18/01/2026,10:23:38,17_T02,39.121939599,10.188807097,0.1,1636.15,92.02,773.931,1.1,38.54,13.46,1635.11,4337427.12,1781551.74
00:22:46.125,18/01/2026,10:23:39,17_T02,39.121939812,10.188807417,0.1,1636.15,92.17,773.949,1.1,38.54,13.46,1635.11,4337427.15,1781551.77
00:22:47.118,18/01/2026,10:23:40,17_T02,39.121940437,10.188807586,0.1,1636.15,91.87,773.940,1.1,38.53,13.45,1635.08,4337427.17,1781551.83
00:22:48.129,18/01/2026,10:23:41,17_T02,39.121940641,10.188807927,0.1,1636.15,91.79,773.960,1.1,38.53,13.45,1635.08,4337427.20,1781551.86
00:22:49.124,18/01/2026,10:23:42,17_T02,39.121940689,10.188808098,0.1,1636.16,91.99,773.972,1.1,38.53,13.45,1635.08,4337427.21,1781551.86
00:22:50.117,18/01/2026,10:23:43,17_T02,39.121940740,10.188808353,0.1,1636.19,91.90,773.991,1.0,38.53,13.45,1635.08,4337427.23,1781551.87
00:22:51.130,18/01/2026,10:23:44,17_T02,39.121941494,10.188808869,0.1,1636.25,91.68,774.006,1.1,38.53,13.45,1635.13,4337427.28,1781551.95
00:22:52.127,18/01/2026,10:23:45,17_T02,39.121941897,10.188808932,0.1,1636.29,91.70,773.996,0.9,38.53,13.45,1635.13,4337427.28,1781552.00
00:22:53.122,18/01/2026,10:23:46,17_T02,39.121942115,10.188808626,0.1,1636.28,91.26,773.963,0.9,38.54,13.44,1635.21,4337427.26,1781552.02
00:22:54.121,18/01/2026,10:23:47,17_T02,39.121942254,10.188808527,0.1,1636.25,91.07,773.949,0.9,38.54,13.44,1635.21,4337427.25,1781552.03
00:22:55.118,18/01/2026,10:23:48,17_T02,39.121942198,10.188808675,0.1,1636.23,91.41,773.963,0.9,38.54,13.44,1635.18,4337427.26,1781552.03
00:22:56.126,18/01/2026,10:23:49,17_T02,39.121943204,10.188810074,0.1,1636.25,92.08,774.041,0.9,38.54,13.44,1635.18,4337427.38,1781552.14
00:22:57.120,18/01/2026,10:23:50,17_T02,39.121944169,10.188811280,0.1,1636.29,92.62,774.103,0.9,38.54,13.45,1635.17,4337427.49,1781552.25
00:22:58.127,18/01/2026,10:23:51,17_T02,39.121944050,10.188811106,0.1,1636.32,92.80,774.094,0.8,38.54,13.45,1635.17,4337427.47,1781552.23
00:22:59.122,18/01/2026,10:23:52,17_T02,39.121944100,10.188810935,0.1,1636.30,92.72,774.078,1.1,38.53,13.45,1635.26,4337427.46,1781552.24
00:23:00.117,18/01/2026,10:23:53,17_T02,39.121944261,10.188810887,0.1,1636.25,92.45,774.068,1.0,38.53,13.45,1635.26,4337427.45,1781552.26
00:23:01.122,18/01/2026,10:23:54,17_T02,39.121944174,10.188810749,0.1,1636.22,92.27,774.060,0.9,38.54,13.45,1635.18,4337427.44,1781552.25
00:23:02.129,18/01/2026,10:23:55,17_T02,39.121943958,10.188810751,0.1,1636.22,92.32,774.068,1.0,38.54,13.45,1635.18,4337427.44,1781552.22
00:23:03.119,18/01/2026,10:23:56,17_T02,39.121943897,10.188810908,0.1,1636.25,92.36,774.083,0.9,38.53,13.46,1635.15,4337427.45,1781552.22
00:23:04.125,18/01/2026,10:23:57,17_T02,39.121943933,10.188810907,0.1,1636.27,92.25,774.082,0.9,38.53,13.46,1635.15,4337427.45,1781552.22
00:23:05.129,18/01/2026,10:23:58,17_T02,39.121943893,10.188810823,0.1,1636.26,92.24,774.076,0.9,38.54,13.45,1635.20,4337427.45,1781552.22
00:23:06.124,18/01/2026,10:23:59,17_T02,39.121943998,10.188811040,0.1,1636.24,92.05,774.090,0.9,38.54,13.45,1635.20,4337427.47,1781552.23
00:23:07.128,18/01/2026,10:24:00,17_T02,39.121944414,10.188810662,0.1,1636.21,92.01,774.044,1.0,38.54,13.46,1635.16,4337427.43,1781552.27
00:23:08.123,18/01/2026,10:24:01,17_T02,39.121944710,10.188810478,0.1,1636.21,92.21,774.018,0.9,38.54,13.46,1635.16,4337427.42,1781552.31
00:23:09.117,18/01/2026,10:24:02,17_T02,39.121944500,10.188811342,0.1,1636.23,92.62,774.096,0.9,38.53,13.46,1635.13,4337427.49,1781552.28
00:23:10.124,18/01/2026,10:24:03,17_T02,39.121944278,10.188812134,0.1,1636.26,93.11,774.169,0.9,38.53,13.46,1635.13,4337427.56,1781552.26
00:23:11.120,18/01/2026,10:24:04,17_T02,39.121944116,10.188812773,0.1,1636.29,93.39,774.228,0.8,38.54,13.45,1635.20,4337427.62,1781552.24
00:23:12.130,18/01/2026,10:24:05,17_T02,39.121944002,10.188813671,0.1,1636.28,93.19,774.306,0.9,38.54,13.45,1635.20,4337427.69,1781552.23
00:23:13.125,18/01/2026,10:24:06,17_T02,39.121944170,10.188814728,0.2,1636.23,92.47,774.386,0.9,38.54,13.45,1635.19,4337427.79,1781552.25
00:23:14.120,18/01/2026,10:24:07,17_T02,39.121944538,10.188815942,0.1,1636.17,91.79,774.472,1.0,38.54,13.45,1635.19,4337427.89,1781552.29
00:23:15.115,18/01/2026,10:24:08,17_T02,39.121944623,10.188817062,0.2,1636.11,91.75,774.560,1.0,38.54,13.45,1635.09,4337427.99,1781552.30
00:23:16.124,18/01/2026,10:24:09,17_T02,39.121944329,10.188817808,0.2,1636.04,92.15,774.632,0.9,38.54,13.45,1635.09,4337428.05,1781552.27
00:23:17.121,18/01/2026,10:24:10,17_T02,39.121944055,10.188818484,0.2,1635.95,92.49,774.698,0.7,38.53,13.45,1634.97,4337428.11,1781552.24
00:23:18.117,18/01/2026,10:24:11,17_T02,39.121944179,10.188819228,0.1,1635.84,92.64,774.754,0.8,38.53,13.45,1634.97,4337428.18,1781552.25
00:23:19.127,18/01/2026,10:24:12,17_T02,39.121944256,10.188819893,0.2,1635.70,92.65,774.806,1.3,38.53,13.45,1634.74,4337428.24,1781552.26
00:23:20.123,18/01/2026,10:24:13,17_T02,39.121944289,10.188820802,0.1,1635.56,92.67,774.879,1.4,38.53,13.45,1634.74,4337428.32,1781552.26
00:23:21.120,18/01/2026,10:24:14,17_T02,39.121944288,10.188821832,0.1,1635.42,92.77,774.963,1.4,38.54,13.45,1634.45,4337428.40,1781552.26
00:23:22.117,18/01/2026,10:24:15,17_T02,39.121944228,10.188822991,0.1,1635.28,92.87,775.060,1.4,38.54,13.45,1634.45,4337428.51,1781552.26
00:23:23.118,18/01/2026,10:24:16,17_T02,39.121944208,10.188824029,0.2,1635.15,92.96,775.146,1.4,38.54,13.45,1634.17,4337428.60,1781552.25
00:23:24.128,18/01/2026,10:24:17,17_T02,39.121944194,10.188824936,0.2,1635.01,92.99,775.221,1.4,38.54,13.45,1634.17,4337428.67,1781552.25
00:23:25.124,18/01/2026,10:24:18,17_T02,39.121944539,10.188825895,0.2,1634.86,92.66,775.287,1.4,38.54,13.46,1633.90,4337428.76,1781552.29
00:23:26.118,18/01/2026,10:24:19,17_T02,39.121944346,10.188826728,0.2,1634.71,92.97,775.362,1.4,38.54,13.46,1633.90,4337428.83,1781552.27
00:23:27.116,18/01/2026,10:24:20,17_T02,39.121944561,10.188827702,0.2,1634.57,92.64,775.434,1.4,38.53,13.46,1633.60,4337428.92,1781552.29
00:23:28.128,18/01/2026,10:24:21,17_T02,39.121946370,10.188829206,0.2,1634.42,92.32,775.490,1.4,38.53,13.46,1633.60,4337429.05,1781552.49
00:23:29.120,18/01/2026,10:24:22,17_T02,39.121946992,10.188830425,0.2,1634.26,92.61,775.566,1.4,38.53,13.45,1633.29,4337429.15,1781552.56
00:23:30.117,18/01/2026,10:24:23,17_T02,39.121946856,10.188831451,0.2,1634.11,92.96,775.656,1.4,38.53,13.45,1633.29,4337429.24,1781552.55
00:23:31.127,18/01/2026,10:24:24,17_T02,39.121946907,10.188832674,0.2,1633.97,93.04,775.754,1.4,38.53,13.45,1632.99,4337429.35,1781552.55
00:23:32.127,18/01/2026,10:24:25,17_T02,39.121946873,10.188833623,0.2,1633.84,93.07,775.833,3.3,38.53,13.45,1632.99,4337429.43,1781552.55
00:23:33.119,18/01/2026,10:24:26,17_T02,39.121946844,10.188834474,0.2,1633.68,92.87,775.904,3.4,38.54,13.45,1632.71,4337429.50,1781552.55
00:23:34.128,18/01/2026,10:24:27,17_T02,39.121947118,10.188835222,0.2,1633.51,92.07,775.955,3.6,38.54,13.45,1632.71,4337429.57,1781552.58
00:23:35.122,18/01/2026,10:24:28,17_T02,39.121947102,10.188835994,0.2,1633.33,91.74,776.018,3.8,38.53,13.44,1632.33,4337429.64,1781552.58
00:23:36.120,18/01/2026,10:24:29,17_T02,39.121947049,10.188836869,0.2,1633.19,91.76,776.092,3.9,38.53,13.44,1632.33,4337429.71,1781552.57
00:23:37.117,18/01/2026,10:24:30,17_T02,39.121946787,10.188837886,0.1,1633.11,92.19,776.185,4.0,38.54,13.45,1632.06,4337429.80,1781552.54
00:23:38.127,18/01/2026,10:24:31,17_T02,39.121945337,10.188838595,0.1,1633.08,92.59,776.297,4.0,38.54,13.45,1632.06,4337429.86,1781552.38
00:23:39.119,18/01/2026,10:24:32,17_T02,39.121943966,10.188839256,0.2,1633.05,92.83,776.402,4.1,38.53,13.45,1632.01,4337429.92,1781552.23
00:23:40.122,18/01/2026,10:24:33,17_T02,39.121943805,10.188839985,0.2,1632.98,93.00,776.468,4.0,38.53,13.45,1632.01,4337429.98,1781552.21
00:23:41.120,18/01/2026,10:24:34,17_T02,39.121943939,10.188840662,0.2,1632.89,92.76,776.518,4.1,38.53,13.45,1631.86,4337430.04,1781552.23
00:23:42.116,18/01/2026,10:24:35,17_T02,39.121944115,10.188841560,0.2,1632.77,92.29,776.585,4.2,38.53,13.45,1631.86,4337430.12,1781552.25
00:23:43.124,18/01/2026,10:24:36,17_T02,39.121944202,10.188842719,0.2,1632.68,92.12,776.677,4.4,38.53,13.45,1631.86,4337430.22,1781552.26
00:23:44.120,18/01/2026,10:24:37,17_T02,39.121944204,10.188844020,0.2,1632.65,92.12,776.784,4.5,38.54,13.45,1631.63,4337430.34,1781552.26
00:23:45.127,18/01/2026,10:24:38,17_T02,39.121944084,10.188845190,0.2,1632.63,92.20,776.884,4.4,38.54,13.45,1631.63,4337430.44,1781552.24
00:23:46.117,18/01/2026,10:24:39,17_T02,39.121943810,10.188845983,0.2,1632.61,92.22,776.959,4.2,38.54,13.45,1631.58,4337430.51,1781552.21
00:23:47.126,18/01/2026,10:24:40,17_T02,39.121943495,10.188846336,0.2,1632.55,92.10,777.000,4.3,38.54,13.45,1631.58,4337430.54,1781552.18
00:23:48.120,18/01/2026,10:24:41,17_T02,39.121944633,10.188846196,0.2,1632.44,91.95,776.946,4.4,38.53,13.46,1631.51,4337430.52,1781552.31
00:23:49.117,18/01/2026,10:24:42,17_T02,39.121946009,10.188846938,0.2,1632.34,91.43,776.955,4.7,38.53,13.46,1631.51,4337430.59,1781552.46
00:23:50.127,18/01/2026,10:24:43,17_T02,39.121946117,10.188848296,0.2,1632.29,91.29,777.063,4.7,38.54,13.45,1631.29,4337430.71,1781552.47
00:23:51.120,18/01/2026,10:24:44,17_T02,39.121945722,10.188849588,0.2,1632.29,91.89,777.183,4.5,38.54,13.45,1631.29,4337430.82,1781552.43
00:23:52.115,18/01/2026,10:24:45,17_T02,39.121945226,10.188850852,0.2,1632.27,92.32,777.305,4.5,38.54,13.45,1631.21,4337430.93,1781552.37
00:23:53.124,18/01/2026,10:24:46,17_T02,39.121945246,10.188851954,0.2,1632.20,91.91,777.395,4.6,38.54,13.45,1631.21,4337431.03,1781552.37
00:23:54.121,18/01/2026,10:24:47,17_T02,39.121945498,10.188853079,0.2,1632.10,91.27,777.477,4.7,38.53,13.45,1631.15,4337431.12,1781552.40
00:23:55.117,18/01/2026,10:24:48,17_T02,39.121945602,10.188854304,0.2,1631.99,91.15,777.574,4.8,38.53,13.45,1631.15,4337431.23,1781552.41
00:23:56.127,18/01/2026,10:24:49,17_T02,39.121945390,10.188855719,0.2,1631.91,91.53,777.698,4.8,38.54,13.45,1630.94,4337431.35,1781552.39
00:23:57.122,18/01/2026,10:24:50,17_T02,39.121945075,10.188857045,0.2,1631.85,92.06,777.818,4.7,38.54,13.45,1630.94,4337431.47,1781552.36
00:23:58.116,18/01/2026,10:24:51,17_T02,39.121944783,10.188858267,0.2,1631.77,92.47,777.929,4.8,38.54,13.45,1630.76,4337431.57,1781552.32
00:23:59.128,18/01/2026,10:24:52,17_T02,39.121945519,10.188858933,0.2,1631.67,92.68,777.956,4.8,38.54,13.45,1630.76,4337431.63,1781552.41
00:24:00.127,18/01/2026,10:24:53,17_T02,39.121946285,10.188859709,0.2,1631.55,92.83,777.991,5.0,38.54,13.45,1630.59,4337431.70,1781552.49
00:24:01.124,18/01/2026,10:24:54,17_T02,39.121946218,10.188860932,0.2,1631.43,93.01,778.094,4.9,38.54,13.45,1630.59,4337431.81,1781552.48
00:24:02.118,18/01/2026,10:24:55,17_T02,39.121946024,10.188862280,0.2,1631.33,93.27,778.211,5.1,38.54,13.46,1630.35,4337431.92,1781552.46
00:24:03.126,18/01/2026,10:24:56,17_T02,39.121945838,10.188863712,0.2,1631.23,93.41,778.336,5.1,38.54,13.46,1630.35,4337432.05,1781552.44
00:24:04.120,18/01/2026,10:24:57,17_T02,39.121945838,10.188864995,0.2,1631.13,93.27,778.441,5.2,38.53,13.45,1630.16,4337432.16,1781552.44
00:24:05.117,18/01/2026,10:24:58,17_T02,39.121945820,10.188866362,0.2,1631.01,93.14,778.553,5.2,38.53,13.45,1630.16,4337432.28,1781552.44
00:24:06.116,18/01/2026,10:24:59,17_T02,39.121945867,10.188867700,0.2,1630.91,92.97,778.661,5.3,38.54,13.46,1629.93,4337432.39,1781552.45
00:24:07.115,18/01/2026,10:25:00,17_T02,39.121945864,10.188869233,0.2,1630.83,92.92,778.787,5.5,38.54,13.46,1629.93,4337432.53,1781552.45
00:24:08.127,18/01/2026,10:25:01,17_T02,39.121945734,10.188870728,0.2,1630.77,93.06,778.914,5.3,38.53,13.46,1629.74,4337432.66,1781552.43
00:24:09.122,18/01/2026,10:25:02,17_T02,39.121945659,10.188869251,0.2,1630.72,93.22,778.796,5.2,38.53,13.46,1629.74,4337432.53,1781552.42
00:24:10.123,18/01/2026,10:25:03,17_T02,39.121945673,10.188867886,0.2,1630.66,93.13,778.684,5.2,38.53,13.47,1629.65,4337432.41,1781552.42
00:24:11.118,18/01/2026,10:25:04,17_T02,39.121945716,10.188869164,0.2,1630.58,92.77,778.787,5.2,38.53,13.47,1629.65,4337432.52,1781552.43
00:24:12.117,18/01/2026,10:25:05,17_T02,39.121946006,10.188870488,0.2,1630.48,92.13,778.884,5.4,38.53,13.47,1629.48,4337432.64,1781552.46
00:24:13.126,18/01/2026,10:25:06,17_T02,39.121946228,10.188871971,0.2,1630.41,91.72,778.998,5.5,38.53,13.47,1629.48,4337432.77,1781552.49
00:24:14.122,18/01/2026,10:25:07,17_T02,39.121946326,10.188873242,0.2,1630.37,91.78,779.098,5.4,38.53,13.47,1629.32,4337432.88,1781552.50
00:24:15.118,18/01/2026,10:25:08,17_T02,39.121946312,10.188874328,0.2,1630.33,92.04,779.187,5.2,38.53,13.47,1629.32,4337432.97,1781552.50
00:24:16.119,18/01/2026,10:25:09,17_T02,39.121946127,10.188875782,0.2,1630.28,92.35,779.313,5.0,38.54,13.46,1629.23,4337433.10,1781552.48
00:24:17.115,18/01/2026,10:25:10,17_T02,39.121945935,10.188877171,0.2,1630.20,92.61,779.434,5.0,38.54,13.46,1629.23,4337433.22,1781552.46
00:24:18.122,18/01/2026,10:25:11,17_T02,39.121945768,10.188878542,0.2,1630.12,92.89,779.553,5.1,38.54,13.46,1629.09,4337433.34,1781552.44
00:24:19.118,18/01/2026,10:25:12,17_T02,39.121945482,10.188880045,0.2,1630.05,93.29,779.687,5.2,38.54,13.46,1629.09,4337433.47,1781552.41
00:24:20.118,18/01/2026,10:25:13,17_T02,39.121946370,10.188882684,0.2,1629.98,93.61,779.870,4.8,38.54,13.46,1628.95,4337433.70,1781552.50
00:24:21.117,18/01/2026,10:25:14,17_T02,39.121947122,10.188884971,0.3,1629.91,93.72,780.029,4.8,38.54,13.46,1628.95,4337433.90,1781552.59
00:24:22.126,18/01/2026,10:25:15,17_T02,39.121947099,10.188886333,0.3,1629.84,93.58,780.141,4.7,38.54,13.46,1628.83,4337434.02,1781552.59
00:24:23.120,18/01/2026,10:25:16,17_T02,39.121947118,10.188887561,0.2,1629.75,93.39,780.241,4.8,38.54,13.46,1628.83,4337434.12,1781552.59
00:24:24.116,18/01/2026,10:25:17,17_T02,39.121947450,10.188889210,0.3,1629.65,92.81,780.364,4.8,38.54,13.46,1628.64,4337434.27,1781552.63
00:24:25.127,18/01/2026,10:25:18,17_T02,39.121947645,10.188891461,0.3,1629.57,92.58,780.541,4.8,38.54,13.46,1628.64,4337434.46,1781552.65
00:24:26.123,18/01/2026,10:25:19,17_T02,39.121947740,10.188894032,0.3,1629.49,92.50,780.748,4.8,38.54,13.46,1628.46,4337434.69,1781552.66
00:24:27.128,18/01/2026,10:25:20,17_T02,39.121947728,10.188895365,0.3,1629.40,92.37,780.858,4.8,38.54,13.46,1628.46,4337434.80,1781552.66
00:24:28.121,18/01/2026,10:25:21,17_T02,39.121947869,10.188896756,0.3,1629.29,92.18,780.966,4.8,38.54,13.46,1628.28,4337434.92,1781552.67
00:24:29.117,18/01/2026,10:25:22,17_T02,39.121947896,10.188898159,0.3,1629.16,92.22,781.080,4.8,38.54,13.46,1628.28,4337435.04,1781552.68
00:24:30.115,18/01/2026,10:25:23,17_T02,39.121947900,10.188899418,0.2,1629.05,92.21,781.183,4.9,38.53,13.45,1628.01,4337435.15,1781552.68
00:24:31.121,18/01/2026,10:25:24,17_T02,39.121947729,10.188900837,0.2,1628.95,92.42,781.306,5.0,38.53,13.45,1628.01,4337435.28,1781552.66
00:24:32.129,18/01/2026,10:25:25,17_T02,39.121947630,10.188902456,0.2,1628.88,92.59,781.442,5.0,38.53,13.45,1627.83,4337435.42,1781552.65
00:24:33.121,18/01/2026,10:25:26,17_T02,39.121947495,10.188903945,0.2,1628.84,92.83,781.569,4.9,38.53,13.45,1627.83,4337435.55,1781552.63
00:24:34.126,18/01/2026,10:25:27,17_T02,39.121947336,10.188905436,0.2,1628.80,93.08,781.697,4.8,38.54,13.45,1627.74,4337435.68,1781552.62
00:24:35.126,18/01/2026,10:25:28,17_T02,39.121946294,10.188906554,0.2,1628.77,93.20,781.827,4.7,38.54,13.45,1627.74,4337435.78,1781552.50
00:24:36.118,18/01/2026,10:25:29,17_T02,39.121945478,10.188907752,0.3,1628.72,93.01,781.956,4.6,38.54,13.44,1627.67,4337435.88,1781552.41
00:24:37.125,18/01/2026,10:25:30,17_T02,39.121945691,10.188909021,0.2,1628.64,92.37,782.052,4.7,38.54,13.44,1627.67,4337435.99,1781552.44
00:24:38.115,18/01/2026,10:25:31,17_T02,39.121945960,10.188910481,0.2,1628.57,91.84,782.161,4.9,38.54,13.44,1627.51,4337436.12,1781552.47
00:24:39.117,18/01/2026,10:25:32,17_T02,39.121945851,10.188912101,0.2,1628.52,92.01,782.298,4.8,38.54,13.44,1627.51,4337436.26,1781552.45
00:24:40.114,18/01/2026,10:25:33,17_T02,39.121945443,10.188913000,0.2,1628.51,92.24,782.387,4.7,38.54,13.44,1627.43,4337436.34,1781552.41
00:24:41.124,18/01/2026,10:25:34,17_T02,39.121945152,10.188913942,0.2,1628.51,92.25,782.475,4.5,38.54,13.44,1627.43,4337436.42,1781552.38
00:24:42.120,18/01/2026,10:25:35,17_T02,39.121945122,10.188915139,0.2,1628.48,92.07,782.574,4.6,38.54,13.44,1627.43,4337436.52,1781552.37
00:24:43.114,18/01/2026,10:25:36,17_T02,39.121945178,10.188916023,0.2,1628.42,91.79,782.644,4.7,38.54,13.44,1627.44,4337436.60,1781552.38
00:24:44.124,18/01/2026,10:25:37,17_T02,39.121945248,10.188917352,0.2,1628.33,91.55,782.751,4.8,38.54,13.44,1627.44,4337436.72,1781552.39
00:24:45.118,18/01/2026,10:25:38,17_T02,39.121945261,10.188918711,0.2,1628.27,91.46,782.862,4.9,38.54,13.45,1627.26,4337436.83,1781552.39
00:24:46.128,18/01/2026,10:25:39,17_T02,39.121945153,10.188920206,0.2,1628.26,91.54,782.988,4.9,38.54,13.45,1627.26,4337436.96,1781552.38
00:24:47.123,18/01/2026,10:25:40,17_T02,39.121944818,10.188921616,0.2,1628.26,92.03,783.116,4.5,38.54,13.45,1627.17,4337437.09,1781552.34
00:24:48.124,18/01/2026,10:25:41,17_T02,39.121944550,10.188923074,0.2,1628.24,92.25,783.245,4.5,38.54,13.45,1627.17,4337437.21,1781552.31
00:24:49.127,18/01/2026,10:25:42,17_T02,39.121944625,10.188924358,0.2,1628.19,92.07,783.348,4.5,38.54,13.44,1627.17,4337437.32,1781552.32
00:24:50.125,18/01/2026,10:25:43,17_T02,39.121944812,10.188925709,0.2,1628.13,91.81,783.451,4.6,38.54,13.44,1627.17,4337437.44,1781552.34
00:24:51.121,18/01/2026,10:25:44,17_T02,39.121944268,10.188927719,0.2,1628.08,92.02,783.636,4.6,38.54,13.45,1627.05,4337437.62,1781552.28
00:24:52.121,18/01/2026,10:25:45,17_T02,39.121943605,10.188929807,0.2,1628.06,92.35,783.832,4.6,38.54,13.45,1627.05,4337437.80,1781552.21
00:24:53.117,18/01/2026,10:25:46,17_T02,39.121942814,10.188931304,0.2,1628.06,93.59,783.984,4.3,38.54,13.45,1626.99,4337437.93,1781552.12
00:24:54.119,18/01/2026,10:25:47,17_T02,39.121942394,10.188932620,0.2,1628.04,94.30,784.107,4.2,38.54,13.45,1626.99,4337438.04,1781552.08
00:24:55.128,18/01/2026,10:25:48,17_T02,39.121942196,10.188933823,0.2,1628.01,94.46,784.213,2.9,38.54,13.45,1626.97,4337438.15,1781552.06
00:24:56.123,18/01/2026,10:25:49,17_T02,39.121941819,10.188936340,0.3,1627.96,94.44,784.433,2.5,38.54,13.45,1626.97,4337438.37,1781552.01
00:24:57.119,18/01/2026,10:25:50,17_T02,39.121941723,10.188938993,0.2,1627.90,94.03,784.654,2.5,38.54,13.45,1626.89,4337438.60,1781552.00
00:24:58.115,18/01/2026,10:25:51,17_T02,39.121941995,10.188940487,0.2,1627.88,93.51,784.767,2.5,38.54,13.45,1626.89,4337438.73,1781552.03
00:24:59.126,18/01/2026,10:25:52,17_T02,39.121942141,10.188942017,0.2,1627.86,93.20,784.886,2.5,38.54,13.45,1626.81,4337438.86,1781552.05
00:25:00.115,18/01/2026,10:25:53,17_T02,39.121942079,10.188943430,0.3,1627.85,93.13,785.004,2.7,38.54,13.45,1626.81,4337438.98,1781552.04
00:25:01.124,18/01/2026,10:25:54,17_T02,39.121941095,10.188943762,0.3,1627.82,93.25,785.068,2.4,38.54,13.45,1626.78,4337439.01,1781551.94
00:25:02.122,18/01/2026,10:25:55,17_T02,39.121939629,10.188944150,0.3,1627.78,93.15,785.155,2.4,38.54,13.45,1626.78,4337439.05,1781551.77
00:25:03.130,18/01/2026,10:25:56,17_T02,39.121939675,10.188945524,0.2,1627.72,93.13,785.265,2.4,38.54,13.45,1626.70,4337439.17,1781551.78
00:25:04.125,18/01/2026,10:25:57,17_T02,39.121939365,10.188946938,0.2,1627.67,93.77,785.393,2.4,38.54,13.45,1626.70,4337439.29,1781551.75
00:25:05.120,18/01/2026,10:25:58,17_T02,39.121938863,10.188948465,0.2,1627.65,94.56,785.536,2.3,38.54,13.45,1626.61,4337439.42,1781551.69
00:25:06.137,18/01/2026,10:25:59,17_T02,39.121938477,10.188949934,0.2,1627.64,94.98,785.671,2.3,38.54,13.45,1626.61,4337439.55,1781551.65
00:25:07.126,18/01/2026,10:26:00,17_T02,39.121938314,10.188951325,0.2,1627.61,94.99,785.791,2.3,38.54,13.45,1626.55,4337439.67,1781551.63
00:25:08.120,18/01/2026,10:26:01,17_T02,39.121938097,10.188952731,0.2,1627.56,95.02,785.914,2.3,38.54,13.45,1626.55,4337439.80,1781551.61
00:25:09.129,18/01/2026,10:26:02,17_T02,39.121937986,10.188954357,0.3,1627.51,94.76,786.052,2.3,38.54,13.45,1626.49,4337439.94,1781551.60
00:25:10.120,18/01/2026,10:26:03,17_T02,39.121938065,10.188956046,0.3,1627.48,94.21,786.187,2.3,38.54,13.45,1626.49,4337440.08,1781551.60
00:25:11.124,18/01/2026,10:26:04,17_T02,39.121937885,10.188958644,0.3,1627.47,93.86,786.407,2.2,38.54,13.45,1626.41,4337440.31,1781551.59
00:25:12.128,18/01/2026,10:26:05,17_T02,39.121937336,10.188961134,0.3,1627.45,93.92,786.631,2.2,38.54,13.45,1626.41,4337440.53,1781551.52
00:25:13.126,18/01/2026,10:26:06,17_T02,39.121936825,10.188962427,0.3,1627.42,94.02,786.756,2.1,38.54,13.44,1626.39,4337440.64,1781551.47
00:25:14.140,18/01/2026,10:26:07,17_T02,39.121936514,10.188963814,0.3,1627.38,94.04,786.881,2.2,38.54,13.44,1626.39,4337440.76,1781551.43
00:25:15.122,18/01/2026,10:26:08,17_T02,39.121936262,10.188965303,0.3,1627.35,94.16,787.012,2.2,38.54,13.44,1626.31,4337440.89,1781551.41
00:25:16.121,18/01/2026,10:26:09,17_T02,39.121935299,10.188965601,0.2,1627.34,94.54,787.073,2.1,38.54,13.44,1626.31,4337440.92,1781551.30
00:25:17.118,18/01/2026,10:26:10,17_T02,39.121934283,10.188965902,0.2,1627.34,94.94,787.135,2.1,38.54,13.44,1626.29,4337440.94,1781551.19
00:25:18.126,18/01/2026,10:26:11,17_T02,39.121933698,10.188967012,0.2,1627.31,95.29,787.248,2.2,38.54,13.44,1626.29,4337441.04,1781551.12
00:25:19.120,18/01/2026,10:26:12,17_T02,39.121933301,10.188968435,0.2,1627.27,95.31,787.379,2.3,38.54,13.44,1626.22,4337441.16,1781551.08
00:25:20.128,18/01/2026,10:26:13,17_T02,39.121932371,10.188969761,0.2,1627.23,96.13,787.522,2.3,38.54,13.44,1626.22,4337441.28,1781550.98
00:25:21.126,18/01/2026,10:26:14,17_T02,39.121931409,10.188971139,0.2,1627.22,96.77,787.671,2.3,38.54,13.44,1626.16,4337441.40,1781550.87
00:25:22.121,18/01/2026,10:26:15,17_T02,39.121930925,10.188972357,0.2,1627.21,96.20,787.789,2.5,38.54,13.44,1626.16,4337441.50,1781550.82
00:25:23.121,18/01/2026,10:26:16,17_T02,39.121931035,10.188973802,0.3,1627.20,94.69,787.903,2.5,38.54,13.45,1626.13,4337441.63,1781550.83
00:25:24.120,18/01/2026,10:26:17,17_T02,39.121931475,10.188975257,0.3,1627.17,93.42,788.006,2.6,38.54,13.45,1626.13,4337441.76,1781550.88
00:25:25.119,18/01/2026,10:26:18,17_T02,39.121931891,10.188976722,0.3,1627.16,92.30,788.110,2.6,38.54,13.45,1626.09,4337441.88,1781550.93
00:25:26.121,18/01/2026,10:26:19,17_T02,39.121932213,10.188978084,0.3,1627.16,91.28,788.210,2.6,38.54,13.45,1626.09,4337442.00,1781550.96
00:25:27.116,18/01/2026,10:26:20,17_T02,39.121931006,10.188979032,0.3,1627.13,90.59,788.332,2.7,38.54,13.45,1626.09,4337442.09,1781550.83
00:25:28.115,18/01/2026,10:26:21,17_T02,39.121930040,10.188979912,0.2,1627.09,90.09,788.440,2.8,38.54,13.45,1626.09,4337442.16,1781550.72
00:25:29.129,18/01/2026,10:26:22,17_T02,39.121929671,10.188981318,0.2,1627.05,90.82,788.569,2.9,38.54,13.45,1625.99,4337442.28,1781550.68
00:25:30.122,18/01/2026,10:26:23,17_T02,39.121928828,10.188982878,0.2,1627.03,92.59,788.728,2.8,38.54,13.45,1625.99,4337442.42,1781550.59
00:25:31.117,18/01/2026,10:26:24,17_T02,39.121928133,10.188984409,0.3,1627.01,93.64,788.880,2.4,38.54,13.45,1625.95,4337442.55,1781550.51
00:25:32.116,18/01/2026,10:26:25,17_T02,39.121927978,10.188985696,0.3,1626.99,93.56,788.991,2.9,38.54,13.45,1625.95,4337442.67,1781550.50
00:25:33.125,18/01/2026,10:26:26,17_T02,39.121928227,10.188987150,0.2,1626.96,92.74,789.101,3.0,38.54,13.46,1625.92,4337442.79,1781550.53
00:25:34.123,18/01/2026,10:26:27,17_T02,39.121928776,10.188988602,0.2,1626.91,91.56,789.199,3.0,38.54,13.46,1625.92,4337442.92,1781550.59
00:25:35.118,18/01/2026,10:26:28,17_T02,39.121929364,10.188990246,0.2,1626.87,90.41,789.312,3.0,38.54,13.46,1625.82,4337443.06,1781550.65
00:25:36.117,18/01/2026,10:26:29,17_T02,39.121929594,10.188991799,0.2,1626.85,89.81,789.431,3.0,38.54,13.46,1625.82,4337443.20,1781550.68
00:25:37.127,18/01/2026,10:26:30,17_T02,39.121931076,10.188994523,0.3,1626.85,89.53,789.598,3.1,38.54,13.45,1625.78,4337443.43,1781550.84
00:25:38.123,18/01/2026,10:26:31,17_T02,39.121932296,10.188996827,0.3,1626.84,89.45,789.742,3.1,38.54,13.45,1625.78,4337443.63,1781550.98
00:25:39.121,18/01/2026,10:26:32,17_T02,39.121931996,10.188998131,0.3,1626.81,90.08,789.860,3.1,38.54,13.45,1625.78,4337443.75,1781550.94
00:25:40.119,18/01/2026,10:26:33,17_T02,39.121931396,10.188999506,0.2,1626.77,91.15,789.995,3.1,38.54,13.45,1625.76,4337443.87,1781550.88
00:25:41.116,18/01/2026,10:26:34,17_T02,39.121931072,10.189000616,0.2,1626.72,91.84,790.098,3.1,38.54,13.45,1625.76,4337443.96,1781550.84
00:25:42.128,18/01/2026,10:26:35,17_T02,39.121930565,10.189001974,0.2,1626.69,92.37,790.228,3.1,38.54,13.46,1625.67,4337444.08,1781550.79
00:25:43.122,18/01/2026,10:26:36,17_T02,39.121930308,10.189003077,0.2,1626.69,92.60,790.328,3.1,38.54,13.46,1625.67,4337444.18,1781550.76
00:25:44.117,18/01/2026,10:26:37,17_T02,39.121929976,10.189004622,0.2,1626.68,93.12,790.467,3.1,38.54,13.46,1625.63,4337444.31,1781550.72
00:25:45.127,18/01/2026,10:26:38,17_T02,39.121929181,10.189005934,0.2,1626.66,94.35,790.604,3.1,38.54,13.46,1625.63,4337444.43,1781550.63
00:25:46.120,18/01/2026,10:26:39,17_T02,39.121928374,10.189007326,0.2,1626.63,95.68,790.748,3.1,38.54,13.46,1625.61,4337444.55,1781550.55
00:25:47.123,18/01/2026,10:26:40,17_T02,39.121927594,10.189008608,0.2,1626.58,97.20,790.882,3.1,38.54,13.46,1625.61,4337444.66,1781550.46
00:25:48.130,18/01/2026,10:26:41,17_T02,39.121925762,10.189009404,0.3,1626.53,98.64,791.015,3.1,38.54,13.46,1625.52,4337444.73,1781550.26
00:25:49.124,18/01/2026,10:26:42,17_T02,39.121924089,10.189010147,0.2,1626.49,99.70,791.138,3.1,38.54,13.46,1625.52,4337444.79,1781550.07
00:25:50.116,18/01/2026,10:26:43,17_T02,39.121923388,10.189011401,0.2,1626.44,100.35,791.267,3.1,38.54,13.46,1625.45,4337444.90,1781550.00
00:25:51.127,18/01/2026,10:26:44,17_T02,39.121922994,10.189012625,0.2,1626.38,100.58,791.382,3.2,38.54,13.46,1625.45,4337445.01,1781549.95
00:25:52.118,18/01/2026,10:26:45,17_T02,39.121923203,10.189014152,0.2,1626.32,99.89,791.499,3.3,38.53,13.46,1625.33,4337445.14,1781549.98
00:25:53.122,18/01/2026,10:26:46,17_T02,39.121922754,10.189014994,0.2,1626.27,99.02,791.585,3.3,38.53,13.46,1625.33,4337445.22,1781549.93
00:25:54.116,18/01/2026,10:26:47,17_T02,39.121922348,10.189015803,0.2,1626.22,98.01,791.666,3.3,38.53,13.46,1625.22,4337445.29,1781549.88
00:25:55.126,18/01/2026,10:26:48,17_T02,39.121922619,10.189017231,0.2,1626.16,96.93,791.773,3.5,38.53,13.46,1625.22,4337445.41,1781549.91
00:25:56.124,18/01/2026,10:26:49,17_T02,39.121923005,10.189018607,0.2,1626.10,95.98,791.871,3.6,38.54,13.45,1625.10,4337445.53,1781549.96
00:25:57.121,18/01/2026,10:26:50,17_T02,39.121922950,10.189019550,0.2,1626.04,95.86,791.951,3.6,38.54,13.45,1625.10,4337445.61,1781549.95
00:25:58.123,18/01/2026,10:26:51,17_T02,39.121922879,10.189020218,0.2,1625.98,95.61,792.008,3.6,38.54,13.44,1624.98,4337445.67,1781549.94
00:25:59.122,18/01/2026,10:26:52,17_T02,39.121922352,10.189020971,0.2,1625.93,95.99,792.089,3.6,38.54,13.44,1624.98,4337445.74,1781549.88
00:26:00.117,18/01/2026,10:26:53,17_T02,39.121922093,10.189022440,0.2,1625.91,96.27,792.219,3.6,38.54,13.44,1624.87,4337445.86,1781549.86
00:26:01.130,18/01/2026,10:26:54,17_T02,39.121921918,10.189023751,0.2,1625.89,96.68,792.333,3.6,38.54,13.44,1624.87,4337445.98,1781549.84
00:26:02.116,18/01/2026,10:26:55,17_T02,39.121921343,10.189024957,0.2,1625.86,97.59,792.453,3.5,38.54,13.45,1624.82,4337446.08,1781549.77
00:26:03.115,18/01/2026,10:26:56,17_T02,39.121922333,10.189027011,0.2,1625.82,98.11,792.585,3.5,38.54,13.45,1624.82,4337446.26,1781549.88
00:26:04.117,18/01/2026,10:26:57,17_T02,39.121923430,10.189029048,0.2,1625.77,98.20,792.711,3.6,38.54,13.45,1624.74,4337446.44,1781550.01
00:26:05.115,18/01/2026,10:26:58,17_T02,39.121923422,10.189030413,0.2,1625.74,97.98,792.823,3.6,38.54,13.45,1624.74,4337446.56,1781550.00
00:26:06.115,18/01/2026,10:26:59,17_T02,39.121923443,10.189031781,0.2,1625.71,97.88,792.934,3.5,38.54,13.45,1624.67,4337446.68,1781550.01
00:26:07.125,18/01/2026,10:27:00,17_T02,39.121923365,10.189033129,0.2,1625.69,97.77,793.047,3.4,38.54,13.45,1624.67,4337446.79,1781550.00
00:26:08.129,18/01/2026,10:27:01,17_T02,39.121923678,10.189034251,0.2,1625.67,97.36,793.128,3.4,38.54,13.46,1624.63,4337446.89,1781550.03
00:26:09.128,18/01/2026,10:27:02,17_T02,39.121924157,10.189035397,0.2,1625.64,96.78,793.204,3.4,38.54,13.46,1624.63,4337446.99,1781550.09
00:26:10.129,18/01/2026,10:27:03,17_T02,39.121924342,10.189036748,0.2,1625.60,96.44,793.307,3.4,38.54,13.45,1624.57,4337447.11,1781550.11
00:26:11.121,18/01/2026,10:27:04,17_T02,39.121924383,10.189037992,0.2,1625.57,96.37,793.408,3.3,38.54,13.45,1624.57,4337447.22,1781550.11
00:26:12.117,18/01/2026,10:27:05,17_T02,39.121924159,10.189039145,0.2,1625.53,96.48,793.510,3.3,38.53,13.45,1624.51,4337447.32,1781550.09
00:26:13.125,18/01/2026,10:27:06,17_T02,39.121925345,10.189041309,0.2,1625.50,96.62,793.644,3.3,38.53,13.45,1624.51,4337447.50,1781550.22
00:26:14.125,18/01/2026,10:27:07,17_T02,39.121926447,10.189043379,0.2,1625.47,96.86,793.772,3.3,38.54,13.45,1624.43,4337447.68,1781550.34
00:26:15.127,18/01/2026,10:27:08,17_T02,39.121926193,10.189044697,0.2,1625.42,97.33,793.889,3.3,38.54,13.45,1624.43,4337447.80,1781550.31
00:26:16.124,18/01/2026,10:27:09,17_T02,39.121925670,10.189045827,0.2,1625.37,98.15,794.002,3.2,38.54,13.45,1624.36,4337447.90,1781550.26
00:26:17.122,18/01/2026,10:27:10,17_T02,39.121925076,10.189047024,0.2,1625.32,98.75,794.122,3.2,38.54,13.45,1624.36,4337448.00,1781550.19
00:26:18.116,18/01/2026,10:27:11,17_T02,39.121925045,10.189048245,0.2,1625.27,98.47,794.223,3.3,38.54,13.45,1624.24,4337448.11,1781550.19
00:26:19.127,18/01/2026,10:27:12,17_T02,39.121924370,10.189048561,0.2,1625.22,97.75,794.274,3.3,38.54,13.45,1624.24,4337448.14,1781550.11
00:26:20.122,18/01/2026,10:27:13,17_T02,39.121923397,10.189049053,0.2,1625.16,97.61,794.350,3.2,38.54,13.46,1624.13,4337448.18,1781550.01
00:26:21.118,18/01/2026,10:27:14,17_T02,39.121923250,10.189049953,0.2,1625.10,97.52,794.429,3.2,38.54,13.46,1624.13,4337448.26,1781549.99
00:26:22.127,18/01/2026,10:27:15,17_T02,39.121923273,10.189051564,0.2,1625.04,97.03,794.561,3.2,38.54,13.45,1624.02,4337448.40,1781549.99
00:26:23.121,18/01/2026,10:27:16,17_T02,39.121923416,10.189052856,0.2,1624.98,96.64,794.661,3.2,38.54,13.45,1624.02,4337448.51,1781550.01
00:26:24.116,18/01/2026,10:27:17,17_T02,39.121923341,10.189054262,0.2,1624.91,96.74,794.779,3.2,38.54,13.45,1623.88,4337448.63,1781550.00
00:26:25.130,18/01/2026,10:27:18,17_T02,39.121922930,10.189055539,0.2,1624.86,97.29,794.899,3.1,38.54,13.45,1623.88,4337448.74,1781549.96
00:26:26.122,18/01/2026,10:27:19,17_T02,39.121922407,10.189056820,0.2,1624.83,97.84,795.023,3.0,38.54,13.44,1623.79,4337448.86,1781549.90
00:26:27.128,18/01/2026,10:27:20,17_T02,39.121922018,10.189058145,0.2,1624.79,98.19,795.146,3.0,38.54,13.44,1623.79,4337448.97,1781549.86
00:26:28.120,18/01/2026,10:27:21,17_T02,39.121922021,10.189059479,0.2,1624.75,98.07,795.255,2.9,38.54,13.45,1623.70,4337449.09,1781549.86
00:26:29.129,18/01/2026,10:27:22,17_T02,39.121921479,10.189060560,0.2,1624.69,97.99,795.364,2.8,38.54,13.45,1623.70,4337449.18,1781549.80
00:26:30.122,18/01/2026,10:27:23,17_T02,39.121920921,10.189061623,0.2,1624.63,97.92,795.472,2.8,38.54,13.45,1623.60,4337449.27,1781549.74
00:26:31.124,18/01/2026,10:27:24,17_T02,39.121920898,10.189063084,0.2,1624.58,97.63,795.592,2.8,38.54,13.45,1623.60,4337449.40,1781549.73
00:26:32.116,18/01/2026,10:27:25,17_T02,39.121921011,10.189064381,0.2,1624.54,97.14,795.694,2.0,38.54,13.45,1623.51,4337449.51,1781549.75
00:26:33.123,18/01/2026,10:27:26,17_T02,39.121921098,10.189065693,0.2,1624.51,96.79,795.799,2.0,38.54,13.45,1623.51,4337449.63,1781549.76
00:26:34.119,18/01/2026,10:27:27,17_T02,39.121921836,10.189068336,0.2,1624.46,96.66,795.988,2.0,38.54,13.45,1623.45,4337449.86,1781549.84
00:26:35.114,18/01/2026,10:27:28,17_T02,39.121922581,10.189070903,0.2,1624.37,96.33,796.170,2.0,38.54,13.45,1623.45,4337450.08,1781549.92
00:26:36.128,18/01/2026,10:27:29,17_T02,39.121922711,10.189072202,0.2,1624.28,96.00,796.272,2.1,38.54,13.45,1623.23,4337450.19,1781549.94
00:26:37.118,18/01/2026,10:27:30,17_T02,39.121922636,10.189073489,0.2,1624.22,96.21,796.380,2.1,38.54,13.45,1623.23,4337450.31,1781549.93
00:26:38.126,18/01/2026,10:27:31,17_T02,39.121922152,10.189074828,0.2,1624.20,96.86,796.508,2.1,38.54,13.45,1623.23,4337450.42,1781549.87
00:26:39.122,18/01/2026,10:27:32,17_T02,39.121922969,10.189075692,0.2,1624.19,97.38,796.548,2.0,38.54,13.45,1623.15,4337450.50,1781549.96
00:26:40.114,18/01/2026,10:27:33,17_T02,39.121923784,10.189076649,0.2,1624.16,97.46,796.596,1.7,38.54,13.45,1623.15,4337450.58,1781550.05
00:26:41.124,18/01/2026,10:27:34,17_T02,39.121923882,10.189077565,0.2,1624.09,97.24,796.667,1.7,38.53,13.45,1623.11,4337450.66,1781550.07
00:26:42.122,18/01/2026,10:27:35,17_T02,39.121924067,10.189078448,0.2,1624.02,97.09,796.733,1.8,38.53,13.45,1623.11,4337450.74,1781550.09
00:26:43.115,18/01/2026,10:27:36,17_T02,39.121923686,10.189079586,0.2,1623.97,97.59,796.840,1.8,38.54,13.45,1622.99,4337450.84,1781550.04
00:26:44.128,18/01/2026,10:27:37,17_T02,39.121923330,10.189080731,0.2,1623.95,97.87,796.947,1.8,38.54,13.45,1622.99,4337450.94,1781550.01
00:26:45.126,18/01/2026,10:27:38,17_T02,39.121923876,10.189083590,0.2,1623.94,97.65,797.161,1.7,38.54,13.45,1622.90,4337451.18,1781550.07
00:26:46.127,18/01/2026,10:27:39,17_T02,39.121924431,10.189086102,0.2,1623.92,97.47,797.346,1.6,38.54,13.45,1622.90,4337451.40,1781550.13
00:26:47.125,18/01/2026,10:27:40,17_T02,39.121924238,10.189087095,0.2,1623.88,97.71,797.435,1.6,38.54,13.45,1622.88,4337451.49,1781550.11
00:26:48.122,18/01/2026,10:27:41,17_T02,39.121923954,10.189088117,0.2,1623.81,97.86,797.529,1.7,38.54,13.45,1622.88,4337451.58,1781550.08
00:26:49.124,18/01/2026,10:27:42,17_T02,39.121923920,10.189089136,0.2,1623.76,97.58,797.614,1.7,38.54,13.46,1622.76,4337451.67,1781550.07
00:26:50.124,18/01/2026,10:27:43,17_T02,39.121924067,10.189090411,0.2,1623.73,97.19,797.713,1.7,38.54,13.46,1622.76,4337451.78,1781550.09
00:26:51.124,18/01/2026,10:27:44,17_T02,39.121924060,10.189091663,0.2,1623.72,97.19,797.815,1.7,38.54,13.46,1622.68,4337451.89,1781550.09
00:26:52.121,18/01/2026,10:27:45,17_T02,39.121923791,10.189092694,0.2,1623.70,97.50,797.910,1.6,38.54,13.46,1622.68,4337451.98,1781550.06
00:26:53.121,18/01/2026,10:27:46,17_T02,39.121923525,10.189093745,0.2,1623.68,97.56,798.006,1.6,38.53,13.46,1622.67,4337452.07,1781550.03
00:26:54.118,18/01/2026,10:27:47,17_T02,39.121923523,10.189094794,0.2,1623.63,97.29,798.092,1.6,38.53,13.46,1622.67,4337452.16,1781550.03
00:26:55.127,18/01/2026,10:27:48,17_T02,39.121923196,10.189096047,0.2,1623.58,97.68,798.207,1.7,38.54,13.46,1622.56,4337452.27,1781549.99
00:26:56.119,18/01/2026,10:27:49,17_T02,39.121921618,10.189097180,0.2,1623.54,100.18,798.358,1.6,38.54,13.46,1622.56,4337452.37,1781549.82
00:26:57.117,18/01/2026,10:27:50,17_T02,39.121920139,10.189097939,0.2,1623.53,102.67,798.475,1.6,38.54,13.46,1622.48,4337452.43,1781549.66
00:26:58.116,18/01/2026,10:27:51,17_T02,39.121919626,10.189099033,0.2,1623.52,103.22,798.584,1.6,38.54,13.46,1622.48,4337452.53,1781549.60
00:26:59.115,18/01/2026,10:27:52,17_T02,39.121919746,10.189100184,0.2,1623.52,102.63,798.674,1.7,38.54,13.47,1622.45,4337452.63,1781549.61
00:27:00.128,18/01/2026,10:27:53,17_T02,39.121919571,10.189101832,0.2,1623.48,101.72,798.815,1.6,38.54,13.47,1622.45,4337452.77,1781549.59
00:27:01.121,18/01/2026,10:27:54,17_T02,39.121919520,10.189103259,0.2,1623.43,100.53,798.934,1.7,38.54,13.46,1622.43,4337452.90,1781549.59
00:27:02.118,18/01/2026,10:27:55,17_T02,39.121920157,10.189104829,0.2,1623.37,99.16,799.039,1.8,38.54,13.46,1622.43,4337453.03,1781549.66
00:27:03.117,18/01/2026,10:27:56,17_T02,39.121920569,10.189106209,0.2,1623.34,98.19,799.137,1.8,38.53,13.46,1622.29,4337453.15,1781549.71
00:27:04.117,18/01/2026,10:27:57,17_T02,39.121920620,10.189107557,0.2,1623.33,97.80,799.245,1.8,38.53,13.46,1622.29,4337453.27,1781549.71
00:27:05.128,18/01/2026,10:27:58,17_T02,39.121920629,10.189109568,0.2,1623.34,97.87,799.409,1.7,38.54,13.44,1622.27,4337453.44,1781549.71
00:27:06.123,18/01/2026,10:27:59,17_T02,39.121920427,10.189111281,0.2,1623.33,98.23,799.557,1.6,38.54,13.44,1622.27,4337453.59,1781549.69
00:27:07.116,18/01/2026,10:28:00,17_T02,39.121920113,10.189112110,0.2,1623.27,98.47,799.637,1.5,38.54,13.45,1622.26,4337453.67,1781549.66
00:27:08.117,18/01/2026,10:28:01,17_T02,39.121919860,10.189113025,0.2,1623.18,98.95,799.721,1.8,38.54,13.45,1622.26,4337453.75,1781549.63
00:27:09.115,18/01/2026,10:28:02,17_T02,39.121919391,10.189114168,0.2,1623.14,99.95,799.832,1.8,38.54,13.45,1622.10,4337453.85,1781549.58
00:27:10.114,18/01/2026,10:28:03,17_T02,39.121917662,10.189115463,0.2,1623.13,101.11,800.003,1.7,38.54,13.45,1622.10,4337453.96,1781549.39
00:27:11.126,18/01/2026,10:28:04,17_T02,39.121916269,10.189116612,0.2,1623.17,101.49,800.149,1.6,38.54,13.45,1622.08,4337454.06,1781549.23
00:27:12.126,18/01/2026,10:28:05,17_T02,39.121916190,10.189117434,0.2,1623.19,100.97,800.219,1.5,38.54,13.45,1622.08,4337454.13,1781549.23
00:27:13.120,18/01/2026,10:28:06,17_T02,39.121916373,10.189118199,0.2,1623.14,99.95,800.275,1.5,38.53,13.45,1622.14,4337454.20,1781549.25
00:27:14.115,18/01/2026,10:28:07,17_T02,39.121916897,10.189119193,0.2,1623.04,98.64,800.337,1.6,38.53,13.45,1622.14,4337454.28,1781549.30
00:27:15.114,18/01/2026,10:28:08,17_T02,39.121917273,10.189120369,0.2,1622.97,97.85,800.419,1.8,38.54,13.45,1621.95,4337454.39,1781549.35
00:27:16.122,18/01/2026,10:28:09,17_T02,39.121918406,10.189122807,0.2,1622.94,98.03,800.577,1.8,38.54,13.45,1621.95,4337454.60,1781549.47
00:27:17.116,18/01/2026,10:28:10,17_T02,39.121919055,10.189125100,0.2,1622.96,98.71,800.740,1.6,38.54,13.45,1621.89,4337454.80,1781549.54
00:27:18.128,18/01/2026,10:28:11,17_T02,39.121918605,10.189126104,0.2,1622.98,99.28,800.839,1.6,38.54,13.45,1621.89,4337454.88,1781549.49
00:27:19.123,18/01/2026,10:28:12,17_T02,39.121918390,10.189126828,0.2,1622.96,99.55,800.906,1.5,38.53,13.45,1621.93,4337454.95,1781549.47
00:27:20.121,18/01/2026,10:28:13,17_T02,39.121918348,10.189127279,0.2,1622.89,99.61,800.945,1.5,38.53,13.45,1621.93,4337454.99,1781549.47
00:27:21.127,18/01/2026,10:28:14,17_T02,39.121918012,10.189126065,0.2,1622.81,99.62,800.858,1.6,38.54,13.45,1621.79,4337454.88,1781549.43
00:27:22.119,18/01/2026,10:28:15,17_T02,39.121917634,10.189125494,0.2,1622.77,99.71,800.825,1.7,38.54,13.45,1621.79,4337454.83,1781549.39
00:27:23.126,18/01/2026,10:28:16,17_T02,39.121917391,10.189126743,0.2,1622.79,99.98,800.937,1.6,38.54,13.45,1621.70,4337454.94,1781549.36
00:27:24.125,18/01/2026,10:28:17,17_T02,39.121917084,10.189127937,0.2,1622.81,100.32,801.046,1.6,38.54,13.45,1621.70,4337455.04,1781549.33
00:27:25.122,18/01/2026,10:28:18,17_T02,39.121916745,10.189128937,0.2,1622.80,100.60,801.140,1.4,38.53,13.46,1621.75,4337455.13,1781549.29
00:27:26.117,18/01/2026,10:28:19,17_T02,39.121916363,10.189130640,0.2,1622.75,100.61,801.294,1.4,38.53,13.46,1621.75,4337455.28,1781549.25
00:27:27.126,18/01/2026,10:28:20,17_T02,39.121916118,10.189132420,0.2,1622.66,100.33,801.449,1.5,38.54,13.45,1621.65,4337455.43,1781549.22
00:27:28.123,18/01/2026,10:28:21,17_T02,39.121916165,10.189133507,0.2,1622.58,99.95,801.536,1.6,38.54,13.45,1621.65,4337455.53,1781549.23
00:27:29.118,18/01/2026,10:28:22,17_T02,39.121916152,10.189134897,0.2,1622.53,99.78,801.651,1.6,38.54,13.45,1621.48,4337455.65,1781549.22
00:27:30.116,18/01/2026,10:28:23,17_T02,39.121915953,10.189136300,0.2,1622.51,99.85,801.773,1.6,38.54,13.45,1621.48,4337455.77,1781549.20
00:27:31.124,18/01/2026,10:28:24,17_T02,39.121916671,10.189138178,0.2,1622.50,100.01,801.900,1.5,38.53,13.45,1621.45,4337455.94,1781549.28
00:27:32.126,18/01/2026,10:28:25,17_T02,39.121917345,10.189139764,0.2,1622.47,100.00,802.005,1.5,38.53,13.45,1621.45,4337456.07,1781549.36
00:27:33.122,18/01/2026,10:28:26,17_T02,39.121917245,10.189140836,0.2,1622.41,99.85,802.096,1.5,38.54,13.44,1621.37,4337456.17,1781549.35
00:27:34.117,18/01/2026,10:28:27,17_T02,39.121917125,10.189141999,0.2,1622.32,99.76,802.196,1.6,38.54,13.44,1621.37,4337456.27,1781549.33
00:27:35.115,18/01/2026,10:28:28,17_T02,39.121916962,10.189143219,0.2,1622.24,99.81,802.302,1.6,38.54,13.45,1621.18,4337456.37,1781549.32
00:27:36.127,18/01/2026,10:28:29,17_T02,39.121915651,10.189143851,0.2,1622.20,100.00,802.403,1.6,38.54,13.45,1621.18,4337456.43,1781549.17
00:27:37.126,18/01/2026,10:28:30,17_T02,39.121914383,10.189144527,0.2,1622.19,100.26,802.505,1.6,38.54,13.45,1621.18,4337456.49,1781549.03
00:27:38.125,18/01/2026,10:28:31,17_T02,39.121914123,10.189145786,0.2,1622.17,100.38,802.618,1.5,38.54,13.44,1621.12,4337456.60,1781549.00
00:27:39.121,18/01/2026,10:28:32,17_T02,39.121913989,10.189146934,0.2,1622.13,100.26,802.717,1.5,38.54,13.44,1621.12,4337456.70,1781548.99
00:27:40.117,18/01/2026,10:28:33,17_T02,39.121913916,10.189148127,0.2,1622.06,100.03,802.817,1.5,38.54,13.44,1621.08,4337456.80,1781548.98
00:27:41.119,18/01/2026,10:28:34,17_T02,39.121913256,10.189148048,0.2,1622.00,99.86,802.835,1.6,38.54,13.44,1621.08,4337456.79,1781548.91
00:27:42.116,18/01/2026,10:28:35,17_T02,39.121912601,10.189148296,0.2,1621.96,99.85,802.880,1.6,38.54,13.44,1620.94,4337456.82,1781548.84
00:27:43.116,18/01/2026,10:28:36,17_T02,39.121912347,10.189149645,0.2,1621.94,99.97,803.000,1.5,38.54,13.44,1620.94,4337456.93,1781548.81
00:27:44.119,18/01/2026,10:28:37,17_T02,39.121912121,10.189150967,0.2,1621.94,100.10,803.117,1.5,38.53,13.45,1620.88,4337457.05,1781548.78
00:27:45.117,18/01/2026,10:28:38,17_T02,39.121911929,10.189152144,0.2,1621.93,100.14,803.220,1.4,38.53,13.45,1620.88,4337457.15,1781548.76
00:27:46.116,18/01/2026,10:28:39,17_T02,39.121911773,10.189153210,0.2,1621.90,100.07,803.313,1.4,38.54,13.44,1620.86,4337457.24,1781548.75
00:27:47.117,18/01/2026,10:28:40,17_T02,39.121911841,10.189154523,0.2,1621.86,99.90,803.418,1.4,38.54,13.44,1620.86,4337457.36,1781548.75
00:27:48.127,18/01/2026,10:28:41,17_T02,39.121911887,10.189155970,0.2,1621.82,99.82,803.535,1.5,38.54,13.44,1620.78,4337457.48,1781548.76
00:27:49.123,18/01/2026,10:28:42,17_T02,39.121911693,10.189157275,0.2,1621.81,99.99,803.649,1.4,38.54,13.44,1620.78,4337457.60,1781548.74
00:27:50.126,18/01/2026,10:28:43,17_T02,39.121911352,10.189158605,0.2,1621.82,100.28,803.771,1.4,38.54,13.45,1620.73,4337457.71,1781548.70
00:27:51.121,18/01/2026,10:28:44,17_T02,39.121911081,10.189159764,0.2,1621.82,100.42,803.876,1.3,38.54,13.45,1620.73,4337457.81,1781548.67
00:27:52.119,18/01/2026,10:28:45,17_T02,39.121910051,10.189161050,0.2,1621.81,100.29,804.020,1.3,38.53,13.44,1620.76,4337457.93,1781548.56
00:27:53.117,18/01/2026,10:28:46,17_T02,39.121909182,10.189162257,0.2,1621.78,100.06,804.151,1.3,38.53,13.44,1620.76,4337458.03,1781548.46
00:27:54.113,18/01/2026,10:28:47,17_T02,39.121909073,10.189163448,0.2,1621.75,99.96,804.252,1.3,38.54,13.44,1620.70,4337458.14,1781548.45
00:27:55.128,18/01/2026,10:28:48,17_T02,39.121908824,10.189164796,0.2,1621.73,100.05,804.372,1.3,38.54,13.44,1620.70,4337458.25,1781548.42
00:27:56.126,18/01/2026,10:28:49,17_T02,39.121908523,10.189166087,0.2,1621.72,100.19,804.489,1.3,38.54,13.45,1620.65,4337458.37,1781548.39
00:27:57.126,18/01/2026,10:28:50,17_T02,39.121906979,10.189166813,0.2,1621.72,100.21,804.606,1.3,38.54,13.45,1620.65,4337458.43,1781548.22
00:27:58.123,18/01/2026,10:28:51,17_T02,39.121905614,10.189167553,0.2,1621.71,100.16,804.717,1.2,38.53,13.45,1620.65,4337458.49,1781548.07
00:27:59.118,18/01/2026,10:28:52,17_T02,39.121905464,10.189168696,0.2,1621.69,100.11,804.817,1.2,38.53,13.45,1620.65,4337458.59,1781548.05
00:28:00.116,18/01/2026,10:28:53,17_T02,39.121905284,10.189169893,0.2,1621.69,100.03,804.921,1.2,38.54,13.45,1620.62,4337458.70,1781548.03
00:28:01.126,18/01/2026,10:28:54,17_T02,39.121905110,10.189170998,0.2,1621.67,99.91,805.018,1.2,38.54,13.45,1620.62,4337458.79,1781548.01
00:28:02.127,18/01/2026,10:28:55,17_T02,39.121905170,10.189172636,0.2,1621.65,99.64,805.150,1.2,38.54,13.45,1620.59,4337458.94,1781548.02
00:28:03.128,18/01/2026,10:28:56,17_T02,39.121905287,10.189174233,0.2,1621.63,99.39,805.277,1.2,38.54,13.45,1620.59,4337459.07,1781548.03
00:28:04.123,18/01/2026,10:28:57,17_T02,39.121905324,10.189175464,0.2,1621.63,99.11,805.376,1.2,38.53,13.44,1620.56,4337459.18,1781548.04
00:28:05.120,18/01/2026,10:28:58,17_T02,39.121904955,10.189176550,0.2,1621.63,99.34,805.479,1.2,38.53,13.44,1620.56,4337459.28,1781548.00
00:28:06.119,18/01/2026,10:28:59,17_T02,39.121904744,10.189177609,0.2,1621.62,99.38,805.573,1.2,38.54,13.44,1620.56,4337459.37,1781547.98
00:28:07.115,18/01/2026,10:29:00,17_T02,39.121904907,10.189179884,0.2,1621.61,99.37,805.754,1.2,38.54,13.44,1620.56,4337459.57,1781547.99
00:28:08.128,18/01/2026,10:29:01,17_T02,39.121904948,10.189182130,0.2,1621.60,99.61,805.936,1.2,38.54,13.44,1620.53,4337459.76,1781548.00
00:28:09.125,18/01/2026,10:29:02,17_T02,39.121904531,10.189183329,0.2,1621.60,100.06,806.050,1.2,38.54,13.44,1620.53,4337459.87,1781547.95
00:28:10.125,18/01/2026,10:29:03,17_T02,39.121904070,10.189184487,0.2,1621.60,100.39,806.162,1.1,38.54,13.44,1620.52,4337459.97,1781547.90
00:28:11.121,18/01/2026,10:29:04,17_T02,39.121903846,10.189185670,0.2,1621.58,100.22,806.267,1.2,38.54,13.44,1620.52,4337460.07,1781547.88
00:28:12.127,18/01/2026,10:29:05,17_T02,39.121904210,10.189188742,0.2,1621.55,99.59,806.505,1.2,38.54,13.45,1620.50,4337460.34,1781547.92
00:28:13.117,18/01/2026,10:29:06,17_T02,39.121904512,10.189191668,0.2,1621.53,99.19,806.733,1.2,38.54,13.45,1620.50,4337460.59,1781547.95
00:28:14.116,18/01/2026,10:29:07,17_T02,39.121904288,10.189192894,0.2,1621.55,99.35,806.842,1.2,38.54,13.45,1620.47,4337460.70,1781547.93
00:28:15.124,18/01/2026,10:29:08,17_T02,39.121903723,10.189194071,0.2,1621.57,99.84,806.959,1.2,38.54,13.45,1620.47,4337460.80,1781547.87
00:28:16.117,18/01/2026,10:29:09,17_T02,39.121903348,10.189194989,0.2,1621.57,99.81,807.049,1.1,38.54,13.44,1620.52,4337460.88,1781547.82
00:28:17.117,18/01/2026,10:29:10,17_T02,39.121903373,10.189196070,0.2,1621.53,99.15,807.136,1.2,38.54,13.44,1620.52,4337460.98,1781547.83
00:28:18.126,18/01/2026,10:29:11,17_T02,39.121903348,10.189195877,0.2,1621.48,98.62,807.121,1.3,38.54,13.44,1620.43,4337460.96,1781547.83
00:28:19.120,18/01/2026,10:29:12,17_T02,39.121902731,10.189195795,0.2,1621.47,99.39,807.138,1.3,38.54,13.44,1620.43,4337460.95,1781547.76
00:28:20.116,18/01/2026,10:29:13,17_T02,39.121901397,10.189196979,0.2,1621.49,101.63,807.284,1.2,38.54,13.44,1620.39,4337461.05,1781547.61
00:28:21.116,18/01/2026,10:29:14,17_T02,39.121899927,10.189198021,0.2,1621.52,103.88,807.424,1.1,38.54,13.44,1620.39,4337461.15,1781547.45
00:28:22.122,18/01/2026,10:29:15,17_T02,39.121899024,10.189199002,0.2,1621.53,105.12,807.538,1.1,38.54,13.44,1620.45,4337461.23,1781547.35
00:28:23.116,18/01/2026,10:29:16,17_T02,39.121898803,10.189199241,0.2,1621.51,105.48,807.566,1.1,38.54,13.44,1620.45,4337461.25,1781547.32
00:28:24.127,18/01/2026,10:29:17,17_T02,39.121898616,10.189199491,0.2,1621.49,105.78,807.593,1.1,38.54,13.45,1620.42,4337461.27,1781547.30
00:28:25.125,18/01/2026,10:29:18,17_T02,39.121898143,10.189200629,0.2,1621.47,105.94,807.704,1.1,38.54,13.45,1620.42,4337461.37,1781547.25
00:28:26.119,18/01/2026,10:29:19,17_T02,39.121897946,10.189202136,0.2,1621.46,105.41,807.835,1.2,38.54,13.44,1620.40,4337461.50,1781547.23
00:28:27.113,18/01/2026,10:29:20,17_T02,39.121898205,10.189203724,0.2,1621.45,104.31,807.955,1.2,38.54,13.44,1620.40,4337461.64,1781547.26
00:28:28.125,18/01/2026,10:29:21,17_T02,39.121898973,10.189204793,0.2,1621.45,103.47,808.014,1.2,38.54,13.44,1620.35,4337461.74,1781547.34
00:28:29.119,18/01/2026,10:29:22,17_T02,39.121899366,10.189205817,0.2,1621.45,103.33,808.084,1.1,38.54,13.44,1620.35,4337461.82,1781547.39
00:28:30.118,18/01/2026,10:29:23,17_T02,39.121898950,10.189207049,0.2,1621.45,103.53,808.200,1.1,38.54,13.45,1620.39,4337461.93,1781547.34
00:28:31.114,18/01/2026,10:29:24,17_T02,39.121898960,10.189208351,0.2,1621.45,102.86,808.306,1.1,38.54,13.45,1620.39,4337462.04,1781547.34
00:28:32.127,18/01/2026,10:29:25,17_T02,39.121899343,10.189209860,0.2,1621.43,101.58,808.416,1.2,38.54,13.44,1620.37,4337462.18,1781547.39
00:28:33.120,18/01/2026,10:29:26,17_T02,39.121899799,10.189212716,0.2,1621.41,100.33,808.633,1.2,38.54,13.44,1620.37,4337462.42,1781547.44
00:28:34.117,18/01/2026,10:29:27,17_T02,39.121900398,10.189215536,0.2,1621.39,98.85,808.841,1.2,38.53,13.44,1620.33,4337462.67,1781547.50
00:28:35.117,18/01/2026,10:29:28,17_T02,39.121900876,10.189217053,0.2,1621.39,97.50,808.948,1.3,38.53,13.44,1620.33,4337462.80,1781547.56
00:28:36.126,18/01/2026,10:29:29,17_T02,39.121901684,10.189218806,0.3,1621.40,95.66,809.061,1.3,38.53,13.44,1620.33,4337462.95,1781547.65
00:28:37.124,18/01/2026,10:29:30,17_T02,39.121903066,10.189220366,0.3,1621.42,92.65,809.138,1.2,38.53,13.45,1620.30,4337463.09,1781547.80
00:28:38.116,18/01/2026,10:29:31,17_T02,39.121904862,10.189222086,0.3,1621.42,90.01,809.212,1.2,38.53,13.45,1620.30,4337463.24,1781548.00
00:28:39.117,18/01/2026,10:29:32,17_T02,39.121906677,10.189223794,0.3,1621.40,87.41,809.284,1.3,38.54,13.44,1620.34,4337463.39,1781548.20
00:28:40.126,18/01/2026,10:29:33,17_T02,39.121908228,10.189225118,0.3,1621.39,84.45,809.335,1.3,38.54,13.44,1620.34,4337463.50,1781548.37
00:28:41.123,18/01/2026,10:29:34,17_T02,39.121909382,10.189226443,0.3,1621.41,82.47,809.400,1.3,38.54,13.44,1620.31,4337463.62,1781548.50
00:28:42.116,18/01/2026,10:29:35,17_T02,39.121909983,10.189227771,0.3,1621.43,81.51,809.487,1.2,38.54,13.44,1620.31,4337463.73,1781548.56
00:28:43.126,18/01/2026,10:29:36,17_T02,39.121910358,10.189228915,0.3,1621.43,80.86,809.566,1.2,38.54,13.44,1620.36,4337463.83,1781548.61
00:28:44.124,18/01/2026,10:29:37,17_T02,39.121910523,10.189230031,0.2,1621.42,80.68,809.652,1.2,38.54,13.44,1620.36,4337463.93,1781548.62
00:28:45.118,18/01/2026,10:29:38,17_T02,39.121910581,10.189231293,0.2,1621.40,80.90,809.753,1.2,38.54,13.44,1620.34,4337464.04,1781548.63
00:28:46.126,18/01/2026,10:29:39,17_T02,39.121910598,10.189232720,0.2,1621.38,81.09,809.869,1.2,38.54,13.44,1620.34,4337464.16,1781548.63
00:28:47.119,18/01/2026,10:29:40,17_T02,39.121910749,10.189234040,0.2,1621.37,80.94,809.971,1.2,38.54,13.45,1620.31,4337464.28,1781548.65
00:28:48.128,18/01/2026,10:29:41,17_T02,39.121911037,10.189235637,0.2,1621.37,80.38,810.092,1.2,38.54,13.45,1620.31,4337464.42,1781548.68
00:28:49.119,18/01/2026,10:29:42,17_T02,39.121911858,10.189237001,0.2,1621.37,78.79,810.173,1.2,38.54,13.45,1620.29,4337464.53,1781548.77
00:28:50.127,18/01/2026,10:29:43,17_T02,39.121913089,10.189238105,0.2,1621.37,76.75,810.217,1.1,38.54,13.45,1620.29,4337464.63,1781548.91
00:28:51.119,18/01/2026,10:29:44,17_T02,39.121914177,10.189239155,0.2,1621.35,75.01,810.263,1.2,38.53,13.45,1620.29,4337464.72,1781549.03
00:28:52.124,18/01/2026,10:29:45,17_T02,39.121915098,10.189240316,0.2,1621.33,73.65,810.324,1.2,38.53,13.45,1620.29,4337464.82,1781549.13
00:28:53.115,18/01/2026,10:29:46,17_T02,39.121915147,10.189241323,0.2,1621.32,73.99,810.404,1.3,38.53,13.44,1620.25,4337464.91,1781549.14
00:28:54.115,18/01/2026,10:29:47,17_T02,39.121913892,10.189242702,0.2,1621.32,76.73,810.564,1.2,38.53,13.44,1620.25,4337465.03,1781549.00
00:28:55.125,18/01/2026,10:29:48,17_T02,39.121912072,10.189244353,0.2,1621.32,80.92,810.767,1.1,38.54,13.44,1620.23,4337465.17,1781548.80
00:28:56.118,18/01/2026,10:29:49,17_T02,39.121909710,10.189245877,0.2,1621.31,85.51,810.980,1.1,38.54,13.44,1620.23,4337465.31,1781548.54
00:28:57.127,18/01/2026,10:29:50,17_T02,39.121907657,10.189247073,0.2,1621.26,89.64,811.154,1.1,38.54,13.44,1620.24,4337465.41,1781548.31
00:28:58.117,18/01/2026,10:29:51,17_T02,39.121906151,10.189247052,0.2,1621.22,92.84,811.208,1.1,38.54,13.44,1620.24,4337465.41,1781548.15
00:28:59.114,18/01/2026,10:29:52,17_T02,39.121905258,10.189247204,0.2,1621.21,94.86,811.254,1.0,38.54,13.45,1620.13,4337465.42,1781548.05
00:29:00.124,18/01/2026,10:29:53,17_T02,39.121904867,10.189248722,0.2,1621.22,95.42,811.393,1.0,38.54,13.45,1620.13,4337465.56,1781548.00
00:29:01.117,18/01/2026,10:29:54,17_T02,39.121905102,10.189250186,0.2,1621.23,94.66,811.504,1.0,38.54,13.45,1620.14,4337465.68,1781548.03
00:29:02.127,18/01/2026,10:29:55,17_T02,39.121905839,10.189251484,0.2,1621.24,92.89,811.583,1.1,38.54,13.45,1620.14,4337465.80,1781548.11
00:29:03.123,18/01/2026,10:29:56,17_T02,39.121906833,10.189252807,0.2,1621.21,90.83,811.654,1.1,38.54,13.45,1620.14,4337465.91,1781548.22
00:29:04.119,18/01/2026,10:29:57,17_T02,39.121906245,10.189253530,0.2,1621.18,89.06,811.735,1.2,38.54,13.45,1620.14,4337465.97,1781548.16
00:29:05.115,18/01/2026,10:29:58,17_T02,39.121905623,10.189254456,0.2,1621.17,87.86,811.834,1.2,38.54,13.45,1620.09,4337466.05,1781548.09
00:29:06.114,18/01/2026,10:29:59,17_T02,39.121905861,10.189256075,0.2,1621.19,87.46,811.958,1.2,38.54,13.45,1620.09,4337466.20,1781548.12
00:29:07.120,18/01/2026,10:30:00,17_T02,39.121905820,10.189257623,0.3,1621.23,87.58,812.086,1.1,38.53,13.44,1620.11,4337466.33,1781548.11
00:29:08.116,18/01/2026,10:30:01,17_T02,39.121905611,10.189258975,0.3,1621.26,88.12,812.205,1.1,38.53,13.44,1620.11,4337466.45,1781548.09
00:29:09.114,18/01/2026,10:30:02,17_T02,39.121905922,10.189261799,0.3,1621.26,88.91,812.425,1.1,38.54,13.44,1620.17,4337466.69,1781548.12
00:29:10.114,18/01/2026,10:30:03,17_T02,39.121906035,10.189264452,0.3,1621.23,89.81,812.638,1.1,38.54,13.44,1620.17,4337466.92,1781548.14
00:29:11.125,18/01/2026,10:30:04,17_T02,39.121905684,10.189265884,0.3,1621.21,90.47,812.768,1.1,38.54,13.45,1620.14,4337467.05,1781548.10
00:29:12.123,18/01/2026,10:30:05,17_T02,39.121905622,10.189267531,0.3,1621.21,90.53,812.905,1.1,38.54,13.45,1620.14,4337467.19,1781548.09
00:29:13.119,18/01/2026,10:30:06,17_T02,39.121905796,10.189269158,0.3,1621.22,90.15,813.032,1.1,38.54,13.45,1620.12,4337467.33,1781548.11
00:29:14.114,18/01/2026,10:30:07,17_T02,39.121905614,10.189269361,0.3,1621.23,89.64,813.055,1.1,38.54,13.45,1620.12,4337467.35,1781548.09
00:29:15.125,18/01/2026,10:30:08,17_T02,39.121905558,10.189269751,0.2,1621.22,89.06,813.089,1.1,38.54,13.44,1620.16,4337467.39,1781548.08
00:29:16.121,18/01/2026,10:30:09,17_T02,39.121905774,10.189271173,0.2,1621.20,88.68,813.198,1.1,38.54,13.44,1620.16,4337467.51,1781548.11
00:29:17.120,18/01/2026,10:30:10,17_T02,39.121905301,10.189272705,0.2,1621.18,89.63,813.341,1.1,38.54,13.44,1620.12,4337467.64,1781548.06
00:29:18.127,18/01/2026,10:30:11,17_T02,39.121904137,10.189274062,0.2,1621.14,91.88,813.495,1.1,38.54,13.44,1620.12,4337467.76,1781547.93
00:29:19.124,18/01/2026,10:30:12,17_T02,39.121902440,10.189275313,0.2,1621.13,95.31,813.661,1.1,38.54,13.44,1620.05,4337467.87,1781547.74
00:29:20.119,18/01/2026,10:30:13,17_T02,39.121900271,10.189276446,0.2,1621.13,99.72,813.835,1.1,38.54,13.44,1620.05,4337467.97,1781547.50
00:29:21.115,18/01/2026,10:30:14,17_T02,39.121898293,10.189277348,0.3,1621.14,103.28,813.982,1.0,38.54,13.45,1620.04,4337468.05,1781547.29
00:29:22.124,18/01/2026,10:30:15,17_T02,39.121896418,10.189278144,0.3,1621.15,106.42,814.117,1.0,38.54,13.45,1620.04,4337468.12,1781547.08
00:29:23.121,18/01/2026,10:30:16,17_T02,39.121894596,10.189278840,0.3,1621.14,109.23,814.242,1.0,38.54,13.44,1620.06,4337468.18,1781546.88
00:29:24.119,18/01/2026,10:30:17,17_T02,39.121892202,10.189278991,0.3,1621.12,111.77,814.343,1.0,38.54,13.44,1620.06,4337468.19,1781546.61
00:29:25.118,18/01/2026,10:30:18,17_T02,39.121889455,10.189279122,0.3,1621.12,114.69,814.456,1.0,38.54,13.45,1620.02,4337468.20,1781546.31
00:29:26.128,18/01/2026,10:30:19,17_T02,39.121887567,10.189279620,0.3,1621.14,118.05,814.567,0.9,38.54,13.45,1620.02,4337468.25,1781546.10
00:29:27.118,18/01/2026,10:30:20,17_T02,39.121885443,10.189279810,0.3,1621.18,121.38,814.662,0.9,38.54,13.46,1620.09,4337468.27,1781545.87
00:29:28.123,18/01/2026,10:30:21,17_T02,39.121883745,10.189280067,0.3,1621.21,123.88,814.746,0.8,38.54,13.46,1620.09,4337468.29,1781545.68
00:29:29.128,18/01/2026,10:30:22,17_T02,39.121882663,10.189281675,0.3,1621.24,125.14,814.918,0.9,38.53,13.46,1620.17,4337468.43,1781545.56
00:29:30.125,18/01/2026,10:30:23,17_T02,39.121881984,10.189283577,0.3,1621.26,125.59,815.099,0.8,38.53,13.46,1620.17,4337468.59,1781545.49
00:29:31.117,18/01/2026,10:30:24,17_T02,39.121881336,10.189284910,0.3,1621.30,125.46,815.232,0.8,38.53,13.45,1620.22,4337468.71,1781545.42
00:29:32.119,18/01/2026,10:30:25,17_T02,39.121880797,10.189286669,0.3,1621.34,124.70,815.397,0.8,38.53,13.45,1620.22,4337468.86,1781545.36
00:29:33.118,18/01/2026,10:30:26,17_T02,39.121880342,10.189288380,0.3,1621.39,123.91,815.554,0.8,38.53,13.45,1620.22,4337469.01,1781545.31
00:29:34.126,18/01/2026,10:30:27,17_T02,39.121880452,10.189290281,0.3,1621.44,123.48,815.705,0.8,38.54,13.44,1620.30,4337469.18,1781545.32
00:29:35.118,18/01/2026,10:30:28,17_T02,39.121880274,10.189291935,0.3,1621.49,123.77,815.847,0.8,38.54,13.44,1620.30,4337469.32,1781545.30
00:29:36.127,18/01/2026,10:30:29,17_T02,39.121879259,10.189293136,0.3,1621.53,124.49,815.983,0.8,38.54,13.44,1620.40,4337469.43,1781545.19
00:29:37.117,18/01/2026,10:30:30,17_T02,39.121878126,10.189294080,0.3,1621.57,125.45,816.103,0.8,38.54,13.44,1620.40,4337469.51,1781545.06
00:29:38.125,18/01/2026,10:30:31,17_T02,39.121876832,10.189295163,0.3,1621.61,126.35,816.240,0.8,38.54,13.44,1620.49,4337469.60,1781544.92
00:29:39.124,18/01/2026,10:30:32,17_T02,39.121875952,10.189296599,0.3,1621.64,126.48,816.390,0.8,38.54,13.44,1620.49,4337469.73,1781544.82
00:29:40.118,18/01/2026,10:30:33,17_T02,39.121875111,10.189298475,0.3,1621.68,126.47,816.575,0.8,38.54,13.44,1620.55,4337469.89,1781544.73
00:29:41.116,18/01/2026,10:30:34,17_T02,39.121874471,10.189300016,0.3,1621.73,126.28,816.725,0.8,38.54,13.44,1620.55,4337470.03,1781544.66
00:29:42.127,18/01/2026,10:30:35,17_T02,39.121873587,10.189301805,0.3,1621.78,125.86,816.905,0.7,38.54,13.44,1620.65,4337470.18,1781544.56
00:29:43.127,18/01/2026,10:30:36,17_T02,39.121873005,10.189303315,0.3,1621.81,125.12,817.050,0.8,38.54,13.44,1620.65,4337470.31,1781544.50
00:29:44.128,18/01/2026,10:30:37,17_T02,39.121872637,10.189305219,0.3,1621.84,124.09,817.219,0.8,38.54,13.44,1620.73,4337470.48,1781544.46
00:29:45.123,18/01/2026,10:30:38,17_T02,39.121871863,10.189307318,0.3,1621.87,123.60,817.420,0.8,38.54,13.44,1620.73,4337470.66,1781544.38
00:29:46.120,18/01/2026,10:30:39,17_T02,39.121870689,10.189309078,0.3,1621.91,123.93,817.608,0.8,38.54,13.44,1620.79,4337470.82,1781544.25
00:29:47.115,18/01/2026,10:30:40,17_T02,39.121869560,10.189310223,0.3,1621.97,124.68,817.744,0.8,38.54,13.44,1620.79,4337470.92,1781544.12
00:29:48.125,18/01/2026,10:30:41,17_T02,39.121868485,10.189311335,0.3,1622.02,125.23,817.875,0.8,38.54,13.44,1620.90,4337471.01,1781544.00
00:29:49.122,18/01/2026,10:30:42,17_T02,39.121867690,10.189312602,0.3,1622.05,125.31,818.008,0.7,38.54,13.44,1620.90,4337471.12,1781543.92
00:29:50.118,18/01/2026,10:30:43,17_T02,39.121866235,10.189315053,0.3,1622.08,125.17,818.263,0.8,38.54,13.44,1620.96,4337471.34,1781543.76
00:29:51.124,18/01/2026,10:30:44,17_T02,39.121864712,10.189317546,0.3,1622.12,125.16,818.524,0.8,38.54,13.44,1620.96,4337471.55,1781543.59
00:29:52.121,18/01/2026,10:30:45,17_T02,39.121863782,10.189318921,0.3,1622.18,125.43,818.671,0.7,38.54,13.44,1621.04,4337471.67,1781543.49
00:29:53.123,18/01/2026,10:30:46,17_T02,39.121862822,10.189320345,0.3,1622.23,125.60,818.824,0.7,38.54,13.44,1621.04,4337471.80,1781543.38
00:29:54.117,18/01/2026,10:30:47,17_T02,39.121862091,10.189321723,0.3,1622.29,125.50,818.964,0.7,38.54,13.44,1621.15,4337471.92,1781543.30
00:29:55.124,18/01/2026,10:30:48,17_T02,39.121860945,10.189323543,0.3,1622.33,125.32,819.155,0.7,38.54,13.44,1621.15,4337472.08,1781543.17
00:29:56.121,18/01/2026,10:30:49,17_T02,39.121859728,10.189325494,0.3,1622.36,125.12,819.360,0.7,38.54,13.44,1621.27,4337472.25,1781543.04
00:29:57.118,18/01/2026,10:30:50,17_T02,39.121858994,10.189326960,0.3,1622.39,125.07,819.508,0.7,38.54,13.44,1621.27,4337472.37,1781542.96
00:29:58.112,18/01/2026,10:30:51,17_T02,39.121858053,10.189328375,0.3,1622.43,125.37,819.659,0.7,38.54,13.44,1621.33,4337472.50,1781542.86
00:29:59.124,18/01/2026,10:30:52,17_T02,39.121856983,10.189329778,0.3,1622.48,125.82,819.813,0.8,38.54,13.44,1621.33,4337472.62,1781542.74
